key,band,p0,tau0,budget,evd,evj,full_vd,full_vj,zi_vd,zi_vj,clam_vd,clam_vj
KXWCTEAMTOTAL-26JUN26SENIRQ-SEN3,14.0,0.155,14.0,0.130975,0.00015000000000000026,0.29702500000000004,0.0007936875092638318,0.20041914624553378,0.0006708531707015143,0.2046477457294482,0.0007872061532235527,0.18664744640217934
KXWCTEAMTOTAL-26JUN26SENIRQ-SEN3,7.0,0.365,7.0,0.231775,0.00012500000000000022,0.2763,0.00039749048440488916,0.24005775995738163,0.0003180411818498512,0.23873973129027162,0.00032136541910731265,0.23671006432452113
KXWCTEAMTOTAL-26JUN26SENIRQ-SEN3,3.0,0.47,3.0,0.2491,0.0,0.27130000000000004,0.00014297353984571705,0.2493885703451876,0.00013586213642446197,0.2528087126040499,0.00011536616172881459,0.24884947230615723
KXNCAAF1HSPREAD-26SEP05CLEMLSU-LSU7,3.0,0.51,3.0,0.2499,0.00010000000000000018,0.24019999999999997,0.00016118676109937302,0.24873563513309566,0.0001345670595533079,0.2544910704746425,0.00011498959768789118,0.24922156938031123
KXWCGAME-26JUN11MEXRSA-MEX,30.0,0.65,30.0,0.22749999999999998,0.0010999999999999998,0.08460000000000002,0.0016659469722286218,0.25168499569109065,0.001335967604884576,0.30384223391954374,0.0016018732954933424,0.2402706077567239
KXWCGAME-26JUN11MEXRSA-MEX,14.0,0.68,14.0,0.2176,0.00019999999999999814,0.08420000000000002,0.0007349324436378216,0.23258411563219997,0.0005992979415016514,0.24602698284683272,0.0007353586578113297,0.22369895630434017
KXWCGAME-26JUN11MEXRSA-MEX,7.0,0.7,7.0,0.21000000000000002,0.0,0.08420000000000002,0.00038627276499392975,0.21793682383515395,0.0002766220516559863,0.23281072551959298,0.0003050632030618461,0.21532424893540533
KXWCGAME-26JUN11MEXRSA-MEX,3.0,0.7,3.0,0.21000000000000002,0.0,0.08420000000000002,0.0001776238710668914,0.21413318921096505,0.00011811062037178345,0.21656371924611723,0.0001450393580497052,0.2142603820263974
KXFIRSTSUPERBOWLSONG-26FEB09-MEP,30.0,0.35,30.0,0.22749999999999998,0.0010500000000000002,0.11384999999999997,0.0016198415202281716,0.26367247478004185,0.0013569963410692088,0.288263416439252,0.0015474035001363262,0.2612862276248642
KXGOVSHUTLENGTH-26JAN01-53D,14.0,0.27,13.041666666666666,0.1971,0.0012249999999999974,0.07842500000000001,0.0007753575266154767,0.2208774010281869,0.0005965361793258031,0.23557979379405475,0.0007019653012165847,0.20690580901001276
KXGOVSHUTLENGTH-26JAN01-53D,7.0,0.25,6.999999999999999,0.1875,0.00039999999999999986,0.07550000000000001,0.00045732178078766646,0.20118618033320765,0.0003707009833515357,0.2111927425802473,0.0004047300314883287,0.19883855798599803
KXWCSPREAD-26JUL11NORENG-NOR2,7.0,0.1,5.0,0.09000000000000001,0.00020000000000000036,0.0082,0.00019785668400789492,0.126233623034531,0.00017421142938050656,0.13655585211352433,0.0002036564222980769,0.12729081671515477
KXWCSPREAD-26JUL11NORENG-NOR2,3.0,0.09,3.0,0.0819,0.00010000000000000018,0.0082,0.0001234437079715616,0.10485127877273552,0.000103890375849603,0.09808480149886474,0.000149915477481945,0.10104827629157283
KXSERIEAGAME-26FEB16CAGLEC-CAG,7.0,0.45499999999999996,7.0,0.247975,0.00022499999999999986,0.17729999999999996,0.00036099725691297955,0.2507039910454835,0.0003042271166959843,0.25459499006368086,0.0002878384147099736,0.25025006027480495
KXSERIEAGAME-26FEB16CAGLEC-CAG,3.0,0.45,3.0,0.24750000000000003,0.00020000000000000036,0.17649999999999996,0.00017099267008370138,0.24727998578651358,0.00013774637560190175,0.251905596928372,0.0001269084468236523,0.24532402704501302
KXNFLXINCREASE-26,30.0,0.85,29.95833333333333,0.1275,0.0014999999999999892,0.041999999999999975,0.001398105118502036,0.23369389061681886,0.0011382986128452477,0.2689751637286199,0.001565625328191241,0.22658671140162107
KXNFLXINCREASE-26,14.0,0.73,14.0,0.1971,0.0004999999999999964,0.019200000000000012,0.0007767908390606607,0.20536222603220014,0.0005605092550796192,0.2400807910478592,0.0007700777928724377,0.20295046333354683
KXNFLXINCREASE-26,7.0,0.87,7.0,0.1131,0.0,0.010499999999999995,0.00036581629856105883,0.1281648269264973,0.0002712458463301622,0.15776607142519505,0.0004906735302490636,0.11835116095049393
KXWT20MATCH-26JUL170930DURHAM-HAM,3.0,0.71,3.0,0.20590000000000003,0.0,0.35814999999999997,0.0001647234145651481,0.2029796690206947,0.00013054614979186554,0.20831057197827665,0.00011298071807411488,0.21423322909903347
KXEPLGAME-26MAR03EVEBUR-EVE,14.0,0.16,14.0,0.1344,0.00030000000000000057,0.35429999999999995,0.000796276242269394,0.19812527183290313,0.0007443075896432851,0.20246230282387231,0.0007792627598697895,0.17824013374743344
KXEPLGAME-26MAR03EVEBUR-EVE,7.0,0.58,7.0,0.2436,0.00020000000000000036,0.1374,0.0003840666604004381,0.2437902373839101,0.00030863955984170987,0.2529101953896205,0.0003036452266119019,0.24689743277580464
KXEPLGAME-26MAR03EVEBUR-EVE,3.0,0.6,3.0,0.24,0.00020000000000000036,0.13699999999999998,0.00017222516353856471,0.24239735054272302,0.00012865245294381206,0.2461962148471784,0.00012093889958246562,0.24049180920759028
KXWCGOAL-26JUL05MEXENG-ENGJBELLI5-1,3.0,0.19,3.0,0.1539,0.00020000000000000036,0.6401000000000001,0.00018944472655423375,0.1582973741860141,0.00015239243888772995,0.16294782846269762,0.00019225867231458638,0.1670931655830402
KXNCAAFGAME-25DEC20JMUORE-ORE,14.0,0.93,13.0,0.06509999999999996,0.0002999999999999961,0.004999999999999993,0.0005482824191772589,0.11223613094386552,0.00044087352007353685,0.1437652871544232,0.0008752000036250959,0.10291741346458974
KXNCAAFGAME-25DEC20JMUORE-ORE,7.0,0.94,7.0,0.05640000000000005,0.00019999999999999814,0.004999999999999993,0.0002598284294355439,0.08226348934563042,0.00022969516239622074,0.09960834205628184,0.00048443032142241266,0.09893037506852596
KXNCAAFGAME-25DEC20JMUORE-ORE,3.0,0.94,3.0,0.05640000000000005,0.00019999999999999814,0.004999999999999993,0.00012984106911661806,0.07022292029262873,8.678568905489602e-05,0.075576936989947,0.00021880689697411298,0.06682994738956634
KXWCCORNERS-26JUN21BELIRI-10,3.0,0.495,3.0,0.249975,2.5000000000000045e-05,0.23049999999999998,0.0001560375994099408,0.2505564124862897,0.00013483483310581263,0.2537817486510027,9.687307347465234e-05,0.2503359362078843
KXBUNDESLIGAGAME-26APR11RBLBMG-RBL,7.0,0.66,7.0,0.2244,0.00020000000000000036,0.10499999999999997,0.00037115526678110846,0.22973886520200953,0.00027768189788251964,0.2336403859607607,0.00029536949830324656,0.22829807832029603
KXBUNDESLIGAGAME-26APR11RBLBMG-RBL,3.0,0.65,3.0,0.22749999999999998,0.00020000000000000036,0.10249999999999997,0.00014941543804822738,0.23177407758329763,0.00013103854302867247,0.22686013210522493,0.00011456678344725645,0.22906766736128842
KXNFLMOSTRSHYDS-26FEB08SEANE-NETHENDERSON32,14.0,0.07,11.0,0.0651,0.0004000000000000002,0.010900000000000002,0.00044432471139282037,0.14833709364282238,0.00039813803568650516,0.14129237582495868,0.0004178810382575611,0.14789951718228705
KXNFLMOSTRSHYDS-26FEB08SEANE-NETHENDERSON32,7.0,0.05,7.0,0.0475,0.0002000000000000001,0.010900000000000002,0.00026476714739362883,0.14006446622078417,0.00022041908663019306,0.1374582053813424,0.00021996019299051108,0.11476932670692822
KXNFLMOSTRSHYDS-26FEB08SEANE-NETHENDERSON32,3.0,0.06,3.0,0.05639999999999999,0.00010000000000000018,0.010900000000000002,9.631471205468083e-05,0.08654283622969318,0.0001024552922665059,0.10114938368901231,0.0001307669666597898,0.1124201877358579
KXDPWORLDTOUR-INSAOC26-CJAR,3.0,0.05,3.0,0.0475,0.0,0.5079,9.772967701614739e-05,0.07171949634755997,8.449060718390168e-05,0.0862025399765089,0.00015473137815090606,0.08746744037852715
KXBUNDESLIGAGAME-26MAY03SCFWOB-SCF,7.0,0.41,7.0,0.24190000000000003,9.999999999999907e-05,0.1382,0.0003614112470555937,0.2472145655344096,0.00031274586484280784,0.25379181749003743,0.00033414527018905694,0.2437765756880395
KXBUNDESLIGAGAME-26MAY03SCFWOB-SCF,3.0,0.38,3.0,0.2356,0.0,0.13699999999999998,0.00015317375948007745,0.23667779966036062,0.0001394851214139023,0.2484283675921359,0.00011956955528657328,0.2335099638340273
TIME-24-DT,30.0,0.82,30.0,0.14760000000000004,0.0010000000000000018,0.10359999999999998,0.0015573167009669975,0.22798663388126264,0.0012520037878004247,0.2578300416492671,0.001700713573523277,0.2233207748794829
TIME-24-DT,14.0,0.75,13.999999999999996,0.1875,0.0004000000000000007,0.06589999999999999,0.0007870287261742398,0.21112441251764288,0.0006059086568132781,0.23052544093579075,0.0007276208031600311,0.19551334577783575
TIME-24-DT,7.0,0.8,7.0,0.15999999999999998,0.00030000000000000057,0.03729999999999998,0.0003674677612381924,0.17323362116075866,0.0002865095490707521,0.19122636418404362,0.00041311301934665633,0.16249419149843128
TIME-24-DT,3.0,0.79,3.0,0.1659,0.00020000000000000036,0.03649999999999998,0.0001709589525335345,0.17052674565877568,0.00013079631306530876,0.1926147018508688,0.00015033216675980888,0.17347915511575185
KXNBASUMMERGAME-26JUL09GSWDAL-GSW,7.0,0.49,5.0,0.2499,0.0,0.29769999999999996,0.0002498954945029819,0.2527525054101013,0.00019326282311100392,0.26066533594051144,0.00016546771349350512,0.2510198781350164
KXNBASUMMERGAME-26JUL09GSWDAL-GSW,3.0,0.51,3.0,0.2499,0.0,0.29429999999999995,0.0001632698734170753,0.24797924416782355,0.00011960983470136292,0.2531622283153165,9.978049298192949e-05,0.250885167820172
KXLIGUE1GAME-26APR25ANGPSG-PSG,7.0,0.78,7.0,0.17159999999999997,0.00030000000000000057,0.04049999999999998,0.00039612958167663356,0.19103116026436226,0.00030069627755880416,0.19113239614599054,0.00039660571822680265,0.18269153716845168
KXLIGUE1GAME-26APR25ANGPSG-PSG,3.0,0.78,3.0,0.17159999999999997,0.00010000000000000018,0.04009999999999998,0.00017131681508473045,0.17630537301259167,0.0001373463768146992,0.18151008250720416,0.00014356059707952887,0.17553842106084822
KXNCAAMBTOTAL-26MAR20LIUARIZ-148,7.0,0.62,5.0,0.2356,0.00010000000000000018,0.20749999999999993,0.0002851671283453872,0.23630203561314433,0.0002095261394897643,0.24248797058214774,0.00021738714361729548,0.2371945566718399
KXNCAAMBTOTAL-26MAR20LIUARIZ-148,3.0,0.55,3.0,0.2475,0.0,0.20389999999999994,0.0001678221822595356,0.2512541758940953,0.0001508393212807548,0.25523160938462597,0.00010359645557937131,0.2491869297099843
KXCABJAN20,30.0,0.74,30.0,0.19240000000000002,0.002099999999999984,0.04809999999999999,0.001614923014630312,0.2221071430540173,0.001215236963513428,0.2791005941910487,0.0017598433769414434,0.21563604078509047
KXCABJAN20,14.0,0.91,14.0,0.08189999999999997,0.0008999999999999927,0.03659999999999998,0.0006079847480729521,0.12623057173193855,0.000478829761336137,0.17735341018475148,0.0008733527216940551,0.13890687705243668
KXCABJAN20,7.0,0.92,7.0,0.07359999999999997,0.0004999999999999964,0.0301,0.00032781643244531657,0.09275989879644579,0.0002445051806327769,0.11684947227716475,0.000531039913105594,0.09584332332794007
KXCABJAN20,3.0,0.95,3.0,0.04750000000000004,0.0,0.029699999999999997,8.998888173729144e-05,0.0951551077405178,7.73413826053886e-05,0.1207516950757241,9.435282024237431e-05,0.11767902122874352
KXT20MATCH-26JUN212030NEWTEX-TEX,7.0,0.455,7.0,0.24797499999999997,0.0004500000000000008,0.776025,0.0003718039146118877,0.24904525076393966,0.00032592831441936214,0.24712316041134083,0.0002916088487644912,0.24675945120441725
KXT20MATCH-26JUN212030NEWTEX-TEX,3.0,0.77,3.0,0.17709999999999998,0.0,0.6939,0.00017107440404458992,0.17759587112268668,0.0001308331781300617,0.184272980203882,0.0001438567522971812,0.17751370442613884
KXMVECROSSCATEGORY-S20268C7DC5F1479-A02E5A3A579,7.0,0.5,7.0,0.25,6.400000000000012e-05,0.2899360000000001,0.00037480809489441754,0.24975948603434595,0.00032151015009759744,0.25421845148571365,0.00029283111928999917,0.2519106061261311
KXMVECROSSCATEGORY-S20268C7DC5F1479-A02E5A3A579,3.0,0.5,3.0,0.25,6.400000000000012e-05,0.11470400000000003,0.00014643495845296513,0.24784972030728966,0.00013181837471770054,0.2559288183732909,0.00012541215843219302,0.25051633700458253
KXWC1HTOTAL-26JUN24BIHQAT-3,30.0,0.495,20.0,0.249975,0.0005249999999999998,1.0625,0.001104241111190985,0.25328724529894453,0.000858802014227775,0.28551715163696273,0.000929743346496534,0.24719803131498147
KXWC1HTOTAL-26JUN24BIHQAT-3,14.0,0.47500000000000003,14.0,0.24937499999999999,0.0005249999999999996,0.7735,0.0007260465080775776,0.253411125180852,0.0006128580686654005,0.27675922305298906,0.0006539508925741191,0.2522111244058275
KXWC1HTOTAL-26JUN24BIHQAT-3,7.0,0.1,7.0,0.09000000000000001,0.0003749999999999996,0.690225,0.00029169606292462073,0.147618247913529,0.0002584179540634495,0.17930869368060562,0.00028871490707169887,0.13364581351206925
KXWC1HTOTAL-26JUN24BIHQAT-3,3.0,0.14500000000000002,3.0,0.12397500000000002,0.00022499999999999956,0.689,0.00019995932820461235,0.13537522050604472,0.00017861082562961323,0.13683561241181472,0.00020294346059701848,0.12635174474142516
KXMVESPORTSMULTIGAMEEXTENDED-S202696CA14F25F8-090DC852BF0,14.0,0.5,10.0,0.25,8.000000000000015e-06,0.54292,0.0005458046180335886,0.2623689831611214,0.0004596042610588273,0.28290411258066994,0.0004113898497252979,0.25099940312933655
KXMVESPORTSMULTIGAMEEXTENDED-S202696CA14F25F8-090DC852BF0,7.0,0.077,5.0,0.07107100000000001,8.000000000000015e-06,0.36399099999999995,0.0001850291805082536,0.12639289457661243,0.00014388464882164907,0.1208344921578199,0.00019727163746320072,0.11951449510332601
KXMVESPORTSMULTIGAMEEXTENDED-S202696CA14F25F8-090DC852BF0,3.0,0.075,3.0,0.069375,8.000000000000015e-06,0.004437000000000001,0.00011064726292628534,0.09763658026231889,9.669191451749628e-05,0.08868344834922672,0.00014945151428582938,0.08927795504838024
KXNCAAFSPREAD-25DEC20JMUORE-ORE27,14.0,0.5,13.0,0.25,0.00020000000000000036,0.2854,0.0007231532279988679,0.25494969446243393,0.0005890524391605597,0.26935625735168445,0.000584607617273412,0.24748280391778607
KXNCAAFSPREAD-25DEC20JMUORE-ORE27,7.0,0.38,7.0,0.2356,0.00010000000000000018,0.14889999999999998,0.00037628555243336345,0.23761243300201104,0.0003246994546519255,0.23689468709760736,0.0002951103363457796,0.23735583133211624
KXNCAAFSPREAD-25DEC20JMUORE-ORE27,3.0,0.31,3.0,0.21389999999999998,0.0,0.1455,0.0001744407066259874,0.2138320254358285,0.0001275925938252715,0.21967605159207299,0.00011640494864357955,0.2165026039868546
KXSERIEAGAME-26JAN10COMBFC-BFC,7.0,0.265,6.0,0.194775,0.0003500000000000006,0.049725,0.00035414937780622906,0.20526822519016139,0.00032598137091458565,0.2076113640879627,0.0003342081517630682,0.20553319346682475
KXSERIEAGAME-26JAN10COMBFC-BFC,3.0,0.22,3.0,0.1716,0.00010000000000000018,0.0485,0.00020259775356773463,0.17602871952565607,0.00018542129992046025,0.1885173889951038,0.00019570438320133372,0.18275377122224282
KXLOLGAME-26AUG210100T1ANSEA-T1A,3.0,0.56,3.0,0.24639999999999998,0.0,0.4178,0.000157475939213075,0.24601227354625002,0.00013548893126499726,0.2544917122073213,8.195981833170031e-05,0.24802092755265115
KXBTCD-26MAR2017-T70749.99,7.0,0.56,7.0,0.24639999999999998,0.0,0.3892,0.0003485016174605805,0.2543680488963642,0.0003040122100922912,0.255717099585437,0.0003041987153269393,0.24774235304426376
KXBTCD-26MAR2017-T70749.99,3.0,0.88,3.0,0.1056,0.0,0.3402,0.0001415740917016246,0.10793586666247534,0.0001243172129772615,0.12599757518022958,0.0001853517394704301,0.11274478931544037
KXNFLSPREAD-25DEC14MINDAL-MIN7,14.0,0.5,12.0,0.25,0.00015,0.9616499999999999,0.0006787111838627907,0.25777969499541564,0.0005282957187365108,0.2591844540930658,0.0005208439252331687,0.2536341360357559
KXNFLSPREAD-25DEC14MINDAL-MIN7,7.0,0.43,7.0,0.2451,0.00015,0.8834,0.0003676777891480124,0.24715869550044303,0.0003047666819134326,0.2516326109236578,0.00030657304904320974,0.24448545799779653
KXNFLSPREAD-25DEC14MINDAL-MIN7,3.0,0.1,3.0,0.09000000000000001,9.99999999999999e-05,0.7745,0.00013246641330231121,0.10373344816138957,0.00010740394353300488,0.10429493282104722,0.00014777256811348245,0.10921547563047711
KXWC1H-26JUN24SCOBRA-TIE,30.0,0.385,20.0,0.236775,0.0009000000000000016,0.13072499999999998,0.0011165524996640632,0.24591637887288934,0.0008905271565437489,0.2837924939574723,0.0010340938115653642,0.24595306119540067
KXWC1H-26JUN24SCOBRA-TIE,14.0,0.385,14.0,0.236775,0.0006500000000000012,0.130325,0.0007204417193942947,0.2521758657459848,0.0006091158538722064,0.2668192932965503,0.0006728539758243387,0.23967827572589798
KXWC1H-26JUN24SCOBRA-TIE,7.0,0.385,7.0,0.236775,0.0004750000000000008,0.12969999999999998,0.00040256806380675427,0.24079604563595228,0.00030369892006262,0.2507283018944529,0.0002929857717231579,0.240346549041583
KXWC1H-26JUN24SCOBRA-TIE,3.0,0.38,3.0,0.2356,0.00010000000000000018,0.12969999999999998,0.00015371219119498776,0.23569382680934112,0.00013813669878007134,0.2391771029929197,0.00010233005525555517,0.2379725763983188
KXLALIGAGAME-26APR26OSASEV-SEV,7.0,0.28,7.0,0.2016,0.00019999999999999925,0.05639999999999999,0.00037224572962800704,0.22735674916643497,0.00034018704784677975,0.2234610861062557,0.000367319405088274,0.2079466840817259
KXLALIGAGAME-26APR26OSASEV-SEV,3.0,0.28,3.0,0.2016,0.00010000000000000018,0.053899999999999997,0.00015076211816292845,0.20108492195683028,0.00011470326563848055,0.20439663855785908,0.00011954246750528104,0.20082391504139202
KXNFLSPREAD-25NOV09NYGCHI-CHI3,14.0,0.5,9.041666666666666,0.25,0.00030000000000000057,0.21229999999999993,0.0005681550080442976,0.2517435965980445,0.0004680986617318897,0.26146021530573316,0.00043877786694550844,0.2543003959263475
KXNFLSPREAD-25NOV09NYGCHI-CHI3,7.0,0.63,7.041666666666666,0.2331,0.00030000000000000057,0.19539999999999993,0.00046622738227478045,0.23869199330210567,0.00035712571301029574,0.25471868692121086,0.0003538135950262887,0.2379403943894395
KXNFLSPREAD-25NOV09NYGCHI-CHI3,3.0,0.54,2.999999999999999,0.2484,0.00020000000000000036,0.18499999999999994,0.00017654881595807547,0.24907719361043815,0.00013542257103059925,0.2496097594143955,0.00012040424635401554,0.24693656216696064
KXNFLGAME-25OCT05DETCIN-CIN,14.0,0.24,9.0,0.1824,0.002099999999999998,0.0257,0.0005147912398048131,0.20149916454303388,0.0004776103738829866,0.1894073847360297,0.00046639936426161267,0.20229795231591546
KXNFLGAME-25OCT05DETCIN-CIN,7.0,0.2,7.0,0.16000000000000003,0.0012999999999999989,0.0257,0.0005123554992719848,0.1757564236602056,0.0004314260860728198,0.1773737468428128,0.00047466611146753957,0.1742526626949495
KXNFLGAME-25OCT05DETCIN-CIN,3.0,0.19,3.0,0.1539,0.0003999999999999996,0.0257,0.00020333346965177148,0.16031915453778886,0.00020282156540414085,0.15956166699394997,0.0001851415243240346,0.1696270155493772
KXMLSGAME-26JUL22PORDAL-POR,7.0,0.41,7.0,0.24190000000000003,0.00019999999999999814,0.08989999999999998,0.0003999122266374886,0.24543545331043604,0.0003179171725113504,0.2558225333560297,0.00029812727205139386,0.24043304633400311
KXMLSGAME-26JUL22PORDAL-POR,3.0,0.41,3.0,0.24190000000000003,0.0,0.08989999999999998,0.00016861261391350933,0.24471461030701788,0.00013382950321573907,0.24187054697719154,0.0001346136765104866,0.24132313785039422
KXNFLTOTAL-25OCT19LAJAC-47,7.0,0.5,6.0,0.25,0.0005999999999999978,0.158,0.000320170377698757,0.2556450419507967,0.0002615454809913612,0.261006001049903,0.0002534516545853094,0.25002414654684785
KXNFLTOTAL-25OCT19LAJAC-47,3.0,0.41,3.0,0.24190000000000003,0.0004999999999999987,0.1522,0.0001605277949906684,0.24328305582617862,0.0001402089694904338,0.24518863481194958,0.00011156514846169002,0.24273817650653695
KXMENWORLDCUP-26-AR,30.0,0.107,30.0,0.095551,0.0012960000000000014,0.23312499999999997,0.0013136242215169474,0.22770661116398117,0.0011869792134147769,0.21601422034622422,0.0013189537896376793,0.21111758493125432
KXMENWORLDCUP-26-AR,14.0,0.181,14.0,0.14823899999999998,0.00021300000000000038,0.22832399999999997,0.0008329880322140535,0.21615403561024615,0.0007161579120361064,0.21558975653577686,0.0008237668270870869,0.18603217680402426
KXMENWORLDCUP-26-AR,7.0,0.181,7.0,0.14823899999999998,0.00013000000000000023,0.22691499999999998,0.0004821079486319283,0.16120215538917243,0.00044523597382563714,0.18218780355521658,0.00048579188772385977,0.1617117036461461
KXMENWORLDCUP-26-AR,3.0,0.419,3.0,0.24343899999999996,1.700000000000003e-05,0.172226,0.00016686408584798507,0.24416306464852508,0.00013119842949921832,0.25135540209287205,9.138509655374932e-05,0.2436350295990317
KXSERIEAGAME-26AUG23VENLEC-VEN,14.0,0.43,14.0,0.2451,0.001299999999999998,0.2039,0.0007267895817092007,0.2528935144186499,0.0006439590022367417,0.2797413564499318,0.000613072182110098,0.24935955252223238
KXSERIEAGAME-26AUG23VENLEC-VEN,7.0,0.405,7.0,0.240975,0.0006249999999999989,0.2039,0.00037179270773851555,0.24262256656667064,0.00031903694047761226,0.2513381589412767,0.00030475084331867944,0.24194262338474432
KXSERIEAGAME-26AUG23VENLEC-VEN,3.0,0.44,3.0,0.24640000000000004,0.00010000000000000018,0.20350000000000001,0.00017269874998511814,0.246368078612773,0.00011071102622993156,0.25152276150178055,0.0001147141684212184,0.24679093102648333
KXPGATOUR-SOOIH26-MMCN,7.0,0.05,7.0,0.0475,9.999999999999996e-05,0.011799999999999998,0.00023532722753224125,0.09849575678623264,0.00023835583447520846,0.14282262885175398,0.0002561847506046806,0.14156065850612537
KXUCLGAME-26FEB17BENRMA-BEN,30.0,0.3,18.0,0.21,0.000899999999999996,0.20929999999999996,0.0009787074651527888,0.22933401287219377,0.0007954091771453653,0.2579560660382091,0.00093683688536348,0.22916452036229523
KXUCLGAME-26FEB17BENRMA-BEN,14.0,0.29,14.0,0.20589999999999997,0.0007999999999999958,0.0635,0.0007449259062022772,0.23148858041591794,0.0006308516973542826,0.23680671181288396,0.0007098358053985909,0.21478388765804102
KXUCLGAME-26FEB17BENRMA-BEN,7.0,0.27,7.0,0.1971,0.00020000000000000036,0.0635,0.00037322007893219006,0.21345232249109652,0.00035867338272712907,0.21746517548124164,0.00036750398589343214,0.19747185965123976
KXUCLGAME-26FEB17BENRMA-BEN,3.0,0.25,3.0,0.1875,0.00010000000000000018,0.0626,0.0001514041700511059,0.1892093804416325,0.00014035281588440675,0.1978784759015676,0.00015032395900951942,0.1865354058121026
KXNHLTOTAL-26MAY24COLVGK-5,14.0,0.635,9.0,0.231775,0.0004500000000000008,0.19027499999999994,0.00046673220990696624,0.23890873118512806,0.0004003758585425634,0.2530007251699823,0.0004278404786296808,0.23369471896678917
KXNHLTOTAL-26MAY24COLVGK-5,7.0,0.595,7.0,0.240975,0.0002250000000000004,0.18964999999999993,0.0003666523591289751,0.2445521535750337,0.0002941743919705755,0.2604345887843877,0.00030524811076509966,0.24389096529644846
KXNHLTOTAL-26MAY24COLVGK-5,3.0,0.635,3.0,0.231775,0.0,0.18812499999999993,0.00017202889466182722,0.23595033862321654,0.00013041489265330357,0.22718659499244523,0.0001164643075924231,0.23359568279330226
KXNCAAFGAME-25OCT15UTEPSHSU-SHSU,7.0,0.665,5.0,0.222775,0.00020000000000000036,0.20692499999999997,0.00028069554644555907,0.2268280737648317,0.00022877809406567518,0.2352499385899846,0.00022006232185788942,0.2238682534407017
KXNCAAFGAME-25OCT15UTEPSHSU-SHSU,3.0,0.43,3.0,0.2451,0.00020000000000000036,0.17649999999999996,0.00016832583801415447,0.2457979781815757,0.00012392378986950746,0.24525373823937774,0.0001313342316536688,0.24502959292610987
KXPGATOUR-PGC26-SSCH,30.0,0.17,30.0,0.1411,0.0022,0.068026,0.001561968172155034,0.234126033990769,0.0015119471144105989,0.23791596747118246,0.001523429557477306,0.2307646219483836
KXPGATOUR-PGC26-SSCH,14.0,0.18,14.0,0.1476,0.0007000000000000001,0.068026,0.0008207929361627423,0.1843228162817646,0.0006758036974132542,0.2081409693687649,0.000792885981259451,0.19307123327887887
KXPGATOUR-PGC26-SSCH,7.0,0.17,7.0,0.1411,0.0,0.068026,0.0004388153872288639,0.1658944992139473,0.00041260592157161044,0.17466691351677088,0.0004785189608565381,0.16563882840337946
KXPGATOUR-PGC26-SSCH,3.0,0.33,3.0,0.2211,0.0,0.04242600000000001,0.00017571079907572563,0.22501111836386145,0.0001328475865506802,0.24332444624995125,0.00012234800379512848,0.22360344536655924
KXWTAMATCH-26AUG30GRACIR-GRA,3.0,0.1,3.0,0.09000000000000001,9.99999999999999e-05,0.010100000000000001,0.0001228558566300077,0.11109284876279027,0.00010126598830900037,0.10925391668383763,0.00013925300280377218,0.10012437206767986
KXWCGAME-26JUL07ARGEGY-EGY,3.0,0.1,3.0,0.09000000000000001,0.00010000000000000018,0.006500000000000001,0.00011593630611206713,0.11389203496105554,0.00010898014306878709,0.10658683131753435,0.00016075464769269403,0.09911115688092739
KXWCCORNERS-26JUN18CANQAT-12,3.0,0.29000000000000004,3.0,0.20590000000000003,2.5000000000000045e-05,0.534225,0.00012392188832733412,0.2126747897409949,0.00010745545256550892,0.20764033252580302,0.00012076121525983519,0.20859770088629112
KXLIGAMXGAME-26APR22TIJPAC-PAC,3.0,0.41,3.0,0.24190000000000003,0.0,0.1379,0.00017725699490253502,0.2417092047306114,0.00014018123772382464,0.2513558790511993,0.00012387665337757096,0.24330629809948504
KXUFCMOV-26JUN14PERGAN-GANKOTKODQ,7.0,0.27,7.0,0.1971,0.00020000000000000036,0.5813,0.00038900619421638154,0.20192782506331589,0.00034777342753715217,0.23182566127878673,0.000392116877170591,0.20816305017058462
KXUFCMOV-26JUN14PERGAN-GANKOTKODQ,3.0,0.21,3.0,0.1659,0.00020000000000000036,0.5777,0.00019519476267829464,0.17346697458300564,0.0001793087777885548,0.17584948074407677,0.0001971046742020148,0.17311715564950758
KXNCAAFTOTAL-26JAN02NAVYCIN-50,14.0,0.5,11.0,0.25,0.00010000000000000018,0.34714999999999996,0.0006028147763964365,0.25398296813639054,0.0004584533631393983,0.26342138691457284,0.0005036728041504516,0.25392820490486534
KXNCAAFTOTAL-26JAN02NAVYCIN-50,7.0,0.595,7.0,0.240975,0.00010000000000000018,0.33812499999999995,0.0003674889062424953,0.24465271117715562,0.0002902884896483055,0.2548278929859033,0.00030832257684378523,0.24445619648966266
KXNCAAFTOTAL-26JAN02NAVYCIN-50,3.0,0.5800000000000001,3.0,0.24359999999999998,0.00010000000000000018,0.33649999999999997,0.000160633004922144,0.24357279319910474,0.0001338379666840096,0.2468434544783805,0.00011094130111705285,0.24368472395406346
KXWC1H-26JUN25TURUSA-TUR,30.0,0.245,21.0,0.184975,0.0008250000000000014,0.6132500000000001,0.0011597959566253826,0.25001664025610815,0.0010371494502366635,0.2621396810832383,0.0011323511582607782,0.22400276341277625
KXWC1H-26JUN25TURUSA-TUR,14.0,0.28,14.0,0.2016,0.0005000000000000009,0.61285,0.0007881003735288396,0.2277640621455007,0.0006309031928626938,0.22958935714595985,0.0007880907172477,0.2311002921390868
KXWC1H-26JUN25TURUSA-TUR,7.0,0.26,7.0,0.19240000000000002,0.00020000000000000036,0.6112000000000001,0.0004400903650941373,0.2002339293362872,0.0003596486734966073,0.22335870927768853,0.00040596233507871423,0.20585811823551192
KXWC1H-26JUN25TURUSA-TUR,3.0,0.22,3.0,0.1716,0.00010000000000000018,0.6085,0.00021069237076633108,0.17235234613480396,0.00017925424146982696,0.18980896116848928,0.0002359151949151117,0.1754057250984605
KXNHLTOTAL-26MAY20VGKCOL-6,7.0,0.48,5.0,0.2496,0.0006999999999999979,0.21169999999999994,0.0002689896047103498,0.2504827029834143,0.00018593058463753001,0.2551893997277935,0.00020427635884221192,0.2514754057609657
KXNHLTOTAL-26MAY20VGKCOL-6,3.0,0.47,3.0,0.2491,0.00020000000000000036,0.21169999999999994,0.00016060198252330012,0.24860880416258804,0.00015245005256594874,0.25342162502816024,9.260082318021003e-05,0.25063465617339153
KXUCLGAME-26APR07SPOARS-TIE,14.0,0.23,14.0,0.1771,0.0010000000000000007,0.0577,0.0008451999807478221,0.2018900173085555,0.0007441080800964809,0.24594030465152086,0.0008521639620165066,0.20827844309257804
KXUCLGAME-26APR07SPOARS-TIE,7.0,0.26,7.0,0.19240000000000002,0.00030000000000000057,0.0577,0.00041339517936782484,0.20142312267286924,0.00034952107002459847,0.2181148925918859,0.0003912983246447364,0.20319619152106896
KXUCLGAME-26APR07SPOARS-TIE,3.0,0.25,3.0,0.1875,0.0,0.0577,0.00018327948271919207,0.19420025199844645,0.00016284178517169317,0.19323145804088782,0.00015248804539521338,0.1966590443237917
KXMLBGAME-26APR212145LADSF-SF,3.0,0.35,3.0,0.22749999999999998,0.0,0.31770000000000004,0.00015381228586293093,0.2346760945307266,0.0001241309012436932,0.23589086744109525,0.00014054597277372467,0.23055198082179942
KXNCAAFSPREAD-26SEP03COLOGT-GT8,14.0,0.345,14.0,0.22597499999999998,0.0003250000000000006,0.22154999999999997,0.0007964149887271074,0.24483780634222194,0.0005931412524797698,0.25049856360550493,0.0006892880696848023,0.23965517366831257
KXNCAAFSPREAD-26SEP03COLOGT-GT8,7.0,0.32,7.0,0.2176,0.00010000000000000018,0.19129999999999997,0.000369994537269644,0.22070156358578608,0.0003193375837203686,0.23502592056457627,0.00033306406328583143,0.22292711845818494
KXNCAAFSPREAD-26SEP03COLOGT-GT8,3.0,0.42,3.0,0.2436,0.00010000000000000018,0.17649999999999996,0.00015731232563564613,0.24579998563109862,0.00013523179400594257,0.2540894062118549,0.0001092357301527235,0.2447295974618711
KXUFCFIGHT-26AUG01KLEMUS-MUS,7.0,0.32,6.0,0.2176,0.00010000000000000018,0.4624999999999999,0.00030894555368977673,0.22762310073168368,0.00027182364159788867,0.2280153512620345,0.0002355499229601609,0.2201994355271046
KXUFCFIGHT-26AUG01KLEMUS-MUS,3.0,0.32,3.0,0.2176,0.00010000000000000018,0.4624999999999999,0.00016027967187245986,0.21648889424157908,0.000144656804136258,0.23366200269645654,0.0001092375867965864,0.22072970529069408
KXMVESPORTSMULTIGAMEEXTENDED-S2026AB23D88821C-6A7A133D5F9,14.0,0.5,14.0,0.25,8.100000000000014e-05,0.21095500000000006,0.0007547409764176109,0.2558323256492583,0.0006276701317325675,0.26458054740435744,0.0006628268893979825,0.24894735978114696
KXMVESPORTSMULTIGAMEEXTENDED-S2026AB23D88821C-6A7A133D5F9,7.0,0.5,7.0,0.25,0.0,0.10955600000000001,0.0004033141368754117,0.2512479240600493,0.0003042650985120594,0.26395609088270755,0.000280724023672997,0.24988220256029237
KXMVESPORTSMULTIGAMEEXTENDED-S2026AB23D88821C-6A7A133D5F9,3.0,0.682,3.0,0.21687599999999999,0.0,0.08293400000000002,0.00014364149721511214,0.21857529437609155,0.00013779333093796235,0.2206393110566018,0.00010239449799907887,0.21860701969291998
KXNEXTNFLCOACH-MIA26-JHAR,14.0,0.36,13.0,0.2304,0.0,0.6312,0.0007226285980023194,0.2392454108257795,0.0006103043885798614,0.28456991002500076,0.000680460112525902,0.23342212162751735
KXNEXTNFLCOACH-MIA26-JHAR,7.0,0.08,7.0,0.0736,0.0,0.495,0.0003005516502176643,0.1322318986369929,0.00023052755831169555,0.13867099606821806,0.000272308677540381,0.14956721450931798
KXWCTCORNERS-26JUN24CZEMEX-CZE5,3.0,0.51,3.0,0.2499,9.999999999999907e-05,0.2826,0.00016075717016301742,0.2509850586900031,0.000140356770797633,0.2510101530690587,0.00013272476677477068,0.24973766986294504
KXARGPREMDIVGAME-26AUG08RIEELP-ELP,7.0,0.39,5.0,0.2379,0.00020000000000000036,0.10610000000000001,0.00026030571039959826,0.23976971253473367,0.00023278461006504166,0.2538208696682151,0.000170113285691574,0.23982030742265711
KXARGPREMDIVGAME-26AUG08RIEELP-ELP,3.0,0.39,3.0,0.2379,0.0,0.10610000000000001,0.00017329581122232045,0.24015613051820922,0.00013302260133092283,0.24037743876107334,0.00011769701785635082,0.23922586980967178
KXLIGAMXGAME-26MAY09CRAATL-CRA,3.0,0.69,3.0,0.2139,0.0,0.046900000000000004,0.00017069895913384388,0.2213088465484789,0.00012249842942920524,0.227374982919446,0.00012253143994529894,0.21688229886115515
KXNCAAWBGAME-26MAR03GCWYO-WYO,3.0,0.38,3.0,0.2356,0.00012500000000000022,0.384425,0.00016448315649347404,0.24094340282573676,0.00012672572079280923,0.24779588464190838,0.00010452938951625013,0.23606347239082448
KXMLSGAME-26AUG29MIAMTL-MTL,14.0,0.46499999999999997,15.0,0.248775,0.0003250000000000006,0.04744999999999999,0.0008197149195611874,0.2577206356536248,0.0006255385078111532,0.27267092222507716,0.0006485685966960497,0.25630432156472865
KXMLSGAME-26AUG29MIAMTL-MTL,7.0,0.17,7.0,0.1411,0.00020000000000000036,0.019699999999999995,0.00045297622595084853,0.16199058513738382,0.00041327938781455533,0.1819820734899421,0.0004265478812183497,0.1677373075109751
KXMLSGAME-26AUG29MIAMTL-MTL,3.0,0.15,3.0,0.1275,0.0,0.019699999999999995,0.00020015594551936233,0.14564102073829907,0.00016870096584549636,0.15316521246844225,0.0002014403393245085,0.13840593574546886
KXODIMATCH-26AUG140545AFGIRL-IRL,3.0,0.28,3.0,0.2016,9.999999999999907e-05,0.07849999999999999,0.00013695325328199758,0.20544726670098207,9.476093571053463e-05,0.20917687169293092,0.0001236002509404191,0.2058862344947074
KXNBLGAME-26MAR270430SYDA36-A36,3.0,0.395,3.0,0.238975,0.00022499999999999875,0.4420999999999999,0.0001608421494878301,0.24165027371948689,0.0001489116998789696,0.24149619220943833,0.0001088948818267618,0.24121490072327872
KXMVESPORTSMULTIGAMEEXTENDED-S2026EBF6EDA8AE2-0C9050EC011,14.0,0.5,14.0,0.25,0.0002580000000000004,0.429494,0.0007218480433133545,0.25731157617160216,0.0006304939905720462,0.26694474201434176,0.0006402230214499618,0.2531948395469943
KXMVESPORTSMULTIGAMEEXTENDED-S2026EBF6EDA8AE2-0C9050EC011,7.0,0.396,7.0,0.239184,0.0002330000000000004,0.382235,0.00036552853220517837,0.24256201697861385,0.00030459541260778584,0.24701421051149539,0.0002783270888997831,0.24331896422685817
KXMVESPORTSMULTIGAMEEXTENDED-S2026EBF6EDA8AE2-0C9050EC011,3.0,0.395,3.0,0.238975,0.00014400000000000025,0.369745,0.00016989064760726736,0.24270602814647396,0.0001236981811191035,0.24163477965674818,0.00012037299470647514,0.24067396396106142
KXLIGAMXGAME-26JUL31ASLTIJ-TIE,7.0,0.29,6.0,0.20589999999999997,9.999999999999907e-05,0.40340000000000004,0.0003029671634327502,0.2099261651481702,0.00027296674034385347,0.21227411855248945,0.00024540885602065564,0.2114551527964511
KXLIGAMXGAME-26JUL31ASLTIJ-TIE,3.0,0.28,3.0,0.2016,0.0,0.40340000000000004,0.00014742442037980774,0.1980456300235349,0.00010597044283410545,0.2078951507782599,0.00011538445042149367,0.2071723120744961
KXWTAMATCH-26AUG31SAKMON-MON,3.0,0.43,3.0,0.2451,0.0,0.17649999999999996,0.00016619455737475119,0.2439174656690572,0.00011295988155996927,0.24721164239034324,0.00010474981546807701,0.2451481689949545
KXWCGAME-26JUN27JORARG-ARG,30.0,0.82,30.000000000000014,0.14760000000000004,0.001199999999999998,0.020599999999999997,0.0016150881631281338,0.22159370568060158,0.001192096713690858,0.2702533590781815,0.00176199664034276,0.2302900818200824
KXWCGAME-26JUN27JORARG-ARG,14.0,0.83,14.0,0.14110000000000003,0.0006999999999999967,0.020599999999999997,0.0007123489476266854,0.15807442324114224,0.0005966772433563097,0.19772518681984322,0.0008851063107662669,0.15606711881005897
KXWCGAME-26JUN27JORARG-ARG,7.0,0.83,7.0,0.14110000000000003,0.0004999999999999964,0.020599999999999997,0.0003595316124208721,0.14947490898130703,0.00029013461557287213,0.19088129227821818,0.00044542311370111506,0.14555825633623645
KXWCGAME-26JUN27JORARG-ARG,3.0,0.85,3.0,0.1275,0.0,0.019700000000000002,0.00016677485624590638,0.13293889730795358,0.00013475112380438806,0.14290549142598874,0.0001832999844735658,0.13222963611161753
KXNCAAFGAME-26SEP05UNLVHAW-UNLV,30.0,0.485,18.0,0.249775,0.000600000000000001,0.20562500000000006,0.0009723193377445782,0.2635425600147179,0.0007952690426777037,0.27654658078149796,0.0008589504608395726,0.2485677019666275
KXNCAAFGAME-26SEP05UNLVHAW-UNLV,14.0,0.4,14.0,0.24,0.0006000000000000011,0.17440000000000003,0.0007231296426654769,0.24908300121942098,0.0006146112170563362,0.28234014751800485,0.000671172143303866,0.24539898785118716
KXNCAAFGAME-26SEP05UNLVHAW-UNLV,7.0,0.59,7.0,0.2419,0.0004000000000000007,0.09650000000000002,0.0003588879075710899,0.24505504946148723,0.00031796056678730936,0.2502435945145372,0.0002974940034377494,0.24128483335460146
KXNCAAFGAME-26SEP05UNLVHAW-UNLV,3.0,0.58,3.0,0.2436,0.00010000000000000018,0.09650000000000002,0.00016033931539107863,0.24531485730817373,0.00012902746728196105,0.24799373254510163,9.931847222813832e-05,0.24454341466838506
KXNCAAFGAME-25OCT31MEMRICE-MEM,14.0,0.25,14.0,0.1875,0.0003250000000000039,0.248675,0.0007778292247907158,0.2224641245561392,0.0006501425560908971,0.22723123895793612,0.000815987749987827,0.20626909390035592
KXNCAAFGAME-25OCT31MEMRICE-MEM,7.0,0.7150000000000001,7.0,0.20377499999999996,0.00010000000000000018,0.060024999999999995,0.0003875453636876449,0.2027111686893292,0.00031314717957424046,0.21873623077338344,0.00036677919261118576,0.2100616855003954
KXNCAAFGAME-25OCT31MEMRICE-MEM,3.0,0.85,3.0,0.1275,0.0,0.019700000000000002,0.00015109078667240709,0.12767029731429202,0.00013994937714921122,0.13866834947089268,0.00016776968315750023,0.12953145656685128
KXMLBGAME-26JUN152140LAAAZ-AZ,3.0,0.54,3.0,0.2484,0.0,0.20259999999999995,0.00017803894551115043,0.24900570009296394,0.0001530614241685274,0.25701444621420977,0.00011491808952509289,0.24837221637151508
KXINTLFRIENDLYGAME-26MAR28CANISL-CAN,14.0,0.395,14.0,0.238975,0.0005000000000000009,0.422725,0.0007694516676315629,0.25686649044740906,0.0005857374140884059,0.27061693465748377,0.00059757553607991,0.2451781208005712
KXINTLFRIENDLYGAME-26MAR28CANISL-CAN,7.0,0.4,7.0,0.24,2.5000000000000045e-05,0.422725,0.0003643549977643572,0.24083140696435598,0.00029037080835587017,0.2516015137886555,0.0003167490377455168,0.24141101863347025
KXINTLFRIENDLYGAME-26MAR28CANISL-CAN,3.0,0.62,3.0,0.2356,0.0,0.39740000000000003,0.0001624407585016311,0.23542029741031034,0.0001303257213219644,0.23925531215559825,0.00013101306777642862,0.23846230491979425
KXWCMOV-26JUL19ESPARG-ESPET,3.0,0.09,3.0,0.0819,0.0,0.8101,0.00013386195680017008,0.10065733663603535,9.629544315506691e-05,0.10248622635339269,0.00016156197627365562,0.10678329136178986
KXNCAAFGAME-25AUG28NEBCIN-CIN,30.0,0.34,30.0,0.2244,0.0005000000000000009,0.0474,0.001588698649957046,0.26022351665478893,0.0013168778704462565,0.30500848274710884,0.0015490588112914993,0.25523124887938065
KXNCAAFGAME-25AUG28NEBCIN-CIN,14.0,0.32,14.0,0.2176,0.00030000000000000057,0.044300000000000006,0.0008120349951369546,0.23815026166734646,0.0006268047183137848,0.24922634227690643,0.0007550945767783987,0.2239832658012586
KXNCAAFGAME-25AUG28NEBCIN-CIN,7.0,0.29,7.0,0.20589999999999997,0.0,0.0435,0.0003777594249116385,0.21531284236106502,0.00033938499297492654,0.22305734775684422,0.0003163814170485314,0.21345025436021942
KXNCAAFGAME-25AUG28NEBCIN-CIN,3.0,0.3,3.0,0.21,0.0,0.0422,0.0001712671109890295,0.21318842600994273,0.00013919121142445467,0.21392271560852516,0.0001429998671616925,0.2084368557192658
KXALEAGUEGAME-26FEB06MACPER-MAC,3.0,0.47,3.0,0.2491,0.00020000000000000036,0.23049999999999998,0.00013714008828302936,0.24782570161260098,0.00013338703323866605,0.2508834692755827,0.00010771718348869924,0.24820655949440373
KXNBAGAME-26MAY22OKCSAS-SAS,7.0,0.56,6.0,0.24639999999999998,0.00020000000000000036,0.29300000000000004,0.00029753936501907116,0.2526178645742142,0.0002521014348451324,0.26303578542619405,0.00025096442904666235,0.24678423274713077
KXNBAGAME-26MAY22OKCSAS-SAS,3.0,0.55,3.0,0.2475,0.00020000000000000036,0.2917,0.00015482640334990775,0.2484764331921177,0.00013836825150156742,0.250388482452921,0.00011211052655332596,0.249161570588806
KXSUPERLIGGAME-26AUG15GENFEN-GEN,7.0,0.15,7.0,0.1275,0.00034999999999999983,0.7588,0.0004461320597452947,0.16203609517968787,0.00039994443447247585,0.16199204048287863,0.00046383677296013293,0.15862365538378387
KXSUPERLIGGAME-26AUG15GENFEN-GEN,3.0,0.1,3.0,0.09000000000000001,0.00010000000000000018,0.7579,0.00013683600688080993,0.10492945288922861,9.827470578981346e-05,0.11062520683422933,0.00016897187259335935,0.11164786664280563
KXNBAGAME-26MAY09DETCLE-CLE,7.0,0.51,5.0,0.2499,9.999999999999796e-05,0.14259999999999998,0.0002686312494150822,0.2540481088831718,0.00021390932870956621,0.26171078567312767,0.00021780662738926524,0.25195709207794237
KXNBAGAME-26MAY09DETCLE-CLE,3.0,0.56,3.0,0.24639999999999998,0.0,0.13899999999999998,0.00015751874733073356,0.24748556598067356,0.000112244783182832,0.2578649464594476,9.938326560829741e-05,0.24714997295114496
KXLALIGAGAME-25SEP25OVIBAR-BAR,7.0,0.76,7.0,0.1824,0.00019999999999999814,0.029800000000000014,0.0003923507112485343,0.19323274518756237,0.0003112832127051726,0.19540453807932337,0.0003370697792414108,0.1891321770945757
KXLALIGAGAME-25SEP25OVIBAR-BAR,3.0,0.8,3.0,0.15999999999999998,0.00019999999999999814,0.029000000000000012,0.00015620120988631776,0.16270838529448065,0.0001247040144623926,0.1697781685413654,0.00015316134111360128,0.16645969756759968
KXEPLGAME-25OCT04CHELFC-TIE,14.0,0.42000000000000004,14.0,0.2436,0.0006750000000000011,0.087025,0.0007414949209256584,0.250969106149638,0.0006339749776897747,0.2667505660317826,0.0006639427685906115,0.24801969807273558
KXEPLGAME-25OCT04CHELFC-TIE,7.0,0.26,7.0,0.19240000000000002,0.0004000000000000007,0.0626,0.00041806826546905804,0.2072840164802675,0.00036749980127330067,0.21205346020572147,0.0003594892483202631,0.2061282575069306
KXEPLGAME-25OCT04CHELFC-TIE,3.0,0.26,3.0,0.19240000000000002,0.00020000000000000036,0.0626,0.0001980363394958928,0.19425111212206525,0.00013949314646394262,0.1946323073965896,0.0001329561741969038,0.19601714899931977
KXNFLGAME-26JAN17BUFDEN-DEN,7.0,0.49,5.0,0.2499,0.00020000000000000036,0.20349999999999996,0.0002485639840306479,0.2516937954393645,0.00022724505909272905,0.25573591116827415,0.0001903516123639992,0.2505466369492989
KXNFLGAME-26JAN17BUFDEN-DEN,3.0,0.53,3.0,0.2491,0.00010000000000000018,0.20259999999999995,0.00016978983827818094,0.2505459514228031,0.00013585285692450737,0.25107484858625573,0.00011212900070584818,0.24916437116330886
KXUFCFIGHT-25AUG16DUCHI-CHI,7.0,0.67,6.0,0.2211,0.00030000000000000057,0.07940000000000001,0.0003345442266867135,0.22334888655659882,0.00028157308849721804,0.2340652581231236,0.000291543295801654,0.22389415286122405
KXUFCFIGHT-25AUG16DUCHI-CHI,3.0,0.67,3.0,0.2211,0.00010000000000000018,0.07940000000000001,0.0001655788870547059,0.21901537821662834,0.0001337599501524362,0.22239795688480718,0.00010765542752329531,0.22312775109162977
KXNFLTOTAL-25DEC15MIAPIT-39,14.0,0.5,13.0,0.25,0.0006999999999999946,0.15510000000000002,0.0006760379159202368,0.2533920442101882,0.0005730269472152134,0.2729332030978426,0.0006059530697588521,0.25297148802902863
KXNFLTOTAL-25DEC15MIAPIT-39,7.0,0.5700000000000001,7.0,0.24509999999999998,0.0006999999999999946,0.1522,0.00039442093225437654,0.2453469356451641,0.00031950341094236543,0.26262731151454477,0.0002747824447967671,0.2463152732510045
KXNFLTOTAL-25DEC15MIAPIT-39,3.0,0.59,3.0,0.2419,0.00010000000000000018,0.1522,0.0001517518503301462,0.24057215626507955,0.00014416537702463777,0.24803193451477412,0.00011173764136762718,0.24279954019362088
KXUFCFIGHT-26JUN06SILCHA-CHA,7.0,0.48,6.0,0.2496,0.0004999999999999987,0.2611,0.00034082452748087966,0.25669566095824947,0.0002651446694664085,0.25235658013017803,0.00023855080865401647,0.2509237694104425
KXUFCFIGHT-26JUN06SILCHA-CHA,3.0,0.45,3.0,0.24750000000000003,0.0004999999999999987,0.2602,0.00016842246744255926,0.24754601413065738,0.00013372845777824324,0.2517642102461716,0.00011678538840438866,0.24689408462591075
KXTESTMATCH-26JUN040600NZENG-ENG,7.0,0.495,6.0,0.249975,0.0,0.18332499999999993,0.0003472670988269687,0.2497215011413049,0.00027426983446125286,0.26337246045831914,0.00027720000066183985,0.2521812430821997
KXTESTMATCH-26JUN040600NZENG-ENG,3.0,0.65,3.0,0.22749999999999998,0.0,0.04509999999999999,0.00017310349791802883,0.2265252699048231,0.0001247792697846564,0.23406893082952887,0.00010949876761352614,0.22805638438094505
KXPGATOP5-PGC26-ASMA,14.0,0.415,12.0,0.24277499999999996,0.00012500000000000003,0.7235,0.0006660372788422645,0.25345713669844494,0.0005153384580554862,0.2671842862722208,0.0005337159748214534,0.24554694664581642
KXPGATOP5-PGC26-ASMA,3.0,0.15,3.0,0.1275,0.0,0.2803,0.00020972800652036764,0.13273764343586764,0.00019026831693510381,0.14771562357164006,0.0002053789682250675,0.13080709155265385
KXNBADRAFTPICK-26-2-ADYB,30.0,0.14,30.000000000000014,0.12040000000000001,0.002799999999999997,0.025599999999999998,0.0015765678803553943,0.2465699384449785,0.0013869736942352512,0.2505485982399078,0.0015045801623227045,0.21226840195403823
KXNBADRAFTPICK-26-2-ADYB,14.0,0.13,14.0,0.1131,0.0010999999999999985,0.025199999999999997,0.0006677626774012441,0.1815331398443301,0.0006470763450580822,0.2080762519922942,0.0006987594220209483,0.19067582141949857
KXNBADRAFTPICK-26-2-ADYB,7.0,0.19,7.0,0.1539,9.999999999999963e-05,0.018799999999999997,0.0005042714581678432,0.17612721234358475,0.0004586078339112712,0.1841193793334924,0.0004758023597564862,0.17846257292610418
KXNBADRAFTPICK-26-2-ADYB,3.0,0.2,3.0,0.16000000000000003,0.0,0.0154,0.00020876618827815296,0.16874005364374256,0.0001740688663120245,0.16124996636764927,0.00017414902580868284,0.16460733250194004
KXMLBGAME-26SEP012140PHIAZ-PHI,3.0,0.56,3.0,0.24639999999999998,0.00019999999999999814,0.16820000000000002,0.00014809916110114084,0.24936186526245685,0.00013785728717937435,0.253091699127435,9.784080347689331e-05,0.24794972207473884
KXNHLGAME-26MAY09COLMIN-MIN,7.0,0.52,6.0,0.2496,0.00020000000000000036,0.28740000000000004,0.0002997207206239734,0.251667300653135,0.0002822229891143732,0.2585888408360685,0.0002607901783676958,0.25145002925455207
KXNHLGAME-26MAY09COLMIN-MIN,3.0,0.46,3.0,0.24840000000000004,0.0,0.281,0.00015179379858667186,0.2494704390118655,0.00013006518671501404,0.25464510097396986,0.00010742810709273064,0.24783541389474312
KXEPLGAME-26AUG22IPSSUN-SUN,14.0,0.36,14.0,0.2304,0.00030000000000000057,0.12969999999999998,0.0007829740089404795,0.23806124022297254,0.0006236386973600863,0.26886933247361133,0.0007034873595185747,0.2348509088503083
KXEPLGAME-26AUG22IPSSUN-SUN,7.0,0.37,7.0,0.2331,0.00020000000000000036,0.12969999999999998,0.00040584258629457415,0.23350875857848036,0.000319294654259018,0.23822482746117646,0.0003133921351270795,0.23445693259454262
KXEPLGAME-26AUG22IPSSUN-SUN,3.0,0.37,3.0,0.2331,0.00020000000000000036,0.12969999999999998,0.00015097688368167887,0.23525632201457106,0.00013496707945542593,0.23385836567696403,0.00012022236015843938,0.2329008840169017
KXLIGAMX-26CLA-PUM,30.0,0.23,30.000000000000014,0.1771,0.0004999999999999998,0.5298,0.0017367813140455367,0.2649804764799982,0.0016278811010156668,0.2992545164847267,0.0017174855847510073,0.2445795931270623
KXLIGAMX-26CLA-PUM,14.0,0.27,14.000000000000014,0.1971,0.0,0.29669999999999996,0.0007914943231610695,0.21221489860967657,0.0006718636300744592,0.2506796501429853,0.0007511456393770322,0.21833363589993296
KXLIGAMX-26CLA-PUM,7.0,0.44,7.0,0.24640000000000004,0.0,0.23479999999999998,0.0003811500851273073,0.24999127857639422,0.00030069642708779496,0.25815284077490175,0.0002811119509143237,0.24312369076876678
KXLIGAMX-26CLA-PUM,3.0,0.48,3.0,0.2496,0.0,0.22099999999999997,0.00016788600768771007,0.25191587301380813,0.00012702943119667458,0.25221005335047453,0.00011220831644999783,0.2496656235383024
KXWC2HTOTAL-26JUL10ESPBEL-2,3.0,0.5,3.0,0.25,0.00010000000000000018,0.2505,0.0001449932940622089,0.25054137134051974,0.0001451960255935901,0.2548922358027205,0.00011087682569004752,0.2500762312648401
KXMVESPORTSMULTIGAMEEXTENDED-S20262522F3161ED-47EA18E7AC7,3.0,0.5,3.0,0.25,1e-06,0.222521,0.0001496858104705363,0.24961429316980266,0.00013005159251586055,0.25093708329781444,0.00010757456828068084,0.25006459532812997
KXWCADVANCE-26JUN30CIVNOR-NOR,3.0,0.66,3.0,0.2244,0.00010000000000000018,0.11569999999999998,0.0001628705049610563,0.2272462905538582,0.00013389339870582787,0.23163467748257793,0.00010750975315848766,0.22550478605322893
KXWC1H-26JUN23ENGGHA-GHA,30.0,0.09,19.0,0.0819,0.0009500000000000005,0.006500000000000001,0.000705851800658714,0.18579066941676703,0.0006848699508984679,0.20946603183720625,0.0007473439816598768,0.170003078815355
KXWC1H-26JUN23ENGGHA-GHA,14.0,0.09,14.0,0.0819,0.0005500000000000004,0.006500000000000001,0.0005085733715738825,0.17289713249031022,0.00047275181474955367,0.18758517258571047,0.0005223255200046033,0.15662505880599326
KXWC1H-26JUN23ENGGHA-GHA,7.0,0.08499999999999999,7.0,0.077775,7.499999999999986e-05,0.006500000000000001,0.00027768736733431004,0.1406127214011147,0.00026616484730929266,0.14939334222354791,0.0003029064771186071,0.1319089934480905
KXWC1H-26JUN23ENGGHA-GHA,3.0,0.08499999999999999,3.0,0.077775,2.5000000000000045e-05,0.006500000000000001,0.00012372446453305137,0.09223265010969026,9.789393430729102e-05,0.1080414297208096,0.00016263600844830688,0.10220860054160816
KXNCAAFGAME-25DEC16TROYJVST-JVST,14.0,0.36,10.0,0.2304,0.00030000000000000057,0.1873,0.0005100485685119907,0.23965403498384652,0.00043475377773783715,0.25038994602496206,0.00045511209162251267,0.2409053262756609
KXNCAAFGAME-25DEC16TROYJVST-JVST,7.0,0.42,7.0,0.2436,0.00020000000000000036,0.1848,0.0003746481831015292,0.2467584921705506,0.00030016487385954875,0.25777326921830523,0.00029528705812691293,0.24405454907212792
KXNCAAFGAME-25DEC16TROYJVST-JVST,3.0,0.45,3.0,0.24750000000000003,0.0,0.1839,0.0001471260917190417,0.2484653516894989,0.00011340420357333327,0.2519711719485184,0.00012000407455873246,0.24828596276928747
KXPAYROLLS-25SEP-T50000,30.0,0.66,30.0,0.2244,0.001424999999999996,0.48242500000000005,0.001637633035409393,0.2520858567735386,0.0013006564914814596,0.2849481484667704,0.0016035491201723978,0.2358218011778087
KXPAYROLLS-25SEP-T50000,14.0,0.41,14.0,0.24190000000000003,0.0012999999999999956,0.4178,0.0007440820532035577,0.24933893673255722,0.0006189720422070477,0.26488952774576957,0.0006600403350015693,0.25051788191681196
KXPAYROLLS-25SEP-T50000,7.0,0.43,7.0,0.2451,0.0004999999999999987,0.4174,0.00039624009376082393,0.24844951245305366,0.00030488442008786885,0.24829509964978905,0.0002939979965026454,0.2452052330726475
KXPAYROLLS-25SEP-T50000,3.0,0.48,3.0,0.2496,0.0,0.41700000000000004,0.0001704090595862305,0.2505641219294678,0.00012394586251861597,0.25443518797546055,0.00012252686959179348,0.24879079458659398
KXNCAAFSPREAD-26SEP05BSUORE-ORE18,7.0,0.645,7.0,0.22897499999999998,0.00032499999999999836,0.46379999999999993,0.0003449027413128176,0.2298352430871379,0.0002704773942061653,0.2465663387370498,0.0003059754289419076,0.23137904620264568
KXNCAAFSPREAD-26SEP05BSUORE-ORE18,3.0,0.67,3.0,0.2211,0.00019999999999999814,0.4624999999999999,0.0001509540645567264,0.22242122746176943,0.0001285857526386945,0.23224313551516396,0.00014098674757235066,0.21848203159492713
KXEPLGAME-25DEC28SUNLEE-SUN,14.0,0.39,14.0,0.2379,0.0009999999999999985,0.1301,0.000771252233308942,0.2504899628548559,0.0005805009512649995,0.26937892748442654,0.0006995188937154144,0.24499624383229357
KXEPLGAME-25DEC28SUNLEE-SUN,7.0,0.39,7.0,0.2379,0.00020000000000000036,0.1301,0.0003581990649960787,0.23884463302766265,0.0002949613748833814,0.2434219548920545,0.000292877629679645,0.23838926768478508
KXEPLGAME-25DEC28SUNLEE-SUN,3.0,0.39,3.0,0.2379,0.0,0.1301,0.00016208791274950594,0.23870681754359319,0.0001326263825471569,0.23648017897723997,0.00012071895766326632,0.23859578617081809
KXNCAAFTOTAL-26JAN01ALAIND-39,14.0,0.5,12.0,0.25,0.00010000000000000018,0.09315000000000002,0.0005960300006877958,0.2531658413984861,0.0005765791328656275,0.2684572395972771,0.0005296669509522689,0.25078734510417994
KXNCAAFTOTAL-26JAN01ALAIND-39,7.0,0.66,7.0,0.2244,0.00010000000000000018,0.06755000000000001,0.0003894594085713453,0.2307902473736646,0.0002835631297511462,0.24291010526083093,0.0003289232296308369,0.22905475086341853
KXNCAAFTOTAL-26JAN01ALAIND-39,3.0,0.745,3.0,0.189975,0.0,0.05792500000000001,0.0001646262363485085,0.19092509482178244,0.0001361136987797265,0.19797020552201872,0.00013628547809070669,0.19454193894768923
KXWFIBAGAME-26SEP060830CZECHN-CZE,3.0,0.495,3.0,0.249975,0.0,0.8171249999999999,0.00014580387328584095,0.24907605648654962,0.00011615867180883425,0.2550678407567194,0.000116349324459083,0.2500900198177402
KXBTCD-26MAY0817-T79999.99,7.0,0.34,7.0,0.2244,0.00010000000000000018,0.6327,0.00040038775019205506,0.235407244231599,0.0003388756507091999,0.23672457956333923,0.0003329181112307059,0.22677136151398458
KXBTCD-26MAY0817-T79999.99,3.0,0.73,3.0,0.1971,0.00010000000000000018,0.5466,0.00017630947941764126,0.19785392389675152,0.00012999827530734114,0.19792157155637896,0.0001381633987058764,0.19979491437081648
KXNFLNONQBPASS-26FEB08SEANE-TOTAL1,14.0,0.26,10.0,0.19240000000000002,0.0004000000000000007,0.15439999999999995,0.0005865515214395753,0.20109831432115144,0.00048064095315813375,0.20805064456949401,0.0005597821506781195,0.19990235805658385
KXNFLNONQBPASS-26FEB08SEANE-TOTAL1,7.0,0.34,7.0,0.2244,0.00030000000000000057,0.0975,0.0003757435230000349,0.23146736075309945,0.0003124089302359082,0.23743773490983558,0.00033616734250053196,0.22236174784971985
KXNFLNONQBPASS-26FEB08SEANE-TOTAL1,3.0,0.3,3.0,0.21,0.00020000000000000036,0.09620000000000001,0.00016505622931129815,0.21066175495542042,0.00014381020654692737,0.21410008814483864,0.0001318282415303483,0.20719294319911263
KXWCROUND-26RO16-CPV,30.0,0.065,30.000000000000014,0.060775,0.0018749999999999993,0.025699999999999997,0.0011341000087191676,0.18247948037858602,0.0010640569497039256,0.21393790853056324,0.001141029934651059,0.21666527562345678
KXWCROUND-26RO16-CPV,14.0,0.09,14.0,0.0819,0.0007999999999999995,0.015099999999999999,0.0005620152841155279,0.1703479225189186,0.00046356665333212657,0.1705551650345084,0.000555984884811433,0.16939047982325037
KXWCROUND-26RO16-CPV,7.0,0.13,7.0,0.1131,0.0001999999999999998,0.0101,0.0003601092514846514,0.14527608975084344,0.0003272867628304618,0.15297535470342788,0.00032896462391785044,0.16399672902109358
KXWCROUND-26RO16-CPV,3.0,0.08,3.0,0.0736,9.99999999999999e-05,0.006500000000000001,0.0001144767138935305,0.09893204218217345,8.821194044259766e-05,0.10097290650415942,0.00016235699174535647,0.09153051454184005
KXBRASILEIROGAME-26AUG30BAHINT-BAH,14.0,0.42000000000000004,15.0,0.2436,0.0008500000000000015,0.22314999999999993,0.0008145526291041866,0.2544128736424029,0.000671032329744265,0.2662376173362526,0.0007287552533959715,0.24361170922099584
KXBRASILEIROGAME-26AUG30BAHINT-BAH,7.0,0.49,7.0,0.2499,0.0004000000000000007,0.21209999999999996,0.00037483539117789104,0.25173618507681567,0.00033043719503024607,0.2638597628745731,0.00028717997451286226,0.2507976410267899
KXBRASILEIROGAME-26AUG30BAHINT-BAH,3.0,0.52,3.0,0.2496,0.00010000000000000018,0.21169999999999994,0.00016426874196079445,0.24971255950659163,0.0001406270362982908,0.25884621015618964,0.00010229809506648896,0.2501054978896257
KXDPWORLDTOUR-BAC26-FSCH,3.0,0.11,3.0,0.0979,0.0,0.7234999999999999,0.00011940935159249583,0.10380330734421314,0.00010481411138165775,0.12082481304940959,0.0001593295356734397,0.11364188106982077
KXEPLGAME-25OCT04CHELFC-LFC,14.0,0.42000000000000004,14.0,0.2436,0.0006999999999999968,0.23869999999999997,0.0007605078896100046,0.26297512612248236,0.0006226588419385408,0.27774101920276933,0.0006225531015999495,0.2452612179216962
KXEPLGAME-25OCT04CHELFC-LFC,7.0,0.41,7.0,0.24190000000000003,0.00030000000000000057,0.18579999999999997,0.0003787678444707729,0.24523097941791278,0.00033680919782544996,0.25399182453954905,0.0003126826420254052,0.2506511467497099
KXEPLGAME-25OCT04CHELFC-LFC,3.0,0.42,3.0,0.2436,0.00020000000000000036,0.18499999999999997,0.00015680505261796162,0.2442740310658256,9.725003801568422e-05,0.25012374387026126,0.00010546557200516106,0.24396938817451158
KXNCAAFSPREAD-26SEP05BSUORE-ORE4,7.0,0.505,7.0,0.249975,0.00012500000000000022,0.16315000000000002,0.00039546208928524995,0.2530873033926471,0.00032476861761390323,0.25649770159810253,0.0003143514596145388,0.2491435243111585
KXNCAAFSPREAD-26SEP05BSUORE-ORE4,3.0,0.92,3.0,0.07359999999999997,0.00010000000000000018,0.006499999999999994,0.00013798730977988835,0.0800852835813693,0.0001036983610543955,0.09560767056404246,0.0002261606395541297,0.08525213880283083
KXNCAAFGAME-25NOV01OKLATENN-TENN,14.0,0.38,14.0,0.2356,0.0005999999999999989,0.8277500000000001,0.0008089610885967522,0.23722420243848658,0.0006092023939620859,0.2671631836362739,0.0006898872395261268,0.24094016704042706
KXNCAAFGAME-25NOV01OKLATENN-TENN,7.0,0.54,7.0,0.2484,0.00010000000000000018,0.3302999999999999,0.0003829835111163808,0.25268556546760057,0.00029586630579166287,0.25807851097538204,0.00029162833807352007,0.2514629074475765
KXNCAAFGAME-25NOV01OKLATENN-TENN,3.0,0.58,3.0,0.2436,0.0,0.32499999999999996,0.00016141931038853662,0.24377436467174263,0.0001462638499204451,0.2572287588799356,0.0001163158658475309,0.24391531418733103
KXWC1HTOTAL-26JUN25TURUSA-2,30.0,0.305,21.0,0.21197500000000002,0.0006999999999999985,0.395725,0.001160804047264896,0.23858660739122578,0.0009664333194469715,0.2695311059598628,0.0010311253309597229,0.2459125143908596
KXWC1HTOTAL-26JUN25TURUSA-2,14.0,0.405,14.0,0.240975,0.00029999999999999943,0.38932500000000003,0.0007301678915143373,0.25002817169513686,0.0006103965725591791,0.2753530721038652,0.0006716919022720152,0.23863756629413013
KXWC1HTOTAL-26JUN25TURUSA-2,7.0,0.35,7.0,0.22749999999999998,0.00019999999999999925,0.3869,0.0004109527960212149,0.23091774266710557,0.00031241889537284647,0.23549063408560578,0.00032978787277065165,0.23227065111269077
KXWC1HTOTAL-26JUN25TURUSA-2,3.0,0.37,3.0,0.2331,0.0,0.38530000000000003,0.00017385701331239196,0.23697199161064872,0.00013518006655373335,0.23996121510455076,0.00010957173280739568,0.2341186067720988
KXUELADVANCE-26AUG27IBEJAG-IBE,7.0,0.12,7.0,0.1056,0.000325,0.009524999999999999,0.00032713508028942793,0.1414147165882505,0.00033373787622505076,0.1605272115649241,0.00032035982215486593,0.15153791005874073
KXMARMAD-25R64G29-XAV,7.0,0.2,5.0,0.16000000000000003,0.0,0.21659999999999996,0.0003727191170164231,0.1793821417636283,0.000326910301199939,0.18383950413196126,0.0003662539582006898,0.17326336044241017
KXMARMAD-25R64G29-XAV,3.0,0.42,3.0,0.2436,0.0,0.16819999999999996,0.00016601649442920938,0.24652973472667622,0.00012005429180751069,0.2507785597889649,0.00012870100977954813,0.24341201669382825
KXSERIEAGAME-25DEC12LECPIS-LEC,7.0,0.42,7.0,0.2436,9.999999999999907e-05,0.34989999999999993,0.00040227584639222313,0.24538189521849887,0.0003182912384190276,0.26854434463967886,0.00028432282560446873,0.24366391968298434
KXSERIEAGAME-25DEC12LECPIS-LEC,3.0,0.41,3.0,0.24190000000000003,9.999999999999907e-05,0.34819999999999995,0.00015816400803286433,0.2474101613793487,0.00011917756691451213,0.23963673777839617,0.00011070405525663976,0.2425992228918662
KXMLBGAME-26MAY182140CWSSEA-SEA,3.0,0.62,3.0,0.2356,0.0,0.077,0.00015365831823418728,0.2392695080447035,0.00013633133009539316,0.24292306650211729,9.85027317172608e-05,0.23396610843937451
KXWCSOA-26JUL03AUSEGY-EGYMSALAH11,7.0,0.315,5.0,0.21577500000000002,0.0,0.159325,0.0002515021040084505,0.2206900636791356,0.00020891293120320987,0.22846229493406325,0.00021488865931448538,0.22179478879027353
KXWCSOA-26JUL03AUSEGY-EGYMSALAH11,3.0,0.41,3.0,0.24190000000000003,0.0,0.1547,0.00017118963761855236,0.24262025914416824,0.0001468314573474565,0.2488118100546966,0.0001055451062160279,0.2435382492005048
KXUFCFIGHT-26MAR28ABDBEL-ABD,7.0,0.55,6.0,0.2475,0.0004000000000000007,0.2921,0.000326403817710067,0.2516646081979237,0.0002733386450565031,0.2540369099060231,0.0002349498834517364,0.24791476194388465
KXUFCFIGHT-26MAR28ABDBEL-ABD,3.0,0.53,3.0,0.2491,0.00020000000000000036,0.2917,0.00013549927714374125,0.24849600855948972,0.0001452943004520337,0.2516157105463125,9.491622244316874e-05,0.250127649980285
KXUFCFIGHT-26AUG01BUZGRA-GRA,7.0,0.64,6.0,0.2304,0.0,0.10939999999999997,0.00032386187252014033,0.23568364231869565,0.00029723080201175567,0.23021657360203732,0.0002345011417584686,0.2309417588500954
KXUFCFIGHT-26AUG01BUZGRA-GRA,3.0,0.66,3.0,0.2244,0.0,0.10899999999999997,0.0001500250842582136,0.22681789021259818,0.0001283890164705215,0.22525914254859764,0.00013035786484426104,0.22569791354981145
KXUELGAME-26APR30NFOAVL-TIE,7.0,0.26,7.0,0.19240000000000002,0.00034999999999999897,0.07889999999999998,0.000404741053191558,0.19712799532051745,0.0003586522874582905,0.2109832632648142,0.00043221587699065133,0.19581535078970583
KXUELGAME-26APR30NFOAVL-TIE,3.0,0.3,3.0,0.21,0.00010000000000000018,0.07849999999999999,0.00015612915183787257,0.21889571150827833,0.00013858723021958533,0.21333231635796485,0.00013321753335849036,0.2105720238374399
KXNFLSPREAD-25NOV20BUFHOU-BUF10,14.0,0.5,9.0,0.25,0.00012500000000000022,0.11832500000000001,0.0004909814680334481,0.25718110822400037,0.00038879366787177954,0.271305964019309,0.00037832879741921127,0.2500249312978736
KXNFLSPREAD-25NOV20BUFHOU-BUF10,7.0,0.38,7.0,0.2356,0.00012500000000000022,0.10392500000000002,0.0003729783355974788,0.24209157794251873,0.0002899324752556329,0.243831920614286,0.0003344994078329769,0.24012328574541186
KXNFLSPREAD-25NOV20BUFHOU-BUF10,3.0,0.32,3.0,0.2176,0.00010000000000000018,0.08090000000000001,0.00016710628522078447,0.2187221470145442,0.0001322438740409582,0.2270982501695121,0.0001340517331168314,0.2189509260682331
KXNCAAFSPREAD-26SEP04MIASTAN-MIA28,30.0,0.40499999999999997,18.0,0.24097499999999997,0.0013249999999999968,0.37905,0.0009902907166583045,0.25327862572849247,0.0007271225400868788,0.2802210601417092,0.0008528855168741005,0.2444362005335991
KXNCAAFSPREAD-26SEP04MIASTAN-MIA28,14.0,0.28500000000000003,14.0,0.203775,0.0013249999999999968,0.36000000000000004,0.0007421693959710346,0.2270838779491054,0.0006120224370827418,0.2248628897821467,0.0007381522564829566,0.2220152387145662
KXNCAAFSPREAD-26SEP04MIASTAN-MIA28,7.0,0.33999999999999997,7.0,0.2244,0.0007999999999999981,0.31860000000000005,0.0003735165996410086,0.22333918367278127,0.00031068064311004485,0.23792880330123875,0.00030141978632654005,0.23381120029374766
KXNCAAFSPREAD-26SEP04MIASTAN-MIA28,3.0,0.4,3.0,0.24,0.0004999999999999987,0.31370000000000003,0.0001430980367227908,0.24412102916240097,0.00012968814465509276,0.24436342690148266,0.0001401250640438298,0.2418033456424886
KXLALIGAGAME-26MAY13ESPATH-ESP,7.0,0.315,7.0,0.21577500000000002,0.0003250000000000006,0.3986,0.0003495542988145911,0.22458535773940508,0.0003206563405033773,0.2270458782612763,0.0003301605821531774,0.22217546869364874
KXLALIGAGAME-26MAY13ESPATH-ESP,3.0,0.36,3.0,0.2304,0.00020000000000000036,0.397,0.0001529564383032608,0.2328595280475536,0.0001228086344671418,0.238892378941845,0.00010453200321522559,0.22994897496079467
KXIPLGAME-26APR18DCRCB-RCB,7.0,0.58,7.0,0.2436,0.00010000000000000018,0.3875,0.0003861064458180033,0.24860362210821033,0.0002951804373170327,0.24527659829520437,0.00027953880466096207,0.24640303650504528
KXIPLGAME-26APR18DCRCB-RCB,3.0,0.6,3.0,0.24,0.00010000000000000018,0.3849,0.00016712273036777767,0.24217893107462396,0.00012599118551777697,0.2427304195309978,0.00011254253448356316,0.23878223174293253
KXSURVIVOR-26DEC31-JOE,14.0,0.05,14.000000000000014,0.0475,0.001,0.0005000000000000002,0.0004844460287725361,0.17360826348326427,0.0005256031126439388,0.15145886802942676,0.0005179971882660278,0.1573417179369642
KXNCAAFGAME-25NOV08KUARIZ-ARIZ,7.0,0.67,7.041666666666666,0.2211,0.00010000000000000018,0.10939999999999997,0.00044047355504971657,0.22789523500659917,0.00037809420335551097,0.2405779068252958,0.0003570049035024762,0.22948676241130717
KXNCAAFGAME-25NOV08KUARIZ-ARIZ,3.0,0.65,2.999999999999999,0.22749999999999998,0.00010000000000000018,0.10899999999999997,0.00015924519685403782,0.22926195574454244,0.0001269877833906179,0.23709409071945614,0.00011190453098161899,0.22832275438820496
KXAAAGASM-25MAY31-3.30,30.0,0.13,30.0,0.1131,0.0014999999999999992,0.01900000000000001,0.0014787074588525667,0.2216952705103429,0.0013797912310394534,0.2485374901617581,0.0014089743688785001,0.20676949261947639
KXAAAGASM-25MAY31-3.30,14.0,0.1,14.0,0.09000000000000001,0.0003999999999999999,0.003400000000000001,0.0005835313974212197,0.20453829734282514,0.0005252049341217402,0.18513589029154023,0.0005454316121987955,0.16659290047335312
KXMVESPORTSMULTIGAMEEXTENDED-S20262A2CA83023C-1EA648F1E0E,3.0,0.117,3.0,0.103311,0.0,0.221001,0.00013389166270953885,0.12098453077517277,0.00011603056787630076,0.12554722686595496,0.00016398358940022283,0.12084334158520664
KXNCAAFTOTAL-25DEC13ARMYNAVY-35,14.0,0.5,10.0,0.25,0.0002250000000000015,0.5529249999999999,0.0005791571166891829,0.2533026555985876,0.0004213003490019371,0.27170732184379537,0.0004363137070510208,0.25023703101429573
KXNCAAFTOTAL-25DEC13ARMYNAVY-35,7.0,0.5800000000000001,7.0,0.24359999999999998,0.00010000000000000018,0.5487,0.0003570869867050971,0.24808866112226063,0.00031051242161888893,0.24605706694304152,0.00031506311384848454,0.24315857178461273
KXNCAAFTOTAL-25DEC13ARMYNAVY-35,3.0,0.61,3.0,0.2379,0.00010000000000000018,0.3722,0.00016666665201896656,0.23793550094533755,0.0001346589138443413,0.25218821762510374,0.00013499499826287296,0.23633665202991658
KXMVESPORTSMULTIGAMEEXTENDED-S2026022E03AE87B-C93D2D4E279,3.0,0.058,3.0,0.054636,3.600000000000006e-05,0.0024099999999999994,0.00016903669459615372,0.1021313102206986,0.0001415892227009085,0.1099392655421405,0.00021852746158177342,0.08813782812217402
KXMLBGAME-26JUN262145LADSD-LAD,3.0,0.58,3.0,0.2436,0.00010000000000000018,0.28350000000000003,0.00015319685652122398,0.24351498642353595,0.00011892522655224843,0.25444914097104926,0.00010185808999998252,0.2425731007431799
KXUSOPEN-25-JDAY,14.0,0.495,13.0,0.249975,0.000225,0.24019999999999997,0.0006906900486073881,0.25631284363121437,0.0006068032856216281,0.2708515339308424,0.0005814952153517446,0.25156080939013664
KXNASDAQ100Y-26JAN01H1000-B23250,14.0,0.06,14.0,0.05639999999999999,0.0009999999999999996,0.005600000000000001,0.0004753405977696281,0.15718719600523978,0.0004330102168356256,0.1518258948857909,0.0004522308231454733,0.15165119173534714
KXWCTEAMTOTAL-26JUN15BELEGY-BEL2,7.0,0.495,6.0,0.249975,0.0004250000000000008,0.29250000000000004,0.00030539125497747654,0.2494752039518868,0.00027800470975152626,0.2571492013877082,0.0002336022087653742,0.25112667692205826
KXWCTEAMTOTAL-26JUN15BELEGY-BEL2,3.0,0.525,3.0,0.24937499999999999,0.0003250000000000006,0.2917,0.00018215198515587858,0.24933622637225825,0.00011906326827072097,0.2523820292854979,0.00011998332411931049,0.2486477302348053
KXUECLGAME-26AUG20INTFCC-FCC,7.0,0.41500000000000004,7.0,0.24277500000000002,0.00020000000000000036,0.450725,0.00039520809792193383,0.24959543792883054,0.00027935241973355327,0.2562804466071732,0.0002958434600284781,0.24718208678361528
KXUECLGAME-26AUG20INTFCC-FCC,3.0,0.66,3.0,0.2244,0.00020000000000000036,0.42260000000000003,0.00018491423346894833,0.22657571747189537,0.00011669246604602492,0.22694391414487447,0.00012844927954337468,0.22722766506616462
KXWC1H-26JUN23PORUZB-POR,30.0,0.56,19.0,0.24639999999999998,0.0005749999999999977,0.12377499999999998,0.0010075343977264146,0.2567927256448127,0.0008618077559385484,0.2797447240034966,0.0008984494492306631,0.25021820141603934
KXWC1H-26JUN23PORUZB-POR,14.0,0.605,14.0,0.238975,0.00025000000000000044,0.12017499999999998,0.0007497985919160155,0.24115245762018708,0.0006221998231894698,0.2608741550565228,0.0006610640443097087,0.2447894329869219
KXWC1H-26JUN23PORUZB-POR,7.0,0.59,7.0,0.2419,2.5000000000000045e-05,0.11892499999999999,0.0003810867993508835,0.24784188943034885,0.0003245182825607936,0.24794895266216102,0.00029473865203668756,0.2411577247582274
KXWC1H-26JUN23PORUZB-POR,3.0,0.61,3.0,0.2379,0.0,0.11729999999999999,0.00016691773371727318,0.2369122203180492,0.0001232677473814531,0.24128079992644252,0.00011301768388432606,0.23828523753503897
KXLIGAMXGAME-26AUG01CRAALA-TIE,7.0,0.2,7.0,0.16000000000000003,0.00020000000000000036,0.11960000000000001,0.0005203612437958863,0.18363057373238323,0.0004365897396470744,0.1898876000447625,0.00045993468553246424,0.1769668813389998
KXLIGAMXGAME-26AUG01CRAALA-TIE,3.0,0.16,3.0,0.1344,0.00010000000000000018,0.11870000000000001,0.0002089447071149669,0.13828075344581367,0.0001566754573004752,0.14325817328496185,0.00022396466674528734,0.14276954937469077
KXTRUMPMENTION-26FEB28-TRAN,30.0,0.7,30.0,0.21000000000000002,0.0022999999999999865,0.4143,0.001648493754101609,0.24183293495353836,0.0013251883127231546,0.2831237860313762,0.001739778852021892,0.23379940772627975
KXTRUMPMENTION-26FEB28-TRAN,14.0,0.63,14.0,0.2331,0.000799999999999997,0.40730000000000005,0.0007510813852917534,0.23803485179598594,0.0006018675683358383,0.2779783280869425,0.0007106922655051916,0.2396251618283554
KXTRUMPMENTION-26FEB28-TRAN,7.0,0.67,7.0,0.2211,0.00010000000000000018,0.4048,0.0003934861217777107,0.22831236487381726,0.000304632648552153,0.23363275734886563,0.00034577395849525567,0.2237344377305343
KXTRUMPMENTION-26FEB28-TRAN,3.0,0.72,3.0,0.2016,0.0,0.40040000000000003,0.00019216473702760272,0.2048352995061817,0.00013181331601039425,0.21347601428653168,0.00014428246349065124,0.2049841454414868
KXWCGOAL-26JUL19ESPARG-ARGJALVAR19-1,3.0,0.24,3.0,0.1824,0.0,0.05299999999999999,0.00017854813924127918,0.18877206968617077,0.0001760030461312044,0.18656569923745678,0.00016824742654364164,0.18918164366347023
KXMLBGAME-26MAY302205NYYATH-NYY,3.0,0.62,3.0,0.2356,0.0,0.22039999999999996,0.0001557098726121095,0.23908161224057348,0.00014111423127708596,0.2475367068640707,9.887481654367666e-05,0.2362020167961222
KXUCLGAME-25SEP17BMUCHE-BMU,14.0,0.57,14.0,0.2451,0.0010999999999999933,0.1538,0.0007373180032216047,0.25280009886055055,0.0006357542713768727,0.2577384763577947,0.0006631246590242593,0.24843008400253072
KXUCLGAME-25SEP17BMUCHE-BMU,7.0,0.58,7.0,0.2436,0.0005999999999999966,0.1538,0.00038448368639691947,0.2470234370174091,0.00033025606752957337,0.25884677314379567,0.00032059676853161127,0.24266022139357835
KXUCLGAME-25SEP17BMUCHE-BMU,3.0,0.59,3.0,0.2419,0.00010000000000000018,0.1522,0.00015828760725876488,0.24399794455036822,0.00013613976677937146,0.24902616252873194,0.00012065427307455727,0.24330307858625802
KXLALIGAGAME-26MAY03RCCELC-RCC,7.0,0.53,7.0,0.2491,0.0005000000000000009,0.18539999999999995,0.00038807001686195374,0.2472986484650309,0.00027061852301110424,0.2654592322543969,0.0003043008959323129,0.25289373739029897
KXLALIGAGAME-26MAY03RCCELC-RCC,3.0,0.56,3.0,0.24639999999999998,0.00020000000000000036,0.18499999999999994,0.00017739127241606472,0.2481959521715779,0.0001104619379879278,0.25249741429305195,0.00010191042342164623,0.24830682478676194
KXATPMATCH-26MAY24HIJPAU-HIJ,3.0,0.07,3.0,0.0651,0.0,0.0037000000000000006,0.00010508637990545265,0.09484843255601696,7.498729082549157e-05,0.0960116822006229,0.00017973497104868794,0.08195001386752548
KXPGATOUR-3MO26-DMCC,7.0,0.12,7.0,0.1056,0.000323,0.012996999999999996,0.0003440655351762484,0.15641496779066785,0.00029969708582393647,0.15834549203465006,0.0003621154802099345,0.1430407677119111
KXGOVSHUTLENGTH-26JAN01-80D,14.0,0.09,14.041666666666666,0.0819,0.00014999999999999985,0.008900000000000002,0.0006142824401683771,0.18577982405860335,0.0004985528229532938,0.1759620604914322,0.0005772099173161497,0.19286147962925823
KXGOVSHUTLENGTH-26JAN01-80D,7.0,0.08,7.0,0.0736,9.99999999999999e-05,0.006500000000000001,0.00024916009652067926,0.13507623064000027,0.0002547161219363082,0.1568249201896912,0.00026323926404432,0.12451350462512631
KXNHLGAME-26MAY12BUFMTL-MTL,3.0,0.53,3.0,0.2491,0.0003999999999999963,0.31409999999999993,0.00015909070403235224,0.2483128403731216,0.00012205222951353837,0.2563659959896631,0.00012366655586811592,0.24862098640528857
KXNCAAFGAME-25NOV22USMUSA-USM,14.0,0.605,12.0,0.238975,0.00010000000000000018,0.288825,0.0006591604070736638,0.2516245094436495,0.0005310152937718713,0.26230981210704113,0.0005947168239655228,0.23625656088620167
KXNCAAFGAME-25NOV22USMUSA-USM,7.0,0.76,7.0,0.1824,0.00010000000000000018,0.2753,0.00038373086490656985,0.1867588332108744,0.0002797530967289506,0.20083841875975422,0.00036331708255697226,0.18156591031284933
KXNCAAFGAME-25NOV22USMUSA-USM,3.0,0.52,3.0,0.2496,0.00010000000000000018,0.24109999999999998,0.00014691603024544355,0.25171907744769795,0.00014154665685015764,0.2578051232035119,0.0001086169876907153,0.2499651398026108
KXWOMHOCKEY-26FEB13CANCHE-CHE,14.0,0.445,9.0,0.24697499999999997,0.0003999999999999996,0.41122500000000006,0.00047668919400463086,0.24610880223454187,0.000401237001627873,0.25920920222279714,0.00040897722030237534,0.24888305569015837
KXWOMHOCKEY-26FEB13CANCHE-CHE,7.0,0.25,7.0,0.1875,0.0003999999999999996,0.34570000000000006,0.0004549986457317366,0.20161706283918082,0.0003993161421750366,0.19800964370459248,0.0003950726948312337,0.19787280693033715
KXWOMHOCKEY-26FEB13CANCHE-CHE,3.0,0.18,3.0,0.1476,0.0003999999999999996,0.015400000000000002,0.0002055705206400232,0.15224761760611372,0.00018316475412869171,0.1641564890343435,0.00022202158293287873,0.15074995204300298
KXRTSUPERMAN-80,30.0,0.67,30.0,0.2211,0.0005000000000000009,0.2046,0.0016256264483602927,0.25662017864729847,0.0013478887948841444,0.29337677437716464,0.0016462390980663652,0.2447993386845036
KXRTSUPERMAN-80,14.0,0.81,14.0,0.15389999999999995,0.00020000000000000036,0.1855,0.0007445440101454526,0.18048298987204833,0.0005651947200940197,0.21237556473106564,0.0008474823463520964,0.16336744939233622
KXRTSUPERMAN-80,7.0,0.61,7.0,0.2379,0.00010000000000000018,0.12759999999999996,0.0003793738323913598,0.2405035787795818,0.00031793121000141163,0.24893647226613028,0.0002842753894769475,0.24279572698227916
KXRTSUPERMAN-80,3.0,0.95,3.0,0.04750000000000004,0.0,0.0017000000000000032,0.00010814525215885605,0.09224687889387702,8.632986742213022e-05,0.10236941306173336,0.00011282312438493463,0.08989275881386684
KXWCFTTS-26JUL01USABIH-USA,7.0,0.72,5.0,0.2016,0.0,0.0646,0.00026042542512938764,0.20703562074073303,0.00019813995306067173,0.21292072326880657,0.00023890513665796067,0.20762494039202678
KXWCFTTS-26JUL01USABIH-USA,3.0,0.74,3.0,0.19240000000000002,0.0,0.0626,0.00017815274817360995,0.1969563874119158,0.00014280428542995954,0.2045344844572304,0.0001294010763001462,0.2010826354017422
KXSPOTIFYD-24DEC27-ROC,7.0,0.09,5.0,0.0819,0.0002,0.006500000000000001,0.00017038420242691205,0.12256696296362046,0.0001451222584939692,0.12788065609475704,0.0002096089733428505,0.12666346045783938
KXSERIEAGAME-26MAY01PISLEC-TIE,7.0,0.33,7.0,0.2211,0.00020000000000000036,0.0909,0.00035550769621217853,0.22856608059252767,0.0003230709397244788,0.2367447290948061,0.0003281539768123475,0.22182028176919616
KXSERIEAGAME-26MAY01PISLEC-TIE,3.0,0.32,3.0,0.2176,0.00010000000000000018,0.0905,0.00014660092560754657,0.22001139481970775,0.00013952906800994452,0.2233737564821704,0.00010550177392981401,0.22066815784799546
KXPGATOUR-ATPBP26-SBUR,3.0,0.07,3.0,0.0651,0.0,0.0181,0.00011287880674735291,0.09190162566474953,8.957040855421113e-05,0.09128458961677711,0.00016165903222252053,0.08910985372958213
KXMVESPORTSMULTIGAMEEXTENDED-S20268B033AA8878-C4B40097E3B,3.0,0.5,3.0,0.25,0.00029000000000000006,0.22477599999999998,0.00017925731965965928,0.25249747603386824,0.0001561099020567173,0.25502325705986645,0.00011621740738225384,0.24969347781122878
KXEPLGAME-26FEB21CFCBUR-BUR,14.0,0.14,14.0,0.12040000000000001,0.0008999999999999991,0.0111,0.0007486827786463067,0.1895070659049317,0.0006628926859173026,0.1983390372559868,0.0007533109974107325,0.18302436562020374
KXEPLGAME-26FEB21CFCBUR-BUR,7.0,0.08,7.0,0.0736,0.0003999999999999996,0.005000000000000001,0.0002794631291692928,0.13871261036492347,0.000253157519455783,0.14100988514618512,0.00028290368880557577,0.12167087324413242
KXEPLGAME-26FEB21CFCBUR-BUR,3.0,0.08,3.0,0.0736,0.0001999999999999998,0.005000000000000001,0.00014273785057479242,0.09923027339658158,9.822580597727777e-05,0.08720367438324429,0.00016588426411270874,0.0953742958791178
KXEPLGAME-26MAY09SUNMUN-SUN,14.0,0.56,14.0,0.24639999999999998,0.0013249999999999996,0.151425,0.000779272088211404,0.2612496994714456,0.0006101175791370393,0.28646130942056475,0.0006720517401650728,0.24718445998021327
KXEPLGAME-26MAY09SUNMUN-SUN,7.0,0.22,7.0,0.1716,0.000999999999999999,0.05299999999999999,0.0004942831268973718,0.1835054234645333,0.00041978081010934356,0.186578480344428,0.0004721828940345099,0.19139851507977254
KXEPLGAME-26MAY09SUNMUN-SUN,3.0,0.22,3.0,0.1716,0.0003999999999999996,0.05299999999999999,0.00020529684392218872,0.18264198556666275,0.00017382430965886175,0.17693027618075546,0.00018114599566064436,0.17244380797443007
KXBUNDESLIGAGAME-26MAY03BMGBVB-BMG,7.0,0.21,7.0,0.1659,0.00025000000000000044,0.5486,0.0004810477012207252,0.17577110525216233,0.00044335731363779197,0.18761706160473499,0.00044652902384164056,0.19110253302292768
KXBUNDESLIGAGAME-26MAY03BMGBVB-BMG,3.0,0.25,3.0,0.1875,0.00020000000000000036,0.5477,0.00017493863229135415,0.19175058794779212,0.00015854153363589128,0.19099410839634512,0.00017079331667230053,0.19460344732240656
KXMLBGAME-26JUN012138COLLAA-COL,3.0,0.39,3.0,0.2379,0.0,0.8563000000000001,0.00017047132178578492,0.24117754888061943,0.00014049762287430615,0.239610899552861,0.00011695061676475206,0.23686826181187992
KXUFCFIGHT-26JUN14TOPGAE-GAE,30.0,0.18,28.0,0.1476,0.0014000000000000006,0.593,0.0015393081369223605,0.22537923869708432,0.0013672008506559986,0.2616808717029246,0.0014863616111975863,0.23697623264451173
KXUFCFIGHT-26JUN14TOPGAE-GAE,14.0,0.2,14.0,0.16000000000000003,0.0006000000000000005,0.593,0.0008173703683312951,0.18689422338938694,0.000718871049300867,0.21098878433835583,0.0007870012360162373,0.19865256409451193
KXUFCFIGHT-26JUN14TOPGAE-GAE,7.0,0.2,7.0,0.16000000000000003,0.00019999999999999982,0.593,0.00047013098743470787,0.19002131270060182,0.00038255872245138893,0.19602106135450348,0.00045420680036305125,0.17132391040673256
KXUFCFIGHT-26JUN14TOPGAE-GAE,3.0,0.21,3.0,0.1659,0.00010000000000000018,0.593,0.00019450776126437398,0.17729199536265747,0.00019658402522616217,0.17074769522707497,0.0001842876086337579,0.17368194201201093
RSENATESEATS-25-53,30.0,0.91,29.0,0.08189999999999997,0.0014000000000000024,0.015199999999999988,0.0013432260575376965,0.25967521077059535,0.0010831660793420362,0.24676959949562746,0.0013797908476514944,0.21430867333708456
KXWCSPREAD-26JUN25TURUSA-TUR2,30.0,0.14,22.0,0.12040000000000001,0.0013499999999999988,0.012550000000000002,0.001126596701789879,0.2024170983536134,0.0009940706980559753,0.22183833032328082,0.0011184705464814641,0.21109723321309154
KXWCSPREAD-26JUN25TURUSA-TUR2,14.0,0.17,14.0,0.1411,0.0007749999999999995,0.008825,0.0008146709909284056,0.1984081780574647,0.0006752195302839805,0.2015262771616935,0.0007715827601317774,0.20077227094560107
KXWCSPREAD-26JUN25TURUSA-TUR2,7.0,0.15,7.0,0.1275,0.0006999999999999997,0.0082,0.00045836807045912975,0.1538348653079643,0.0004153050709415139,0.16770321136235192,0.00047249542700216455,0.15774286982313734
KXWCSPREAD-26JUN25TURUSA-TUR2,3.0,0.1,3.0,0.09000000000000001,0.0,0.0082,0.00012352792922090257,0.10027387594460332,0.00010926355811601675,0.10609148792893784,0.00014050889041746246,0.11228623452363258
KXNCAAMBGAME-26MAR21JOESCAL-JOES,3.0,0.32,3.0,0.2176,0.00012500000000000022,0.4356249999999999,0.00016353515338003363,0.21943062879953834,0.00014027244021132794,0.2317794256601973,0.00012015065289088783,0.21667000356353067
KXNFLSPREAD-25OCT05MINCLE-MIN3,7.0,0.525,5.0,0.24937499999999999,0.00010000000000000018,0.24142499999999997,0.0002968848528534397,0.25096711659258325,0.0002485382782080829,0.252927091278098,0.00019054035341707143,0.2489362356235622
KXNFLSPREAD-25OCT05MINCLE-MIN3,3.0,0.49,3.0,0.2499,0.00010000000000000018,0.24019999999999997,0.0001383639140529934,0.25162467963871205,0.00012110841558650974,0.25473079304739654,0.00010421572632879934,0.2511621805153629
KXWC1H-26JUN17GHAPAN-TIE,14.0,0.45499999999999996,13.0,0.247975,0.0004749999999999964,0.2705,0.0007308161243797353,0.2552600949139768,0.0005810233523806978,0.26293335639988014,0.0006098517153705467,0.2524691232096208
KXWC1H-26JUN17GHAPAN-TIE,7.0,0.45499999999999996,7.0,0.247975,0.0003249999999999978,0.2705,0.000395605731288679,0.24812754970181086,0.0003057557886428717,0.25560960824057605,0.0003027045641110092,0.24958695468293735
KXWC1H-26JUN17GHAPAN-TIE,3.0,0.46,3.0,0.24840000000000004,0.0002499999999999988,0.2705,0.00015715983753522998,0.24920988865647986,0.00011785286922028296,0.24828619788686573,0.00011148847288386707,0.2481229169530923
KXWMARMAD-25R8G3-TCU,14.0,0.11000000000000001,14.0,0.09790000000000001,0.00015,0.36274999999999996,0.0006576664611361982,0.18159471615139697,0.0006020704005094469,0.18180779716683546,0.0006623238823540528,0.17907424082484205
KXWMARMAD-25R8G3-TCU,7.0,0.16999999999999998,7.0,0.1411,7.500000000000014e-05,0.10052499999999999,0.00045361590240787535,0.15466243575933894,0.00042858355707626165,0.17806820342842328,0.000539704374515252,0.17540369837387287
KXWMARMAD-25R8G3-TCU,3.0,0.11000000000000001,3.0,0.09790000000000001,0.0,0.0963,0.0001657720878898864,0.10875890193979221,0.000128483402209005,0.1260715711009264,0.0001826644494868995,0.10966637003235002
KXNFLPREPACKSGP-26JAN11BUFJAC-BUFO51,7.0,0.29,6.0,0.20589999999999997,0.0005999999999999989,0.0577,0.0002976806284892161,0.2078023117170992,0.00031149946750798173,0.21475777108715874,0.00027568883212514267,0.2191849658444017
KXNFLPREPACKSGP-26JAN11BUFJAC-BUFO51,3.0,0.27,3.0,0.1971,0.00020000000000000036,0.0577,0.00016399328832048028,0.19909132574537544,0.00011864005323174214,0.19842811310542124,0.00011932949534510057,0.19542398564844204
KXLALIGATOTAL-26SEP03RSORCC-2,7.0,0.425,7.0,0.24437499999999998,0.00020000000000000036,0.6149249999999999,0.00037483397868240745,0.2425526049721006,0.00029941406379942274,0.2496541236430078,0.0002850053682672572,0.24551672056702017
KXLALIGATOTAL-26SEP03RSORCC-2,3.0,0.74,3.0,0.19240000000000002,0.00010000000000000018,0.5480999999999999,0.000177502179357592,0.19804921255432192,0.000131893977072904,0.20498567004443477,0.00013002619762956982,0.19834771941225654
KXLIGUE1GAME-26MAY17PARPSG-TIE,7.0,0.155,7.0,0.130975,0.0002999999999999989,0.041124999999999995,0.00044970986825317206,0.16543380752075343,0.0004140296679710973,0.16994743635807033,0.0004692146206481241,0.15562622890674874
KXLIGUE1GAME-26MAY17PARPSG-TIE,3.0,0.2,3.0,0.16000000000000003,9.999999999999963e-05,0.0401,0.0001744507173261046,0.16096659332016547,0.0002093722091862673,0.17584533987856674,0.00022838467083217178,0.16960070054442578
KXWCMOV-26JUL11ARGSUI-ARGPEN,7.0,0.1,5.0,0.09000000000000001,0.00010000000000000018,0.006500000000000001,0.0001930612154332678,0.12319158779947592,0.00018261610653828864,0.13659197414302227,0.00020639037645071856,0.11996324510947613
KXWCMOV-26JUL11ARGSUI-ARGPEN,3.0,0.09,3.0,0.0819,0.0,0.006500000000000001,0.00013304056250055187,0.10660403622317932,0.00011568218538705707,0.11201014556140584,0.00016449259337853044,0.11005741714592897
KXECULPGAME-26JUL14MACMUR-MAC,3.0,0.45,3.0,0.24750000000000003,0.0,0.2517,0.0001460306375291083,0.24974423792392283,0.00012843708634084736,0.25337020150065537,9.987953840543292e-05,0.2466810641978829
KXATP-26WIM-ZVE,30.0,0.09,30.0,0.0819,0.0020999999999999986,0.054000000000000006,0.0011510383411948897,0.21965946584232526,0.0011185432173708811,0.21122215207216885,0.0011951210816226682,0.18749783250851956
KXATP-26WIM-ZVE,14.0,0.07,14.0,0.0651,0.0010999999999999992,0.054000000000000006,0.000478682430251073,0.14911133737502372,0.00048349993519696503,0.16733924954413623,0.0005401698403600935,0.17719178700053242
KXATP-26WIM-ZVE,7.0,0.1,7.0,0.09000000000000001,0.0007999999999999992,0.054000000000000006,0.00027399319512897964,0.1509882433771039,0.0002963174177543277,0.14578524129843135,0.00028861631231979454,0.1350238821124812
KXATP-26WIM-ZVE,3.0,0.23,3.0,0.1771,0.0,0.0371,0.00021664348762019857,0.18344764645163394,0.00015128177958347378,0.1829154744521025,0.00021615541062505858,0.17882189623460895
KXNFLSPREAD-26JAN18HOUNE-NE14,7.0,0.16,5.0,0.1344,0.0004499999999999991,0.0226,0.00038339530259472995,0.1588896466624062,0.00035052935487868967,0.17745983938011933,0.000340971416640545,0.1380597762837635
KXNFLSPREAD-26JAN18HOUNE-NE14,3.0,0.175,3.0,0.14437499999999998,0.00022499999999999956,0.0226,0.00021958603454232548,0.15197120955627527,0.00018410167212877697,0.1558366312365362,0.00020072063115220224,0.1442594616623394
KXWT20MATCH-26MAY300930INDENG-ENG,14.0,0.495,10.0,0.249975,2.5000000000000045e-05,0.23634999999999998,0.0005203071307740521,0.25289668360881185,0.0004322341246682143,0.27376270010751,0.00038257695072826996,0.25269025615191276
KXWT20MATCH-26MAY300930INDENG-ENG,7.0,0.54,7.0,0.2484,0.0,0.23384999999999997,0.00041327644564346215,0.24925525781590369,0.0002806434242980143,0.25246594840598513,0.00028566957223196294,0.24874087346137144
KXWT20MATCH-26MAY300930INDENG-ENG,3.0,0.495,3.0,0.249975,0.0,0.23182499999999995,0.00016109506961870318,0.25265744405972695,0.00014213802867164588,0.254372558430454,0.00010094753103653386,0.2512943908523785
KXNFLDRAFTPICK-26-8-CDOW,30.0,0.25,30.0,0.1875,0.0005250000000000006,0.5826250000000002,0.0016380012291409402,0.2518778510914834,0.0014892073884551981,0.27592835707874996,0.001620796531661581,0.2399984196676565
KXNFLDRAFTPICK-26-8-CDOW,14.0,0.07,14.0,0.0651,5.000000000000009e-05,0.5467000000000001,0.0005012301733466817,0.16628719367203545,0.0004865892848661328,0.17577007514347623,0.0004926444415199153,0.17914300054672475
KXNFLDRAFTPICK-26-8-CDOW,7.0,0.07,7.0,0.0651,5.000000000000009e-05,0.5205000000000001,0.00027160457073893023,0.1635963273579492,0.00025303585576040723,0.14422398009031567,0.0002895003758970295,0.1206351066992184
KXNFLDRAFTPICK-26-8-CDOW,3.0,0.07,3.0,0.0651,0.0,0.05969999999999999,9.129839025355325e-05,0.08621570780833601,9.355651237803766e-05,0.08885717268149136,0.0001628128629964655,0.0876986716259152
KXEPLGAME-25NOV23ARSTOT-ARS,14.0,0.69,14.0,0.2139,0.0006999999999999968,0.08460000000000002,0.0007599206462665291,0.2219786232008046,0.0006403753547153505,0.24822215459949173,0.0007161881752973302,0.2182447841736578
KXEPLGAME-25NOV23ARSTOT-ARS,7.0,0.68,7.0,0.2176,0.00019999999999999814,0.08420000000000002,0.0003832368165139969,0.22500301100019626,0.00029853119450131376,0.23384562241473605,0.0002953867252612525,0.21880518461598852
KXEPLGAME-25NOV23ARSTOT-ARS,3.0,0.69,3.0,0.2139,0.00010000000000000018,0.08420000000000002,0.00015793822320073038,0.2174588623755465,0.00014998212068979272,0.2191267012486064,0.00010968827091230073,0.21679848232208948
KXNCAAMBMW-26-USU,14.0,0.37,8.958333333333334,0.2331,0.0,0.23509999999999998,0.0004853395572218235,0.2356989968218574,0.00039375040728689795,0.26056535466710856,0.00040956481802232166,0.23806597784684896
KXNCAAMBMW-26-USU,7.0,0.41,6.958333333333334,0.24190000000000003,0.0,0.23349999999999999,0.00041787885022146696,0.2438510170530273,0.00031099327181359574,0.25029878781216724,0.00029595947478760744,0.24312656406425226
KXNCAAMBMW-26-USU,3.0,0.27,3.000000000000001,0.1971,0.0,0.2121,0.00021004030315815284,0.19844321472772883,0.0001717251801178618,0.2021472594685351,0.00016558869339973145,0.19974218750029138
KXSERIEAGAME-26APR06UDICOM-COM,7.0,0.59,7.0,0.2419,0.0004000000000000007,0.33649999999999997,0.0003850567660619955,0.2420540707797661,0.00032119873781081036,0.2447993676830199,0.00028581145061360607,0.2435960540751911
KXSERIEAGAME-26APR06UDICOM-COM,3.0,0.59,3.0,0.2419,0.00020000000000000036,0.33649999999999997,0.00015901636608545565,0.2430253484512857,0.00011466699346183148,0.2474260443883582,0.00011476209928936901,0.24320038135230798
KXNHLTOTAL-26JUN04VGKCAR-4,7.0,0.7150000000000001,5.0,0.20377499999999996,0.0004500000000000041,0.051525,0.00026229530696299095,0.21039745060782442,0.00019790249159026482,0.23349685840395668,0.00021973994833718465,0.20524555641634887
KXNHLTOTAL-26JUN04VGKCAR-4,3.0,0.755,3.0,0.184975,0.0002250000000000004,0.048499999999999995,0.00016176379488011365,0.18845538706241904,0.00013290436140822018,0.19767971136218107,0.0001469786726140417,0.1849604464323259
KXCPIYOY-26APR-T3.6,30.0,0.74,30.0,0.19240000000000002,0.0008999999999999993,0.17809999999999998,0.0015669391942605532,0.23928034727351086,0.001254690751225786,0.27713853826373264,0.0017599288440609529,0.21878718634306007
KXCPIYOY-26APR-T3.6,14.0,0.64,14.0,0.2304,0.0005000000000000009,0.053099999999999994,0.0008138446032109769,0.23886550838778509,0.0006626094016772677,0.2524419433048738,0.0006784582348879775,0.23095779729115265
KXCPIYOY-26APR-T3.6,7.0,0.65,7.0,0.22749999999999998,0.00020000000000000036,0.05189999999999999,0.0004177760160939689,0.2369667987094016,0.00031468588048602365,0.24221144786036589,0.0002949939630752276,0.22650082443322542
KXCPIYOY-26APR-T3.6,3.0,0.72,3.0,0.2016,0.00010000000000000018,0.04809999999999999,0.00015903579080586087,0.20457372052457132,0.0001386139449535798,0.21587810546990213,0.00014796906161485313,0.20314813538066026
KXMLSGAME-26JUL25SDDAL-SD,7.0,0.42500000000000004,7.0,0.244375,0.00010000000000000018,0.31872500000000004,0.00040929272275853646,0.24559249866355937,0.00030746931373781973,0.25574341986246774,0.0002991292924456396,0.2454419413364296
KXMLSGAME-26JUL25SDDAL-SD,3.0,0.45,3.0,0.24750000000000003,0.0,0.31410000000000005,0.00015913078651301986,0.2483925312634558,0.00010978951104019066,0.25627870728051105,0.00010418396049534117,0.24920165024802338
KXNCAAMBSPREAD-26MAR19VCUUNC-UNC2,3.0,0.47,3.0,0.2491,0.0,0.2517,0.00015698837211360373,0.24862243713767884,0.00013066547861748497,0.25354101269617024,0.00012471414736077275,0.24935416200829544
KXMLSGAME-26MAY10MINATX-MIN,7.0,0.53,7.0,0.2491,0.00039999999999999845,0.31449999999999995,0.0003714986808505233,0.25454892393231887,0.0003042261007708305,0.2614109819943941,0.0003194397909376767,0.2473287826800786
KXMLSGAME-26MAY10MINATX-MIN,3.0,0.59,3.0,0.2419,0.00020000000000000036,0.3136999999999999,0.0001625305378335038,0.2441102376504594,0.000146082974958434,0.23856451028569822,0.00011460476708130909,0.24408531197443792
KXUFLGAME-26JUN13DCLOU-LOU,7.0,0.485,6.0,0.249775,0.0004250000000000008,0.22139999999999999,0.0003134398560376739,0.2537798815301366,0.000293585871585275,0.25135834045347677,0.0002721475778736624,0.25033573217936306
KXUFLGAME-26JUN13DCLOU-LOU,3.0,0.49,3.0,0.2499,0.00010000000000000018,0.22139999999999999,0.0001728584155533435,0.24878564684548635,0.00012713660301950388,0.2500037273267901,0.00011109313120834614,0.25149720634825806
KXF1RACE-ITAGP26-ANT,14.0,0.09,13.0,0.0819,0.0008999999999999993,0.8667999999999999,0.0004984611331303973,0.18132886645076085,0.00045491257751945747,0.1798945522436418,0.0005138227643212536,0.16585202105217448
KXF1RACE-ITAGP26-ANT,7.0,0.11,7.0,0.0979,0.00039999999999999986,0.8658999999999999,0.00029716207754062975,0.14708344381466376,0.0002906366001330283,0.155936726588111,0.00030114622544865006,0.14007211883297147
KXF1RACE-ITAGP26-ANT,3.0,0.08,3.0,0.0736,0.0002000000000000001,0.8649999999999999,0.00012226866825085713,0.08621042704403786,8.908682720371378e-05,0.09929420738441772,0.0001581660408162742,0.1048967401291058
KXLIUSAELIMINATIONW-26JUN19-SOL,7.0,0.23,5.0,0.1771,0.0,0.4886999999999999,0.0003786574033508708,0.18882873694553443,0.000331367301646036,0.17993808197283784,0.00035035949041548417,0.1890866008273555
KXLIUSAELIMINATIONW-26JUN19-SOL,3.0,0.52,3.0,0.2496,0.0,0.3626,0.00016759196650583747,0.24836764421724516,0.00013288213345020387,0.2509881945929555,0.00012002109172719005,0.25020761440333333
KXECULPGAME-26JUL15LEOCUE-CUE,3.0,0.3,3.0,0.21,0.00010000000000000018,0.07849999999999999,0.00017714072017164265,0.21243735257025242,0.0001364192613951107,0.21840229010349282,0.00011481964841483203,0.21641645888164532
KXWCSPREAD-26JUN27CROGHA-CRO2,30.0,0.305,23.0,0.21197500000000002,0.0007499999999999981,0.07942500000000001,0.001219440032135781,0.24443796762130315,0.0010733429124950213,0.2749113137635632,0.0011449510581996451,0.2586373055726254
KXWCSPREAD-26JUN27CROGHA-CRO2,14.0,0.325,14.0,0.21937500000000001,0.0005249999999999977,0.07460000000000001,0.000793879654482659,0.22925349408804152,0.00059553478086052,0.26612244001689167,0.0007341881108062146,0.22602347979071
KXWCSPREAD-26JUN27CROGHA-CRO2,7.0,0.335,7.0,0.22277500000000003,0.0001249999999999991,0.07460000000000001,0.0003826266814675701,0.22458467695245432,0.00029637436944687583,0.2370450108477752,0.00031953472452506126,0.22787052835576316
KXWCSPREAD-26JUN27CROGHA-CRO2,3.0,0.29,3.0,0.20589999999999997,9.999999999999907e-05,0.07300000000000001,0.00015650749215445015,0.20933902644874272,0.00010832317989849703,0.21223087730470674,0.00011524835601414299,0.2073606576429855
KXNFLTOTAL-26AUG21GBDEN-51,7.0,0.22,5.0,0.1716,0.00019999999999999982,0.028199999999999996,0.0003615625972007888,0.1874175208542399,0.0003267014960593282,0.1994443459308594,0.00034357746191687115,0.18169693492196048
KXNFLTOTAL-26AUG21GBDEN-51,3.0,0.2,3.0,0.16000000000000003,0.0,0.028199999999999996,0.00020347708483073158,0.16154492472885096,0.00019014324433057374,0.1712680287650671,0.00018533502199177135,0.16696442947307552
KXPGAR2LEAD-THCCBN26-SSCH,3.0,0.21500000000000002,3.0,0.168775,0.00010000000000000018,0.019725000000000003,0.00020120355433429234,0.1785936361497477,0.00018069809179531597,0.17505423229554565,0.00020693101326067054,0.17024283843046356
KXEPLGAME-26FEB01AVLBRE-AVL,14.0,0.505,14.0,0.249975,0.0010499999999999997,0.205325,0.0008145360310473804,0.25111060782264444,0.0006256038305102917,0.28446729266032905,0.0006210665209870153,0.2529397592675546
KXEPLGAME-26FEB01AVLBRE-AVL,7.0,0.5,7.0,0.25,0.0005999999999999989,0.2038,0.0003901043207959509,0.25648783227397787,0.0003307678913967605,0.2609635746198694,0.0003205491930815045,0.2517277268334414
KXEPLGAME-26FEB01AVLBRE-AVL,3.0,0.49,3.0,0.2499,0.0004999999999999987,0.2026,0.0001770090148593438,0.24995547847202357,0.00012728960994237357,0.2503654160761312,0.00010793685055956098,0.24924879150954118
KXEPLGAME-25AUG30TOTBOU-BOU,7.0,0.21000000000000002,7.0,0.16590000000000002,0.00019999999999999925,0.5781,0.0005131602452835242,0.17532288583806557,0.00043784875350781437,0.19172463288867653,0.0004928678878100171,0.17061380888934846
KXEPLGAME-25AUG30TOTBOU-BOU,3.0,0.2,3.0,0.16000000000000003,9.999999999999963e-05,0.5781,0.00021417039134791367,0.16952809475147382,0.00020340464902600088,0.16586520277469521,0.00019037949548218242,0.1701628643840847
KXATPMATCH-26AUG01ATMDRA-DRA,3.0,0.69,3.0,0.2139,9.999999999999796e-05,0.44900000000000007,0.00016735779945895168,0.2133619165399056,0.00013375268173785652,0.219804196949282,0.00011188695337196908,0.21328592198501373
KXWCSPREAD-26JUL06PORESP-ESP3,3.0,0.11,3.0,0.0979,9.99999999999999e-05,0.0082,0.00012113190838697434,0.12195237453872153,9.902156482086132e-05,0.11208699123746939,0.0001721523803054338,0.11497840190099157
KXWTA-26BAD-OSA,3.0,0.28,3.0,0.2016,0.0,0.3669999999999999,0.00014494891187562077,0.2137983079352118,0.0001237385702875154,0.20559093839710207,0.00012978329663863972,0.20490322738311176
KXTRUMPOFFICIAL-25MAY01-KLA,30.0,0.56,30.0,0.24639999999999998,0.0015999999999999942,0.521,0.001696133182888619,0.2645982029922093,0.0011760518846327481,0.28698298343828016,0.001473426537936369,0.2564855399015965
KXTRUMPOFFICIAL-25MAY01-KLA,14.0,0.22,14.0,0.1716,0.000699999999999999,0.4865,0.0008288129102679525,0.1876548900015071,0.0007459685774756172,0.2164109525969684,0.0007994167772044946,0.20963359932926232
KXTRUMPOFFICIAL-25MAY01-KLA,7.0,0.1,7.0,0.09000000000000001,0.00030000000000000057,0.4829,0.0002945151416144647,0.14942842157679312,0.0002551493813629723,0.16441624639759841,0.00027726288268046725,0.14387362812734922
KXTRUMPOFFICIAL-25MAY01-KLA,3.0,0.06,3.0,0.05639999999999999,0.0,0.482,0.0001125960952950876,0.10220921697140703,9.002280372488606e-05,0.10227150238677638,0.00014284381968873098,0.09487593478283307
KXATPMATCH-26AUG30MOLBON-MOL,7.0,0.29,6.0,0.20589999999999997,0.00020000000000000036,0.0975,0.0002907180573171927,0.20726454622928578,0.0002526659353942825,0.2089623258881511,0.0002829425452408942,0.21647036012438156
KXATPMATCH-26AUG30MOLBON-MOL,3.0,0.33,3.0,0.2211,0.00010000000000000018,0.0966,0.00016533344895578407,0.22446197953754202,0.00014201291628354238,0.2245592111724573,0.00011205801914559278,0.2192652611695338
KXNBASUMMERGAME-26JUL13MINPOR-MIN,7.0,0.545,6.0,0.247975,0.0002250000000000004,0.27965,0.0003154297063695073,0.2508714805165997,0.00025365804795703654,0.24980908018598413,0.0002503425677654892,0.2477613002564563
KXNBASUMMERGAME-26JUL13MINPOR-MIN,3.0,0.505,3.0,0.249975,0.0,0.277225,0.00013960531754993427,0.24981647755651845,0.00012997631445550283,0.2590351107563256,0.00012124265814034217,0.24919196218133755
KXMLBGAME-26MAY302210PHILAD-LAD,3.0,0.59,3.0,0.2419,0.0,0.6883000000000001,0.00014997702774875696,0.24221531787561068,0.00011623288095063859,0.25031325052892284,0.00010965464677311032,0.24435431093039667
KXUFCFIGHT-26APR04YAKRIB-YAK,7.0,0.9,6.0,0.08999999999999998,0.00030000000000000057,0.006899999999999995,0.0003047882354428506,0.10267904952282837,0.000241827607679195,0.12445688476365115,0.0004066853082166537,0.10393726148769118
KXUFCFIGHT-26APR04YAKRIB-YAK,3.0,0.92,3.0,0.07359999999999997,0.00010000000000000018,0.006499999999999994,0.00013216640287570287,0.08058190449765583,9.849870691434116e-05,0.10116873920539073,0.00023082823984121918,0.07846033415219876
KXDIMAYORGAME-26AUG26AMEJUN-JUN,7.0,0.43000000000000005,7.0,0.2451,0.0003999999999999996,0.4229,0.00038813450609481823,0.24596805196944682,0.0003320332303818951,0.2508492827872467,0.0002913160146066913,0.24289183671886627
KXDIMAYORGAME-26AUG26AMEJUN-JUN,3.0,0.215,3.0,0.168775,0.0003999999999999996,0.044825,0.00019514101418839449,0.17399746539265923,0.00018351938324319674,0.17256467544288875,0.00020096967173381498,0.1770655073440066
KXWC1HSPREAD-26JUN21TUNJPN-JPN2,14.0,0.505,14.0,0.249975,0.0006,0.660475,0.0007330218423793292,0.2595295314090072,0.0006243665958746477,0.279515285340199,0.0006322778704264853,0.2488729133334096
KXWC1HSPREAD-26JUN21TUNJPN-JPN2,7.0,0.135,7.0,0.116775,0.0003999999999999996,0.6136250000000001,0.000361085543350425,0.1492141198027883,0.00036113664348125544,0.1646600997999153,0.0004005483866653671,0.15029417308215262
KXWC1HSPREAD-26JUN21TUNJPN-JPN2,3.0,0.15,3.0,0.1275,0.0,0.6121000000000001,0.00019857707131505222,0.14192670207565058,0.00017714124788148833,0.13872700405747973,0.00020071580680184966,0.12915520505967756
KXNFLTOTAL-26JAN10GBCHI-40,7.0,0.67,5.0,0.2211,0.00020000000000000036,0.12349999999999998,0.0002763504588020954,0.23178354327509884,0.00022634488496215942,0.22974848336897735,0.00021736119274188594,0.22545811607921817
KXNFLTOTAL-26JAN10GBCHI-40,3.0,0.64,3.0,0.2304,0.00020000000000000036,0.12259999999999999,0.00016807008993449614,0.23101046518478852,0.0001248733087001482,0.23874237943469256,0.00010384222983623563,0.23037925684413868
KXINTLFRIENDLYGAME-26JUN06ROUWAL-WAL,3.0,0.36,3.0,0.2304,0.0,0.12259999999999999,0.00014559024964102367,0.23093878502302162,0.00012904187646738206,0.23341101789056565,0.00010462180125776672,0.22859567734799768
KXUFCFIGHT-26SEP02HOLROD-HOL,7.0,0.505,6.0,0.249975,0.0,0.5973249999999999,0.0003470245493952516,0.25510916631723807,0.00027399041703062753,0.258663718843074,0.00023564229224061728,0.2491754420299567
KXUFCFIGHT-26SEP02HOLROD-HOL,3.0,0.65,3.0,0.22749999999999998,0.0,0.3787,0.00013919632230980676,0.22690964318055784,0.00012276210031795682,0.2366851114448717,0.00012407261209546307,0.22780960696361865
KXNHLWEST-26-VGK,30.0,0.1,30.0,0.09000000000000001,0.001199999999999998,0.1478,0.0011903601907466705,0.19870615062320332,0.0011266269077253633,0.22723441399453598,0.0012409769507411503,0.20753041242181028
KXNHLWEST-26-VGK,14.0,0.22,14.0,0.1716,0.00020000000000000036,0.12919999999999998,0.0008229832646062474,0.20067546580383355,0.0007303322005279281,0.207343790928421,0.0008223677656982578,0.2057794209631056
KXNHLWEST-26-VGK,7.0,0.3,7.0,0.21,0.00010000000000000018,0.1227,0.0004015264600478567,0.21369545065887746,0.0003054995170483297,0.22557105410705533,0.0003403619914546281,0.21175858095208305
KXNHLWEST-26-VGK,3.0,0.7,3.0,0.21000000000000002,0.0,0.04620000000000002,0.00016321758294514843,0.21584872098674646,0.00014670195795948515,0.22063145695022976,0.0001117811015298317,0.21122116569130256
KXWCGAME-26JUL11NORENG-TIE,7.0,0.26,5.0,0.19240000000000002,0.00010000000000000018,0.5185,0.00027205339371284056,0.2130745465816035,0.0002610685079934056,0.20373088757689517,0.00028275032658638723,0.19970772466871792
KXWCGAME-26JUL11NORENG-TIE,3.0,0.26,3.0,0.19240000000000002,0.00010000000000000018,0.5185,0.00016785186807893114,0.19542350182802054,0.00016077854404176667,0.20867963737658285,0.0001499588976628741,0.19950341505165511
KXLIGAMXGAME-26AUG21TIGALA-ALA,14.0,0.41500000000000004,14.0,0.24277500000000002,0.00022499999999999956,0.10525000000000001,0.0007865883959445748,0.25111880402666037,0.0006184469534105683,0.26688250730483654,0.000682335032564222,0.24791075472689536
KXLIGAMXGAME-26AUG21TIGALA-ALA,7.0,0.16,7.0,0.1344,9.999999999999963e-05,0.028100000000000003,0.0004916236930825516,0.16093513737897813,0.00039295137422350787,0.1714271634312421,0.0004577260737317475,0.15979910222016297
KXLIGAMXGAME-26AUG21TIGALA-ALA,3.0,0.17,3.0,0.1411,0.0,0.0257,0.000204671521902705,0.1530495318740332,0.00019857759325010087,0.1555777488431528,0.00022401124341469328,0.14627177994547214
KXNFLSPREAD-25DEC29LAATL-ATL2,14.0,0.5,13.0,0.25,0.00012500000000000022,0.666525,0.0007217138528610272,0.2528834430826792,0.0005464125608896853,0.2666475174706902,0.0006259451019382709,0.24874558043140602
KXNFLSPREAD-25DEC29LAATL-ATL2,7.0,0.16999999999999998,7.0,0.1411,0.00012500000000000022,0.6248250000000001,0.0004699344302689884,0.15590466323034,0.0004366106684425958,0.16659934396378304,0.00045222714629115945,0.16037540840528272
KXNFLSPREAD-25DEC29LAATL-ATL2,3.0,0.18,3.0,0.1476,2.5000000000000045e-05,0.6248250000000001,0.0002091980397848014,0.14853325708399312,0.00020991517828354372,0.1605722595610088,0.00020363129895362516,0.14765878525944276
KXAAAGASM-26MAR31-4.50,30.0,0.49,21.958333333333332,0.2499,0.0005999999999999998,0.22510000000000002,0.0011975483058066997,0.2606291965266216,0.0009815087510222336,0.30622911455674817,0.0010156503827668361,0.25472094430454734
KXAAAGASM-26MAR31-4.50,14.0,0.17,14.0,0.1411,0.0005999999999999998,0.05310000000000001,0.0007930566967455654,0.18927505417008347,0.0006556505484377536,0.194711469450219,0.0008181736432191682,0.19164065696918214
KXUFCFIGHT-26JUN27MAGPER-MAG,7.0,0.75,6.0,0.1875,0.00020000000000000036,0.04889999999999999,0.0003289437497737772,0.1936590243228452,0.0002447396919579552,0.20958237051680575,0.00029613041532466244,0.19372802036750106
KXUFCFIGHT-26JUN27MAGPER-MAG,3.0,0.76,3.0,0.1824,0.00010000000000000018,0.048499999999999995,0.00015815706317724997,0.18737148074119644,0.00013850384301066645,0.19132317531673748,0.00015249491823980196,0.18359747976093477
KXNFLSPREAD-25DEC07NOTB-TB6,14.0,0.5,12.0,0.25,0.00020000000000000036,0.34859999999999997,0.0006580874701545388,0.24886362464880565,0.0005124994762139971,0.2543059043934767,0.0005106571253380045,0.2514517069759211
KXNFLSPREAD-25DEC07NOTB-TB6,7.0,0.61,7.0,0.2379,0.00020000000000000036,0.33649999999999997,0.0004019537994089507,0.24502351044560078,0.0003006524857302373,0.2620063116562746,0.00033295028769868756,0.24056489419498273
KXNFLSPREAD-25DEC07NOTB-TB6,3.0,0.6,3.0,0.24,0.00010000000000000018,0.33649999999999997,0.00016379430196714897,0.24187592692569315,0.0001299309674758932,0.24363469554353187,0.00011728541902578735,0.23992386055329618
KXJLEAGUEGAME-26MAR27VIKSAN-VIK,3.0,0.4,3.0,0.24,0.0,0.3614,0.0001691634536838294,0.23788779588229655,0.00011808364342416733,0.24690346411439804,0.00011174518358997049,0.2416919730545532
KXVOTEPERCENTMAMDANI-25NOV04-44,30.0,0.445,30.04166666666667,0.24697499999999997,0.0009250000000000005,0.16010000000000002,0.0017293415745185795,0.265005441852138,0.0013328534938407133,0.31566807962054005,0.0015899750085910367,0.2531131698502984
KXNCAAFGAME-25DEC29GASOAPP-GASO,30.0,0.615,21.0,0.236775,0.0010999999999999975,0.072125,0.0011135682748668098,0.2555573379159063,0.0009364382948186961,0.3059721160960571,0.0010346114313333687,0.24024584769987153
KXNCAAFGAME-25DEC29GASOAPP-GASO,14.0,0.64,14.0,0.2304,0.000899999999999997,0.0655,0.0007648487088817376,0.23560017471960182,0.0006236047086375224,0.24842738620807572,0.0007071443537382477,0.23633860344619997
KXNCAAFGAME-25DEC29GASOAPP-GASO,7.0,0.71,7.0,0.20590000000000003,0.00030000000000000057,0.0626,0.0003652103540092051,0.2142065805189471,0.0003371276180825151,0.21934992277667498,0.00033136108267674963,0.21135484081984557
KXNCAAFGAME-25DEC29GASOAPP-GASO,3.0,0.72,3.0,0.2016,0.00020000000000000036,0.0626,0.00017311687415686144,0.20546438403900588,0.000127080530172453,0.21221708002303744,0.0001120718795842413,0.2043416448016675
KXWCGROUPWIN-26L-GHA,30.0,0.07,30.0,0.0651,0.001,0.0021,0.0011570536153228943,0.2077647170510346,0.001125664311644637,0.19454533465352497,0.001131300695990545,0.2041177913903819
KXWCGROUPWIN-26L-GHA,14.0,0.05,14.0,0.0475,0.00039999999999999986,0.0021,0.00043456946320921273,0.1963327408460641,0.00042816310213419765,0.15119268124819288,0.0004566463154471919,0.1434806220186103
KXWCGROUPWIN-26L-GHA,7.0,0.05,7.0,0.0475,0.0001999999999999998,0.0017000000000000001,0.0002477871967843395,0.10722391124285367,0.0002274379765495754,0.13473010810386818,0.0002481705383141593,0.16294346511365743
KXWCGROUPWIN-26L-GHA,3.0,0.05,3.0,0.0475,0.0,0.0017000000000000001,0.0001035094038718366,0.08669023838103118,8.426821772704456e-05,0.09275868702230639,0.0001386227362283711,0.11775539327884348
KXWC1HSPREAD-26JUN26URUESP-ESP2,30.0,0.495,22.0,0.249975,0.000625,0.26425,0.0012437827093553018,0.26234117779470567,0.0009693833165740911,0.29855088853661316,0.0010743913208436523,0.2549311930577077
KXWC1HSPREAD-26JUN26URUESP-ESP2,14.0,0.4,14.0,0.24,0.000625,0.25442499999999996,0.0007295091656208841,0.25006863072614555,0.0006085905671645534,0.2791264650533016,0.0006477666676023335,0.2392027429852523
KXWC1HSPREAD-26JUN26URUESP-ESP2,7.0,0.15,7.0,0.1275,0.0006,0.026699999999999998,0.00043997948853794866,0.15498044552795442,0.0003829297364570567,0.17581767449268046,0.000443662715341866,0.15152252666926164
KXWC1HSPREAD-26JUN26URUESP-ESP2,3.0,0.19,3.0,0.1539,0.0004999999999999998,0.0226,0.0001834923401504054,0.16381323976250883,0.00019711577494474538,0.1691196460135857,0.00019149058818848934,0.15989334623795318
KXLALIGAGAME-26MAR22BARRVC-BAR,7.0,0.74,7.0,0.19240000000000002,0.00010000000000000018,0.036099999999999986,0.0003802018826806747,0.19412380224099274,0.00026460342971302875,0.21178104901659262,0.00032398212027291945,0.19719565044761964
KXLALIGAGAME-26MAR22BARRVC-BAR,3.0,0.81,3.0,0.15389999999999995,0.0,0.03249999999999998,0.00017949389200711774,0.15656852565070084,0.00014449350680621482,0.1642608456147749,0.0001498388496984853,0.1579964789136008
KXWOMHOCKEY-26FEB11SWEITA-ITA,3.0,0.09,3.0,0.0819,0.00039999999999999986,0.0020999999999999994,0.00012758915829742815,0.1034353676633075,0.00010798272032573006,0.1015566738789127,0.00017154355819338422,0.11005399891307203
KXNCAAFTOTAL-26AUG29MEMUNLV-41,30.0,0.5,20.0,0.25,0.00017500000000000032,0.11932499999999999,0.0011238477511565168,0.2555809956482639,0.0009007204304097914,0.28034003258250306,0.0009636883616279601,0.2519895218587177
KXNCAAFTOTAL-26AUG29MEMUNLV-41,14.0,0.7150000000000001,14.0,0.20377499999999996,0.00017500000000000032,0.07309999999999996,0.0007906690960821331,0.20917425821497035,0.0006017830593027876,0.2353127984601894,0.0007143105395434874,0.21150379339675265
KXNCAAFTOTAL-26AUG29MEMUNLV-41,7.0,0.865,7.0,0.116775,0.00017500000000000032,0.050599999999999985,0.0003733126513104533,0.13290816997072052,0.0002940253684277413,0.1465662506871395,0.0004872758315830582,0.12565732791663767
KXNCAAFTOTAL-26AUG29MEMUNLV-41,3.0,0.85,3.0,0.1275,0.00010000000000000018,0.050599999999999985,0.00017021116601999327,0.12625853679104088,0.0001460075836423798,0.14519544657936495,0.00018071013922981666,0.13079457088535162
KXCANLIBSEATS-25-164.5,30.0,0.15,30.0,0.1275,0.00035000000000000065,1.546,0.0014667630844988316,0.22442395742741056,0.0014361819729139002,0.2508185160627273,0.0016130018635522382,0.22318373335036462
KXCANLIBSEATS-25-164.5,14.0,0.62,14.0,0.2356,0.00025000000000000044,0.61105,0.0007848595119248249,0.24204881922406798,0.0005893485030471966,0.26157574668819555,0.000655809234518915,0.23647732891667828
KXCANLIBSEATS-25-164.5,7.0,0.3,7.0,0.21,5.000000000000009e-05,0.56325,0.0003659591843725376,0.21664579138546133,0.0003398755233788872,0.2181191755591008,0.0003427591585787526,0.21584315755120043
KXNFLGAME-25DEC14INDSEA-SEA,14.0,0.5,13.0,0.25,0.0004000000000000007,0.1508,0.0007201807654702004,0.2578119766209555,0.0005913078337457063,0.27687441690622583,0.0006021203138289681,0.2527855704831001
KXNFLGAME-25DEC14INDSEA-SEA,7.0,0.83,7.0,0.14110000000000003,0.00020000000000000036,0.014700000000000001,0.00035540493569327316,0.15866464033047165,0.00026919508854651307,0.17219628137183438,0.00042252306316467353,0.14461824899382625
KXNFLGAME-25DEC14INDSEA-SEA,3.0,0.89,3.0,0.09789999999999999,0.00010000000000000018,0.012199999999999997,0.0001685690496112886,0.11104110857304379,0.0001296623820482863,0.1114789587820059,0.00018456144108630162,0.10428952726478012
KXMLSGAME-26MAR14DALSD-SD,7.0,0.5,6.958333333333333,0.25,0.00029999999999999943,0.15510000000000002,0.00036363627604280344,0.25241607932792387,0.00031082563630834643,0.26206469125509224,0.00029846972360801063,0.24865254050670763
KXMLSGAME-26MAR14DALSD-SD,3.0,0.43,2.9999999999999996,0.2451,0.00010000000000000018,0.1538,0.00017676511858025361,0.24378771497480373,0.00012812744972100156,0.24307626331543278,0.00012477146052707654,0.24442554657446267
KXTXSENATEDEMTURNOUT-26MAR03-24,30.0,0.47,25.958333333333332,0.2491,0.0010000000000000002,0.9132999999999999,0.001388919133659764,0.27552994281884713,0.0012364549691083848,0.30097391721729627,0.0012912584483045074,0.25604127305819496
KXCLUBFGAME-26AUG16LFCCOM-COM,7.0,0.22,7.0,0.1716,0.0,0.10475,0.0004893230993715437,0.1866267736244717,0.00043185709977216325,0.18203821923931784,0.0004554308994588209,0.18733893499842988
KXCLUBFGAME-26AUG16LFCCOM-COM,3.0,0.22,3.0,0.1716,0.0,0.046,0.00020249319235321,0.1816575582616283,0.00016541112538581826,0.1789329459604479,0.00019071475044956935,0.17356936595636038
KXETHMINY-25DEC31-1999.99,30.0,0.08,29.999999999999986,0.0736,0.0015999999999999996,0.48619999999999997,0.0010813481946345723,0.1853654552346838,0.0010962092227167109,0.23346990781543123,0.0011891733856165692,0.20262747505788845
KXETHMINY-25DEC31-1999.99,14.0,0.05,14.0,0.0475,0.0006000000000000002,0.4817,0.0004753532640346634,0.15572184855025448,0.00046048809631535966,0.15504499013022074,0.00047581905093545626,0.1540239927994537
KXNFLGAME-25DEC21KCTEN-TEN,14.0,0.5,13.0,0.25,0.00020000000000000036,0.47480000000000006,0.000668243869507747,0.25410260556420733,0.0005688935059926159,0.2738810209778864,0.0005264773307458344,0.2536378807779889
KXNFLGAME-25DEC21KCTEN-TEN,7.0,0.38,7.0,0.2356,0.00010000000000000018,0.30390000000000006,0.0003963071464350238,0.24211320071121073,0.0003115067659172037,0.2487175643220972,0.0003112328481235001,0.24329882752575788
KXNFLGAME-25DEC21KCTEN-TEN,3.0,0.39,3.0,0.2379,0.0,0.30390000000000006,0.0001643243122944567,0.23740488228298331,0.0001240003861405858,0.2461638992650466,0.00011036865890895826,0.2385705107740918
KXATPMATCH-26MAY24KOKATM-ATM,3.0,0.72,3.0,0.2016,0.00010000000000000018,0.5480999999999999,0.00016481421109901576,0.20013972578932113,0.00011385127370119173,0.22249508797853793,0.00010640208039519716,0.19853335212890524
KXMVESPORTSMULTIGAMEEXTENDED-S2026D20520F4A54-C0B94E2077E,3.0,0.392,3.0,0.238336,0.00032399999999999855,0.172198,0.00015920884500633287,0.24087997968883157,0.0001043426110378654,0.24364129848852883,0.00012884226488693205,0.2394423181947725
KXWC1HTOTAL-26JUN26NZLBEL-1,30.0,0.495,22.0,0.249975,0.0006500000000000012,0.14932499999999993,0.001225528423924638,0.2594098227827597,0.0009926170156406742,0.2997447474607336,0.0010625479305344007,0.255308965018539
KXWC1HTOTAL-26JUN26NZLBEL-1,14.0,0.72,14.0,0.2016,0.000600000000000001,0.03789999999999998,0.0008481790749772477,0.21196928611197358,0.0006640008700796208,0.24417960979949138,0.0007432096178358653,0.2117732992101547
KXWC1HTOTAL-26JUN26NZLBEL-1,7.0,0.74,7.0,0.19240000000000002,0.00015000000000000029,0.036999999999999984,0.00037389351561602555,0.19187638532686246,0.00028344707021552294,0.22914960406642135,0.00034063811476494623,0.19883039706950817
KXWC1HTOTAL-26JUN26NZLBEL-1,3.0,0.77,3.0,0.17709999999999998,0.00010000000000000018,0.03659999999999998,0.0001718469929760546,0.18636856211685351,0.00014386037196622645,0.19206442917717767,0.00013397618632284526,0.18644745296666593
KXMLSGAME-26AUG29COLRSL-RSL,14.0,0.71,14.0,0.20590000000000003,0.00010000000000000018,0.64645,0.000757720489807323,0.22297776674609807,0.0006089332736894528,0.22738259176715495,0.0007116617038771017,0.21423456522817638
KXMLSGAME-26AUG29COLRSL-RSL,7.0,0.29,7.0,0.20589999999999997,0.0,0.5543,0.0003685787068915638,0.22087403134406913,0.0003327862413879642,0.22302390721577667,0.0003720018908612635,0.21079192727019616
KXMLSGAME-26AUG29COLRSL-RSL,3.0,0.28,3.0,0.2016,0.0,0.5529999999999999,0.00014893686686005784,0.2065943724066067,0.00012387341661363255,0.20216625624959142,0.00013469446674174108,0.2037008932917623
KXNFLSPREAD-25DEC14NYJJAC-JAC13,14.0,0.5,12.0,0.25,0.00020000000000000036,0.23254999999999998,0.0006334694443852951,0.24794272679764284,0.0005205800380263338,0.2691469995181782,0.000560429585831615,0.25013018778586416
KXNFLSPREAD-25DEC14NYJJAC-JAC13,7.0,0.415,7.0,0.24277499999999996,0.00020000000000000036,0.22532499999999997,0.00038765129551937783,0.24547430063250597,0.0003082739438072358,0.24968225088663054,0.00029670381555853693,0.2425586468193113
KXNFLSPREAD-25DEC14NYJJAC-JAC13,3.0,0.49,3.0,0.2499,0.0,0.2219,0.00015849691884352944,0.24961041584048096,0.00013344303674068736,0.2525949592101658,0.00011968069151443251,0.25035827919252507
KXMLSGAME-26MAY23NSHNYC-NSH,7.0,0.475,7.0,0.24937499999999999,0.00020000000000000036,0.19302499999999995,0.00039214190652910123,0.25342199494223555,0.0003079896528260508,0.26338143255179475,0.00030349024222111687,0.24957519417992674
KXMLSGAME-26MAY23NSHNYC-NSH,3.0,0.54,3.0,0.2484,0.0,0.18539999999999995,0.00016829489596789323,0.2505510321749411,0.00012462682254467923,0.2500367571062894,0.00011262869900286307,0.24877941731191444
KXMENWORLDCUP-26-MX,3.0,0.055,3.0,0.051975,9.000000000000015e-06,0.0026019999999999997,0.00015603584500442137,0.10261638182007556,0.00015356433259562478,0.09393820384553755,0.0002125455372190597,0.08614715052324201
KXMARMAD-25R64G30-TROY,3.0,0.15,3.0,0.1275,0.0,0.019699999999999995,0.00021286838451340843,0.13209686415316813,0.00020497675928909747,0.13738440792352358,0.0002118220054152308,0.12947040561509696
KXNFLSPREAD-25NOV27KCDAL-KC6,14.0,0.5,9.0,0.25,0.00042499999999999965,0.17342499999999997,0.000511443281339353,0.251182571826287,0.0004132820978650763,0.26967591882453074,0.00035650468938656086,0.2513187301159584
KXNFLSPREAD-25NOV27KCDAL-KC6,7.0,0.41500000000000004,7.0,0.24277500000000002,0.00042499999999999965,0.16619999999999996,0.000372330885370128,0.24624470475731555,0.00031556823095805093,0.2491317019507102,0.0002957573560943536,0.24319719903485285
KXNFLSPREAD-25NOV27KCDAL-KC6,3.0,0.39,3.0,0.2379,0.00019999999999999925,0.16009999999999996,0.00014443305029653182,0.23797724796650627,0.0001281820440315769,0.23880972148500934,0.0001231418395976861,0.23846647026631784
KXUFCFIGHT-26JAN24NURFIG-FIG,30.0,0.09,18.0,0.0819,0.0005999999999999994,0.010500000000000002,0.0006914830056140611,0.19989276927263824,0.0006610747783732324,0.1900770288947937,0.0006755238600588292,0.18925609232622662
KXUFCFIGHT-26JAN24NURFIG-FIG,14.0,0.1,14.0,0.09000000000000001,0.0004999999999999995,0.010100000000000001,0.0005830254589999448,0.1805862338816516,0.0005486816694952493,0.1948082382010469,0.0005535088692192968,0.1865561570316593
KXUFCFIGHT-26JAN24NURFIG-FIG,7.0,0.12,7.0,0.1056,0.0002999999999999997,0.010100000000000001,0.0003674457334817731,0.15945778370179783,0.0002925339328998077,0.16762050559921718,0.00035753741550526583,0.15840732710216904
KXUFCFIGHT-26JAN24NURFIG-FIG,3.0,0.12,3.0,0.1056,9.99999999999999e-05,0.010100000000000001,0.00014994194724348903,0.11968797000809836,0.00012167877027678499,0.12603623251579918,0.00018244305069994298,0.1190787751265956
KXNCAAMBSPREAD-26MAR19PENNILL-ILL22,7.0,0.53,5.0,0.2491,0.00042499999999999634,0.156225,0.0002906633015657962,0.25299623536338933,0.00022661060058976154,0.2574159655802034,0.000211730483618482,0.25052999001211207
KXNCAAMBSPREAD-26MAR19PENNILL-ILL22,3.0,0.55,3.0,0.2475,2.5000000000000045e-05,0.154625,0.00016371735614530272,0.24884044563632723,0.00012745410045194913,0.2481474179368794,0.00011324728174157324,0.24664683800733492
KXSERIEAGAME-26JAN30LAZGEN-TIE,7.0,0.29500000000000004,7.0,0.20797500000000002,0.0005999999999999989,0.10442500000000002,0.0003686942380782443,0.21581905321684824,0.00030341832938899906,0.22824087245111946,0.0003206513009874986,0.21218464614435523
KXSERIEAGAME-26JAN30LAZGEN-TIE,3.0,0.3,3.0,0.21,0.00010000000000000018,0.1029,0.0001533470949288555,0.21020866495057378,0.0001361388091220072,0.21376446831398233,0.00013676879721411688,0.21301114464723853
KXBOXING-26SEP04JRKNYBA-KNYBA,14.0,0.275,9.0,0.199375,0.0009249999999999966,0.22499999999999998,0.0004926350357451763,0.21320903313788306,0.00041908927963087595,0.23452342374062318,0.00048219557451108236,0.21464195592513724
KXBOXING-26SEP04JRKNYBA-KNYBA,7.0,0.29,7.0,0.20589999999999997,0.0006999999999999979,0.22499999999999998,0.000368647593325733,0.21065811307791393,0.00036062848518084,0.2222751296275787,0.00030342091954947106,0.21511465130410543
KXBOXING-26SEP04JRKNYBA-KNYBA,3.0,0.32,3.0,0.2176,0.0,0.22499999999999998,0.0001789269420690058,0.21897915541546836,0.0001325909543407587,0.22549834900679663,0.00010319631629682371,0.22019345802415063
KXSECPRESSMENTION-26FEB21-HOME,7.0,0.545,6.0,0.247975,0.00010000000000000018,0.6618249999999999,0.0003566252925079441,0.24839847095907616,0.0003046467668375037,0.2490589247926976,0.0002339511920926451,0.24879041761739273
KXSECPRESSMENTION-26FEB21-HOME,3.0,0.56,3.0,0.24639999999999998,0.0,0.46019999999999994,0.00016262109342126665,0.24796470130325488,0.00013793702753111083,0.25051708515609783,0.00011802362047395747,0.24765006932818104
KXWCCONTINENT-26-SA,30.0,0.18,30.0,0.1476,0.0019999999999999974,0.23739999999999994,0.0016584089221532144,0.23457673980279783,0.0015625022991413912,0.24183459976748167,0.0015687986245319975,0.22572981553862173
KXWCCONTINENT-26-SA,14.0,0.17,14.0,0.1411,0.00030000000000000003,0.21599999999999994,0.0007401874098508002,0.19340796756184045,0.0006667035936613622,0.21608214580181218,0.000839952528003033,0.1889686219098636
KXWCCONTINENT-26-SA,7.0,0.2,7.0,0.16000000000000003,0.00010000000000000018,0.21349999999999994,0.00048579870418779717,0.1854837435395706,0.00042955765505546403,0.1924329269792926,0.0005294052316843351,0.17157658675361304
KXWCCONTINENT-26-SA,3.0,0.43,3.0,0.2451,0.00010000000000000018,0.16819999999999996,0.00016640471411181234,0.25114061402795324,0.0001381632605453668,0.24836082471240847,0.00012152684589835597,0.24435141923233047
KXNCAAFGAME-26AUG29HAWSTAN-STAN,30.0,0.64,30.0,0.2304,0.0011999999999999977,0.12919999999999998,0.0016221952408559737,0.24341744344476457,0.001259844204461108,0.3144270891374934,0.0016087288914772085,0.24689621310319562
KXNCAAFGAME-26AUG29HAWSTAN-STAN,14.0,0.64,14.0,0.2304,0.00020000000000000036,0.12499999999999999,0.0008101187317043168,0.24122684136370068,0.0006073945261357987,0.27467956436111396,0.0006644309413374327,0.23588317671771064
KXNCAAFGAME-26AUG29HAWSTAN-STAN,7.0,0.67,7.0,0.2211,0.00010000000000000018,0.12339999999999998,0.00037540539100669733,0.21943827213492537,0.00028389925753827066,0.2355959552724939,0.00030653127773953924,0.22364818595288707
KXNCAAFGAME-26AUG29HAWSTAN-STAN,3.0,0.63,3.0,0.2331,0.00010000000000000018,0.12259999999999999,0.0001769536828595102,0.22978167079305908,0.000164400056740672,0.23784700141698994,0.00011911441324992488,0.2371445395466356
KXWCSPREAD-26JUN12CANBIH-BIH2,7.0,0.09,7.0,0.0819,0.0006,0.0055000000000000005,0.00026903958180229324,0.16538111919806064,0.00024172226088029367,0.1541109290703216,0.00026081671468626647,0.14561875369456265
KXWCSPREAD-26JUN12CANBIH-BIH2,3.0,0.06,3.0,0.05639999999999999,0.00010000000000000018,0.0037000000000000006,0.000100981113579304,0.09009329012103884,9.174888551520096e-05,0.1178319425826806,0.00014689707715802162,0.09208532557131065
KXBRASILEIROGAME-26FEB19CAPCOR-COR,7.0,0.395,7.0,0.238975,0.00010000000000000018,0.7903249999999999,0.0003970700992626869,0.24163713324876213,0.00031264908185581425,0.25449151619204313,0.0003033461331495799,0.2416353646272348
KXBRASILEIROGAME-26FEB19CAPCOR-COR,3.0,0.32,3.0,0.2176,0.00010000000000000018,0.4628999999999999,0.00016246413094615807,0.22522331037694954,0.0001194324781444498,0.22707175041774483,0.000106987145347273,0.22001303491643726
KXNFLSPREAD-25OCT19NYGDEN-NYG10,7.0,0.08,5.0,0.0736,0.00025000000000000006,0.014049999999999998,0.0001691663804803491,0.09103629067963023,0.0001538830812763178,0.11888280151194298,0.0001873189125012313,0.13201444177620397
KXNFLSPREAD-25OCT19NYGDEN-NYG10,3.0,0.09,3.0,0.0819,2.5000000000000045e-05,0.013425,0.00013331733368241962,0.10099017858560913,0.00010040726320289232,0.1150709318064451,0.000172852937267218,0.09296969945072689
KXNCAAFGAME-25NOV27NAVYMEM-NAVY,14.0,0.5,11.0,0.25,9.999999999999907e-05,0.87635,0.000637800519644629,0.25504902504868754,0.00047682044568435523,0.2656314775450448,0.0004990922706518228,0.2504106250466014
KXNCAAFGAME-25NOV27NAVYMEM-NAVY,7.0,0.38,7.0,0.2356,9.999999999999907e-05,0.3625,0.00035728860313807197,0.24034580931789074,0.0003325441562856468,0.24147148842555846,0.00030120008999844745,0.23890228565649793
KXNCAAFGAME-25NOV27NAVYMEM-NAVY,3.0,0.37,3.0,0.2331,0.0,0.3605,0.00014124155602891653,0.23612714319571596,0.00012304665748240183,0.24506489714977317,0.00010433173277495104,0.23341147649263758
KXMETGALA-BIL,30.0,0.64,30.0,0.2304,9e-06,0.944275,0.001630068961294609,0.2612543211687948,0.001231307283816863,0.29205597839026287,0.0015481435017713563,0.24516781862834566
KXMETGALA-BIL,14.0,0.21,14.0,0.1659,9e-06,0.657925,0.0008151898430234644,0.19938838983280394,0.0006925605706740301,0.21078695394890523,0.0008094228273702854,0.19856579757501855
KXMETGALA-BIL,7.0,0.24,7.0,0.1824,9e-06,0.3806249999999999,0.0004563221669245594,0.1893960822330247,0.0003946623026545185,0.20960426485448824,0.0004207754129513631,0.1946250409100068
KXMETGALA-BIL,3.0,0.26,3.0,0.19240000000000002,9e-06,0.064025,0.00017702923593007738,0.1922517808499556,0.0001338136334239654,0.20039151170261363,0.0001706707389984701,0.19634810407823977
KXNFLSPREAD-25NOV20BUFHOU-HOU3,14.0,0.5,9.0,0.25,0.0,0.6648000000000001,0.0005130679484475666,0.2521716808488408,0.0004026470894315727,0.27496333361852643,0.0003880481029253167,0.24779388712362732
KXNFLSPREAD-25NOV20BUFHOU-HOU3,7.0,0.38999999999999996,7.0,0.2379,0.0,0.6527000000000001,0.0003509067921939499,0.23852074830160178,0.0003344696327586415,0.24939976237148273,0.000328739619595582,0.2435054654538162
KXNFLSPREAD-25NOV20BUFHOU-HOU3,3.0,0.24,3.0,0.1824,0.0,0.6426000000000001,0.0001931522071037117,0.18865007863579775,0.00015758997404648493,0.19024091273017218,0.0001461005007000504,0.1884659937063322
KXWCSPREAD-26JUN15BELEGY-BEL3,14.0,0.13,11.0,0.1131,0.00115,0.02385,0.0005500681602552851,0.16128957244746567,0.0004926777969060676,0.1946383451452788,0.0005731675513465947,0.17037788292991635
KXWCSPREAD-26JUN15BELEGY-BEL3,7.0,0.15,7.0,0.1275,0.0008999999999999993,0.0226,0.00043449930280431854,0.14632576858005078,0.0003832574153496779,0.15653421652860994,0.000439656063080389,0.14560328645810133
KXWCSPREAD-26JUN15BELEGY-BEL3,3.0,0.15,3.0,0.1275,0.00010000000000000018,0.0226,0.0001868227707655138,0.13046172912396448,0.00018328651923010984,0.13791065107002784,0.0002329247509168015,0.13285022205637276
KXINTLFRIENDLYGAME-26JUN05SINCHN-CHN,3.0,0.77,3.0,0.17709999999999998,0.0,0.13349999999999998,0.0001588363568774446,0.18825767886405323,0.00011617596918098093,0.18157244235418202,0.00014610830265978866,0.17960048660003566
KXIPLGAME-26MAY05CSKDC-DC,7.0,0.52,7.0,0.2496,0.00020000000000000036,0.262,0.0004072370804430235,0.25321812275489675,0.00029618759294433486,0.25357691388634795,0.00027975892080292356,0.2509537628182487
KXIPLGAME-26MAY05CSKDC-DC,3.0,0.53,3.0,0.2491,0.00010000000000000018,0.2602,0.00015968829859462676,0.2502933486675248,9.651943821567644e-05,0.2601197712665493,0.00010499834403570387,0.24800954878661913
KXPSLGAME-26APR23KKILQA-KKI,7.0,0.41000000000000003,7.0,0.2419,0.00037500000000000174,0.277525,0.0003905922780736855,0.24277306615933456,0.00033196491828530307,0.252560778278924,0.0002766282101257744,0.24342751450507016
KXPSLGAME-26APR23KKILQA-KKI,3.0,0.48,3.0,0.2496,0.0002250000000000004,0.271125,0.0001583548819432208,0.2511581114062247,0.00014687961326710283,0.25062106639158904,0.00010634995090791137,0.24963649277138958
KXLIGAPORTUGALGAME-26AUG09BENACV-BEN,7.0,0.85,6.0,0.1275,0.00020000000000000036,0.7931,0.0003335812423713342,0.13968355855547399,0.0002405861286181462,0.15343889968542096,0.00038515645739844393,0.1329051954190878
KXLIGAPORTUGALGAME-26AUG09BENACV-BEN,3.0,0.88,3.0,0.1056,0.00020000000000000036,0.7922,0.00015193318243205038,0.11009833642066319,0.00011405089983452053,0.1258755030526322,0.00018065804581027088,0.11338817324812123
KXPGATOUR-RBBCAN26-TFLE,7.0,0.076,7.0,0.070224,0.0005510000000000005,0.02556300000000001,0.00022270460465557079,0.12860086186441816,0.00023947190765113817,0.13736971069881315,0.000251295550939787,0.14123210714928963
KXPGATOUR-RBBCAN26-TFLE,3.0,0.051,3.0,0.048399,0.00010000000000000018,0.02556300000000001,0.00011845896948822119,0.09108026605002349,9.330596596694905e-05,0.09282704187805108,0.00017437110120238863,0.10546671052596476
KXMLBGAME-26JUN302140LADATH-ATH,3.0,0.44,3.0,0.24640000000000004,0.0,0.16859999999999997,0.00016533037583817383,0.2457729992125995,0.00012405174183893227,0.24846121073857083,0.0001214698396489423,0.24604317038875528
KXWCGOAL-26JUL05MEXENG-ENGHKANE9-1,3.0,0.43,3.0,0.2451,0.00010000000000000018,0.34979999999999994,0.0001444301102866751,0.2454277252077005,0.0001150968079624291,0.2570736639963341,8.93124299262133e-05,0.24530881223172699
KXNFLGAME-25OCT12TENLV-TEN,14.0,0.29,9.0,0.20589999999999997,0.00030000000000000057,0.11060000000000002,0.0005134920143621688,0.2182212419107269,0.0003900530354642542,0.22278686677693077,0.00048091351214965176,0.21951622121703138
KXNFLGAME-25OCT12TENLV-TEN,7.0,0.29,7.0,0.20589999999999997,0.00030000000000000057,0.11060000000000002,0.00038040679115816574,0.22590283469542924,0.00034257679073003026,0.22613569324734134,0.0003612341659466173,0.21410552863180635
KXNFLGAME-25OCT12TENLV-TEN,3.0,0.33,3.0,0.2211,0.00010000000000000018,0.10900000000000001,0.00016897616978947097,0.22298414259189833,0.00012731945828348866,0.24302516505030033,0.00013290391569242734,0.2215883629810882
KXCONMEBOLLIBGAME-26AUG12PLACOQ-PLA,7.0,0.51,7.0,0.2499,5.000000000000009e-05,0.24099999999999996,0.00039202615622486813,0.2514255820781346,0.00031733897553967635,0.26800249846105445,0.00027646186796934216,0.2501984076495361
KXCONMEBOLLIBGAME-26AUG12PLACOQ-PLA,3.0,0.5,3.0,0.25,0.0,0.24099999999999996,0.00015924827964369857,0.2503290954756207,0.0001341990252123103,0.25812148086180975,0.00010356638761092468,0.24982870786165456
KXHURCTOTMAJ-25DEC01-T3,30.0,0.75,30.0,0.1875,0.0004999999999999987,0.2674000000000001,0.0016118761844477517,0.233022914139641,0.0012702443941199645,0.28993981238513744,0.0017473575471358665,0.22285229478146376
KXHURCTOTMAJ-25DEC01-T3,14.0,0.35,14.0,0.22749999999999998,0.0003999999999999985,0.1355,0.0007493003603823309,0.24516179699330354,0.0006068058571595309,0.24433412983701083,0.0007088283358749428,0.22987902513242986
KXHURCTOTMAJ-25DEC01-T3,7.0,0.41,7.0,0.24190000000000003,0.0,0.13030000000000003,0.0003581414673061836,0.24915871178222798,0.00032888307023663175,0.24455382295894293,0.00031022198036197076,0.2423300403959
KXLALIGASPREAD-26MAY14RMAOVI-RMA1,7.0,0.53,7.0,0.2491,9.999999999999796e-05,0.19054999999999994,0.0003356646952601809,0.25398658298830606,0.0003347329516027725,0.2527003584505918,0.00028005378013491717,0.2488404249974173
KXLALIGASPREAD-26MAY14RMAOVI-RMA1,3.0,0.59,3.0,0.2419,9.999999999999796e-05,0.18539999999999995,0.00014802740357382977,0.24349944356251624,0.00013337506975998935,0.2454605278016946,0.00011740560945197088,0.24262305431292716
KXF1RACE-CANGP26-VER,3.0,0.08,3.0,0.0736,0.00039999999999999986,0.0014000000000000002,0.00011492178110439784,0.087420230582994,0.00010491041711849264,0.09502453645040877,0.00017353571247919586,0.09975293678998286
KXNFLSPREAD-25DEC21NEBAL-NE3,14.0,0.5,12.0,0.25,0.00020000000000000036,0.5094,0.0006375036533129609,0.2498263799380118,0.0005296989884268341,0.26738484508182336,0.00054371080923879,0.25278130413704036
KXNFLSPREAD-25DEC21NEBAL-NE3,7.0,0.31000000000000005,7.0,0.2139,0.00020000000000000036,0.49089999999999995,0.00039828156761715006,0.2162686096321432,0.00032358561306443205,0.23426952072209167,0.00032742456512694875,0.22029376596171024
KXNFLSPREAD-25DEC21NEBAL-NE3,3.0,0.31,3.0,0.21389999999999998,0.0,0.49049999999999994,0.0001524843985825884,0.21980356081677394,0.00012566292551902428,0.22730683378924535,0.00014328005351616058,0.21729197127767236
KXNFLSPREAD-26AUG23SEATEN-SEA7,7.0,0.34,6.0,0.2244,0.0003999999999999996,0.05440000000000002,0.0003158848354260688,0.2273327918036908,0.0002355933616147573,0.23282561300091825,0.00026032686998816426,0.2320841488894758
KXNFLSPREAD-26AUG23SEATEN-SEA7,3.0,0.2,3.0,0.16000000000000003,0.0003999999999999996,0.024599999999999997,0.00021553825931492485,0.16827967705467284,0.0001668895687524629,0.17113151049854816,0.00019980145433073836,0.16364595575356142
KXWOHOCKEY-MEN26CGOLD-SWE,30.0,0.22,22.0,0.1716,0.0007000000000000004,0.010099999999999998,0.0012176491640877919,0.23503080962202852,0.001253307689929832,0.24599390413390576,0.0012539190721644528,0.23281038896933645
KXWOHOCKEY-MEN26CGOLD-SWE,14.0,0.12,14.0,0.1056,0.0005000000000000003,0.0032999999999999995,0.000692214022420218,0.22070512151615118,0.0006711543118148528,0.2090304768070562,0.0006497159920583933,0.16986547537539054
KXWOHOCKEY-MEN26CGOLD-SWE,7.0,0.07,7.0,0.0651,0.0002000000000000001,0.0017000000000000001,0.0002484393529735508,0.14945237743432155,0.00024114854187301426,0.17210232157327135,0.00026840604322817343,0.13763889202957638
KXWOHOCKEY-MEN26CGOLD-SWE,3.0,0.05,3.0,0.0475,0.0,0.0017000000000000001,8.79798847963486e-05,0.10662315645645823,8.883024431643747e-05,0.09010166344250373,0.00012777283107272264,0.0988035999142137
KXMVECROSSCATEGORY-S2026B3A27F1266D-DBF76AD2AB5,14.0,0.5,14.0,0.25,0.0001690000000000001,0.9969609999999999,0.0007385119364654342,0.25335288456783234,0.0006401541623977286,0.26896764544985335,0.0006405428666826101,0.24838086026360875
KXMVECROSSCATEGORY-S2026B3A27F1266D-DBF76AD2AB5,7.0,0.5,7.0,0.25,0.00016900000000000007,0.218973,0.00036814337700649485,0.2531082686635815,0.00030569562905184293,0.26090405660399596,0.00029978567888139755,0.24946795507979735
KXMVECROSSCATEGORY-S2026B3A27F1266D-DBF76AD2AB5,3.0,0.05,3.0,0.0475,6.1000000000000026e-05,0.007373,9.579920181151977e-05,0.09667217935993005,7.422394955828897e-05,0.09460919850038003,0.00012311905467241298,0.09911194298215045
KXLIGAPORTUGALGAME-26AUG09BENACV-TIE,7.0,0.1,6.0,0.09000000000000001,5.000000000000009e-05,0.8101,0.00022184790918073822,0.1328095339305212,0.00022466206347465412,0.13739234850624601,0.00022313892221631417,0.14064127531357748
KXLIGAPORTUGALGAME-26AUG09BENACV-TIE,3.0,0.09,3.0,0.0819,0.0,0.8101,0.00012414560336487443,0.09216038335741988,0.00012107498610810175,0.10855331816705525,0.00015937845826707604,0.104516736252837
KXWC2H-26JUL14FRAESP-FRA,3.0,0.38,3.0,0.2356,0.00020000000000000036,0.13699999999999998,0.0001788265451041932,0.23547987780385146,0.00012183872377933625,0.2383888816832478,0.0001270332992127299,0.2365138210860091
KXNFLPREPACK3ML-26JAN04ATLNOMINGBNYGDAL-ATLMINDAL,7.0,0.3,5.0,0.21,0.00010000000000000018,0.1029,0.0002749343007311231,0.21287675926150482,0.00025553183962171246,0.21838952802506417,0.0002398673624291721,0.2168346565897587
KXNFLPREPACK3ML-26JAN04ATLNOMINGBNYGDAL-ATLMINDAL,3.0,0.32,3.0,0.2176,0.00010000000000000018,0.10250000000000001,0.00017700740725997267,0.21917088337745214,0.00011555607771891598,0.23041825736871469,0.00012154160148992871,0.21647859821978163
KXWC1H-26JUN24RSAKOR-TIE,30.0,0.445,20.0,0.24697499999999997,0.0010249999999999986,0.30475,0.0010926476348877016,0.25530353481619117,0.0008589493853958423,0.30136643372922495,0.0009675590256086478,0.249496520889972
KXWC1H-26JUN24RSAKOR-TIE,14.0,0.445,14.0,0.24697499999999997,0.000625,0.30475,0.0008091995448536184,0.2583790667708117,0.0005598518075025544,0.2824205008592054,0.0006254938631391641,0.24652229380088742
KXWC1H-26JUN24RSAKOR-TIE,7.0,0.41500000000000004,7.0,0.24277500000000002,0.00025000000000000044,0.303225,0.00039066462871023214,0.24612312514773627,0.0002996937322772434,0.25314475495261063,0.0003181897679541063,0.24527321046916103
KXWC1H-26JUN24RSAKOR-TIE,3.0,0.43,3.0,0.2451,0.00010000000000000018,0.30260000000000004,0.0001465800681747961,0.24626977793721747,0.00013327349112561017,0.24515167330361173,0.0001285539518194669,0.24598983001904773
KXNBADRAFTPICK-26-4-CWIL,30.0,0.66,30.0,0.2244,0.0011999999999999953,0.038450000000000026,0.001554888468059345,0.24085630080106563,0.001302829425505011,0.3009162592926593,0.0016568594250394653,0.2336960616742276
KXNBADRAFTPICK-26-4-CWIL,14.0,0.705,14.0,0.20797500000000002,0.0007999999999999947,0.03312500000000002,0.0007784904680095604,0.21500390810709283,0.0006172915185620049,0.23088969655211172,0.0007209093236613892,0.22128713812786557
KXNBADRAFTPICK-26-4-CWIL,7.0,0.76,7.0,0.1824,0.0004999999999999964,0.029100000000000018,0.0003908443660773396,0.18994413141869984,0.00030093210818207675,0.20652948419117934,0.0003938700925823002,0.18465365226884675
KXNBADRAFTPICK-26-4-CWIL,3.0,0.82,3.0,0.14760000000000004,0.0,0.028200000000000017,0.00017141656230706652,0.15418342094860274,0.00011699311883156707,0.16316672551770017,0.00017204683657583722,0.1518217127586862
KXATPMATCH-26JUN29TIAATM-TIA,7.0,0.8,5.0,0.15999999999999998,0.00020000000000000036,0.022199999999999994,0.00028865893369649156,0.17782417285178895,0.00022616720409936338,0.18172453118124854,0.0002751386117924332,0.16699607567004704
KXATPMATCH-26JUN29TIAATM-TIA,3.0,0.8,3.0,0.15999999999999998,0.0,0.022199999999999994,0.0001663439204313182,0.16853426216983766,0.00010859185143972843,0.1736170444469819,0.00014690343336175673,0.16335798119478842
KXPAYROLLS-25APR-T100000,30.0,0.55,30.0,0.2475,0.0008999999999999949,0.12940000000000004,0.0016373865194436689,0.2641654335710091,0.0012645151370985902,0.3017120727626472,0.0015458341355367596,0.25152142165487473
KXPAYROLLS-25APR-T100000,14.0,0.81,14.0,0.15389999999999995,0.00020000000000000036,0.09670000000000004,0.0007227267488027594,0.17245721506944658,0.0005944565790262541,0.2239663561416979,0.0008821493703164442,0.16647104665057127
KXPAYROLLS-25APR-T100000,7.0,0.81,7.0,0.15389999999999995,0.0,0.09490000000000004,0.0003507470712304657,0.16968487109046224,0.00028802904653260305,0.1909075078052134,0.0004044227906700051,0.1597668770674135
KXPAYROLLS-25APR-T100000,3.0,0.79,3.0,0.1659,0.0,0.09270000000000003,0.00014869366621197196,0.16878271626432395,0.00012435146192516614,0.17718409834745827,0.00013966797733634508,0.16642242223529208
KXNFLTOTAL-26JAN18LACHI-47,7.0,0.61,6.0,0.2379,0.00010000000000000018,0.26599999999999996,0.0003067044130016791,0.24075332433195143,0.00023368558576104725,0.2507508165950388,0.0002785801328388963,0.2348981573751481
KXNFLTOTAL-26JAN18LACHI-47,3.0,0.51,3.0,0.2499,0.00010000000000000018,0.2602,0.0001616037004205472,0.24957319130163735,0.00014201117107530685,0.24941404716177623,9.387938752878172e-05,0.2506224918885447
KXNCAAFSPREAD-25DEC19MEMNCST-NCST3,14.0,0.5,12.0,0.25,2.5000000000000045e-05,0.30717500000000003,0.0006748437273335667,0.2572066059083992,0.0005067622383680861,0.2531760186934961,0.0005481108608592772,0.25287730516240126
KXNCAAFSPREAD-25DEC19MEMNCST-NCST3,7.0,0.64,7.0,0.2304,2.5000000000000045e-05,0.273825,0.00035810895319522056,0.23372513812232001,0.0003065642614921837,0.2446300625276273,0.0003233731048393783,0.23178356498983027
KXNCAAFSPREAD-25DEC19MEMNCST-NCST3,3.0,0.56,3.0,0.24639999999999998,0.0,0.2642,0.00016713685871676623,0.24897687993382014,0.00014246116349961787,0.25370437312193106,0.00010144922383383346,0.2471036269887727
KXMLBGAME-26AUG142138KCLAA-LAA,3.0,0.54,3.0,0.2484,0.0,0.1268,0.00016689137056574222,0.24939855190533372,0.00012192069481073126,0.24908331606216297,0.0001160399802345424,0.24698753950867125
KXMLBGAME-26JUN062210NYMSD-NYM,3.0,0.5,3.0,0.25,0.0,0.45420000000000005,0.00016394005951103188,0.2493189668299887,0.00012777738368325534,0.250157081008488,0.00010552451346705177,0.24953529636792396
KXFDVLIGHTER-25DEC31-2,30.0,0.87,30.000000000000007,0.1131,0.0008000000000000013,0.050300000000000004,0.001392458949560965,0.23560744602629938,0.0011363794830559582,0.25776145296615266,0.0015444045971903734,0.22357828524588405
KXFDVLIGHTER-25DEC31-2,14.0,0.74,14.0,0.19240000000000002,0.0006000000000000011,0.032400000000000005,0.0007590016194492258,0.20818324388657442,0.0005883496237027816,0.23358732211042046,0.000739676982372241,0.20196788262558982
KXFDVLIGHTER-25DEC31-2,7.0,0.85,7.0,0.1275,0.00030000000000000057,0.019400000000000008,0.00036389639164860553,0.140981009692556,0.0002892311847193511,0.17020154646568442,0.0004503065726168454,0.13927893906009892
KXFDVLIGHTER-25DEC31-2,3.0,0.86,3.0,0.12040000000000001,0.0,0.019400000000000008,0.0001725199253380229,0.12207175386135823,0.00012108155126654862,0.13634067932469432,0.00017858136709605318,0.12165310222362673
KXPGATOUR-CHSC26-RHEN,7.0,0.066,7.0,0.061644,0.0004120000000000001,0.8430120000000001,0.0002330656214278549,0.1297089783537822,0.00023020315889392187,0.1320870771968194,0.00023409793908628836,0.12447227089321578
KXPGATOUR-CHSC26-RHEN,3.0,0.058,3.0,0.054636,0.00028900000000000003,0.8425710000000002,0.00013712875355387794,0.09912220704601765,0.00012607554925501234,0.09126387445559189,0.00020039494771179064,0.07960920372465745
KXWCSPREAD-26JUN18SUIBIH-SUI2,14.0,0.365,14.0,0.231775,0.0003499999999999995,0.401625,0.0007716748744133537,0.23895459259381027,0.0006101152787673243,0.2746277981482843,0.000690641861634452,0.23361273826566858
KXWCSPREAD-26JUN18SUIBIH-SUI2,7.0,0.35,7.0,0.22749999999999998,0.00019999999999999925,0.39830000000000004,0.00038343916442690944,0.23575905390508262,0.00031665480908526903,0.23318989390345,0.00028600547753216137,0.2328005779954249
KXWCSPREAD-26JUN18SUIBIH-SUI2,3.0,0.36,3.0,0.2304,0.0,0.397,0.00015628566943985038,0.2287021435113828,0.00012701920511673975,0.23725334093210573,0.00010720390300135713,0.23110843353250948
KXEMMYDSERIES-77-SEV,30.0,0.72,30.0,0.2016,0.0012999999999999956,0.4063,0.0016646900089990863,0.24147959500208074,0.0012327885201537478,0.30464571872628354,0.0017756997105383432,0.22162487259987576
KXEMMYDSERIES-77-SEV,14.0,0.68,14.0,0.2176,0.00010000000000000018,0.3993,0.000754175338219349,0.2243924265966632,0.0006331473747985314,0.24553148394322646,0.0007268076389521836,0.21695114690788855
KXEMMYDSERIES-77-SEV,7.0,0.64,7.0,0.2304,0.00010000000000000018,0.3935,0.0003860770018277182,0.2291227745684758,0.0003151044771961333,0.2467538247511913,0.000320559522210242,0.22950734933961356
KXEMMYDSERIES-77-SEV,3.0,0.59,3.0,0.2419,0.0,0.3861,0.00017649658048414122,0.24303915672804222,0.00014398349515172697,0.2450529728316871,0.00012126790293566198,0.24168529439909692
KXLIGUE1GAME-26APR26RENFCN-REN,7.0,0.655,7.0,0.22597499999999998,0.0003499999999999984,0.08762500000000002,0.0004087719136415789,0.23049034477570335,0.0002653249668659213,0.24271040488824722,0.0003096585137092731,0.2261266339315088
KXLIGUE1GAME-26APR26RENFCN-REN,3.0,0.71,3.0,0.20590000000000003,0.00010000000000000018,0.08420000000000002,0.00015604803757902729,0.20999277045190998,0.0001200389159821245,0.21194155751680366,0.00015035280934353032,0.2098638598324764
KXINTLFRIENDLYGAME-26JUN02HTINZL-HTI,3.0,0.34,3.0,0.2244,0.0003999999999999985,0.4505999999999999,0.000175277319480502,0.22620161001927236,0.00012533444853844757,0.237232874541792,0.00011797882970728104,0.22542527209386676
KXSAUDIPLGAME-26AUG24ITJHAZ-ITJ,7.0,0.43000000000000005,7.0,0.2451,2.5000000000000045e-05,0.44892499999999996,0.00037450941043766674,0.24513518044070445,0.0003050781600168651,0.2598402182280645,0.00027902182295474516,0.2452689318981455
KXSAUDIPLGAME-26AUG24ITJHAZ-ITJ,3.0,0.64,3.0,0.2304,0.0,0.11699999999999998,0.00017084717203171774,0.2339888990301228,0.00010850754398969969,0.24028625009030746,0.0001102246609549105,0.23318607591315033
KXNFLTOTAL-26JAN25NEDEN-40,7.0,0.5,7.0,0.25,0.0006999999999999967,0.32749999999999996,0.00036685396893511177,0.24902066472332635,0.00033286292910081463,0.2664327525976503,0.00029647308255448154,0.24936545695092818
KXNFLTOTAL-26JAN25NEDEN-40,3.0,0.57,3.0,0.2451,0.00010000000000000018,0.32499999999999996,0.00014977706467341387,0.24632965798564982,0.00012832538209410838,0.24810441538457922,0.000105908654953353,0.2453609902400592
KXMLBGAME-26MAR312140SFSD-SF,3.0,0.45,3.0,0.24750000000000003,0.0,0.18069999999999994,0.00015541257503639766,0.24628047233998573,0.00013373124079721268,0.2571092655607678,0.00011798637355434901,0.24748836821670106
KXMLSGAME-26AUG15LAFCSD-SD,14.0,0.18,13.0,0.1476,0.0005000000000000003,0.6135,0.0007475929650038605,0.1894361432189661,0.0006396193655704512,0.200274867111808,0.000804694199167931,0.180999126813769
KXMLSGAME-26AUG15LAFCSD-SD,7.0,0.19,7.0,0.1539,0.00019999999999999982,0.6085,0.0004616501450269974,0.17760412620352026,0.0004702773931260207,0.18721690310761738,0.00047327048364592184,0.1715018454781481
KXMLSGAME-26AUG15LAFCSD-SD,3.0,0.2,3.0,0.16000000000000003,9.999999999999963e-05,0.6085,0.00018281136930842497,0.16481491435896597,0.00018788161077566977,0.1643324853015015,0.00020232056681415895,0.15926707669625217
KXNCAAFSPREAD-26SEP04MIASTAN-MIA42,30.0,0.23500000000000001,18.0,0.17977500000000002,0.0006999999999999995,0.171025,0.0010469156657687672,0.21359708819378795,0.0009420519526771501,0.2436325443976185,0.001029541948189083,0.215575913999346
KXNCAAFSPREAD-26SEP04MIASTAN-MIA42,14.0,0.23500000000000001,14.0,0.17977500000000002,0.0006999999999999995,0.171025,0.0008407494658004641,0.21114948503721442,0.0007222759163418452,0.23676248089993815,0.000832334855231209,0.19224997299178612
KXNCAAFSPREAD-26SEP04MIASTAN-MIA42,7.0,0.13,7.0,0.1131,0.00045,0.15250000000000002,0.0003730712508961341,0.15523781148466717,0.00034369158298190876,0.18075758996314817,0.0003244083474990696,0.1553103653895738
KXNCAAFSPREAD-26SEP04MIASTAN-MIA42,3.0,0.10500000000000001,3.0,0.09397500000000002,2.4999999999999906e-05,0.1509,0.00014458554518457798,0.10366712400182575,0.00012998310167493428,0.12438816923700471,0.0001798423219277254,0.10563809981937354
KXMVESPORTSMULTIGAMEEXTENDED-S202693862915E4D-BA2C192CC95,14.0,0.5,14.0,0.25,9.000000000000015e-05,0.7656380000000002,0.0007619610641211353,0.25429996518283615,0.0006078159036199131,0.2929274664301545,0.0006123270200743755,0.2527914788091972
KXMVESPORTSMULTIGAMEEXTENDED-S202693862915E4D-BA2C192CC95,7.0,0.5,7.0,0.25,9.000000000000015e-05,0.7656380000000002,0.00037850113210424405,0.2535173851312542,0.0003443707430795315,0.2667546663448257,0.00030747846099256863,0.25259034172824946
KXMVESPORTSMULTIGAMEEXTENDED-S202693862915E4D-BA2C192CC95,3.0,0.179,3.0,0.14695899999999998,9.000000000000015e-05,0.6625970000000001,0.00022182941430546975,0.15497831614416285,0.00017401038323494367,0.17683994000282902,0.0001963157207753579,0.1567398262631221
KXPGATOUR-ATPBP26-MFIT,3.0,0.05,3.0,0.0475,0.00039999999999999986,0.0005000000000000002,0.00010611736224672569,0.08589881819172294,8.612182626548256e-05,0.09431548955259568,0.0001299370507008806,0.09705852797742627
KXNCAAMBSPREAD-26MAR26ARKARIZ-ARIZ23,7.0,0.5,5.0,0.25,0.0,0.211,0.00027401425245961625,0.24845709255231163,0.00019207737815961134,0.2661538120071972,0.00021143344758127165,0.24935688847138934
KXNCAAMBSPREAD-26MAR26ARKARIZ-ARIZ23,3.0,0.06,3.0,0.05639999999999999,0.0,0.03420000000000001,0.00010419328283220234,0.11165409713668922,8.747117676883708e-05,0.0819496758866865,0.0001284102121495938,0.10630991703385295
KXMLBGAME-26JUL312138MILLAA-LAA,3.0,0.36,3.0,0.2304,0.0001,0.14609999999999998,0.00014097965627012102,0.23382422504989944,0.00011853555107302463,0.23887390697809635,0.00011006479544306714,0.23264501592896294
KXNCAAFGAME-25DEC27M-OHFRES-M-OH,30.0,0.405,19.0,0.240975,0.002124999999999993,0.11430000000000001,0.00104349213388695,0.2511674337971811,0.0008100021645986753,0.2839013317274973,0.000910067679271723,0.24779994723069795
KXNCAAFGAME-25DEC27M-OHFRES-M-OH,14.0,0.4,14.0,0.24,0.0012999999999999956,0.11430000000000001,0.0007822879133362396,0.25234820206248576,0.0006601456503493061,0.278826102150487,0.0006299381377013176,0.24470192399901933
KXNCAAFGAME-25DEC27M-OHFRES-M-OH,7.0,0.37,7.0,0.2331,0.0012999999999999956,0.10940000000000001,0.00037019568630220363,0.24244558751780204,0.00031398999832927166,0.2440366981123019,0.00031713968655953885,0.23496291929641608
KXNCAAFGAME-25DEC27M-OHFRES-M-OH,3.0,0.36,3.0,0.2304,0.0003999999999999985,0.10900000000000001,0.0001531328374303871,0.2330311087795996,0.0001181434748499308,0.23948408081441264,0.0001231803725589376,0.23122817472869858
KXMARMAD-25R64G20-ARIZ,3.0,0.89,3.0,0.09789999999999999,0.0,0.010899999999999996,0.00017609788993091694,0.1077454080938149,0.00011890632045751899,0.11456693160538539,0.00020587323654174108,0.10086799883692316
KXNCAAFTOTAL-25DEC20TULNMISS-50,14.0,0.5,13.0,0.25,0.0001249999999999991,0.11632499999999998,0.0007102455855796593,0.25915155474946444,0.0005771207763541297,0.27629605435348803,0.0006019601788936046,0.25297528784325124
KXNCAAFTOTAL-25DEC20TULNMISS-50,7.0,0.545,7.0,0.247975,0.0001249999999999991,0.1017,0.00036725602384944477,0.2511697732595918,0.00032964003367673205,0.2550495783718154,0.0002849234678454759,0.2508334768568767
KXNCAAFTOTAL-25DEC20TULNMISS-50,3.0,0.665,3.0,0.222775,0.00010000000000000018,0.08482500000000003,0.00018945686139972296,0.22327178096340866,0.00013891447731344064,0.23526805890147487,0.00012992479262713085,0.224544591776977
KXLEAGUESCUPGAME-26AUG06CRAPHI-TIE,7.0,0.41500000000000004,6.0,0.24277500000000002,0.00010000000000000018,0.09252500000000001,0.00033035944456635873,0.24423955018936203,0.0002668660427124754,0.2513899135244654,0.0002594771262084751,0.24525191515014555
KXLEAGUESCUPGAME-26AUG06CRAPHI-TIE,3.0,0.28,3.0,0.2016,0.0,0.063,0.0001580427081668858,0.20298270811951524,0.00013552187550047826,0.20679458358769778,0.00010059463379795685,0.20395987528536338
KXNCAAFTOTAL-25DEC26CMUNW-31,3.0,0.8,3.0,0.15999999999999998,0.0,0.031000000000000007,0.00016706401529349404,0.16034495075191432,0.00014007785660435001,0.16565980247365364,0.00016051410091118823,0.16231476835696712
KXLALIGATOTAL-26MAY17BARRBB-4,7.0,0.405,7.0,0.240975,0.0003250000000000006,0.10235000000000001,0.0003855371526435259,0.2511329692597841,0.0002927924200925379,0.2570518690931751,0.00027394010643899626,0.2428235941766511
KXLALIGATOTAL-26MAY17BARRBB-4,3.0,0.29,3.0,0.20589999999999997,0.00010000000000000018,0.091,0.00012950645822872178,0.2136021278294973,0.00011125335982793531,0.21179775227458264,0.00011025109140361894,0.20898870441657125
KXNCAAFTOTAL-26JAN01MISSUGA-65,14.0,0.5,13.0,0.25,0.00010000000000000018,0.5434999999999999,0.0007166830253736351,0.25798175033968673,0.0006117721710219177,0.2801141878369112,0.0005919471070223409,0.25385126492871385
KXNCAAFTOTAL-26JAN01MISSUGA-65,7.0,0.275,7.0,0.199375,0.00010000000000000018,0.5145749999999999,0.0003744623737939698,0.2161360882828892,0.0003154120803334405,0.2240032219505983,0.00035513523491345,0.20843731092780884
KXNCAAFTOTAL-26JAN01MISSUGA-65,3.0,0.265,3.0,0.194775,0.00010000000000000018,0.5113249999999999,0.0001850278239868689,0.1998645188476836,0.00017718347048079704,0.20066668860869105,0.00017179801011210505,0.19710265889816028
KXSERIEAGAME-26MAY24NAPUDI-NAP,7.0,0.51,7.0,0.2499,0.00045000000000000086,0.12899999999999995,0.000385931797227677,0.24958015337133138,0.0002926542969786217,0.2665362651398496,0.0003320140529646635,0.24910689780961293
KXSERIEAGAME-26MAY24NAPUDI-NAP,3.0,0.645,3.0,0.22897499999999998,0.00012500000000000022,0.10899999999999997,0.0001584462673865683,0.23100185059246128,0.0001219313817303393,0.23423487594667136,0.00011609133739994153,0.22999818416330706
KXMVESPORTSMULTIGAMEEXTENDED-S2026946EAC154F1-E2B32AC8C1B,3.0,0.224,3.0,0.173824,0.0,0.05450399999999999,0.00022222096277074464,0.17514652732176691,0.00018073904839815226,0.19696404814711574,0.0001980423277560289,0.1764195901935831
KXNCAAFGAME-25SEP06WCUWAKE-WAKE,30.0,0.47,30.0,0.2491,0.0004249999999999985,0.11257499999999994,0.001667240994169583,0.25093815279421344,0.0013640966580790808,0.3119517417036573,0.0015356157805656418,0.25369827409964996
KXNCAAFGAME-25SEP06WCUWAKE-WAKE,14.0,0.81,14.0,0.15389999999999995,0.0002999999999999983,0.01719999999999999,0.0007113496135287914,0.17832707590250066,0.0005850003748646459,0.19401767927656913,0.000846463886550043,0.1675556559625096
KXNCAAFGAME-25SEP06WCUWAKE-WAKE,7.0,0.82,7.0,0.14760000000000004,0.00020000000000000036,0.01719999999999999,0.0003874193824357817,0.16078672502188623,0.0003258952724637761,0.16974563037312707,0.00040308941383226585,0.15531434892144985
KXNCAAFGAME-25SEP06WCUWAKE-WAKE,3.0,0.95,3.0,0.04750000000000004,0.00010000000000000018,0.009799999999999988,8.383006029556338e-05,0.08844976488971139,8.188352616568913e-05,0.08448159313191547,8.909302685570738e-05,0.08069387145333554
KXNFLGAME-25SEP28MINPIT-PIT,14.0,0.5249999999999999,11.0,0.249375,0.00030000000000000057,0.31092500000000006,0.0006581616884651629,0.2564190549510366,0.0004963207847932646,0.26449283131337226,0.0005153276065196159,0.2500875353262434
KXNFLGAME-25SEP28MINPIT-PIT,7.0,0.48,7.0,0.2496,0.00020000000000000036,0.2954,0.0004086834677489532,0.2540841891113178,0.0003127514692226585,0.26188936307615707,0.00026963345313371563,0.2510068815577043
KXNFLGAME-25SEP28MINPIT-PIT,3.0,0.44,3.0,0.24640000000000004,0.00010000000000000018,0.2921,0.00015682840995199176,0.2500350181157926,0.00014691986001011715,0.24839054882827163,0.00012834529987872556,0.24691911393933055
KXBRASILEIROBGAME-26JUL21AVAAMG-AMG,7.0,0.38,7.0,0.2356,0.0003999999999999985,0.07385,0.0003825165920298432,0.24094277399525374,0.0002838014402198972,0.24188419342793477,0.0002722294491216692,0.23783759370696628
KXBRASILEIROBGAME-26JUL21AVAAMG-AMG,3.0,0.3,3.0,0.21,0.0003999999999999985,0.063,0.00016487086061901042,0.21598889324709653,0.00012563325202740423,0.21611377165115578,0.00011653896407478738,0.21034807024408272
KXTRUMPMENTION-26AUG14-ZOHR,3.0,0.63,3.0,0.2331,0.0,0.2601,0.00016113117084633067,0.23588064309290324,0.00015263436619172502,0.24354396861077315,0.00011955970366709588,0.23363336927145895
KXBUNDESLIGAGAME-26APR17STPKOE-KOE,7.0,0.30500000000000005,7.0,0.21197500000000002,0.0006249999999999973,0.1542,0.0003899403495080013,0.22250419383559067,0.00030383001853624545,0.23472000462955592,0.0003015938646118854,0.21999300464248606
KXBUNDESLIGAGAME-26APR17STPKOE-KOE,3.0,0.36,3.0,0.2304,0.0,0.1538,0.00017900925891656442,0.22793968214375837,0.0001355208883671625,0.24082719409109893,0.00012094249506513496,0.23125391850074437
KXEUROLEAGUEGAME-26MAR031200PARHTA-HTA,14.0,0.27,13.958333333333332,0.1971,0.00020000000000000036,0.2955,0.0007285530327788889,0.2173938262689116,0.0005793801052323298,0.23436577356575686,0.0007673838198134184,0.21042948487205299
KXEUROLEAGUEGAME-26MAR031200PARHTA-HTA,7.0,0.56,6.999999999999998,0.24639999999999998,0.00020000000000000036,0.15099999999999997,0.00037067726748210106,0.250733170677984,0.0003057040004559282,0.25176352142434905,0.0002892867974057438,0.24501314979504898
KXEUROLEAGUEGAME-26MAR031200PARHTA-HTA,3.0,0.68,2.9999999999999982,0.2176,0.00020000000000000036,0.10899999999999997,0.00015988454971355343,0.22248730443122983,0.00012633645727668874,0.23039601261830664,0.000116063477759368,0.21532144522649138
KXWCTEAMTOTAL-26JUN20ECUCUW-CUW1,14.0,0.495,11.0,0.249975,0.00029999999999999943,0.15862499999999996,0.0006373313339197712,0.25650880322203895,0.00048441494643752564,0.2693457780894038,0.0004772165164534839,0.24726129533341037
KXWCTEAMTOTAL-26JUN20ECUCUW-CUW1,7.0,0.34,7.0,0.2244,0.00020000000000000036,0.0918,0.0003975283852125937,0.22553838732856954,0.00032462594994566276,0.2347981695753493,0.00029322284755426456,0.2286018883167515
KXWCTEAMTOTAL-26JUN20ECUCUW-CUW1,3.0,0.32,3.0,0.2176,0.00010000000000000018,0.0905,0.0001666431884530125,0.22343630380974797,0.0001251669444809076,0.22281646912982936,0.00012365134629778262,0.21752596470979604
KXWTAMATCH-26MAY24MARMER-MAR,3.0,0.07,3.0,0.0651,0.0001999999999999998,0.006500000000000001,0.00011402873478587204,0.09741335007559707,0.00011233850338284004,0.09116241627117568,0.00016494021675091396,0.10120055208537096
KXEPLGAME-26AUG21ARSCOV-ARS,14.0,0.81,14.0,0.15389999999999995,0.0004000000000000007,0.0235,0.0007677732592864082,0.17505352719027806,0.0005734001118600838,0.20044423273544199,0.0008531182065259504,0.16837983563101366
KXEPLGAME-26AUG21ARSCOV-ARS,7.0,0.83,7.0,0.14110000000000003,0.00010000000000000018,0.022600000000000006,0.0003781953540676396,0.15094675794660278,0.0003149863988196004,0.17411863746296258,0.0004565767486990229,0.15256878925331535
KXEPLGAME-26AUG21ARSCOV-ARS,3.0,0.84,3.0,0.13440000000000002,0.0,0.022600000000000006,0.00016250418644024316,0.14083854987618397,0.00011229513955043877,0.14409600607230658,0.00017843571414283814,0.1355498948912741
KXMVESPORTSMULTIGAMEEXTENDED-S2026E2F80D1F168-8F8CD20674F,14.0,0.5,13.0,0.25,0.00017300000000000006,0.224963,0.000708397859011203,0.24980105095145475,0.000601185150792723,0.2718941846599508,0.0006044754518903646,0.2490603468732612
KXLALIGAGAME-26AUG23ELCBAR-ELC,14.0,0.165,14.0,0.137775,0.0007249999999999997,0.01655,0.0008465672859333881,0.19210622393518695,0.0007091122135459346,0.20932761446602322,0.0008509479247433779,0.17279941751856462
KXLALIGAGAME-26AUG23ELCBAR-ELC,7.0,0.1,7.0,0.09000000000000001,0.00039999999999999986,0.0086,0.0002832162674814667,0.1424635721318443,0.0002471425465201591,0.12964328591847293,0.00031134674188015664,0.14221292914257705
KXLALIGAGAME-26AUG23ELCBAR-ELC,3.0,0.11,3.0,0.0979,9.99999999999999e-05,0.0082,0.00012127215487493475,0.11514887882816335,0.00010177254392896868,0.12800026745869308,0.0001509937496360225,0.11492551475051739
KXWCTEAMTOTAL-26JUN16IRQNOR-NOR3,7.0,0.495,7.0,0.249975,0.0003250000000000006,0.24519999999999997,0.0003567976006695171,0.2525743614236795,0.0003301922658206623,0.25083087099258206,0.00029282072389194395,0.24860092171856352
KXWCTEAMTOTAL-26JUN16IRQNOR-NOR3,3.0,0.44,3.0,0.24640000000000004,0.00010000000000000018,0.24269999999999997,0.00015865636248365872,0.245402859524492,0.00013572272998812736,0.252568187335161,0.00011032897150092084,0.24754847347646475
KXNBAPLAYOFFWINS-26NYK-15,30.0,0.31,30.0,0.21389999999999998,0.0004999999999999987,0.95765,0.0016913253903625325,0.2673732178461409,0.0013603744820198677,0.26444153150628696,0.001539595025394286,0.25793204273771325
KXNBAPLAYOFFWINS-26NYK-15,14.0,0.53,14.0,0.2491,0.00020000000000000036,0.0987,0.0007792271780921482,0.25044228976433236,0.0005986454408432999,0.27653600120249705,0.0006565285724710179,0.2518459122069638
KXNBAPLAYOFFWINS-26NYK-15,7.0,0.88,7.0,0.1056,0.00010000000000000018,0.014700000000000001,0.0003792101579765926,0.12574456523244082,0.00026487143963395827,0.13584867240367635,0.0005357870193005193,0.11651205984060845
KXNBAPLAYOFFWINS-26NYK-15,3.0,0.88,3.0,0.1056,0.0,0.012199999999999997,0.00015657176980853255,0.11815845195609452,0.0001130408079479044,0.13655220107027852,0.0002145349159418281,0.11135992702466055
KXNCAAFGAME-25SEP19TLSAOKST-TLSA,7.0,0.18,7.0,0.1476,0.00030000000000000003,0.5971,0.00048353882325271035,0.17066995507520002,0.0004185522967519045,0.18900698688163878,0.0004686988642850215,0.15840916302475003
KXNCAAFGAME-25SEP19TLSAOKST-TLSA,3.0,0.21,3.0,0.1659,0.00010000000000000018,0.593,0.00021297034442476707,0.16907202327235282,0.00019540960997817185,0.172589586930469,0.0001835222342270545,0.1743285474226679
KXCPIYOY-25APR-T2.6,30.0,0.11,30.0,0.0979,0.0009999999999999996,0.0187,0.0013013423467956764,0.22462290661801504,0.0012038606438011365,0.21704480161007578,0.0013713804308305851,0.2238916476748814
KXCPIYOY-25APR-T2.6,14.0,0.1,14.0,0.09000000000000001,0.0007999999999999999,0.007,0.0005895810335451488,0.17724198667313182,0.0005394843135956769,0.2146127683153427,0.0005875037360855016,0.20064547814857542
KXCPIYOY-25APR-T2.6,7.0,0.06,7.0,0.05639999999999999,0.0005999999999999998,0.0058,0.00022509558082138683,0.1378557392376003,0.0002088470289932636,0.11272253630969446,0.00023681850289009108,0.13185595649623788
KXCPIYOY-25APR-T2.6,3.0,0.06,3.0,0.05639999999999999,0.0004999999999999999,0.0045,0.00010736246590219204,0.09384817890081333,9.690773342460547e-05,0.09120259593930712,0.00014129324665558278,0.10572949254518443
KXLALIGAGAME-26FEB23ALAGIR-TIE,7.0,0.325,7.0,0.21937500000000001,7.500000000000014e-05,0.43569999999999987,0.00039959772633805184,0.22900454573309129,0.0003209094331242086,0.2413853979862018,0.0003193159866335779,0.22543762728255173
KXLALIGAGAME-26FEB23ALAGIR-TIE,3.0,0.33,3.0,0.2211,0.0,0.43569999999999987,0.00014381218965727876,0.22679982481393623,0.00014024943513630666,0.22231095745339943,0.00013382484932358076,0.22508534806581224
KXNBAGAME-26APR19PORSAS-POR,3.0,0.18,3.0,0.1476,9.999999999999963e-05,0.0257,0.00019745530383069213,0.14703382743426655,0.0001648690168300064,0.15865720435867034,0.00019441237274026808,0.15286012205398156
KXPERFORMSUPERBOWLB-26-ARC,30.0,0.15,30.0,0.1275,0.0015249999999999999,0.8148249999999999,0.001517454096212157,0.2403814621647601,0.0014003634896579643,0.23001269844086444,0.0015429657970483742,0.22357220560451666
KXPERFORMSUPERBOWLB-26-ARC,14.0,0.16,14.0,0.1344,0.00030000000000000057,0.8076999999999999,0.0007984104270101385,0.19696905011162805,0.0006855102716495829,0.20354623412876008,0.0007695150913112234,0.19601255039644436
KXPERFORMSUPERBOWLB-26-ARC,7.0,0.16,7.0,0.1344,0.0,0.6195999999999999,0.00045560220902507816,0.16337220126969199,0.0004038619456027714,0.17455173184975073,0.00046395688334426933,0.14861056079722454
KXPERFORMSUPERBOWLB-26-ARC,3.0,0.34,3.0,0.2244,0.0,0.5666,0.00015696761709755282,0.22944699764648216,0.00013240258808553334,0.22685136765731465,0.00011785623545087584,0.2289607224316368
KXWCADVANCE-26JUL02ESPAUT-ESP,3.0,0.88,3.0,0.1056,0.00010000000000000018,0.014499999999999999,0.00014422556723638747,0.12238198175958372,0.00011039305439570868,0.1280105216692057,0.0002093011575548675,0.10856423658235276
KXWCTOTAL-26JUN26NZLBEL-3,30.0,0.565,23.0,0.245775,0.001474999999999994,0.12214999999999998,0.0012450052039432058,0.2571260428023738,0.0009712196591891314,0.30652221655724643,0.0011533037461912104,0.24756144670244068
KXWCTOTAL-26JUN26NZLBEL-3,14.0,0.565,14.0,0.245775,0.0009749999999999974,0.12089999999999998,0.0007742328337126069,0.25815224652362445,0.0006104746421030725,0.2831118791984889,0.0006436328099175457,0.2513140030955474
KXWCTOTAL-26JUN26NZLBEL-3,7.0,0.59,7.0,0.2419,0.0005999999999999966,0.12089999999999998,0.00036889212657903046,0.2507413351112022,0.000290491526431006,0.25450019751230707,0.0002892451098185542,0.24273104061425244
KXWCTOTAL-26JUN26NZLBEL-3,3.0,0.67,3.0,0.2211,0.0003999999999999963,0.11729999999999997,0.00016748922173953385,0.22342439811407272,0.00012874922428946425,0.23337154675367588,0.00011956334913813029,0.21973447823060588
KXMVESPORTSMULTIGAMEEXTENDED-S20268FDE226557B-935F6ACF043,7.0,0.5,5.0,0.25,4.0000000000000074e-06,0.624144,0.00027897208720258695,0.251811382415925,0.00024173208510089227,0.2506271394052593,0.00021952684756965102,0.25073948738984525
KXMVESPORTSMULTIGAMEEXTENDED-S20268FDE226557B-935F6ACF043,3.0,0.5,3.0,0.25,4.0000000000000074e-06,0.213726,0.00017025620592559708,0.25234410334061835,0.00013139116604335497,0.25948664106801805,0.00011368360161033482,0.24975000787196666
KXWCBTTS-26JUN25PARAUS-BTTS,30.0,0.49,22.0,0.2499,0.0012,0.71675,0.0012018555775019668,0.2637817572411604,0.0009577769332581543,0.28661587956003465,0.0010630388606142403,0.2512795631857586
KXWCBTTS-26JUN25PARAUS-BTTS,14.0,0.45999999999999996,14.0,0.2484,0.0010499999999999997,0.6849,0.0007511304761790994,0.25479830458441305,0.0006101015390870798,0.2713464947511625,0.0006660206296655755,0.25029065329531364
KXWCBTTS-26JUN25PARAUS-BTTS,7.0,0.46,7.0,0.24840000000000004,0.00010000000000000018,0.6849,0.00036641905200912735,0.25344010437347736,0.0003096795711606304,0.2533829866249707,0.0003169281543873738,0.24991718409749403
KXWCBTTS-26JUN25PARAUS-BTTS,3.0,0.44,3.0,0.24640000000000004,0.00010000000000000018,0.6837,0.00015171410084082037,0.25117157543488544,0.00012567144454813192,0.2521515111967734,0.00011752758592647263,0.2470083009584927
KXNCAAFSPREAD-26SEP03MASSRUTG-RUTG28,14.0,0.59,14.0,0.2419,0.00022499999999999986,0.35127500000000006,0.0007641877505101816,0.25373980172043376,0.0005885011567201508,0.27751069333208495,0.00060935535783244,0.23799036727265435
KXNCAAFSPREAD-26SEP03MASSRUTG-RUTG28,7.0,0.475,7.0,0.24937499999999999,0.00020000000000000036,0.30762500000000004,0.00039636701136222535,0.25122283392079103,0.0003041372879946784,0.2522474962820619,0.0002844981873422681,0.24962475628377612
KXNCAAFSPREAD-26SEP03MASSRUTG-RUTG28,3.0,0.55,3.0,0.2475,0.00010000000000000018,0.30300000000000005,0.00016026120775539324,0.24660392347148574,0.00014366508327483686,0.2482894733252121,0.00012137787160665785,0.2485968324178417
KXWCBTTS-26JUL02SUIDZA-BTTS,7.0,0.52,5.0,0.2496,0.00010000000000000018,0.2705,0.00025269744915336145,0.24855866734697854,0.00021738389093007088,0.2530600887916421,0.00019871441208920885,0.24998551603323235
KXWCBTTS-26JUL02SUIDZA-BTTS,3.0,0.52,3.0,0.2496,0.00010000000000000018,0.2705,0.00018932966956632048,0.24848108183536355,0.000126089286452201,0.25290126935244067,0.00011493114697512557,0.24902296036932564
KXMLBGAME-26JUL211910BALBOS-BOS,3.0,0.6,3.0,0.24,0.0003999999999999963,0.19459999999999997,0.0001650841481892419,0.2418048271396576,0.00011481609218023058,0.2398129176390961,0.00012746513778369122,0.24078966907667096
KXNCAAFGAME-25NOV29UKLOU-UK,14.0,0.5800000000000001,13.0,0.24359999999999998,0.0005999999999999989,0.22440000000000002,0.0007116008267362635,0.2491100552608139,0.0005970493583652378,0.26553768765716707,0.0005907452816346397,0.24355251492754276
KXNCAAFGAME-25NOV29UKLOU-UK,7.0,0.39,7.0,0.2379,0.0005999999999999989,0.1941,0.0003868120550658568,0.24376649125222527,0.00031305807300372227,0.24673530725340992,0.0003108848912185809,0.23897331877143502
KXNCAAFGAME-25NOV29UKLOU-UK,3.0,0.43,3.0,0.2451,0.0,0.1941,0.00014089286484758774,0.24570384969574605,0.00014464160272610347,0.2517812896116767,0.00013720008643623637,0.24452687225249306
KXLALIGAGAME-26FEB14SEVALA-TIE,7.0,0.29500000000000004,7.0,0.20797500000000002,0.0003249999999999989,0.4769999999999999,0.0003443652648415599,0.21393598388001003,0.0003093364754231332,0.22071089219630693,0.00034809691235840323,0.21392377630303025
KXLALIGAGAME-26FEB14SEVALA-TIE,3.0,0.29,4.0,0.20589999999999997,0.00010000000000000018,0.4765999999999999,0.00020409005587545816,0.21218517557520916,0.00013993671523005694,0.20817908138630078,0.0001755755108590982,0.20458645814207968
KXLOLGAME-26AUG161900SENLY-LY,3.0,0.88,3.0,0.1056,0.0,0.7229999999999999,0.00015848686511801962,0.11315638928117852,0.000131596775059806,0.12652176364055612,0.00020588910223412251,0.10761000562486879
KXNCAAFSPREAD-25DEC20MIATXAM-MIA3,14.0,0.5,13.0,0.25,0.0008750000000000005,0.4991749999999999,0.0007336632012151161,0.25277844536422217,0.0005577748399252376,0.27815137198574674,0.0005479302036614245,0.2502413419484915
KXNCAAFSPREAD-25DEC20MIATXAM-MIA3,7.0,0.24,7.0,0.1824,0.0004249999999999996,0.4792249999999999,0.00048714626676160417,0.2002801136055007,0.0003560175434491225,0.19777769125695766,0.0004493909141599716,0.19588587634334267
KXNCAAFSPREAD-25DEC20MIATXAM-MIA3,3.0,0.29,3.0,0.20589999999999997,0.00010000000000000018,0.4761999999999999,0.0001457606201361024,0.21691680520455275,9.995044731236243e-05,0.20887213722342884,0.00011226037935555732,0.2114788959618896
KXWCSPREAD-26JUN23PANCRO-CRO2,30.0,0.38,19.0,0.2356,0.0009000000000000016,0.1539,0.0010371150151136106,0.2465475037973629,0.0008705365912269342,0.2671938585830707,0.000937714700839828,0.251259651531961
KXWCSPREAD-26JUN23PANCRO-CRO2,14.0,0.39,14.0,0.2379,0.0007500000000000013,0.1535,0.0007764356992508872,0.24029008490295709,0.0006067683520202032,0.2588108961688807,0.0006308138439877193,0.2464962507314801
KXWCSPREAD-26JUN23PANCRO-CRO2,7.0,0.36,7.0,0.2304,0.00020000000000000036,0.1526,0.00038565567425414215,0.23569788013709514,0.000303477418044288,0.24190880506936555,0.0003317473009165955,0.2348637239104724
KXWCSPREAD-26JUN23PANCRO-CRO2,3.0,0.39,3.0,0.2379,0.00010000000000000018,0.1522,0.00017020825086736327,0.2416353214320459,0.00013591555100089814,0.2418303765133703,0.00010876038468171789,0.23679853654081484
KXCBAGAME-26APR030735QINFST-QIN,3.0,0.67,3.0,0.2211,0.0,0.5066999999999999,0.00015478928463284888,0.22376481866877632,0.0001296331851140925,0.2255442123807815,0.00013175248656819257,0.223202577240096
KXUFCFIGHT-26MAY16VERWIL-VER,3.0,0.48,3.0,0.2496,0.00010000000000000018,0.21169999999999994,0.0001541053649445307,0.25131081377716336,0.00013019675511429128,0.2500004361852381,0.00011106214212973007,0.24927570010959596
KXSB-26-KC,30.0,0.07,30.0,0.0651,0.002099999999999998,0.0026000000000000003,0.0011781431438539207,0.20948315050446817,0.0010896248177196277,0.1915173503664979,0.0011091016618435016,0.19060778954871033
KXSB-26-KC,14.0,0.06,14.0,0.05639999999999999,0.0003999999999999998,0.0010000000000000002,0.0004450077324510136,0.15318879463131163,0.0003894928408486525,0.14868296211403728,0.00046831761657088646,0.1612484118037466
KXPGAR1LEAD-PGC26-JTHO,30.0,0.05,31.0,0.0475,0.0014065000000000002,0.013127000000000002,0.0009644565127051496,0.17382418990142867,0.0010127595438086626,0.19140112798603026,0.0011072304929081716,0.18361783460386125
KXNBAPLAYOFF-26-LAC,30.0,0.71,30.0,0.20590000000000003,0.0011999999999999956,0.21909999999999996,0.0016206885665190655,0.23558800725883466,0.0012657328593190249,0.27102514022395763,0.0016513830461801987,0.23138501202066444
KXNBAPLAYOFF-26-LAC,14.0,0.68,14.0,0.2176,0.0004999999999999987,0.17689999999999997,0.0007839506090491758,0.2297490668493434,0.0006370709401145216,0.2542585051513624,0.0007328981498316238,0.21876531093479215
KXNBAPLAYOFF-26-LAC,7.0,0.6,7.0,0.24,0.0004999999999999987,0.16149999999999998,0.0003782398762075913,0.2446963405061352,0.0002925946611746649,0.2562917019998851,0.00031355019235577145,0.23947303247783824
KXNBAPLAYOFF-26-LAC,3.0,0.34,3.0,0.2244,0.0003999999999999985,0.12259999999999999,0.00017027107863364983,0.22543736574464712,0.00011717908919905168,0.2360939931940227,0.00012537234762544802,0.22682609393240655
KXMVESPORTSMULTIGAMEEXTENDED-S20267C3646D0A29-B4905262A3F,7.0,0.11,6.0,0.0979,1.8999999999999987e-05,0.010485000000000001,0.00025215686840857087,0.14382881087120467,0.0002163317879359057,0.13956182829769623,0.0002647220497373699,0.13395092207526516
KXT20MATCH-26FEB15PAKIND-PAK,7.0,0.44,7.0,0.24640000000000004,0.00019999999999999925,0.0824,0.0004162052662676531,0.24896474249605596,0.00027874569509488335,0.2578465746708434,0.0002937981211027358,0.2470242376425007
KXT20MATCH-26FEB15PAKIND-PAK,3.0,0.29,3.0,0.20589999999999997,9.999999999999907e-05,0.063,0.00012877131627025667,0.2063689172821091,0.00012389253099541397,0.21460062198990926,0.00012540987679823473,0.21172142018861442
KXWC1HSPREAD-26JUN15BELEGY-BEL2,14.0,0.5,11.0,0.25,0.0012749999999999986,0.16472499999999998,0.0006318490648746393,0.2571191625376755,0.0005035005662349058,0.27620264802361005,0.0005153762787518446,0.2521497334321263
KXWC1HSPREAD-26JUN15BELEGY-BEL2,7.0,0.495,7.0,0.249975,0.000825,0.1641,0.00037030638083796364,0.25621441884540136,0.00032011715867329886,0.2549608071223786,0.0003233684085262433,0.2515993271976827
KXWC1HSPREAD-26JUN15BELEGY-BEL2,3.0,0.12,3.0,0.1056,0.0004999999999999998,0.019699999999999995,0.00015184034372288716,0.12227689695928907,0.00012829744195967836,0.1362775090214562,0.00017818871011908273,0.10931737168430647
KXNFLSPREAD-25OCT19LAJAC-LA7,7.0,0.29,5.0,0.20589999999999997,0.00030000000000000057,0.4761999999999999,0.00025158820005597457,0.2149557371709353,0.00020720376762126583,0.21661544716961603,0.00021613569740105444,0.21479272603241772
KXNFLSPREAD-25OCT19LAJAC-LA7,3.0,0.3,3.0,0.21,0.00020000000000000036,0.4761999999999999,0.00015982685599501634,0.20878727086873097,0.0001278566952601416,0.21809245310750683,0.00011131064164031671,0.20917111755143247
KXNFLTOTAL-25DEC25DETMIN-36,14.0,0.5,9.0,0.25,0.00012500000000000133,0.607225,0.00048452652669451357,0.2514245483101877,0.00040420214420287625,0.2628171049532392,0.0003902136602151768,0.25049293604268735
KXNFLTOTAL-25DEC25DETMIN-36,7.0,0.8300000000000001,7.0,0.14109999999999995,0.00012500000000000133,0.4983249999999999,0.0003847985163192059,0.14636369589086,0.00029110462648662656,0.17424868972130197,0.0003932306942588022,0.14879806052897887
KXNFLTOTAL-25DEC25DETMIN-36,3.0,0.78,3.0,0.17159999999999997,0.00010000000000000018,0.4936999999999999,0.0001564579912334239,0.17606792847591207,0.00012345693339713685,0.18785021588107287,0.0001699737801176515,0.17554439812119255
KXWCTEAMTOTAL-26JUN24MARHTI-MAR3,14.0,0.37,14.0,0.2331,0.00042499999999999905,0.300575,0.0007841060421508883,0.241901411961068,0.0005868915070789286,0.27707129579463585,0.0006722119916156086,0.24237369552250976
KXWCTEAMTOTAL-26JUN24MARHTI-MAR3,7.0,0.41000000000000003,7.0,0.2419,0.00042499999999999905,0.24212499999999998,0.0003885219446538742,0.24710064257411005,0.0003184227103284383,0.25899547389314376,0.0002928066750630502,0.24359658890627983
KXWCTEAMTOTAL-26JUN24MARHTI-MAR3,3.0,0.5,3.0,0.25,0.00020000000000000036,0.24019999999999997,0.00015191093727929639,0.2514446439000755,0.0001368356275617039,0.24998379095645354,0.00010924499588084349,0.24984472722421444
KXUCLGAME-26AUG04USGBOG-BOG,7.0,0.8,7.0,0.15999999999999998,0.0,0.24320000000000003,0.00041152520537366484,0.17176746879732094,0.00027810654270260646,0.20267372680323617,0.0004003012866647918,0.1698083476594129
KXUCLGAME-26AUG04USGBOG-BOG,3.0,0.3,3.0,0.21,0.0,0.1034,0.00015771624165798783,0.21263717216348796,0.0001327468144141275,0.2122478323385893,0.00011180630429428247,0.21027752492894655
KXNCAAFGAME-25DEC29GASOAPP-APP,30.0,0.525,21.0,0.24937499999999999,0.0007999999999999992,0.08472500000000001,0.0011565499697417274,0.26073407660469927,0.0009184642766020159,0.30529074708134857,0.0009764471153642214,0.2533256837161628
KXNCAAFGAME-25DEC29GASOAPP-APP,14.0,0.38,14.0,0.2356,0.0004999999999999998,0.0777,0.0007713894935433403,0.24942597315443377,0.0006559071528606391,0.2564578873590916,0.0007179196301575061,0.23396891424267735
KXNCAAFGAME-25DEC29GASOAPP-APP,7.0,0.3,7.0,0.21,0.00039999999999999964,0.07300000000000001,0.0003702168245878572,0.22007852917408943,0.0002996471035923407,0.22322296618479,0.0003275438266963583,0.21281389818063218
KXNCAAFGAME-25DEC29GASOAPP-APP,3.0,0.3,3.0,0.21,0.00019999999999999925,0.07300000000000001,0.00016718881213651047,0.21451324036024666,0.00013024654162164002,0.22615736254636915,0.00012202584207415674,0.20778390754412338
KXNFLGAME-26AUG13ARILV-LV,30.0,0.67,30.0,0.2211,0.000600000000000001,0.42425000000000007,0.0016442908044270984,0.25405012460854176,0.0012832221126756061,0.2891498551084306,0.0016124041266301946,0.23615802750865333
KXNFLGAME-26AUG13ARILV-LV,14.0,0.59,14.0,0.2419,0.0005000000000000009,0.28540000000000004,0.0008128280862796701,0.24809839699569788,0.0006087142992879074,0.26989381563986997,0.000633277224550171,0.25183704498834364
KXNFLGAME-26AUG13ARILV-LV,7.0,0.61,7.0,0.2379,0.00030000000000000057,0.28500000000000003,0.00038362616868020205,0.24234397431646265,0.0003052212800614027,0.2598830595289045,0.0002943785514834359,0.24006600108371848
KXNFLGAME-26AUG13ARILV-LV,3.0,0.55,3.0,0.2475,0.00010000000000000018,0.28140000000000004,0.00016149851670171724,0.24721149355356659,0.00012077576526393665,0.2507161799075245,0.00010501699113684873,0.24893818519703195
KXTXSENATETURNOUTGOPMINUSDEM-26NOV03-T0,30.0,0.36,26.958333333333332,0.2304,0.0006000000000000011,0.138,0.0014771777903891247,0.25530703034133106,0.0011532999985801162,0.27888008610958054,0.0014260541091586545,0.25291941457333256
KXNCAAFGAME-25OCT14FIUWKU-WKU,3.0,0.71,3.0,0.20590000000000003,0.0,0.5813,0.00017961884264856772,0.2151043248691839,0.00012846956863370724,0.21633109936011224,0.0001347843238403466,0.2105474330347274
KXWC1HTOTAL-26JUL11NORENG-2,7.0,0.37,5.0,0.2331,0.00019999999999999925,0.4360999999999999,0.000273488248417319,0.23386256541042968,0.00021745964043826956,0.24294258998514412,0.00021999674933561136,0.23589404961246843
KXWC1HTOTAL-26JUL11NORENG-2,3.0,0.34,3.0,0.2244,0.00010000000000000018,0.43569999999999987,0.0001445512657111611,0.22701118191399644,0.00012036185847616323,0.22750441685824083,0.00015180493267810699,0.22685070661261109
KXNFLGAME-26JAN04WASPHI-PHI,7.0,0.79,7.0,0.1659,0.00020000000000000036,0.44610000000000005,0.000399552700795042,0.1790398600981815,0.0002900333128138826,0.21416119698965383,0.0003762970065742754,0.1740330368410118
KXNFLGAME-26JAN04WASPHI-PHI,3.0,0.66,3.0,0.2244,0.00010000000000000018,0.43570000000000003,0.00016211918367840114,0.22557755721466652,0.00012791691704292331,0.23090118977904922,0.0001237663171824041,0.22579513545449253
KXNCAAFSPREAD-25NOV29ALAAUB-ALA7,7.0,0.5,6.0,0.25,0.0004999999999999987,0.1635,0.00034063357103752094,0.24951371934910885,0.0002740696459454862,0.2557794221996151,0.00024033676694822738,0.24980153223826307
KXNCAAFSPREAD-25NOV29ALAAUB-ALA7,3.0,0.39,3.0,0.2379,0.00010000000000000018,0.1526,0.00017549945566312862,0.23704476319629988,0.00011631165426052203,0.24570494168602686,0.00012721689597003968,0.23864305227104812
KXBUNDESLIGAGAME-26MAY21WOBPAD-PAD,3.0,0.21,3.0,0.1659,9.999999999999963e-05,0.0362,0.0001854595676442979,0.1736889179628954,0.00017631236134365332,0.18284136863930872,0.0002118024652191929,0.1692493541881899
KXUFCFIGHT-26APR25STEZAL-ZAL,7.0,0.6,6.0,0.24,0.0,0.30600000000000005,0.0003190138471941623,0.24426799448827904,0.0002520122538932372,0.2507802116348492,0.00024951168029136946,0.23940521853491079
KXUFCFIGHT-26APR25STEZAL-ZAL,3.0,0.53,3.0,0.2491,0.0,0.30350000000000005,0.00015802364419707947,0.2484320079411004,0.00012629595261922085,0.24581644379665607,0.00013205116047434884,0.2503132640406569
KXNFLSPREAD-26JAN11SFPHI-PHI6,7.0,0.5,7.0,0.25,0.00029999999999999943,0.21529999999999994,0.00035566949099681653,0.24966484793685084,0.0003007356646168879,0.2669055226778719,0.0002888705851482861,0.2510343872993964
KXNFLSPREAD-26JAN11SFPHI-PHI6,3.0,0.45,3.0,0.24750000000000003,0.00019999999999999925,0.21169999999999994,0.00013681679210865327,0.24894650948272762,0.00011786248166482766,0.2525518085742857,0.0001227628085755549,0.2456695346605833
KXMVESPORTSMULTIGAMEEXTENDED-S202543DFB1BBC7D-C9624580662,7.0,0.13,6.0,0.1131,0.000219,0.45196100000000006,0.0003111815010392454,0.14900749701954805,0.0002583517184923538,0.16647696046165394,0.00031100277936267786,0.16053191155985339
KXMVESPORTSMULTIGAMEEXTENDED-S202543DFB1BBC7D-C9624580662,3.0,0.139,3.0,0.11967900000000001,5.7999999999999716e-05,0.45196100000000006,0.00014895305857899618,0.13442022002802712,0.00012876906023903738,0.13489297248720178,0.00016521172083899002,0.12543512632599657
KXWC1HSPREAD-26JUL14FRAESP-FRA2,3.0,0.09,3.0,0.0819,0.0,0.006500000000000001,0.00012525785789908737,0.09531513579643168,8.775706194157757e-05,0.11823078992533045,0.00016462108123343962,0.10041155988113815
KXMVESPORTSMULTIGAMEEXTENDED-S2026F5F0491B4B5-AF3D99A7B3C,14.0,0.054,11.0,0.051084,1.0000000000000018e-05,0.40458000000000005,0.0004984247312116824,0.13906109209625267,0.00045672388102253615,0.15562013820140255,0.00048340513504884744,0.13838129970318314
KXATPMATCH-26JUN29MAJTAB-TAB,3.0,0.34,3.0,0.2244,0.0,0.10900000000000001,0.0001669246655093681,0.22924160317498632,0.00013913897736121203,0.23240034329518985,0.00012965209509213825,0.22732081022492787
KXWC1HSPREAD-26JUN22NORSEN-NOR2,30.0,0.495,18.0,0.249975,0.0005249999999999995,0.10515000000000001,0.0009633440779197811,0.26014727484295996,0.0007572637471060507,0.2777199390558963,0.0008495241013869266,0.25413581542933467
KXWC1HSPREAD-26JUN22NORSEN-NOR2,14.0,0.495,14.0,0.249975,0.0005249999999999995,0.10435000000000001,0.0007899846777004369,0.25230709022325953,0.0006381780204261069,0.27063811619367195,0.0006182828156664449,0.24949240999095362
KXWC1HSPREAD-26JUN22NORSEN-NOR2,7.0,0.38,7.0,0.2356,0.0005249999999999995,0.07512500000000001,0.0003980621672434506,0.2392018349221552,0.0003146930391112791,0.24573267564925058,0.000293434947598735,0.23756846353575883
KXWC1HSPREAD-26JUN22NORSEN-NOR2,3.0,0.12,3.0,0.1056,0.0004999999999999995,0.010100000000000001,0.00016722922204303182,0.11819658293725105,0.00012871436676040396,0.12027884756630801,0.0001833443171937772,0.12424756889501846
KXWC2HTOTAL-26JUN30CIVNOR-3,3.0,0.18,3.0,0.1476,0.0002250000000000004,0.05502499999999999,0.00020761173152197804,0.15028358816714524,0.0001849226149879339,0.16161410265575263,0.00020307213772934225,0.1519648938708609
KXBRASILEIROGAME-26JUL26CRUBOT-BOT,7.0,0.23,7.0,0.1771,0.00019999999999999925,0.6112500000000001,0.0004681084257557821,0.18374619538166345,0.00041720344246795924,0.2059874402980454,0.0004462304856942173,0.1892842150876686
KXBRASILEIROGAME-26JUL26CRUBOT-BOT,3.0,0.21,3.0,0.1659,0.00019999999999999925,0.6085,0.0001997965156975906,0.16447159034832431,0.00016838508024645727,0.17887573669301177,0.0001893902980825906,0.1690703017944435
KXMLSGAME-26MAR22SDRSL-SD,7.0,0.67,7.0,0.2211,0.0,0.2887,0.00036543668355133166,0.2221227610925157,0.0002851551909389254,0.23667557469423592,0.0003055670546724443,0.22555812760284744
KXMLSGAME-26MAR22SDRSL-SD,3.0,0.56,3.0,0.24639999999999998,0.0,0.28140000000000004,0.00016248663293669637,0.2471972853811344,0.00014920102286019874,0.24593279648469846,0.00010029675429067021,0.24531523903284988
KXT20MATCH-26MAY291230WARWOR-WOR,3.0,0.465,3.0,0.24877499999999997,0.0,0.11182500000000001,0.00015904039877905667,0.2502609191705837,0.00011992077034875846,0.2544856988372589,0.0001056210327906586,0.24907132426080492
KXDIMAYORGAME-26AUG26CHIFOR-FOR,7.0,0.365,7.0,0.231775,0.00012500000000000022,0.11235000000000002,0.000356684439371526,0.23767903696799184,0.0003176111932254995,0.2441291749868159,0.0002889676734723287,0.2317910995713357
KXDIMAYORGAME-26AUG26CHIFOR-FOR,3.0,0.33,3.0,0.2211,0.00010000000000000018,0.10900000000000001,0.0001608189467929147,0.22250101681004686,0.00011911660097040463,0.22608588361717402,0.00010270085964023488,0.22357881681464772
KXWMARMAD-25R32G8-ORE,7.0,0.05,6.0,0.0475,2.5000000000000045e-05,0.050624999999999996,0.0002270796215720857,0.11655621580163882,0.00019822657240950632,0.13361261775414712,0.0002105668034226689,0.12312271807324898
KXWMARMAD-25R32G8-ORE,3.0,0.225,3.0,0.174375,0.0,0.018225,0.00023709719299827906,0.18061854890644008,0.00018252435623042948,0.1856534891002405,0.00017318150104227742,0.18354297894307117
KXWC1H-26JUL05BRANOR-BRA,7.0,0.39,5.0,0.2379,0.00029999999999999943,0.16819999999999996,0.00028498523507047033,0.23822588711604759,0.0002166919798871747,0.24530302225916978,0.00019141922234763167,0.23746268468659132
KXWC1H-26JUL05BRANOR-BRA,3.0,0.4,3.0,0.24,0.00019999999999999925,0.16819999999999996,0.00017438198185108653,0.24325150402073048,0.0001383047947821527,0.24071727543063973,0.00012891076617006114,0.24176199032074344
KXEPLGAME-26FEB28BURBRE-BUR,14.0,0.32,14.0,0.2176,0.0005500000000000007,0.05264999999999999,0.0007600572949313277,0.23506234129362322,0.0005609322611750362,0.2561270281306608,0.000749153122801446,0.227297040827851
KXEPLGAME-26FEB28BURBRE-BUR,7.0,0.24,7.0,0.1824,0.00022500000000000013,0.044825,0.0004241680660079407,0.1965690593904912,0.000362876128679869,0.20794819946025533,0.00038366433595938486,0.19828346365269447
KXEPLGAME-26FEB28BURBRE-BUR,3.0,0.21,3.0,0.1659,0.00010000000000000018,0.044199999999999996,0.00021007594166933493,0.16853675151298192,0.0001626763689630444,0.17751467653117026,0.00018931778755701216,0.17015011161459292
KXLALIGAGAME-26AUG16SANVIL-SAN,14.0,0.345,13.0,0.22597499999999998,0.0005999999999999989,0.07842500000000001,0.0006931772618703023,0.23985884799479343,0.0006071422331275866,0.25853430169066227,0.0006181512948140604,0.23478924690551486
KXLALIGAGAME-26AUG16SANVIL-SAN,7.0,0.32,7.0,0.2176,0.0004499999999999986,0.06810000000000001,0.00036860874487648854,0.22171291196315096,0.0003277274458575812,0.23423250950405264,0.000312834714956885,0.2224630210514013
KXLALIGAGAME-26AUG16SANVIL-SAN,3.0,0.29,3.0,0.20589999999999997,0.0003999999999999985,0.06770000000000001,0.00013442962497562446,0.20863456158023422,0.00011153941928579794,0.20801319089946768,0.00011963241015908765,0.20373508180617228
KXIPLGAME-26APR10RCBRR-RCB,7.0,0.56,7.0,0.24639999999999998,0.0005999999999999944,0.28180000000000005,0.0003820080329004073,0.2508536859533793,0.00030437840840572705,0.26083318808360384,0.00029274256082622885,0.24418254462875796
KXIPLGAME-26APR10RCBRR-RCB,3.0,0.56,3.0,0.24639999999999998,0.0,0.28140000000000004,0.00014264639773670923,0.24820312224197252,0.00014358815154787337,0.2503947889653849,0.00011017528650870558,0.24548016674025497
KXWCMOF-26JUL01BELSEN-PEN,3.0,0.155,3.0,0.130975,2.5000000000000045e-05,0.0378,0.00019743161798722983,0.13833771879024803,0.000182166915475016,0.1410136618447965,0.00018316856145205772,0.13851471179245384
KXMVECROSSCATEGORY-S20266BE0E0CF0D6-1D6ADAE3E3F,14.0,0.5,12.0,0.25,0.00032300000000000053,0.17712499999999998,0.0006427513421568703,0.2559958329161194,0.000532882256723206,0.273151549735668,0.00055317850091518,0.2553721639558746
KXMVECROSSCATEGORY-S20266BE0E0CF0D6-1D6ADAE3E3F,7.0,0.5,7.0,0.25,0.00032300000000000053,0.17712499999999998,0.0003623646816325779,0.25656729252366056,0.0003155254959605529,0.25459574648936306,0.00027695004730283345,0.2523768302979114
KXMVECROSSCATEGORY-S20266BE0E0CF0D6-1D6ADAE3E3F,3.0,0.442,3.0,0.24663600000000002,8.500000000000014e-05,0.173281,0.0001481677171807571,0.24697558490157628,0.00014875018450445478,0.25269161790511047,0.00012025913435139798,0.24939673171731683
KXEPLGAME-26JAN17SUNCRY-SUN,14.0,0.34,14.0,0.2244,0.00020000000000000036,0.3424000000000001,0.0007935484434747568,0.23095027765744866,0.0006252861099320583,0.2758887329593465,0.0007140666276055256,0.22750043486540641
KXEPLGAME-26JAN17SUNCRY-SUN,7.0,0.33,7.0,0.2211,0.00010000000000000018,0.34060000000000007,0.0003698424724605998,0.22248376312586537,0.0002958361620417704,0.24302600081448167,0.0003030391682558561,0.22402010523409005
KXEPLGAME-26JAN17SUNCRY-SUN,3.0,0.36,3.0,0.2304,0.0,0.3390000000000001,0.00014007616410589353,0.23224907257197053,0.00012883168876536417,0.2356593077858672,0.00011172187372917433,0.22803627726964756
KXUCLGAME-26JUL21SBHKUPS-SBH,7.0,0.41000000000000003,5.0,0.2419,0.00010000000000000018,0.189,0.0002661137234731681,0.244148134284084,0.0002105323691845807,0.25549941798645487,0.00020459626437003216,0.2438150927557927
KXUCLGAME-26JUL21SBHKUPS-SBH,3.0,0.58,3.0,0.2436,0.00010000000000000018,0.16010000000000002,0.00014925512716857598,0.2491008020608202,0.00011980323365771685,0.24474193146410073,0.00011000352568953186,0.2445321466587176
KXNCAAFGAME-26AUG28WEBUNCO-WEB,14.0,0.47500000000000003,11.0,0.24937499999999999,9.999999999999907e-05,0.303875,0.0006189559312994358,0.2593907948024,0.0005041528994320824,0.2675461258821618,0.00047504840555393857,0.2521847367081018
KXNCAAFGAME-26AUG28WEBUNCO-WEB,7.0,0.57,7.0,0.2451,9.999999999999907e-05,0.2188,0.00034646357682170973,0.24752436483816084,0.0003051259198003223,0.26061976666583286,0.0002916274315250929,0.2486820906545214
KXNCAAFGAME-26AUG28WEBUNCO-WEB,3.0,0.43,3.0,0.2451,0.0,0.20789999999999997,0.00015692145637697733,0.2455758246507103,0.00014092332399407418,0.2523270561208178,0.0001243318345184984,0.24716390093353413
KXTESTMATCH-26JUN251000SRIWI-SRI,7.0,0.42,6.0,0.2436,0.0,0.32339999999999997,0.0003277290205561758,0.243903960944457,0.0002723460446456874,0.2495817553856427,0.00023458619142044924,0.24600276254449852
KXTESTMATCH-26JUN251000SRIWI-SRI,3.0,0.65,3.0,0.22749999999999998,0.0,0.1983,0.00016328540771662258,0.23292132986625333,0.00012100494759518068,0.2349722091710024,0.00012711932201880312,0.2289852171581167
KXNBASUMMERGAME-26JUL14PHIHOU-HOU,7.0,0.485,6.0,0.249775,0.0,1.027575,0.0003072393080404441,0.2471806099137042,0.0002476465781934588,0.25115392283634136,0.00025134343550407194,0.2501950552331672
KXNBASUMMERGAME-26JUL14PHIHOU-HOU,3.0,0.475,3.0,0.24937499999999999,0.0,0.639525,0.00016602822955681236,0.24895280153022534,0.00011702982999230178,0.2515477081552598,0.00010690432478530254,0.24807936543294842
KXEPLTOTAL-26SEP05NEWBOU-4,7.0,0.38,7.0,0.2356,0.00025000000000000044,0.373,0.00037262996293907643,0.2377870933938526,0.00034985282614727266,0.23902108727195193,0.0002962805616515424,0.23417062601297262
KXEPLTOTAL-26SEP05NEWBOU-4,3.0,0.39,3.0,0.2379,0.00010000000000000018,0.3726,0.00013229667188532066,0.24187518132276276,0.0001272917599695802,0.23503159213440866,0.00010914879430275275,0.23938724432293412
KXWC2HTOTAL-26JUL02PORCRO-4,7.0,0.475,5.0,0.24937499999999999,0.0,0.120775,0.0002779664903109344,0.25170071226421664,0.00021192107269959925,0.2610619020904297,0.0001807607876334874,0.2516397422614112
KXWC2HTOTAL-26JUL02PORCRO-4,3.0,0.14,3.0,0.12040000000000001,0.0,0.008550000000000002,0.0001773160579929094,0.13996516855175353,0.00013250190831170586,0.15122920999946374,0.00020018109962792525,0.13106416365450835
KXSERIEAGAME-26JAN11FIOACM-TIE,7.0,0.255,7.0,0.189975,0.00047499999999999973,0.4900999999999999,0.00040552181606272303,0.1964935276408373,0.000363250801280482,0.20447320022532695,0.00043024810793337864,0.21054484767424989
KXSERIEAGAME-26JAN11FIOACM-TIE,3.0,0.27,3.0,0.1971,0.00019999999999999925,0.4900999999999999,0.00015084734376627544,0.19755971728211866,0.00011475217314659881,0.20779424269418115,9.730343817232981e-05,0.2003208440229503
KXNFLSPREAD-25OCT26DALDEN-DAL3,7.0,0.29,5.0,0.20589999999999997,0.00010000000000000018,0.0842,0.00022553935025194235,0.21195637558339706,0.00019863146210713555,0.2156442519003687,0.00022901095495767902,0.21688989634329253
KXNFLSPREAD-25OCT26DALDEN-DAL3,3.0,0.29,3.0,0.20589999999999997,0.00010000000000000018,0.0842,0.00016221678005518437,0.2083844608481472,0.00011912555182980158,0.20749241791554263,0.00011380300845424255,0.21021507951495927
KXMLBGAME-26JUL172140STLAZ-STL,3.0,0.52,3.0,0.2496,0.00010000000000000018,0.1203,0.00015438493203481747,0.2509981068872951,0.0001453124147259877,0.2572991599196552,0.00012565902304792248,0.24967431166674167
KXNCAAFGAME-25NOV08MDRUTG-MD,7.0,0.5,7.041666666666666,0.25,0.0003499999999999995,0.21419999999999995,0.00046391822810764346,0.2512135549230511,0.0003881881349310323,0.26573541707574394,0.0003265797900519338,0.2508562792200603
KXNCAAFGAME-25NOV08MDRUTG-MD,3.0,0.51,2.999999999999999,0.2499,9.999999999999907e-05,0.21419999999999995,0.0001607118815651728,0.2501782874533381,0.00012503944639199983,0.2512322732541287,0.00011803824258646071,0.2502562083660323
KXWCMENTION-MENWORLDCUP-GIAN,14.0,0.85,12.0,0.1275,0.0009999999999999907,0.8345,0.0006194980079384177,0.14732492636140918,0.0004568592537842898,0.17176280562543603,0.0008026042220110574,0.14213757746169203
KXWCMENTION-MENWORLDCUP-GIAN,7.0,0.89,7.0,0.09789999999999999,0.0007999999999999926,0.8291000000000001,0.0003624879296177384,0.11587619661252994,0.0002547423752562733,0.1343340651214865,0.0004998205618880852,0.10883813906165293
KXWCMENTION-MENWORLDCUP-GIAN,3.0,0.94,3.0,0.05640000000000005,0.0003999999999999963,0.8282,0.0001266711822593235,0.07059301007300962,9.503165944677157e-05,0.07929089916615516,0.00020625874989891195,0.07071925927497387
KXEPLGAME-26MAY17MUNNFO-NFO,14.0,0.2,14.0,0.16000000000000003,0.0005999999999999994,0.042,0.0008346542197044868,0.19628988083097454,0.0007382903409511383,0.23186427752448538,0.0008375610803274783,0.1929905465706631
KXEPLGAME-26MAY17MUNNFO-NFO,7.0,0.2,7.0,0.16000000000000003,0.00010000000000000018,0.0325,0.0005177384570551267,0.1717924623937192,0.00040430591259352526,0.19097032969325997,0.000487364453560431,0.16970374648686223
KXEPLGAME-26MAY17MUNNFO-NFO,3.0,0.19,3.0,0.1539,0.0,0.0325,0.00019323437513410157,0.16134370969934383,0.00018750118866301866,0.16184484795194018,0.00020100972816963907,0.1579086653037854
KXNCAAFGAME-25NOV22SHSUMTU-SHSU,14.0,0.5,13.0,0.25,0.0004250000000000008,0.12062500000000001,0.0006635759486623969,0.25047173374112686,0.0005633749729851608,0.2769995512831294,0.0005757290226749393,0.25301617438641794
KXNCAAFGAME-25NOV22SHSUMTU-SHSU,7.0,0.37,7.0,0.2331,0.00010000000000000018,0.10500000000000001,0.00035584129130925555,0.24116365751167,0.0003481958987723857,0.23933476221098643,0.00031816772709054023,0.23522097284302998
KXNCAAFGAME-25NOV22SHSUMTU-SHSU,3.0,0.32,3.0,0.2176,0.00010000000000000018,0.10250000000000001,0.00014298702886027237,0.22238657812545085,0.00013767841427516758,0.220451493656698,0.00010626589722005768,0.2174793668115251
KXLIGUE1GAME-25NOV29ASMPSG-PSG,7.0,0.5700000000000001,7.0,0.24509999999999998,0.00020000000000000036,0.3861,0.0003831815652117007,0.24704382876178285,0.0003063044925377374,0.2618951290102698,0.0003086397311410865,0.24628675177920292
KXLIGUE1GAME-25NOV29ASMPSG-PSG,3.0,0.61,3.0,0.2379,0.00020000000000000036,0.3845,0.00017514407774276127,0.2452857164155439,0.0001375352401806434,0.2430531535913155,0.00010671070054186753,0.23779887069382397
KXNCAAFSPREAD-26JAN19MIAIND-IND14,14.0,0.38,9.0,0.2356,0.00030000000000000057,0.12669999999999998,0.00048565511533266257,0.2384862432967909,0.0003572384166911276,0.2521680658927626,0.0004283411293096144,0.24184356889672343
KXNCAAFSPREAD-26JAN19MIAIND-IND14,7.0,0.33,7.0,0.2211,0.00030000000000000057,0.12419999999999999,0.00040488233294455346,0.2316191626989348,0.00033835635413579013,0.22898314467822536,0.0003191263730434838,0.2182348447798245
KXNCAAFSPREAD-26JAN19MIAIND-IND14,3.0,0.33,3.0,0.2211,0.00010000000000000018,0.12419999999999999,0.0001600169622908154,0.22342102584359508,0.00012803513764628714,0.2250394796122732,0.00013043258454622847,0.22427336183464588
KXBUNDESLIGAGAME-26APR04VFBBVB-BVB,7.0,0.37,7.0,0.2331,0.00030000000000000057,0.41100000000000003,0.0003530351737027143,0.23374581773053626,0.0003652854183921725,0.23649550695101046,0.0003270277331154725,0.23648232988429796
KXBUNDESLIGAGAME-26APR04VFBBVB-BVB,3.0,0.36,3.0,0.2304,0.00010000000000000018,0.4101,0.0001525892474547457,0.23729291838802274,0.0001270933996732915,0.23193993163313714,0.00012199921743752545,0.2342049114015798
KXMLBGAME-26MAY022140KCSEA-SEA,3.0,0.57,3.0,0.2451,0.00010000000000000018,0.9438000000000001,0.00013583971319968438,0.24423727118820984,0.00011981216130253932,0.24976166369614997,0.00014029885953740972,0.2468234865646034
KXMVESPORTSMULTIGAMEEXTENDED-S2026F84712B4878-FF26359CF14,14.0,0.5,14.0,0.25,0.0001299999999999999,0.21461000000000002,0.0007825155866401159,0.25173162390795456,0.00059697375296267,0.28111194779277277,0.0006337818778734991,0.25591400498799144
KXMVESPORTSMULTIGAMEEXTENDED-S2026F84712B4878-FF26359CF14,7.0,0.5,6.0,0.25,0.0001299999999999999,0.21461000000000002,0.0003062039423864514,0.253718196036207,0.0002877131748820368,0.2602477573991306,0.00024471888720076804,0.2493470940151524
KXWC1HSPREAD-26JUN20ECUCUW-ECU2,14.0,0.495,14.0,0.249975,0.0007499999999999981,0.148925,0.0007609310504689941,0.2623067350616525,0.0006041275477719149,0.26943150775560226,0.0006117209173519272,0.25420750768176886
KXWC1HSPREAD-26JUN20ECUCUW-ECU2,7.0,0.25,7.0,0.1875,0.0005999999999999978,0.11430000000000001,0.00043926040798798223,0.20239614290812916,0.0004115903592045081,0.22556337947720845,0.00043305043427426334,0.2000243975841575
KXWC1HSPREAD-26JUN20ECUCUW-ECU2,3.0,0.35,3.0,0.22749999999999998,9.999999999999907e-05,0.10900000000000001,0.00015696298661933193,0.22705400309450102,0.00013661653940088905,0.23641104702972401,0.00010525580619494424,0.22790173372102132
KXNFLAFCCHAMP-25-BAL,30.0,0.12,30.00000000000003,0.1056,0.0020999999999999994,0.0281,0.0014703079633626192,0.21413974203609615,0.001333610855163817,0.22286874368182924,0.0013758609488850515,0.19769879526941744
KXNFLAFCCHAMP-25-BAL,7.0,0.08,7.0,0.0736,0.0005999999999999994,0.0148,0.0002742601349654194,0.12983395465213832,0.0002375859069716142,0.15500524959801204,0.0002793144296121278,0.14696433746813206
KXNFLAFCCHAMP-25-BAL,3.0,0.11,3.0,0.0979,0.0004999999999999995,0.0144,0.00011735335076439226,0.11742179027785932,0.00010870761769354371,0.10952142478550066,0.00015242170008462785,0.11120119329134487
KXUFCFIGHT-26MAY02TUISUT-SUT,7.0,0.39,5.0,0.2379,0.00020000000000000036,0.4238999999999999,0.0002775749678059749,0.239342782919931,0.00023636554785258994,0.25635943123979305,0.0001849300894070366,0.2412166933256495
KXUFCFIGHT-26MAY02TUISUT-SUT,3.0,0.36,3.0,0.2304,0.00010000000000000018,0.4234999999999999,0.0001676575615414006,0.23637199700401312,0.00012065102158862418,0.2364423101045846,0.0001117469307910305,0.22821680502406544
KXLALIGAGAME-26FEB14GETVIL-TIE,7.0,0.32,7.0,0.2176,0.00030000000000000057,0.0933,0.0003785860558828066,0.21754573508484654,0.00030076719790492375,0.2399550187209387,0.00031360926825471316,0.22022763732299203
KXLALIGAGAME-26FEB14GETVIL-TIE,3.0,0.3,3.0,0.21,0.00010000000000000018,0.0901,0.00016782524579403468,0.20977132809841698,0.00013127008203705687,0.21987900234629165,0.00013233841088868654,0.21245530084801126
KXNBAGAME-26FEB19DENLAC-DEN,3.0,0.63,3.0,0.2331,0.0,0.5972999999999999,0.00015434407859133285,0.23306745613729504,0.00014417367593700644,0.23675595425234328,0.00011069208767013946,0.2321692563087607
KXUFCFIGHT-26APR11FREPIC-FRE,7.0,0.28,5.0,0.2016,0.00019999999999999925,0.091,0.00023535361743657346,0.20714576322517964,0.00020048984629671794,0.21099916708658206,0.00023285355533112352,0.21088278333371377
KXUFCFIGHT-26APR11FREPIC-FRE,3.0,0.29,3.0,0.20589999999999997,0.00010000000000000018,0.091,0.0001639836517966025,0.20801153279736886,0.00012805845428474826,0.20919946279342164,0.0001284005512097443,0.206038235413022
KXNCAAFGAME-25AUG30FAUMD-FAU,30.0,0.17,30.0,0.1411,0.002399999999999997,0.061549999999999994,0.0015931587768377475,0.23496134176299194,0.0014863210837347462,0.23986821312164788,0.0014589075324367878,0.21424150326799826
KXNCAAFGAME-25AUG30FAUMD-FAU,14.0,0.18,14.0,0.1476,0.0020999999999999977,0.0257,0.0008419026521385236,0.19277725665597653,0.0007592198358259566,0.22889272605703043,0.0008463651119256289,0.18190977824874677
KXNCAAFGAME-25AUG30FAUMD-FAU,7.0,0.18,7.0,0.1476,0.0010999999999999981,0.0257,0.000470116917399747,0.16607193922209618,0.0004295245259147,0.1779576806275976,0.0004522274431258286,0.1787706939440014
KXNCAAFGAME-25AUG30FAUMD-FAU,3.0,0.17,3.0,0.1411,0.00019999999999999925,0.0257,0.0002096525896701596,0.14869777726414882,0.00016843453920670188,0.14746125898995602,0.000181277104201007,0.15084706928804892
KXNBAGAME-26APR20ATLNYK-ATL,7.0,0.36,5.0,0.2304,0.0004999999999999987,0.4360999999999999,0.00027764248861198977,0.23662036226500446,0.00023953351800984877,0.23967521963558147,0.00020471021153024214,0.22822965560157712
KXNBAGAME-26APR20ATLNYK-ATL,3.0,0.34,3.0,0.2244,0.00010000000000000018,0.4360999999999999,0.00016113738220076515,0.2220450855239045,0.00012471008286478024,0.22817756439229464,0.0001251280733657888,0.2278023190687994
KXLALIGAGAME-26FEB08ATHLEV-ATH,7.0,0.585,7.0,0.24277500000000002,0.00030000000000000057,0.15282500000000002,0.00035783548091952483,0.2453874132331756,0.0003057191396584346,0.2552453673829861,0.00028982135677694414,0.24198283542279278
KXLALIGAGAME-26FEB08ATHLEV-ATH,3.0,0.61,3.0,0.2379,0.00010000000000000018,0.1522,0.00016976428715947066,0.23940836694225834,0.00014109236737354816,0.2459144377024859,0.00010398600395590002,0.2390827627837483
KXLIGUE1GAME-26JAN16ASMFCL-ASM,7.0,0.63,7.0,0.2331,0.00020000000000000036,0.3369,0.0003634702329830881,0.2343453157213472,0.0002819706368153946,0.2510313468756038,0.00029676622320440625,0.23836465304920001
KXLIGUE1GAME-26JAN16ASMFCL-ASM,3.0,0.61,3.0,0.2379,0.0,0.3369,0.0001535492269425217,0.24190343515704968,0.000128323183528186,0.24850306129369176,0.00010819614452273932,0.236458574421222
KXRANKLISTSONGSPOTUSA-26JUN01-ARI,30.0,0.47,30.0,0.2491,0.0007000000000000013,0.4533999999999999,0.0016669189379737686,0.26843301439509093,0.0012789190466508367,0.33128182971855596,0.0014534399673627129,0.2582287577408067
KXRANKLISTSONGSPOTUSA-26JUN01-ARI,14.0,0.82,14.0,0.14760000000000004,0.000600000000000001,0.022399999999999993,0.0007382245596231819,0.16870155637715975,0.0005922716570968345,0.20996798566687525,0.0009080850129238643,0.16612634935604284
KXRANKLISTSONGSPOTUSA-26JUN01-ARI,3.0,0.95,3.0,0.04750000000000004,0.0,0.003500000000000006,9.594085856251726e-05,0.09889992793580983,8.148429058060464e-05,0.09044780401165156,0.0001113085280407293,0.0988034870910131
KXMLSGAME-26MAY02LAGVAN-VAN,7.0,0.5,7.0,0.25,0.00020000000000000036,0.13239999999999996,0.0003886959302769494,0.25124949299040433,0.00030346151483843673,0.2678642006111314,0.0002963433325996848,0.2514812514712746
KXMLSGAME-26MAY02LAGVAN-VAN,3.0,0.48,3.0,0.2496,0.00010000000000000018,0.13149999999999995,0.00015116877668269586,0.2520266755174118,0.00014152508446431622,0.2552556618167059,0.00011746938827086776,0.2498841805092745
KXLIUSAELIMINATIONW-26JUN12-BEA,7.0,0.15,6.0,0.1275,9.999999999999907e-05,0.20280000000000004,0.0003988002770573116,0.16404162147947113,0.0004157370845384363,0.138999811561216,0.0004079869849964032,0.14625411433468294
KXLIUSAELIMINATIONW-26JUN12-BEA,3.0,0.31,3.0,0.21389999999999998,0.0,0.1855,0.00015878568200227471,0.21843264028628254,0.00013057424709458587,0.2186265603546393,0.00011649503223457886,0.21964999046399591
KXATPMATCH-26JUN29VIRSHE-SHE,3.0,0.77,3.0,0.17709999999999998,0.00010000000000000018,0.6246,0.00019145738919169425,0.17730658615772235,0.00012562373821166362,0.19959831312136253,0.00015679099290674282,0.17821441459907483
KXMVESPORTSMULTIGAMEEXTENDED-S2026D2E38C85147-EB8C202D0D9,14.0,0.5,14.0,0.25,0.0004889999999999999,0.753691,0.0007564891512085198,0.2569761627929845,0.0005881720806314644,0.2901543097146474,0.0006394599393855534,0.24775406448665713
KXMVESPORTSMULTIGAMEEXTENDED-S2026D2E38C85147-EB8C202D0D9,7.0,0.102,7.0,0.091596,0.0003189999999999998,0.006989000000000001,0.00028690860644940664,0.14390797456394572,0.00026221133576017844,0.15640047182977856,0.0002724564972742368,0.1455998970471043
KXMVESPORTSMULTIGAMEEXTENDED-S2026D2E38C85147-EB8C202D0D9,3.0,0.1,3.0,0.09000000000000001,0.00028899999999999987,0.006989000000000001,0.00012030920510415906,0.11072443238557701,0.00010650788205749089,0.10012098379798028,0.0001468558946049678,0.10441410950876827
KXNFLSPREAD-25DEC25DALWAS-DAL14,14.0,0.5,9.0,0.25,0.0,0.29065,0.0005385443871427128,0.24835958373782505,0.0003865578799537183,0.265626428682711,0.00037070239994230756,0.24877086340631244
KXNFLSPREAD-25DEC25DALWAS-DAL14,7.0,0.19,7.0,0.1539,0.0,0.19455,0.00047130493497929806,0.17618477760222384,0.00042855585554594524,0.18629201381332977,0.0004969382314295538,0.1820451903043858
KXNFLSPREAD-25DEC25DALWAS-DAL14,3.0,0.26,3.0,0.19240000000000002,0.0,0.11540000000000002,0.00019121947893029436,0.20158563692114775,0.00015876546772381321,0.2003050904553605,0.00013516861505642405,0.19114444558296956
KXNBAGAME-26JUN05NYKSAS-SAS,7.0,0.66,6.0,0.2244,0.00010000000000000018,0.43770000000000003,0.000305255385105946,0.23254986964389548,0.0002715658732041211,0.2407237264135272,0.000260416971850454,0.22917300226571274
KXNBAGAME-26JUN05NYKSAS-SAS,3.0,0.63,3.0,0.2331,0.0,0.4373,0.0001394453027422869,0.2341296706326685,0.00013933967250024496,0.25007571350870084,0.00013158993029370886,0.2341358007500559
KXXRPMAXY-25DEC31-4.99999,30.0,0.06,30.00000000000003,0.05639999999999999,0.0019249999999999996,0.008425000000000002,0.001050917687152355,0.19238709992123,0.0010546581960362168,0.18149423441643592,0.001075856040788312,0.20577676806727963
KXLALIGAGAME-26SEP06MCFLEV-TIE,14.0,0.81,14.0,0.15389999999999995,0.0005499999999999971,1.30615,0.0007577121093196968,0.17467717172076408,0.0005862052393747747,0.18664964044361704,0.0008530607253805825,0.16361592403873998
KXLALIGAGAME-26SEP06MCFLEV-TIE,7.0,0.28,7.0,0.2016,0.0005499999999999971,0.4900999999999999,0.0003612532463913485,0.20830998891818325,0.0003239249056468437,0.23749244217276183,0.0003174980757279216,0.21453113583832462
KXLALIGAGAME-26SEP06MCFLEV-TIE,3.0,0.3,3.0,0.21,0.00010000000000000018,0.4900999999999999,0.00017880750914811845,0.21536048068230712,0.00011751635800974418,0.21958759111702136,0.00013503538443017848,0.21272414508726123
KXNCAAFGAME-25SEP06CONNSYR-CONN,30.0,0.47,30.0,0.2491,0.0008249999999999971,0.11302499999999997,0.0016487704925710214,0.25724372905951076,0.001331681292098082,0.2841728981339,0.001605014465010638,0.25985021034286393
KXNCAAFGAME-25SEP06CONNSYR-CONN,14.0,0.315,14.0,0.21577500000000002,0.000799999999999997,0.08367499999999999,0.0007686059686175152,0.2333021810162382,0.000638152384554931,0.24772848021465854,0.0007206089897906226,0.22715047395822777
KXNCAAFGAME-25SEP06CONNSYR-CONN,7.0,0.28,7.0,0.2016,0.0005999999999999978,0.08019999999999998,0.0003942919243621412,0.20925274249302261,0.0003463700586112935,0.2284055707327303,0.0003905404887977025,0.2011514582561754
KXNCAAFGAME-25SEP06CONNSYR-CONN,3.0,0.3,3.0,0.21,0.00010000000000000018,0.07889999999999998,0.00015929142245498212,0.21359530606602242,0.0001135634482810312,0.21233951765430548,0.00013490541207232166,0.21106981909699526
KXNFLSPREAD-26JAN11SFPHI-SF3,7.0,0.5,7.0,0.25,0.0004000000000000002,0.6606,0.000377546217030867,0.2513604041144555,0.0003177981562638349,0.2595029428791859,0.00027877326000168236,0.24770918261547833
KXNFLSPREAD-26JAN11SFPHI-SF3,3.0,0.24,3.0,0.1824,0.00019999999999999982,0.593,0.0001867625129752466,0.18644854384987014,0.0001318829707084026,0.1939661737740298,0.00015507919841293547,0.18850913309064204
KXEPLGAME-26JAN04TOTSUN-TOT,14.0,0.385,14.0,0.236775,0.00020000000000000036,0.299275,0.0007336120914213354,0.25141540976766963,0.0006392325483210562,0.27258185629050075,0.0006867750996602418,0.24576025318978822
KXEPLGAME-26JAN04TOTSUN-TOT,7.0,0.55,7.0,0.2475,0.00010000000000000018,0.2722,0.0003871886103454964,0.25019873099709117,0.0002977594754738191,0.2593246951392269,0.00027391401850678583,0.24575330196938766
KXEPLGAME-26JAN04TOTSUN-TOT,3.0,0.53,3.0,0.2491,0.0,0.27130000000000004,0.00016507391062945868,0.2482531723278662,0.00011648425744759644,0.25956286974641357,0.00010664685961170997,0.24936999893233713
KXWCFTTS-26JUL05BRANOR-NONE,7.0,0.11,5.0,0.0979,0.0004999999999999998,0.004600000000000002,0.00020423762197252333,0.13171053625102133,0.0001860025276858098,0.13143040429087266,0.0002137310721926162,0.12982498073311477
KXWCFTTS-26JUL05BRANOR-NONE,3.0,0.05,3.0,0.0475,0.00039999999999999986,0.0021000000000000007,0.00010616349057238392,0.09937632924223702,7.577029602823545e-05,0.08615227876128405,0.00011233764291790956,0.1199178287154184
KXLALIGAGAME-26FEB27LEVALA-ALA,7.0,0.37,7.0,0.2331,0.00029999999999999943,0.10900000000000001,0.0003781254559608409,0.23670905261833172,0.0003234009846121426,0.23925641755099003,0.000322416989274973,0.23160212018136916
KXLALIGAGAME-26FEB27LEVALA-ALA,3.0,0.34,3.0,0.2244,0.0,0.10900000000000001,0.00016828095603102215,0.23111295217774136,0.00012957754601055995,0.23107959592019975,0.0001259873627473707,0.22489188005774025
KXUELGAME-26AUG06PAOKRSC-RSC,7.0,0.43000000000000005,7.0,0.2451,0.00020000000000000036,0.6691000000000001,0.00039169955352169855,0.24608410696474892,0.0003050823061320318,0.2555235561371872,0.0003110930932698016,0.2438918559804691
KXUELGAME-26AUG06PAOKRSC-RSC,3.0,0.23,3.0,0.1771,0.00010000000000000018,0.6426000000000001,0.00020042845814836324,0.1814507136426328,0.0001536685315575795,0.18024479547554084,0.00017230721103096691,0.18071295813705873
KXBTCD-26JUN1917-T64999.99,7.0,0.31,7.0,0.21389999999999998,0.0,0.27929999999999994,0.00037869259216350223,0.22173441883270206,0.000298633076067362,0.22533574006833207,0.0003297190207431829,0.2170148716305947
KXBTCD-26JUN1917-T64999.99,3.0,0.69,3.0,0.2139,0.0,0.21469999999999995,0.00014536537551191052,0.21552132542464192,0.000132789306296288,0.22037421065294008,0.00012363743853499218,0.21265906554163203
KXWCMOF-26JUL14FRAESP-ET,3.0,0.19,3.0,0.1539,0.00010000000000000018,0.020599999999999997,0.00021999542481549464,0.16491520020130046,0.00016028786983435082,0.16439055471283878,0.00020549591675312094,0.1630724149612602
KXXRPMAXY-25DEC31-3.74999,30.0,0.06,30.00000000000003,0.05639999999999999,0.0014999999999999996,0.007499999999999999,0.0011767475039825511,0.20088738509122275,0.0010151558899244358,0.20550392114833754,0.0011509581303238512,0.1818889386666074
KXXRPMAXY-25DEC31-3.74999,3.0,0.06,3.0,0.05639999999999999,0.00039999999999999986,0.001,9.359419791671882e-05,0.11709146489142024,8.874289183347809e-05,0.08086138331514028,0.00012485964411273578,0.09817652389112447
KXIPLGAME-26APR04RRGT-RR,3.0,0.51,3.0,0.2499,0.0,0.23129999999999998,0.0001600912763856946,0.24930550635933652,0.00010683138812864685,0.2567297793271252,9.652299173095624e-05,0.24971529450515156
KXEPLGAME-26MAY17EVESUN-SUN,14.0,0.25,14.0,0.1875,0.0013999999999999993,0.5989,0.0007630692537468819,0.21932526021621,0.000727816407000495,0.2467287843778304,0.0007529938544462469,0.20838601495594816
KXEPLGAME-26MAY17EVESUN-SUN,7.0,0.2,7.0,0.16000000000000003,0.0004000000000000002,0.593,0.0004952511508957587,0.17598194630259187,0.00044023845595448334,0.19944942880656436,0.0004964941295906469,0.1715008387018261
KXEPLGAME-26MAY17EVESUN-SUN,3.0,0.22,3.0,0.1716,0.0,0.593,0.0002054646222666121,0.17847051567046318,0.00018151122695571852,0.1798677218102794,0.00019961377761759089,0.17767372701276116
KXNCAAFTOTAL-25DEC19ALAOKLA-40,14.0,0.55,12.0,0.2475,0.00020000000000000036,0.2317,0.0006359217855351787,0.25401847377181125,0.0005081782265346607,0.26149256071968013,0.0005169754712406338,0.2515591602006839
KXNCAAFTOTAL-25DEC19ALAOKLA-40,7.0,0.5,7.0,0.25,0.00010000000000000018,0.2219,0.0004313059351527919,0.2521797626534827,0.00029065785516549727,0.2624810269657273,0.0002945465565233644,0.2525215561599911
KXNCAAFTOTAL-25DEC19ALAOKLA-40,3.0,0.49,3.0,0.2499,0.0,0.2219,0.0001626861521730987,0.25070885277690197,0.0001395020311512639,0.2555743961185005,0.00010988764545280365,0.2502894832300025
KXFLACOACH-26-LKIF,30.0,0.45,30.041666666666664,0.24750000000000003,0.0010249999999999986,0.35972499999999996,0.0016615763166773446,0.2705326208857818,0.0013694155795245116,0.32199205436629696,0.0016006789859104981,0.26267251486972265
KXFLACOACH-26-LKIF,14.0,0.62,13.999999999999996,0.2356,0.0004999999999999987,0.30369999999999997,0.000833523488208729,0.24882928273455002,0.0006498127814564026,0.261393078295746,0.0006283426535903833,0.23697709946906462
KXFLACOACH-26-LKIF,7.0,0.37,7.0,0.2331,0.0003999999999999985,0.1447,0.00038771973833740924,0.23774287384727014,0.0003296810055400219,0.25205363554849536,0.000303248558533865,0.2330337733909001
KXFLACOACH-26-LKIF,3.0,0.41,3.0,0.24190000000000003,0.0,0.1379,0.00014591237530074564,0.2427800531688915,0.00014040988911749247,0.2479241576488077,0.00010306601148113645,0.2411598196391433
KXNCAAFSPREAD-25NOV29OSUMICH-OSU13,7.0,0.455,6.0,0.24797499999999997,0.0003999999999999985,0.37482499999999996,0.0003242353096873681,0.24721221897289716,0.00027054777141048226,0.26335075889413895,0.0002373390768002659,0.2475849976265276
KXNCAAFSPREAD-25NOV29OSUMICH-OSU13,3.0,0.44,3.0,0.24640000000000004,0.0003999999999999985,0.34859999999999997,0.00014701893251031794,0.24609120101745277,0.00012074931124252956,0.2551236382499058,0.00011045970007309152,0.24729856341596762
KXNCAAMB2ML-26APR04ILLCONNMICHARIZ-ILLARIZ,3.0,0.264,3.0,0.194304,0.00022500000000000037,0.063101,0.00018857568209768545,0.19948480590093112,0.00014118949831619861,0.20824682200827158,0.00015381484631311535,0.1943987328617885
KXLIGAMXGAME-26AUG30MONASL-ASL,14.0,0.42000000000000004,15.0,0.2436,0.00042500000000000025,0.7232249999999999,0.0008471089979504223,0.25142357127421844,0.0006408030605909344,0.2809899583897988,0.000702994665625564,0.2389605045874593
KXLIGAMXGAME-26AUG30MONASL-ASL,7.0,0.16,7.0,0.1344,0.0004000000000000007,0.689,0.0004737693313947919,0.17043363569797915,0.00034144878301267667,0.16827686220197285,0.000480685843835905,0.1612479174029696
KXLIGAMXGAME-26AUG30MONASL-ASL,3.0,0.16,3.0,0.1344,0.0,0.689,0.00021221808689912857,0.1390761344255084,0.00018180634069622282,0.14407243216554885,0.00021731194967501927,0.13753603022905658
KXNFLSPREAD-26AUG13TENSF-TEN7,7.0,0.33,7.0,0.2211,0.00010000000000000018,0.30920000000000003,0.000390621380610628,0.21961943242856286,0.0002915545130225157,0.24073139019407666,0.0003249049735502179,0.22346007846271243
KXNFLSPREAD-26AUG13TENSF-TEN7,3.0,0.41,3.0,0.24190000000000003,0.0,0.3047,0.00016186543542397652,0.24396344284409957,0.00013485307811180838,0.2435233751955689,0.00012413925632119766,0.24256733650088103
KXNCAAFGAME-25OCT11NEBMD-NEB,7.0,0.71,7.0,0.20590000000000003,0.00010000000000000018,0.083,0.0003699241828841991,0.21326958551680725,0.0002821478978594759,0.2231981437876983,0.0003356155767892348,0.2125574686347126
KXNCAAFGAME-25OCT11NEBMD-NEB,3.0,0.71,3.0,0.20590000000000003,0.0,0.07850000000000001,0.0001683231524569723,0.21132302725862837,0.00011579625013667116,0.21364071868406945,0.0001287671827694176,0.20607305120358316
KXNCAAFPREPACKSGP-26JAN01MISSUGA-UGAO56,14.0,0.5,13.0,0.25,0.0005000000000000009,0.13329999999999997,0.0007251524134142763,0.25626802037365176,0.000547022977508153,0.2724200008801077,0.0005789726751709723,0.25140356229404126
KXNCAAFPREPACKSGP-26JAN01MISSUGA-UGAO56,7.0,0.35,7.0,0.22749999999999998,0.00020000000000000036,0.11889999999999998,0.0004087187182798076,0.23414551552459173,0.00028743213848660435,0.24889554976808753,0.00029760158052831654,0.2356606260063559
KXNCAAFPREPACKSGP-26JAN01MISSUGA-UGAO56,3.0,0.36,3.0,0.2304,0.00010000000000000018,0.11569999999999998,0.00016450244242702212,0.23059770031073432,0.00013489713819081101,0.24213892882528285,0.00010537462799301355,0.23385373311686536
KXFIBAGAME-26AUG280200NZLIRN-NZL,3.0,0.47,3.0,0.2491,0.0,0.09530000000000001,0.00016463560388254114,0.2503339713631927,0.0001529956971754006,0.2500278435247009,0.00013010144124704076,0.24870910032289614
KXNFLGAME-25DEC28TBMIA-TB,14.0,0.5,13.0,0.25,0.00030000000000000057,0.6773,0.0006929004677935468,0.2517591213854352,0.0005684992983847078,0.27590562283546843,0.000574149615423705,0.2452352295823904
KXNFLGAME-25DEC28TBMIA-TB,7.0,0.69,7.0,0.2139,0.00030000000000000057,0.4765999999999999,0.000382393300027076,0.2178690606537925,0.0002933323735428286,0.254136663325618,0.00031461741353561916,0.21370148073594994
KXNFLGAME-25DEC28TBMIA-TB,3.0,0.69,3.0,0.2139,0.00010000000000000018,0.4765999999999999,0.00016991859067997238,0.2166989703303403,0.00014884508511096755,0.2194899123042668,0.00013116398862636925,0.21773000878342758
KXUFCFIGHT-26AUG29YANGOM-GOM,7.0,0.41,6.0,0.24190000000000003,0.0002999999999999983,0.32500000000000007,0.00033066779279642815,0.2414609235793877,0.0002572430151153249,0.24849110216121909,0.00023211263813139476,0.24083004364930957
KXUFCFIGHT-26AUG29YANGOM-GOM,3.0,0.42,3.0,0.2436,0.0,0.32500000000000007,0.00015569473307069638,0.2444101452696023,0.00010737986934611261,0.2510476109149953,0.00011195088408443375,0.24231475445714237
KXNCAAFPREPACKSGP-26JAN19MIAIND-INDO48,7.0,0.41,7.0,0.24190000000000003,0.0004000000000000007,0.1379,0.0003893659027356397,0.24005894660414664,0.0003107146229661207,0.2517198286443481,0.00030087388621305585,0.2443821970774292
KXNCAAFPREPACKSGP-26JAN19MIAIND-INDO48,3.0,0.38,3.0,0.2356,0.00020000000000000036,0.13699999999999998,0.00016070004321585416,0.2374314204055716,0.0001293327803432032,0.2457342362197166,0.0001250312148347777,0.23480361418945084
KXAFCONGAME-26JAN09CMRMAR-CMR,3.0,0.16,3.0,0.1344,0.0004999999999999998,0.014500000000000002,0.0002205603081524946,0.1357776764783158,0.00015970267657244353,0.14888099421473586,0.00020389199963799103,0.13661394055013487
KXLIGAMXTOTAL-26JUL18QUEAME-3,14.0,0.535,11.0,0.248775,0.0004750000000000008,0.14525,0.0006322683622890315,0.2567793006387556,0.00047108687417550104,0.2767065208027828,0.0004506254488577291,0.24960492708596044
KXLIGAMXTOTAL-26JUL18QUEAME-3,7.0,0.47,7.0,0.2491,0.00025000000000000044,0.13979999999999998,0.00037107132791267,0.255208941223528,0.00030146049441765355,0.2621489445946257,0.00025924599161752856,0.2483858175594176
KXLIGAMXTOTAL-26JUL18QUEAME-3,3.0,0.515,3.0,0.249775,0.0002250000000000004,0.13819999999999996,0.00015712228863179676,0.25606330408255934,0.0001451738571552199,0.25395885181938416,0.00012198963411737023,0.2491454297488353
KXSBGUESTS-26-TCHA,7.0,0.76,7.0,0.1824,0.0,0.20799999999999996,0.0003589988953083887,0.19549315808341874,0.00032284392691721997,0.20188927313030952,0.00035424902081042966,0.19008681908326974
KXSBGUESTS-26-TCHA,3.0,0.28,3.0,0.2016,0.0,0.091,0.0001314780622603469,0.20989437922923,0.00010796703578635285,0.20453180406845295,0.000112820951698832,0.20700267238710243
KXUFCFIGHT-26JUL25GIBHUS-HUS,3.0,0.82,3.0,0.14760000000000004,0.00010000000000000018,0.02570000000000001,0.00016308169601782872,0.15502871630399703,0.0001169527815334577,0.15211936754942904,0.0001750723094039327,0.15074342723186712
KXMLBGAME-26MAY082210ATLLAD-LAD,3.0,0.53,3.0,0.2491,0.00010000000000000018,0.13699999999999998,0.00016980766697309566,0.24716971239197355,0.00013528810422418775,0.24801736502879332,0.00011632384513173291,0.24876919173913084
KXT20MATCH-26FEB11IRLAUS-AUS,7.0,0.88,7.0,0.1056,0.0005999999999999966,0.011599999999999992,0.00034907892925373424,0.11712959105856678,0.00027682888117229145,0.15064959635140504,0.0004896027684194256,0.11444405700283902
KXT20MATCH-26FEB11IRLAUS-AUS,3.0,0.93,3.0,0.06509999999999996,0.0004999999999999964,0.0026000000000000047,0.00013965586783764477,0.07336215927274116,0.0001075558075464959,0.08024344327513759,0.00021645765834805777,0.08911063366540803
KXNCAAFGAME-25NOV15MRSHGAST-MRSH,14.0,0.585,13.041666666666666,0.24277500000000002,0.00012500000000000133,0.09395000000000002,0.0007700595202838754,0.2503733770325657,0.0005784853483712882,0.2798961471127641,0.000633020157409368,0.24784990083578598
KXNCAAFGAME-25NOV15MRSHGAST-MRSH,7.0,0.78,6.999999999999999,0.17159999999999997,0.0,0.06840000000000002,0.0003843040449190335,0.18764767546199213,0.00032062064722675144,0.19988007066193794,0.00037311431960190567,0.17789260274627242
KXNCAAFGAME-25NOV15MRSHGAST-MRSH,3.0,0.74,3.0,0.19240000000000002,0.0,0.0626,0.00016333377615320387,0.20223541207242973,0.00013176707353352576,0.1977026749868826,0.0001370471011940398,0.19340516765180296
KXEPLGAME-25OCT05NEWNFO-NEW,14.0,0.5700000000000001,14.0,0.24509999999999998,0.0004499999999999986,0.11699999999999998,0.0007442762604261466,0.249669312778382,0.0005915815912996274,0.2717400733408468,0.000637243073203495,0.24614868940797024
KXEPLGAME-25OCT05NEWNFO-NEW,7.0,0.6,7.0,0.24,0.00020000000000000036,0.11699999999999998,0.00038439719768313687,0.2427178397937216,0.00029026975397788366,0.2627376489108348,0.0002736583049641321,0.24392342414332016
KXEPLGAME-25OCT05NEWNFO-NEW,3.0,0.61,3.0,0.2379,0.00010000000000000018,0.11659999999999998,0.00016045163804279325,0.24019130949781753,0.00013496147447535886,0.23789498011888163,0.00010084064662971598,0.24021678843469055
KXT20MATCH-26JUN242130TEXSAN-SAN,7.0,0.68,7.0,0.2176,0.0,0.34859999999999997,0.00036210427868075477,0.22047591156893526,0.00033095009989818987,0.22809944733439985,0.00030893730726638114,0.2217465454278675
KXT20MATCH-26JUN242130TEXSAN-SAN,3.0,0.55,3.0,0.2475,0.0,0.25649999999999995,0.00016659539536405154,0.24708863136832618,0.00011396426022296566,0.25662002160742753,0.00010836805919430354,0.24834161566026483
KXWCSPREAD-26JUN13BRAMAR-MAR2,14.0,0.11,9.0,0.0979,0.00019999999999999993,0.009349999999999997,0.00039724871638082435,0.16804954093031796,0.00033871855699109415,0.167752567304941,0.00037893083341677904,0.170434117033062
KXWCSPREAD-26JUN13BRAMAR-MAR2,7.0,0.055,7.0,0.051975,0.00019999999999999993,0.006324999999999999,0.0003269370413171695,0.11834300960310137,0.00030360691258596534,0.1402692922602671,0.00032189307891120273,0.1332757423425077
KXWCSPREAD-26JUN13BRAMAR-MAR2,3.0,0.05,3.0,0.0475,9.99999999999999e-05,0.0025999999999999994,0.00010413378709325287,0.09310328645596418,8.704447731295276e-05,0.0868386352395839,0.0001380420291030329,0.09095199544479109
KXNFLSPREAD-25DEC29LAATL-ATL7,14.0,0.5,13.0,0.25,0.0003499999999999997,0.08545000000000001,0.000693248194356445,0.248227395382835,0.0005715609235185565,0.2928709865188149,0.0005752270777116285,0.25225502399008226
KXNFLSPREAD-25DEC29LAATL-ATL7,7.0,0.06,7.0,0.05639999999999999,0.0003499999999999997,0.0037000000000000006,0.00024344495490661387,0.1380992916742453,0.00023177512535535675,0.12569625219796804,0.00021468742813445971,0.12661342733382802
KXNFLSPREAD-25DEC29LAATL-ATL7,3.0,0.05500000000000001,3.0,0.05197500000000001,0.00012500000000000003,0.0037000000000000006,9.69199400986511e-05,0.10084259889096804,8.549636641542933e-05,0.12063657584849224,0.00011681216615083627,0.1064833059970206
KXMVESPORTSMULTIGAMEEXTENDED-S202617CC18DE17C-1D6ADAE3E3F,14.0,0.5,13.0,0.25,0.00045000000000000075,0.193636,0.0006871676042262412,0.25410655401897303,0.0005816659876734391,0.29911678178972456,0.0006034413446064596,0.2537075569217261
KXMVESPORTSMULTIGAMEEXTENDED-S202617CC18DE17C-1D6ADAE3E3F,7.0,0.5,7.0,0.25,0.0004500000000000008,0.186674,0.00037503473388476627,0.2515088315516151,0.0002998874328451965,0.2704993334133674,0.0002960910559529077,0.2472038270639444
KXMVESPORTSMULTIGAMEEXTENDED-S202617CC18DE17C-1D6ADAE3E3F,3.0,0.424,3.0,0.24422400000000002,0.00013700000000000024,0.183193,0.00017192686693568698,0.2455020511915116,0.00013494522862829317,0.24418509392255308,0.00011334811460240291,0.24337965147211926
KXUFCFIGHT-26JUN20NASRAP-RAP,7.0,0.36,6.0,0.2304,0.00020000000000000036,0.3374000000000001,0.00033074365179414783,0.23462725474195797,0.0002673976754252377,0.2451260488915676,0.000269426783985661,0.23349219487835932
KXUFCFIGHT-26JUN20NASRAP-RAP,3.0,0.37,3.0,0.2331,0.00010000000000000018,0.3374000000000001,0.00016434815307487697,0.2321532370506332,0.0001322313903542846,0.22981150549124307,0.00010030589772956268,0.23409871120202183
KXEPLGAME-26SEP05NEWBOU-BOU,14.0,0.36500000000000005,14.0,0.23177500000000004,0.0009750000000000006,0.08059999999999999,0.000732374553279329,0.23514896371832283,0.0006200162045856074,0.24371259187457714,0.0006688694353183478,0.2327330853625683
KXEPLGAME-26SEP05NEWBOU-BOU,7.0,0.32,7.0,0.2176,0.00030000000000000057,0.07889999999999998,0.00037615748469089957,0.22534818107695934,0.0002812542397893154,0.23333466963197289,0.00030694583349317133,0.22281304263173632
KXEPLGAME-26SEP05NEWBOU-BOU,3.0,0.3,3.0,0.21,0.00010000000000000018,0.07849999999999999,0.00016036308402468362,0.21253254387699674,0.0001318786273788749,0.21204596157111966,0.00012416298960181454,0.2114414020686646
KXNCAAFGAME-25NOV08TXSTULL-TXST,7.0,0.69,7.041666666666666,0.2139,0.0002999999999999961,0.36959999999999993,0.0004496605309641848,0.2182320075031977,0.0003445436517882744,0.2358163916148284,0.00038767898987245405,0.21510513531410375
KXNCAAFGAME-25NOV08TXSTULL-TXST,3.0,0.56,2.999999999999999,0.24639999999999998,9.999999999999796e-05,0.34909999999999997,0.0001598064104311642,0.24574737228608762,0.00013549744006945656,0.256563743352553,0.00011073615650760381,0.24704669043245672
KXNCAAFGAME-26SEP04SJSUEMU-SJSU,14.0,0.38,14.0,0.2356,0.000575000000000001,0.31412500000000004,0.0007437439856657274,0.24523446686823505,0.0006715938393649907,0.256867175811961,0.0006613461006831417,0.23754536031181878
KXNCAAFGAME-26SEP04SJSUEMU-SJSU,7.0,0.35,7.0,0.22749999999999998,0.00030000000000000057,0.30440000000000006,0.00040665387321635007,0.23344945284862229,0.0003045381496912191,0.24993799147893683,0.00031564645670470784,0.23104995083574364
KXNCAAFGAME-26SEP04SJSUEMU-SJSU,3.0,0.42,3.0,0.2436,0.00020000000000000036,0.30260000000000004,0.00012744766109544031,0.24395192356481005,0.00012385364919106977,0.25050757492829523,0.00010240601322539944,0.24476205265439346
KXNFLSPREAD-25DEC25DENKC-DEN3,14.0,0.5,9.0,0.25,0.0001249999999999991,0.124625,0.00045952745037193364,0.2515565965518302,0.00042552344515507163,0.2632845777336785,0.0004097413080933484,0.2521098920873013
KXNFLSPREAD-25DEC25DENKC-DEN3,7.0,0.56,7.0,0.24639999999999998,0.0001249999999999991,0.121025,0.0003951114473575028,0.2462329926011529,0.0003313134727044599,0.265079424568653,0.0002987097240289256,0.24791173680000406
KXNFLSPREAD-25DEC25DENKC-DEN3,3.0,0.79,3.0,0.1659,0.00010000000000000018,0.03619999999999998,0.00017277719061642004,0.1679735710552553,0.00011740415197980463,0.17052547683447905,0.00014321882960347454,0.16748839044323569
KXNCAAMBTOTAL-26MAR20WRSTUVA-160,7.0,0.16999999999999998,5.0,0.1411,0.0,0.017850000000000005,0.00035288500561589733,0.1556670117736534,0.0003286123358536,0.15359798489511114,0.0003579058698617228,0.15093897657215202
KXNCAAMBTOTAL-26MAR20WRSTUVA-160,3.0,0.165,3.0,0.137775,0.0,0.015725000000000003,0.00019695631179846246,0.1422872092763443,0.0001834762571511138,0.14990061084753642,0.00019962950296999356,0.1444138117428765
KXWCROUND-26SEMI-MEX,30.0,0.13,30.000000000000014,0.1131,0.001699999999999998,0.06599999999999999,0.0014998536942865863,0.22614985417557595,0.0013767357151224305,0.23464046707507202,0.0014332946755999704,0.2141648920688339
KXWCROUND-26SEMI-MEX,14.0,0.15,14.0,0.1275,0.0005999999999999989,0.0549,0.0007447527035501233,0.1899867213538717,0.000672837559971623,0.19046335617428237,0.000816835057276247,0.19494905411890806
KXWCROUND-26SEMI-MEX,7.0,0.17,7.0,0.1411,0.0004999999999999993,0.0532,0.0004729753323500897,0.17632521717975946,0.0004529491181865737,0.17164369563144677,0.0004698037422139785,0.15796144506024987
KXWCROUND-26SEMI-MEX,3.0,0.24,3.0,0.1824,0.0003999999999999996,0.044199999999999996,0.00020340085090052472,0.1888895392425676,0.0001225173950001327,0.19234580005480695,0.00017103902354695464,0.182236758396291
KXNCAAFSPREAD-25DEC30TENNILL-ILL2,7.0,0.36,7.0,0.2304,0.0002999999999999983,0.1503,0.0004059715732718501,0.23400953031903193,0.00031997001963397125,0.24622989862174993,0.000326876816839929,0.23225218406398632
KXNCAAFSPREAD-25DEC30TENNILL-ILL2,3.0,0.43,3.0,0.2451,0.00010000000000000018,0.1454,0.00015800803537643383,0.24478220783432394,0.00012830763787749513,0.246973179912844,0.00012196626177140072,0.24502849469383375
KXFACUPGAME-26MAY16CFCMCI-CFC,3.0,0.2,3.0,0.16000000000000003,9.999999999999963e-05,0.0401,0.0002172383231643307,0.1662696907654421,0.0001770107588967607,0.16147196149394144,0.0001756812175470364,0.16900550634580505
KXGOVGANOMD-26-JEST,30.0,0.31,30.0,0.21389999999999998,0.002168999999999999,0.017651,0.0016381456442342824,0.26559674402150985,0.0013305165038019124,0.28538236367048675,0.0015304228000976154,0.2675749624608679
KXSERIEAGAME-26APR17INTCAG-INT,7.0,0.8,7.0,0.15999999999999998,0.0002999999999999983,0.03409999999999998,0.0003817083634148674,0.16995645140625126,0.00031758531365894355,0.18844899953343536,0.0004079675368765634,0.16583940815564843
KXSERIEAGAME-26APR17INTCAG-INT,3.0,0.82,3.0,0.14760000000000004,9.999999999999796e-05,0.03249999999999998,0.00015538721425949336,0.15090400964095171,0.00013775777536117982,0.15707656351036484,0.00017151207444588538,0.1518827646915413
KXCBAGAME-26APR080800TIAXIN-XIN,3.0,0.6599999999999999,3.0,0.22440000000000002,0.0,0.20700000000000005,0.00013829560045042175,0.2253871485190826,0.00011758412012226477,0.2296058657501568,0.00013182902365759856,0.22712999298850278
KXWCTOTAL-26JUN27CROGHA-1,30.0,0.49,23.0,0.2499,0.00039999999999999633,0.5302499999999999,0.0012922819167128135,0.26200056789008025,0.0009938519243807141,0.3230492721669089,0.0011379085194687913,0.250060651860919
KXWCTOTAL-26JUN27CROGHA-1,14.0,0.93,14.0,0.06509999999999996,0.0002499999999999949,0.008599999999999995,0.0005731339886961363,0.12813613556081388,0.0004883013830609558,0.1491644246660128,0.0007859370950725786,0.1342915501094248
KXWCTOTAL-26JUN27CROGHA-1,7.0,0.925,7.0,0.06937499999999996,2.5000000000000045e-05,0.008599999999999995,0.0002819074679633508,0.08222644685080968,0.00027343553532635295,0.11950486567615957,0.0005157291898331863,0.0902954638669338
KXWCTOTAL-26JUN27CROGHA-1,3.0,0.9,3.0,0.08999999999999998,0.0,0.008199999999999994,0.00013647461208117641,0.0947356831288303,0.00012422128607999313,0.09903963949642293,0.00021683371401983538,0.08926619301184463
KXWC1HTOTAL-26JUN18CANQAT-2,14.0,0.495,14.0,0.249975,0.0013749999999999978,0.40499999999999997,0.0007894487532989262,0.2536619978149053,0.0006003525519634945,0.28725328833299135,0.0006080195988293735,0.2538830882171753
KXWC1HTOTAL-26JUN18CANQAT-2,7.0,0.315,7.0,0.21577500000000002,0.0007749999999999992,0.3726,0.0004031752922315548,0.22134858737245985,0.00032816423072269625,0.22671253060110957,0.0003248505374531936,0.22377470835102017
KXWC1HTOTAL-26JUN18CANQAT-2,3.0,0.355,3.0,0.22897499999999998,2.5000000000000045e-05,0.3726,0.00016635528099654586,0.23098266657746339,0.0001152568779198538,0.23426495993624244,0.00012697032992463228,0.22718461507507695
KXNCAAFTOTAL-25DEC20JMUORE-47,14.0,0.5,13.0,0.25,0.0002250000000000015,0.283125,0.0006528796401180635,0.2592415371167518,0.000571888259081792,0.2903517632602112,0.0005706414975652575,0.25171700165449346
KXNCAAFTOTAL-25DEC20JMUORE-47,7.0,0.6,7.0,0.24,0.00020000000000000036,0.2686,0.0003876372097767601,0.2391532625668958,0.0002950717457956169,0.2557046705449336,0.00030886422884658947,0.2360490838377752
KXNCAAFTOTAL-25DEC20JMUORE-47,3.0,0.5,3.0,0.25,0.00020000000000000036,0.2602,0.0001551990002531824,0.252910563852025,0.00011591875031610345,0.2552265590252902,0.00010463860019132388,0.2489278937325168
KXNCAAFGAME-25SEP20PURND-ND,3.0,0.95,3.0,0.04750000000000004,0.00020000000000000036,0.0017000000000000032,8.36828368133185e-05,0.10069586411798305,9.505128999833933e-05,0.0858342369093794,0.00010605949553258129,0.08984715050471039
KXNCAAFSPREAD-26JAN01MISSUGA-UGA7,14.0,0.45,13.0,0.24750000000000003,0.0008999999999999994,0.16139999999999996,0.0007356290666075058,0.24987871057452868,0.000545893921012293,0.28186272466531886,0.000594801043571995,0.2512814908386099
KXNCAAFSPREAD-26JAN01MISSUGA-UGA7,7.0,0.43,7.0,0.2451,0.00020000000000000036,0.16049999999999998,0.00039969683559902406,0.24842741738171933,0.00029771520125247816,0.25395573455105996,0.0002838966263920209,0.24715943671474322
KXNCAAFSPREAD-26JAN01MISSUGA-UGA7,3.0,0.43,3.0,0.2451,0.0,0.16049999999999998,0.0001556651747772209,0.24786764263180777,0.00013563613095387336,0.2575480114506642,0.00010056079115790456,0.24718245330231745
KXINTLFRIENDLYGAME-26MAR31USAPOR-POR,14.0,0.42000000000000004,12.0,0.2436,0.0002250000000000004,0.534825,0.0006179067355906871,0.2523132203938484,0.00046718677305503386,0.28746265834753626,0.0005468923321932336,0.24914034147897618
KXINTLFRIENDLYGAME-26MAR31USAPOR-POR,7.0,0.39,7.0,0.2379,0.00020000000000000036,0.29569999999999996,0.00036455200678217766,0.24271514874779976,0.0002971751625912147,0.2542689369158879,0.0003055602882790112,0.24344493422239588
KXINTLFRIENDLYGAME-26MAR31USAPOR-POR,3.0,0.72,3.0,0.2016,0.00010000000000000018,0.17970000000000003,0.00018027400773552364,0.2051610066347915,0.00011374652335815784,0.2111235192745892,0.00015439227032833678,0.20556967696279485
KXMLSGAME-26MAY23MINRSL-RSL,7.0,0.32,7.0,0.2176,0.00030000000000000057,0.07929999999999998,0.00035311408006401176,0.22586487476797962,0.00030538202543298497,0.23006494653328283,0.00030523604634090736,0.2263453672250237
KXMLSGAME-26MAY23MINRSL-RSL,3.0,0.3,3.0,0.21,0.00010000000000000018,0.07889999999999998,0.00015695018817744302,0.21356380912187184,0.00013268337896016344,0.216348483976742,0.00013787879499434078,0.21472863138462006
KXNFCAFCSB-26-NFC,30.0,0.59,30.0,0.2419,0.0010999999999999996,0.09860000000000005,0.0017085439031072763,0.26606772442587157,0.001341470034785654,0.3189367036276065,0.0015646514159769465,0.2552032015133791
KXNFCAFCSB-26-NFC,14.0,0.68,14.0,0.2176,0.000699999999999999,0.09010000000000003,0.0007566753205086085,0.22789357306973534,0.0005802159060323446,0.25649273103247117,0.0007316450175760897,0.22105698455642092
KXNFCAFCSB-26-NFC,7.0,0.68,7.0,0.2176,0.0002999999999999983,0.09010000000000003,0.000373405605180811,0.2245502100019651,0.00030453536770219544,0.24078183710328369,0.0003280738286837301,0.2195293751229579
KXNFCAFCSB-26-NFC,3.0,0.68,3.0,0.2176,9.999999999999796e-05,0.09010000000000003,0.00018170152436460037,0.21948942946429986,0.0001436337783795096,0.21861716525628216,0.0001487370432222844,0.21635830206728643
KXBRASILEIROGAME-26AUG08CRATL-ATL,7.0,0.4,7.0,0.24,0.00030000000000000057,0.1445,0.00037726138117743656,0.24503555884898845,0.0002755594056609288,0.24678977715048261,0.0002938080895960155,0.24068159584723794
KXBRASILEIROGAME-26AUG08CRATL-ATL,3.0,0.4,3.0,0.24,0.00010000000000000018,0.1445,0.00015804200148960835,0.24292868691879133,0.00011806876895558375,0.24676936039516362,0.00010743222528241718,0.24282519865409277
KXWC1HBTTS-26JUN13BRAMAR-BTTS,14.0,0.5,9.0,0.25,0.0007999999999999997,0.7228000000000001,0.0005138059692679615,0.2528432526176602,0.0004078909086290005,0.27922765826506546,0.0003861025898209605,0.2472466250504824
KXWC1HBTTS-26JUN13BRAMAR-BTTS,7.0,0.2,7.0,0.16000000000000003,0.0007999999999999997,0.6578000000000002,0.0005132962988717129,0.18573900618122885,0.00042314981529415624,0.18901853483120923,0.0004463866148687318,0.16970822101314617
KXWC1HBTTS-26JUN13BRAMAR-BTTS,3.0,0.15,3.0,0.1275,0.0004999999999999998,0.6562000000000001,0.00020591028464321415,0.1395174913333049,0.0001955997149726493,0.1536804294983563,0.00020684080056647912,0.13569566725900567
KXUCLGAME-26MAR10PSGCFC-PSG,14.0,0.48,11.958333333333334,0.2496,0.000600000000000001,0.24219999999999997,0.0006457635264895772,0.24845252448471528,0.0005113360800967007,0.2642407314250741,0.0005339833970789475,0.25000548616243273
KXUCLGAME-26MAR10PSGCFC-PSG,7.0,0.56,6.958333333333334,0.24639999999999998,0.00030000000000000057,0.23129999999999998,0.0004082670110143642,0.24913898789344033,0.00030762873177743997,0.24701619250769957,0.0002821709128730007,0.24719607486832423
KXUCLGAME-26MAR10PSGCFC-PSG,3.0,0.53,2.958333333333334,0.2491,0.0,0.2309,0.00015529926740243547,0.2473092357897123,0.00012613537802992356,0.2505371948924985,0.00011117660752898729,0.24872082150357655
KXNFLSPREAD-26AUG22NYGMIA-NYG4,7.0,0.32,5.0,0.2176,2.5000000000000045e-05,0.263525,0.0002340542762134526,0.22560588417186342,0.0001966600802908918,0.23027819644475175,0.00021025480236567683,0.22469033841170874
KXNFLSPREAD-26AUG22NYGMIA-NYG4,3.0,0.475,3.0,0.24937499999999999,2.5000000000000045e-05,0.2505,0.0001697641577124185,0.2504704527931135,0.0001296685487336012,0.257614877659879,0.00010628954304913411,0.25047015188485444
KXGOVSHUTLENGTH-26JAN01-3D,30.0,0.3,30.0,0.21,0.0006249999999999983,0.591575,0.001617103653664166,0.24851539094632993,0.0013277826387840313,0.29028114589811355,0.0016482853771233159,0.24446640658724597
KXGOVSHUTLENGTH-26JAN01-3D,14.0,0.51,14.0,0.2499,0.00010000000000000018,0.5498000000000001,0.0007789963813599706,0.2568067138199699,0.0006132366640153108,0.27076245521954434,0.0006330575137581929,0.2510601625083803
KXGOVSHUTLENGTH-26JAN01-3D,7.0,0.69,7.0,0.2139,0.0,0.5226999999999999,0.00037659655409931465,0.21963464473539787,0.0003097432324339839,0.22852214497624262,0.00029247481275701586,0.21527249467639362
KXLIGAMXTOTAL-26AUG28TIJPUM-3,7.0,0.5700000000000001,7.0,0.24509999999999998,0.0004750000000000008,0.12972499999999998,0.0003908081463671276,0.2483416485945834,0.00033544911518065433,0.2678758362350994,0.00031248051414371357,0.2454289544887955
KXLIGAMXTOTAL-26AUG28TIJPUM-3,3.0,0.505,3.0,0.249975,0.0002250000000000004,0.1225,0.00015449674493983256,0.25009769743280486,0.00013429791521339405,0.26073944424490575,0.0001254716511472823,0.2502789231147506
KXMVESPORTSMULTIGAMEEXTENDED-S2026E6816039FEB-3B2561DEF30,7.0,0.051,5.0,0.048399,0.00016400000000000006,0.001013,0.00019990938398327246,0.12438067826042541,0.00017644314184428258,0.14125892056740386,0.00019132259599980835,0.13181544013324695
KXMVESPORTSMULTIGAMEEXTENDED-S2026E6816039FEB-3B2561DEF30,3.0,0.051,3.0,0.048399,0.0001460000000000001,0.001013,0.00012254379551235637,0.11836664407132097,0.0001188197189864616,0.08283126949561392,0.00017158992027476008,0.0976494665161069
KXEFLCHAMPIONSHIPGAME-26AUG14WOLBLA-BLA,7.0,0.18,7.0,0.1476,0.00019999999999999925,0.020599999999999997,0.00049406550457592,0.16650557833933477,0.0004433693736693611,0.18698836315810893,0.0004753572019616718,0.17929020931286757
KXEFLCHAMPIONSHIPGAME-26AUG14WOLBLA-BLA,3.0,0.15,3.0,0.1275,0.00019999999999999925,0.019699999999999995,0.00019432989856943056,0.14210780149361682,0.00018567413499686992,0.1407611594525312,0.00021500713424531067,0.130183340376135
KXNFLSPREAD-26JAN04NOATL-ATL3,7.0,0.46,6.0,0.24840000000000004,0.0003999999999999985,0.22359999999999997,0.000306438752754459,0.2513730446162476,0.00026317633640660505,0.260310199854451,0.0002604499327099625,0.24876323152830182
KXNFLSPREAD-26JAN04NOATL-ATL3,3.0,0.48,3.0,0.2496,0.0,0.22179999999999997,0.00015635290574079707,0.250913825836866,0.00013579431559252754,0.2592698275584564,0.00011570998030538862,0.2498196957964631
KXWC1HTOTAL-26JUN25TUNNED-2,30.0,0.32,21.0,0.2176,0.001124999999999997,0.264575,0.0010911198089750419,0.24284682380303046,0.0009472476341198821,0.2774941590259982,0.001116270628485658,0.2540514090843542
KXWC1HTOTAL-26JUN25TUNNED-2,14.0,0.405,14.0,0.240975,0.0003250000000000006,0.26034999999999997,0.0007652934427525501,0.24798294673697,0.0006161004939775432,0.2705430529707128,0.0006695287363199297,0.2473244974245877
KXWC1HTOTAL-26JUN25TUNNED-2,7.0,0.38,7.0,0.2356,0.00010000000000000018,0.2557,0.00036390009983005065,0.24333575720794048,0.0002952297822206504,0.24688586621306158,0.00028164261006014197,0.23661028803482345
KXWC1HTOTAL-26JUN25TUNNED-2,3.0,0.43,3.0,0.2451,0.0,0.2521,0.00014833765778407085,0.24598413140196818,0.00011291616488254906,0.25289726382251065,9.769231355181506e-05,0.24509907120845123
KXPGATOP20-MAST26-JUR,7.0,0.48,7.0,0.2496,0.0008999999999999972,0.1301,0.0003849698696081327,0.250506744472438,0.0003191822470861649,0.2587113036126373,0.00029930226687306633,0.2512334988278276
KXPGATOP20-MAST26-JUR,3.0,0.7,3.0,0.21000000000000002,0.00010000000000000018,0.04110000000000001,0.0001789530251142837,0.21645393462992535,0.00011072562703390839,0.21849733223256806,0.0001232667129422971,0.2119706879316643
KXTEAMSINSB-26-HOUSF,30.0,0.06,19.0,0.05639999999999999,0.001,0.001,0.000629163187614386,0.15543439539153975,0.0005831892813397776,0.19121653987952691,0.0006446601745178429,0.16297823791052832
KXTRUMPSAY-26JUL13-NEWS,7.0,0.34,6.0,0.2244,0.0,0.42259999999999986,0.00031538440148580233,0.22993138827327136,0.0002656972797543166,0.24044048466061818,0.0002824901865742422,0.22716483425228742
KXEPLGAME-25AUG15LFCBOU-LFC,7.0,0.75,7.0,0.1875,0.00010000000000000018,0.04459999999999999,0.0003746596106511882,0.19533570275553344,0.00028273165842339327,0.2153865683836822,0.000355626448368615,0.19399088252437266
KXEPLGAME-25AUG15LFCBOU-LFC,3.0,0.78,3.0,0.17159999999999997,0.0,0.04419999999999999,0.00016393953299297014,0.17473604362911133,0.00011514531798858725,0.1835721072771078,0.0001481469361547976,0.17461506949379882
KXNFLGAME-25SEP21PITNE-NE,14.0,0.5,11.0,0.25,0.000699999999999999,0.22589999999999996,0.0006209486341529695,0.2507942136125809,0.0004728795686748334,0.27094140998459487,0.0004983319166226295,0.2553053644723608
KXNFLGAME-25SEP21PITNE-NE,7.0,0.48,7.0,0.2496,0.0005999999999999989,0.22299999999999998,0.0003772888010916599,0.2533259383720914,0.0003009479998959068,0.2681617367393546,0.00030033710933151885,0.2541471999715013
KXNFLGAME-25SEP21PITNE-NE,3.0,0.46,3.0,0.24840000000000004,0.0003999999999999985,0.22099999999999997,0.0001651283710956216,0.2480617850337192,0.00013466207039435687,0.2513778700800625,0.0001107717290545953,0.24797172949704482
KXWMARMAD-25R16G1-UCLA,14.0,0.74,12.0,0.19240000000000002,2.5000000000000045e-05,0.4104749999999999,0.0006463858474116503,0.20645053003787153,0.0005251714669919711,0.22551899211609197,0.0006497239783707707,0.20318410589210145
KXWMARMAD-25R16G1-UCLA,7.0,0.85,7.0,0.1275,0.0,0.19315,0.0003831121388582001,0.14368465118969323,0.00029891294106367287,0.15861024752354042,0.00045445248896030464,0.13041864304683146
KXWMARMAD-25R16G1-UCLA,3.0,0.82,3.0,0.14760000000000004,0.0,0.04099999999999998,0.0001488999319578373,0.14987127967306088,0.00013714687260252362,0.16125663726929176,0.00020000093062588035,0.14960800191088824
KXWCTEAMTOTAL-26JUN27JORARG-ARG3,30.0,0.495,19.0,0.249975,0.000550000000000001,0.40342500000000003,0.0010320153226345485,0.2597016572726828,0.0007999487385102072,0.2884015207332172,0.0009402176461901918,0.2519577695588001
KXWCTEAMTOTAL-26JUN27JORARG-ARG3,14.0,0.315,14.0,0.21577500000000002,0.0003250000000000006,0.25334999999999996,0.0007690863039390389,0.24609658530468978,0.0006169711076411658,0.2549269233681,0.0007519260624192596,0.22168857445988038
KXWCTEAMTOTAL-26JUN27JORARG-ARG3,7.0,0.48,7.0,0.2496,0.00030000000000000057,0.2309,0.0003433792776013137,0.2543677121355748,0.0003025263256618432,0.2528063770964106,0.0002842479109618554,0.24824859190742124
KXWCTEAMTOTAL-26JUN27JORARG-ARG3,3.0,0.5,3.0,0.25,0.00010000000000000018,0.23049999999999998,0.00015945883498197532,0.2500749956893793,0.00012276134212091166,0.25295795758334827,0.00010926712376215608,0.24964836214258934
KXNBARISINGSTARS-26-VINC,14.0,0.21000000000000002,11.0,0.16590000000000002,0.000924999999999999,0.580525,0.0006592911818761527,0.18733873691183156,0.0006179865081898512,0.20120591659842715,0.0006645811163848972,0.18953313091447846
KXNBARISINGSTARS-26-VINC,7.0,0.2,7.0,0.16000000000000003,0.0008999999999999989,0.5622999999999999,0.00048682234847372945,0.18221453197819737,0.0004156837075701664,0.1876982404944885,0.0004937163272665051,0.17421318755279863
KXNBARISINGSTARS-26-VINC,3.0,0.24,3.0,0.1824,0.0004999999999999993,0.5477,0.00017569415244697277,0.1870553625076246,0.00013325001997755839,0.18792762296193183,0.00015332241147642643,0.18940677153169777
KXNFLGAME-25DEC07TENCLE-TEN,14.0,0.22,13.0,0.1716,0.000699999999999999,0.6089,0.0007277107080994371,0.1997635099252263,0.000626001339534024,0.20984184160077368,0.0007644708872235834,0.1947859839731338
KXNFLGAME-25DEC07TENCLE-TEN,7.0,0.36,7.0,0.2304,0.00020000000000000036,0.397,0.00038236394484450313,0.23451427391000446,0.00029785363689444755,0.23730111143021912,0.00027042329545506937,0.23615261969643886
KXNFLGAME-25DEC07TENCLE-TEN,3.0,0.36,3.0,0.2304,0.0,0.397,0.00015697974718892335,0.2342187406640338,0.00011904001793358776,0.24201167241371738,0.00012697170847786134,0.2283383606214492
KXPGATOUR-FSJC25-ABHA,14.0,0.105,9.0,0.093975,0.00030000000000000003,0.025224999999999997,0.000360209929374191,0.15180431456279564,0.0003337303095729993,0.17100002036632747,0.00040335442317208535,0.14585117824051966
KXPGATOUR-FSJC25-ABHA,3.0,0.12,3.0,0.1056,0.0,0.0062,0.00015979838056243888,0.11708845059239291,0.00014352204953140896,0.12156405787507094,0.0001990973913010536,0.11548747732227711
KXMVESPORTSMULTIGAMEEXTENDED-S20269C30FA90AEC-88EED01580D,3.0,0.087,3.0,0.079431,0.0,0.34641500000000003,0.00011477537710932226,0.11112676093145137,0.00010939279012636135,0.09874110185207349,0.0001542253779473645,0.1004990987224738
KXRANKLISTSONGTOP10-26JAN03-FAT,14.0,0.35,9.0,0.22749999999999998,0.0005999999999999998,0.10289999999999996,0.0005086883872760119,0.22914326722591763,0.00038574038724228737,0.24463694016451307,0.0004063770871666235,0.23738720094943322
KXLPGATOUR-AIGWO26-SHIKUW,3.0,0.054,3.0,0.051084,0.0,0.8853819999999999,0.0001669879927770379,0.09881503490122512,0.00013789158198449953,0.09585503092243339,0.00020040872772016986,0.08768719972036186
KXNBASPREAD-26APR22PHXOKC-OKC9,3.0,0.73,3.0,0.1971,0.00010000000000000018,0.0318,0.00015305923133369633,0.20258501401703355,0.00014296642614530664,0.20846963036040356,0.00014628411131806224,0.1964097700318347
KXNBAGAME-26APR20MINDEN-MIN,7.0,0.37,6.0,0.2331,0.00020000000000000036,0.4538999999999999,0.000338456654299855,0.2419393318932537,0.0002801993230772298,0.24005114578696815,0.0002639037646371713,0.23122578226489432
KXNBAGAME-26APR20MINDEN-MIN,3.0,0.32,3.0,0.2176,0.00020000000000000036,0.4489999999999999,0.0001572349417351579,0.21644516500216088,0.00013785390490498825,0.22415047073323938,0.00012563065162585766,0.2200539382624261
KXPGATOUR-THMTPBW26-JSPA,3.0,0.098,3.0,0.088396,0.00019600000000000002,0.008406,0.00014079053667391837,0.10863706806766352,0.0001109869512388114,0.10459858361048104,0.00016453660781992445,0.10004083671571658
KXUCLGAME-26FEB24ATMBRU-TIE,14.0,0.305,12.0,0.21197500000000002,0.0005999999999999994,0.155025,0.0006609639412246346,0.22887908454299968,0.0005406806594016165,0.246351156485802,0.0006184151924609259,0.22144907460156293
KXUCLGAME-26FEB24ATMBRU-TIE,7.0,0.21,7.0,0.1659,0.0005999999999999994,0.033499999999999995,0.00046174035668998054,0.1822570587331659,0.00044674856672288375,0.18434643305310808,0.00046297187096435116,0.17823770233895453
KXUCLGAME-26FEB24ATMBRU-TIE,3.0,0.16,3.0,0.1344,0.00010000000000000018,0.029899999999999996,0.00017620063286135336,0.13741001616891568,0.00017727023024102502,0.14336313343992088,0.00022009245088518183,0.13902426849057153
KXNFLGAME-25DEC28NYGLV-NYG,14.0,0.77,13.0,0.17709999999999998,0.0004999999999999964,0.5936,0.0007116636694232271,0.20117331447894835,0.0005566263721488106,0.2229086226668521,0.0007506487343455512,0.19305869566453054
KXNFLGAME-25DEC28NYGLV-NYG,7.0,0.54,7.0,0.2484,0.0004999999999999964,0.17630000000000004,0.00039018079428691115,0.24798634706066722,0.00030794207262782716,0.2541322698014807,0.0002952796742473362,0.24962294084691597
KXNFLGAME-25DEC28NYGLV-NYG,3.0,0.52,3.0,0.2496,0.0003999999999999963,0.1698,0.00017599953075134547,0.2514088099343877,0.00012096329501389377,0.2502280993214079,9.286872634688374e-05,0.25081899414704495
KXTRUMPMENTION-26FEB28-MAHA,30.0,0.7,30.0,0.21000000000000002,0.0013999999999999983,0.4024,0.0016533296294794786,0.24371822338896973,0.0012353185945971881,0.29349105668265435,0.0016383064163980666,0.23340443843863062
KXTRUMPMENTION-26FEB28-MAHA,14.0,0.73,14.0,0.1971,0.0006000000000000011,0.3915,0.0007745218539940968,0.19955206495204308,0.0005690883059781988,0.23981908824796058,0.0007347363193058547,0.20763966008966173
KXTRUMPMENTION-26FEB28-MAHA,7.0,0.63,7.0,0.2331,0.00020000000000000036,0.3877,0.0003852816997310546,0.232567848249559,0.0003127076781783892,0.24821471180562618,0.00028058491431448335,0.2372151736448874
KXTRUMPMENTION-26FEB28-MAHA,3.0,0.67,3.0,0.2211,0.0,0.3861,0.00016115878145759785,0.22372149550031764,0.00014099322081013297,0.2257093787433869,0.00012490142157555972,0.2221138283970199
KXEPLGAME-26MAR15MUNAVL-TIE,14.0,0.2,13.958333333333332,0.16000000000000003,0.0002999999999999989,0.05910000000000001,0.0008061140547700893,0.2025378966836637,0.0007193163956961689,0.1965101807554625,0.0009155730015985586,0.1850694647113759
KXEPLGAME-26MAR15MUNAVL-TIE,7.0,0.24,6.958333333333332,0.1824,0.0002999999999999989,0.0485,0.00046718238313658107,0.2014102084500312,0.0004162312187438736,0.20710678628971915,0.00043794387444814274,0.1898047233894934
KXEPLGAME-26MAR15MUNAVL-TIE,3.0,0.23,2.9999999999999982,0.1771,0.00019999999999999925,0.0485,0.00020858847427192366,0.1772729244672334,0.00017935932399420118,0.19042019151221504,0.0001731670345356915,0.17985850673019724
KXNFLSPREAD-25DEC07HOUKC-KC3,14.0,0.5,12.0,0.25,0.00030000000000000057,0.28295,0.0006993679212294189,0.2575712332397035,0.0005487394639477239,0.2602046960282902,0.0005419901412727959,0.2527388523514503
KXNFLSPREAD-25DEC07HOUKC-KC3,7.0,0.49,7.0,0.2499,0.00030000000000000057,0.2514,0.0003961702556559372,0.2520484523915935,0.0002942777431455515,0.2594650908493595,0.00028225534008555463,0.2504051589376333
KXNFLSPREAD-25DEC07HOUKC-KC3,3.0,0.49,3.0,0.2499,0.00010000000000000018,0.251,0.0001409327878278305,0.2580971227029275,0.0001349285864990609,0.2495711778538754,0.0001261747540483882,0.24949859951446007
KXUFCFIGHT-26MAY02ELLERC-ERC,7.0,0.73,6.0,0.1971,0.0004999999999999964,0.142,0.0003436624584104089,0.2007659022700639,0.0002385574294939974,0.21265104457360073,0.000279208629643743,0.20043394361110906
KXUFCFIGHT-26MAY02ELLERC-ERC,3.0,0.67,3.0,0.2211,0.0,0.13949999999999999,0.00016235817529968065,0.2266089387525125,0.00011796355293941728,0.22334267373534802,0.00010577292025027029,0.22352765934012106
KXNFLTOTAL-25NOV27CINBAL-47,14.0,0.5,9.0,0.25,2.5000000000000045e-05,0.419725,0.0004910088164663282,0.24912477031316044,0.0003677132497732431,0.26898997796981755,0.0003804391469418367,0.25047683618562344
KXNFLTOTAL-25NOV27CINBAL-47,7.0,0.5,7.0,0.25,2.5000000000000045e-05,0.419725,0.00038428595674308357,0.24884538461602537,0.0003170323110773246,0.2536607315557698,0.00029185717088806744,0.25300707265112776
KXNFLTOTAL-25NOV27CINBAL-47,3.0,0.605,3.0,0.238975,2.5000000000000045e-05,0.39790000000000003,0.00013779945642267613,0.23723309746229915,0.00012193329359639387,0.2380325817816312,0.0001207834499632915,0.2409095711406134
KXNFLAFCCHAMP-25-LAC,30.0,0.08,30.0,0.0736,0.0014999999999999992,0.004700000000000001,0.001240131080548561,0.2118524359736898,0.0010554736655054792,0.21066618553971841,0.0011332432295286382,0.18094677691544525
KXNFLAFCCHAMP-25-LAC,14.0,0.07,14.0,0.0651,0.0003999999999999996,0.0017000000000000003,0.0005122625946085979,0.17270122328581816,0.0004987365197625449,0.16704594266595912,0.0005666341563338695,0.17263464716645502
KXNFLAFCCHAMP-25-LAC,7.0,0.06,7.0,0.05639999999999999,9.99999999999999e-05,0.0013000000000000002,0.0002234976679609655,0.12396946786239575,0.0002071015448649683,0.14915183743058527,0.00024114850603672143,0.12141254030210405
KXNFLAFCCHAMP-25-LAC,3.0,0.06,3.0,0.05639999999999999,9.99999999999999e-05,0.0013000000000000002,0.00011651852358581674,0.09155339631792234,9.348160891543139e-05,0.11931683292127003,0.0001339870519449496,0.10079469762038534
KXHUNDREDMATCH-26AUG111330SULMSG-SUL,7.0,0.46499999999999997,7.0,0.248775,0.00010000000000000018,0.3301749999999999,0.0003834445292052076,0.24930942313878443,0.00029383124108640376,0.26112742249909204,0.00030199971808099935,0.2479686101095239
KXHUNDREDMATCH-26AUG111330SULMSG-SUL,3.0,0.485,3.0,0.249775,0.0,0.3173249999999999,0.0001581684760873549,0.2483057123993357,0.00011997674242498053,0.25465082978911524,0.00011947702483556082,0.25065570850625113
KXNCAAFSPREAD-26JAN01MISSUGA-MISS3,14.0,0.5,13.0,0.25,0.0005499999999999999,0.5865499999999999,0.0007169425506229149,0.2517816056156547,0.0005423996705028666,0.26149257511686597,0.0006080341839073731,0.2551172536718072
KXNCAAFSPREAD-26JAN01MISSUGA-MISS3,7.0,0.22,7.0,0.1716,0.0004999999999999998,0.5493,0.0004350738407395567,0.18693021761323642,0.00042900183370025893,0.19244870832667818,0.00048781856461026083,0.18557602579688925
KXNCAAFSPREAD-26JAN01MISSUGA-MISS3,3.0,0.24,3.0,0.1824,0.00010000000000000018,0.5477,0.00016402810691567806,0.1877460674973185,0.00016554066796246083,0.20435092458783152,0.00011354005390526372,0.1898155170531823
KXWTIW-26MAY08-T96.00,7.0,0.08,7.0,0.0736,0.0,0.34519999999999995,0.00024097306354164857,0.15681013110839193,0.00027529152200003986,0.14231049032213247,0.0002535213888118513,0.13185858717361404
KXWTIW-26MAY08-T96.00,3.0,0.2,3.0,0.16000000000000003,0.0,0.32059999999999994,0.00021718793582742153,0.16284634906259945,0.0001834991137265571,0.1709998205049508,0.00020215574783672682,0.1664145199313618
KXNFLSPREAD-25DEC21ATLARI-ATL3,14.0,0.5,12.0,0.25,0.00020000000000000036,0.30155000000000004,0.0006443043834279891,0.2535207192603661,0.0005260894836519878,0.27523115229462275,0.0004904137001736332,0.2532053970478899
KXNFLSPREAD-25DEC21ATLARI-ATL3,7.0,0.41000000000000003,7.0,0.2419,0.00020000000000000036,0.2933,0.000369397031355071,0.24498720633669532,0.0003214542391705177,0.259110159678171,0.0002862992165995906,0.24194229795358843
KXNFLSPREAD-25DEC21ATLARI-ATL3,3.0,0.44,3.0,0.24640000000000004,0.00010000000000000018,0.2917,0.0001485599670081344,0.24457410417662742,0.000133704122850475,0.24967822302355272,0.00010485894669618967,0.2469897964326887
KXNCAAFGAME-25OCT23USAGAST-GAST,14.0,0.44,14.0,0.24640000000000004,0.00024999999999999935,0.22494999999999998,0.0007614944599960754,0.2578508765002195,0.0006029052065257242,0.26695637026618185,0.0006575870317147746,0.24919230327523295
KXNCAAFGAME-25OCT23USAGAST-GAST,7.0,0.35,7.0,0.22749999999999998,0.0002249999999999993,0.220125,0.0003695828113882799,0.23568821783723543,0.0003330334299966513,0.23904828819551888,0.0003306497418348914,0.23008770312521543
KXNCAAFGAME-25OCT23USAGAST-GAST,3.0,0.34,3.0,0.2244,0.00010000000000000018,0.10250000000000001,0.00015690554293756772,0.2265443915222158,0.0001371019188530774,0.22562786266329418,0.00012044960688729515,0.22313716881765097
KXIPLGAME-26MAY07RCBLSG-LSG,7.0,0.41,7.0,0.24190000000000003,0.00020000000000000036,0.3621,0.0003698893191268001,0.24203168981277898,0.0003024958909449238,0.2515119953607959,0.0002712878984143838,0.24219006104005483
KXIPLGAME-26MAY07RCBLSG-LSG,3.0,0.36,3.0,0.2304,0.00010000000000000018,0.3605,0.00016738052197568507,0.23244515150480943,0.00015173403355683482,0.24215898911394107,0.00011278095710053774,0.2332778577659947
KXNCAAFGAME-25NOV15SCARTXAM-TXAM,14.0,0.585,13.041666666666666,0.24277500000000002,0.00030000000000000057,0.16707499999999997,0.0007658393840784227,0.24481438093955354,0.0006121041322967374,0.28038444729059864,0.0006816069896896347,0.24607170811834542
KXNCAAFGAME-25NOV15SCARTXAM-TXAM,7.0,0.92,6.999999999999999,0.07359999999999997,0.00030000000000000057,0.006499999999999994,0.0003092408854380271,0.08816511657689846,0.0002611391990539906,0.10198868783694373,0.0004908888524675939,0.09938084878574951
KXNCAAFGAME-25NOV15SCARTXAM-TXAM,3.0,0.91,3.0,0.08189999999999997,0.00020000000000000036,0.006499999999999994,0.00014865622739558838,0.08485558941565471,0.00012356351551715065,0.10854144203472854,0.0002205147243450087,0.09013728292313133
KXNFLGAME-25NOV30SFCLE-CLE,14.0,0.325,13.0,0.21937500000000001,0.00039999999999999964,0.096025,0.0006990707541937027,0.22494189137292925,0.0005585001449268967,0.2562752755116415,0.000662971365728863,0.2195184614155883
KXNFLGAME-25NOV30SFCLE-CLE,7.0,0.28,7.0,0.2016,0.00019999999999999925,0.0914,0.0003791117626237376,0.20555158984249983,0.0003431999356025452,0.21952572645202367,0.00038556529830322423,0.20348557409146575
KXNFLGAME-25NOV30SFCLE-CLE,3.0,0.33,3.0,0.2211,0.0,0.0905,0.00015258250083880132,0.2241099211159257,0.0001318730795774425,0.22838968809791196,0.00012844066808630065,0.2242069796907966
KXWCMOV-26JUL03AUSEGY-AUSET,7.0,0.06,6.0,0.05639999999999999,0.0002000000000000001,0.0082,0.00019250668783725162,0.12032963958700378,0.00021589403065914656,0.11301687979041092,0.0001998277011620227,0.14574286029237682
KXWCMOV-26JUL03AUSEGY-AUSET,3.0,0.13,3.0,0.1131,0.0,0.005700000000000001,0.00013660032874164349,0.12324137979721275,0.00012966270755775976,0.1331350034094087,0.00017697559895122727,0.12337944792226892
KXSUPERLIGGAME-26MAR13KARFEN-FEN,3.0,0.75,3.0,0.1875,0.00010000000000000018,0.5045999999999999,0.00015710946913681,0.18949634706123825,0.00011242887423810666,0.20063016348258664,0.00014800945402454206,0.18935495230714453
KXCBAGAME-26MAY090735BEDGST-GST,3.0,0.65,3.0,0.22749999999999998,2.5000000000000045e-05,0.32972500000000005,0.00015949367428382696,0.22717711535909813,0.00012483657044286904,0.23109907867002996,0.00011241757954875189,0.22892344747703264
KXNFLSPREAD-25NOV09DETWAS-DET17,14.0,0.5,9.041666666666666,0.25,2.5000000000000045e-05,0.4844249999999999,0.0005462460904275832,0.251621301370348,0.0003982458379511571,0.25502658537698636,0.0004225095278985895,0.25023062275388824
KXNFLSPREAD-25NOV09DETWAS-DET17,7.0,0.295,7.041666666666666,0.20797500000000002,2.5000000000000045e-05,0.44239999999999985,0.0004002545683548385,0.21957269484537995,0.0003440586102482854,0.2253166706339583,0.00039524031303244945,0.224161610403821
KXNFLSPREAD-25NOV09DETWAS-DET17,3.0,0.29,2.999999999999999,0.20589999999999997,0.0,0.43934999999999985,0.00014290884305125836,0.20728380823446393,0.00011961712036072188,0.20515866577233952,0.00011313481727292516,0.20523642401816466
KXPGATOUR-CAC26-CMOR,7.0,0.053,7.0,0.050191,0.0001459999999999999,0.0017649999999999996,0.0003378743246566864,0.11371955372950168,0.00032072690191826486,0.14434751812950544,0.00031705456957223426,0.14576917276424475
KXNFLPREPACK2ML-25DEC28SFCHIATLLA-SFLA,7.0,0.51,6.0,0.2499,0.00020000000000000036,0.6053,0.000363121451184298,0.25385104868209185,0.00026554204784671304,0.2549308079563276,0.00023446104072231668,0.25101544838610956
KXNFLPREPACK2ML-25DEC28SFCHIATLLA-SFLA,3.0,0.5,3.0,0.25,0.00010000000000000018,0.6053,0.00016263317997312391,0.2494120330977099,0.0001340101985560682,0.25176931816394993,0.00011049923982844228,0.25084233941646494
KXNFLTOTAL-25DEC22SFIND-54,14.0,0.5,13.0,0.25,5.000000000000009e-05,0.5311,0.0007061603626645546,0.25685066013159497,0.0006294919150007696,0.27813924517868477,0.0005593123705663301,0.2538561824389498
KXNFLTOTAL-25DEC22SFIND-54,7.0,0.27,7.0,0.1971,5.000000000000009e-05,0.5045999999999999,0.00038543859496944236,0.2161775790664663,0.0003342247956677194,0.22351046593749352,0.0003751177004053849,0.2050812063109523
KXNFLTOTAL-25DEC22SFIND-54,3.0,0.265,3.0,0.194775,2.5000000000000045e-05,0.5045999999999999,0.0001733463744238851,0.19730997697870403,0.00014166898444072193,0.20487346645854182,0.00014488908706975415,0.1961761952512442
KXMLSGAME-26AUG29ATLCLT-CLT,14.0,0.46499999999999997,15.0,0.248775,0.0006249999999999989,0.4071,0.0008350892330683268,0.25560962416631466,0.0006743742323552568,0.2856477220810949,0.0006650846381856684,0.25114427810203827
KXMLSGAME-26AUG29ATLCLT-CLT,7.0,0.34,7.0,0.2244,0.00019999999999999925,0.397,0.0003876314955279569,0.22879371302450666,0.0002833699995016531,0.2502526608889313,0.00029282047924397036,0.2288237566019867
KXMLSGAME-26AUG29ATLCLT-CLT,3.0,0.35,3.0,0.22749999999999998,0.00010000000000000018,0.397,0.00016029113841643233,0.23023033609802235,0.0001384424586287029,0.2295998136525596,0.00014544678188813028,0.22892493667483002
KXSENATESCR-26-LGRA,30.0,0.87,30.0,0.1131,0.002173000000000004,0.0019309999999999967,0.0013273024990818913,0.22725849122348785,0.0011590686008245827,0.3108926623764245,0.0014886765894918353,0.23151315445636797
KXNCAAWBGAME-26FEB14MORGSCST-MORG,3.0,0.485,3.0,0.249775,0.0,0.553825,0.0001377375364083222,0.24954155595983885,0.0001407372371664118,0.2523244095957289,0.00010853558912500916,0.24997973613236188
KXNFLSPREAD-25DEC08PHILAC-PHI6,14.0,0.5,13.0,0.25,0.0010999999999999975,0.13599999999999995,0.0006750960455945098,0.2570141641150364,0.0005614899515511422,0.27520386247173156,0.0005990494293079894,0.2490447444967988
KXNFLSPREAD-25DEC08PHILAC-PHI6,7.0,0.32,7.0,0.2176,0.0010999999999999975,0.11729999999999999,0.000386952936768324,0.22059367254823023,0.0003296643653211923,0.23715764153317795,0.0003020109264693773,0.22545016432011564
KXNFLSPREAD-25DEC08PHILAC-PHI6,3.0,0.35,3.0,0.22749999999999998,0.000799999999999997,0.11569999999999998,0.00017054457103177808,0.2299495558437844,0.00013060813687351534,0.22713524758516315,0.00011363461499263779,0.22873220507321143
KXNFLPREPACK3ML-26JAN11JACBUFPHISFNELAC-JACPHINE,7.0,0.23,6.0,0.1771,0.0004000000000000002,0.0577,0.0004745478649368802,0.19980761801454577,0.0004230463947549369,0.19896402415171743,0.00039712027867779844,0.18761993148518358
KXNFLPREPACK3ML-26JAN11JACBUFPHISFNELAC-JACPHINE,3.0,0.23,3.0,0.1771,0.00019999999999999982,0.0577,0.00019269551815776143,0.18218523786329627,0.00019487872938532845,0.1862879286248197,0.0001801750230165193,0.18250392621865355
KXWCGAME-26JUN24SCOBRA-SCO,30.0,0.12,30.000000000000014,0.1056,0.002124999999999997,0.013225,0.0013867453853111935,0.22820966384736946,0.0013383856856668385,0.2235028669432834,0.001421371811919934,0.2129994276218812
KXWCGAME-26JUN24SCOBRA-SCO,14.0,0.14,14.000000000000014,0.12040000000000001,0.0006999999999999988,0.010100000000000001,0.0007781755397638084,0.1880697210299201,0.0007125410930221603,0.19392227381323812,0.0008008763039370052,0.1977805169031485
KXWCGAME-26JUN24SCOBRA-SCO,7.0,0.15,7.0,0.1275,0.0003999999999999999,0.010100000000000001,0.00042542647828888865,0.16477125125264933,0.00037599345466917343,0.16662036901239236,0.0004358806637459931,0.16027571786423656
KXWCGAME-26JUN24SCOBRA-SCO,3.0,0.12,3.0,0.1056,9.99999999999999e-05,0.010100000000000001,0.00015088157475181988,0.11898284954708405,0.00012433422290758817,0.13297480683166757,0.00018997223440654523,0.1141421467401193
KXLEAGUESCUPGAME-26AUG11CLTPAC-PAC,7.0,0.77,7.0,0.17709999999999998,0.00019999999999999925,0.88595,0.00039466205165517465,0.18880332523229584,0.00029547133233087967,0.21187110201295767,0.0003604192888666644,0.19276638470717886
KXLEAGUESCUPGAME-26AUG11CLTPAC-PAC,3.0,0.67,3.0,0.2211,0.0,0.7162999999999999,0.00015213958746274482,0.22209577326505972,0.0001252882378618096,0.21804629948056012,0.0001350777888606211,0.2225847532644078
KXNFLNFCEAST-25-DAL,14.0,0.08,14.000000000000028,0.0736,0.0010999999999999994,0.0091,0.00057048333281958,0.1624861511781117,0.0005614265144018736,0.18870130091741757,0.0005450294192938341,0.1955688798534951
KXNFLNFCEAST-25-DAL,7.0,0.06,7.0,0.05639999999999999,0.0005999999999999998,0.0025999999999999994,0.00021587952522461997,0.14661432549942754,0.0002132867210733158,0.1443990806119705,0.00023679981110272442,0.15003849670610925
KXWFIBAGAME-26SEP060830CZECHN-CHN,3.0,0.495,3.0,0.249975,0.0,0.24142499999999995,0.00015442955953729923,0.25043281058065353,0.00014402392917406187,0.25197253357865046,0.00012322261864797048,0.2514831637760273
KXCOPADOBRASILGAME-26AUG26PALSAN-PAL,7.0,0.64,7.0,0.2304,0.00030000000000000057,0.1301,0.00041567177732856566,0.23272127939049875,0.00029013003239424526,0.24202389686843248,0.00028454899058886,0.22811265515543025
KXCOPADOBRASILGAME-26AUG26PALSAN-PAL,3.0,0.64,3.0,0.2304,0.00010000000000000018,0.1301,0.00017527491388887322,0.23447701050365566,0.0001385883745553478,0.24712424346480608,0.00012718006340773334,0.22948723950498337
KXGTAPRICE-80,30.0,0.17,30.0,0.1411,0.003199999999999998,0.057699999999999994,0.001626142156860234,0.21967634441826125,0.0014844473840525969,0.2552493423756222,0.0016025052534611877,0.23196567698970738
KXGTAPRICE-80,14.0,0.18,14.0,0.1476,0.0013999999999999991,0.052000000000000005,0.0007679073136947509,0.18591537038716666,0.0007228151125610263,0.2022310946775005,0.0008377261387224888,0.181057825894384
KXGTAPRICE-80,7.0,0.16,7.0,0.1344,0.0007999999999999992,0.0504,0.0005120665197632866,0.16568311100729793,0.00041168567972618843,0.18021433596464,0.00047757251264627,0.16824293442719593
KXGTAPRICE-80,3.0,0.22,3.0,0.1716,0.0003999999999999996,0.0242,0.00021208776558340984,0.17253033690648947,0.00018247234877840756,0.17754204904612003,0.00019782302798658044,0.18254598129991984
KXF1RACE-ITAGP25-VER,7.0,0.1,5.0,0.09000000000000001,9.99999999999999e-05,0.5451,0.0001995651750307807,0.13402213872592494,0.00017808658181680964,0.13587959288756646,0.00021941875235850664,0.1292970509470037
KXF1RACE-ITAGP25-VER,3.0,0.11,3.0,0.0979,0.0,0.5451,0.00013002402270660153,0.11162020741182166,0.00010657980720423775,0.12869376422844858,0.00014336593097730597,0.10564120637543978
KXAFCONGAME-26JAN06DZACOD-DZA,7.0,0.53,6.0,0.2491,0.00020000000000000036,0.2239,0.00032400260234764875,0.25010407130400075,0.00026049379129333445,0.25608009649091273,0.0002508496247468875,0.24929131197741664
KXAFCONGAME-26JAN06DZACOD-DZA,3.0,0.5,3.0,0.25,0.0,0.22139999999999999,0.00016132702556540286,0.25018524558402666,0.00016293111432653126,0.25202563127081284,0.00010385676135038241,0.2496595676816588
KXNASCARRACE-DAY26-WIBY,7.0,0.08,5.0,0.0736,0.0002000000000000001,0.0025999999999999994,0.0001961755467193468,0.12361680911953997,0.00017408624594821308,0.12275296420792553,0.00020083865262854835,0.11908176977419443
KXNASCARRACE-DAY26-WIBY,3.0,0.06,3.0,0.05639999999999999,0.0,0.0025999999999999994,9.492126447670396e-05,0.0907962302620584,9.125486728254705e-05,0.09730080247129055,0.00012475481784417818,0.09382870557765234
KXBOXING-26MAY30SERRANHANSON-HANSON,7.0,0.09,7.0,0.0819,9.99999999999999e-05,0.008399999999999998,0.0002696581283857677,0.14805843691120532,0.00021495570241615025,0.15212695473853807,0.00028330107665517365,0.13029439384495473
KXBOXING-26MAY30SERRANHANSON-HANSON,3.0,0.08,3.0,0.0736,0.0,0.005000000000000001,0.00011222349306209442,0.09565093922690467,9.374911196117441e-05,0.10449875664720637,0.00016661574395220976,0.0884994425469002
KXNBAGAME-26APR26CLETOR-TOR,14.0,0.58,11.0,0.2436,0.00020000000000000036,0.40559999999999996,0.0005977965642794305,0.24603264170834954,0.00048664096188887827,0.26575042307007796,0.0005291792359781239,0.24130041185733467
KXNBAGAME-26APR26CLETOR-TOR,7.0,0.3,7.0,0.21,0.00020000000000000036,0.35459999999999997,0.00035877294121480844,0.21902301113422912,0.00031026352319720856,0.22917957780777598,0.0003521656430481511,0.21509405772142046
KXNBAGAME-26APR26CLETOR-TOR,3.0,0.4,3.0,0.24,0.0,0.34819999999999995,0.0001615026298666663,0.240281640165276,0.0001313620579932841,0.24591021138024322,0.0001117754070999518,0.2413376878149146
KXMLSGAME-26AUG15ORLCIN-CIN,14.0,0.37,12.0,0.2331,0.0004000000000000007,0.1091,0.0006413444622287068,0.2375865100290689,0.0005255333565058673,0.2595117412819473,0.0006136101204980614,0.23657160065442912
KXMLSGAME-26AUG15ORLCIN-CIN,7.0,0.34,7.0,0.2244,0.00030000000000000057,0.10250000000000001,0.0003961515440060323,0.22768030110151996,0.00035778315760171236,0.2422596662789828,0.0003262805299326013,0.2212451838611839
KXMLSGAME-26AUG15ORLCIN-CIN,3.0,0.32,3.0,0.2176,0.00010000000000000018,0.10250000000000001,0.00016627216920305976,0.22188534678598892,0.00012659552218358266,0.2249721630049243,0.0001338982715058093,0.2180524816887256
KXWCSPREAD-26JUL05BRANOR-BRA3,7.0,0.12,5.0,0.1056,0.00030000000000000057,0.014500000000000002,0.0002474935098877444,0.13375376919724993,0.00024200120657837443,0.130861144863251,0.00028557519926611613,0.13732263051595017
KXWCSPREAD-26JUL05BRANOR-BRA3,3.0,0.13,3.0,0.1131,0.00020000000000000036,0.014500000000000002,0.00015731730967116629,0.12422772537873505,0.00014010041358583346,0.13143792040953742,0.00019875891707209486,0.12723912940318058
KXWCMOV-26JUL06USABEL-BELET,7.0,0.405,5.0,0.240975,0.0003999999999999996,0.10372500000000004,0.00026711708024387576,0.24440817261246095,0.00020722702735530822,0.24796677819843183,0.00021711409450489362,0.2409852972919206
KXWCMOV-26JUL06USABEL-BELET,3.0,0.11,3.0,0.0979,0.0003999999999999996,0.004100000000000001,0.00012195190036353862,0.1188038285787608,0.00011827935179660875,0.12457861627756603,0.00016634481777827337,0.10961936723027314
KXNCAAFGAME-25OCT11IOWAWIS-WIS,7.0,0.52,7.0,0.2496,0.00030000000000000057,0.17829999999999996,0.0003837472790539611,0.2503355229734018,0.0003055763474035505,0.26565501668511776,0.0003067348339105406,0.24925590731610275
KXNCAAFGAME-25OCT11IOWAWIS-WIS,3.0,0.39,3.0,0.2379,0.00010000000000000018,0.16099999999999998,0.0001814645342696281,0.23808027534683418,0.0001428895185588999,0.2472906916019392,0.0001071722264988826,0.23689988058011924
KXWCSPREAD-26JUN14SWETUN-SWE3,14.0,0.09,11.0,0.0819,0.00027499999999999964,0.7943250000000001,0.00041402774544339356,0.17981060695881376,0.0004148438284887246,0.15322608137926108,0.0004619023720305531,0.15894225784052168
KXWCSPREAD-26JUN14SWETUN-SWE3,7.0,0.08499999999999999,7.0,0.077775,7.500000000000014e-05,0.7922,0.00025912226613144206,0.14754441068514207,0.0002386906193895373,0.13190571474147794,0.00027177151893103234,0.14362187672871948
KXWCSPREAD-26JUN14SWETUN-SWE3,3.0,0.1,3.0,0.09000000000000001,0.0,0.7922,0.000120324899476798,0.10421180581292684,0.00010833771161694192,0.11373014206223896,0.000159855778446603,0.10251990598910118
KXNCAAFGAME-25SEP27APPBSU-APP,14.0,0.245,14.0,0.184975,0.00027500000000000023,0.1289,0.00084883006652468,0.21257120410095656,0.0006483640216606947,0.23427545081938447,0.0008367475231180982,0.21398331311818075
KXNCAAFGAME-25SEP27APPBSU-APP,7.0,0.31,7.0,0.21389999999999998,0.00020000000000000036,0.037500000000000006,0.0003752141769130601,0.227222570791449,0.0003147369238578075,0.24094143295260168,0.0003262189753958151,0.21563282811926768
KXNCAAFGAME-25SEP27APPBSU-APP,3.0,0.14,3.0,0.12040000000000001,0.0,0.017,0.00014581894190479375,0.1299679874459003,0.00014194263384551337,0.14224932689232436,0.0001645511917882186,0.13154502405107174
KXNCAAFGAME-25DEC30CCARLT-LT,30.0,0.78,21.0,0.17159999999999997,0.0010000000000000018,0.04229999999999999,0.001147022245982844,0.21068519947320566,0.0008882382991600157,0.2522579244837067,0.0012424482888810202,0.19189686434636613
KXNCAAFGAME-25DEC30CCARLT-LT,14.0,0.755,14.0,0.184975,0.0005250000000000009,0.041399999999999985,0.0008272029350848184,0.20333771253918315,0.0006288026576434447,0.22801666996952222,0.0008389531326491947,0.19635928359743762
KXNCAAFGAME-25DEC30CCARLT-LT,7.0,0.77,7.0,0.17709999999999998,0.00030000000000000057,0.04099999999999999,0.0004115066173098266,0.18061593465653003,0.00028555409601643085,0.19539534350821633,0.0003957944468633189,0.1819107478822859
KXNCAAFGAME-25DEC30CCARLT-LT,3.0,0.75,3.0,0.1875,0.00010000000000000018,0.04099999999999999,0.0001602176888846857,0.196336558219864,0.00014332135867302034,0.1966576687730297,0.00015890099575284548,0.19348998540185178
KXT20MATCH-26MAR01SAZIM-SA,7.0,0.88,7.0,0.1056,0.0,0.009399999999999999,0.00034889753543051875,0.11364920676491692,0.0002749319151411788,0.13621353337574568,0.0004925656346897129,0.11856922548806619
KXT20MATCH-26MAR01SAZIM-SA,3.0,0.93,3.0,0.06509999999999996,0.0,0.006899999999999995,0.00013353559603709986,0.07574221737135961,0.00010549657264517413,0.07907058149083408,0.0002201452019174335,0.0673976606736618
KXMLBGAME-26APR202138TORLAA-TOR,3.0,0.52,3.0,0.2496,0.0,0.11979999999999996,0.00015496787411026813,0.2498286614136215,0.00012547955408725753,0.24799962192053818,0.00011842909355965507,0.24976285562049547
KXLOLGAME-26AUG270400FOXNS-NS,3.0,0.57,3.0,0.2451,0.00019999999999999592,0.3136999999999999,0.0001493610797236267,0.24591999229556813,0.0001452270387248015,0.25545703943200027,0.00013738431688000298,0.24481439319377998
KXMVESPORTSMULTIGAMEEXTENDED-S2026E758BCBB48C-5B67315E836,14.0,0.183,11.0,0.14951099999999998,0.0007530000000000002,0.223458,0.0006536874195951084,0.19072924103344768,0.0005677255570209235,0.18756983542306732,0.000636827032320057,0.17816379674141367
KXMVESPORTSMULTIGAMEEXTENDED-S2026E758BCBB48C-5B67315E836,7.0,0.5,7.0,0.25,0.00021699999999999928,0.130433,0.00035459508856439554,0.24800095400046068,0.00032591031396376357,0.26254500974581574,0.0003011895913445173,0.25000874891173896
KXMVESPORTSMULTIGAMEEXTENDED-S2026E758BCBB48C-5B67315E836,3.0,0.209,3.0,0.165319,6.799999999999967e-05,0.039229,0.00021293112901195105,0.17882511792004735,0.0001713709044882108,0.1776973948403144,0.0001654820442369394,0.172066647667383
KXCHNSLGAME-26JUL31HENDAL-TIE,3.0,0.24,3.0,0.1824,0.00020000000000000036,0.5626,0.00018084185964004545,0.18326746366564756,0.00014034423048281476,0.19361218974777608,0.00015368168011731665,0.1916991745320395
KXPGATOUR-WYC26-SJAE,7.0,0.05,5.0,0.0475,1.7e-05,0.002117,0.00016369093606363234,0.11650619193140717,0.00014942240015001509,0.11335129766775523,0.00017490010502007873,0.1253003275459236
KXNFLMOSTRECYDS-26FEB08SEANE-SEACKUPP10,14.0,0.07,11.0,0.0651,0.0004000000000000002,0.0037000000000000006,0.0004328190847770455,0.14449656417483703,0.00036681340864906805,0.16959126180202105,0.00038552754699081276,0.15218168747285762
KXNFLMOSTRECYDS-26FEB08SEANE-SEACKUPP10,7.0,0.08,7.0,0.0736,0.00030000000000000024,0.0037000000000000006,0.0002671734397814506,0.14435589092194703,0.00025253099895241514,0.1498350849238915,0.00029162070349397025,0.1536745763786014
KXNFLMOSTRECYDS-26FEB08SEANE-SEACKUPP10,3.0,0.07,3.0,0.0651,0.00020000000000000036,0.0037000000000000006,0.00010734646576626875,0.09691113287511449,0.00010609823274884158,0.09003722368810269,0.0001758985135406883,0.08264437220090862
KXMVESPORTSMULTIGAMEEXTENDED-S20268E3D4018904-C7344B04CF1,14.0,0.057,10.0,0.053751,0.0002139999999999999,0.7858630000000001,0.00048052085569172593,0.14998433382110268,0.0004159967677664158,0.12761288238973023,0.00043499388918877085,0.13940857461707726
KXMVESPORTSMULTIGAMEEXTENDED-S20268E3D4018904-C7344B04CF1,7.0,0.056,7.0,0.052864,0.0002139999999999999,0.392478,0.0003150385307551223,0.15911148962843963,0.00031274917803233564,0.13816441533897542,0.0003180972333946881,0.1430736653606051
KXMVESPORTSMULTIGAMEEXTENDED-S20268E3D4018904-C7344B04CF1,3.0,0.053,3.0,0.050191,8.999999999999975e-06,0.0017000000000000001,0.00015845783977365025,0.11163844059766999,0.0001503257757272979,0.09629015880714446,0.00020576096838999776,0.0925708589402642
KXLEAGUESCUPGAME-26AUG11RSLJUA-JUA,14.0,0.41500000000000004,9.0,0.24277500000000002,0.00015000000000000026,0.824225,0.0005154139645899104,0.2545485689779937,0.00044833316871527334,0.2585728385067851,0.0003622148275398585,0.24687384435463422
KXLEAGUESCUPGAME-26AUG11RSLJUA-JUA,7.0,0.4,7.0,0.24,2.5000000000000045e-05,0.824225,0.0003887317473527435,0.2418519576218965,0.00029054972218696195,0.24900342492981764,0.0003128877701439596,0.24184708025102364
KXLEAGUESCUPGAME-26AUG11RSLJUA-JUA,3.0,0.25,3.0,0.1875,0.0,0.5287,0.0001760091776667722,0.1912854190890774,0.00016859307237655386,0.19313957077149282,0.00015449612484176006,0.19411169101177828
KXNCAAMBTOTAL-26MAR20USUVILL-156,7.0,0.29500000000000004,5.0,0.20797500000000002,0.0003250000000000006,0.4983499999999999,0.00025926505050449545,0.21156633040778408,0.00021538487709241958,0.2156888506105311,0.00021521537821867943,0.21498746316462466
KXNCAAMBTOTAL-26MAR20USUVILL-156,3.0,0.275,3.0,0.199375,0.00010000000000000018,0.49712499999999993,0.00012674207557605586,0.20618467614547112,0.00011621803714639865,0.21137795793977765,9.495264943156112e-05,0.20546133527880198
INX-24SEP27-B5737,3.0,0.495,3.0,0.249975,0.0,0.5732249999999999,0.0001487807173628715,0.2500337045443958,0.00011650815301385096,0.2497749905760229,0.00011926578056496839,0.2507701371529524
KXAFCONGAME-26JAN05NGRMOZ-NGR,3.0,0.74,3.0,0.19240000000000002,0.0,0.0626,0.00016723203635324598,0.19376917290072374,0.00013917030633381678,0.20648125110701027,0.00012528304978118318,0.19774240678831462
KXUFCFIGHT-26FEB07GAFWIK-GAF,7.0,0.64,5.0,0.2304,0.0,0.3213999999999999,0.0003085394751085279,0.2341743480339202,0.0002459179857895495,0.23472094024125384,0.00020206479205550133,0.23210864081332702
KXUFCFIGHT-26FEB07GAFWIK-GAF,3.0,0.56,3.0,0.24639999999999998,0.0,0.31499999999999995,0.00017422951779952751,0.24697545786965144,0.00012565159656117812,0.252207661499531,0.00010079268263358131,0.24646492907649928
KXWCGAME-26JUN22ARGAUT-ARG,30.0,0.58,30.000000000000014,0.2436,0.0009500000000000016,0.10189999999999998,0.0016877550329447767,0.25916139462884064,0.0013534370166798238,0.32040739082453684,0.001573659690794424,0.2531751243889913
KXWCGAME-26JUN22ARGAUT-ARG,14.0,0.61,14.000000000000014,0.2379,0.0005000000000000009,0.09899999999999998,0.0008290032471726802,0.24888770700086268,0.0006908946913195269,0.26804927966097286,0.0007490851595465403,0.24277120464649632
KXWCGAME-26JUN22ARGAUT-ARG,7.0,0.61,7.0,0.2379,0.00010000000000000018,0.09859999999999997,0.0003910777814940083,0.24336307603102775,0.0002979542762395373,0.24723529384173878,0.0002767168438616036,0.24011825896594566
KXWCGAME-26JUN22ARGAUT-ARG,3.0,0.62,3.0,0.2356,0.0,0.09819999999999997,0.0001702931454042764,0.23760374563727468,0.00011779333064954621,0.23931181801707788,0.00012203715189826974,0.2371845783748673
KXUFCFIGHT-26AUG22MEDJON-MED,7.0,0.28,6.0,0.2016,0.0,0.5333999999999999,0.00028173732099450496,0.2105202101493711,0.0002774827830956893,0.2089106146531256,0.00026804813147705825,0.2100377074946544
KXUFCFIGHT-26AUG22MEDJON-MED,3.0,0.28,3.0,0.2016,0.0,0.5333999999999999,0.00013788871567571676,0.206505586551012,0.00012460725996233377,0.20501498293151574,0.00011427197506575767,0.20666435767851601
KXNCAAFGAME-25NOV29UNCNCST-UNC,14.0,0.5800000000000001,13.0,0.24359999999999998,0.00022499999999999818,0.114525,0.000728586331547968,0.25102483772742645,0.0005079319069900439,0.2599411541477913,0.0006210939304229046,0.24297615851670026
KXNCAAFGAME-25NOV29UNCNCST-UNC,7.0,0.26,7.0,0.19240000000000002,0.00019999999999999925,0.06860000000000001,0.0004475090134506574,0.20151596545323514,0.00039353244167495164,0.20992104237101544,0.0003888438268894079,0.20189199247242137
KXNCAAFGAME-25NOV29UNCNCST-UNC,3.0,0.27,3.0,0.1971,0.0,0.06770000000000001,0.00014071054365845145,0.2006136924058045,0.00011626681444174621,0.20519404605104907,0.00012080883125808916,0.19872440936986152
KXNFLSPREAD-25OCT05LVIND-IND7,3.0,0.43,3.0,0.2451,0.0,0.2721,0.00017501639057898949,0.24439813729370172,0.00013064047794414567,0.2517568754784272,0.0001158982670976658,0.24472208504113147
KXUCLGAME-26JAN28BARFCC-BAR,7.0,0.87,7.0,0.1131,0.00020000000000000036,0.0149,0.0003870109020873504,0.1268251866227259,0.00025158206271036514,0.14838526797870177,0.0004589261387757167,0.1243226591641879
KXUCLGAME-26JAN28BARFCC-BAR,3.0,0.87,3.0,0.1131,0.0,0.014499999999999999,0.00016715675521963304,0.12700995096190273,0.00011243313405870935,0.14770540764380152,0.0001784048490988352,0.11868635317034024
KXWHUNDREDMATCH-26AUG101000SOUTRE-SOU,7.0,0.5349999999999999,7.0,0.248775,0.0003250000000000028,0.16574999999999998,0.0003786404829207351,0.255702831381128,0.0002875021032804596,0.2544402995008676,0.00031963366489091446,0.25087800513576874
KXWHUNDREDMATCH-26AUG101000SOUTRE-SOU,3.0,0.495,3.0,0.249975,0.0,0.14462499999999998,0.00016080811676663168,0.25052660556727113,0.00010707386650124289,0.2523886760215646,0.00011357965137870803,0.2506918526894208
KXMVESPORTSMULTIGAMEEXTENDED-S2025CA28A76FEF1-923527D4128,14.0,0.45,14.0,0.24750000000000003,0.0009200000000000017,0.12766,0.000779941636235353,0.2541073754954379,0.000649988503216114,0.2874943658894725,0.0006729805001771286,0.2473856349506149
KXMVESPORTSMULTIGAMEEXTENDED-S2025CA28A76FEF1-923527D4128,7.0,0.484,7.0,0.249744,0.0004870000000000009,0.12404899999999999,0.000360842437052902,0.25243621567207547,0.00032683028237218343,0.2591841322311768,0.0002801054536003336,0.25034945912044776
KXMVESPORTSMULTIGAMEEXTENDED-S2025CA28A76FEF1-923527D4128,3.0,0.505,3.0,0.249975,8.200000000000014e-05,0.12404899999999999,0.00016439062709972189,0.24930300263544541,0.0001235356350066342,0.25994051624763753,0.00011163323054914803,0.2518856743137392
KXT20MATCH-26FEB14SANZ-NZ,7.0,0.445,7.0,0.24697499999999997,0.00010000000000000018,0.479725,0.0003977281154487597,0.25074520183540033,0.0003193590388371341,0.27253757036350296,0.00027738962868882394,0.24892365883497639
KXT20MATCH-26FEB14SANZ-NZ,3.0,0.51,3.0,0.2499,0.00010000000000000018,0.22139999999999999,0.00014845924894216076,0.25216428569639826,0.00011559404776081045,0.26030262807838667,0.00011515307254979874,0.25047220847268226
KXNCAAFGAME-26SEP03COLOGT-COLO,14.0,0.3,14.0,0.21,0.0005000000000000009,0.4628999999999999,0.0007841166150210814,0.226415595342362,0.000595973591468837,0.2439882683027983,0.0007398806689174513,0.22289138828961189
KXNCAAFGAME-26SEP03COLOGT-COLO,7.0,0.31,7.0,0.21389999999999998,0.00020000000000000036,0.4628999999999999,0.0003848715609843331,0.22402325972741644,0.00030168759861350764,0.2159432708093658,0.00033831099079048533,0.2220948503061002
KXNCAAFGAME-26SEP03COLOGT-COLO,3.0,0.32,3.0,0.2176,0.00010000000000000018,0.4628999999999999,0.0001427450719027903,0.2173851205003067,0.00012176569675124555,0.22223198926024104,0.00012454137606212018,0.2177886452806218
KXTRUMPMENTION-26FEB28-SOMA,30.0,0.59,30.0,0.2419,0.0010999999999999955,0.2768,0.0016560028232258978,0.2612470495983803,0.0012624725501893409,0.3189806763966829,0.001597502289375649,0.24953277700057633
KXTRUMPMENTION-26FEB28-SOMA,14.0,0.58,14.0,0.2436,0.00020000000000000036,0.273,0.0007628743700070371,0.25023223026449803,0.0005943678035618012,0.26042055382803697,0.0006236709643907249,0.2443042855221663
KXTRUMPMENTION-26FEB28-SOMA,7.0,0.48,7.0,0.2496,0.00010000000000000018,0.2697,0.0004038001465489457,0.2499557599703216,0.0002786725817399253,0.25908093270163207,0.00027545793226103655,0.25056061425308557
KXTRUMPMENTION-26FEB28-SOMA,3.0,0.51,3.0,0.2499,0.0,0.2631,0.00015109245271802525,0.2512210473674043,0.0001221107790448135,0.2521054033682409,0.00013033569383585659,0.24957053393650022
KXUFCMOV-26AUG15MAKMGI-MAKDEC,3.0,0.38,3.0,0.2356,0.00010000000000000018,0.2571,0.00014659153157944163,0.23556255792490433,0.00014838138368033062,0.23968128621593598,0.00012224159565394458,0.23433256577386907
KXUFCDISTANCE-26JUN14TOPGAE-DIST,7.0,0.16,7.0,0.1344,0.00010000000000000018,0.017900000000000003,0.0004796924535064777,0.14633606786214173,0.0004083559940652718,0.16047923932403185,0.00047617394199717404,0.15516696906227387
KXUFCDISTANCE-26JUN14TOPGAE-DIST,3.0,0.14,3.0,0.12040000000000001,0.0,0.017,0.00015243149569324114,0.13296288816841692,0.00014539334168346316,0.1323890317847358,0.00016092108296109252,0.13663612648375256
KXEPLGAME-26FEB07BURWHU-WHU,14.0,0.33499999999999996,14.0,0.222775,0.0009999999999999974,0.32327500000000003,0.0007527616509395686,0.23017574979002298,0.0005997150019306141,0.25957750751045827,0.0007111554005921978,0.23805968366650343
KXEPLGAME-26FEB07BURWHU-WHU,7.0,0.47,7.0,0.2491,0.0005999999999999989,0.31410000000000005,0.00040547532899334047,0.25166386758607184,0.0002931327342777448,0.2622383568620574,0.00028016315216040965,0.24946158647246428
KXEPLGAME-26FEB07BURWHU-WHU,3.0,0.46,3.0,0.24840000000000004,0.00010000000000000018,0.31410000000000005,0.00014690709695006605,0.24927024649831261,0.00011823221098302307,0.25078029819298664,0.00011295547339844937,0.24948768823197695
KXNASCARRACE-PEN4PBJ26-KYLA,7.0,0.17,6.0,0.1411,9.999999999999963e-05,0.045399999999999996,0.00042292198897025095,0.15033994603166126,0.0004595300349847117,0.17174167349801203,0.0004252963458242248,0.16599082877695787
KXNASCARRACE-PEN4PBJ26-KYLA,3.0,0.14,3.0,0.12040000000000001,9.999999999999963e-05,0.043699999999999996,0.00018273936897083765,0.13702006213879878,0.00011431721473202494,0.13805408927902874,0.0001804722576066739,0.1305824651341915
KXCLUBFGAME-26JUL26AJABUR-AJA,3.0,0.8,3.0,0.15999999999999998,0.0,0.19220000000000004,0.00015602240251851818,0.15859766319000793,0.00013143602362221396,0.17356854665555702,0.00015300931878575193,0.16287149343499305
KXNETFLIXRANKSHOW-26JAN05-STR,7.0,0.95,6.0,0.04750000000000004,0.00010000000000000018,0.014999999999999993,0.00019364903911705928,0.09857201370045084,0.00019051901891724168,0.11074917661237117,0.0002797571970913269,0.10536104857321515
KXNCAAMBGAME-26APR02UNMTLSA-TLSA,3.0,0.38,3.0,0.2356,0.00010000000000000018,0.3601,0.00014983319695929418,0.23650406471371263,0.00014131007984209272,0.24226132954083404,0.00011426150909679775,0.23766219102367198
KXNFLGAME-25OCT19NYGDEN-NYG,14.0,0.22,11.0,0.1716,0.0004999999999999987,0.05609999999999999,0.0005939987175694556,0.18995055198104027,0.0005535955793889928,0.2331899927721678,0.0006919693226380225,0.18563779300138644
KXNFLGAME-25OCT19NYGDEN-NYG,7.0,0.27,7.0,0.1971,0.0003999999999999985,0.05429999999999999,0.0003952782955911008,0.20985113187623114,0.00034272027315459223,0.22116592240524124,0.00035720453083714634,0.2049638558141301
KXNFLGAME-25OCT19NYGDEN-NYG,3.0,0.24,3.0,0.1824,0.0,0.05299999999999999,0.0001690820902914195,0.18106287706412602,0.0001482511934367337,0.18629100904792928,0.0001612177171177094,0.185237698871418
KXNFLPREPACKSGP-26FEB08SEANE-NEU45,14.0,0.18,12.0,0.1476,9.999999999999963e-05,0.0257,0.0007105333376160639,0.18274787527301206,0.0005933418892814509,0.19565816657747612,0.0007274447380333221,0.1850421994038519
KXNFLPREPACKSGP-26FEB08SEANE-NEU45,7.0,0.17,7.0,0.1411,0.0,0.0257,0.0004686052284277721,0.1592772151572462,0.00044298572411628464,0.1696656380177093,0.0004810931005774067,0.15714598974176514
KXNFLPREPACKSGP-26FEB08SEANE-NEU45,3.0,0.17,3.0,0.1411,0.0,0.0257,0.00020263197716481536,0.14834111464545388,0.0001795215902071342,0.1455605779803673,0.00021897019047709961,0.14127995506739982
KXCONCACAFCCUPGAME-26APR08TOLLAG-LAG,7.0,0.13,7.0,0.1131,0.0003999999999999996,0.0177,0.00036312793044941227,0.1475806500037252,0.00033710604421713857,0.16339083589891445,0.00037671796566114213,0.14403993146919486
KXCONCACAFCCUPGAME-26APR08TOLLAG-LAG,3.0,0.15,3.0,0.1275,0.0,0.0107,0.00020096418262917994,0.13928855320129288,0.00017196258300876117,0.14283511821351239,0.00024319161445006857,0.1321631353179755
KXMARMAD-25R32G15-UK,7.0,0.48,6.0,0.2496,0.00020000000000000036,0.3012,0.0003161824309929055,0.2521178150159077,0.0002718669979960946,0.2585813428071818,0.00027007218648643816,0.25113869034776115
KXMARMAD-25R32G15-UK,3.0,0.48,3.0,0.2496,0.0,0.3012,0.00015087626062464305,0.24976087054043547,0.00014159165868945673,0.2548791040086445,0.00012968719295542713,0.25065734610186285
KXNFLTOTAL-25SEP21KCNYG-44,14.0,0.5,11.0,0.25,0.00030000000000000057,0.25955,0.0005982003392053205,0.25498627062780377,0.0004774926854894722,0.2692699206326397,0.0005164107831129493,0.2507466880064156
KXNFLTOTAL-25SEP21KCNYG-44,7.0,0.445,7.0,0.24697499999999997,0.00030000000000000057,0.253525,0.0003983138695962178,0.2472391294027582,0.0003153453336513299,0.2550336424953808,0.00028133594476386026,0.25199524530661555
KXNFLTOTAL-25SEP21KCNYG-44,3.0,0.52,3.0,0.2496,0.00010000000000000018,0.2501,0.00017461360300126855,0.2503154979232193,0.00011893864621172079,0.2581077910616221,0.00010449107230071103,0.24963193114467822
KXWT20MATCH-26JUN140930PAKIND-IND,7.0,0.46,7.0,0.24840000000000004,0.00010000000000000018,0.23485000000000006,0.0003801015805771453,0.25143347528608573,0.0003229692321028336,0.26478155948528725,0.0002873647270755359,0.24844252039737158
KXWT20MATCH-26JUN140930PAKIND-IND,3.0,0.88,3.0,0.1056,0.0,0.007399999999999995,0.00015490436943544857,0.11027782965359777,0.00014500538106336576,0.12545608227543423,0.00017015871870928095,0.10842313449533524
KXUSOPEN-25-TLAW,14.0,0.495,13.0,0.249975,0.000225,0.24019999999999997,0.0007529908472377381,0.2547880976747306,0.0005990573849467406,0.273272195716477,0.0005750505816389157,0.2545927768007949
KXMVESPORTSMULTIGAMEEXTENDED-S202634CEFAA94C8-6B928813CD3,14.0,0.5,15.0,0.25,0.00035599999999999976,0.9932219999999999,0.0008844001936082867,0.25020021817922355,0.0006274806756316492,0.27788805401831057,0.0006828132270323156,0.2547044727797369
KXMVESPORTSMULTIGAMEEXTENDED-S202634CEFAA94C8-6B928813CD3,7.0,0.5,7.0,0.25,0.00035599999999999976,0.9932219999999999,0.00037695209632945245,0.2538163571308545,0.0002868760881913891,0.25839637557094314,0.00024804710874199283,0.25130227185280224
KXMVESPORTSMULTIGAMEEXTENDED-S202634CEFAA94C8-6B928813CD3,3.0,0.163,3.0,0.136431,0.00025599999999999955,0.629211,0.00020930315242060133,0.15060706106748498,0.00017622617122417118,0.15022416900324972,0.0002039059534215623,0.14591999617245674
KXLALIGAGAME-26FEB21OSARMA-OSA,7.0,0.23,7.0,0.1771,0.0008000000000000003,0.6405000000000001,0.00040774125906698806,0.19177131504615752,0.00040900626613864065,0.20463688993724496,0.000454778606905734,0.1872966651879512
KXLALIGAGAME-26FEB21OSARMA-OSA,3.0,0.19,3.0,0.1539,0.00020000000000000036,0.6401000000000001,0.00020554928588668254,0.1581285233974728,0.00017446237056598695,0.16092298798220642,0.00023073832166559393,0.1598653739285355
KXNCAAFGAME-25OCT14FIUWKU-FIU,3.0,0.30000000000000004,3.0,0.21000000000000002,3.0814879110195774e-33,0.5662,0.0001457943646904604,0.2113617797963139,0.0001160065483895124,0.22324101247005246,0.00012666935809982658,0.21132317568395328
KXNCAAFGAME-25SEP20ARKMEM-ARK,7.0,0.75,7.0,0.1875,0.00020000000000000036,0.5131,0.0003706191925071277,0.18884041598509638,0.00029381043532854424,0.22562757208683343,0.00038516587455230213,0.19001160029618433
KXNCAAFGAME-25SEP20ARKMEM-ARK,3.0,0.73,3.0,0.1971,0.00010000000000000018,0.5042,0.00016370747057151307,0.19829059550231787,0.00012309083153930493,0.20394907315010072,0.00011884713985470502,0.19820072266130837
KXSPOTIFYALBUMRELEASEDATEDRAKE-26-MAY01,30.0,0.44,30.0,0.24640000000000004,0.0009999999999999987,0.25880000000000003,0.0017098402869907025,0.2776643191783253,0.0013293124338625718,0.3127834298667787,0.0015121822473253576,0.25293136006131933
KXSPOTIFYALBUMRELEASEDATEDRAKE-26-MAY01,14.0,0.26,14.0,0.19240000000000002,0.0005,0.04710000000000002,0.0007927805256628191,0.2106745851530521,0.0006576559692996148,0.24166226074298816,0.0007639412521113984,0.2137032656596545
KXBUNDESLIGAGAME-26JAN10LEVVFB-LEV,7.0,0.52,7.0,0.2496,0.00030000000000000057,0.21329999999999993,0.00038711881752319073,0.2467291818069841,0.0002873803339097746,0.2701925091758525,0.0003022633869659865,0.24836113933814205
KXBUNDESLIGAGAME-26JAN10LEVVFB-LEV,3.0,0.5,3.0,0.25,0.00010000000000000018,0.21329999999999993,0.0001579744970528621,0.2514480533773211,0.00012805957592832223,0.26237756881040186,0.00010593102501283563,0.2500065713858646
KXGOVSHUTLENGTH-26JAN01-42D,14.0,0.63,12.041666666666666,0.2331,0.00010000000000000018,0.06885,0.0006900951709141995,0.2430875631737835,0.0005773715376945093,0.2729988372718726,0.0006918916053676658,0.23486437748752853
KXGOVSHUTLENGTH-26JAN01-42D,7.0,0.78,6.999999999999999,0.17159999999999997,0.00010000000000000018,0.00949999999999999,0.00038366060005060124,0.1881611710022481,0.00028099635025004527,0.19117649564900635,0.0003777191844878111,0.18160264006767463
KXGOVSHUTLENGTH-26JAN01-42D,3.0,0.91,3.0,0.08189999999999997,0.0,0.004099999999999994,0.00014094330547985445,0.08968696564353905,0.00010826588749504938,0.09225146497453948,0.00019892821036885717,0.09265935212976961
KXINTLFRIENDLYGAME-26JUN03POLNGR-TIE,3.0,0.3,3.0,0.21,0.00010000000000000018,0.5201,0.00015992763055159214,0.208165759405609,0.00011270019525719599,0.22148438223219963,0.00013756428308654394,0.21597318615271
KXNFLSPREAD-26JAN11LACNE-NE6,7.0,0.5,7.0,0.25,0.00010000000000000018,0.32010000000000005,0.00038897050418539773,0.2527533921601793,0.0002966836771066092,0.269288207776224,0.00031759843222377597,0.24856398735787408
KXNFLSPREAD-26JAN11LACNE-NE6,3.0,0.43,3.0,0.2451,0.0,0.31370000000000003,0.0001704362083666579,0.2448534466960725,0.00013402878349202675,0.2508259026887969,0.00010104349416854945,0.24550245089317108
KXLALIGAGAME-26MAR21OSAGIR-OSA,7.0,0.48,7.0,0.2496,0.0003999999999999985,0.27340000000000003,0.0004008146543003354,0.2506680795988912,0.000277746798137556,0.25502844938932123,0.0002769682723673057,0.24993354905124776
KXLALIGAGAME-26MAR21OSAGIR-OSA,3.0,0.45,3.0,0.24750000000000003,0.0003999999999999985,0.2705,0.00015857527137537775,0.24846697397278308,0.00013715957148418122,0.2532910996617796,0.00012338488238308292,0.24837744962115693
KXUCLGAME-25OCT21BAROLY-OLY,14.0,0.07,14.0,0.0651,0.00020000000000000036,0.0037000000000000006,0.00048651995413625756,0.16797333619840685,0.0005011669551761443,0.18159314155526418,0.000548635358326389,0.18103334547018352
KXUCLGAME-25OCT21BAROLY-OLY,7.0,0.07,7.0,0.0651,0.00020000000000000036,0.0037000000000000006,0.0002590547226281241,0.1361820529513041,0.0002583821065087282,0.13529285751538433,0.00028042337262832633,0.12391907041609414
KXUCLGAME-25OCT21BAROLY-OLY,3.0,0.06,3.0,0.05639999999999999,0.00010000000000000018,0.0037000000000000006,0.00010225340072267702,0.10619380135567397,9.126637095024324e-05,0.10537729511162475,0.0001327358858204394,0.08805107380155486
KXCONCACAFCCUPGAME-26APR08TIGSEA-SEA,7.0,0.42500000000000004,7.0,0.244375,0.00020000000000000036,0.06822500000000002,0.00036547353260085806,0.24694503340105114,0.00031500937000483357,0.25387381211078663,0.0002663410709989344,0.24619654489858378
KXCONCACAFCCUPGAME-26APR08TIGSEA-SEA,3.0,0.28,3.0,0.2016,0.0,0.040600000000000004,0.00014422851598758669,0.20858335985045326,0.00011224733976632796,0.21672057648434173,0.00011495305627550113,0.20199739318642274
KXNCAAMBGAME-26MAR21UNLVTLSA-TLSA,3.0,0.7,3.0,0.21000000000000002,0.00010000000000000018,0.11929999999999998,0.00015944512598609057,0.21135583117291815,0.00014732467963381746,0.21689706359497307,0.00013474044061045613,0.21184176341417274
KXMLBGAME-26JUN292140SFAZ-AZ,3.0,0.53,3.0,0.2491,0.0,0.1415,0.00014789664457231093,0.25036241995674136,0.00013104936938502474,0.250175632112968,0.00011434742421695447,0.24948191411322632
KXNFLSPREAD-26AUG23SEATEN-TEN3,7.0,0.51,6.0,0.2499,0.00015000000000000029,0.1731,0.0003232366981524884,0.24966583131785888,0.00028225754981127296,0.2550851219356624,0.0002384378935660713,0.24931856497180527
KXNFLSPREAD-26AUG23SEATEN-TEN3,3.0,0.585,3.0,0.24277500000000002,0.00012500000000000022,0.16820000000000002,0.0001680305771826962,0.24235246577805752,0.000115071354286193,0.2567326551191504,0.00012166091482796898,0.2427565235818485
KXMLBGAME-26APR172138SDLAA-LAA,3.0,0.52,3.0,0.2496,0.0,0.17900000000000002,0.00017771094354960347,0.24901924500321584,0.0001304627337965653,0.2511503205748645,0.00010545375186664657,0.24902972398988393
KXMVESPORTSMULTIGAMEEXTENDED-S2026E532C2AC613-E34185730AA,3.0,0.054,3.0,0.051084,0.00018100000000000006,0.0019929999999999995,0.00017262795922187666,0.08441731252735185,0.00014960566181013905,0.08008585376546992,0.0002140134397414904,0.08988857237765831
KXNCAAFGAME-25NOV29VTUVA-VT,14.0,0.585,13.0,0.24277500000000002,0.0011999999999999995,0.214125,0.0007080362625762458,0.24666185955106026,0.0005656205190083566,0.26034844319013756,0.0006288356449215787,0.24300553647740697
KXNCAAFGAME-25NOV29VTUVA-VT,7.0,0.19,7.0,0.1539,0.0010999999999999992,0.06420000000000001,0.0005339933003560642,0.17752364703149598,0.00043784182808838336,0.18485947155739985,0.0004960136279078238,0.17705479074142574
KXNCAAFGAME-25NOV29VTUVA-VT,3.0,0.23,3.0,0.1771,0.0004999999999999998,0.0626,0.0002259014872501229,0.1840273525652767,0.00015049133115339566,0.18984167836650762,0.00021763468374357955,0.18019302371862764
KXUFCFIGHT-26APR25DEOPOL-POL,7.0,0.69,6.0,0.2139,0.00020000000000000036,0.49089999999999995,0.00031778489671208473,0.2230635359304535,0.0002838164252077848,0.23299311748558663,0.0002786900161869784,0.21421305088670817
KXUFCFIGHT-26APR25DEOPOL-POL,3.0,0.72,3.0,0.2016,0.00010000000000000018,0.4900999999999999,0.00017410864506372758,0.20886910858039515,0.00013238254691109777,0.21948943917732613,0.000136733469401828,0.2071198072794038
KXBTCD-26MAR1317-T71499.99,7.0,0.24,6.958333333333333,0.1824,0.0,0.3366,0.0004226827962551676,0.20030634485260534,0.0004062989373274083,0.20319569147956462,0.00040282850062828426,0.19780974613359453
KXBTCD-26MAR1317-T71499.99,3.0,0.33,2.9999999999999996,0.2211,0.0,0.3175,0.00017299627510127677,0.2211354623785612,0.00010889703141018874,0.22213619196619297,0.0001440181307403167,0.22104559218106484
KXNCAAFGAME-25SEP27LOUPITT-PITT,14.0,0.5700000000000001,14.0,0.24509999999999998,0.00020000000000000036,0.17290000000000003,0.0007836823739735974,0.24378347006798112,0.0006752742426632268,0.2692099078364979,0.0006685343844521327,0.2492662275795466
KXNCAAFGAME-25SEP27LOUPITT-PITT,7.0,0.35,7.0,0.22749999999999998,0.00020000000000000036,0.15489999999999998,0.00039282472582928524,0.22841668357337525,0.00030001669233121965,0.24533137733450017,0.0003001266550465505,0.22860921966696415
KXNCAAFGAME-25SEP27LOUPITT-PITT,3.0,0.36,3.0,0.2304,0.00010000000000000018,0.1449,0.00016051825729750807,0.23374646673062563,0.00012385973598811345,0.23355311352172528,0.0001221825682060338,0.23265319131620876
KXUFCFIGHT-26AUG08MILOLI-OLI,7.0,0.31,6.0,0.21389999999999998,0.00010000000000000018,0.06480000000000001,0.00032927911651219283,0.23001262381512735,0.0002514357694505911,0.2294084441075688,0.0002693568180848992,0.22081208069110886
KXUFCFIGHT-26AUG08MILOLI-OLI,3.0,0.27,3.0,0.1971,0.0,0.0639,0.00015415969244092872,0.2031647538828705,0.00012053706468932586,0.2017327825621381,0.0001185173836285587,0.2012459765730982
KXNCAAFSPREAD-26JAN01ALAIND-IND7,14.0,0.41,12.0,0.24190000000000003,0.0012999999999999956,0.2878,0.0007068879679813167,0.24708562046253235,0.0005074051264876783,0.26641287166867655,0.0005522858142640408,0.2426080766170196
KXNCAAFSPREAD-26JAN01ALAIND-IND7,7.0,0.44,7.0,0.24640000000000004,0.0005999999999999978,0.28140000000000004,0.00039263572478649824,0.2568656015317563,0.0003134474896890613,0.2606484706810659,0.00025617689353293725,0.24182448709576349
KXNCAAFSPREAD-26JAN01ALAIND-IND7,3.0,0.45,3.0,0.24750000000000003,0.0004999999999999976,0.281,0.00015942002653893838,0.24693710668565125,0.0001334554330344508,0.25248973738207264,8.454266439206628e-05,0.24714833820211937
KXWC1HBTTS-26JUN19TURPAR-BTTS,14.0,0.155,14.0,0.130975,0.00012500000000000022,0.19215000000000004,0.000768183178257005,0.19438039259588558,0.000687474752508163,0.1989237192009144,0.0007334765693340492,0.1821012480936818
KXWC1HBTTS-26JUN19TURPAR-BTTS,7.0,0.42500000000000004,7.0,0.244375,2.5000000000000045e-05,0.13570000000000002,0.0003771504144724125,0.24790050743163441,0.00031673144703614676,0.24527806031999397,0.0002986296049820768,0.24352055506277323
KXWC1HBTTS-26JUN19TURPAR-BTTS,3.0,0.15000000000000002,3.0,0.1275,0.0,0.0387,0.00017749513515683983,0.13632046099817452,0.00015642898413501942,0.14599428388226784,0.000183948979506451,0.1339784717579589
KXLALIGAGAME-25DEC21RBBGET-RBB,7.0,0.57,7.0,0.2451,0.0006500000000000012,0.17650000000000002,0.00036617820082957177,0.24940084307263288,0.00034587571466504886,0.24832746242372494,0.00027888778157780217,0.24870623895497068
KXLALIGAGAME-25DEC21RBBGET-RBB,3.0,0.565,3.0,0.245775,0.0003250000000000006,0.17650000000000002,0.0001533272914516966,0.24600937342615203,0.00012002533022292282,0.24797604170994503,0.00011628891118980778,0.2467426073924764
KXLEAGUESCUPADVANCE-26SEP02TOLLEO-LEO,7.0,0.74,6.0,0.19240000000000002,0.00020000000000000036,0.1712,0.000334503387717076,0.20341499803864238,0.00026193658271461007,0.2100789695404343,0.00033814361095176103,0.19927991131047398
KXLEAGUESCUPADVANCE-26SEP02TOLLEO-LEO,3.0,0.34,3.0,0.2244,0.00020000000000000036,0.10900000000000001,0.00015951769435334294,0.22792372907126765,0.00012787135283383677,0.22961817899057613,0.00013913526221528898,0.22805254090721758
KXNFLGAME-26AUG29DETIND-IND,14.0,0.495,10.0,0.249975,0.0003250000000000006,0.39990000000000003,0.0005213206225898691,0.2527940373423785,0.0004324513520444239,0.280723713169214,0.00042363926694943143,0.2516543814660009
KXNFLGAME-26AUG29DETIND-IND,7.0,0.53,7.0,0.2491,0.00010000000000000018,0.3926,0.00035429473470968334,0.252877490883157,0.0003010033351868199,0.26049527914738063,0.0002883904843385124,0.24786281704521215
KXNFLGAME-26AUG29DETIND-IND,3.0,0.64,3.0,0.2304,0.0,0.38580000000000003,0.00016519615068461932,0.2304868041573522,0.00013747834646037082,0.24026110070370948,0.0001261336565711054,0.23309600602990144
KXWCMOF-26JUL05MEXENG-ET,3.0,0.23,3.0,0.1771,0.0,0.0255,0.00020077967915802257,0.18357543776719265,0.00018507596322920504,0.19019354333012228,0.00019189978966692843,0.179410433177272
KXWCTOTAL-26JUN25PARAUS-2,30.0,0.685,22.0,0.21577499999999997,0.0006000000000000055,0.838325,0.0011715890435610343,0.24471184982713617,0.0009161463315993685,0.27267898231976995,0.001178496860542585,0.2202084382104474
KXWCTOTAL-26JUN25PARAUS-2,14.0,0.665,14.0,0.222775,0.00035000000000000287,0.837925,0.0007433970985940389,0.22202035336095804,0.000576876212331813,0.2568813367867941,0.0006978223917823998,0.22974418943195551
KXWCTOTAL-26JUN25PARAUS-2,7.0,0.685,7.0,0.21577499999999997,0.00030000000000000057,0.837525,0.00038806832096730394,0.22311486805228803,0.00032499914463348474,0.23781754261684043,0.0003311834288548249,0.21953330324297796
KXWCTOTAL-26JUN25PARAUS-2,3.0,0.58,3.0,0.2436,0.00010000000000000018,0.8265,0.0001612133573279244,0.2419444545245964,0.00011859114688657215,0.24694174427009885,0.00011198706405100466,0.24292090593102933
KXATPMATCH-26AUG30DAMTIA-DAM,7.0,0.24,5.0,0.1824,0.0,0.2994,0.00035554390605418876,0.19286478474844349,0.0003105997323257319,0.19559773906626476,0.0002933282083216671,0.1919531896310204
KXATPMATCH-26AUG30DAMTIA-DAM,3.0,0.23,3.0,0.1771,0.0,0.2981,0.00019663682829697412,0.17992893756942435,0.00018366802448757853,0.20099917401387402,0.0002003623583012404,0.17981742368724013
KXEPLGAME-26APR27MUNBRE-MUN,14.0,0.53,14.0,0.2491,0.0005000000000000009,0.2322,0.0007461001645801079,0.2514395765532596,0.0006703155664281036,0.27646963152280685,0.0006243752158832665,0.25297361464505164
KXEPLGAME-26APR27MUNBRE-MUN,7.0,0.53,7.0,0.2491,0.0005000000000000009,0.2314,0.00037316989924290287,0.24953098745420632,0.0003324028390750845,0.2666989992663712,0.0002958732293185538,0.24777616562914934
KXEPLGAME-26APR27MUNBRE-MUN,3.0,0.53,3.0,0.2491,0.00010000000000000018,0.2314,0.00015007777128855533,0.2510910453987807,0.00013984304291509342,0.25411472703722576,0.00011926030107331939,0.24918530322124355
KXEPLTOTAL-26MAY19CFCTOT-2,14.0,0.37,14.0,0.2331,0.00029999999999999943,0.22544999999999998,0.00076981251839018,0.23798640959562387,0.0006229855542423971,0.27895693862897014,0.0006761807391959821,0.2437413320300719
KXEPLTOTAL-26MAY19CFCTOT-2,7.0,0.605,7.0,0.238975,0.0002749999999999994,0.1799,0.00041344842694929673,0.24802219256958805,0.00030305698555540774,0.2635897285618459,0.00030079149165858604,0.23835582023778923
KXEPLTOTAL-26MAY19CFCTOT-2,3.0,0.595,3.0,0.240975,2.5000000000000045e-05,0.17740000000000003,0.00016539070847076964,0.24055070713913423,0.00013251632651427282,0.24280676727268294,0.00012143789423034122,0.24260666930673275
KXGENESISINVITATIONAL-25-LABE,7.0,0.05,5.0,0.0475,0.0006,0.6053,0.00017756461895364662,0.12900098623912237,0.00014732922286422788,0.10327345849528356,0.00017228040774108408,0.12473634371527637
KXNCAAFSPREAD-26JAN01ORETTU-ORE7,14.0,0.365,11.0,0.231775,0.0002250000000000004,0.4705999999999999,0.0005845922290402473,0.24342252532817268,0.0004836196567300575,0.25162229228473665,0.0005169442416994416,0.23782544567771552
KXNCAAFSPREAD-26JAN01ORETTU-ORE7,7.0,0.29000000000000004,7.0,0.20590000000000003,0.00010000000000000018,0.4669999999999999,0.00036430335933934177,0.2078131965925771,0.0003043587026733403,0.22069915769612714,0.0003354128549534425,0.21143297062456307
KXNCAAFSPREAD-26JAN01ORETTU-ORE7,3.0,0.32,3.0,0.2176,0.0,0.4649999999999999,0.0001679031405989976,0.22367700422158998,0.00012535759610368777,0.23668822011609214,0.00013060184082086846,0.21931082919676967
KXMVESPORTSMULTIGAMEEXTENDED-S2026D31F793F2C2-27D498E1239,7.0,0.5,7.0,0.25,0.00033800000000000003,0.6685479999999999,0.00037988604836917646,0.2509506626740459,0.00032143376065882996,0.26301315110753637,0.0002516512468814018,0.24855978373314536
KXMVESPORTSMULTIGAMEEXTENDED-S2026D31F793F2C2-27D498E1239,3.0,0.5,3.0,0.25,0.00033800000000000003,0.23049999999999998,0.00016697029035714724,0.25029908344985863,0.00013566485929695753,0.2548477020476221,0.00012209886109107654,0.24965960296465894
KXGOVMNNOMR-26-LDEM,30.0,0.4,30.0,0.24,0.0015249999999999953,0.21298699999999998,0.0016779024481472175,0.26600893205479387,0.0013511779542143547,0.31606355831114874,0.0016188956736813737,0.2578811821223777
KXGOVMNNOMR-26-LDEM,14.0,0.39,14.0,0.2379,0.0004999999999999993,0.19236199999999998,0.0007808451746166181,0.2509809881522336,0.0006364865910018889,0.272236992623891,0.0007031384756344987,0.24410800830865287
KXGOVMNNOMR-26-LDEM,7.0,0.22,7.0,0.1716,0.0,0.17936199999999997,0.0004801277117936476,0.1802505966217499,0.0004014021772073148,0.18401218673104672,0.00046750141188300247,0.18981536780724098
KXGOVMNNOMR-26-LDEM,3.0,0.54,3.0,0.2484,0.0,0.11156199999999997,0.00016290913143351176,0.24847438249817635,0.0001390010174029151,0.25497062398618847,9.675456048178622e-05,0.2488669645018356
KXJLEAGUEGAME-26MAR08GAMVVN-GAM,3.0,0.45499999999999996,3.0,0.247975,0.00022499999999999875,0.30260000000000004,0.00015809847473667062,0.2472194510714047,0.00012166059975988783,0.24756547264278553,0.00010308399497482267,0.2497322952139751
KXNHLSERIES-25MINVGK-VGK,14.0,0.7,13.0,0.21000000000000002,0.0003999999999999963,0.12819999999999995,0.0007192068864292267,0.22316396877537997,0.0006077108999761925,0.2608227053893343,0.0006577231077930012,0.21238751708545067
KXNHLSERIES-25MINVGK-VGK,7.0,0.52,7.0,0.2496,0.0003999999999999963,0.07579999999999999,0.00034618448848187857,0.2544942682395248,0.000311304065133829,0.25829422012554565,0.0002706196846747197,0.24928132465452077
KXNHLSERIES-25MINVGK-VGK,3.0,0.68,3.0,0.2176,0.0,0.043400000000000015,0.000160171896727868,0.2188570613762686,0.0001298336939874124,0.22441974208964383,0.00013683636145832558,0.21750689947773544
KXWCCORNERS-26JUN24MARHTI-9,3.0,0.595,3.0,0.240975,2.5000000000000045e-05,0.18659999999999993,0.00015137876761381797,0.24372634906273102,0.00016255232973219554,0.23993901080673363,0.00012206119389655073,0.24346126487446532
KXPGATOUR-WYC26-STHE,3.0,0.068,3.0,0.063376,1e-06,0.002181,0.00012997247731352156,0.09230255192622552,0.00010218460451027353,0.09603491029982031,0.00015806642273803024,0.09565564531916791
KXMLBGAME-26AUG242140PITSD-SD,3.0,0.56,3.0,0.24639999999999998,0.0,0.1308,0.00016205448426880015,0.2468087543497262,0.00012432451648581441,0.25058036672256234,0.00010278786024790894,0.24708303743798543
KXWC2H-26JUN20NEDSWE-NED,3.0,0.45499999999999996,3.0,0.247975,0.0001250000000000008,0.2917,0.00013914407984044579,0.24822247608937784,0.0001464129540150735,0.2540132999849045,0.00010874250092327512,0.24804705180167055
KXUFCFIGHT-26AUG22DERDOL-DOL,7.0,0.23,5.0,0.1771,0.00020000000000000036,0.0485,0.00036319665986878964,0.1955866605645766,0.0003756412607748816,0.18162150483024483,0.00034366280833132923,0.18651192739195108
KXUFCFIGHT-26AUG22DERDOL-DOL,3.0,0.22,3.0,0.1716,0.00010000000000000018,0.0485,0.00019584995894755,0.17803677108016822,0.00018376201205555249,0.1814781575443517,0.00021235635967809424,0.17494620417847748
KXPGATOUR-ONMBC26-ECOL,7.0,0.0755,7.0,0.06979975,0.000313,0.004291250000000001,0.00023088789397927127,0.10642006427192229,0.00022800131710938094,0.13904747485629407,0.0002414064759123969,0.14793738529299155
KXNCAAFGAME-25OCT18MISSUGA-UGA,7.0,0.76,7.0,0.1824,0.00010000000000000018,0.0803,0.0003946820732001259,0.1890286990878933,0.00030706816219743053,0.2073947218728378,0.00035816929930925195,0.19034401322636887
KXNCAAFGAME-25OCT18MISSUGA-UGA,3.0,0.72,3.0,0.2016,0.0,0.07300000000000001,0.00015137044545946896,0.20426229214262215,0.00012688266418697892,0.2059113503680524,0.00012641422356047857,0.19987254642821337
KXNHLGAME-26APR01ANASJ-SJ,3.0,0.48,3.0,0.2496,2.5000000000000045e-05,0.240525,0.0001512721147131464,0.24865158868686194,0.00012593448135003586,0.2566552279845955,0.00010690932556188727,0.25074340439782555
KXNFLSPREAD-25DEC28JACIND-JAC6,14.0,0.5,12.0,0.25,0.00010000000000000018,0.24409999999999996,0.0006666376557606916,0.25256116354151775,0.0005320723293164073,0.272863846126646,0.0005676411503496132,0.2509667834695547
KXNFLSPREAD-25DEC28JACIND-JAC6,7.0,0.53,7.0,0.2491,0.00010000000000000018,0.23519999999999996,0.0003455311841686492,0.24991621232338745,0.0002988039384762653,0.26018480518322135,0.00027823318423012857,0.25189446064249643
KXNFLSPREAD-25DEC28JACIND-JAC6,3.0,0.51,3.0,0.2499,0.00010000000000000018,0.22259999999999996,0.00016224690928033156,0.24746965571421234,0.00012658586721156015,0.2493072743537763,0.0001036032640128144,0.2503564042234058
KXMLBGAME-26SEP042140NYYSD-SD,3.0,0.49,3.0,0.2499,0.0,0.24429999999999996,0.0001427830439148995,0.25002282367422785,0.0001343200395746966,0.24855920145976615,0.00013103398337135054,0.2501873035201156
KXWC1HSPREAD-26JUN24SCOBRA-BRA2,30.0,0.5,20.0,0.25,0.0006249999999999995,0.8039250000000001,0.001080659464932305,0.2593902230385151,0.0008637696434530606,0.28315636104307534,0.0009107104358002941,0.2535511118299917
KXWC1HSPREAD-26JUN24SCOBRA-BRA2,14.0,0.495,14.0,0.249975,0.0005999999999999994,0.8031250000000001,0.0007668445502681701,0.2541793401674255,0.0006105999674031924,0.27886820008400287,0.0006037857434545999,0.252458456628603
KXWC1HSPREAD-26JUN24SCOBRA-BRA2,7.0,0.175,7.0,0.14437499999999998,0.0005999999999999994,0.6097250000000001,0.0004985095732320428,0.16956754974357702,0.0003890272378014069,0.16736665997617892,0.00046205997331633943,0.18114516993142327
KXWC1HSPREAD-26JUN24SCOBRA-BRA2,3.0,0.2,3.0,0.16000000000000003,0.0004999999999999998,0.6085,0.0001843026516572229,0.16931810285005505,0.00018080508845172663,0.16132813210921582,0.000183600017781987,0.16037121094115878
KXNFLTOTAL-25DEC14BALCIN-51,14.0,0.5,12.0,0.25,0.0004250000000000008,0.22492499999999999,0.0006723328323885874,0.25587978119222876,0.0005209221270524393,0.25784100596391274,0.0005329802660269878,0.2523804342031733
KXNFLTOTAL-25DEC14BALCIN-51,7.0,0.47,7.0,0.2491,0.00020000000000000036,0.22429999999999997,0.000394939439632517,0.24812448146998364,0.0003076243418731123,0.26029645991720884,0.00029622005989756524,0.24748224020971354
KXNFLTOTAL-25DEC14BALCIN-51,3.0,0.5,3.0,0.25,0.0,0.22139999999999999,0.00016603484662394618,0.2504660807177123,0.00011960959432834222,0.2559231255023257,9.055269025310765e-05,0.24890707508935556
KXTRUMPMENTION-26FEB28-UFC,30.0,0.44,30.0,0.24640000000000004,0.0018999999999999967,0.1367,0.0016397032459344015,0.27217860977441993,0.00135986324620262,0.3207365996214769,0.001581955649996538,0.25869804631814425
KXTRUMPMENTION-26FEB28-UFC,14.0,0.4,14.0,0.24,0.0012999999999999956,0.1035,0.0007420946121330305,0.24442258919793147,0.0006200199916783645,0.2652758061220417,0.0006670859582890525,0.23545964679560305
KXTRUMPMENTION-26FEB28-UFC,7.0,0.27,7.0,0.1971,0.0008999999999999972,0.0944,0.00040110381927054684,0.20471334067381675,0.0003518726804237947,0.2054873982314145,0.0003885329427404254,0.20944393398806901
KXTRUMPMENTION-26FEB28-UFC,3.0,0.3,3.0,0.21,0.0003999999999999985,0.091,0.00016134836839158404,0.21313830541847062,0.000133467394375761,0.21888431899005234,0.00014256992157370425,0.21050887210498234
KXRANKLISTSONGTHRILLER-25NOVB-THR,14.0,0.41,13.041666666666666,0.24190000000000003,9.999999999999907e-05,0.27399999999999997,0.0007896382625056875,0.2551786990871791,0.0006278799429286517,0.275628322415425,0.0006559284937129967,0.2472621955156482
KXRANKLISTSONGTHRILLER-25NOVB-THR,7.0,0.67,6.999999999999999,0.2211,0.0,0.054500000000000035,0.00038456060877018627,0.22151335159149937,0.00032878273467678367,0.24073860649911874,0.00032236075911375395,0.2241495434888283
KXRANKLISTSONGTHRILLER-25NOVB-THR,3.0,0.88,3.0,0.1056,0.0,0.006199999999999998,0.0001456698038443882,0.11282199253723395,0.00010538327511229513,0.12665216314677918,0.00020357305092047354,0.11254083271688525
KXMARMAD-25R64G5-UNC,3.0,0.55,3.0,0.2475,0.0,0.2917,0.00016710992431316193,0.24831509994992362,0.00012363554142683097,0.25228337559239117,0.0001001336936134799,0.24783785395168173
KXIPLGAME-26APR19RRKKR-KKR,7.0,0.41,7.0,0.24190000000000003,0.0006999999999999979,0.3614,0.00037883588231640646,0.242374100143092,0.0003353390834007533,0.24703627680753434,0.00029707745885391925,0.24710474106024727
KXIPLGAME-26APR19RRKKR-KKR,3.0,0.4,3.0,0.24,0.00010000000000000018,0.3605,0.0001408002433001638,0.24172574574322594,0.00011166211781302195,0.24221489961014064,9.897281733995649e-05,0.23949407349834162
KXCPIYOY-25JUN-T2.7,30.0,0.24,30.0,0.1824,0.0029999999999999983,0.051,0.0016630049838872113,0.2513900922315185,0.0013986021877100763,0.2795435437075324,0.0015932542881740596,0.24874358804475002
KXCPIYOY-25JUN-T2.7,14.0,0.15,14.0,0.1275,0.0013999999999999993,0.0199,0.0007452009032176191,0.2005130056844737,0.0006978577879018336,0.21439131303516368,0.0007454333242976962,0.18221725752280427
KXCPIYOY-25JUN-T2.7,7.0,0.06,7.0,0.05639999999999999,0.0010999999999999992,0.0161,0.00025574254225083147,0.13534438891855147,0.0002223905850170737,0.13706048492803,0.0002480230975885154,0.1355665923907262
KXCPIYOY-25JUN-T2.7,3.0,0.09,3.0,0.0819,0.0007999999999999992,0.0125,0.00013505965601305392,0.10138048364457848,0.00011295173654185307,0.10947886287194372,0.00018102471564518038,0.10000182989064058
KXNCAAMBBSKY-26-IDHO,14.0,0.06,9.958333333333334,0.05639999999999999,9.99999999999999e-05,0.3201,0.0003361559108694755,0.1218597565908391,0.0002918040982118337,0.14906802818545126,0.00033910844486373924,0.13050952351803902
KXNCAAMBBSKY-26-IDHO,7.0,0.06,6.958333333333334,0.05639999999999999,9.99999999999999e-05,0.31470000000000004,0.00022289930998402156,0.14415422034556977,0.00020486838135173755,0.14434168744684753,0.00023700674543992105,0.1333437300292809
KXNCAAMBBSKY-26-IDHO,3.0,0.23,3.000000000000001,0.1771,0.0,0.30250000000000005,0.0002783116681514974,0.18415854603404888,0.00027194185437376845,0.19279756785890786,0.00030548799367927,0.1867586112091305
KXUECLGAME-26APR16AZASHA-AZA,3.0,0.5,3.0,0.25,0.00020000000000000036,0.22099999999999997,0.00016497538845531345,0.2482849231406403,0.00013175417501895483,0.247478423306388,0.00011015374491463826,0.24935225423740967
KXF1RACE-BELGP25-PIA,7.0,0.37,5.0,0.2331,9.999999999999907e-05,0.4382,0.0002888949701724062,0.2390931613259256,0.00022561662969346639,0.24606484662507866,0.00022836570454918528,0.2331570844759392
KXF1RACE-BELGP25-PIA,3.0,0.34,3.0,0.2244,0.0,0.43779999999999997,0.0001758284803574851,0.2274241780502605,0.0001195432698323566,0.23426517084696535,0.00010568327169259225,0.22723050630596486
KXNFLGAME-25OCT19LAJAC-LA,14.0,0.515,11.0,0.249775,0.00020000000000000036,0.149225,0.0005582059429581131,0.2552464137464963,0.00048226554195055155,0.2725558438380672,0.00046858059970921796,0.24987126707078886
KXNFLGAME-25OCT19LAJAC-LA,7.0,0.59,7.0,0.2419,0.00010000000000000018,0.13779999999999998,0.00038909557616997577,0.2459034999833674,0.0002801562941033668,0.2627108653066777,0.0002926529273355386,0.24393322661747097
KXNFLGAME-25OCT19LAJAC-LA,3.0,0.6,3.0,0.24,0.0,0.1374,0.0001663802437072346,0.23956725933516068,0.00014059204884667279,0.24426182477825595,0.00010312203501976976,0.24127949364148316
KXWCTOTAL-26JUN16ARGDZA-2,14.0,0.69,12.0,0.2139,0.00010000000000000018,0.06620000000000001,0.0007155609675134656,0.2172118924596905,0.0005049368300456661,0.24739895248641083,0.0006046562432800469,0.2154654683568036
KXWCTOTAL-26JUN16ARGDZA-2,7.0,0.75,7.0,0.1875,0.00010000000000000018,0.0626,0.0004298298753584092,0.1955138819082234,0.00029470251250416816,0.21323979989917355,0.00031590663957719293,0.19581474518652037
KXWCTOTAL-26JUN16ARGDZA-2,3.0,0.75,3.0,0.1875,0.00010000000000000018,0.0626,0.00015297334180816886,0.19495957002257455,0.00015267218368582061,0.18744801828279287,0.00012718396216216071,0.18879491336163207
KXATPMATCH-26MAY25CILKOU-KOU,3.0,0.27,3.0,0.1971,0.0,0.5480999999999999,0.00015158587477724154,0.1990192784634142,0.00012175549705228063,0.20440596669006714,0.0001352557164817142,0.1964395990563839
KXMVESPORTSMULTIGAMEEXTENDED-S2026073AE9EB882-F70012C7356,7.0,0.5,5.0,0.25,3.399999999999989e-05,0.12813399999999997,0.0002733762488652997,0.251684455186615,0.00024108275237241965,0.2530662076420485,0.00020879732163671795,0.24793188924932394
KXMVESPORTSMULTIGAMEEXTENDED-S2026073AE9EB882-F70012C7356,3.0,0.174,3.0,0.143724,2.5000000000000045e-05,0.019892999999999994,0.00020260052196297048,0.1473554572431195,0.00016481796430902474,0.16360638368758168,0.00019899919869391193,0.15607251250891013
KXNCAAMBSPREAD-26MAR27SJUDUKE-DUKE9,7.0,0.33,5.0,0.2211,0.00020000000000000036,0.14609999999999998,0.0002638304311220526,0.22385159970880217,0.0002321007914617565,0.22629531721101137,0.00023011469215118257,0.22150890955573752
KXNCAAMBSPREAD-26MAR27SJUDUKE-DUKE9,3.0,0.38,3.0,0.2356,0.00010000000000000018,0.1445,0.00016670690164317825,0.23744052918641276,0.00010691419544774473,0.24151555997040064,0.00012694880246353854,0.23557910855357808
KXWC1HTOTAL-26JUN18CZERSA-2,14.0,0.5,14.0,0.25,0.001124999999999996,0.14002499999999998,0.0007543286362575804,0.2517946318843721,0.0006007782107438828,0.26706384970551894,0.0006388652531339784,0.2536473850130253
KXWC1HTOTAL-26JUN18CZERSA-2,7.0,0.28500000000000003,7.0,0.203775,0.0010749999999999959,0.0842,0.00036021319090039403,0.21338023364563669,0.00031588831662333975,0.21149965981787855,0.0003515038003362315,0.21724235634384356
KXWC1HTOTAL-26JUN18CZERSA-2,3.0,0.295,3.0,0.20797500000000002,2.5000000000000045e-05,0.0842,0.00013999944690799753,0.2131868311526982,0.00011949444301196905,0.20698280097836505,0.00010319315672755795,0.20998802071029254
KXEPLGAME-25SEP21BOUNEW-BOU,14.0,0.36,14.0,0.2304,0.0006,0.16859999999999997,0.0007945687384213507,0.23874458158779466,0.0006294534252188563,0.2574183193432057,0.0006814832332405298,0.24354211519349303
KXEPLGAME-25SEP21BOUNEW-BOU,7.0,0.37,7.0,0.2331,0.00029999999999999943,0.16859999999999997,0.0003816240812070478,0.24383206560475035,0.00032669782680839267,0.2595683027493632,0.00029342775062659465,0.23920475212495254
KXEPLGAME-25SEP21BOUNEW-BOU,3.0,0.4,3.0,0.24,0.00019999999999999925,0.16819999999999996,0.00016205478590307007,0.24480850473451,0.00011087662306723152,0.24187093307970564,0.00010827612712005567,0.23781487548708433
KXNCAAMBSPREAD-26MAR27TENNISU-ISU3,7.0,0.56,6.0,0.24639999999999998,0.00010000000000000018,0.14209999999999998,0.0003255333035583688,0.24657986410617982,0.00026210298350911877,0.2574549122097546,0.00024985700634039195,0.247550162543616
KXNCAAMBSPREAD-26MAR27TENNISU-ISU3,3.0,0.53,3.0,0.2491,0.0,0.14169999999999996,0.00016121203661950605,0.2484508464507098,0.0001364810246694466,0.25154292506210946,0.00011926356916666465,0.2478802811300401
KXWTI-26MAY04-T104.99,3.0,0.43,3.0,0.2451,0.0,0.6935000000000001,0.0001828922645142576,0.24458615752597965,0.00013398403627959133,0.2519162780885653,0.00012398325846662368,0.24593322719219912
KXEPLGAME-26JAN08ARSLFC-ARS,14.0,0.76,14.0,0.1824,0.0005000000000000009,0.41350000000000003,0.0007759470762381365,0.1879143443070417,0.0006160310834544866,0.22586500791871644,0.0007631263107078672,0.1958132442177787
KXEPLGAME-26JAN08ARSLFC-ARS,7.0,0.62,7.0,0.2356,0.00010000000000000018,0.38630000000000003,0.0004107769062459998,0.23829120331462547,0.0003257099093678588,0.24500996447077894,0.00028615885863461963,0.2330890828099408
KXEPLGAME-26JAN08ARSLFC-ARS,3.0,0.62,3.0,0.2356,0.00010000000000000018,0.3845,0.00016171408356755343,0.23720261410727964,0.00013255920001630796,0.24369298602690517,0.00011576982089405507,0.23512491434235996
KXNCAAFGAME-25AUG30NWTULN-NW,30.0,0.345,30.0,0.22597499999999998,0.0012499999999999961,0.16362499999999996,0.0016645555115995486,0.27160340660362514,0.0013200621936331094,0.30499226708754046,0.0015286636498552766,0.2623872716384698
KXNCAAFGAME-25AUG30NWTULN-NW,14.0,0.345,14.0,0.22597499999999998,0.0010249999999999957,0.11999999999999998,0.0007752061066678338,0.2363121426622489,0.0005804242790206386,0.26470787778191185,0.0006993296889423098,0.22967265829009334
KXNCAAFGAME-25AUG30NWTULN-NW,7.0,0.33,7.0,0.2211,0.0004999999999999987,0.11999999999999998,0.00038925066231039143,0.2206758956594946,0.00031808169031165984,0.22872741435661992,0.0003104357314890858,0.22954460559697268
KXNCAAFGAME-25AUG30NWTULN-NW,3.0,0.33,3.0,0.2211,0.00010000000000000018,0.11659999999999998,0.00017068340101847324,0.22238049099781518,0.00012771707288556814,0.23560937522332506,0.00011491708166606891,0.22201100691065703
KXLPGATOUR-U.SWOPBA26-GABLOP,7.0,0.36,7.0,0.2304,0.0004775000000000001,0.12222599999999999,0.00039666164452288507,0.23462983095761009,0.00031774086099325754,0.2304260842463047,0.0002866309273678133,0.23342266655869756
KXWCFTTS-26JUN21BELIRI-NONE,14.0,0.05,11.0,0.0475,4.9999999999999955e-05,1.01045,0.00042168103966251256,0.14674920330437216,0.0003715458000987071,0.1445743229230784,0.00037578386355831424,0.12485820891072237
KXWCFTTS-26JUN21BELIRI-NONE,7.0,0.12,7.0,0.1056,4.9999999999999955e-05,0.8347,0.0003370247031377497,0.15462671182613133,0.0003126913618548171,0.15760948683008955,0.0003639619722251565,0.14299868070496874
KXWCFTTS-26JUN21BELIRI-NONE,3.0,0.08499999999999999,3.0,0.077775,2.4999999999999906e-05,0.8282,0.00013116610941302004,0.0915183648304892,0.00011139341251463392,0.10638595366598422,0.00016540121591820736,0.08802589111094009
KXLOUVRETHIEVESCHARGE-26JAN01-25NOV01,14.0,0.38,10.0,0.2356,9.999999999999963e-05,0.3041,0.000546067766620181,0.24086651873369316,0.0004456330050240645,0.25061454210715545,0.00045904826558023075,0.23903909371592724
KXLOUVRETHIEVESCHARGE-26JAN01-25NOV01,7.0,0.18,7.0,0.1476,0.0,0.27599999999999997,0.00047515035375423215,0.16207893876494608,0.0004433526978282375,0.16814193157070015,0.00047637055713687244,0.1632100956191386
KXLOUVRETHIEVESCHARGE-26JAN01-25NOV01,3.0,0.7,3.0,0.21000000000000002,0.0,0.07539999999999998,0.0001636697192146802,0.21189702504202987,0.00011792611556269889,0.22579582690540362,0.00011387109921788777,0.215487102009252
KXLEAGUESCUPGAME-26AUG04VANALA-TIE,7.0,0.42000000000000004,6.0,0.2436,2.5000000000000045e-05,0.192025,0.00032498940455076135,0.24064043577076216,0.00023365545106933999,0.25325785102393344,0.00024978567821313873,0.24561100098361494
KXLEAGUESCUPGAME-26AUG04VANALA-TIE,3.0,0.16,3.0,0.1344,0.0,0.1218,0.0002073655954718421,0.1437161001512178,0.00016554969997121,0.1464439145860445,0.00019950296168135714,0.14583538735564833
KXLALIGAGAME-26FEB08VCFRMA-RMA,7.0,0.65,7.0,0.22749999999999998,0.00030000000000000057,0.1306,0.00039706231298880393,0.2340005922346945,0.00032732830578583344,0.24221221661437922,0.00032886946689618114,0.23083989931200904
KXLALIGAGAME-26FEB08VCFRMA-RMA,3.0,0.66,3.0,0.2244,0.0,0.1306,0.0001807602834985913,0.22653107983040072,0.00013780762223915917,0.23016195351675373,0.00013506342467946324,0.2252685884437875
KXSPACEXSTARSHIP-13-26JUL16,30.0,0.23,30.0,0.1771,0.0019999999999999983,0.6007,0.0017348311120819876,0.2492670741997967,0.001560655431376498,0.26114046742383723,0.0016833245474969726,0.2360979322748694
KXSPACEXSTARSHIP-13-26JUL16,14.0,0.09,14.0,0.0819,0.0007999999999999986,0.5889000000000001,0.0006010032933199907,0.17547649358264406,0.0005085674507959886,0.19274407817736441,0.000539537815970004,0.1873521701701609
KXSPACEXSTARSHIP-13-26JUL16,7.0,0.35,7.0,0.22749999999999998,0.0003999999999999985,0.47590000000000005,0.0003806213402405155,0.2312932753490588,0.0003208269012780214,0.23737988959462428,0.00036651938174796407,0.22879611346463363
KXSPACEXSTARSHIP-13-26JUL16,3.0,0.55,3.0,0.2475,0.0,0.45010000000000006,0.00017077097355193554,0.2503813796627819,0.00013386295202048174,0.26071157094069675,9.188628008482517e-05,0.24763282536817108
KXBTCD-25DEC1917-T87999.99,7.0,0.645,7.0,0.22897499999999998,0.0,0.240025,0.0003660764875229312,0.23665994628026724,0.0003277029513558305,0.24967583148475178,0.0002828261167292548,0.2300675081602854
KXBTCD-25DEC1917-T87999.99,3.0,0.39,3.0,0.2379,0.0,0.0885,0.0001616158170767493,0.23702466001445796,0.00012142636958297253,0.23968315937642715,0.00010832297115984736,0.23815985036415133
KXSWISSLEAGUEGAME-26AUG08LAUYB-YB,7.0,0.435,5.0,0.24577499999999997,0.0004250000000000008,0.23299999999999998,0.0002758063708248071,0.24833760773137448,0.00022758081611503746,0.24829913378371715,0.0001866888476203189,0.24568464686945796
KXSWISSLEAGUEGAME-26AUG08LAUYB-YB,3.0,0.47,3.0,0.2491,0.00020000000000000036,0.23049999999999998,0.0001568165137099766,0.25194688417201244,0.00013465387597660287,0.25412718662520656,0.00011613127839868429,0.2489226800780587
KXBUNDESLIGA2GAME-26AUG28EBSBSC-EBS,7.0,0.36,7.0,0.2304,0.00015000000000000026,0.12259999999999999,0.00038587740679930623,0.23459149255877892,0.0003081036147876621,0.25162029288944177,0.00029557945539766746,0.22884450914007645
KXBUNDESLIGA2GAME-26AUG28EBSBSC-EBS,3.0,0.37,3.0,0.2331,5.000000000000009e-05,0.12259999999999999,0.00016157892063239178,0.2311600646500282,0.0001344709544003948,0.24135738303384155,0.00011469894878732834,0.238488391374892
KXEPLTOTAL-26AUG28CRYMCI-5,7.0,0.485,7.0,0.249775,0.00044999999999999885,0.7595249999999999,0.0003856863915833376,0.2560922036059341,0.0002782423215748511,0.2621353592398173,0.00030190324602126517,0.2506028913011236
KXEPLTOTAL-26AUG28CRYMCI-5,3.0,0.18,3.0,0.1476,9.999999999999963e-05,0.6724999999999999,0.00019167977759612689,0.15265124393677773,0.00016818104276249325,0.15631812795723707,0.00021639445476794958,0.1507775789543283
KXCONCACAFCCUPGAME-26APR28NSHTIG-TIG,7.0,0.435,7.0,0.24577499999999997,0.0,0.574325,0.00036691993218016845,0.2482832344838829,0.00033247950884385713,0.2593775357501284,0.00029617621520515577,0.24874849568771384
KXCONCACAFCCUPGAME-26APR28NSHTIG-TIG,3.0,0.52,3.0,0.2496,0.0,0.5429999999999999,0.0001484002156549199,0.2509368108213102,0.0001433110470708026,0.2528199512429382,9.687802439262083e-05,0.2493511715517133
KXLIGAMXGAME-26MAR13JUAMON-JUA,3.0,0.33,3.0,0.2211,0.0,0.0663,0.00016988645650545343,0.2263900444053296,0.00012771637348708305,0.22458777573110722,0.00011459569852569022,0.21741786241298006
KXWCGAME-26JUN17ENGCRO-ENG,30.0,0.58,30.000000000000014,0.2436,0.0006999999999999946,0.16990000000000002,0.0017190778011597354,0.2652799422427228,0.0013243544843510528,0.3178784192944765,0.0016123933439405064,0.25237018551877116
KXWCGAME-26JUN17ENGCRO-ENG,14.0,0.57,14.000000000000014,0.2451,0.00030000000000000057,0.16820000000000002,0.0007918776965376379,0.25174805291737656,0.0006493720960305805,0.26495720176901005,0.0007314119835685889,0.25173233064595135
KXWCGAME-26JUN17ENGCRO-ENG,7.0,0.57,7.000000000000014,0.2451,0.00030000000000000057,0.16820000000000002,0.0004291772544073834,0.24882072952128614,0.0003484594567948181,0.2547763459967946,0.00034179994053387653,0.24343428960004482
KXWCGAME-26JUN17ENGCRO-ENG,3.0,0.58,3.0,0.2436,0.00020000000000000036,0.16820000000000002,0.00015773757483183277,0.24560932672254354,0.00012889981283022189,0.24732586155948205,9.998339455003902e-05,0.2441666773407589
KXSERIEAGAME-26MAR15COMROM-TIE,7.0,0.28,6.958333333333333,0.2016,9.999999999999907e-05,0.08549999999999999,0.00037690406350773684,0.21184078477171903,0.00035917276749112154,0.22716073942416273,0.00033594496233235125,0.20944927266615937
KXSERIEAGAME-26MAR15COMROM-TIE,3.0,0.3,3.0,0.21,0.0,0.0842,0.00015726888330114228,0.2107968142278412,0.00012139582270476767,0.2138996462513939,0.00011115895515788692,0.20851345946739094
KXDIMAYORGAME-26AUG27INTPAS-INT,7.0,0.43500000000000005,7.0,0.245775,0.0003250000000000006,0.24324999999999997,0.0004142681611875894,0.2490861517144343,0.0002848972040434452,0.25980748498541495,0.0002754350328375939,0.2458197484257086
KXDIMAYORGAME-26AUG27INTPAS-INT,3.0,0.47,3.0,0.2491,0.00010000000000000018,0.24059999999999998,0.00015143203315965613,0.2496525497053102,0.00012361449747074895,0.25531899735955227,0.00012253292125387718,0.2487967393259872
FED-24JUL-T5.25,30.0,0.95,31.0,0.04750000000000004,0.0015999999999999942,0.0022999999999999974,0.0012797302332794222,0.24124705825841042,0.001133797571082805,0.2349332794335399,0.0013214117256133983,0.23463574776305568
FED-24JUL-T5.25,7.0,0.95,7.0,0.04750000000000004,0.0004000000000000007,0.00010000000000000018,0.00025226017884202504,0.1299995892809188,0.00022316130636699567,0.12696144657749817,0.00031664762916385993,0.11939873405356155
KXMVESPORTSMULTIGAMEEXTENDED-S20263C39D89B6D7-A765FE3CA08,3.0,0.187,3.0,0.152031,6.500000000000012e-05,0.03169000000000001,0.0001760572378949472,0.15363478439442857,0.00018074592426557866,0.16766687237347114,0.00018867234343468813,0.15536729911828576
KXNBAGAME-26MAY11DETCLE-DET,7.0,0.49,7.0,0.2499,0.0,0.16909999999999997,0.00037565671736607034,0.2527563937850894,0.00029279276980197287,0.25576692826296,0.0002679668024685873,0.25033883511406835
KXNBAGAME-26MAY11DETCLE-DET,3.0,0.46,3.0,0.24840000000000004,0.0,0.16259999999999997,0.0001542254360225264,0.24863595982889855,0.00012782092264298535,0.25163541053947347,0.00012204702916947248,0.24840649234433182
KXWT20MATCH-26JUN250930BANIND-IND,7.0,0.9,7.0,0.08999999999999998,0.00010000000000000018,0.008499999999999982,0.00035122957150894,0.10031234488491526,0.00027842573197566303,0.11856168390495889,0.0005143688930102861,0.10807806071684382
KXWT20MATCH-26JUN250930BANIND-IND,3.0,0.95,3.0,0.04750000000000004,0.00010000000000000018,0.0010000000000000018,8.170027983006936e-05,0.09926985363510657,9.752275813423309e-05,0.09126222128221256,0.00011712165062149032,0.0832042185006869
KXUFCFIGHT-25NOV15DARSAI-SAI,7.0,0.64,5.0,0.2304,0.00020000000000000036,0.13699999999999998,0.00025625026823046396,0.23247971210358553,0.000228240808941082,0.24201917074528764,0.00021216796168991615,0.2311809901300835
KXUFCFIGHT-25NOV15DARSAI-SAI,3.0,0.63,3.0,0.2331,0.00010000000000000018,0.13699999999999998,0.00015682259629138631,0.23684068414938556,0.00012982699927550033,0.23922529025753436,0.00010792665902670702,0.23295739454048484
KXMVESPORTSMULTIGAMEEXTENDED-S2026D9B2F8544E5-1EA85A75044,3.0,0.372,3.0,0.233616,8.000000000000016e-05,0.38813,0.00016542807581683563,0.23902581068618095,0.00015163823348150442,0.23835535332069205,0.00010049636160739009,0.23442529258549577
KXPGATOUR-THAE26-WKIM,3.0,0.05,3.0,0.0475,0.0,0.10809999999999999,7.760571178789971e-05,0.08103335776103346,8.264422111460136e-05,0.09700644396611555,0.00013092705853638817,0.08183598832031755
KXWC1H-26JUN22JORDZA-JOR,30.0,0.125,18.0,0.109375,0.001275,0.7064999999999999,0.0008994592950936158,0.1959457667898095,0.0007607608915753967,0.19784382813740498,0.0008428301974761978,0.20673388229502354
KXWC1H-26JUN22JORDZA-JOR,14.0,0.125,14.0,0.109375,0.0010249999999999997,0.7060999999999998,0.0007067170561990662,0.1966587478666397,0.0005728404181098912,0.19386224333460217,0.00068037480198817,0.18228671177304157
KXWC1H-26JUN22JORDZA-JOR,7.0,0.14,7.0,0.12040000000000001,0.0006499999999999989,0.7056999999999999,0.00037464365257290427,0.16137946161113473,0.00039870370781343144,0.1696089856411141,0.00039340986873623264,0.16406957722074858
KXWC1H-26JUN22JORDZA-JOR,3.0,0.14500000000000002,3.0,0.12397500000000002,2.4999999999999767e-05,0.7056999999999999,0.0001904370312256813,0.1393081897633447,0.00017406464367386094,0.13649656577261698,0.00019706723002634833,0.13433313101714384
KXNCAAFGAME-25DEC17ULLDEL-ULL,14.0,0.5549999999999999,10.0,0.246975,0.00030000000000000057,0.31512499999999993,0.0005440594055855008,0.25264774915663,0.00042939240935460833,0.27134229521408615,0.0004121220203298773,0.24700580921125645
KXNCAAFGAME-25DEC17ULLDEL-ULL,7.0,0.6,7.0,0.24,0.00030000000000000057,0.31409999999999993,0.00039260968217835166,0.2464441811015845,0.00030886547286405186,0.2494081403099287,0.0003098048811700807,0.23898155937797114
KXNCAAFGAME-25DEC17ULLDEL-ULL,3.0,0.58,3.0,0.2436,0.00010000000000000018,0.3136999999999999,0.00015651158051255523,0.24484715556016068,0.00013904042063389948,0.2463143929388098,0.00012266059828752049,0.24336763240077144
KXMAYORNYCNOMD-25-ZM,30.0,0.17,30.0,0.1411,0.0010999999999999992,0.2848,0.0015223175787539272,0.23480825016481263,0.001393538606011672,0.2616476618289258,0.0016312515335581903,0.2295809320933222
KXMAYORNYCNOMD-25-ZM,14.0,0.22,14.0,0.1716,0.00020000000000000036,0.24879999999999997,0.000841884546412074,0.20041508465934676,0.0006975819438052376,0.2235463725619736,0.000814303889487053,0.1947527477659223
KXALEAGUEGAME-26MAR06ADUWPH-ADU,3.0,0.56,3.0,0.24639999999999998,0.0,0.3098000000000001,0.00018668972871041924,0.2458434407306781,0.00012366290246090703,0.24918726712625572,0.00012559332212981806,0.2465870410478599
KXWCAWARD-26GGLOVE-VOZI1,30.0,0.48,30.0,0.2496,0.0021,0.22110000000000002,0.0015824691261581852,0.261409184969129,0.001329859412246809,0.323148761230174,0.0015828981287155858,0.2610981229495079
KXWCAWARD-26GGLOVE-VOZI1,14.0,0.12,14.0,0.1056,0.0017999999999999995,0.0044,0.0006219057497633951,0.18630055293351888,0.0006081314721840855,0.20328350875767534,0.0006417344978929492,0.18909836194294014
KXNFLGAME-26AUG13ARILV-ARI,30.0,0.26,30.0,0.19240000000000002,0.0019499999999999975,0.46935000000000004,0.0016464097194351952,0.25903355584184284,0.0014241747096047253,0.2909170537590231,0.0015674228205592611,0.2416340098265538
KXNFLGAME-26AUG13ARILV-ARI,14.0,0.46,14.0,0.24840000000000004,0.0010999999999999977,0.27790000000000004,0.0007807922502074117,0.25638066776915286,0.0005979076174878893,0.27756649092483526,0.0006235874710758207,0.24643175412944118
KXNFLGAME-26AUG13ARILV-ARI,7.0,0.42,7.0,0.2436,0.0009999999999999974,0.273,0.00040733832941311043,0.2451786018060752,0.0003056937615686235,0.24718918871719872,0.0002846335458643296,0.2437948215385196
KXNFLGAME-26AUG13ARILV-ARI,3.0,0.46,3.0,0.24840000000000004,0.0004999999999999987,0.2705,0.00016137441233250033,0.248587801248316,0.00012529868248182987,0.24990602086781094,0.00011853133220647149,0.24854259879964513
KXNCAAFGAME-25OCT04DUKECAL-DUKE,14.0,0.495,9.0,0.249975,0.00020000000000000036,0.15722499999999995,0.00048221342466580637,0.25267453969575704,0.00041073574852559694,0.2685763630986531,0.00038321175155290785,0.25118863340291997
KXNCAAFGAME-25OCT04DUKECAL-DUKE,7.0,0.56,7.0,0.24639999999999998,0.00020000000000000036,0.081,0.0004181417963860826,0.2516341717249773,0.00030902310438844256,0.2528525409820261,0.0002984238259625057,0.24761874314490062
KXNCAAFGAME-25OCT04DUKECAL-DUKE,3.0,0.58,3.0,0.2436,0.00010000000000000018,0.08010000000000002,0.00016650420286025438,0.24224013240603223,0.00012817901664835605,0.2502545066414008,0.0001121433940887363,0.24676568291207068
KXWCSPREAD-26JUN15KSAURU-URU2,14.0,0.4,11.0,0.24,0.0006499999999999994,0.16009999999999996,0.0006188784196356502,0.24729311013616603,0.0004904452148893696,0.25918826766945935,0.0004918549916953859,0.24528002821476313
KXWCSPREAD-26JUN15KSAURU-URU2,7.0,0.395,7.0,0.238975,0.00042499999999999905,0.16009999999999996,0.00040814518604359405,0.24336871180206882,0.0002941462509624445,0.24783489753807025,0.00030876685033715456,0.239932515698869
KXWCSPREAD-26JUN15KSAURU-URU2,3.0,0.42,3.0,0.2436,0.00010000000000000018,0.16009999999999996,0.00016018496295817287,0.24902208368709444,0.0001250841591790872,0.25040172211626344,0.00010558310106634045,0.24434694776452623
KXMLBGAME-26JUN262145LADSD-SD,3.0,0.44,3.0,0.24640000000000004,0.00010000000000000018,0.2627,0.0001741815102497966,0.24446702611274687,0.00012624631048292425,0.25495869165949137,0.00011298365011582014,0.24699432327939783
KXMARMAD-25R16G7-PUR,14.0,0.16,12.0,0.1344,0.0008999999999999993,0.032900000000000006,0.0006577440645641254,0.178416236555775,0.0005708989799210597,0.19392212921546126,0.0007559165950512225,0.1754926716995192
KXMARMAD-25R16G7-PUR,7.0,0.23,7.0,0.1771,0.0008999999999999993,0.0282,0.0004786881400012491,0.19431515483072354,0.0003955665087227652,0.21340481048863885,0.00044638954686212833,0.18836501737656197
KXMARMAD-25R16G7-PUR,3.0,0.24,3.0,0.1824,0.0003999999999999996,0.0282,0.00017766438644768325,0.18338477744473497,0.00013838357888318093,0.19290023835731807,0.0001587133997363615,0.18612685488410272
KXINTLFRIENDLYGAME-26JUN03POLNGR-POL,3.0,0.46,3.0,0.24840000000000004,0.0,0.21419999999999995,0.0001660896631920885,0.24960050008312243,0.00012815388286564953,0.25138932921658025,0.00011621134472173197,0.24874682390932576
KXNFLGAME-25SEP21LAPHI-LA,14.0,0.5,11.0,0.25,0.00010000000000000018,0.14909999999999995,0.0005703921428552854,0.2584857540521174,0.0004821644312820611,0.2586359368031264,0.00048120777921755316,0.25252772870707196
KXNFLGAME-25SEP21LAPHI-LA,7.0,0.34,7.0,0.2244,0.00010000000000000018,0.12349999999999998,0.0003718893796546151,0.23335470443783124,0.00030736413138802743,0.23963755813764748,0.00031056320389835786,0.22992404739697223
KXNFLGAME-25SEP21LAPHI-LA,3.0,0.37,3.0,0.2331,0.00010000000000000018,0.12259999999999999,0.00015961143175012232,0.23812216228137045,0.00012805902203657062,0.23904027757850754,0.00010084890386268752,0.2294441099852545
KXEPLGAME-26MAR03BOUBRE-TIE,14.0,0.05,14.0,0.0475,0.00012500000000000022,0.622375,0.00047411861785686684,0.15199986671333124,0.00043147324714502654,0.16592080133644577,0.0004949419653725133,0.1779244877213776
KXEPLGAME-26MAR03BOUBRE-TIE,7.0,0.28,7.0,0.2016,0.00010000000000000018,0.5193,0.0003690817572840115,0.20664731080712195,0.00031944684611382113,0.2214837775909657,0.00035595859357473794,0.21217617204971198
KXEPLGAME-26MAR03BOUBRE-TIE,3.0,0.27,3.0,0.1971,0.0,0.5185,0.00013100624161777535,0.19784836996718397,0.00013310893446576808,0.20397739241735904,0.00014163686723563825,0.20651557056179898
KXNCAABBGAME-26JUN121300OLENCT-NCT,3.0,0.58,3.0,0.2436,0.0,0.16820000000000002,0.00017613278132879218,0.24576872696817412,0.00013829294539031888,0.2461788915296451,0.00011774684134300775,0.24310202110843498
KXCONCACAFCCUPGAME-26MAR17CRAMON-TIE,7.0,0.37,7.0,0.2331,0.00020000000000000036,0.4924499999999999,0.0003980384413047166,0.23174374788917745,0.0003032464135838358,0.24615947799267346,0.00033221207518066857,0.23452459463322847
KXCONCACAFCCUPGAME-26MAR17CRAMON-TIE,3.0,0.245,3.0,0.184975,0.00010000000000000018,0.4782249999999999,0.00018353905975059974,0.1916043984365209,0.0001353842043346394,0.1932342355434239,0.00017841879589803643,0.18296636151628184
KXMVECROSSCATEGORY-S2026321EFAEEC8B-8496E33DEBF,14.0,0.5,14.0,0.25,0.00025000000000000044,0.36702399999999996,0.0007482606009807727,0.25419444230455557,0.0006114030432326083,0.2727633570762517,0.0006639635101672067,0.25154718271408405
KXMVECROSSCATEGORY-S2026321EFAEEC8B-8496E33DEBF,7.0,0.5,6.0,0.25,0.00025000000000000044,0.3497259999999999,0.00030369790034897584,0.25303191564145183,0.00027758613665472955,0.2542445339911682,0.00024916691039041994,0.24933618558910065
KXMVECROSSCATEGORY-S2026321EFAEEC8B-8496E33DEBF,3.0,0.374,3.0,0.234124,0.00025000000000000044,0.33808999999999995,0.00017175142586129018,0.2322181348453806,0.00012230065931394417,0.23644060650157012,0.00010491472452304339,0.23601182022597503
KXDIMAYORGAME-26AUG27LLAMIL-LLA,7.0,0.43000000000000005,7.0,0.2451,0.00010000000000000018,0.0776,0.00038757170322892433,0.2445215801575749,0.00032018747350251854,0.2523210655791351,0.00028369445077994047,0.2446885862589724
KXDIMAYORGAME-26AUG27LLAMIL-LLA,3.0,0.25,3.0,0.1875,0.00010000000000000018,0.0626,0.0001771149582469814,0.1940600877896191,0.00013497813819583976,0.1907468966742693,0.00014930918070433675,0.194842513763198
KXWCGOAL-26JUL05MEXENG-MEXRALVAR25-1,3.0,0.15,3.0,0.1275,9.999999999999963e-05,0.017,0.00018368494799987693,0.12474307360887593,0.00018486669024817104,0.1524813459472871,0.0002135461521163619,0.14170924804191962
KXUFCFIGHT-25DEC13CHIVAL-CHI,7.0,0.29,6.0,0.20589999999999997,0.00010000000000000018,0.051000000000000004,0.0003028312467404405,0.2235885761620525,0.00024043542027131674,0.21931070339335157,0.0002587532408392684,0.213034534836733
KXUFCFIGHT-25DEC13CHIVAL-CHI,3.0,0.26,3.0,0.19240000000000002,0.00010000000000000018,0.050100000000000006,0.0001808793885071497,0.19620718943147836,0.0001437432706347634,0.20317337098345026,0.00016620100475618727,0.19831660650355695
KXNCAAFGAME-25AUG28OHIORUTG-OHIO,30.0,0.21500000000000002,30.0,0.168775,0.0017499999999999996,0.139125,0.0016178539332464797,0.2302284979517438,0.0015194386615958438,0.26743327313048615,0.0016982516649560525,0.24175388089213024
KXNCAAFGAME-25AUG28OHIORUTG-OHIO,14.0,0.18,14.0,0.1476,0.0013000000000000004,0.0199,0.0008024179596718227,0.18637287070231656,0.0007368742801652616,0.21506985178235724,0.0008022205062717763,0.19382297470210447
KXNCAAFGAME-25AUG28OHIORUTG-OHIO,7.0,0.19,7.0,0.1539,0.00020000000000000036,0.0199,0.000463647907728262,0.17175247990200274,0.0004214101575699239,0.18796203332993217,0.0004899639739869783,0.17776125787512848
KXNCAAFGAME-25AUG28OHIORUTG-OHIO,3.0,0.13,3.0,0.1131,0.0,0.016300000000000002,0.00017332357375613017,0.13109163190416961,0.00013190889562272586,0.13544973236233837,0.000180878610791796,0.1247639514689515
KXNFLSPREAD-26FEB08SEANE-SEA6,14.0,0.46,14.0,0.24840000000000004,0.00010000000000000018,0.2929,0.000726734024203442,0.2549326331655937,0.0006242952255777124,0.28984659210379643,0.0006595588331938586,0.2520979295515977
KXNFLSPREAD-26FEB08SEANE-SEA6,7.0,0.45,7.0,0.24750000000000003,0.0,0.2917,0.0003687690589243267,0.25139680828265165,0.000276023702048988,0.2645002162011167,0.0002790444182863704,0.24974151902924063
KXNFLSPREAD-26FEB08SEANE-SEA6,3.0,0.45,3.0,0.24750000000000003,0.0,0.2917,0.00015918155692294474,0.244253485690646,0.00014746549554933575,0.2530661643224342,0.00011067821243364382,0.2477964499588224
KXPGATOUR-GESO26-RMCI,7.0,0.11,7.0,0.0979,0.00026399999999999997,0.103442,0.00028801228533777997,0.1514628712694934,0.00029080163425082215,0.1545551949181743,0.00029960759708936425,0.14601110331683853
KXPGATOUR-GESO26-RMCI,3.0,0.2,3.0,0.16000000000000003,0.0,0.091342,0.00023433114975678223,0.16060109640975065,0.00017288393369676734,0.1761392129258993,0.00020462454014279026,0.1671474134144092
KXWTAMATCH-26JUN29DAYKEY-KEY,3.0,0.91,3.0,0.08189999999999997,0.0,0.006499999999999994,0.00016215197187311223,0.09155067992597347,0.0001048737510553556,0.08891278538656461,0.00020965660909903752,0.08511222167841065
KXNBAALLSTARGAME-26-STARS,7.0,0.28,5.0,0.2016,0.00019999999999999814,0.5042,0.0002541666113369886,0.212466556508119,0.00020957804999970054,0.20253795872970437,0.00021550980803268356,0.21886987418980308
KXNBAALLSTARGAME-26-STARS,3.0,0.29,3.0,0.20589999999999997,9.999999999999907e-05,0.5042,0.00013648177237215214,0.2068650509836808,0.00011759724949283373,0.21323035022633902,0.0001181919251063835,0.20978214958861321
KXARGPREMDIVGAME-26AUG17GEMCAT-GEM,7.0,0.355,7.0,0.22897499999999998,0.00012500000000000022,0.4411499999999999,0.00040075271158259736,0.23493874176125143,0.0003103192514240344,0.23766563010327033,0.0003296525965253722,0.22906512766396175
KXARGPREMDIVGAME-26AUG17GEMCAT-GEM,3.0,0.32,3.0,0.2176,0.00010000000000000018,0.43569999999999987,0.00017653846640650113,0.22417199565177437,0.00011879594984630487,0.22181586183286903,0.00012135237727888915,0.21712576843972242
KXLOLGAME-26JUL250500WBIG-IG,3.0,0.53,3.0,0.2491,0.00010000000000000018,0.22099999999999997,0.00016555322761655194,0.24898054201956848,0.00011225454472884798,0.24996926917657675,0.0001105282801863837,0.24885344877688745
KXNCAAMBSPREAD-26MAR20TNSTISU-ISU38,7.0,0.13,5.0,0.1131,2.5000000000000045e-05,0.018875,0.00024290521281881944,0.14650118082103145,0.0002320128196244598,0.14227497339322404,0.00024556617554613277,0.1474113644101599
KXNCAAMBSPREAD-26MAR20TNSTISU-ISU38,3.0,0.09,3.0,0.0819,0.0,0.01765,0.00011588951187820249,0.10416144975556327,0.0001067432402447739,0.11962844794242165,0.0001627074549077633,0.10338486606862554
KXMVESPORTSMULTIGAMEEXTENDED-S2026EBB0EDB9A11-FC3967CE64C,7.0,0.051,6.0,0.048399,4.0000000000000074e-06,0.905669,0.00021017170232693255,0.1279596167220508,0.00020353789531590515,0.1336492468708025,0.00022942634978962705,0.11494423124203018
KXMVECROSSCATEGORY-S2026267B772378E-919AB829536,7.0,0.5,5.0,0.25,0.00018500000000000032,0.5099809999999999,0.00025347869481333915,0.2515623294398538,0.0002214206185268075,0.2512708665784188,0.00018458679759275463,0.24896878068088987
KXMVECROSSCATEGORY-S2026267B772378E-919AB829536,3.0,0.299,3.0,0.209599,0.00016900000000000029,0.4679559999999999,0.0001448507970020514,0.20965797535952477,0.00011190148260565361,0.21893928577247912,0.0001172919339136599,0.20650602063809978
KXRTSNOWWHITE-40,30.0,0.75,29.958333333333332,0.1875,0.0009249999999999994,0.09572500000000003,0.0016201427053131776,0.22678268306007887,0.0012733983314939233,0.29317689552345694,0.0017563514977800608,0.2203253729177906
KXRTSNOWWHITE-40,14.0,0.78,14.0,0.17159999999999997,0.0005250000000000009,0.071025,0.0007981389286453526,0.18780683779819,0.0005960887327180353,0.2191152317241595,0.0008313248137500205,0.19072061862704692
KXRTSNOWWHITE-40,7.0,0.88,7.0,0.1056,0.00032500000000000064,0.004424999999999995,0.000377990839270496,0.13658245248117346,0.0002778535673183522,0.14648635865114884,0.000497323273576956,0.11623392883736366
KXNFLTOTAL-25DEC21KCTEN-38,14.0,0.5,12.0,0.25,0.0008999999999999972,0.22724999999999998,0.0006802269558330218,0.2517755869071008,0.0005381596636957025,0.2741943831920905,0.0005208884585876172,0.2509267410187017
KXNFLTOTAL-25DEC21KCTEN-38,7.0,0.535,7.0,0.248775,0.0008999999999999972,0.22302499999999997,0.0003792604547422603,0.24976431973619598,0.00030827899309742194,0.25530540723819817,0.00028230786521670355,0.2496545080201882
KXNFLTOTAL-25DEC21KCTEN-38,3.0,0.48,3.0,0.2496,0.000799999999999997,0.22099999999999997,0.00014916406634267213,0.25116673930206757,0.00015674403056872976,0.2547495751443847,0.00010486483374694435,0.25064594189977263
KXWC1H-26JUN17AUTJOR-TIE,14.0,0.345,13.0,0.22597499999999998,0.0002250000000000004,0.1454,0.0006925760016154356,0.23980584988533124,0.000581683922110731,0.25682074337382593,0.0006140380127961817,0.22929200524747245
KXWC1H-26JUN17AUTJOR-TIE,7.0,0.33999999999999997,7.0,0.2244,0.00015000000000000026,0.1454,0.00037772488826273265,0.2237753254295087,0.00029883114838393345,0.2542439969540217,0.00030217834699887316,0.22318363184075177
KXWC1H-26JUN17AUTJOR-TIE,3.0,0.355,3.0,0.22897499999999998,2.5000000000000045e-05,0.1454,0.0001614371906922814,0.23302331484755334,0.00013843207739814328,0.23042319758032284,0.00010911500481788755,0.23167176353402638
KXWCGOAL-26JUL11NORENG-ENGHKANE9-1,7.0,0.52,5.0,0.2496,0.00020000000000000036,0.24019999999999997,0.0002359058875692318,0.2553595058385978,0.0002169140885212144,0.25257139815465174,0.00019462051672687773,0.24985507117420153
KXWCGOAL-26JUL11NORENG-ENGHKANE9-1,3.0,0.51,3.0,0.2499,0.00010000000000000018,0.24019999999999997,0.00015098533771058413,0.250997265615281,0.0001320395616777737,0.25115418629170366,0.00011813595444524309,0.2495521300565526
KXIWMEN-26-SIN,14.0,0.42,13.958333333333332,0.2436,0.00039999999999999964,0.245,0.0008031473911748771,0.2525898997941697,0.0006184618905846589,0.2745489113042284,0.0006353602469293125,0.24976600640574553
KXIWMEN-26-SIN,7.0,0.37,6.958333333333332,0.2331,9.999999999999907e-05,0.2434,0.0004072161408724026,0.23527382438691127,0.00031657888942194736,0.24703180933183988,0.0003048410112043987,0.23323639292084497
KXIWMEN-26-SIN,3.0,0.34,2.9999999999999982,0.2244,9.999999999999907e-05,0.22910000000000003,0.00016329522057400742,0.22616919957815004,0.00012847131427663592,0.23496733115809662,0.00010388989643054237,0.2283540298062297
KXNFLPREPACKSGP-26JAN11LACNE-NEU45,7.0,0.33,6.0,0.2211,0.00020000000000000036,0.4628999999999999,0.00033856471571317684,0.22598976011601757,0.0002635891592755029,0.234230500533016,0.00025045429207307335,0.22238811059841018
KXNFLPREPACKSGP-26JAN11LACNE-NEU45,3.0,0.3,3.0,0.21,0.00010000000000000018,0.4624999999999999,0.00017281539385038825,0.21332383241070055,0.00013411681061304087,0.21996853537768998,0.00011310552370630289,0.21149923165008086
KXWTIW-26APR17-B93.5,7.0,0.06,7.0,0.05639999999999999,0.0007999999999999995,0.0442,0.00022449522598283264,0.13178568831437557,0.00019979306426070326,0.13718179294173993,0.0002473877782958226,0.11793258642640124
KXWTIW-26APR17-B93.5,3.0,0.07,3.0,0.0651,0.0003999999999999996,0.0425,0.00010213035880623047,0.09021058215021677,9.690918449019054e-05,0.09620027283418092,0.0001829645047337277,0.08888426101390813
KXWHUNDREDMATCH-26JUL271000MISOU-MI,3.0,0.5,3.0,0.25,0.0002250000000000004,0.194925,0.0001486710586010496,0.24865002210869735,0.000150370921817881,0.2500300388663005,0.00011992599890777025,0.24958943602997757
KXSPACEXCOUNT-26JUN-13,30.0,0.32,30.0,0.2176,0.0006999999999999967,0.3529,0.0016176455538142532,0.25650083403298507,0.0013404996071045003,0.28119016445430334,0.0015988192005812524,0.2599158039655365
KXSPACEXCOUNT-26JUN-13,14.0,0.69,14.0,0.2139,0.0006999999999999967,0.11499999999999994,0.0007909233634386986,0.22577807815909132,0.000583109093855358,0.2619144714781078,0.0006655222623770618,0.21979112447969848
KXSPACEXCOUNT-26JUN-13,7.0,0.91,7.0,0.08189999999999997,0.00020000000000000036,0.006899999999999995,0.0003288594896806152,0.10190003900687435,0.00022380811286395823,0.12301442621241425,0.0005393409879165003,0.09772491243195988
KXPGAR3LEAD-THOC26-BDEC,30.0,0.055,26.0,0.051975,0.00012500000000000017,0.04165,0.000995097847856468,0.18160508974849307,0.0009935671962396197,0.18073628965981636,0.0009684731980491762,0.16179920213141552
KXPGAR3LEAD-THOC26-BDEC,14.0,0.155,13.0,0.130975,0.00012500000000000017,0.03585,0.000749694643530889,0.1700171027401297,0.0006012901966727129,0.17559514116044547,0.0007235701884266222,0.16056745746529938
KXPGAR3LEAD-THOC26-BDEC,7.0,0.155,7.0,0.130975,0.00012500000000000017,0.03585,0.00045047441572390807,0.16157959959205084,0.00037837694124057326,0.18382088831805304,0.00045184054359731924,0.15817086729399996
KXRT-BAC-90,30.0,0.15,30.0,0.1275,0.0011999999999999984,0.29714999999999997,0.0015022908551828068,0.25158756562853535,0.0014526723697148866,0.23851081188682166,0.001527327370866714,0.23300102371084003
KXRT-BAC-90,14.0,0.22,14.0,0.1716,0.0005999999999999994,0.037,0.0008190321901171024,0.20370283986210663,0.0006893676233624699,0.20723674994585775,0.0008708081439504108,0.19621002548308072
KXRT-BAC-90,7.0,0.15,7.0,0.1275,0.0,0.030499999999999992,0.00038706563726310537,0.1606837067369132,0.00038772038264863764,0.16304295326528545,0.00047831617903546875,0.1442758872180873
KXRT-BAC-90,3.0,0.15,3.0,0.1275,0.0,0.019699999999999995,0.0002233455123852422,0.13703165105366105,0.00020004614373401224,0.15340853746709798,0.0002155936444188282,0.13652096214085513
KXMVESPORTSMULTIGAMEEXTENDED-S2026CD6333CF286-027AF3E2F6C,14.0,0.5,14.0,0.25,0.0007359999999999946,0.163168,0.0007849810622776256,0.25214848745774965,0.0006165434582637841,0.2623572217300892,0.0006508864184370397,0.2538616330889063
KXMVESPORTSMULTIGAMEEXTENDED-S2026CD6333CF286-027AF3E2F6C,7.0,0.539,7.0,0.248479,0.0006359999999999944,0.16076700000000002,0.0003574365210946388,0.2504097385656882,0.00034588199079492893,0.27299921186780557,0.0002730642271211339,0.24885153553429964
KXMVESPORTSMULTIGAMEEXTENDED-S2026CD6333CF286-027AF3E2F6C,3.0,0.569,3.0,0.245239,9.000000000000015e-06,0.15924600000000003,0.00014365612926767307,0.24557295464592832,0.00013359245073571444,0.24530917687449302,9.982230568419514e-05,0.2461608735700059
KXWCTEAMTOTAL-26JUN24RSAKOR-KOR1,14.0,0.79,14.0,0.1659,0.0002250000000000004,1.0373249999999998,0.0007455257314016848,0.1730536161132177,0.0005531480363973736,0.22498468539810498,0.0008262160580359334,0.18400367960726066
KXWCTEAMTOTAL-26JUN24RSAKOR-KOR1,7.0,0.845,7.0,0.130975,0.0002250000000000004,0.6724999999999999,0.0003450811264557702,0.15834279496917153,0.00028913256950108046,0.15896511832603719,0.0004626225915126024,0.14496295134759624
KXWCTEAMTOTAL-26JUN24RSAKOR-KOR1,3.0,0.845,3.0,0.130975,0.00012500000000000022,0.6724999999999999,0.00016521339658127514,0.14182576250209006,0.00013722985018735826,0.14213884716697167,0.0002064352304652545,0.13743349157958953
KXWCGAME-26JUL02SUIDZA-SUI,7.0,0.49,5.0,0.2499,0.00020000000000000036,0.12689999999999999,0.00023045247164077718,0.25045061721395684,0.00023965064736817927,0.26483604572855546,0.0002066525255985588,0.2499805532648965
KXWCGAME-26JUL02SUIDZA-SUI,3.0,0.49,3.0,0.2499,0.0,0.12689999999999999,0.00016923329557393764,0.252166266907778,0.00012995774401153613,0.2617878016490296,0.00010407990917451954,0.2504203837869692
KXWC1HTOTAL-26JUN27COLPOR-2,30.0,0.285,23.0,0.203775,0.0008749999999999977,0.12995,0.0012702108511432081,0.23875620918852483,0.00108354471924191,0.26728908159656384,0.001171072479344659,0.24715775203498494
KXWC1HTOTAL-26JUN27COLPOR-2,14.0,0.29500000000000004,14.0,0.20797500000000002,0.0005249999999999988,0.10990000000000001,0.0007512251345540422,0.23299309973379578,0.0006259397524583771,0.23723573603427575,0.0006866262299398827,0.22360359451451564
KXWC1HTOTAL-26JUN27COLPOR-2,7.0,0.29500000000000004,7.0,0.20797500000000002,0.00032499999999999944,0.10990000000000001,0.00038022997636745617,0.21918967787708765,0.0003053767305942489,0.235246214308678,0.0003319225644023611,0.2129483097458761
KXWC1HTOTAL-26JUN27COLPOR-2,3.0,0.3,3.0,0.21,0.00010000000000000018,0.10990000000000001,0.00018459770383590896,0.21206667360342063,0.00013027399052840957,0.21885494953623635,0.00011427108490825563,0.21157431600335477
KXUCLGAME-25SEP30ATMSGE-ATM,14.0,0.56,14.0,0.24639999999999998,0.0004000000000000007,0.14099999999999993,0.0007443063393377866,0.2526125388815838,0.0005773108170636031,0.2856240847071844,0.0006562805445148031,0.25033031023303837
KXUCLGAME-25SEP30ATMSGE-ATM,7.0,0.61,7.0,0.2379,0.00020000000000000036,0.10409999999999997,0.0003926098910564971,0.23754977553962953,0.0003051763484212552,0.2547689204379241,0.00030775251221563325,0.23794827719468853
KXUCLGAME-25SEP30ATMSGE-ATM,3.0,0.62,3.0,0.2356,0.00010000000000000018,0.10409999999999997,0.00016001327586049157,0.23960984461155221,0.00013446461788998936,0.24156521328001504,0.0001322882323268989,0.23630211218108424
KXUFCFIGHT-26APR11PROULB-PRO,7.0,0.54,6.0,0.2484,0.00030000000000000057,0.2501,0.0003079281345308695,0.2536585892727682,0.000258535476173624,0.26418928861102947,0.00023702970095029863,0.249066060708494
KXUFCFIGHT-26APR11PROULB-PRO,3.0,0.52,3.0,0.2496,0.00010000000000000018,0.2501,0.00015319854239707572,0.2526594230132181,0.0001300166393196865,0.2504936449482285,0.00010756255619208524,0.24956255040819023
KXATPMATCH-26JUN29LEHPOP-LEH,3.0,0.75,3.0,0.1875,0.0,0.04889999999999999,0.000147079886159709,0.19673937222926235,0.00014300695827979419,0.19737149236920282,0.0001170737847348343,0.19321810664131278
KXMLSTOTAL-26AUG29SEACHI-5,7.0,0.24,7.0,0.1824,0.0005499999999999999,0.044599999999999994,0.00040228257938412364,0.19236618494956134,0.00038826733753883805,0.21267361755778677,0.00039558856962822414,0.20167116694439777
KXMLSTOTAL-26AUG29SEACHI-5,3.0,0.21,3.0,0.1659,5.000000000000009e-05,0.044199999999999996,0.00017406087928495385,0.171710588628667,0.00015303763758390418,0.18342753798791223,0.00018620953106642711,0.16755784335102963
KXMLSGAME-26APR25SDPOR-POR,7.0,0.37,7.0,0.2331,0.00030000000000000003,0.5856,0.0003784893084571585,0.23483918252977717,0.00034105834650721256,0.25114477496629656,0.0002681009038460662,0.23452160675766923
KXMLSGAME-26APR25SDPOR-POR,3.0,0.26,3.0,0.19240000000000002,0.00020000000000000036,0.5626,0.0001697798455054956,0.19543186032405876,0.00013806417812359234,0.2063492871495265,0.0001680031094706486,0.19631048798217493
KXEPLGAME-25OCT03BOUFUL-BOU,14.0,0.42000000000000004,14.0,0.2436,0.0006500000000000001,0.47705,0.0007846293173282321,0.25119245963214,0.000612482785316533,0.26801968578338053,0.0006031515527511479,0.24834162384912553
KXEPLGAME-25OCT03BOUFUL-BOU,7.0,0.47,7.0,0.2491,0.00012500000000000022,0.21272499999999994,0.0003753449252289137,0.2553740883412308,0.0003393258097242698,0.2612908619549618,0.00030496047146417495,0.2483596695502737
KXEPLGAME-25OCT03BOUFUL-BOU,3.0,0.52,3.0,0.2496,0.00010000000000000018,0.21169999999999994,0.00015593146906605577,0.2499676838304255,0.00014566756774335443,0.25073837213153494,0.00010727443842733112,0.2495836609784355
KXEPSTEIN-25,30.0,0.35,30.0,0.22749999999999998,0.001699999999999999,0.02880000000000001,0.0016364765258183368,0.2680375518256264,0.0013481921400627012,0.31082564856420375,0.0015392187751813963,0.2484900639755665
KXEPSTEIN-25,14.0,0.09,14.0,0.0819,0.0005999999999999998,0.008700000000000003,0.0005571971175574399,0.18005873559097169,0.0005116595577079974,0.1851714721876376,0.0005291386374501661,0.1585330291593321
KXEPSTEIN-25,7.0,0.05,7.0,0.0475,0.00039999999999999975,0.0005000000000000002,0.00020609720423235992,0.1368349779857004,0.00022982036334355622,0.11998756516389669,0.0002600395472215112,0.14511847885246007
KXVALORANTGAME-26JUL030945NSG2-G2,3.0,0.55,3.0,0.2475,0.00010000000000000018,0.28140000000000004,0.00015363446046975452,0.24444965472232952,0.00013476764390430487,0.25016700232273015,0.00011974431118622887,0.24669204031124642
KXBRASILEIROGAME-26FEB05BAHFLU-FLU,7.0,0.29,7.0,0.20589999999999997,0.00029999999999999943,0.0626,0.0003675973696590247,0.22160039122377917,0.0003520221253350728,0.2257860878828005,0.00034077807278917987,0.210561179215649
KXBRASILEIROGAME-26FEB05BAHFLU-FLU,3.0,0.27,3.0,0.1971,0.00010000000000000018,0.0626,0.0001366484441734983,0.20003337555221593,0.00010518357412854958,0.2022291825480594,0.0001040384254873115,0.20309855994931117
KXWCGOALCOUNT-26LMESSI10-11,30.0,0.09,30.0,0.0819,0.00030000000000000014,1.1456,0.001247283328304071,0.2172728730565038,0.0011171042560264854,0.246517746936167,0.0011524782226372881,0.20686193332497166
KXWCGOALCOUNT-26LMESSI10-11,14.0,0.3,14.0,0.21,0.00019999999999999993,0.08620000000000003,0.0007713479517938675,0.2222732688600118,0.0006635197123950224,0.24124700241078492,0.0007431084950182482,0.22636813594298744
KXWCGOALCOUNT-26LMESSI10-11,7.0,0.12,7.0,0.1056,0.00019999999999999993,0.011400000000000002,0.00036218372425046887,0.14557147312422417,0.0003207178890299721,0.15810059839543278,0.00034898923636776283,0.1586460515423438
KXELITESERIENGAME-26JUL17BOGFFK-FFK,3.0,0.06,3.0,0.05639999999999999,9.99999999999999e-05,0.0017000000000000001,0.00010073879335026181,0.10840704992037448,7.816896418345554e-05,0.09017732065409095,0.00013081033331912212,0.07940474665479293
KXLALIGAGAME-26FEB28OVIATM-TIE,7.0,0.26,7.0,0.19240000000000002,0.00020000000000000036,0.0738,0.0004215726008042211,0.21558903167392887,0.00037237795224033337,0.21484425334930177,0.00038212122412174544,0.20984279482082507
KXLALIGAGAME-26FEB28OVIATM-TIE,3.0,0.25,3.0,0.1875,0.00010000000000000018,0.0734,0.00017414644425575748,0.19621521984583276,0.00016199462253015866,0.1927869523185098,0.00016015822432069286,0.19181331625811537
KXWCGAME-26JUN25JPNSWE-JPN,30.0,0.495,30.0,0.249975,0.0011999999999999966,0.28532500000000005,0.0016017375731005319,0.2706434771984334,0.0012774784410480822,0.313023590107819,0.001536345285082728,0.25730679685068686
KXWCGAME-26JUN25JPNSWE-JPN,14.0,0.47,14.0,0.2491,0.0007999999999999958,0.28390000000000004,0.0007656411338463131,0.2630974350862399,0.0006347495001854515,0.2674162125057591,0.000671114020274235,0.25250836348233474
KXWCGAME-26JUN25JPNSWE-JPN,7.0,0.46,7.0,0.24840000000000004,0.0004999999999999987,0.28390000000000004,0.00038944689447803645,0.25215014918259815,0.0002885983564351464,0.2644148137290855,0.00028791762653234825,0.24943520714168627
KXWCGAME-26JUN25JPNSWE-JPN,3.0,0.52,3.0,0.2496,0.0,0.28140000000000004,0.0001545688380742342,0.2498333995300458,0.0001225418472806226,0.25014780254938207,0.00012097125570434976,0.2513805611633508
KXWCTOTAL-26JUN24CZEMEX-1,30.0,0.88,20.0,0.1056,0.0008999999999999972,0.34819999999999984,0.000864072441415147,0.18825092847479,0.0007235526990535399,0.21855967507866814,0.001044051031857059,0.20600291263013923
KXWCTOTAL-26JUN24CZEMEX-1,14.0,0.94,14.0,0.05640000000000005,0.000799999999999997,0.017499999999999998,0.0005689567437887837,0.12754577305603795,0.00047303061764053576,0.1635521322891394,0.0008121289649251568,0.14946381735232603
KXWCTOTAL-26JUN24CZEMEX-1,7.0,0.92,7.0,0.07359999999999997,0.0002999999999999961,0.0044999999999999945,0.0003105891256888515,0.08550116774406062,0.00025581464323569023,0.09370827850353983,0.0004914385382252817,0.09663855154505603
KXWCTOTAL-26JUN24CZEMEX-1,3.0,0.94,3.0,0.05640000000000005,9.999999999999796e-05,0.0036999999999999932,0.0001230407063417768,0.07895302955477733,9.755607330829898e-05,0.07307933704033555,0.0001967856686489318,0.10115658026811043
KXMVESPORTSMULTIGAMEEXTENDED-S20264C5C9DA996D-DB7A4BEBBAF,3.0,0.356,3.0,0.229264,0.0,0.52145,0.00016427767941805513,0.23185787530588814,0.00014043711356707245,0.23160215683747765,0.00011850859813963558,0.2288612643173989
KXNFLSPREAD-26JAN10GBCHI-GB9,7.0,0.23,5.0,0.1771,0.0003499999999999995,0.0485,0.00037539588507270197,0.19163113560513442,0.0003564294365700621,0.1984689238835216,0.00033284966277513206,0.18747851967714455
KXNFLSPREAD-26JAN10GBCHI-GB9,3.0,0.22,3.0,0.1716,0.00010000000000000018,0.0485,0.00021776417751561515,0.1741546889090457,0.00018834987487694,0.18133547790015567,0.00022045261262213878,0.18246359497831285
KXWCTEAMTOTAL-26JUL06USABEL-BEL4,3.0,0.07,3.0,0.0651,0.00020000000000000036,0.8464999999999998,0.00011470052196010076,0.09618952495043541,9.219502663396993e-05,0.08835394184402923,0.0001561118343144959,0.08859597537093736
KXPGAR2LEAD-TRAV26-SSCH,3.0,0.14,3.0,0.12040000000000001,0.0,0.6358000000000001,0.00014161467368170144,0.12975298727021906,0.00012603581994945638,0.14630439291760303,0.0001749011855845585,0.13947039276141165
KXATPMATCH-26AUG30GIRBUS-BUS,7.0,0.5,6.0,0.25,0.0,0.13999999999999999,0.0003257907640517416,0.2522780504818696,0.000242576567381429,0.2538686357264733,0.0002501013261267198,0.24914035162040676
KXATPMATCH-26AUG30GIRBUS-BUS,3.0,0.58,3.0,0.2436,0.0,0.13779999999999998,0.00015204541609646464,0.2440851609197933,0.00013501984369633025,0.2457475954157069,0.00011194559426615094,0.24620066894364176
KXBTCD-26FEB1317-T69999.99,7.0,0.63,7.0,0.2331,0.0,0.15769999999999998,0.0003750294806180503,0.23456188498924457,0.00029813413932386216,0.254421359233543,0.0003081845408841368,0.23242210834636623
KXBTCD-26FEB1317-T69999.99,3.0,0.24,3.0,0.1824,0.0,0.028199999999999992,0.00017807441679776646,0.19019422686391166,0.00015671049744488144,0.18763653941037794,0.00016743199912915444,0.18685314862496116
KXMLSTOTAL-26JUL25LAFCSKC-5,7.0,0.36,7.0,0.2304,0.0005749999999999993,0.15012499999999998,0.00034703264868606254,0.23493397307472755,0.0002948162929647955,0.24520044995266402,0.00028528247690364145,0.23428426455441964
KXMLSTOTAL-26JUL25LAFCSKC-5,3.0,0.315,3.0,0.21577500000000002,0.0,0.15012499999999998,0.00017547129858839862,0.21779235351615062,0.00011960290044439522,0.217978971616783,0.00012792360372212294,0.21476199539369392
KXNFLSPREAD-25NOV23PHIDAL-PHI2,14.0,0.5,12.0,0.25,0.0004999999999999964,0.34925,0.0006735584122204538,0.2526737696381285,0.0005082634629342951,0.27503871988488215,0.0005331036890075545,0.24650169420447118
KXNFLSPREAD-25NOV23PHIDAL-PHI2,7.0,0.61,7.0,0.2379,0.0004999999999999964,0.2982,0.00039713612025333927,0.25074489727203636,0.0002724015381516463,0.25572023650884823,0.000303455968924508,0.23834421446821835
KXNFLSPREAD-25NOV23PHIDAL-PHI2,3.0,0.55,3.0,0.2475,0.0,0.2917,0.00016040923871290996,0.2489499396868505,0.0001282131150097877,0.24899424990170588,0.00010204926388821363,0.24718526719932485
KXWC1H-26JUN16ARGDZA-ARG,14.0,0.49,12.0,0.2499,0.0005250000000000009,0.22252499999999997,0.0006892394425942232,0.2515800126899098,0.0005331381075592241,0.27083763105115327,0.0005181784559967867,0.2522992283653799
KXWC1H-26JUN16ARGDZA-ARG,7.0,0.52,7.0,0.2496,0.00020000000000000036,0.22099999999999997,0.00040666755066694644,0.2510866127784655,0.0002743838777363114,0.2548161600121567,0.0002925271008142795,0.25039260417888853
KXWC1H-26JUN16ARGDZA-ARG,3.0,0.51,3.0,0.2499,0.00010000000000000018,0.22099999999999997,0.00015293014396586553,0.25596670367448426,0.00012072135164636461,0.25889412671522666,8.625792464186208e-05,0.2486932180800362
KXLALIGAGAME-26FEB14ESPRCC-ESP,7.0,0.42,7.0,0.2436,0.0004000000000000007,0.1538,0.0003735451027661043,0.24912119696256993,0.00034582527625266665,0.2415543549357615,0.00032587016871505643,0.249052201182682
KXLALIGAGAME-26FEB14ESPRCC-ESP,3.0,0.4,3.0,0.24,0.00020000000000000036,0.1522,0.0001753838603580937,0.24310661442252196,0.00013643162757376418,0.2427809990942159,0.00011327421005642574,0.2386562147119105
KXWCADVANCE-26JUL06PORESP-ESP,3.0,0.67,3.0,0.2211,0.0,0.10249999999999997,0.00016402447169209134,0.22443937798576005,0.00012786269725150937,0.2271003906133317,0.0001249184307055552,0.22414609014012032
KXNFLTOTAL-25DEC29LAATL-54,14.0,0.5,13.0,0.25,0.0007750000000000014,0.12652499999999997,0.0007102156614609027,0.25900058252655195,0.0005621687418368168,0.2678362006779725,0.0005546397381221604,0.24756519075825295
KXNFLTOTAL-25DEC29LAATL-54,7.0,0.355,7.0,0.22897499999999998,0.0007750000000000014,0.11569999999999998,0.000345208503964186,0.23648151312636073,0.00030541248909511637,0.26285815518478456,0.0003099154018890118,0.2343366877958274
KXNFLTOTAL-25DEC29LAATL-54,3.0,0.37,3.0,0.2331,0.00020000000000000036,0.11569999999999998,0.00016148438875691993,0.2322047730134409,0.00011399142282724827,0.24292900592939248,0.00010090990760256254,0.23577773424591844
KXFIFAGAME-25NOV17MLTPOL-POL,3.0,0.8,3.0,0.15999999999999998,0.00010000000000000018,0.04049999999999998,0.00015535719005811157,0.16630486403385716,0.00011587517744460382,0.17381929613293004,0.00013607357884990484,0.15775031246004015
KXTRUMPMENTION-26FEB28-HOTT,30.0,0.82,30.0,0.14760000000000004,0.0015999999999999986,0.03319999999999999,0.001500555287214614,0.222216413336764,0.0011730177444386424,0.27064316703621566,0.0016950926014340489,0.2133105794446755
KXTRUMPMENTION-26FEB28-HOTT,14.0,0.76,14.0,0.1824,0.0005000000000000009,0.027100000000000006,0.0007661248560933858,0.2076681864150118,0.000650019882518017,0.2180020612210454,0.000801779983622932,0.19369373981149376
KXTRUMPMENTION-26FEB28-HOTT,7.0,0.74,7.0,0.19240000000000002,0.00020000000000000036,0.025400000000000002,0.00040956261370832866,0.1982188387347579,0.00031553010259347675,0.21950302690836615,0.00035531248997263163,0.1977626748595241
KXTRUMPMENTION-26FEB28-HOTT,3.0,0.78,3.0,0.17159999999999997,0.0,0.0246,0.00015102091008997357,0.18242212364500646,0.00013251482174745605,0.17661889663780297,0.00015258341686801783,0.1742160432700411
KXNCAAFGAME-26SEP03LINWSTON-LINW,14.0,0.43000000000000005,14.0,0.2451,2.5000000000000045e-05,0.177025,0.0007228965086930218,0.24720904088218654,0.0005688895384934793,0.2863227924465184,0.0006536785018386003,0.24599528607507729
KXNCAAFGAME-26SEP03LINWSTON-LINW,7.0,0.425,7.0,0.24437499999999998,0.0,0.177025,0.0003920485565277744,0.24662728230044637,0.00032166897106929057,0.25098601889236966,0.00028537430254206087,0.24419740858686972
KXNCAAFGAME-26SEP03LINWSTON-LINW,3.0,0.38,3.0,0.2356,0.0,0.13699999999999998,0.00015951081623236788,0.23656141947266243,0.00015814957697718088,0.23880643321986245,0.0001155867557422087,0.23978071422826006
KXTXSENCOMBO-26NOV-CROCOR,30.0,0.08,30.0,0.0736,0.002199999999999999,0.4936,0.0011380959808800746,0.1903192762992873,0.001122617740093207,0.23911966059241835,0.0010964118558822544,0.1847233015922054
KXTXSENCOMBO-26NOV-CROCOR,7.0,0.08,7.0,0.0736,0.0004999999999999995,0.4919,0.00026133315025466243,0.13380026408316817,0.0002418502809249879,0.1299231533650207,0.0002798032725987285,0.1264354316033442
KXNBASERIESSCORE-26NYKSASFIN-NYK41,14.0,0.08,14.0,0.0736,0.0004000000000000004,0.4206,0.000520225951706762,0.15312562232771834,0.0004609860937447243,0.17128932955617351,0.0005074903513333486,0.1620321478710828
KXNBASERIESSCORE-26NYKSASFIN-NYK41,7.0,0.19,7.0,0.1539,0.00030000000000000057,0.4134,0.00047892677541014144,0.17943107707034783,0.00045321216734128534,0.1781338901740864,0.0004750951988925918,0.17370819171258498
KXNBASERIESSCORE-26NYKSASFIN-NYK41,3.0,0.36,3.0,0.2304,0.00010000000000000018,0.3845,0.000142274335931313,0.23101734567222756,0.00013074890519239004,0.2398415890278638,0.00011367576695766209,0.23149499334281307
KXEUROLEAGUEGAME-26JAN20CZVMON-MON,3.0,0.47500000000000003,3.0,0.24937499999999999,0.00010000000000000018,0.7015250000000001,0.00015868126275272003,0.25094597613840697,0.00010248437744737199,0.2556663086494285,0.00011696173386978255,0.2496830228116125
KXNFLTOTAL-26AUG20SFLAC-31,3.0,0.6950000000000001,3.0,0.21197499999999997,0.0,0.03922499999999998,0.000161697400049164,0.21762372459742516,0.00012703535053532056,0.21869392517803482,0.00011311192120038868,0.2136527660668605
KXNCAAFGAME-25OCT11SCARLSU-LSU,7.0,0.79,7.0,0.1659,0.00010000000000000018,0.05339999999999999,0.0003971328197204581,0.17585862803616237,0.0002765967277483475,0.18231759077082832,0.00037252012310789117,0.17448643227746966
KXNCAAFGAME-25OCT11SCARLSU-LSU,3.0,0.76,3.0,0.1824,0.0,0.05299999999999999,0.00020575344003328472,0.18479948399463977,0.00013886709447431564,0.1862548024384497,0.00013506773992873848,0.18533952975481952
KXINTLFRIENDLYGAME-26JUN04FRACIV-TIE,3.0,0.17,3.0,0.1411,0.0003999999999999996,0.014900000000000004,0.00019870719677735657,0.14889408202688703,0.00016648732584264987,0.161825477558221,0.00018258730293660108,0.15233493219655048
KXNCAAMBSPREAD-26MAR19IDHOHOU-HOU25,7.0,0.4,5.0,0.24,9.999999999999907e-05,0.17629999999999996,0.00030953166125733284,0.24025217807879215,0.00020110418762102122,0.24473715237283022,0.0002049506257381363,0.24154149604135333
KXNCAAMBSPREAD-26MAR19IDHOHOU-HOU25,3.0,0.45,3.0,0.24750000000000003,0.0,0.17469999999999997,0.00017103699528536992,0.2474417318164969,0.00012040007527757284,0.2500742216131398,0.00010129278913541353,0.24782307469824905
KXSUPERBOWLAD-SB2026-DOOR,14.0,0.23,10.0,0.1771,0.0007999999999999986,0.024099999999999996,0.0005912151300179451,0.18549544822208058,0.0005274404605189344,0.2106437574647292,0.0005858484889888309,0.19511358955391628
KXSUPERBOWLAD-SB2026-DOOR,7.0,0.16,7.0,0.1344,0.00029999999999999943,0.020499999999999997,0.0004324224330108978,0.15764553065162432,0.0004135898194823401,0.16549854518305407,0.0004598085045116569,0.15805647613097323
KXSUPERBOWLAD-SB2026-DOOR,3.0,0.17,3.0,0.1411,0.0,0.020099999999999996,0.0002212737477472795,0.15134101196141242,0.00020165719175876007,0.14927933162754123,0.00020895385558143963,0.15166769258318408
KXRT-SUPE-65,30.0,0.65,30.0,0.22749999999999998,0.0008250000000000009,0.25132499999999997,0.001617770611260191,0.24873416973668644,0.0012321883200004675,0.3150990062134244,0.0016872354208337425,0.23871320845897892
KXRT-SUPE-65,14.0,0.86,14.0,0.12040000000000001,0.0002999999999999999,0.23229999999999998,0.0006783290688702884,0.16047802084021076,0.0005363820801196312,0.21210878202510827,0.0008613887881064256,0.15447364763191643
KXRT-SUPE-65,7.0,0.61,7.0,0.2379,0.0002999999999999999,0.19619999999999996,0.00037100687174916326,0.23939453362393692,0.0002974502684492779,0.2576157977619177,0.0003068075708794414,0.23840648508085707
KXATPCHALLENGERMATCH-26FEB22KOUDRO-KOU,3.0,0.07,3.0,0.0651,0.0,0.16469999999999996,0.00012054604290291152,0.08292042074237375,9.174174992931248e-05,0.08690880320627051,0.00017147824400726532,0.09538864017016904
KXFISAEXTEND-26MAR,30.0,0.6950000000000001,30.0,0.21197499999999997,0.0004000000000000007,0.9043250000000002,0.0015956091199830998,0.24148597274230243,0.001338557378037099,0.29807448807826603,0.001631500159288386,0.2325490259216328
KXFISAEXTEND-26MAR,14.0,0.44,14.0,0.24640000000000004,0.00020000000000000036,0.8562000000000002,0.000757148303404292,0.2538699799564734,0.0006499249169544035,0.26499865359993163,0.0006542266520503177,0.2479488104339793
KXFISAEXTEND-26MAR,7.0,0.66,7.0,0.2244,0.0,0.8304000000000001,0.0003929756794620196,0.22529727321838736,0.0003355001982733524,0.24093214284188694,0.0003065416499936221,0.22468160260671588
KXFISAEXTEND-26MAR,3.0,0.43,3.0,0.2451,0.0,0.7547000000000001,0.00013600217546800019,0.2453475502026226,0.0001226884733555588,0.2515162439433551,0.00011298022185507261,0.24655653601380606
KXFIRSTSUPERBOWLSONG-26FEB09-OJI,30.0,0.1,30.0,0.09000000000000001,0.00065,0.006350000000000002,0.001242120079800699,0.21594712224707255,0.00118489495926624,0.22549480682893092,0.0012198053064881855,0.20463043626141741
KXNCAAFGAME-25SEP06ILLDUKE-ILL,30.0,0.465,30.0,0.24877499999999997,0.0011750000000000022,0.1741,0.0016372356422652296,0.2688777408626408,0.0013222206739359212,0.3096922008797341,0.0015025668783626913,0.2602316898000514
KXNCAAFGAME-25SEP06ILLDUKE-ILL,14.0,0.6,14.0,0.24,0.0004000000000000007,0.16200000000000003,0.0007072552287013396,0.2503708023718295,0.0006074426921103996,0.2616840489776009,0.0006721010940618871,0.24099802043074334
KXNCAAFGAME-25SEP06ILLDUKE-ILL,7.0,0.64,7.0,0.2304,0.00030000000000000057,0.1547,0.00036724175646236007,0.23540300076941464,0.00031576735916554903,0.24704560046174848,0.0002607875085304496,0.23004064709970204
KXNCAAFGAME-25SEP06ILLDUKE-ILL,3.0,0.59,3.0,0.2419,0.00010000000000000018,0.1522,0.0001576429229696562,0.2424852615218655,0.00014380690800315363,0.24333516194254615,0.0001184428072772719,0.24164995656144173
KXEPLGAME-26MAR04MCINFO-TIE,14.0,0.29500000000000004,14.0,0.20797500000000002,0.0008999999999999993,0.6969250000000001,0.0007387012031393034,0.2178516373717812,0.0006205002185436254,0.2396660809901417,0.0007388233802367819,0.22323153153299416
KXEPLGAME-26MAR04MCINFO-TIE,7.0,0.16,7.0,0.1344,0.0004999999999999998,0.6419000000000001,0.0004991643771913402,0.16549421500551034,0.0004006017447121042,0.1788793832056051,0.0004485442674430223,0.15528156965973453
KXEPLGAME-26MAR04MCINFO-TIE,3.0,0.18,3.0,0.1476,0.00010000000000000018,0.6401000000000001,0.00021976226344626028,0.15107168557397915,0.00019005671748189917,0.16088147756566998,0.00021261077058268727,0.14857030777627755
KXALLSVENSKANGAME-26JUL20ORGDJU-ORG,3.0,0.13,3.0,0.1131,0.00020000000000000036,0.014500000000000002,0.00016795493311013958,0.12122567441305553,0.00012081398919282795,0.12416724243445108,0.00016407288952310965,0.12298014653283523
KXUFCFIGHT-25AUG16CANPAG-CAN,7.0,0.38,5.0,0.2356,0.00030000000000000057,0.11609999999999998,0.0002926835977041876,0.23378665116471467,0.00022077719192805978,0.23956660983320924,0.00021994264896726018,0.2376453481883526
KXUFCFIGHT-25AUG16CANPAG-CAN,3.0,0.37,3.0,0.2331,0.00020000000000000036,0.11569999999999998,0.00014563010318019944,0.2373386941707761,0.00011466817364773564,0.23207934192495303,0.00012273190497819012,0.2318031191272636
KXNCAAFGAME-26SEP05WYOCSU-CSU,30.0,0.605,18.0,0.238975,0.00037500000000000066,0.1522,0.0010088737103399177,0.2507121669075595,0.0008142589552823926,0.2827364408477312,0.0009164628667617516,0.24694476160629125
KXNCAAFGAME-26SEP05WYOCSU-CSU,14.0,0.61,14.0,0.2379,0.00015000000000000029,0.1522,0.000759637882154309,0.24109209393866876,0.0006126245397166646,0.280276680888506,0.0007018562966275821,0.24132765896961203
KXNCAAFGAME-26SEP05WYOCSU-CSU,7.0,0.61,7.0,0.2379,0.00010000000000000018,0.1522,0.00035540492985197133,0.23736365026648873,0.0002919231405144189,0.27585171153150545,0.00027589321364219224,0.2401718091509163
KXNCAAFGAME-26SEP05WYOCSU-CSU,3.0,0.6,3.0,0.24,0.0,0.1522,0.0001601376006408852,0.2416670236350879,0.00011794148669936405,0.24518035742947858,0.00011731976877377576,0.24065019314155414
KXWCMOV-26JUL01ENGCOD-CODET,3.0,0.11,3.0,0.0979,0.0004249999999999999,0.005725,0.00011889462286912129,0.10515503631172564,0.00010362809094463137,0.11016431533381901,0.000158287118601247,0.1089873219876842
KXGA14S-26-SHAR,30.0,0.11,29.958333333333343,0.0979,0.0014000000000000004,0.005138,0.0013836706629681806,0.2250835254507229,0.0012084084432855905,0.2418805772534378,0.0013324444402799075,0.2253110240436567
KXGA14S-26-SHAR,7.0,0.05,7.0,0.0475,0.0004000000000000002,0.0011380000000000001,0.00022028592246094356,0.1464165720436595,0.00022393165334372148,0.12280686596310612,0.00027326697038481486,0.12822485939033845
KXGA14S-26-SHAR,3.0,0.05,3.0,0.0475,0.0002000000000000001,0.0007379999999999999,0.00010375349490843041,0.08905052026140471,8.417048612631869e-05,0.11798159949856588,0.00012302746994881334,0.09046662551320278
KXNBAGAME-26JUN08SASNYK-SAS,14.0,0.51,9.0,0.2499,0.000699999999999999,0.2826,0.0004696520685135463,0.24996414322959595,0.0004018621105601297,0.2622579016796794,0.0004189338129149918,0.25032393661292196
KXNBAGAME-26JUN08SASNYK-SAS,7.0,0.48,7.0,0.2496,0.0005999999999999989,0.281,0.0003682419516017936,0.25189355050350876,0.000287527581918067,0.25668809840911677,0.0003101004000451725,0.25155751006430416
KXNBAGAME-26JUN08SASNYK-SAS,3.0,0.46,3.0,0.24840000000000004,0.0,0.281,0.00015401180985192943,0.24984816478088448,0.00013608507935238922,0.2518145294513521,0.00011356665677743925,0.24966070355837652
KXINTLFRIENDLYGAME-26JUN04ESPIRQ-ESP,3.0,0.95,3.0,0.04750000000000004,0.0,0.8836999999999999,9.32334877290817e-05,0.08680712753512033,8.191456287034895e-05,0.09750134248312099,0.00010322115438128044,0.10477982351371123
KXALBUMSALESSWIFT-25-3500000,30.0,0.060000000000000005,30.0,0.0564,0.0005249999999999998,0.719225,0.00116847805235203,0.17986323799913323,0.0011330667049080409,0.2255467422143173,0.0011612760311416107,0.19090063601832888
KXALBUMSALESSWIFT-25-3500000,7.0,0.06,7.0,0.05639999999999999,0.00039999999999999986,0.7043999999999999,0.00019569114482925775,0.1471774786776668,0.00022829643637269277,0.15734749815471602,0.00022974902439449815,0.1306208767647705
KXALBUMSALESSWIFT-25-3500000,3.0,0.77,3.0,0.17709999999999998,0.0,0.3739,0.0001727466343917943,0.18195481574501826,0.000125349586470646,0.18412508113294507,0.0001349670529268312,0.1804372683421228
KXATPMATCH-26AUG30BELPIR-PIR,3.0,0.34,3.0,0.2244,0.0,0.10980000000000001,0.00016199996347158622,0.22586161003751457,0.0001386895527907647,0.23015410800093236,0.00013904244876312703,0.22545131566454468
KXLALIGAGAME-26MAY09ATMRCC-ATM,7.0,0.53,7.0,0.2491,0.00019999999999999925,0.21949999999999995,0.00036615287662833217,0.25465957283393453,0.00029876092129151787,0.2607500747125894,0.00028705233554364104,0.24978421856542546
KXLALIGAGAME-26MAY09ATMRCC-ATM,3.0,0.49,3.0,0.2499,9.999999999999907e-05,0.21259999999999996,0.00014687588278956522,0.24920710023124013,0.00012675366573511318,0.25296436033755254,9.737782609556309e-05,0.2505859681023706
KXWCROUND-26QUAR-POR,30.0,0.51,30.000000000000014,0.2499,0.0013999999999999959,0.16010000000000002,0.0016949357341065963,0.2820279076772462,0.0014199221391177916,0.31326433873876036,0.0015489711908314053,0.26370932910021877
KXWCROUND-26QUAR-POR,14.0,0.42,14.0,0.2436,0.00019999999999999925,0.156,0.000751591115345909,0.24825158364162514,0.0006585329062328985,0.267164400308155,0.0006456632134302928,0.2452195925493717
KXWCROUND-26QUAR-POR,7.0,0.31,7.0,0.21389999999999998,9.999999999999907e-05,0.11300000000000002,0.00036906776288116947,0.22069060342838412,0.0002900893012276598,0.23675050624088778,0.000323738110170242,0.21861403851505443
KXWCROUND-26QUAR-POR,3.0,0.35,3.0,0.22749999999999998,9.999999999999907e-05,0.10900000000000001,0.00016364788405755177,0.230127000425078,0.00012048936743751554,0.23300997239691043,0.0001298400255922207,0.2300958024864155
KXUFCFIGHT-26JUN20BAGMAG-BAG,7.0,0.3,6.0,0.21,0.0004999999999999987,0.0581,0.0002983597873511352,0.21523119188248913,0.00026778734279384926,0.21758425081114438,0.00025896387607995784,0.20968801832678247
KXUFCFIGHT-26JUN20BAGMAG-BAG,3.0,0.28,3.0,0.2016,0.00010000000000000018,0.0581,0.00014757960944044812,0.2031310656835944,0.00012648418298770995,0.21449736860827773,0.00010688326818899323,0.20450217001131385
KXMLBGAME-25OCT16MILLAD-MIL,3.0,0.64,3.0,0.2304,0.00010000000000000018,0.19949999999999998,0.00017348011481187336,0.23258828662304662,0.00011700349573069143,0.24029661069926297,0.00013972147506639604,0.23128478421152956
KXWCGAME-26JUN24SUICAN-CAN,30.0,0.25,30.000000000000014,0.1875,0.001650000000000002,0.08149999999999999,0.001703646176557611,0.24539668042353555,0.001417606826833206,0.27533399813382714,0.0016797274594905639,0.2590628128584979
KXWCGAME-26JUN24SUICAN-CAN,14.0,0.28,14.000000000000014,0.2016,0.0004000000000000007,0.08059999999999999,0.0008067276834247042,0.22083122339556488,0.000718121726388207,0.23131155224721447,0.0006999770466658809,0.22266276023833814
KXWCGAME-26JUN24SUICAN-CAN,7.0,0.28,7.0,0.2016,0.00020000000000000036,0.07979999999999998,0.0004077968102316686,0.2086369949955845,0.0003204731806612996,0.2145495070959487,0.0003560399042216729,0.21019853285480017
KXWCGAME-26JUN24SUICAN-CAN,3.0,0.31,3.0,0.21389999999999998,0.0,0.07889999999999998,0.00016926540300820275,0.21643196250542304,0.00011819325922790857,0.2322825510726736,0.0001228772774892934,0.21772492464755552
KXGOVTSHUTLENGTH-26FEB07-G90,30.0,0.07,29.999999999999993,0.0651,0.0011009999999999976,0.329825,0.0010830333037184856,0.17622989343844508,0.0010337463651448164,0.22549341013279917,0.0011277565197147204,0.20288149152152316
KXGOVTSHUTLENGTH-26FEB07-G90,14.0,0.66,13.999999999999993,0.2244,1e-06,0.258625,0.0007333787130548165,0.24056321393882457,0.0006558349626795764,0.2394424701617825,0.0006921890206590218,0.23080346779218958
KXGOVTSHUTLENGTH-26FEB07-G90,7.0,0.66,7.0,0.2244,1e-06,0.251625,0.00035209957067328297,0.2253441838927941,0.00031618187468384447,0.24717550497487267,0.00029944220548988175,0.22645419162986216
KXGOVTSHUTLENGTH-26FEB07-G90,3.0,0.62,3.0,0.2356,1e-06,0.22782500000000003,0.00018088091092510514,0.2336981280857202,0.0001357952477580889,0.24202788230229846,9.516248736061039e-05,0.2349798001108124
KXMVESPORTSMULTIGAMEEXTENDED-S20265E4A9997FE1-7881E04B3B6,3.0,0.317,3.0,0.216511,4.9000000000000087e-05,0.16075399999999998,0.00016948110074801808,0.21797241532071646,0.0001422674348308909,0.22836241647010896,0.00013156529247720925,0.21505546863622158
KXEPLGAME-26MAY24LFCBRE-TIE,14.0,0.24,14.0,0.1824,0.00019999999999999982,0.6802,0.0008239872125117742,0.20692693685861627,0.0006571177104335507,0.227158595317485,0.0007552916186515123,0.2051086967241648
KXEPLGAME-26MAY24LFCBRE-TIE,7.0,0.17,7.0,0.1411,0.00010000000000000018,0.5801999999999999,0.00046998864524071417,0.1683802408249645,0.00045286942071250265,0.16001871240009916,0.0004686905029543395,0.17369301272949464
KXEPLGAME-26MAY24LFCBRE-TIE,3.0,0.22,3.0,0.1716,0.00010000000000000018,0.5777,0.00023375699763611898,0.17813057729708873,0.00018906129292050675,0.18089269516594997,0.00021194630244690622,0.17888442047724676
KXTXSENDPRIMARYMOV-26MAR03-JCRO-P1,30.0,0.08,29.958333333333336,0.0736,0.0004999999999999995,0.022050000000000004,0.0011682680207880294,0.19224737922533705,0.0010568120393733352,0.22025647480219168,0.0011100091072803338,0.20010856874048075
KXEPLGAME-26MAY09LFCCFC-LFC,14.0,0.69,14.0,0.2139,0.00020000000000000036,0.29309999999999997,0.0007830287057729674,0.2318606429326971,0.0005745168189990181,0.24613433897565376,0.0007093302761769947,0.22303297254988746
KXEPLGAME-26MAY09LFCCFC-LFC,7.0,0.52,7.0,0.2496,0.0,0.261,0.0003654667171429364,0.25231122606721196,0.00030528484473343,0.26095496445722255,0.0002910480141629406,0.250385600218635
KXEPLGAME-26MAY09LFCCFC-LFC,3.0,0.54,3.0,0.2484,0.0,0.2606,0.00016542336041736364,0.24736202541840158,0.00013792500718762512,0.25258367356810413,0.00010807756097862101,0.24877054530804812
KXNCAAFTOTAL-26JAN02ARIZSMU-54,14.0,0.5,11.0,0.25,0.0004500000000000008,0.18409999999999996,0.0006144900671345715,0.2515825310967724,0.0004573864313836139,0.2745302382736282,0.00048317304828697586,0.2502764178927513
KXNCAAFTOTAL-26JAN02ARIZSMU-54,7.0,0.43,7.0,0.2451,0.0004500000000000008,0.17919999999999997,0.00039194851683706564,0.24610044579096224,0.00030367599204998686,0.26084206918655284,0.0002942878175068104,0.24487151668721804
KXNCAAFTOTAL-26JAN02ARIZSMU-54,3.0,0.43,3.0,0.2451,0.0,0.17829999999999996,0.00015324944586935993,0.24537767921363104,0.00012604995511276602,0.24524392561590744,0.00011486741222829694,0.2452535622264314
KXWCTOTAL-26JUN25TURUSA-5,30.0,0.13999999999999999,22.0,0.12039999999999998,0.0014499999999999995,1.2461499999999999,0.0011451131317973722,0.19459090771358845,0.0009842541090367178,0.2115952571053706,0.001048793192842573,0.2243648792351708
KXWCTOTAL-26JUN25TURUSA-5,14.0,0.12,14.0,0.1056,0.0008749999999999996,0.9900249999999999,0.0006602572480131963,0.1913326256045752,0.0006119897367903629,0.21052715178408207,0.0006574874806383504,0.16937378583619464
KXWCTOTAL-26JUN25TURUSA-5,7.0,0.14500000000000002,7.0,0.12397500000000002,0.0004999999999999998,0.9900249999999999,0.00044315583797710034,0.17027602029075975,0.00044385191423624627,0.18316283685577958,0.00043212051486459326,0.16251585345930997
KXWCTOTAL-26JUN25TURUSA-5,3.0,0.16,3.0,0.1344,0.0003999999999999996,0.9894,0.00019497143058576277,0.14554539645060555,0.00019218887922795,0.1521872398067739,0.00020907835359845493,0.1400150538199809
KXLEAGUESCUPGAME-26AUG12MONNSH-MON,14.0,0.41500000000000004,9.0,0.24277500000000002,0.0002250000000000004,0.9726499999999998,0.0004766965727153259,0.24361683718826338,0.000399318349137351,0.2716404705100393,0.0003974386362332655,0.24141865409368127
KXLEAGUESCUPGAME-26AUG12MONNSH-MON,7.0,0.43000000000000005,7.0,0.2451,0.00010000000000000018,0.9726499999999998,0.00037518389395717485,0.2518692168388384,0.00028177947806826685,0.2581062967826695,0.00030281905494756236,0.24680186360617262
KXLEAGUESCUPGAME-26AUG12MONNSH-MON,3.0,0.53,3.0,0.2491,0.00010000000000000018,0.4973999999999999,0.00016736529145690767,0.2480051587647749,0.00014547356238524592,0.2523313340003453,0.00010249418729483642,0.2477748376652077
KXNCAAFGAME-25NOV28UGAGT-GT,14.0,0.5,12.0,0.25,0.001199999999999999,0.06760000000000001,0.0006717069053549542,0.2530710591079157,0.0004887189836583122,0.26800299834761515,0.0005294835202261375,0.24954503424253854
KXNCAAFGAME-25NOV28UGAGT-GT,7.0,0.2,7.0,0.16000000000000003,0.0010999999999999994,0.0257,0.0005072989345787783,0.17538411009190838,0.0004472989102904329,0.1806489742302183,0.00046014951088089155,0.1821748076899133
KXNCAAFGAME-25NOV28UGAGT-GT,3.0,0.17,3.0,0.1411,0.00020000000000000036,0.0257,0.00021982692521006536,0.14548720747107688,0.00017016869092804907,0.16084528977045692,0.00019151601601275888,0.14520349774927951
KXMVESPORTSMULTIGAMEEXTENDED-S2026F9EE0CE4458-58E376AC4F7,3.0,0.5,3.0,0.25,1e-06,0.242113,0.00017146139657484773,0.2513084071898284,0.0001271970429172086,0.2577628717720114,0.000124733979065848,0.25044155899417286
KXEPLTOTAL-26AUG28CRYMCI-3,7.0,0.495,7.0,0.249975,0.0005999999999999966,0.178125,0.0003928871550080734,0.2484086011010578,0.0003375258140710599,0.26787368561397534,0.0003008528157699824,0.2490989553581025
KXEPLTOTAL-26AUG28CRYMCI-3,3.0,0.58,3.0,0.2436,0.00020000000000000036,0.16820000000000002,0.0001468877207178049,0.24887690336918528,0.00012273268888181522,0.252055383894277,9.315067579111122e-05,0.2446873589299169
KXCBAGAME-26APR090735LEOSHAX-LEO,3.0,0.63,3.0,0.2331,0.0,0.1945,0.0001503724345612111,0.2360352267620096,0.00012883330042975696,0.2383819298581801,0.00012090984292045024,0.2349081042801029
KXNCAAFSPREAD-26SEP05BSUORE-ORE25,7.0,0.5,7.0,0.25,0.0004000000000000007,0.24019999999999997,0.00039655675917691063,0.25085496677343516,0.0002889486644784784,0.2536403602320312,0.00031667645251047316,0.25106134137137465
KXNCAAFSPREAD-26SEP05BSUORE-ORE25,3.0,0.49,3.0,0.2499,0.00010000000000000018,0.24019999999999997,0.0001439018164112282,0.2492359131578942,0.00012491022047971854,0.2519295460843237,9.526948667488927e-05,0.25093556872285216
KXCLUBFGAME-26AUG11PALJUV-PAL,7.0,0.26,5.0,0.19240000000000002,0.00010000000000000018,0.0379,0.0003220350480200215,0.20063081306557567,0.00029738182710203225,0.2030672095102063,0.0002952214636144309,0.1967655221920808
KXCLUBFGAME-26AUG11PALJUV-PAL,3.0,0.16,3.0,0.1344,0.0,0.029799999999999997,0.00018262589447799044,0.14060397674623362,0.00017474606561231225,0.13726224868237463,0.00021187313167879085,0.13444911347241384
KXNCAAFGAME-25NOV22KUISU-ISU,14.0,0.625,12.0,0.234375,0.00030000000000000057,0.202225,0.0006581521647294905,0.23972206376328745,0.0005313182781147479,0.27079263046574237,0.0005382672879521781,0.23955913536572754
KXNCAAFGAME-25NOV22KUISU-ISU,7.0,0.73,7.0,0.1971,0.00020000000000000036,0.15489999999999998,0.00035635324206230917,0.2036420956706845,0.00029067730926466974,0.2133376395130363,0.00034827828408547963,0.19299229473762508
KXNCAAFGAME-25NOV22KUISU-ISU,3.0,0.64,3.0,0.2304,0.00010000000000000018,0.1449,0.00016283825879912203,0.22961072127831514,0.0001388557765452528,0.237800553450379,0.00011218474703277542,0.22947672530251328
KXWC1HSPREAD-26JUN16IRQNOR-NOR2,14.0,0.495,12.0,0.249975,0.0006249999999999989,0.12514999999999998,0.0006593434734268011,0.2536604578213733,0.0005007587468835973,0.292233779340895,0.0005843746218934038,0.2485605684558997
KXWC1HSPREAD-26JUN16IRQNOR-NOR2,7.0,0.52,7.0,0.2496,0.0006249999999999989,0.12452499999999998,0.00034598117829059554,0.25258551317152284,0.00031236722046681866,0.258156268881278,0.0002819439662199099,0.2504552250847604
KXWC1HSPREAD-26JUN16IRQNOR-NOR2,3.0,0.28,3.0,0.2016,0.0,0.07979999999999998,0.00015029019444635824,0.19742268307435307,0.00010493970807333809,0.20904010031100334,0.00010438506990655735,0.20480053327419875
KXLLM1-25FEB28-A,14.0,0.06,14.0,0.05639999999999999,0.0006249999999999998,0.014525,0.00047372651908198074,0.1552456905522831,0.00042653736818880616,0.15708238802990565,0.00043502069245220895,0.16569974549605646
KXLLM1-25FEB28-A,3.0,0.11,3.0,0.0979,0.00042499999999999987,0.006425,0.00012345295475591468,0.1150981075187191,0.00011444649671643354,0.11897959269334134,0.00014534775966189626,0.10996095287375322
KXLALIGAGAME-26MAR21SEVVCF-SEV,7.0,0.09,7.0,0.0819,0.0004000000000000007,0.2920999999999999,0.0002615488695485054,0.13039588196415086,0.000260643119718438,0.14383994360634245,0.0002827249039554668,0.14312846192166692
KXLALIGAGAME-26MAR21SEVVCF-SEV,3.0,0.44,3.0,0.24640000000000004,0.00010000000000000018,0.17649999999999996,0.00016527797252628297,0.24341737014810733,0.00011994832578911964,0.2501293508249155,0.0001230261254615052,0.24481600197107226
KXMVESPORTSMULTIGAMEEXTENDED-S202543DFB1BBC7D-684D336FD03,7.0,0.408,6.0,0.24153600000000003,0.00040600000000000033,0.382024,0.0003750784071063091,0.24486022342609637,0.00023534226582391964,0.24940645208259352,0.0002406875230161227,0.2418152995324696
KXMVESPORTSMULTIGAMEEXTENDED-S202543DFB1BBC7D-684D336FD03,3.0,0.386,3.0,0.237004,0.00013000000000000023,0.382024,0.00015346035484779458,0.23494229253384658,0.00012392394299270187,0.2426135089357829,0.00012158544136968757,0.24111962829179945
KXWTAMATCH-26MAY24GALSHE-SHE,3.0,0.45,3.0,0.24750000000000003,0.00020000000000000036,0.2917,0.00015164302590091894,0.2475763888939435,0.00013436005664660606,0.2477756834968926,0.00011317145618854083,0.24658437471879163
KXNBAEAST-26-CHA,3.0,0.05,3.0,0.0475,0.00010000000000000005,0.001,0.00011455388100997531,0.08586944196868593,8.863906824520807e-05,0.07619692618247711,0.00012319267710575354,0.11317608920913741
KXSB-26-HOU,30.0,0.07,30.0,0.0651,0.0008000000000000006,0.012700000000000001,0.0011417270166585681,0.2059804500535077,0.0010766416304207724,0.17729471965823607,0.0011439413473668177,0.18584625994244483
KXSB-26-HOU,14.0,0.08,14.0,0.0736,0.0002000000000000001,0.011400000000000002,0.000525701282387607,0.145917644972025,0.0004849938884594828,0.20586043165171966,0.000539126706939385,0.17773609503537474
KXSB-26-HOU,7.0,0.07,7.0,0.0651,0.00010000000000000018,0.011400000000000002,0.00028345378026931273,0.1329895323739923,0.00024990987488260656,0.15574275687707193,0.000285334077369525,0.13997036100000926
KXSB-26-HOU,3.0,0.1,3.0,0.09000000000000001,0.00010000000000000018,0.010500000000000002,0.00012086827352323943,0.11020463008217275,0.00010341183305102704,0.10404368254843227,0.0001759488741319885,0.1053737899755414
KXT20MATCH-26JUN182030SEATEX-TEX,7.0,0.47000000000000003,7.0,0.24910000000000002,0.00012500000000000022,0.273775,0.00039906732759975615,0.2512611924531549,0.0003492012327595139,0.25563555256015813,0.0002589921454572585,0.24869812674389732
KXT20MATCH-26JUN182030SEATEX-TEX,3.0,0.505,3.0,0.249975,0.0,0.157325,0.00015877234758361375,0.2520173978507463,0.000112762972304387,0.2566132726020563,0.00011441052156786341,0.24997098086444047
KXNFLTOTAL-26JAN12HOUPIT-42,7.0,0.39,7.0,0.2379,0.00020000000000000036,0.12349999999999998,0.00037617143666463806,0.23925223627299172,0.00028502932779371823,0.2395062587814553,0.00030502043931283706,0.23885146547779812
KXNFLTOTAL-26JAN12HOUPIT-42,3.0,0.36,3.0,0.2304,0.00020000000000000036,0.12259999999999999,0.00016555824587484683,0.2345162667243455,0.00012197355431109402,0.23722285234504312,0.0001178760137248253,0.2279129423364202
KXNFLSPREAD-25SEP21LAPHI-PHI3,14.0,0.54,10.0,0.2484,0.0003250000000000006,0.25692499999999996,0.0005425762142659184,0.2542404453947883,0.0004567089786852477,0.2629817475744403,0.0004382984551586498,0.24758271451954983
KXNFLSPREAD-25SEP21LAPHI-PHI3,7.0,0.525,7.0,0.24937499999999999,0.00010000000000000018,0.25692499999999996,0.00037984288021104275,0.2508708885718322,0.0002997482721759725,0.2611584102907061,0.00028575152820849425,0.24935406125901835
KXNFLSPREAD-25SEP21LAPHI-PHI3,3.0,0.47,3.0,0.2491,0.00010000000000000018,0.24059999999999998,0.00016775367802294527,0.2476349667215731,0.00014010812947245046,0.25233486979600067,0.00012408491314138545,0.2474145278526533
KXWCAWARD-26GGLOVE-USIMO,30.0,0.38,30.0,0.2356,0.0008999999999999982,0.47730000000000006,0.0016359324305701536,0.26288647324606884,0.001323991661926967,0.29453128215717733,0.0015860722746648898,0.257696900329962
KXWCAWARD-26GGLOVE-USIMO,14.0,0.07,14.0,0.0651,0.0006999999999999979,0.3158,0.0005333268855011785,0.1676491865102222,0.0005171540787272368,0.17283466169894407,0.0005257607960631618,0.18365469144252958
KXWCAWARD-26GGLOVE-USIMO,7.0,0.27,7.0,0.1971,0.00020000000000000036,0.23610000000000003,0.0003801489734052052,0.20986823361242674,0.00035134445297974417,0.20787442089154667,0.0003840153856584884,0.20183472215475184
KXWCAWARD-26GGLOVE-USIMO,3.0,0.87,3.0,0.1131,0.00010000000000000018,0.020600000000000004,0.00016686114586982902,0.12445573181804459,0.00011107660354220981,0.13868894974664508,0.00018521048510536383,0.12144218387197965
KXNCAAFSPREAD-26SEP04SJSUEMU-EMU4,14.0,0.6,14.0,0.24,0.00030000000000000057,0.23409999999999997,0.0007729904986619459,0.25057334170552187,0.0005682200830750761,0.2750312427879691,0.0006423639938302131,0.24661515871900178
KXNCAAFSPREAD-26SEP04SJSUEMU-EMU4,7.0,0.54,7.0,0.2484,0.00010000000000000018,0.18989999999999999,0.00039722617649842653,0.2559012365769252,0.00029365933489296236,0.26800628071341664,0.00029645592415572996,0.2503941257464009
KXNCAAFSPREAD-26SEP04SJSUEMU-EMU4,3.0,0.46,3.0,0.24840000000000004,0.0,0.18539999999999998,0.00016858792941421594,0.24741360751578156,0.00013768900963336635,0.24963751448961452,0.00011020199943691945,0.24785247254337858
KXWT20MATCH-26JUN200930BANPAK-BAN,7.0,0.485,7.0,0.249775,0.0,1.0744749999999998,0.0003565166045830731,0.25434554430635264,0.00032275478851561464,0.2725509988604075,0.0002888039204158574,0.251802844821877
KXWT20MATCH-26JUN200930BANPAK-BAN,3.0,0.62,3.0,0.2356,0.0,0.5117999999999999,0.00015600234166642982,0.23848384901504957,0.00014315367993854967,0.2448263536762801,0.00011533565824368137,0.23795034757106684
KXSBADS-25-OAI,30.0,0.39,30.0,0.2379,0.0008999999999999988,0.38659999999999994,0.0016468603935446203,0.2670150986308869,0.0013068676203251202,0.3031766564170678,0.0015178040671981541,0.2572945995947256
KXSBADS-25-OAI,14.0,0.29,14.0,0.20589999999999997,0.00010000000000000018,0.28979999999999995,0.0007476596763375844,0.238838139129356,0.0006300768487690581,0.25497007668088917,0.0007140850912390782,0.22541030270757823
KXSBADS-25-OAI,7.0,0.53,7.0,0.2491,0.00010000000000000018,0.16339999999999993,0.0003766899806677483,0.25124494374554784,0.0003136795823559817,0.2575954271382651,0.00028975689881177594,0.24796291571450665
KXSURVIVOR-26JAN31-SAG,30.0,0.07,30.000000000000007,0.0651,0.0016999999999999997,0.0394,0.0012272147149686636,0.2037104051009141,0.0010578104248788903,0.2140032155148019,0.0012150867531991966,0.20524862917199094
KXSURVIVOR-26JAN31-SAG,3.0,0.05,3.0,0.0475,0.0001,0.0010000000000000002,0.00010165974777522822,0.09833458164159055,8.143065905411064e-05,0.08619904333524606,0.00013735652304733693,0.112254773888261
KXMLSGAME-26JUL17NSHATL-NSH,7.0,0.69,7.0,0.2139,0.00020000000000000036,0.10989999999999997,0.0003762142462784168,0.21729734764817227,0.00030317897439543703,0.24522453809537845,0.0003096748616757984,0.2206632292255582
KXMLSGAME-26JUL17NSHATL-NSH,3.0,0.69,3.0,0.2139,0.0,0.10989999999999997,0.00015397991778334257,0.21717144974029728,0.00013645729575608747,0.22364248966130862,0.00010528049229574763,0.21423413344059966
KXBRASILEIROGAME-26JUL17FLURBB-RBB,7.0,0.21,7.0,0.1659,0.000699999999999999,0.049749999999999996,0.0005073580799906923,0.1843879487660562,0.00040787675830663775,0.19645567791897176,0.0004729102768584448,0.17171830364123822
KXBRASILEIROGAME-26JUL17FLURBB-RBB,3.0,0.24,3.0,0.1824,0.00022499999999999956,0.049125,0.0001687714737764568,0.18350219230340772,0.00013686628751081355,0.18899702115617376,0.00014784781243842228,0.18538377195385786
KXEPLGAME-26MAY17LEEBRI-TIE,14.0,0.21,14.0,0.1659,0.0003500000000000006,0.07150000000000002,0.0008359043472268568,0.19885958982501367,0.0007139166772593922,0.22142652369286137,0.0008360850993139776,0.19572856423589108
KXEPLGAME-26MAY17LEEBRI-TIE,7.0,0.25,7.0,0.1875,0.00010000000000000018,0.063,0.0004397725184765171,0.20066197018724533,0.00035694617266731997,0.21233346599867747,0.00040708163976506574,0.2014529912251524
KXEPLGAME-26MAY17LEEBRI-TIE,3.0,0.26,3.0,0.19240000000000002,0.0,0.0626,0.00019012870240158288,0.19043747592540647,0.00015712356475487465,0.1984651123045878,0.00015861169589471673,0.19835652744087306
KXFIBAGAME-26AUG280830PHLJOR-JOR,3.0,0.48,3.0,0.2496,0.00010000000000000018,0.2611,0.00015444836294185507,0.24667869606788934,0.00013484776970052234,0.2539792286570247,0.00010882216838116975,0.24879583876799174
KXIPLGAME-26MAY06PBKSSRH-SRH,7.0,0.5,7.0,0.25,0.00029999999999999943,0.27290000000000003,0.0003539316995307153,0.2581655947291997,0.0003105336383175043,0.25603579891616096,0.0003048353888129285,0.24652956811025575
KXIPLGAME-26MAY06PBKSSRH-SRH,3.0,0.5,3.0,0.25,0.00010000000000000018,0.27090000000000003,0.00016706585580034982,0.2522143985037456,0.00012948837604455463,0.25779445227090564,0.00012073755556558509,0.24881786410404366
KXTEAMSINSB-26-NEPHI,14.0,0.05,14.0,0.0475,0.0004000000000000002,0.0021,0.0004394825360418029,0.16447352386751754,0.00045552209546269556,0.15760569626017695,0.00046445387639532814,0.15463591443484423
KXSENATEMAD-26-EMAR,30.0,0.73,30.0,0.1971,0.0016549999999999987,0.009801000000000016,0.0016296098616741773,0.22703126273017982,0.0012223514208906452,0.2633185094503645,0.001707005322738941,0.23590819468035337
KXSENATEMAD-26-EMAR,14.0,0.904,14.0,0.08678399999999997,0.001139,1.0000000000000019e-06,0.000639462046531693,0.1402273723279902,0.0005090925090747364,0.16882366144890174,0.0009227836260544423,0.13292621827754825
KXWCSPREAD-26JUN21TUNJPN-JPN2,14.0,0.265,14.0,0.194775,0.0004999999999999976,0.35792499999999994,0.0008232256430717477,0.2049432030294437,0.0007156843068225954,0.2468671755098764,0.0007684516804093517,0.22246172437488365
KXWCSPREAD-26JUN21TUNJPN-JPN2,7.0,0.31,7.0,0.21389999999999998,0.0,0.35629999999999995,0.0003793355149660031,0.2162668943907596,0.000304552033066797,0.2219173920751207,0.00033172558807733623,0.21734459310464135
KXWCSPREAD-26JUN21TUNJPN-JPN2,3.0,0.37,3.0,0.2331,0.0,0.35269999999999996,0.00017585128337043905,0.23314074423117948,0.00011930387108681468,0.2334223302076601,0.00012840125963827712,0.2353729191247404
KXNCAAFGAME-25DEC23WKUUSM-WKU,14.0,0.64,14.0,0.2304,0.0009999999999999974,0.22159999999999996,0.0007810134182341001,0.23815409870106788,0.0006015634878471286,0.2672768878680816,0.0006705498895990614,0.23445146321349936
KXNCAAFGAME-25DEC23WKUUSM-WKU,7.0,0.66,7.0,0.2244,0.0004999999999999964,0.22069999999999995,0.0004011630886202277,0.23116807420660154,0.00029903640060863364,0.2411755312832275,0.00030063292880570705,0.22150044301745672
KXNCAAFGAME-25DEC23WKUUSM-WKU,3.0,0.56,3.0,0.24639999999999998,0.0,0.21259999999999996,0.00015839367996673187,0.24609449436453054,0.0001238075951190408,0.2545786909543757,0.00012369598678779387,0.24792455050921317
KXOSCARNOMPIC-26-BUG,30.0,0.54,30.0,0.2484,0.0011999999999999958,0.041400000000000006,0.0016551240642647532,0.2607046771421601,0.0013644341097317591,0.31469781038052536,0.0015378695522362774,0.2494755806749363
KXOSCARNOMPIC-26-BUG,14.0,0.83,14.0,0.14110000000000003,0.000600000000000001,0.012900000000000002,0.0007251267852611703,0.1562199125691046,0.0005809535846726684,0.21314149587456277,0.0009040103769588251,0.15849914729500816
KXOSCARNOMPIC-26-BUG,7.0,0.89,7.0,0.09789999999999999,0.00030000000000000057,0.008599999999999995,0.0003638011998698504,0.11952588123820926,0.0002721333009634634,0.13959133515491115,0.00048628709274601574,0.1139480432291068
KXOSCARNOMPIC-26-BUG,3.0,0.89,3.0,0.09789999999999999,0.00010000000000000018,0.008199999999999994,0.00013282494817132078,0.10343295158560163,0.00012180537206327273,0.109894890162288,0.00022170868137604067,0.10459437597303724
KXCABOUT-29-PH,30.0,0.15,30.0,0.1275,0.0024000000000000002,0.0119,0.0015505470160117431,0.2505057353534422,0.001489824743087706,0.25347762951959596,0.001473673900716644,0.23237961183557915
KXCABOUT-29-PH,14.0,0.06,14.0,0.05639999999999999,0.0006000000000000005,0.005000000000000001,0.0004782980170206,0.14759686943392233,0.000397071795693301,0.16736160755755955,0.0004486414508598166,0.15598272438570773
KXCABOUT-29-PH,7.0,0.07,7.0,0.0651,0.00030000000000000057,0.0025999999999999994,0.0002543916776163826,0.11494129324408009,0.0002530574517135551,0.11530427099944364,0.0002818516976103474,0.1414095181629017
KXCABOUT-29-PH,3.0,0.06,3.0,0.05639999999999999,0.0,0.0025999999999999994,9.800077697042879e-05,0.1018024995538747,9.87592310409009e-05,0.10251659242799363,0.0001347724699252862,0.0938186686610954
KXNBAGAME-25APR29LACDEN-LAC,3.0,0.54,3.0,0.2484,0.00010000000000000018,0.16590000000000005,0.00017498101728569073,0.25047126485062693,0.0001217600750137712,0.25370302473262885,0.00011567410481008924,0.24898350437687072
KXWNBAGAME-26AUG26TORSEA-TOR,3.0,0.36,3.0,0.2304,0.0,0.09780000000000001,0.0001666274405891547,0.23046776127845794,0.00014137093496878917,0.2321279574532389,0.0001155457182939516,0.2330735754279474
KXLEAGUESCUPGAME-26AUG13PORTIJ-TIE,14.0,0.41500000000000004,11.0,0.24277500000000002,0.0002250000000000004,0.25625,0.0006023539992129042,0.24803063681865972,0.0005147381373402459,0.2658825125412516,0.0004836241203815794,0.24647957222368
KXLEAGUESCUPGAME-26AUG13PORTIJ-TIE,7.0,0.15,7.0,0.1275,0.00010000000000000018,0.2224,0.0004484314548331507,0.15896924027845993,0.000395616719205642,0.1641726943778648,0.0004407324136928062,0.14913349933756773
KXLEAGUESCUPGAME-26AUG13PORTIJ-TIE,3.0,0.31,3.0,0.21389999999999998,0.0,0.1765,0.00018427182077808768,0.2146174713486034,0.00012923534453725388,0.21756372182470035,0.00012073706159830318,0.21701177831111476
KXMLBGAME-26MAY092105PITSF-SF,3.0,0.53,3.0,0.2491,0.0,0.24109999999999998,0.00015462800241473093,0.2537030804920001,0.00012648743013648106,0.2583653041805988,9.338326927149153e-05,0.24816440771671938
KXUFCFIGHT-26FEB28MORKAV-KAV,7.0,0.34,5.0,0.2244,0.0009999999999999963,0.397,0.0002811439764496411,0.23112938049465026,0.0002260314214734078,0.23733786230597392,0.00022275865833032242,0.2242176848073164
KXUFCFIGHT-26FEB28MORKAV-KAV,3.0,0.35,3.0,0.22749999999999998,0.0004999999999999976,0.397,0.00016529762526395784,0.23472562562011745,0.00013932047047573632,0.23885375706746018,0.00013297134981184107,0.22832326595611918
KXMLBGAME-26AUG122210TEXLAA-LAA,3.0,0.43,3.0,0.2451,0.00010000000000000018,0.19939999999999997,0.00016669700931064077,0.24529581736255154,0.00015475872631892467,0.24706773518107503,0.00012278064773029005,0.24522821305791503
KXCONCACAFCCUPGAME-26APR08TOLLAG-TOL,7.0,0.74,7.0,0.19240000000000002,0.0004000000000000007,0.05379999999999999,0.0004017706103853831,0.19680421682574134,0.0003029950094804099,0.2152232128878514,0.00034526761001619415,0.20177125080810057
KXCONCACAFCCUPGAME-26APR08TOLLAG-TOL,3.0,0.73,3.0,0.1971,0.00010000000000000018,0.05339999999999999,0.0001688068762642945,0.1998941834130178,0.00012689762759928174,0.20144029655025142,0.00012592128165744203,0.2027630997787327
KXLALIGAGAME-25OCT27RBBATM-ATM,7.0,0.44,7.0,0.24640000000000004,0.0005000000000000009,0.2917,0.0003938877015282628,0.24937907585874983,0.00032610754995337083,0.2557535933301305,0.00028381387176521536,0.24839985947446078
KXLALIGAGAME-25OCT27RBBATM-ATM,3.0,0.45,3.0,0.24750000000000003,0.00020000000000000036,0.2917,0.00016156162442071363,0.24579070642110318,0.00013716329766762028,0.2507734479583741,0.0001076476394113902,0.2476626144021121
KXFOWOMENSINGLES-25-QZ,14.0,0.11,14.0,0.0979,0.0008000000000000001,0.0053,0.0006104568621548867,0.15311331048408572,0.0005653182949913335,0.17178783789133562,0.0006143450439931934,0.17462987110218478
KXFOWOMENSINGLES-25-QZ,7.0,0.05,7.0,0.0475,0.0006000000000000001,0.0017000000000000001,0.0002390888853910541,0.13285029778358495,0.0002153156253393105,0.17322527392522322,0.0002585771942749744,0.1449678142916103
KXFOWOMENSINGLES-25-QZ,3.0,0.05,3.0,0.0475,0.0001999999999999998,0.0017000000000000001,9.90526061137803e-05,0.11460286204004254,7.812967229022212e-05,0.11256879181229788,0.0001335556269501432,0.09559096505792754
KXNHLSPREAD-26APR21LACOL-COL1,7.0,0.57,5.0,0.2451,0.00010000000000000018,0.23724999999999996,0.000259227759509545,0.24779092546811782,0.00022850789147515967,0.2504462403331695,0.00019840665929766918,0.24410241734505064
KXNHLSPREAD-26APR21LACOL-COL1,3.0,0.51,3.0,0.2499,0.00010000000000000018,0.15139999999999998,0.00017416816771229134,0.24947555524745352,0.00013359116647317226,0.25315253749383526,0.00011424241059129364,0.24936979285419625
KXWCTOTAL-26JUN27COLPOR-1,30.0,0.9199999999999999,23.0,0.07360000000000005,0.0011499999999999933,1.2145499999999998,0.0009874328028891847,0.2161140043521791,0.0008634013455363093,0.24363794903949973,0.0010823367288673106,0.18624240863277108
KXWCTOTAL-26JUN27COLPOR-1,14.0,0.92,14.0,0.07359999999999997,0.0005999999999999989,0.8649999999999999,0.000629175150200122,0.13859736532210812,0.0005157832921317399,0.14910700937852336,0.0008422358097444216,0.14411538297221593
KXWCTOTAL-26JUN27COLPOR-1,7.0,0.91,7.0,0.08189999999999997,0.0002999999999999983,0.8649999999999999,0.00032613985888886615,0.10360640351877473,0.00026993043231333843,0.12361985003421787,0.0004958552963843239,0.10597578408391697
KXWCTOTAL-26JUN27COLPOR-1,3.0,0.93,3.0,0.06509999999999996,9.999999999999796e-05,0.8649999999999999,0.00012153098574708792,0.07734730567342842,0.00010839574280566447,0.09322718570831091,0.00021003428397309753,0.08355048533807734
KXNEXTTEAMNBA-26LJAM-LAL,30.0,0.5,30.0,0.25,0.0006999999999999999,0.20829999999999999,0.0016105566827653939,0.279641874293932,0.0013719960925024158,0.311922025241989,0.001510015261226995,0.2622178295919342
KXINTLFRIENDLYGAME-26MAY31GERFIN-FIN,3.0,0.09,3.0,0.0819,9.99999999999999e-05,0.0026,0.00012113745405448309,0.1068017318140339,0.0001081305830564265,0.11178593548866905,0.00014565833521504697,0.10359385004911979
KXNCAAFSPREAD-25DEC19ALAOKLA-ALA6,14.0,0.49,12.0,0.2499,0.00030000000000000057,0.4837999999999999,0.0006671830159339034,0.25252835966758264,0.0005056390916918886,0.2738161328501028,0.0004919922224105109,0.24908119715003563
KXNCAAFSPREAD-25DEC19ALAOKLA-ALA6,7.0,0.32,7.0,0.2176,0.00020000000000000036,0.4673999999999999,0.0003793153567440944,0.22671536451017357,0.00031274369687523583,0.23478217232541432,0.00031158805438540624,0.22096652108179923
KXNCAAFSPREAD-25DEC19ALAOKLA-ALA6,3.0,0.32,3.0,0.2176,0.00010000000000000018,0.4628999999999999,0.00015361906513393304,0.21902518826923406,0.00012356156686210067,0.22679892936185772,0.00012445292444907726,0.22079324178820003
KXMLBGAME-26AUG292205AZSFG2-SF,3.0,0.46,3.0,0.24840000000000004,0.0,0.1242,0.00017230571724930111,0.24831244274201927,0.00013317459981104535,0.25417498496645935,0.00013159958093319262,0.2490716247450463
KXLOLGAME-26AUG010600DKGEN-DK,3.0,0.27,3.0,0.1971,0.0,0.4011,0.00015300396224957426,0.20262587452414324,0.00010655382894622207,0.20363565512221318,0.00012434991450851297,0.2024861670896075
KXWC1H-26JUN17AUTJOR-JOR,14.0,0.09,13.0,0.0819,0.0006000000000000001,0.010100000000000001,0.0004777953640587704,0.1722047267059336,0.00047307187220006053,0.18715382200823386,0.0005237417660448039,0.16151141138157704
KXWC1H-26JUN17AUTJOR-JOR,7.0,0.09,7.0,0.0819,0.00015,0.010100000000000001,0.0002643526321817768,0.14395361947338647,0.00022420678765426856,0.1451025350956914,0.0002834758979591953,0.13630270578477457
KXWC1H-26JUN17AUTJOR-JOR,3.0,0.11,3.0,0.0979,0.0,0.010100000000000001,0.00012444727559984297,0.10606039201113747,8.71118840905967e-05,0.11586524049196646,0.00015235432984004235,0.11175955248592558
KXNYCFINALMARGIN-25-ACUO-T5,30.0,0.31,30.0,0.21389999999999998,0.0002250000000000004,0.733425,0.0016222300390907108,0.2502753045921117,0.0013809882585760769,0.2836787062221669,0.0015644682384456138,0.25873077247282794
KXMARMAD-25R32G4-UNM,7.0,0.11,6.0,0.0979,0.0,0.07415000000000001,0.0002505923900814805,0.1354295509040283,0.00020316583605285607,0.14339083004829858,0.0002586766483422056,0.12204157074074302
KXMARMAD-25R32G4-UNM,3.0,0.13,3.0,0.1131,0.0,0.07150000000000001,0.00016705419211838956,0.12675973772424917,0.0001287637373956321,0.13142086942255232,0.00018824438928824013,0.12140364548807403
KXPERFORMGRAMMYS-26-BAD,30.0,0.09,30.0,0.0819,0.0009999999999999996,0.4597,0.0011166704088548202,0.19233710774933044,0.0011271298410797672,0.21203949061031183,0.0012302362009964625,0.1908043877651736
KXPERFORMGRAMMYS-26-BAD,14.0,0.31,14.0,0.21389999999999998,0.0008999999999999993,0.2056,0.0007602847142749185,0.21955069279932304,0.00065351114981537,0.23507160690567974,0.0007070365921678334,0.21981560255279098
KXPERFORMGRAMMYS-26-BAD,7.0,0.2,7.0,0.16000000000000003,0.0007999999999999992,0.1558,0.0004999220683866985,0.17600183958327098,0.0004342695272086329,0.18583845340314045,0.0005005456766489213,0.1828628346635003
KXPERFORMGRAMMYS-26-BAD,3.0,0.19,3.0,0.1539,0.0003999999999999996,0.09889999999999999,0.00019863316504545225,0.1614406046922594,0.00018733268058148677,0.1627056123108984,0.00022378752013870045,0.1613642200372707
KXLIGAMXTOTAL-26JUL24TIJLEO-2,14.0,0.57,11.0,0.2451,0.00037500000000000397,0.361425,0.0006152834474199157,0.24849855373109517,0.0004747569734459367,0.2679911929314038,0.0004993532981360526,0.24731105518007482
KXLIGAMXTOTAL-26JUL24TIJLEO-2,7.0,0.79,7.0,0.1659,5.000000000000009e-05,0.3234,0.00038862097079245093,0.17027580847041182,0.00032901926552371104,0.18622490339263892,0.00037992452513368926,0.17554103141671276
KXLIGAMXTOTAL-26JUL24TIJLEO-2,3.0,0.8049999999999999,3.0,0.15697500000000003,2.5000000000001153e-05,0.3209,0.00016115374816517086,0.16441049959757806,0.00011253369426892265,0.1727602162312159,0.00015194508063864266,0.1644826854569017
KXNFLSPREAD-25NOV02MINDET-DET10,7.0,0.5,7.0,0.25,0.00029999999999999943,0.20805,0.00038934198283672463,0.250300834026352,0.0003295477346442782,0.26528087761369473,0.0002747515786596398,0.2516516930645442
KXNFLSPREAD-25NOV02MINDET-DET10,3.0,0.45,3.0,0.24750000000000003,0.00010000000000000018,0.2026,0.00015669193860683487,0.24883807816773293,0.00014186751095206338,0.249222065156039,9.742828638178956e-05,0.24768292356037022
KXPGATOUR-FAIO26-CAME,7.0,0.05,6.0,0.0475,0.00010000000000000005,0.491,0.00020004966124079231,0.14009429061816475,0.0001964348880144752,0.1226765389538777,0.00021952226015472303,0.12303023838628523
KXEPSTEIN-26MAR01,30.0,0.16,21.0,0.1344,0.0009,0.15130000000000002,0.001133554781883184,0.22142502211157244,0.0010079885004115963,0.2517496250319855,0.0011526810046762835,0.21101372808026525
KXEPSTEIN-26MAR01,14.0,0.26,14.0,0.19240000000000002,0.0006999999999999996,0.05050000000000002,0.0007760135109619306,0.22691126470395567,0.0006712274116734696,0.2530136964012396,0.000742908719210096,0.21437862305803942
KXEPSTEIN-26MAR01,7.0,0.06,7.0,0.05639999999999999,0.00030000000000000003,0.0035000000000000005,0.0002296576429854868,0.15571280096534446,0.0002122948928727072,0.12982572499894698,0.00026153110822502157,0.11999158297415712
KXBUNDESLIGAGAME-26JAN10UNIM05-UNI,7.0,0.46,7.0,0.24840000000000004,0.0,0.21299999999999994,0.0003502707962722949,0.24639836247663552,0.0002936228931210205,0.256806993430937,0.00032748536296188323,0.2493406445302699
KXBUNDESLIGAGAME-26JAN10UNIM05-UNI,3.0,0.44,3.0,0.24640000000000004,0.0,0.21259999999999996,0.00015261412852556023,0.24847053405536193,0.00013819853888498356,0.2522702560533382,0.00011733345282506919,0.24927331526430238
KXLIGAMXSPREAD-26AUG30MONASL-ASL2,7.0,0.065,7.0,0.060775,0.00012499999999999995,0.5570999999999999,0.00023721468806603435,0.15249378299559957,0.0002526617483758322,0.1543331789783269,0.00028428881806803736,0.14303996762597412
KXLIGAMXSPREAD-26AUG30MONASL-ASL2,3.0,0.05500000000000001,3.0,0.05197500000000001,2.5000000000000045e-05,0.5570999999999999,9.339406857520927e-05,0.10138710830375476,8.599332320844574e-05,0.08721479005961845,0.00012673078207501797,0.11045529644335972
KXNCAAFGAME-25OCT04OKSTARIZ-OKST,7.0,0.3,7.0,0.21,9.99999999999999e-05,0.0375,0.000399733840888953,0.21731772492015303,0.0002932943376143729,0.22336078421646202,0.00032325784959762324,0.2121189033215445
KXNCAAFGAME-25OCT04OKSTARIZ-OKST,3.0,0.1,3.0,0.09000000000000001,0.0,0.0082,0.00012435181550898478,0.10887437928745168,0.00010099173046875766,0.11542272896165427,0.00015897703420956558,0.0960641091079611
KXNCAAFTOTAL-25DEC22WSUUSU-52,14.0,0.49,14.0,0.2499,0.0007499999999999981,0.3672,0.0007710773334398903,0.2570865251378661,0.0005944817019996585,0.2828722340432472,0.000642353625712194,0.25370848539761615
KXNCAAFTOTAL-25DEC22WSUUSU-52,7.0,0.49,7.0,0.2499,0.0004999999999999976,0.36439999999999995,0.0003684978217618251,0.25252259318699494,0.0003152201999884096,0.25532877993115405,0.00025793037688358735,0.24909006842406484
KXNCAAFTOTAL-25DEC22WSUUSU-52,3.0,0.44,3.0,0.24640000000000004,0.0,0.3626,0.00016685260620766736,0.24510688888739382,0.00011236735517460246,0.2593087333296322,0.00011989714232754007,0.2467009325573148
KXTRUMPSAY-26MAR23-BIBI,7.0,0.78,7.0,0.17159999999999997,0.00010000000000000018,0.20910000000000006,0.00034810755342517684,0.17412464485491075,0.00031321493875514564,0.20358768108957576,0.000371962674670408,0.17983781465376278
KXTRUMPSAY-26MAR23-BIBI,3.0,0.62,3.0,0.2356,0.0,0.19020000000000004,0.00015463674105688005,0.23878770794052862,0.00010769441649935932,0.23984323991149467,0.00011712541065302444,0.23726328561824864
KXNFLSPREAD-26FEB08SEANE-SEA9,14.0,0.39,14.0,0.2379,0.0007000000000000012,0.4106,0.0008143145562160676,0.24132393547139835,0.0005808327991292727,0.2590231927538494,0.0006991227164966308,0.24171084907762566
KXNFLSPREAD-26FEB08SEANE-SEA9,7.0,0.36,7.0,0.2304,0.00030000000000000057,0.4097,0.00037162205277061573,0.24136646074850185,0.00031697633846510166,0.24235317453287547,0.00033550369363528865,0.23478090892508452
KXNFLSPREAD-26FEB08SEANE-SEA9,3.0,0.35,3.0,0.22749999999999998,0.00020000000000000036,0.4097,0.00016270089185364155,0.23356191784911054,0.00011951967203140179,0.2459239975306646,0.00011685946868395081,0.22881582476169762
KXINDY500-25-PO,30.0,0.11000000000000001,19.0,0.09790000000000001,0.0003249999999999999,0.057625,0.000849417366311214,0.1920429328503345,0.0007613940266779204,0.20935474409841767,0.0008610250359868695,0.19426737977389869
KXINDY500-25-PO,14.0,0.22,14.0,0.1716,0.0003,0.04830000000000001,0.0008473193997277356,0.18907733986514322,0.0007021786439839491,0.21423120068470816,0.0008218687513209335,0.19531573793440785
KXINDY500-25-PO,7.0,0.13,7.0,0.1131,0.0003,0.038200000000000005,0.00035740300244847193,0.1663860672951045,0.00034722310165475316,0.17815675181236884,0.00036950822898453945,0.14331033437032634
KXINDY500-25-PO,3.0,0.17,3.0,0.1411,9.999999999999963e-05,0.0366,0.00019128008894073553,0.15112988256137483,0.0002035361910358644,0.15262598456336768,0.00020844677702118195,0.14324135921721332
KXNCAAMBSPREAD-26MAR20WRSTUVA-UVA2,7.0,0.925,5.0,0.06937499999999996,0.00012500000000000022,0.004999999999999993,0.00024490172137691426,0.08499571543669868,0.00018816874346525695,0.1090187283708159,0.0003972094682472362,0.08200802748207078
KXNCAAMBSPREAD-26MAR20WRSTUVA-UVA2,3.0,0.915,3.0,0.07777499999999997,2.5000000000000045e-05,0.004999999999999993,0.00013390564915131677,0.08598888635139744,0.0001102078353263471,0.09491363739783346,0.00021859718679152776,0.08313155794072341
KXSENATELAR-26-JLET,30.0,0.931,30.0,0.06423899999999996,0.0026619999999999934,0.04151099999999998,0.0012709395575755582,0.2252163235561069,0.0010885469935688896,0.23858890739824612,0.0013633733152029028,0.2335569084045457
KXSENATELAR-26-JLET,3.0,0.86,3.0,0.12040000000000001,0.0,0.03212199999999999,0.00016339693186109532,0.13368434153896364,0.00015392820884731567,0.1343002924320898,0.00017744577928650526,0.12510090025312276
KXT20MATCH-26MAY271330DERLEI-LEI,3.0,0.47000000000000003,3.0,0.24910000000000002,0.0,0.18134999999999996,0.00017779536186781353,0.24858151066704462,0.00011897465349850981,0.257800258726869,0.00010735882359961277,0.2501529772760197
KXNCAAWBGAME-26MAR12VALPDRKE-VALP,3.0,0.06,3.0,0.05639999999999999,0.00042499999999999987,0.0009249999999999999,0.00010129479666158912,0.10397848543024996,9.885780741396531e-05,0.09905026208350559,0.00013840860030601103,0.10043816580619255
KXMLSGAME-26AUG19COLLAFC-TIE,14.0,0.25,14.0,0.1875,0.00030000000000000057,0.5577,0.000809148729167379,0.20623566115428058,0.0006646037771213511,0.23493452690188532,0.00077093526191115,0.2164624998774628
KXMLSGAME-26AUG19COLLAFC-TIE,7.0,0.26,7.0,0.19240000000000002,0.00010000000000000018,0.5577,0.0004612075807097178,0.20199107223508608,0.00039517816353099115,0.20910401874252016,0.000376372754334955,0.20681185875230987
KXMLSGAME-26AUG19COLLAFC-TIE,3.0,0.27,3.0,0.1971,0.0,0.5577,0.00012709931313085,0.19974920495619095,0.0001411696986302057,0.19826888967695233,0.0001313486118829108,0.20071379861688193
KXNFLFIRSTTD-26FEB08SEANE-SEARSHAHEED22,14.0,0.06,14.0,0.05639999999999999,0.0001999999999999998,0.0044,0.0004959682122875535,0.16582637027285232,0.00038932872132501793,0.188017490186243,0.000509152184769241,0.13193402288655678
KXNFLFIRSTTD-26FEB08SEANE-SEARSHAHEED22,7.0,0.06,7.0,0.05639999999999999,0.0,0.0044,0.00021108561993436216,0.13242449873290474,0.00020930663428985426,0.10801805484603488,0.00023942913832028227,0.13932528817182704
KXNFLFIRSTTD-26FEB08SEANE-SEARSHAHEED22,3.0,0.06,3.0,0.05639999999999999,0.0,0.0025999999999999994,0.00010271091890600291,0.11128445835454151,7.905039097496361e-05,0.09665293513235806,0.00013209906982864032,0.09724206010564757
KXLALIGA2GAME-26MAY01DEPLEG-DEP,3.0,0.565,3.0,0.245775,2.5000000000001153e-05,0.14609999999999998,0.00015101257107672276,0.2437006791317167,0.0001497770807121857,0.2513889322597212,0.00011228255309455905,0.24631162298631548
KXMLBGAME-26JUN262138ATHLAA-LAA,3.0,0.46,3.0,0.24840000000000004,0.0003999999999999985,0.22099999999999997,0.0001452154315101173,0.25142798217986545,0.0001422304658635374,0.25245143766352024,0.00011267798099935337,0.24922691282518733
KXNFLGAME-25OCT26CHIBAL-CHI,14.0,0.5349999999999999,12.0,0.248775,0.00010000000000000018,0.2586249999999999,0.0006583788894943514,0.25751231680366216,0.00047539723597400945,0.28647208501583327,0.0005380750610908601,0.2502423629997246
KXNFLGAME-25OCT26CHIBAL-CHI,7.0,0.26,7.0,0.19240000000000002,0.0,0.19699999999999995,0.00046965279115796107,0.21393278456392623,0.000363373473001254,0.2039740551433811,0.00038847946642128636,0.1990663403520392
KXNFLGAME-25OCT26CHIBAL-CHI,3.0,0.3,3.0,0.21,0.0,0.19539999999999996,0.00016708628230406648,0.21710108658135469,0.00013637952916139228,0.21713379892742302,0.0001301604698520176,0.21407659354274622
KXPGAR2LEAD-USO26-SSTE,30.0,0.055,30.0,0.051975,0.00035,0.0013250000000000002,0.0011253762606250406,0.19139088538948035,0.0010686668128705055,0.18329950376677115,0.0010745378523467175,0.197481798268551
KXMVESPORTSMULTIGAMEEXTENDED-S2026CDB27DCBDA3-41A99BFB711,7.0,0.5,5.0,0.25,4.9000000000000087e-05,0.7570849999999999,0.0002566019123486577,0.2506580262705437,0.00022199756342349296,0.2580165407289622,0.00020201842138386643,0.25258830569456076
KXMVESPORTSMULTIGAMEEXTENDED-S2026CDB27DCBDA3-41A99BFB711,3.0,0.5,3.0,0.25,4.9000000000000087e-05,0.7570849999999999,0.00014879917583281627,0.24912331229884338,0.00013540136857770574,0.25074442138257974,0.00011045313161557755,0.25033960487215107
KXUCLGAME-25OCT21PSVNAP-NAP,14.0,0.45,14.0,0.24750000000000003,0.00030000000000000057,0.18539999999999998,0.0007882541774999563,0.2556937791138862,0.0006128745768166109,0.2701991072536447,0.0005995369076840374,0.24908933527022614
KXUCLGAME-25OCT21PSVNAP-NAP,7.0,0.45,7.0,0.24750000000000003,0.00010000000000000018,0.18539999999999998,0.0003677349461585454,0.25208906598730646,0.0003252913315871814,0.2571191254268814,0.00030040508340617683,0.24716854220763537
KXUCLGAME-25OCT21PSVNAP-NAP,3.0,0.46,3.0,0.24840000000000004,0.0,0.18539999999999998,0.00014505558459682846,0.2477860984606196,0.00013304910880609187,0.24919267239726076,0.00011367800933869895,0.24668142318338832
KXNCAAFGAME-25SEP13BCSTAN-BC,14.0,0.49,13.0,0.2499,0.000799999999999997,0.76575,0.0007193617812356782,0.2555442961787941,0.0005762082372351779,0.2797810724420664,0.0005506082174545935,0.25058776681496064
KXNCAAFGAME-25SEP13BCSTAN-BC,7.0,0.78,7.0,0.17159999999999997,0.0006999999999999967,0.5835,0.0003707733727160142,0.1829425044733556,0.0003059431795090002,0.1934820271773231,0.0003958714885665687,0.17776663073923513
KXNCAAFGAME-25SEP13BCSTAN-BC,3.0,0.83,3.0,0.14110000000000003,0.00010000000000000018,0.5826,0.00018616387550502176,0.14516729286145547,0.00013395813021838913,0.15559777783734005,0.00016334608736324002,0.14582319435776925
KXPGATOUR-CAC26-TFLE,7.0,0.054,7.0,0.051084,0.00010500000000000003,0.0010769999999999998,0.00034456909693486874,0.12667092745574124,0.00029781440594755794,0.12623488168042346,0.00036372956943603167,0.13619527346539992
KXSCOTTISHPREMGAME-26AUG09RFCHIB-HIB,7.0,0.18,6.0,0.1476,0.0007000000000000001,0.7056999999999999,0.00045304067946556073,0.1706209741460764,0.00044517983959027315,0.18167831979537272,0.0004207129161472424,0.15626552368110985
KXSCOTTISHPREMGAME-26AUG09RFCHIB-HIB,3.0,0.17,3.0,0.1411,0.00020000000000000036,0.7056999999999999,0.00020890172469195962,0.14186562958329277,0.0001616375910291451,0.15396792000857423,0.00021461287904435856,0.15123893772001604
KXTOPMODEL-26FEB28-CLAU6,30.0,0.25,18.0,0.1875,0.0,0.5385000000000001,0.0010256532511369522,0.24487442911426294,0.0008576022544609566,0.25061750131443655,0.0009771965397232082,0.22678132144031424
KXTOPMODEL-26FEB28-CLAU6,14.0,0.09,14.0,0.0819,0.0,0.5249000000000001,0.0005675030178072695,0.16644454707641199,0.0004687504217663772,0.20024934809570902,0.000547769474666737,0.16969492679709244
KXTOPMODEL-26FEB28-CLAU6,7.0,0.64,7.0,0.2304,0.0,0.152,0.00041722723029982673,0.23154939443850125,0.0003047233858904529,0.24828456832620102,0.0002992165943221384,0.23311210614501376
KXTOPMODEL-26FEB28-CLAU6,3.0,0.89,3.0,0.09789999999999999,0.0,0.02989999999999997,0.00013949705710140616,0.1048411600443724,0.00012516926353074853,0.11927646342586291,0.00020715776068692732,0.10430832207678922
KXNCAAFPREPACKSGP-26JAN08MIAMISS-MISSO51,7.0,0.23,7.0,0.1771,0.00030000000000000057,0.5346,0.0004591424811427727,0.1827296738915394,0.00044744878656040424,0.19677837230933115,0.00039314348442211666,0.19232320264820305
KXNCAAFPREPACKSGP-26JAN08MIAMISS-MISSO51,3.0,0.21,3.0,0.1659,0.00010000000000000018,0.5342,0.00019463617476014436,0.1732291726071926,0.00018724184363868128,0.1775491583029914,0.00019735597620537773,0.16839516886369835
KXFIBACHAMPLEAGUEGAME-26MAR181400AEKALBA-ALBA,3.0,0.79,3.0,0.1659,0.0,0.4455,0.00015506907313935937,0.1670368374120511,0.00011883220463203798,0.18305853938472388,0.00014331942242957492,0.16952098907317142
KXUCLGAME-26AUG04SPAOL-SPA,7.0,0.41500000000000004,7.0,0.24277500000000002,0.0,0.4979249999999999,0.0003929391469540565,0.24853528304930828,0.0002926861015202322,0.2529796496307404,0.0003081892548779018,0.2458755168210086
KXUCLGAME-26AUG04SPAOL-SPA,3.0,0.3,3.0,0.21,0.0,0.4761999999999999,0.00016504021210454482,0.21390857541291994,0.00011972159200704014,0.22828120089878431,0.00011708940857344013,0.21250947399907769
KXNCAAFGAME-26AUG29GCBUT-GC,3.0,0.49,3.0,0.2499,0.00022499999999999956,0.145725,0.000163743154637576,0.25140700106765257,0.00013043806269884392,0.25179450821822946,0.00012365471512069932,0.250305367837687
KXUCLGAME-26AUG18DINVIK-VIK,7.0,0.175,7.0,0.14437499999999998,0.0006,0.034125,0.0004965794633040727,0.16637192068234874,0.00041449863289595837,0.17873014417713295,0.00048675553618134033,0.152779282299795
KXUCLGAME-26AUG18DINVIK-VIK,3.0,0.23,3.0,0.1771,0.0003999999999999996,0.0329,0.00019303022478285247,0.18532857155777463,0.0001789090526292373,0.2002934490870227,0.00018416708708241637,0.17794646296380134
KXNCAAFGAME-25DEC05UNTTULN-UNT,7.0,0.58,5.0,0.2436,0.0002999999999999961,0.3136999999999999,0.0002678899341837962,0.24591931623583518,0.00020556317576841447,0.2515447365685382,0.0002022260579924934,0.24336686165199636
KXNCAAFGAME-25DEC05UNTTULN-UNT,3.0,0.57,3.0,0.2451,0.00019999999999999592,0.3136999999999999,0.00017808832358027195,0.24538844600861545,0.000146235203611524,0.24654631668246985,0.00011560953500673879,0.2466331546013128
KXWCTOTAL-26JUN17PORCOD-2,14.0,0.77,13.0,0.17709999999999998,0.0007000000000000013,0.0498,0.0007199681628325228,0.19475323596352945,0.0005621627678965617,0.216800234627938,0.0007919450542265819,0.1917150782161152
KXWCTOTAL-26JUN17PORCOD-2,7.0,0.81,7.0,0.15389999999999995,0.00045000000000000075,0.0494,0.00040578070757285546,0.16459446432282487,0.0002989444111734053,0.19564439737203018,0.0004211258411570519,0.16290998706964202
KXWCTOTAL-26JUN17PORCOD-2,3.0,0.8,3.0,0.15999999999999998,0.0,0.0494,0.00017195607433864843,0.17006728672801433,0.0001387800602517943,0.17446748900099762,0.00014225150605181062,0.16414952764660462
KXJBLEAGUEGAME-26APR120105ALPANH-ALP,3.0,0.56,3.0,0.24639999999999998,0.0,0.60515,0.00016725024972491233,0.25126684811603517,0.00013360527887578262,0.2518967768251308,0.00010379740198444682,0.24733105364712618
KXCLUBWC-25-PSG,30.0,0.29,25.0,0.20589999999999997,0.0012999999999999993,0.7238,0.0013520117953959845,0.2553347003019778,0.001175550081445017,0.28602146332057804,0.0012752632504419786,0.24273708310383596
KXCLUBWC-25-PSG,14.0,0.29,14.0,0.20589999999999997,0.0008999999999999982,0.7101999999999999,0.0006728456458683408,0.22489656691229187,0.0006420583241197295,0.24349394120030354,0.0006704459755552114,0.21206458226475797
KXCLUBWC-25-PSG,7.0,0.4,7.0,0.24,0.00020000000000000036,0.7008,0.0003882523446338113,0.2401610495686062,0.00029371665202842704,0.24705921903792394,0.0003124335882176844,0.2409333913910675
KXCLUBWC-25-PSG,3.0,0.75,3.0,0.1875,0.00010000000000000018,0.5626,0.00016033376737121122,0.18666394572890063,0.00013502922770163917,0.2030704803478356,0.00014701825428456894,0.1925521196436103
KXNCAAFTOTAL-26JAN01MISSUGA-59,14.0,0.5,13.0,0.25,0.0004999999999999987,0.32030000000000003,0.0007683356628455557,0.25897687514556134,0.0005913815238587506,0.27683860059907744,0.0005791881066883413,0.24926076556911267
KXNCAAFTOTAL-26JAN01MISSUGA-59,7.0,0.41000000000000003,7.0,0.2419,0.00010000000000000018,0.3154,0.00037819267782908243,0.24992064917143453,0.00031135825204569255,0.250878199014819,0.00028423873852402234,0.24353713905180233
KXNCAAFTOTAL-26JAN01MISSUGA-59,3.0,0.4,3.0,0.24,0.0,0.31460000000000005,0.00016529461045950225,0.23788164575882478,0.00012783334434757532,0.2426971175987911,0.0001366642968423382,0.23981843836431638
KXNFLGAME-25NOV23JACARI-ARI,14.0,0.5449999999999999,13.0,0.247975,0.0009749999999999984,0.2027,0.0006882961806782705,0.2511769963279607,0.0005469007922795984,0.26680881255699584,0.0005780421624050738,0.24708441190590136
KXNFLGAME-25NOV23JACARI-ARI,7.0,0.43,7.0,0.2451,0.00030000000000000057,0.1946,0.00036777924225629395,0.25106816698360473,0.00031996946917483616,0.2578749613548308,0.00026625256123177316,0.24661565397092466
KXNFLGAME-25NOV23JACARI-ARI,3.0,0.41,3.0,0.24190000000000003,0.00010000000000000018,0.1946,0.00015965591736567136,0.24382826782341996,0.00012501264023080118,0.2458233295479727,0.0001069855106997196,0.2456456784552197
KXMLSGAME-26APR22TORPHI-TOR,7.0,0.41000000000000003,7.0,0.2419,0.0005499999999999999,0.1522,0.0003778647717117091,0.2477016345494628,0.00030224393796383274,0.24972112200634983,0.00028345431827230173,0.24334760485896312
KXMLSGAME-26APR22TORPHI-TOR,3.0,0.4,3.0,0.24,0.0,0.1522,0.00015943017885033757,0.23987022782585193,0.00013837862587659253,0.2460617879662058,0.0001083802812817094,0.24201475773783976
KXLEAGUESCUPGAME-26AUG05LAFCCDG-CDG,7.0,0.195,7.0,0.156975,0.0,0.31662500000000005,0.0004877066314901714,0.17094149620809646,0.00041578583408775216,0.20039763925123727,0.00044761844572721853,0.170047158188242
KXLEAGUESCUPGAME-26AUG05LAFCCDG-CDG,3.0,0.34,3.0,0.2244,0.0,0.0946,0.00013781763127450542,0.22637760655354114,0.00011858256949370469,0.2345038440911004,0.00013413486584569308,0.2236323452375761
KXUFCFIGHT-26MAR14SMIYOU-YOU,7.0,0.45,5.958333333333333,0.24750000000000003,0.00010000000000000018,0.091,0.00036010838440664073,0.25003659873572653,0.00026235749535839835,0.2524088536809099,0.0002589507731627428,0.2475209654110534
KXUFCFIGHT-26MAR14SMIYOU-YOU,3.0,0.38,2.9999999999999996,0.2356,0.0,0.0876,0.00019043512783979452,0.23741049124935848,0.00013804882294191762,0.23531122570508728,0.00011508382748241639,0.23544530419603846
KXLALIGATOTAL-26AUG28SANELC-6,7.0,0.405,7.0,0.240975,7.500000000000006e-05,0.12420000000000003,0.00041566252498477925,0.24517532818453136,0.0003099731695304444,0.2466609110911302,0.0003346704415823225,0.24359412831924637
KXLALIGATOTAL-26AUG28SANELC-6,3.0,0.060000000000000005,3.0,0.0564,5.000000000000002e-05,0.0017000000000000001,0.0001516310703477794,0.09605706599713729,0.00015656055990868024,0.09391934857160181,0.0002286012159835598,0.09002855235652561
KXCLUBFGAME-26AUG15ACMMUN-MUN,7.0,0.68,7.0,0.2176,0.00010000000000000018,0.31310000000000004,0.0003875978332516293,0.21738725266614167,0.00029068822788747695,0.22320123306031467,0.000313913343948122,0.2256065859827438
KXCLUBFGAME-26AUG15ACMMUN-MUN,3.0,0.53,3.0,0.2491,0.0,0.29510000000000003,0.000157924601453557,0.25078878435871876,0.00012661442949719624,0.2515383711552203,8.996065989210771e-05,0.24919656495948778
KXEPLGAME-26MAR01ARSCFC-ARS,14.0,0.6,14.0,0.24,0.0005000000000000009,0.14649999999999996,0.0007644597992710914,0.24750393297202872,0.0005722322979539263,0.2676267313482707,0.0006504697501927404,0.2436455063998647
KXEPLGAME-26MAR01ARSCFC-ARS,7.0,0.6,7.0,0.24,0.00020000000000000036,0.13699999999999998,0.00035291125878560294,0.24500524342726016,0.0002811916260132421,0.24268854785759925,0.0002746136648451801,0.24115071833756854
KXEPLGAME-26MAR01ARSCFC-ARS,3.0,0.61,3.0,0.2379,0.00010000000000000018,0.13699999999999998,0.0001461307884540044,0.24013244036770323,0.00013640680642960012,0.24389256794061143,0.00010480272875138273,0.23989391457419137
KXPGATOUR-FSJC25-JBRI,14.0,0.105,9.0,0.093975,7.500000000000001e-05,0.010099999999999998,0.0003748722858411234,0.15711330567939497,0.00032972255665476304,0.14560183500377405,0.00040767849637929153,0.18443329346433196
KXWCGAME-26JUN15KSAURU-TIE,30.0,0.24,30.000000000000014,0.1824,0.001375,0.594225,0.0016422496401229906,0.23301338885989586,0.0015444906538909843,0.27666292772942885,0.0016502676219372092,0.25017979743013
KXWCGAME-26JUN15KSAURU-TIE,14.0,0.215,14.000000000000014,0.168775,0.0007250000000000002,0.593,0.0008928945498760845,0.21644285206051075,0.0007883822561601147,0.23875728916870212,0.0009368333867642123,0.194852374858463
KXWCGAME-26JUN15KSAURU-TIE,7.0,0.21,7.000000000000014,0.1659,0.00029999999999999943,0.593,0.0005287857574945841,0.1797659827926995,0.0004894850045449331,0.19431009706247643,0.0005480440737091653,0.18144933080995287
KXWCGAME-26JUN15KSAURU-TIE,3.0,0.2,3.000000000000014,0.16000000000000003,0.00019999999999999982,0.593,0.00032018676641106886,0.1660730675181786,0.000270337424318773,0.18092885566711453,0.00028384321453406747,0.16807920422175543
KXNCAAFTOTAL-26AUG29SJSUUSC-62,30.0,0.5,19.0,0.25,0.0008499999999999993,0.27904999999999996,0.0010430091085849014,0.2522520153742114,0.0008389633967082344,0.29583190518749175,0.0009117828747990256,0.2565722296293246
KXNCAAFTOTAL-26AUG29SJSUUSC-62,14.0,0.465,14.0,0.24877499999999997,0.0008499999999999993,0.277825,0.0008388634806308334,0.25834883710111584,0.0006007187829792581,0.27920472407560787,0.0006105215739597954,0.2469622601568668
KXNCAAFTOTAL-26AUG29SJSUUSC-62,7.0,0.51,7.0,0.2499,0.0005999999999999989,0.2541,0.000382840533926829,0.253538239900958,0.00031653675377969396,0.255181412556929,0.0002621169861293479,0.2492892907336611
KXNCAAFTOTAL-26AUG29SJSUUSC-62,3.0,0.48,3.0,0.2496,0.00010000000000000018,0.2505,0.0001568166160085455,0.25180558759822874,0.00012854881279298095,0.25918673862144354,0.00012587041089087133,0.25064665916891155
KXMLBSERIES-25CHCMIL-CHC,14.0,0.54,9.0,0.2484,0.00010000000000000018,0.3633,0.0005253256535545845,0.2501049159470607,0.00041550938167869434,0.2707503918814549,0.0003813754969724812,0.2501793570317342
KXMLBSERIES-25CHCMIL-CHC,7.0,0.31,7.0,0.21389999999999998,0.00010000000000000018,0.3284,0.00037425491508552425,0.22111003050265574,0.0002849691955381745,0.22455996352263077,0.0003169035620067302,0.22115654618538114
KXMLBSERIES-25CHCMIL-CHC,3.0,0.23,3.0,0.1771,0.0,0.2711,0.00020309472945801536,0.1895981479556028,0.00017870683383396652,0.1887576366186071,0.0001859698570996156,0.1810777525803767
KXWC1H-26JUL01BELSEN-BEL,3.0,0.34,3.0,0.2244,9.999999999999907e-05,0.11569999999999998,0.00017134842037827336,0.22564862915847986,0.0001374137198801192,0.23322449867059536,0.00012744304373652783,0.22411222527775443
KXMLSGAME-26AUG19VANHOU-VAN,14.0,0.64,14.0,0.2304,0.0004500000000000008,0.2203,0.0007814947092880522,0.24241572242318996,0.0006177371727605935,0.2606762094771545,0.0006672107364828683,0.23329720548520855
KXMLSGAME-26AUG19VANHOU-VAN,7.0,0.645,7.0,0.22897499999999998,0.0002250000000000004,0.21690000000000004,0.00037532322831476325,0.23191086280220163,0.0003086771914835605,0.24318887808042466,0.0003553279074562347,0.22698206740331997
KXMLSGAME-26AUG19VANHOU-VAN,3.0,0.63,3.0,0.2331,0.0,0.21650000000000003,0.00017501089042619384,0.23372760470088325,0.0001326961990726239,0.23820537869199374,0.00012838905201052514,0.23118123492547085
KXMAKEMARMAD-26-MOH,30.0,0.58,29.95833333333333,0.2436,0.001099999999999992,0.8593000000000001,0.0016253222904131356,0.2565868200543614,0.0013140702434032607,0.2979160684613239,0.001538427481356787,0.24677583917164697
KXMAKEMARMAD-26-MOH,14.0,0.84,13.958333333333329,0.13440000000000002,0.0008999999999999916,0.8119000000000001,0.000709998358181719,0.15380556960041158,0.000593871491699532,0.17406166009607227,0.0009547751958525971,0.14236171493795666
KXMAKEMARMAD-26-MOH,7.0,0.95,7.0,0.04750000000000004,9.999999999999907e-05,0.8056000000000001,0.0002626382071583494,0.12173804731327109,0.000219578363034399,0.1134835666405185,0.0003328059906898008,0.10917815393323851
KXMAKEMARMAD-26-MOH,3.0,0.29,3.0,0.20589999999999997,9.999999999999907e-05,0.5042,0.00015799043153868594,0.20774898062078243,0.00010597019604973506,0.22406953412814049,0.0001053298804653617,0.21248753081848787
KXMVECROSSCATEGORY-S202658C002140CF-83218C4F4A1,14.0,0.5,9.958333333333334,0.25,0.0004399999999999979,0.16144600000000003,0.0005121656524227089,0.252684440037026,0.0004722515370954486,0.2733192971294843,0.0004153600872632891,0.2549179453242912
KXMVECROSSCATEGORY-S202658C002140CF-83218C4F4A1,7.0,0.279,6.958333333333334,0.201159,0.0004039999999999985,0.11522100000000002,0.00036261500074317424,0.2048024079041593,0.00031662197662296805,0.22890407636914886,0.0003868713642086137,0.20539776328639628
KXMVECROSSCATEGORY-S202658C002140CF-83218C4F4A1,3.0,0.27,2.958333333333334,0.1971,4.0000000000000074e-06,0.031442000000000005,0.00013875327342359253,0.19625610899400825,0.00013693212817603655,0.20582858654646524,0.00013291138811507758,0.2003105093001004
KXMVESPORTSMULTIGAMEEXTENDED-S2026E5C8DF6E297-E4A099BB104,14.0,0.5,12.0,0.25,0.00016999999999999996,0.968686,0.0006382903782034849,0.25391157966272077,0.0005379005230063795,0.2710194886229659,0.0005467740664775688,0.25082110746137515
KXMVESPORTSMULTIGAMEEXTENDED-S2026E5C8DF6E297-E4A099BB104,7.0,0.5,7.0,0.25,0.00016999999999999996,0.968686,0.0003898218291818742,0.25286122837710096,0.00031244606116124363,0.2527253315478665,0.0002566734244687346,0.24858617279957376
KXMVESPORTSMULTIGAMEEXTENDED-S2026E5C8DF6E297-E4A099BB104,3.0,0.094,3.0,0.085164,2.6000000000000046e-05,0.7939620000000001,0.00013346888096016533,0.10166742043159196,0.00011413836394574303,0.1091629743380239,0.00015447923448947003,0.09825822772264269
KXUFCFIGHT-26FEB21NEAMED-NEA,7.0,0.64,5.0,0.2304,0.0,0.42300000000000004,0.0002800925857823043,0.23753789428467023,0.00024664900932128565,0.2431005597620821,0.00021959836141228608,0.23185596055421157
KXUFCFIGHT-26FEB21NEAMED-NEA,3.0,0.66,3.0,0.2244,0.0,0.42260000000000003,0.00017926734915768398,0.23101528492862805,0.00012919777286424488,0.2398684428401241,0.00013125296377815846,0.2234153385151069
KXWC1H-26JUN19BRAHTI-HTI,14.0,0.485,14.0,0.249775,0.00065,0.08647500000000001,0.000737042476067504,0.26177784513629854,0.000624944326016234,0.27936845693093537,0.0006563757679104196,0.25492801285213057
KXWC1H-26JUN19BRAHTI-HTI,3.0,0.055,3.0,0.051975,2.4999999999999974e-05,0.0025999999999999994,0.0001647229124794989,0.09992306579815015,0.00015031105653440322,0.08061605031739529,0.0001846151629562609,0.09857850767645474
KXMLBASGAME-26JUL14ALNL-NL,30.0,0.62,30.0,0.2356,0.001399999999999997,0.33440000000000003,0.001679856966396867,0.25285508416835967,0.001252869093741693,0.30492661459172404,0.001624737236732102,0.2462977457757686
KXMLBASGAME-26JUL14ALNL-NL,14.0,0.54,14.0,0.2484,0.0008249999999999959,0.30762500000000004,0.0007732826604968445,0.25204903761274156,0.0005694020605288937,0.2641155466944218,0.0006573118165129051,0.24834582263536145
KXMLBASGAME-26JUL14ALNL-NL,7.0,0.59,7.0,0.2419,0.0005999999999999966,0.30510000000000004,0.0003715890712465922,0.24792735534846483,0.0002988173099997389,0.24846605350852546,0.0002979207685973983,0.24209990892198774
KXMLBASGAME-26JUL14ALNL-NL,3.0,0.58,3.0,0.2436,0.0003999999999999963,0.30260000000000004,0.0001642612323205591,0.24359887931126395,0.000113767579395501,0.25459246771166455,0.00011678404533635342,0.242268892248753
KXWCGROUPQUAL-26G-IRI,30.0,0.57,30.0,0.2451,0.000699999999999999,0.58415,0.0017281878223573625,0.2689235631896872,0.0012957484524806107,0.3142934185102423,0.00154883597403841,0.25718450045364094
KXWCGROUPQUAL-26G-IRI,14.0,0.61,14.0,0.2379,0.0002999999999999983,0.4914,0.0008190271344723855,0.24351580277296023,0.000665472381855472,0.2703886974125864,0.0006359475869884137,0.2388902272351739
KXWCGROUPQUAL-26G-IRI,7.0,0.63,7.0,0.2331,0.00010000000000000018,0.4198,0.0003845620436385488,0.23371715295902976,0.00029718202458617517,0.24184318492967244,0.0002938617266370229,0.2353256317440481
KXWCGROUPQUAL-26G-IRI,3.0,0.56,3.0,0.24639999999999998,0.0,0.4178,0.00016689811011226497,0.25027605532007224,0.0001507936058158489,0.2527788595492566,0.0001175761752157196,0.24668832841161537
KXSERIEAGAME-26AUG24BFCLAZ-BFC,14.0,0.43999999999999995,14.0,0.24639999999999998,0.0005749999999999999,0.18562499999999998,0.0007455722606987017,0.24852146617183837,0.0005889966446285576,0.26624131250880717,0.0006597800687740807,0.25101833625639425
KXSERIEAGAME-26AUG24BFCLAZ-BFC,7.0,0.44,7.0,0.24640000000000004,0.00037500000000000066,0.18562499999999998,0.0004112280935529278,0.24932021146263744,0.0003110651468603944,0.25658938804052,0.00031936655133206205,0.24765110037588656
KXSERIEAGAME-26AUG24BFCLAZ-BFC,3.0,0.45,3.0,0.24750000000000003,0.00010000000000000018,0.18499999999999997,0.00015348638225925546,0.2505485854585219,0.00013581591129278,0.2519268194498817,9.753090608441116e-05,0.24735874897820043
KXNFLSPREAD-25NOV16TBBUF-BUF3,14.0,0.525,9.0,0.24937499999999999,0.001024999999999993,0.1662,0.0004920278476723165,0.25212047134622495,0.0003664843869882105,0.26288778379792604,0.0003958444445318255,0.24770728367103925
KXNFLSPREAD-25NOV16TBBUF-BUF3,7.0,0.465,7.0,0.24877499999999997,0.001024999999999993,0.1626,0.00036374934885492766,0.24954856304133816,0.00030514613541282045,0.2658996773930764,0.00029254217464275324,0.24802944641081523
KXNFLSPREAD-25NOV16TBBUF-BUF3,3.0,0.56,3.0,0.24639999999999998,0.0003999999999999963,0.1526,0.00015124513512505776,0.24717917502176528,0.00011578715752232883,0.2601243929749045,0.00011123609937588243,0.2463601640594332
KXLIGAPORTUGALGAME-26AUG09BENACV-ACV,7.0,0.05,6.0,0.0475,0.00030000000000000014,0.0018000000000000004,0.00021119827720216138,0.0963982594288125,0.0002066022358761612,0.14022588846102058,0.000218189362743029,0.12491928040870708
KXWCCORNERS-26JUN25TUNNED-10,3.0,0.485,3.0,0.249775,0.00012500000000000022,0.2501,0.0001442270425829959,0.25019606462068994,0.00014155643749676466,0.25695186682232574,0.0001087755378364268,0.2496575664988655
KXNCAAFGAME-25OCT11UCLAMSU-MSU,7.0,0.65,7.0,0.22749999999999998,0.00020000000000000036,0.5285,0.0003781885636590743,0.23172011143555551,0.0003065855928039538,0.23982513595353588,0.0002858702947163814,0.22663873318677094
KXNCAAFGAME-25OCT11UCLAMSU-MSU,3.0,0.74,3.0,0.19240000000000002,0.00010000000000000018,0.5185,0.00016549004478480116,0.1982491383485965,0.00011580246750701647,0.2106503528323268,0.00013250319445692012,0.19671850443528696
KXMLSGAME-26JUL22SKCMIN-SKC,7.0,0.265,7.0,0.194775,0.00012500000000000022,0.5045999999999999,0.0003874006938288302,0.2054191924186469,0.00034969755566674444,0.21329879213813874,0.00037477055440463284,0.20456028682464164
KXMLSGAME-26JUL22SKCMIN-SKC,3.0,0.26,3.0,0.19240000000000002,0.0,0.5045999999999999,0.00017209228659988176,0.19578637475927713,0.00015046382122983076,0.1911521223080984,0.00014562353337805786,0.19870603695852174
KXWT20MATCH-26SEP011030THAPAK-PAK,14.0,0.87,14.0,0.1131,0.0005999999999999966,0.44610000000000005,0.00068172633397942,0.15673393703387598,0.0005079589149886294,0.19070853742105215,0.0009032259215359992,0.15504726987110437
KXWT20MATCH-26SEP011030THAPAK-PAK,7.0,0.56,7.0,0.24639999999999998,0.00020000000000000036,0.12459999999999997,0.0004004399395875551,0.24897704834449957,0.0003222432323278369,0.2557339576430451,0.0002884708286371678,0.24676906553524702
KXWT20MATCH-26SEP011030THAPAK-PAK,3.0,0.9,3.0,0.08999999999999998,0.00020000000000000036,0.008199999999999994,0.00014664077666724472,0.09694897196998895,0.00012715135038927198,0.11315876977124528,0.0002166524942777609,0.09564734392751967
KXWCTOTAL-26JUN24SUICAN-1,30.0,0.49,20.0,0.2499,0.0006749999999999979,0.49962499999999993,0.0010593191152934685,0.2541767482414967,0.0008946703649267491,0.27178729930338624,0.0009326164731459008,0.25156732235104007
KXWCTOTAL-26JUN24SUICAN-1,14.0,0.9099999999999999,14.0,0.08190000000000007,0.00045000000000000086,0.014999999999999993,0.0006602441107474978,0.13474827928634084,0.0005169217704341228,0.18404577488564608,0.0009614461279684262,0.1318229829838841
KXWCTOTAL-26JUN24SUICAN-1,7.0,0.92,7.0,0.07359999999999997,0.00025000000000000044,0.006499999999999994,0.00030464020872014524,0.09355804390760221,0.00024399236067468928,0.11480893536152786,0.0005137484432089422,0.08606889897941893
KXWCTOTAL-26JUN24SUICAN-1,3.0,0.905,3.0,0.08597499999999998,2.5000000000000045e-05,0.006499999999999994,0.00015559879848224951,0.08422671984421448,0.00012537494623880138,0.11014546141987845,0.00021909681916934106,0.09227157709864134
KXNFLSPREAD-25DEC04DALDET-DET6,14.0,0.5,9.0,0.25,5.000000000000009e-05,0.38639999999999997,0.00048781794939615916,0.25156203023453144,0.000385402630614499,0.2822309713808678,0.00036654564322324834,0.2533456339605764
KXNFLSPREAD-25DEC04DALDET-DET6,7.0,0.395,7.0,0.238975,2.5000000000000045e-05,0.37639999999999996,0.0003997907785032931,0.24004198135218766,0.00031110168024292095,0.24737737875544435,0.00031206632400596453,0.24236037032368574
KXNFLSPREAD-25DEC04DALDET-DET6,3.0,0.38,3.0,0.2356,0.0,0.373,0.00014606658884930973,0.23269938409397625,0.00014003450979101778,0.23390217504181174,0.00011426648025683363,0.23564287446730753
KXNCAAFGAME-25NOV15CCARGASO-GASO,14.0,0.585,13.041666666666666,0.24277500000000002,0.00015000000000000026,0.22242500000000004,0.0007737668307348853,0.24424767867090622,0.0006144124119874346,0.2603167590695405,0.0006636360812597555,0.2430596203050508
KXNCAAFGAME-25NOV15CCARGASO-GASO,7.0,0.67,6.999999999999999,0.2211,2.5000000000000045e-05,0.17422500000000002,0.00038050227518259726,0.21989845645357906,0.00027071770622915574,0.23576604531489706,0.0003354158503228711,0.22258784140975638
KXNCAAFGAME-25NOV15CCARGASO-GASO,3.0,0.59,3.0,0.2419,0.0,0.16010000000000002,0.00016600371248539551,0.24150359562416882,0.0001313318536358499,0.24518784920745604,9.74313846262885e-05,0.24412791731510844
KXLIGUE1GAME-26APR05ANGOL-OL,7.0,0.53,7.0,0.2491,0.00010000000000000018,0.30300000000000005,0.0003813503742726221,0.2552594785762519,0.00030513042345727573,0.25647388931387327,0.0002757124623904888,0.24975098901054693
KXLIGUE1GAME-26APR05ANGOL-OL,3.0,0.56,3.0,0.24639999999999998,0.0,0.30260000000000004,0.0001590503667829501,0.24674447172677444,0.00013296762351121028,0.2542181510832737,9.857299703007832e-05,0.24618331178249947
KXMLBGAME-26JUL102140TORSD-SD,3.0,0.49,3.0,0.2499,0.0,0.2151,0.0001631438087049423,0.250591135457921,0.00014385209593641705,0.25413717585034074,0.00011038959354174557,0.25056992932082356
KXOSCARACTO-25-TC,30.0,0.34,29.999999999999986,0.2244,0.0012000000000000001,0.1426,0.0016126935135522852,0.24953149197272403,0.0013387104460250104,0.2836908154123051,0.0015718826970206885,0.25044950306135044
KXOSCARACTO-25-TC,14.0,0.21,13.999999999999986,0.1659,0.0004000000000000007,0.1161,0.0008837020655958652,0.1962975992322476,0.0006981911696212707,0.21409537854052757,0.0007847934654119922,0.19442263206888719
KXOSCARACTO-25-TC,7.0,0.37,6.999999999999986,0.2331,0.00020000000000000036,0.0867,0.00038591537949290045,0.23391643195145814,0.00032772791368048824,0.24762645248314302,0.00030233973791714774,0.23779298936192078
KXOSCARACTO-25-TC,3.0,0.3,2.999999999999986,0.21,0.0,0.0842,0.00016724731675026386,0.21523545413342027,0.00012906884540648614,0.22056900681530295,0.00011164270477830989,0.21226484475686028
KXMLBGAME-26JUL092145COLSF-SF,3.0,0.56,3.0,0.24639999999999998,0.0003999999999999963,0.10620000000000003,0.0001732387988816894,0.24545465142019487,0.0001298967754506776,0.2468358138958522,0.0001010546715460838,0.24556234431394394
KXMVESPORTSMULTIGAMEEXTENDED-S2025E4247AFCF41-A3B931C3E7F,7.0,0.155,6.0,0.130975,0.0004149999999999992,0.01669,0.00040852592815298543,0.15630028414093136,0.00037668844397177983,0.16843102380907496,0.00042406746136375404,0.1486018815501193
KXMVESPORTSMULTIGAMEEXTENDED-S2025E4247AFCF41-A3B931C3E7F,3.0,0.138,3.0,0.118956,2.0000000000000037e-06,0.01669,0.00014537928889125923,0.13292725816812023,0.00014331139080521043,0.13972671912165296,0.00016664100738586263,0.12145947241585858
KXINTLFRIENDLYGAME-26JUN05HUNFIN-HUN,3.0,0.78,3.0,0.17159999999999997,0.00010000000000000018,0.1493,0.0001603708153821767,0.1804576120083785,0.000116382784709561,0.1846127337220148,0.00015187661965210557,0.17442577345736418
KXEPLGAME-25NOV08SUNARS-SUN,14.0,0.41500000000000004,14.041666666666668,0.24277500000000002,0.0005249999999999988,0.07325000000000001,0.0008491463832204232,0.2565930790875644,0.0006704316083914156,0.2660159091797741,0.0007012943470799697,0.24805995542085707
KXEPLGAME-25NOV08SUNARS-SUN,7.0,0.15,7.041666666666668,0.1275,0.00012500000000000022,0.012825,0.000526433554934198,0.15859975647792166,0.0004351663034505712,0.177391913410249,0.0004965267550537811,0.153765550521221
KXEPLGAME-25NOV08SUNARS-SUN,3.0,0.13,3.0000000000000018,0.1131,0.00010000000000000018,0.012199999999999999,0.00020196932807462425,0.1360231574033695,0.00018272859034977276,0.1489037372491343,0.0002238911260592674,0.13791503221390408
KXNCAAFGAME-25DEC19MEMNCST-MEM,14.0,0.445,12.0,0.24697499999999997,0.0005999999999999978,0.15862500000000002,0.000674243492554785,0.2555950121566737,0.0005297200042938193,0.28005912423664614,0.0005915370043405439,0.25109496211638205
KXNCAAFGAME-25DEC19MEMNCST-MEM,7.0,0.35,7.0,0.22749999999999998,0.0,0.1535,0.0003964277034054496,0.22873464406211133,0.0003368838627645818,0.24044375825780318,0.00034753831678468024,0.22858429636487043
KXNCAAFGAME-25DEC19MEMNCST-MEM,3.0,0.37,3.0,0.2331,0.0,0.1531,0.00016972641505363337,0.2325049973887836,0.000128939196171321,0.2334132553880014,0.0001368667126921151,0.22959712110837227
KXMVESPORTSMULTIGAMEEXTENDED-S2026F0A4B0BABBF-C5C26C8167F,3.0,0.316,3.0,0.21614399999999998,0.0002720000000000005,0.06845,0.00017447254759767668,0.21642405671165055,0.00014505893297546538,0.2201257821676171,0.00011900322518936836,0.21924252355722623
KXNFLSPREAD-25NOV27KCDAL-DAL2,14.0,0.5,9.0,0.25,0.00010000000000000018,0.4484,0.0005266326025028678,0.25555667273447064,0.00039391119057953256,0.26400574589160236,0.00038386772477346664,0.25020933170337156
KXNFLSPREAD-25NOV27KCDAL-DAL2,7.0,0.315,7.0,0.21577500000000002,0.00010000000000000018,0.414175,0.00038938080111339507,0.22998763632350142,0.0003217835651700461,0.2281566552010596,0.0003220847364594235,0.22162026367674503
KXNFLSPREAD-25NOV27KCDAL-DAL2,3.0,0.36,3.0,0.2304,0.00010000000000000018,0.4097,0.00017942167640078998,0.2307534137953212,0.00011404140923160097,0.24358225897189303,0.00011009046477772577,0.23434978849726587
KXLIGUE1GAME-26JAN04OMFCN-OM,7.0,0.79,7.0,0.1659,0.00030000000000000057,0.6246,0.00039582493367526305,0.17491866064446412,0.00028690142427655854,0.19754144202836288,0.0004072213398534545,0.1685872510659334
KXLIGUE1GAME-26JAN04OMFCN-OM,3.0,0.81,3.0,0.15389999999999995,0.00010000000000000018,0.6242000000000001,0.0001697036545766957,0.16041011334121533,0.00012868206256028199,0.16204489632834257,0.00015552350983332364,0.15143575179463967
KXRECNCH-25-JUN01,30.0,0.32,30.000000000000014,0.2176,0.0011999999999999964,0.2831999999999999,0.0016512101459068267,0.2560781066799136,0.0014278491478750533,0.26964529705525364,0.0016777807048642807,0.24756353121295874
KXRECNCH-25-JUN01,14.0,0.19,14.000000000000014,0.1539,0.0008999999999999961,0.2615999999999999,0.0008408212068554835,0.1901282928868688,0.0007780154418345239,0.2080758897887359,0.0009198475193890121,0.20205035112496483
KXRECNCH-25-JUN01,7.0,0.57,7.000000000000014,0.2451,0.0003999999999999963,0.1450999999999999,0.0003963388899263971,0.25044262948745527,0.0003479981482715626,0.2677165518896686,0.00033789871928321805,0.24282244687345872
KXRECNCH-25-JUN01,3.0,0.72,3.0,0.2016,0.0,0.051,0.00015310180304701327,0.20681623335893526,0.0001086035571460884,0.21559796686646657,0.00014781192906066347,0.20553021234787294
KXUCLGAME-26JUL21SBHKUPS-KUPS,7.0,0.41000000000000003,5.0,0.2419,2.4999999999999767e-05,0.083925,0.0002683192328291972,0.2409461283620797,0.0002078387355100164,0.2520527775384481,0.00020136204344969408,0.23986165664520392
KXUCLGAME-26JUL21SBHKUPS-KUPS,3.0,0.21,3.0,0.1659,0.0,0.0419,0.00020647062336841813,0.17122182556316923,0.00019102678348304419,0.17087025024311017,0.0002046962728247355,0.17096552719233152
KXNCAAFTOTAL-26JAN01MISSUGA-62,14.0,0.5,13.0,0.25,0.0,1.0594999999999999,0.0006847890293830198,0.25321302508086657,0.0005888100712209514,0.29076179431470944,0.0006069447926925421,0.24914706054939406
KXNCAAFTOTAL-26JAN01MISSUGA-62,7.0,0.345,7.0,0.22597499999999998,0.0,0.879025,0.0003995294164939593,0.2299713131109649,0.0003198088565903102,0.24688536598666422,0.0003063045541973429,0.23199540310511352
KXNCAAFTOTAL-26JAN01MISSUGA-62,3.0,0.32999999999999996,3.0,0.2211,0.0,0.8761,0.00015997228257911688,0.21706922867747777,0.00013462917180952208,0.22985317066110025,9.582925305165058e-05,0.22293697349261593
KXMLBGAME-26AUG052140DETSEA-DET,3.0,0.46,3.0,0.24840000000000004,0.0,0.14019999999999996,0.00016312924640688765,0.24893191329856507,0.0001473414057600966,0.2557227483293022,0.00011904101774804286,0.24955598436245865
KXUFCFIGHT-26JUN06CACCHA-CAC,7.0,0.48,6.0,0.2496,0.0005999999999999978,0.22099999999999997,0.00032607148718003057,0.24736065907410637,0.00025485564835496207,0.2597709787986518,0.00022731408904029873,0.25037373288741416
KXUFCFIGHT-26JUN06CACCHA-CAC,3.0,0.46,3.0,0.24840000000000004,0.00019999999999999925,0.22099999999999997,0.00013724409207955664,0.25029230410074205,0.00013147356207723172,0.25141843515840584,0.0001128551219491886,0.2488043211019254
KXUFCFIGHT-26JUL25ALIDAV-ALI,7.0,0.61,6.0,0.2379,9.999999999999796e-05,0.09300000000000003,0.00030894692955211366,0.2426344419555673,0.0002527379859351554,0.2462334530563681,0.00025786595017119587,0.2371087764725038
KXUFCFIGHT-26JUL25ALIDAV-ALI,3.0,0.68,3.0,0.2176,9.999999999999796e-05,0.09010000000000003,0.0001612217168762116,0.22060711374193206,0.00013939695317658534,0.22723727976013008,0.00012192124062870582,0.21849385764838503
KXNATHANSHDOU-26MEN-JCHE72,7.0,0.46,6.0,0.24840000000000004,0.00010000000000000018,0.14509999999999995,0.00030840763776127404,0.2540248089234782,0.00024818582643204877,0.2548480339709736,0.0002334933113620119,0.2439572142282465
KXNATHANSHDOU-26MEN-JCHE72,3.0,0.35,3.0,0.22749999999999998,0.00010000000000000018,0.0926,0.00015999799958071867,0.22760326519389984,0.0001376524633805459,0.23314168322076495,0.00013887474657629033,0.22735595075926518
KXATPMATCH-26MAY24NAVBRO-NAV,3.0,0.84,3.0,0.13440000000000002,0.00010000000000000018,0.019700000000000002,0.00015717356140948285,0.14518063556382352,0.00014772581087092737,0.14421520032177562,0.00018610468343670155,0.13658259134306458
KXWC1HSPREAD-26JUN16FRASEN-FRA2,14.0,0.495,12.0,0.249975,0.0006499999999999985,0.14912499999999995,0.0006495195217645012,0.25204143487883046,0.0004908316105662564,0.2652130850324251,0.0005379820799693233,0.25363454864448354
KXWC1HSPREAD-26JUN16FRASEN-FRA2,7.0,0.495,7.0,0.249975,0.00022499999999999986,0.14849999999999997,0.00038475554743684555,0.2515527451960813,0.00030835760193622503,0.256996917012167,0.0002487290962782006,0.2505254835695199
KXWC1HSPREAD-26JUN16FRASEN-FRA2,3.0,0.18,3.0,0.1476,0.00010000000000000018,0.0325,0.00021400619515572463,0.15226486078872167,0.0001839509917727068,0.15143925783628126,0.00021240163483814828,0.15806750186877874
KXNCAAFGAME-25OCT12USUHAW-USU,14.0,0.49,9.0,0.2499,0.00030000000000000057,0.3304,0.0004958845938548281,0.25488013045657143,0.0004070264396066716,0.25929500199936245,0.00038193882172485636,0.25098114413696293
KXNCAAFGAME-25OCT12USUHAW-USU,7.0,0.52,7.0,0.2496,0.00030000000000000057,0.29350000000000004,0.0003782952684026322,0.25134806130887677,0.00032426703754140146,0.2642910674902922,0.0002863316968615388,0.24932326603745103
KXNCAAFGAME-25OCT12USUHAW-USU,3.0,0.53,3.0,0.2491,0.00020000000000000036,0.2917,0.00015905779533924956,0.25004592091343136,0.0001167124948030096,0.2548052594722489,0.00010287169091461001,0.2494403282008618
KXWCSPREAD-26JUN14NEDJPN-JPN2,14.0,0.09,10.0,0.0819,0.0003750000000000004,0.010825000000000001,0.00036293456905768523,0.15755535060666795,0.00037281052402652227,0.15062937049904174,0.0004194135311162854,0.16678266549960155
KXWCSPREAD-26JUN14NEDJPN-JPN2,7.0,0.10500000000000001,7.0,0.09397500000000002,9.99999999999999e-05,0.010825000000000001,0.0003427908464725655,0.13851880725467194,0.00032430019213315614,0.15626213478698425,0.00031722915780524607,0.14135367027590895
KXWCSPREAD-26JUN14NEDJPN-JPN2,3.0,0.11,3.0,0.0979,9.99999999999999e-05,0.0082,0.00014355092709899254,0.11173803120640055,9.103945982502793e-05,0.12378151532460305,0.00015127650562179768,0.10860697076964725
KXSPOTIFYW-26FEB12-MAN,7.0,0.255,7.0,0.189975,0.0,0.030025000000000007,0.00040841087084531155,0.2052120613010422,0.00036992012748872106,0.20746648098176781,0.00036921977703617174,0.20817860430970694
KXDHSFUND-26FEB13,14.0,0.05,9.0,0.0475,0.0005999999999999998,0.007899999999999999,0.00028010631744701525,0.14123972209167654,0.00028707641938019587,0.13752171388965156,0.0003000462571686795,0.12597505120210553
KXDHSFUND-26FEB13,7.0,0.06,7.0,0.05639999999999999,9.99999999999999e-05,0.007899999999999999,0.00022215408814495747,0.12681172686482964,0.00021845750472312592,0.14740340908005437,0.00022795414036919835,0.1259273199517687
KXUFCFIGHT-25OCT25JANDER-JAN,7.0,0.82,5.0,0.14760000000000004,0.00030000000000000057,0.35309999999999997,0.00028880191371843716,0.15650080915137277,0.00023941420409118988,0.16467490066824794,0.00026413201072620967,0.15376547737532723
KXUFCFIGHT-25OCT25JANDER-JAN,3.0,0.42,3.0,0.2436,0.00020000000000000036,0.18499999999999997,0.00015863950423905602,0.24879989629101434,0.00013906194525750094,0.24573785443670387,9.970811175385048e-05,0.24505447526739776
KXMVESPORTSMULTIGAMEEXTENDED-S2026F95175E8823-F44D590CCCD,3.0,0.386,3.0,0.237004,1.600000000000003e-05,0.11025399999999996,0.00018069863663446116,0.23882271505690367,0.00013967993329146497,0.25147243740139635,0.0001090330233557478,0.23841792165359224
KXT20MATCH-26SEP050630EDIROT-ROT,7.0,0.5,8.0,0.25,2.5000000000000045e-05,0.3252749999999999,0.00042760574715181834,0.25148049710329873,0.00035438763889229693,0.2845316057191319,0.0003243929614144372,0.2518244195759034
KXT20MATCH-26SEP050630EDIROT-ROT,3.0,0.435,3.0,0.24577499999999997,0.0,0.3234249999999999,0.00013646643568727485,0.24665920853577197,0.000138476816980248,0.24984018808063574,0.00010715015868368841,0.24547093746378473
KXUCLGAME-26FEB18BOGINT-BOG,30.0,0.345,19.0,0.22597499999999998,0.001599999999999999,0.6248250000000001,0.0010781758948812926,0.24195954589205698,0.0008558585968772052,0.2562099295356114,0.000973360437356306,0.23682440776647629
KXUCLGAME-26FEB18BOGINT-BOG,14.0,0.26,14.0,0.19240000000000002,0.0013999999999999987,0.6202000000000001,0.0008073686073381384,0.21949788412014778,0.0006768465748841307,0.2353057199977502,0.0007708842430697655,0.21724349494253736
KXUCLGAME-26FEB18BOGINT-BOG,7.0,0.23,7.0,0.1771,0.0007999999999999997,0.6085,0.00046679140988764497,0.19127267434969858,0.0004157571223907129,0.19623699273815576,0.00043522358877649386,0.2036073724708396
KXUCLGAME-26FEB18BOGINT-BOG,3.0,0.2,3.0,0.16000000000000003,9.999999999999963e-05,0.6085,0.00019649501606564638,0.16882109472131573,0.0001771685853222314,0.17901200912934498,0.00018702770880228174,0.1628424821209067
KXWT20MATCH-26JUN200930BANPAK-PAK,7.0,0.7150000000000001,7.0,0.20377499999999996,2.5000000000001153e-05,0.6299,0.0003593203526111388,0.2041184993687861,0.0002879108830828633,0.22836322714017837,0.00030711291164820393,0.2131111002084843
KXWT20MATCH-26JUN200930BANPAK-PAK,3.0,0.41,3.0,0.24190000000000003,0.0,0.47130000000000005,0.00017420742914961914,0.24121307552932783,0.00014100789126544373,0.23959599475789478,0.00011096246487073807,0.24383615785674195
KXBUNDESLIGAGAME-26FEB28BVBBMU-BVB,7.0,0.26,7.0,0.19240000000000002,0.0003999999999999996,0.040999999999999995,0.0004529644370922244,0.2016052929955368,0.00036571605528174184,0.2228083430846468,0.00044256700505893753,0.19839363925950704
KXBUNDESLIGAGAME-26FEB28BVBBMU-BVB,3.0,0.21,3.0,0.1659,0.00019999999999999925,0.0401,0.0002130030553952309,0.17288847230802787,0.00018713053856975613,0.17934096219186862,0.0001937731645109727,0.17317303755396427
KXNCAAMBSEC-26-VAN,14.0,0.09,10.958333333333334,0.0819,0.0001999999999999998,0.5716999999999999,0.00041790295232849156,0.15260419408456258,0.0004147371983071957,0.17430949873930757,0.0004280158501334777,0.151652544159805
KXNCAAMBSEC-26-VAN,7.0,0.07,6.958333333333334,0.0651,0.0001999999999999998,0.5310999999999999,0.00027665448644397834,0.12958289365857414,0.00027238650132977425,0.13333114519100436,0.00028124984146724096,0.1386752965114743
KXNCAAMBSEC-26-VAN,3.0,0.07,3.000000000000001,0.0651,0.0,0.5310999999999999,0.00015117897951706094,0.1117904404600697,0.00013831039959778728,0.11450528556091409,0.0001753112803448431,0.10449192909765018
KXVOTEPRIMARY-MAYORLA26SPRA-70,30.0,0.07,30.0,0.0651,0.0006000000000000002,0.0025999999999999994,0.001138785457222854,0.1975666762824514,0.001077054041063831,0.19066079749048023,0.001108676224095933,0.21747057365377245
KXCLACTONBYELECTION-26SEP01-RUK,30.0,0.95,30.0,0.04750000000000004,0.001600000000000003,0.4901,0.0012654727725095226,0.202944069409808,0.001058767368659247,0.2100768774539787,0.001330923643120737,0.20315638525224552
KXNCAAFGAME-25NOV01OKSTKU-KU,14.0,0.595,14.0,0.240975,0.0005249999999999977,0.08335,0.0007811795932095523,0.24888793552422847,0.0005979519692824365,0.26414720495878496,0.0006558769530877754,0.2443433016940463
KXNCAAFGAME-25NOV01OKSTKU-KU,7.0,0.93,7.0,0.06509999999999996,0.0002999999999999983,0.0026000000000000047,0.00028015595152937626,0.10165759122660954,0.00021736400688742878,0.11819316223822032,0.000479943421046196,0.09454732054161821
KXNCAAFGAME-25NOV01OKSTKU-KU,3.0,0.94,3.0,0.05640000000000005,0.0,0.0026000000000000047,0.00011684102705404032,0.06423092176397718,0.00010110873091075715,0.07271875145663427,0.0001931339783064356,0.0917362276299157
KXWCCORNERS-26JUN17UZBCOL-7,14.0,0.495,9.0,0.249975,0.00022499999999999818,0.14139999999999994,0.0005235467880530724,0.2515495630830905,0.00040847179630909493,0.25187550166639616,0.0003718856974135734,0.25434055674481965
KXWCCORNERS-26JUN17UZBCOL-7,7.0,0.765,7.0,0.179775,0.00012500000000000022,0.063,0.00037372226953305424,0.19224312164303026,0.00030878913750161986,0.20085605796032674,0.0003678246248233963,0.19002525105909418
KXWCCORNERS-26JUN17UZBCOL-7,3.0,0.76,3.0,0.1824,0.0,0.063,0.0001702694924509163,0.18353752332846698,0.00012286155032763837,0.20462814710511057,0.00013518977393669096,0.18989300967644646
KXPGATOUR-WYC26-BJAM,3.0,0.097,3.0,0.087591,1e-06,0.017474,0.00013268768699184857,0.10663760034364626,9.850404854288734e-05,0.10631657855888328,0.00016951034818708438,0.09988235605111752
KXGOVCONOMD-26-PWEI,30.0,0.22,30.0,0.1716,0.0021999999999999993,0.21256200000000006,0.0018087399918497269,0.25641950065320784,0.001508136816740685,0.30242241778382783,0.001494803036297248,0.24841770990137704
KXGOVCONOMD-26-PWEI,14.0,0.33,14.0,0.2211,0.0005000000000000003,0.188762,0.0007661885846593497,0.23982332094341013,0.0006114545248354001,0.26540034700624454,0.0007245313992974296,0.22409488167793007
KXGOVCONOMD-26-PWEI,7.0,0.23,7.0,0.1771,0.0,0.177862,0.0004974877305554234,0.19108238623665613,0.00046190906288983964,0.20500323605764115,0.0004218445159676719,0.18820240517480244
KXGOVCONOMD-26-PWEI,3.0,0.76,3.0,0.1824,0.0,0.04836199999999999,0.00016815093884613,0.17816367215424542,0.00011508546984335743,0.1984667765313847,0.000126022919699956,0.18422224179398547
KXNBAGAME-26APR24SASPOR-POR,14.0,0.18,10.0,0.1476,0.00010000000000000018,0.47350000000000003,0.0006656334600081894,0.16739467076300138,0.0005386421188587302,0.2012655839251056,0.0006313211067112372,0.17347097454757995
KXNBAGAME-26APR24SASPOR-POR,7.0,0.26,7.0,0.19240000000000002,0.0,0.4682,0.0004066675407554684,0.20182133474226174,0.00038723701353365225,0.2074949237772543,0.0003761103974646414,0.2013100905825682
KXNBAGAME-26APR24SASPOR-POR,3.0,0.47,3.0,0.2491,0.0,0.44210000000000005,0.00016418070354683338,0.24930750088019607,0.00011296567010915028,0.26437623905421037,0.00010166705240183958,0.24955022702830654
KXMLBGAME-26JUL032210TORSEA-TOR,3.0,0.53,3.0,0.2491,0.00010000000000000018,0.14699999999999996,0.00016494659882318062,0.25129950310823257,0.00011085400575550613,0.25487870239607135,0.00011741073598992608,0.25015471655082017
KXNFLOPOTY-26-JSMI,30.0,0.92,30.0,0.07359999999999997,0.0009000000000000015,0.01990000000000002,0.0013007324045602201,0.21689190273935688,0.0010694660128256121,0.25111892704444194,0.0014073723293567275,0.21305465422765976
KXNFLOPOTY-26-JSMI,14.0,0.86,14.0,0.12040000000000001,0.0005000000000000009,0.011900000000000004,0.0006698805222810178,0.14963506183029826,0.0005170842339445457,0.1804914235846077,0.0008729393672232708,0.14938647893577728
KXNFLOPOTY-26-JSMI,7.0,0.86,7.0,0.12040000000000001,0.00020000000000000036,0.010199999999999999,0.0003307872990660414,0.1363203370020073,0.0002871478030875286,0.15794150092940376,0.0004637120471590153,0.12866582511592004
KXNFLOPOTY-26-JSMI,3.0,0.88,3.0,0.1056,0.0,0.009399999999999999,0.00015443093738569855,0.10937639277939182,0.00011167108896294478,0.1256936929931267,0.00018378412267207087,0.11432807628920959
KXEFLCUPGAME-26MAR22ARSMCI-TIE,3.0,0.3,3.0,0.21,0.00010000000000000018,0.07889999999999998,0.00014652576042116055,0.2180547298593203,0.0001362214386971146,0.21933429157835974,0.0001146670140973799,0.20944335584340826
KXNBASUMMERGAME-26JUL11ATLBKN-ATL,7.0,0.49,5.0,0.2499,0.00010000000000000018,0.30245,0.0002873060987065209,0.24847970058360971,0.00021740890206420457,0.25487471151984076,0.00019422904426241307,0.24894023702871215
KXNBASUMMERGAME-26JUL11ATLBKN-ATL,3.0,0.395,3.0,0.238975,0.0,0.291425,0.00014291649281562873,0.24268228439568587,0.00013148289206207976,0.24527402746242494,0.00011230929954341149,0.24156184958860866
KXNCAAFGAME-25AUG30ALAFSU-FSU,30.0,0.19,30.0,0.1539,0.0015249999999999994,0.6654250000000002,0.0016986556589766505,0.2515261966583435,0.0015034741247814851,0.26673534132000826,0.0014834116932016597,0.22027648111456688
KXNCAAFGAME-25AUG30ALAFSU-FSU,14.0,0.19,14.0,0.1539,0.0007999999999999993,0.6575000000000001,0.0007822764533278755,0.21355417501996757,0.0007326741088525855,0.20811138623900124,0.0008555727611749492,0.2016317619386186
KXNCAAFGAME-25AUG30ALAFSU-FSU,7.0,0.17,7.0,0.1411,0.0005999999999999994,0.6575000000000001,0.00046085529909172126,0.16105177252931033,0.00045127287811480717,0.16876098579042395,0.00047312636564524497,0.16495345058789973
KXNCAAFGAME-25AUG30ALAFSU-FSU,3.0,0.17,3.0,0.1411,0.0,0.6575000000000001,0.00020081540908571056,0.14994338807253624,0.00020105411502645452,0.1591107078059272,0.0001858086309778218,0.1444277537091513
KXPERLIGA1GAME-26JUL26COMALI-TIE,3.0,0.30000000000000004,3.0,0.21000000000000002,0.0,0.5045999999999999,0.0001624797410483067,0.21385617888509018,0.00011589788090263394,0.21210392115662224,0.00013181031332262346,0.21263101571665513
KXUCLGAME-25NOV05QARCFC-TIE,14.0,0.42000000000000004,14.041666666666666,0.2436,0.0007999999999999995,0.7349999999999999,0.0008365939915728402,0.2511886402629898,0.0006086216791623872,0.2779952648528524,0.0007187200224659291,0.24449477832423822
KXUCLGAME-25NOV05QARCFC-TIE,7.0,0.18,7.041666666666666,0.1476,0.00029999999999999976,0.6724999999999999,0.0005368697479893627,0.1647631924380329,0.0004766569000810435,0.17453437832551047,0.0004594516101761977,0.18013352739312857
KXUCLGAME-25NOV05QARCFC-TIE,3.0,0.165,3.041666666666666,0.137775,2.5000000000000045e-05,0.6724999999999999,0.0002964045527352693,0.1543188240229314,0.00024973230137817243,0.1427195444524191,0.00030289228292984695,0.14855884130796115
KXBIDENPARDON-25JAN21B-LC,30.0,0.34,30.0,0.2244,0.001299999999999999,0.5262999999999999,0.0016929080806985886,0.271516558259424,0.0013374583782605652,0.2748203459216484,0.0015653975325531384,0.26033047183936653
KXBIDENPARDON-25JAN21B-LC,14.0,0.21,14.0,0.1659,0.0005999999999999989,0.5105,0.0008727955653209143,0.18912053841699772,0.0007356540081046894,0.2135312021080275,0.0007987664147836715,0.2109941951530623
KXBIDENPARDON-25JAN21B-LC,7.0,0.33,7.0,0.2211,0.00010000000000000018,0.4857999999999999,0.0003937775752948175,0.22145760875903164,0.000310009076190051,0.23720896538731856,0.0003360133024395301,0.22470310746649433
KXBIDENPARDON-25JAN21B-LC,3.0,0.35,3.0,0.22749999999999998,0.0,0.4832999999999999,0.0001689806103050702,0.23223606683740555,0.00013035657508032858,0.22866499289079936,0.00013623970164647038,0.22928643666357995
KXNHLGAME-26APR12UTACGY-CGY,3.0,0.36,3.0,0.2304,2.5000000000000045e-05,0.3389250000000001,0.00017023743673634937,0.23410667805444327,0.0001325308841757397,0.23736194605126917,0.0001346917559588319,0.22819477019278486
KXUCLGAME-26FEB17ASMPSG-TIE,30.0,0.42000000000000004,18.0,0.2436,0.0007249999999999991,0.09127500000000001,0.0009377182697975579,0.2584258019516279,0.0007760879020567072,0.2994299608516098,0.0009082592359659508,0.25147930124525025
KXUCLGAME-26FEB17ASMPSG-TIE,14.0,0.26,14.0,0.19240000000000002,0.000699999999999999,0.04925,0.0007847140032482329,0.20927164632122733,0.0006958138169022784,0.23034291232892073,0.0007893880959043659,0.20324357352410918
KXUCLGAME-26FEB17ASMPSG-TIE,7.0,0.17,7.0,0.1411,0.0004999999999999993,0.0352,0.000501276603268234,0.1698232948559737,0.00041787540613701004,0.17985289049516232,0.00048762984438658415,0.17077673788825729
KXUCLGAME-26FEB17ASMPSG-TIE,3.0,0.19,3.0,0.1539,0.0,0.034300000000000004,0.0002108840640833929,0.1628251654509719,0.00015816589165453914,0.16394784358351905,0.0002057778063438957,0.16080558708409337
KXNCAAFGAME-26JAN02WAKEMSST-WAKE,30.0,0.675,25.0,0.219375,0.0008000000000000013,0.3780750000000001,0.001363864668927394,0.24150457138945527,0.001076613672141334,0.26564547828300916,0.0014042074023377796,0.23370603969792217
KXNCAAFGAME-26JAN02WAKEMSST-WAKE,14.0,0.37,14.0,0.2331,0.0004000000000000007,0.33070000000000005,0.0007515437852914359,0.2547998791786164,0.000606234097266488,0.2597362356298378,0.0006822366562421607,0.23778885881166267
KXNCAAFGAME-26JAN02WAKEMSST-WAKE,7.0,0.42,7.0,0.2436,0.00020000000000000036,0.32500000000000007,0.00035579052144437876,0.2424718691096551,0.0003042387671631072,0.2559248812930593,0.0002791602973861208,0.24805254761960036
KXNCAAFGAME-26JAN02WAKEMSST-WAKE,3.0,0.43,3.0,0.2451,0.00010000000000000018,0.32500000000000007,0.00017705667001788984,0.24287843700553335,0.00013469157135580098,0.24564739590414575,0.00011018261617013244,0.24587232724179095
KXFEATUREDRAKE-27-SEX,30.0,0.565,30.0,0.245775,0.00012500000000000022,0.6576500000000001,0.001625764524805321,0.2659433149761466,0.0013272359313151343,0.30367973516487395,0.0015460076114721746,0.25071853228252405
KXFEATUREDRAKE-27-SEX,14.0,0.87,14.0,0.1131,0.00010000000000000018,0.4206,0.0006808664487522012,0.15143323633499306,0.0005575649251816505,0.19904930051770095,0.000893880369844264,0.14770528177184508
KXFEATUREDRAKE-27-SEX,7.0,0.76,7.0,0.1824,0.0,0.2929999999999999,0.0004019454810232393,0.18020975753453022,0.0002921649607666183,0.19185509385682253,0.0003636856635143716,0.18557799243767206
KXFEATUREDRAKE-27-SEX,3.0,0.71,3.0,0.20590000000000003,0.0,0.29169999999999996,0.00015942385426654876,0.20802183403750996,0.00013643657073833914,0.21329282020462856,0.00011254492955062624,0.2089712870054083
KXNCAAFGAME-25NOV01WVUHOU-HOU,14.0,0.585,14.0,0.24277500000000002,0.00030000000000000057,0.9372250000000001,0.0007708694846507144,0.25093991072969785,0.0005780698834309458,0.2756148531725293,0.0006475728616621379,0.2502948773955597
KXNCAAFGAME-25NOV01WVUHOU-HOU,7.0,0.93,7.0,0.06509999999999996,0.00020000000000000036,0.6939,0.00031240242165274357,0.08503245199414,0.0002410697959207901,0.1272924538177379,0.0005133013741084946,0.09085570757538144
KXNCAAFGAME-25NOV01WVUHOU-HOU,3.0,0.84,3.0,0.13440000000000002,0.0,0.689,0.00017441594675897152,0.14547932885897397,0.00012091917989552916,0.15341579736046504,0.00018309182931804994,0.13558661358344315
KXNFLGAME-26JAN04NOATL-NO,7.0,0.48,7.0,0.2496,0.00019999999999999925,0.13499999999999998,0.000413621788225627,0.25423776094687567,0.00030275980073645614,0.26721981553323654,0.00028360756962421673,0.24871163146050557
KXNFLGAME-26JAN04NOATL-NO,3.0,0.38,3.0,0.2356,0.00010000000000000018,0.12969999999999998,0.00017658266635385566,0.23807750335378827,0.0001266162916891059,0.237597680271886,0.0001285007832424361,0.23660888603669122
KXEPLGAME-25DEC20BOUBUR-BOU,14.0,0.6499999999999999,14.0,0.22750000000000004,0.001075000000000002,0.42362500000000003,0.0007637042537159095,0.23324968685114805,0.0006024017959421409,0.26871771507970743,0.0006655176808320687,0.23224150307566596
KXEPLGAME-25DEC20BOUBUR-BOU,7.0,0.68,7.0,0.2176,0.0004000000000000007,0.42260000000000003,0.000373851986713401,0.22179622599137375,0.0003109006255262938,0.22655956618996648,0.0003143788764717356,0.22431126269915974
KXEPLGAME-25DEC20BOUBUR-BOU,3.0,0.67,3.0,0.2211,0.00010000000000000018,0.42260000000000003,0.00015229392516934734,0.22303904412460857,0.00012762318040865838,0.22931315372059902,0.00011234510160301322,0.21949434496278342
KXWCGAME-26JUN19USAAUS-AUS,30.0,0.19,30.000000000000014,0.1539,0.0022999999999999995,0.03605,0.0016560303903956958,0.23002612476512124,0.0016036795173571628,0.25020347316513475,0.0016365573918645626,0.2323014954859218
KXWCGAME-26JUN19USAAUS-AUS,14.0,0.21,14.000000000000014,0.1659,0.00030000000000000057,0.032799999999999996,0.0008804846732767571,0.20248754033298388,0.0008162432469043453,0.2212757656139993,0.0008980364738113681,0.20561561498100298
KXWCGAME-26JUN19USAAUS-AUS,7.0,0.17,7.000000000000014,0.1411,0.00020000000000000036,0.030299999999999997,0.0005092951646216579,0.1594517984814329,0.000479000104046232,0.1756932847399545,0.0005046103810102485,0.16360291881993283
KXWCGAME-26JUN19USAAUS-AUS,3.0,0.18,3.0,0.1476,0.00020000000000000036,0.028999999999999995,0.00019473725660002273,0.1568891737508009,0.00018577198240783243,0.16104679692672705,0.00019823700280740625,0.15614386865248783
KXPRIMARYMOV-SENATECOD26-JHIC-P51,30.0,0.86,28.0,0.12040000000000001,0.0002250000000000004,0.509425,0.0013075204027246507,0.22906190357839012,0.001109331453161117,0.2516583446601829,0.0014680127218053823,0.22479456556614522
KXUECLGAME-26AUG20GORASM-ASM,7.0,0.41500000000000004,7.0,0.24277500000000002,0.0002250000000000004,0.18149999999999997,0.000386475181006328,0.24526219180249736,0.00031546746473819817,0.25076945965094954,0.0002933371234573795,0.24204472410994277
KXUECLGAME-26AUG20GORASM-ASM,3.0,0.64,3.0,0.2304,0.0,0.1374,0.00014889249738713915,0.22968872472702517,0.00012759950423481736,0.2378991422963596,0.00012071334524600592,0.22796679202286527
KXNCAAFGAME-25SEP06KUMIZZ-KU,30.0,0.365,30.0,0.231775,0.0015999999999999938,0.12322499999999999,0.0015600045657369014,0.2657575789092086,0.0013533493668454924,0.2953102653515867,0.0015258484734571682,0.25464292744397826
KXNCAAFGAME-25SEP06KUMIZZ-KU,14.0,0.34,14.0,0.2244,0.0014999999999999937,0.11989999999999998,0.0007706673683245154,0.23843438166250558,0.000632647197099513,0.2615280758142656,0.000685880822655349,0.22760274732232408
KXNCAAFGAME-25SEP06KUMIZZ-KU,7.0,0.35,7.0,0.22749999999999998,0.0011999999999999956,0.11789999999999999,0.00039970074765129955,0.2305051764343716,0.00032844064492287703,0.23917486052032694,0.0002900513153530805,0.2333692357755379
KXNCAAFGAME-25SEP06KUMIZZ-KU,3.0,0.3,3.0,0.21,0.0,0.11699999999999998,0.00015408300503113939,0.211600318197858,0.00012744665131350294,0.2155654730641426,0.00012061879354536754,0.2111028464957181
KXJLEAGUEGAME-26AUG07MARKAS-MAR,3.0,0.25,3.0,0.1875,0.00010000000000000018,0.0626,0.0001976267828378575,0.19354955186876047,0.0001416346827483417,0.19154924041846066,0.00015101844761489233,0.1975247967636862
KXNCAAMBWCC-26-SCU,7.0,0.14,5.958333333333333,0.12040000000000001,0.0005999999999999996,0.0098,0.00033003247031324317,0.15601343906557458,0.00032902112936352877,0.16456531139736266,0.0003322535397272791,0.15621763275787295
KXNCAAMBWCC-26-SCU,3.0,0.11,2.958333333333333,0.0979,0.0004999999999999998,0.008199999999999999,0.00013004134668721353,0.11581509498578821,0.00011770330173059358,0.10838640391839142,0.00015982528335799624,0.11493879095023293
KXVOTEPERCENTCUOMO-25NOV04-37,30.0,0.265,30.04166666666667,0.194775,0.0007999999999999998,0.08287499999999999,0.0017120348937825587,0.2568375670365406,0.0015521508076120425,0.2810945040861837,0.0016746629587120008,0.22801083549708337
KXMLBGAME-26APR272140CHCSD-CHC,3.0,0.55,3.0,0.2475,0.0,0.15089999999999998,0.0001683286877038974,0.2526686509452617,0.00010426095183385157,0.24901312975565454,0.00014533142015011957,0.24775647253504063
KXIPLGAME-26MAY221000RCBSRH-SRH,7.0,0.53,7.0,0.2491,0.00010000000000000018,0.26639999999999997,0.00037229840716392597,0.252200933964777,0.0003098479394818176,0.25844283588981914,0.0002919506392726561,0.250259085853916
KXIPLGAME-26MAY221000RCBSRH-SRH,3.0,0.47,3.0,0.2491,0.00010000000000000018,0.2602,0.0001320270497291613,0.25092414861790735,0.00012630240756956307,0.2580338794360605,0.00011780264233099728,0.2491890376972292
KXLALIGATOTAL-26AUG25VCFRBB-3,7.0,0.475,7.0,0.24937499999999999,0.0002250000000000004,0.22099999999999997,0.00038284071994079227,0.25217684650248473,0.0002791398675224945,0.2555676214397098,0.0002771893419602836,0.2508161117190738
KXLALIGATOTAL-26AUG25VCFRBB-3,3.0,0.48,3.0,0.2496,0.00020000000000000036,0.22099999999999997,0.00014809370841337678,0.24808808200101545,0.00011917640585066865,0.2503197666405867,0.00011180276848956064,0.2498746092213289
KXMLSGAME-26MAY13CINMIA-TIE,7.0,0.25,7.0,0.1875,0.0002499999999999999,0.05299999999999999,0.0004103937596573175,0.2042921020543734,0.0003789244471193935,0.20919840427917166,0.0003860025036393669,0.19623866147299707
KXMLSGAME-26MAY13CINMIA-TIE,3.0,0.23,3.0,0.1771,9.999999999999963e-05,0.05299999999999999,0.00020412871606602365,0.18426844493925384,0.00022544444860432395,0.1964712365800802,0.00019524754134736747,0.17663780461221912
KXNFLSPREAD-26JAN04INDHOU-HOU2,7.0,0.78,6.0,0.17159999999999997,0.0,0.04039999999999999,0.00032493536515925667,0.18599650641151871,0.00024278479595575927,0.18446035034841843,0.0003232043931686597,0.17496225566117737
KXNFLSPREAD-26JAN04INDHOU-HOU2,3.0,0.81,3.0,0.15389999999999995,0.0,0.038699999999999984,0.00016730897698880845,0.1579305607188299,0.00012627974544734144,0.16292849167005322,0.00014801608798321896,0.15662559969243686
KXT20MATCH-26FEB17CANNZ-NZ,7.0,0.94,7.0,0.05640000000000005,0.00010000000000000018,0.017899999999999992,0.00027146426324079853,0.09175217948391985,0.00023781004136074965,0.08978768488352466,0.00045055147583557606,0.10411260226037398
KXSB-25-KC,14.0,0.56,14.0,0.24639999999999998,0.0005000000000000009,0.27130000000000004,0.0007721999961015433,0.2554217881239316,0.0006175427345369776,0.283684867697475,0.0006460078299415392,0.2497484268626311
KXSB-25-KC,7.0,0.54,7.0,0.2484,0.00030000000000000057,0.27090000000000003,0.00038609689100252545,0.24861998177087533,0.00030974160936630057,0.24814160304168525,0.0002716293967936587,0.24932523791983915
KXSB-25-KC,3.0,0.53,3.0,0.2491,0.00020000000000000036,0.2705,0.00016445853072714157,0.24968571959416125,0.00014144008036508614,0.252179876394158,0.00012152392949451259,0.24844002666843948
KXNFLGAME-26AUG22NYGMIA-MIA,7.0,0.43,6.0,0.2451,9.999999999999907e-05,0.16459999999999997,0.00031761267674390646,0.24681041098342132,0.00027281047282336505,0.25539401688475216,0.00024739625106475616,0.24291395225662576
KXNFLGAME-26AUG22NYGMIA-MIA,3.0,0.37,3.0,0.2331,9.999999999999907e-05,0.16099999999999998,0.00014674540189646066,0.23460061803667848,0.00010607605415830227,0.23811457784517193,0.00012451342254985457,0.235711086181213
KXCBAGAME-26APR100735ZHENIN-NIN,3.0,0.4,3.0,0.24,0.0,0.1054,0.00016616650649468905,0.23920286759739595,0.00012828580703727607,0.24039094586874746,0.0001037631547380891,0.24119330529537314
KXNHLTOTAL-26MAY27CARMTL-4,7.0,0.7,7.0,0.21000000000000002,0.00010000000000000018,0.62725,0.0003780015805064102,0.21683519895885425,0.0003299367746852563,0.22382048175734673,0.0003121148335582535,0.21805161450352142
KXNHLTOTAL-26MAY27CARMTL-4,3.0,0.64,3.0,0.2304,0.0,0.621,0.00016023998904252746,0.2311306664315198,0.00013089723431059026,0.2326511635341325,0.00011643986655804194,0.23346905075674915
KXEPLGAME-26APR22BOULEE-BOU,14.0,0.28500000000000003,14.0,0.203775,0.0011500000000000028,0.261125,0.0007321456464640652,0.229484284855864,0.0006632399956794733,0.2540807546947532,0.0007027502767835351,0.21849316008094413
KXEPLGAME-26APR22BOULEE-BOU,7.0,0.45499999999999996,7.0,0.247975,0.0006250000000000011,0.23049999999999998,0.00036267235009953614,0.24947917574052678,0.00033403818490236945,0.25445924851372004,0.0002778361248628347,0.24911708756110026
KXEPLGAME-26APR22BOULEE-BOU,3.0,0.49,3.0,0.2499,0.00020000000000000036,0.23049999999999998,0.0001634311547102114,0.24803412725006102,0.00013045322274534134,0.25462230618834714,0.00010554632257792621,0.2508226140059418
KXNCAAFGAME-25OCT31UNCSYR-SYR,14.0,0.585,14.0,0.24277500000000002,0.0,0.6153250000000001,0.0007728546870726491,0.2533717752162757,0.0006207201099206625,0.26194702859229624,0.0006526381000197836,0.2391749809054672
KXNCAAFGAME-25OCT31UNCSYR-SYR,7.0,0.51,7.0,0.2499,0.0,0.5999000000000001,0.00040152913968570465,0.24888803085526653,0.00031559377178005753,0.25701102613225035,0.00028633775363645343,0.2507804700823938
KXNCAAFGAME-25OCT31UNCSYR-SYR,3.0,0.56,3.0,0.24639999999999998,0.0,0.30260000000000004,0.00018624985409964565,0.2460596258265416,0.00014232798398705786,0.24869599736213707,0.00011554553173585952,0.24469101532863455
KXWCADVANCE-26JUL02PORCRO-POR,7.0,0.69,5.0,0.2139,0.00010000000000000018,0.08460000000000002,0.00025917567251699847,0.22479908711722146,0.00022399464072874478,0.2222444192355087,0.00022795578577629872,0.21763960474656088
KXWCADVANCE-26JUL02PORCRO-POR,3.0,0.71,3.0,0.20590000000000003,0.00010000000000000018,0.08420000000000002,0.00015775343917351633,0.20689789082724794,0.00013000040094915941,0.22147976158222704,0.00012479225884789037,0.20364748313841727
KXBOXING-26AUG23ROMEROLOPEZ-LOPEZ,3.0,0.71,3.0,0.20590000000000003,0.00010000000000000018,0.058600000000000006,0.00015861019198433842,0.20552574553205086,0.0001221442361562057,0.21253315540739037,0.00014465881676997043,0.2072950532650006
KXNHLTOTAL-26MAY09COLMIN-6,7.0,0.62,7.0,0.2356,0.0001250000000000002,0.24102499999999996,0.00040276841711089364,0.24428206516533357,0.0003211102671278154,0.2525747252597256,0.0003081359652408307,0.23530632581665073
KXNHLTOTAL-26MAY09COLMIN-6,3.0,0.49,3.0,0.2499,0.0001250000000000002,0.22092499999999998,0.00014622453892485497,0.250394621709777,0.0001381799747624676,0.25927163785054125,0.00013756329680040435,0.2507533791656574
KXWCGAME-26JUN19BRAHTI-TIE,30.0,0.06,30.000000000000014,0.05639999999999999,0.0012249999999999993,0.011725,0.0011281541574958253,0.18469195630202367,0.0010451763397693837,0.2177063027445796,0.0011095374399698681,0.19123110369276902
KXWCGAME-26JUN19BRAHTI-TIE,7.0,0.07,7.000000000000014,0.0651,9.99999999999999e-05,0.005000000000000001,0.00031606146050785567,0.14936033244826377,0.0002976504229698859,0.1421392101785694,0.00029837725629377375,0.10825152286817247
KXWCGAME-26JUN19BRAHTI-TIE,3.0,0.08,3.0,0.0736,0.0,0.005000000000000001,0.00011042653176428396,0.10039510643290474,0.000111306989814495,0.10677067037620123,0.00017523691263353596,0.09358553852377981
KXBALLONDOR-25-LYAM,30.0,0.10500000000000001,30.0,0.09397500000000002,0.001125,0.09444999999999999,0.001388453020125047,0.2149401348838537,0.0012992311279813478,0.23059348373935262,0.0013049909269687424,0.2061259664367151
KXBALLONDOR-25-LYAM,14.0,0.11,14.0,0.0979,0.0008999999999999997,0.091,0.0006053918953452683,0.18302564965531645,0.000533902450070263,0.190660238025036,0.0006031795717180325,0.18208293829197023
KXBALLONDOR-25-LYAM,7.0,0.11,7.0,0.0979,9.99999999999999e-05,0.091,0.0003111964515567568,0.15383865593952473,0.000298712479850655,0.15801738221132663,0.0003291191862761735,0.15744234448456948
KXBALLONDOR-25-LYAM,3.0,0.1,3.0,0.09000000000000001,0.0,0.091,0.000129192076629946,0.10986220181799275,0.00010344097357559636,0.1129210670395626,0.00016611935011525737,0.10392376707456112
KXNFLPLAYOFF-26-DET,30.0,0.67,30.0,0.2211,0.0010999999999999988,0.634,0.0016205386907569663,0.25134972229737135,0.0013009448538566187,0.29620578031912226,0.0016784943103902855,0.24544091957021372
KXNFLPLAYOFF-26-DET,14.0,0.45,14.0,0.24750000000000003,0.00039999999999999964,0.5710999999999999,0.0007372625674302684,0.25410298383669383,0.0006267375889281952,0.2698338834211063,0.0006295035174617703,0.25133234831677437
KXNFLPLAYOFF-26-DET,7.0,0.33,7.0,0.2211,0.00010000000000000018,0.5666,0.00037118377003601566,0.2255380580716951,0.0003193354518836348,0.23846950103273265,0.00032794305692191675,0.226704891463245
KXNFLPLAYOFF-26-DET,3.0,0.07,3.0,0.0651,0.0,0.49369999999999997,0.00012299907101821894,0.0893687141647311,0.00011584199322918702,0.08903915733752596,0.00016436426887621173,0.0881746633891974
KXNBASERIESSCORE-26NYKSASFIN-SAS40,3.0,0.1,3.0,0.09000000000000001,0.0001999999999999998,0.0082,0.00011767673593019446,0.1080389479217618,0.00010144310560309708,0.11345415296578856,0.00014198340164282733,0.10390334367378763
KXNFLPREPACKSGP-26JAN10GBCHI-CHIU46,7.0,0.28,5.0,0.2016,0.00010000000000000018,0.06770000000000001,0.000250925903211433,0.21452357172929776,0.00020496751946148513,0.21753786237684808,0.00021095857427839038,0.20343057684100618
KXNFLPREPACKSGP-26JAN10GBCHI-CHIU46,3.0,0.27,3.0,0.1971,0.0,0.06770000000000001,0.00013726278004290118,0.20834920125100595,0.00011845086327825794,0.20093335912523053,0.00010147749784165078,0.2010692146467094
KXWCMOV-26JUN30MEXECU-MEXPEN,3.0,0.28,3.0,0.2016,0.0,0.03900000000000002,0.00013367755676272613,0.20611262071686753,0.0001247727085293934,0.21376799781543615,0.00010961062493367413,0.2031858848530787
KXCPLMATCH-26AUG161900BARSTL-STL,14.0,0.495,9.0,0.249975,0.0,1.2909249999999999,0.00046288372882425624,0.2486799721467042,0.0003935923731915808,0.26606743922761195,0.0004364787945252527,0.25672037048575896
KXCPLMATCH-26AUG161900BARSTL-STL,7.0,0.5,7.0,0.25,0.0,1.0956,0.0003725274441849589,0.24823171214546988,0.00033907959245468606,0.2619116676294964,0.0002912887527042386,0.2504210232791448
KXCPLMATCH-26AUG161900BARSTL-STL,3.0,0.82,3.0,0.14760000000000004,0.0,0.8241999999999999,0.00015826746186603548,0.15198556268378252,0.00012866824400814197,0.1694618218287224,0.00018132972050066882,0.15149551056406677
KXWCSPREAD-26JUN13BRAMAR-BRA2,14.0,0.32499999999999996,9.0,0.219375,0.000725000000000003,0.10250000000000001,0.00048819438207688186,0.2254785733357582,0.0004197752358622979,0.23950985408528191,0.0004395184736149839,0.21938667650162075
KXWCSPREAD-26JUN13BRAMAR-BRA2,7.0,0.33,7.0,0.2211,0.0004000000000000007,0.10250000000000001,0.00037140638192959376,0.23047465490550686,0.0003599820113109216,0.23249908427075916,0.0003102899340058861,0.22455504990042438
KXWCSPREAD-26JUN13BRAMAR-BRA2,3.0,0.31,3.0,0.21389999999999998,0.00020000000000000036,0.10250000000000001,0.00015419421088147376,0.2156030356543438,0.00011367399031047305,0.22283712259589397,0.00013248532215742617,0.21357679919665665
KXWCGAME-26JUN20NEDSWE-SWE,30.0,0.15,29.0,0.1275,0.0014500000000000006,0.0414,0.0014297304851813959,0.207586654650613,0.0013560796999608966,0.24128818600166782,0.0015033796551552133,0.21724106771294716
KXWCGAME-26JUN20NEDSWE-SWE,14.0,0.18,14.0,0.1476,0.0005000000000000003,0.0401,0.0007961250110922535,0.19134727959727993,0.0006843734774370953,0.20808254242429794,0.0008202885821724769,0.18917501166074516
KXWCGAME-26JUN20NEDSWE-SWE,7.0,0.19,7.0,0.1539,0.00019999999999999982,0.0401,0.0004627819188706687,0.1841775488296248,0.0004239480808663046,0.18494941505257928,0.00047502848176075835,0.17062791974735178
KXWCGAME-26JUN20NEDSWE-SWE,3.0,0.2,3.0,0.16000000000000003,9.999999999999963e-05,0.0401,0.0001658455862908078,0.16378961696455677,0.00018232404226372926,0.17229505887339097,0.00019953164525450878,0.16903130695125357
KXNFLAFCNORTH-25-PIT,30.0,0.27,30.00000000000003,0.1971,0.001999999999999988,0.8192999999999999,0.0016427234263960172,0.2584582395732177,0.0014214169378889202,0.2907891200416556,0.0015817621272350222,0.2525263616825491
KXNFLAFCNORTH-25-PIT,14.0,0.91,14.0,0.08189999999999997,0.000699999999999999,0.6077999999999999,0.0006394021386196373,0.1348859430109588,0.000525004954140521,0.14294915494877944,0.0008940948142879425,0.13261787810126702
KXNFLAFCNORTH-25-PIT,7.0,0.39,7.0,0.2379,0.0004999999999999987,0.4229999999999999,0.0004116407504767734,0.23889798701989703,0.0002839355820943515,0.2510685228409703,0.00031309049137788453,0.24067196559364007
KXNFLAFCNORTH-25-PIT,3.0,0.36,3.0,0.2304,0.0003999999999999985,0.42259999999999986,0.00016292436810145887,0.23156365210597707,0.00012200815663411067,0.23293666819295047,0.00012153191242532664,0.23051464517487172
KXNFLGAME-25NOV27GBDET-DET,14.0,0.84,10.0,0.13440000000000002,0.00020000000000000036,0.36699999999999994,0.0005363912387465942,0.14620117987977438,0.00041605290564349486,0.16929208526457182,0.0006396352649253034,0.14571117703307843
KXNFLGAME-25NOV27GBDET-DET,7.0,0.62,7.0,0.2356,0.00020000000000000036,0.3378,0.0004109211438150173,0.2397077384315767,0.0003045430780859148,0.2433815905090313,0.00030113752573240963,0.23440163557112814
KXNFLGAME-25NOV27GBDET-DET,3.0,0.58,3.0,0.2436,0.00010000000000000018,0.33649999999999997,0.00016804104858594772,0.2445101364153004,0.00012766962566228334,0.24513026350145417,9.901329273240621e-05,0.24437644817400409
KXBTCMAXMON-BTC-26AUG31-6500000,7.0,0.78,6.0,0.17159999999999997,0.0,0.03380000000000001,0.0003251468484803765,0.17947824267891144,0.00027180983969732103,0.18456811497452616,0.0003163947562698539,0.1769898589883242
KXBTCMAXMON-BTC-26AUG31-6500000,3.0,0.85,3.0,0.1275,0.0,0.026100000000000016,0.00014812120288976372,0.1357000461969781,0.0001218825244398104,0.1436022175313085,0.00018672781292948783,0.1372538030857574
KXNBATOTAL-26APR22PHXOKC-224,3.0,0.31,3.0,0.21389999999999998,0.0,0.26109999999999994,0.000154012061080822,0.21483520733686912,0.00013104408810225867,0.22324059975344274,0.00012363454713812093,0.2134141348781033
KXNCAAFSPREAD-25DEC27UNTSDSU-UNT7,7.0,0.5,5.0,0.25,0.0003999999999999985,0.18299999999999997,0.0002862906029135915,0.25197506817188914,0.00022249221306628672,0.25765097051646196,0.00019770166203925477,0.2512083592141658
KXNCAAFSPREAD-25DEC27UNTSDSU-UNT7,3.0,0.4,3.0,0.24,0.0003999999999999985,0.16819999999999996,0.00016908555638860936,0.23918978454538134,0.0001321562363732301,0.24350023808112423,0.00010337093607102987,0.23850018513814894
KXSCOTTISHPREMGAME-26MAY16CELHOM-CEL,3.0,0.61,3.0,0.2379,0.00010000000000000018,0.1522,0.0001690693347655741,0.23898860801277247,0.0001297579645098639,0.24451678547438604,0.00011831069048696754,0.23948975256394867
KXWCSPREAD-26JUN11KORCZE-KOR2,7.0,0.17,7.0,0.1411,0.00010000000000000018,0.024399999999999998,0.00047889193063952714,0.16934893998692138,0.0004570515978582622,0.17329982588246826,0.0004968233645361342,0.16157138567551207
KXWCSPREAD-26JUN11KORCZE-KOR2,3.0,0.16,3.0,0.1344,0.0,0.0226,0.0002119284512445084,0.14017991581714753,0.00018120622034269835,0.14719102270283724,0.00020709791146258192,0.14839672359793268
KXTARIFFSNEW-25-OCT01,30.0,0.57,24.0,0.2451,0.0005999999999999955,0.1867,0.00128317608472256,0.25289475338288964,0.0009840971688007088,0.3001873487797161,0.0012514943994059802,0.25312106285533537
KXTARIFFSNEW-25-OCT01,14.0,0.47,14.0,0.2491,0.00019999999999999925,0.13770000000000002,0.0007722973178621429,0.251330659446274,0.0006124078506062302,0.29425049401114445,0.0006704093574350424,0.2528406089993686
KXTARIFFSNEW-25-OCT01,7.0,0.18,7.0,0.1476,0.00010000000000000018,0.0977,0.00047333455990386004,0.1675705770847899,0.0004221068104832978,0.17474459765083838,0.0004850847908985689,0.17701144403641705
KXTARIFFSNEW-25-OCT01,3.0,0.13,3.0,0.1131,0.00010000000000000018,0.0062,0.00015799131909670285,0.12462095115850222,0.0001390077274261164,0.13420410329433385,0.00018908471775290966,0.12113708723936964
KXBUNDESLIGAGAME-26MAY25PADWOB-PAD,7.0,0.335,7.0,0.22277500000000003,0.00020000000000000036,0.2121249999999999,0.0003910403587224402,0.2243359633727833,0.00028783859108834933,0.2378511433261542,0.0002928929046437181,0.22435523787117606
KXBUNDESLIGAGAME-26MAY25PADWOB-PAD,3.0,0.28,3.0,0.2016,0.00020000000000000036,0.0626,0.000141165382381798,0.2039255343404075,0.00013556507594036574,0.2167903475391021,0.0001046430302086967,0.20186405991583659
KXEPLGAME-26JAN31LFCNEW-LFC,14.0,0.48,14.0,0.2496,0.0011999999999999934,0.19699999999999995,0.0007685079724513908,0.2592176173946549,0.0005830647460005647,0.29233778139214794,0.0006691709691004948,0.2515255614559649
KXEPLGAME-26JAN31LFCNEW-LFC,7.0,0.55,7.0,0.2475,0.0004000000000000007,0.19409999999999997,0.0004035870301397817,0.24891330129278785,0.0003063065310878458,0.25534193414976736,0.0002960683406577136,0.24647687549329017
KXEPLGAME-26JAN31LFCNEW-LFC,3.0,0.56,3.0,0.24639999999999998,0.00010000000000000018,0.19409999999999997,0.00016735964545860397,0.24480852551054005,0.00012931441184388658,0.24437779165297172,0.00011457046420409039,0.24579889659788784
KXSERIEAGAME-26APR27LAZUDI-TIE,7.0,0.275,7.0,0.199375,0.0004249999999999996,0.4761999999999999,0.00037096270697686617,0.21770867798200214,0.0003504660589044524,0.226024008996356,0.0003748397878505651,0.2096468738336307
KXSERIEAGAME-26APR27LAZUDI-TIE,3.0,0.3,3.0,0.21,0.00020000000000000036,0.4761999999999999,0.0001544059366747215,0.21296985851398692,0.00012558103305887976,0.22625389336059165,0.00013630484055907258,0.21245245774358756
KXNFLGAME-25DEC25DENKC-DEN,14.0,0.77,10.0,0.17709999999999998,0.0005000000000000009,0.04600000000000003,0.0005567106395485548,0.18280093892798133,0.0004288150493359161,0.21892619709609906,0.0005261400146025816,0.18607971474467638
KXNFLGAME-25DEC25DENKC-DEN,7.0,0.71,7.0,0.20590000000000003,0.0004000000000000007,0.04110000000000001,0.00040138711256888814,0.2121609955586235,0.0002975989845402349,0.2280599604895199,0.00032529337026956305,0.21773608957638693
KXNFLGAME-25DEC25DENKC-DEN,3.0,0.88,3.0,0.1056,0.00020000000000000036,0.012199999999999997,0.00017634434182148956,0.11596084347971505,0.0001347303004697978,0.1322568235399785,0.00018424062825413617,0.10998314068125303
KXNFLGAME-26JAN04CLECIN-CLE,7.0,0.29,7.0,0.20589999999999997,0.00020000000000000036,0.5635,0.0003581156989137958,0.22765084731205124,0.0003250891463550433,0.2138781236083406,0.0003417689711946129,0.2145100876138739
KXNFLGAME-26JAN04CLECIN-CLE,3.0,0.25,3.0,0.1875,0.00010000000000000018,0.5626,0.0001811545226153157,0.1897422368129633,0.00015905436377831961,0.19592262370601926,0.0001634481055396885,0.19061341123098116
KXBRASILEIROGAME-26APR12CORPAL-PAL,7.0,0.41,7.0,0.24190000000000003,0.00012500000000000022,0.13802499999999998,0.00038887009107978725,0.25193921637507016,0.00030524903515278715,0.24540783119820112,0.00029985418727313315,0.24056790680971715
KXBRASILEIROGAME-26APR12CORPAL-PAL,3.0,0.39,3.0,0.2379,0.00010000000000000018,0.1374,0.0001672680185084669,0.23824703246936538,0.00012164439218979404,0.23984510255765662,0.00011741863692541975,0.24089041998738467
KXLALIGAGAME-26FEB08ALAGET-ALA,7.0,0.43,7.0,0.2451,0.00010000000000000018,0.16859999999999997,0.0003890609199070544,0.24777193667756975,0.0003132462635396181,0.25735300175872433,0.0002894986630192332,0.24815362071332195
KXLALIGAGAME-26FEB08ALAGET-ALA,3.0,0.42,3.0,0.2436,0.0,0.16819999999999996,0.00015805421250082643,0.24779383458239765,0.00012861220419286938,0.25493153244386074,0.00012143044734997624,0.243637729157034
KXNCAAFGAME-25AUG30TOLUK-TOL,30.0,0.26,30.0,0.19240000000000002,0.0011250000000000008,0.06812500000000002,0.0016161887290118378,0.2539798525874983,0.0014923731805761746,0.28428775972808595,0.0015680622599225714,0.25213448104431835
KXNCAAFGAME-25AUG30TOLUK-TOL,14.0,0.27,14.0,0.1971,0.0007500000000000002,0.0518,0.0007769628268216197,0.22732908039569671,0.0006683937376212024,0.2570306004587381,0.0007589878321119962,0.2177493112360721
KXNCAAFGAME-25AUG30TOLUK-TOL,7.0,0.25,7.0,0.1875,0.0006,0.049300000000000004,0.0003889620711684297,0.21088893098716496,0.00036870291127494184,0.22093012003874687,0.00041176093986809514,0.19689649731381983
KXNCAAFGAME-25AUG30TOLUK-TOL,3.0,0.26,3.0,0.19240000000000002,0.0004999999999999998,0.0485,0.00017374060797204586,0.20117637653305973,0.00016127570236729134,0.20901977095852914,0.0001573377249433126,0.1926159320375312
KXNCAAFGAME-25SEP06TLSANMSU-TLSA,30.0,0.495,30.0,0.249975,0.0003250000000000006,0.23479999999999995,0.001634874258055019,0.2653450661685513,0.0013512937901220396,0.280051612150044,0.0014590317634496147,0.2524072353668486
KXNCAAFGAME-25SEP06TLSANMSU-TLSA,14.0,0.5,14.0,0.25,0.00020000000000000036,0.23479999999999995,0.0007845888247628046,0.25548329981692147,0.0005844732062241174,0.28945288129366475,0.0006496943425891388,0.25184081893349797
KXNCAAFGAME-25SEP06TLSANMSU-TLSA,7.0,0.57,7.0,0.2451,0.00020000000000000036,0.2299,0.0003840699871426563,0.25198871811529067,0.00030757038456549513,0.25525240950045275,0.0003040250043664894,0.24626512363616482
KXNCAAFGAME-25SEP06TLSANMSU-TLSA,3.0,0.66,3.0,0.2244,0.0,0.22699999999999998,0.00015871255591061846,0.22572506607005757,0.0001279475070505302,0.23168601759535384,0.00012095040739076586,0.22660658901684883
KXMVECROSSCATEGORY-S2026876FD60C222-C2CDE8B726D,14.0,0.5,9.0,0.25,2.5000000000000045e-05,0.18975499999999998,0.0005158516144860679,0.2520706716448536,0.0004352162553730218,0.2681048121399786,0.0003880087040860946,0.24795719657640064
KXMVECROSSCATEGORY-S2026876FD60C222-C2CDE8B726D,7.0,0.5,7.0,0.25,2.5000000000000045e-05,0.18975499999999998,0.0003704023667698401,0.2545779497612001,0.000282894511362634,0.26469127793904,0.00027841327374040456,0.2517709061487796
KXMVECROSSCATEGORY-S2026876FD60C222-C2CDE8B726D,3.0,0.5,3.0,0.25,2.5000000000000045e-05,0.16376299999999996,0.00016930672696419463,0.2503087872500123,0.00013667573098094285,0.25401727484363124,0.00010549108485628584,0.24965269739550508
KXUELGAME-26APR16NFOFCP-FCP,7.0,0.27,7.0,0.1971,0.0004999999999999976,0.0914,0.0004055734216941066,0.20868486882918835,0.0003493797334468965,0.22226990583125353,0.0003672279863950051,0.21499775994979498
KXUELGAME-26APR16NFOFCP-FCP,3.0,0.29,3.0,0.20589999999999997,0.0,0.0905,0.00014715151014499001,0.2122131876858616,0.00011043951314600105,0.20681531870167774,0.00011724211381336754,0.20956990736777464
KXLIGAMXGAME-26AUG15MONJUA-JUA,14.0,0.23,12.0,0.1771,0.0007000000000000001,0.03,0.0007106810119822731,0.20594313552284915,0.0005602689409465925,0.2214811301012736,0.0006628565212241633,0.20308337465296095
KXLIGAMXGAME-26AUG15MONJUA-JUA,7.0,0.17,7.0,0.1411,0.00030000000000000057,0.023,0.0004745004197014119,0.16191793312367014,0.00043045832779856937,0.16392579352126557,0.0004898260351356477,0.16009329854279145
KXLIGAMXGAME-26AUG15MONJUA-JUA,3.0,0.15,3.0,0.1275,0.00010000000000000018,0.023,0.00020805364832388512,0.1323196161880304,0.000169871035360743,0.14132257857741182,0.00020783777655550078,0.13661035928900334
KXNCAAFGAME-25AUG28M-OHWIS-WIS,30.0,0.895,30.0,0.09397499999999999,0.0007750000000000014,0.03430000000000004,0.001360919401841752,0.23639270177661229,0.0010615197400763226,0.29311279626025877,0.00149704632717336,0.22346763746339932
KXNCAAFGAME-25AUG28M-OHWIS-WIS,14.0,0.9,14.0,0.08999999999999998,0.00045000000000000075,0.008999999999999996,0.0006338832403955788,0.13922215206144828,0.0005337771132568659,0.15968128247937702,0.0009281783767308004,0.13490963330824576
KXNCAAFGAME-25AUG28M-OHWIS-WIS,7.0,0.9,7.0,0.08999999999999998,0.00020000000000000036,0.008199999999999994,0.00033741898082526744,0.1045657416732965,0.0002573408678253279,0.13500304584502731,0.0005160482494656467,0.09948401219523713
KXNCAAFGAME-25AUG28M-OHWIS-WIS,3.0,0.91,3.0,0.08189999999999997,0.00010000000000000018,0.008199999999999994,0.0001595047754512089,0.08562721177024166,0.00011781612405175931,0.10136843993561322,0.0002162131028412836,0.08883887508952883
KXLEAGUESCUPGAME-26AUG05TOLSEA-TIE,7.0,0.42000000000000004,7.0,0.2436,0.0,0.0848,0.00034773776866467676,0.2446682838820871,0.00035024726174266436,0.2511168495225549,0.00028913496520592823,0.2456385490378531
KXLEAGUESCUPGAME-26AUG05TOLSEA-TIE,3.0,0.18,3.0,0.1476,0.0,0.0366,0.00019396914719067542,0.1574833344107827,0.00018717561156063268,0.1608964835518729,0.00021462320701246806,0.14853325408937437
KXNCAAFGAME-25NOV22MERAUB-MER,14.0,0.23,12.0,0.1771,0.0008999999999999992,0.04820000000000001,0.0006768009674059721,0.19921146159619355,0.0005480877232065879,0.2258183327194768,0.0007115505033996809,0.19501610851239903
KXNCAAFGAME-25NOV22MERAUB-MER,7.0,0.08,7.0,0.0736,0.0006999999999999993,0.005700000000000001,0.00025783590333926075,0.12933955658713361,0.00023467903779274095,0.14012591105259525,0.0002740541083736124,0.1303128952802554
KXNCAAFGAME-25NOV22MERAUB-MER,3.0,0.07,3.0,0.0651,0.0001999999999999998,0.0037000000000000006,0.0001189326084121151,0.0951513110836439,0.00010527622729118412,0.09098354147311519,0.00016141456988628643,0.07919757227500542
KXLALIGAGAME-26MAY14GIRRSO-TIE,7.0,0.245,7.0,0.184975,7.500000000000014e-05,0.5477,0.000425621923125955,0.1947719918453568,0.00039160182420951996,0.20696850056898156,0.00038545011622526646,0.1930190229239625
KXLALIGAGAME-26MAY14GIRRSO-TIE,3.0,0.25,3.0,0.1875,0.0,0.5477,0.00015447929490507644,0.1949765584247105,0.00014723012390961042,0.19194323269660998,0.00014848577598706815,0.1880148047861089
KXWCROUND-26FINAL-COL,30.0,0.06,30.000000000000014,0.05639999999999999,0.0026,0.023600000000000003,0.0011501932451456762,0.19214633118830374,0.0010490310523149095,0.18503970232899858,0.0011232724709647716,0.17015748854286947
KXWCROUND-26FINAL-COL,14.0,0.06,14.0,0.05639999999999999,0.0006999999999999993,0.0227,0.00043491396017901766,0.165525443430269,0.00045092704691228726,0.16072352883816385,0.0004783019971637997,0.1434776455834772
KXWCROUND-26FINAL-COL,7.0,0.11,7.0,0.0979,0.0004999999999999995,0.0166,0.0002654045780773043,0.14530909003026526,0.0002731750648972754,0.16642255722428806,0.0003015057911180971,0.1501078409841879
KXWCROUND-26FINAL-COL,3.0,0.12,3.0,0.1056,0.0004999999999999995,0.010100000000000001,0.00016632199692385936,0.1199293745875873,0.00012390636107371443,0.11586987180161809,0.00016542909335627646,0.1188103051105906
KXUCLGAME-25SEP17OLYPAF-TIE,14.0,0.2,14.0,0.16000000000000003,0.00039999999999999964,0.6242000000000001,0.0007803075668699513,0.19205858748203894,0.0007620954887798556,0.21277730598055303,0.0008301024648029324,0.2103963485729257
KXUCLGAME-25SEP17OLYPAF-TIE,7.0,0.2,7.0,0.16000000000000003,0.00019999999999999925,0.6242000000000001,0.0005029063786728667,0.20039921423006393,0.0004394537083832979,0.19376339867468279,0.0004711748597873218,0.17309560343368743
KXUCLGAME-25SEP17OLYPAF-TIE,3.0,0.2,3.0,0.16000000000000003,0.0,0.6242000000000001,0.0002187323217215807,0.16684630914440113,0.00015792963700378865,0.1692246109848865,0.0001932766202235066,0.16771725704803722
KXPGAR1LEAD-GESO26-SSCH,3.0,0.06,3.0,0.05639999999999999,0.000257,0.0019369999999999997,9.307045110436174e-05,0.08779693923015414,0.00010778709382204074,0.11032988068080439,0.00012077809879688859,0.10265812249372402
KXTESTMATCH-26JUN251000SRIWI-WI,7.0,0.445,6.0,0.24697499999999997,0.0,0.43562500000000004,0.00030882588570551694,0.24899727399655494,0.0002707735646822718,0.25802898132041696,0.00024677526381571154,0.2482481094739949
KXTESTMATCH-26JUN251000SRIWI-WI,3.0,0.33,3.0,0.2211,0.0,0.19569999999999996,0.00015577252017395993,0.22193271168579123,0.00013059552973149611,0.22762374946125705,0.00011685554619436437,0.2214936708121185
KXNCAAFGAME-25SEP27UKSCAR-UK,14.0,0.38,14.0,0.2356,9.999999999999907e-05,0.16654999999999998,0.000775865307947545,0.23801803743422198,0.0006040077920162618,0.2718313687745742,0.0006949968479302321,0.23862954704121944
KXNCAAFGAME-25SEP27UKSCAR-UK,7.0,0.42,7.0,0.2436,9.999999999999907e-05,0.12189999999999998,0.00040457527493319856,0.2473757623840539,0.0003326966678375862,0.24458571204724716,0.00029425713842137747,0.24784081841949523
KXNCAAFGAME-25SEP27UKSCAR-UK,3.0,0.34,3.0,0.2244,9.999999999999907e-05,0.11569999999999998,0.00017078973038600989,0.22969586759259816,0.00010866322801008099,0.2269687279378502,0.00012809172345049771,0.22738415688232347
KXTHEOPEN-25-TF,14.0,0.05,14.0,0.0475,0.00035000000000000005,0.0014,0.0004458212382069653,0.16436903013803955,0.00043600430755718554,0.15088617863440706,0.000476597901531776,0.15172715797385045
KXNFLSPREAD-25OCT19INDLAC-IND3,7.0,0.33,5.0,0.2211,0.0004999999999999976,0.4493999999999999,0.0002572725424743413,0.22026030580722264,0.00020320968278602917,0.22262344090344827,0.00023445852120790122,0.22461659578483112
KXNFLSPREAD-25OCT19INDLAC-IND3,3.0,0.34,3.0,0.2244,0.0,0.4493999999999999,0.0001673948860091054,0.2286816463129884,0.00012576933508319475,0.23127086129768748,0.00011431984597968506,0.22682883760526124
KXMLBGAME-26APR102210TEXLAD-TEX,3.0,0.33,3.0,0.2211,0.0,0.05210000000000001,0.00018350594177387637,0.22139700336088397,0.00013796676488593784,0.23204149866712723,0.00012951143355919095,0.22253032294063757
KXTOPARTIST-25-TS,30.0,0.09,30.0,0.0819,0.0026999999999999993,0.001,0.0011559460450567783,0.20723741958048655,0.001080702147271521,0.20813463348160816,0.0012239122739731466,0.194867515194315
KXNCAAFGAME-25NOV29SMUCAL-CAL,14.0,0.585,13.0,0.24277500000000002,0.0006249999999999989,0.76365,0.0006778027844520834,0.25443571228241607,0.0005415967283060503,0.2628947680938991,0.0005887027047866224,0.24273071294531753
KXNCAAFGAME-25NOV29SMUCAL-CAL,7.0,0.23,7.0,0.1771,0.00019999999999999925,0.6575000000000001,0.0004787165472667361,0.19565780214491046,0.0004268624558738919,0.19203846365715102,0.00040853164629489874,0.19064019388417158
KXNCAAFGAME-25NOV29SMUCAL-CAL,3.0,0.17,3.0,0.1411,9.999999999999963e-05,0.6562000000000001,0.00020322885664272972,0.1423840555339653,0.00018619306075107862,0.16275596257861835,0.0001934287692069419,0.15142100148998366
KXNFLSPREAD-25NOV03ARIDAL-DAL7,14.0,0.5,9.041666666666666,0.25,0.0007249999999999975,0.13992500000000002,0.0005233077885075732,0.251750080073937,0.0004417423437183456,0.2764003040368406,0.0004383614390667878,0.25251581812645657
KXNFLSPREAD-25NOV03ARIDAL-DAL7,7.0,0.5,7.041666666666666,0.25,0.0007249999999999975,0.13992500000000002,0.0004341073689334217,0.2489763245153976,0.00035445337602673277,0.26829583843500593,0.0003026708924753543,0.2513461093933637
KXNFLSPREAD-25NOV03ARIDAL-DAL7,3.0,0.33,3.041666666666666,0.2211,0.0006249999999999973,0.10572500000000001,0.0002064172084864823,0.23028781356046296,0.00017375718560629265,0.23872255563314254,0.0001712434973918745,0.22120391026442998
KXNASCARRACE-COOO26-DEHA,7.0,0.17,6.0,0.1411,0.00020000000000000036,0.043699999999999996,0.0004235378856770413,0.16711361244436063,0.00042053097785295054,0.16158363754931726,0.0004058430901364013,0.16401570937082957
KXNASCARRACE-COOO26-DEHA,3.0,0.15,3.0,0.1275,0.0,0.043699999999999996,0.000233690820368464,0.14129268364511727,0.00019206993553792497,0.1451892803269144,0.00019404237592099627,0.1347896607697575
KXWCSTAGE-26HOST-R16,30.0,0.5,30.0,0.25,0.0009999999999999963,0.648,0.00162468956570648,0.2634094594365981,0.0013221177028054653,0.30127463850110414,0.0015811551531089666,0.25507541590975624
KXWCSTAGE-26HOST-R16,14.0,0.3,14.0,0.21,0.0003999999999999985,0.5894,0.0007768905034671547,0.2213289293695705,0.0005609626732508278,0.24239228364516602,0.0007670706476348454,0.21879693381413678
KXWCSTAGE-26HOST-R16,7.0,0.46,7.0,0.24840000000000004,0.0003999999999999985,0.3516,0.00036991934253680845,0.2513177359703307,0.0002967985193996749,0.25274515102491746,0.00029788031253120213,0.2485586921414886
KXWCSTAGE-26HOST-R16,3.0,0.27,3.0,0.1971,0.0,0.3255,0.00015764874009976048,0.20316622047579588,0.00011456875708438306,0.19767412369969192,0.00010458817067139976,0.20018303956273983
KXDJTJOINTSESSION-25MAR04-H,30.0,0.34,30.0,0.2244,0.0010999999999999975,0.16709999999999994,0.0015833890591020231,0.2602783109776187,0.001303534649661899,0.31633836258715675,0.0015021733536196074,0.2537400273370151
KXDJTJOINTSESSION-25MAR04-H,14.0,0.28,14.0,0.2016,0.0007999999999999982,0.11859999999999998,0.0007167705689617155,0.22413034710243537,0.0006446015202878529,0.2453053258928816,0.0007421636450514518,0.22512671062101106
KXDJTJOINTSESSION-25MAR04-H,7.0,0.33,7.0,0.2211,0.0004999999999999976,0.11699999999999998,0.000399519871929653,0.2276995194291094,0.0003089016000077864,0.23866433600058085,0.00029354013197297656,0.22922964161260811
KXDJTJOINTSESSION-25MAR04-H,3.0,0.35,3.0,0.22749999999999998,0.0,0.11569999999999998,0.0001837985951613217,0.22878882803818903,0.00012129942219961897,0.23014918400877085,0.00012032503446923134,0.2248840620645067
KXMLBASGAME-26JUL14ALNL-AL,30.0,0.43,30.0,0.2451,0.001149999999999997,0.31935,0.0016350894397197501,0.2697421848429847,0.001324824713229634,0.3158706373180491,0.001500891557297418,0.2574201501923793
KXMLBASGAME-26JUL14ALNL-AL,14.0,0.45999999999999996,14.0,0.2484,0.0006249999999999984,0.304825,0.0007897594004993067,0.25841360217633186,0.0006416064781906567,0.2730154023776815,0.0006284188011755189,0.2484936504194713
KXMLBASGAME-26JUL14ALNL-AL,7.0,0.42,7.0,0.2436,0.00019999999999999925,0.2962,0.000401526441161236,0.24566731139898512,0.0002988699318584441,0.26268664895299687,0.000316644455751991,0.24573139639523006
KXMLBASGAME-26JUL14ALNL-AL,3.0,0.47,3.0,0.2491,0.0,0.2937,0.00016274459208571123,0.249039997573034,0.0001214999584584065,0.255693644059889,0.00012229312057675723,0.24938863840699635
KXNCAAWBGAME-26MAR28OKLASCAR-OKLA,3.0,0.07,3.0,0.0651,9.99999999999999e-05,0.005000000000000001,0.00011352574853614075,0.09221756718049377,8.345913367294278e-05,0.12858586724754012,0.0001566700677926725,0.10814021912240612
KXMLBGAME-26JUL302140BOSATH-ATH,3.0,0.42,3.0,0.2436,0.00010000000000000018,0.08329999999999999,0.00015756281847343901,0.2409622760157502,0.00011128433862997371,0.24809485930147168,0.00011831171613341459,0.24586147219915452
KXFEDDECISION-24DEC-H0,30.0,0.39,29.999999999999996,0.2379,0.0015,0.04119999999999999,0.001660194821572641,0.2694366741446107,0.0013090499392500675,0.3146919516709556,0.001618390342571164,0.25505736063062995
KXFEDDECISION-24DEC-H0,14.0,0.29,14.0,0.20589999999999997,0.0005000000000000003,0.022200000000000004,0.0007467331930031182,0.22700474642191362,0.0006321861468334099,0.24359424254720768,0.0007226686534081015,0.22246492099515533
KXFEDDECISION-24DEC-H0,7.0,0.06,7.0,0.05639999999999999,0.0003,0.0013000000000000002,0.00022685130290359796,0.1353240986720678,0.00021277185589778236,0.13899516805237172,0.0002564683450303331,0.13715195539483843
KXFEDDECISION-24DEC-H0,3.0,0.05,3.0,0.0475,0.0002000000000000001,0.0013000000000000002,9.778393262541562e-05,0.08729697799670237,8.666577179835859e-05,0.10797734600886093,0.00013893720413476367,0.09446678507995361
KXNFLSPREAD-26JAN10LACAR-LA2,7.0,0.5,6.0,0.25,0.0,0.13359999999999997,0.0003313900142080925,0.253366630009357,0.0002689666972042306,0.2643080371986597,0.0002924034180452527,0.24921634768946174
KXNFLSPREAD-26JAN10LACAR-LA2,3.0,0.82,3.0,0.14760000000000004,0.0,0.034999999999999976,0.00016066829425830578,0.16078886249895635,0.00014650449688613976,0.16816569718440802,0.00016255089639902808,0.14619626948455322
KXWCGOAL-26JUL04PARFRA-PARJENCIS19-1,3.0,0.1,3.0,0.09000000000000001,9.99999999999999e-05,0.010100000000000001,0.0001309792791056271,0.11497248290491235,9.855538753671608e-05,0.12016162243869805,0.00016108715073894116,0.1052589011052364
KXUFCFIGHT-26APR25MCVDUM-DUM,7.0,0.34,6.0,0.2244,0.00029999999999999943,0.11569999999999998,0.00034236525636341023,0.22819201653065846,0.0002648044076265866,0.2429886225680747,0.00027963462306997193,0.22764199183883868
KXUFCFIGHT-26APR25MCVDUM-DUM,3.0,0.36,3.0,0.2304,0.00010000000000000018,0.11569999999999998,0.00017586987279354414,0.2321960153593413,0.00011930101051877532,0.2292197217296646,0.0001224062926205859,0.23171647324525502
KXMVECROSSCATEGORY-S2026088F6E1B39B-7370667F979,14.0,0.5,13.0,0.25,0.0003830000000000001,0.384459,0.0006784094909833763,0.2586145096109215,0.0005588378872979955,0.2776452910209871,0.0006055129758578658,0.2535866376612362
KXMVECROSSCATEGORY-S2026088F6E1B39B-7370667F979,7.0,0.115,7.0,0.101775,0.0003820000000000001,0.23700299999999994,0.0003334785648864404,0.15528526888005792,0.00029586117132898964,0.15902645401494767,0.0003009936390290346,0.16507750994677572
KXMVECROSSCATEGORY-S2026088F6E1B39B-7370667F979,3.0,0.113,3.0,0.100231,0.0,0.23700299999999994,0.00013464327428463582,0.11520093757028006,9.96970311742439e-05,0.11617241701696113,0.00016546365569977147,0.11556358693742616
KXWCTEAMTOTAL-26JUN15ESPCPV-CPV1,7.0,0.495,6.0,0.249975,9.999999999999907e-05,0.125825,0.00033659313958756004,0.2526901479655018,0.00025012666004711444,0.2595312877571318,0.00025907423506554925,0.2493439470168368
KXWCTEAMTOTAL-26JUN15ESPCPV-CPV1,3.0,0.35,3.0,0.22749999999999998,9.999999999999907e-05,0.0966,0.0001647941900977045,0.2322304976781478,0.00014328499357516957,0.22928215920040107,0.00010406304225097702,0.23145590596037985
KXNFLTOTAL-25DEC07HOUKC-33,14.0,0.5,12.0,0.25,0.0005000000000000009,0.61425,0.0006729181198279429,0.25776937590039584,0.000503561148906948,0.27071412570617276,0.0005581381021859021,0.2514047459330559
KXNFLTOTAL-25DEC07HOUKC-33,7.0,0.77,7.0,0.17709999999999998,0.0004500000000000008,0.54135,0.0003729392388802305,0.18914860999156932,0.00029767667172600926,0.19642936506535794,0.00036439848844128464,0.18571757377668358
KXNFLTOTAL-25DEC07HOUKC-33,3.0,0.74,3.0,0.19240000000000002,0.0002250000000000004,0.5407249999999999,0.00016556888293825744,0.19753948441669908,0.00014831859123016293,0.19894448915563867,0.0001337739405855039,0.1959522735946875
KXUELGAME-26MAY07SCFBRA-BRA,7.0,0.25,7.0,0.1875,0.0008999999999999999,0.0362,0.00043781603964263694,0.1931764284120701,0.0003888202394395444,0.21611179620996773,0.0003966967556281401,0.2082485107453991
KXUELGAME-26MAY07SCFBRA-BRA,3.0,0.22,3.0,0.1716,0.00019999999999999982,0.0362,0.00018837611805019695,0.17998451820691405,0.00019335161402338652,0.18189206297980398,0.0002224500574989046,0.1698682301653225
KXWCCORNERS-26JUN21ESPKSA-12,3.0,0.3,3.0,0.21,0.0,0.09820000000000001,0.00016297023700542448,0.21466867069357143,0.00011333250907792216,0.22080728717685652,0.00011742879940681933,0.21093778480886363
KXNBAGAME-26APR23NYKATL-NYK,7.0,0.51,7.0,0.2499,0.0,0.2863,0.0003730266297345451,0.251366602686398,0.0002877905826841735,0.2657371682199362,0.00028703382335054704,0.2519812751921108
KXNBAGAME-26APR23NYKATL-NYK,3.0,0.52,3.0,0.2496,0.0,0.262,0.00015211017074520037,0.24964140083484274,0.00013212901308292356,0.251449381286195,9.789025217972622e-05,0.2493367332736397
KXSUPERLIGGAME-26APR17FENRIZ-RIZ,3.0,0.09,3.0,0.0819,0.00025000000000000044,0.0082,0.00012722254762896366,0.10358251398676507,0.00010354018994863289,0.09616465688838118,0.00015317282274046287,0.10197776812828066
KXRTWICKED-90,30.0,0.23,30.041666666666664,0.1771,0.0012499999999999998,0.3940000000000001,0.0018058574306091823,0.26099336338335416,0.001466122224222534,0.29071997171081565,0.0017401381319457055,0.24109331061455935
KXRTWICKED-90,14.0,0.5,13.999999999999996,0.25,0.0006999999999999988,0.2883,0.0007664936362045524,0.24758437968321914,0.0005951009165892207,0.2724748175008919,0.0006255623335791039,0.24938148969311755
KXRTWICKED-90,7.0,0.51,6.9999999999999964,0.2499,0.0002000000000000001,0.2687,0.00037559902947246153,0.2524948709791948,0.0002927167630867693,0.2573791357857058,0.00026816142660209056,0.24858064119730133
KXRTWICKED-90,3.0,0.08,2.9999999999999964,0.0736,0.0002000000000000001,0.0082,0.00011883985126869997,0.09837162305510745,0.00011668985568968052,0.10857974084408246,0.00018043347520276136,0.08978458533313884
KXCOVVC-25-DEC31,30.0,0.1,30.0,0.09000000000000001,0.0026999999999999997,0.0017000000000000003,0.001205742435492164,0.19791557877669347,0.0011433612327043103,0.2099353620518039,0.0012139246771064383,0.18866361958632324
KXMOVVAREDISTRICT-26APR21-YES-P4,30.0,0.28,30.0,0.2016,0.000997999999999995,1.0922360000000002,0.0016093609400146495,0.2579193047564332,0.0013179647924766098,0.26979658625111663,0.0015013196461629913,0.24261621650314447
KXMOVVAREDISTRICT-26APR21-YES-P4,14.0,0.74,14.0,0.19240000000000002,0.00013700000000000024,0.5491010000000001,0.0007492178437527283,0.20510115251332678,0.0006242597301977287,0.24453007723735573,0.0007646692321514061,0.19654883090004358
KXMOVVAREDISTRICT-26APR21-YES-P4,7.0,0.061,7.0,0.057279000000000004,3.7000000000000066e-05,0.00764,0.0002272438594088564,0.13895067279221718,0.00021477083417224734,0.15653112790625875,0.0002656651644534991,0.12536084993075577
KXMOVVAREDISTRICT-26APR21-YES-P4,3.0,0.085,3.0,0.07777500000000001,3.600000000000006e-05,0.003133,0.00012876911851759115,0.09522762962784607,0.0001002002275011234,0.10020615161103433,0.0001777691778016328,0.0904467675018849
KXMLBGAME-26MAY022138NYMLAA-NYM,3.0,0.55,3.0,0.2475,0.00010000000000000018,0.1718,0.00015348729885399938,0.24913945068797352,0.00013735642227676807,0.25687550924016417,0.00013120593941584832,0.2457039861014259
KXMVECROSSCATEGORY-S2026FCFAD697648-9F0D3E5E129,7.0,0.5,6.0,0.25,1e-06,0.247013,0.0003238699708980487,0.25052027709132585,0.00025473021436025144,0.2804933652516954,0.00023437289674379337,0.24781980818740748
KXPGATOUR-VAC26-JBRI,3.0,0.07,3.0,0.0651,0.0,0.0021,0.00011926016409665917,0.09404597920088614,0.00010835897374459839,0.10281135144588717,0.00016569087046336347,0.08341905564777527
KXWCTEAMTOTAL-26JUN20NEDSWE-SWE1,14.0,0.495,11.0,0.249975,0.0005249999999999976,0.11244999999999997,0.0006065436651543787,0.25568808766858225,0.0004840245578836919,0.2721507822946968,0.00048103814156617635,0.25121995291465987
KXWCTEAMTOTAL-26JUN20NEDSWE-SWE1,7.0,0.585,7.0,0.24277500000000002,0.00030000000000000057,0.10092499999999996,0.0003810595528554661,0.24520694609725363,0.00030498962448710003,0.2573569904297393,0.00030058365943415457,0.2423914237304271
KXWCTEAMTOTAL-26JUN20NEDSWE-SWE1,3.0,0.63,3.0,0.2331,0.00010000000000000018,0.09779999999999997,0.00016816081600144563,0.23650974954400486,0.00012438373040236478,0.2390613688973664,0.0001288226319678692,0.23190216306393036
KXWT20MATCH-26JUN280530BANRSA-BAN,7.0,0.35,7.0,0.22749999999999998,2.4999999999999906e-05,0.30802499999999994,0.00037185099534475243,0.23485141111113092,0.0003018814622231792,0.24233367071451606,0.00030937896455780734,0.2319993479425027
KXWT20MATCH-26JUN280530BANRSA-BAN,3.0,0.25,3.0,0.1875,0.0,0.024900000000000002,0.00018244632089775296,0.1962431269783964,0.00017738643692619634,0.2028300940833357,0.00016145729715973066,0.1905162422385484
KXMLBGAME-26JUN052140WSHAZ-WSH,3.0,0.47,3.0,0.2491,0.0,0.2705,0.00015896828412157802,0.25066082662266054,0.00013902159404757624,0.25693817810599645,0.00010861834417691869,0.24932464562103093
KXPGATOUR-SAFC25-ABHA,7.0,0.36,7.0,0.2304,0.0,0.10260000000000001,0.00038976910494371777,0.2383977058970884,0.0003157408372851489,0.23463810127993473,0.0002790078989633768,0.23002437524743627
KXPGATOUR-SAFC25-ABHA,3.0,0.05,3.0,0.0475,0.0,0.004100000000000001,8.943136852353882e-05,0.06836969424108003,9.459083771581191e-05,0.10142937813332108,0.00013031626973401028,0.10714249475260647
KXUELGAME-26APR16RBBBRA-RBB,7.0,0.53,7.0,0.2491,0.00030000000000000057,0.281,0.00037448170743790206,0.25466394772298573,0.00030839966584042587,0.26590651127513953,0.0003006982728156329,0.24850907947668413
KXUELGAME-26APR16RBBBRA-RBB,3.0,0.53,3.0,0.2491,0.00010000000000000018,0.281,0.00017578755586991165,0.24982768994547486,0.00012635421442951756,0.2519045063739413,0.00010798853217646804,0.2490543676890294
KXSCOTTISHPREMGAME-26AUG01ABEHOM-ABE,3.0,0.3,3.0,0.21,0.00010000000000000018,0.4624999999999999,0.00013819604456524696,0.21257787659333713,0.00013335863080073622,0.2198451953753745,0.00013172071011165225,0.21235908023597339
KXWCTOTAL-26JUN19SCOMAR-5,14.0,0.08,14.0,0.0736,0.0002750000000000001,0.009725000000000001,0.0005265905560964841,0.16897975077874952,0.0004597090186488871,0.1841445334708237,0.0005539311172804394,0.18178698891598444
KXWCTOTAL-26JUN19SCOMAR-5,7.0,0.08,7.0,0.0736,0.00025000000000000006,0.0082,0.00027167069913188233,0.1348160367331087,0.0002241538108674902,0.1501288289147035,0.00024401150561637966,0.1393026603467395
KXWCTOTAL-26JUN19SCOMAR-5,3.0,0.1,3.0,0.09000000000000001,0.0,0.0082,0.00013055281882788162,0.09915893522883784,0.00010177372640038555,0.10852434565650602,0.00017383154167917428,0.10509242438796151
KXUCLGAME-26MAY30PSGARS-PSG,30.0,0.49,23.0,0.2499,0.0008000000000000014,0.16249999999999998,0.0012544163674543573,0.26283291743307374,0.0010262065439623378,0.2938065532863991,0.0011529229561042644,0.2529749896781592
KXUCLGAME-26MAY30PSGARS-PSG,14.0,0.43,14.0,0.2451,0.000600000000000001,0.16009999999999996,0.0008050203841140644,0.2541703344375436,0.0006153861379170947,0.273403774532823,0.0006374011669615395,0.24804725218279486
KXUCLGAME-26MAY30PSGARS-PSG,7.0,0.43,7.0,0.2451,0.00020000000000000036,0.16009999999999996,0.0003930266145643381,0.2474096515888037,0.0003001952176398004,0.2494571523744858,0.00028854272985264444,0.2454337635449268
KXUCLGAME-26MAY30PSGARS-PSG,3.0,0.42,3.0,0.2436,0.00010000000000000018,0.16009999999999996,0.0001668484150231471,0.24648805970379273,0.00012521190873857153,0.2522326980321884,0.00010926554694419885,0.2431577104723819
KXT20MATCH-26JUL082030SANNEW-NEW,7.0,0.9,7.0,0.08999999999999998,0.0,0.8966,0.0003340182657937339,0.11172007919184965,0.0002749477627886996,0.1321133551265841,0.0005189098734327811,0.10647433961163562
KXT20MATCH-26JUL082030SANNEW-NEW,3.0,0.51,3.0,0.2499,0.0,0.7209,0.00017563516105450385,0.25079462357320825,0.00012145445019714561,0.25121626439803485,0.00011542524386366633,0.2503434042379463
KXSCOTTISHPREMGAME-26AUG01ABEHOM-TIE,3.0,0.26,3.0,0.19240000000000002,0.00010000000000000018,0.06770000000000001,0.00016631418692195795,0.1948975492003931,0.00015308219529497252,0.19324287591490363,0.00016769643662813792,0.19430168132805456
KXEFLCUPGAME-26MAR22ARSMCI-ARS,3.0,0.42,3.0,0.2436,0.00010000000000000018,0.17649999999999996,0.00015497849864190132,0.2443820404373335,0.00014468418869755944,0.24742264290089608,0.00012022657034591601,0.24410376141805237
KXWC1H-26JUN15KSAURU-KSA,14.0,0.095,11.0,0.08597500000000001,0.0008249999999999996,0.757,0.00043881097084677817,0.18195869456238875,0.00041294316871556586,0.1778460014144865,0.00044403634325513544,0.16801713388533898
KXWC1H-26JUN15KSAURU-KSA,7.0,0.1,7.0,0.09000000000000001,0.0002499999999999996,0.757,0.0002904179087187995,0.14922984590416555,0.00025493942281429717,0.13986449613677174,0.00031195307122667854,0.12574988178797913
KXWC1H-26JUN15KSAURU-KSA,3.0,0.11499999999999999,3.0,0.10177499999999999,2.5000000000000045e-05,0.757,0.00013960047720161062,0.11717851203876141,0.00012770497672277004,0.12119454093086808,0.00017489583354978486,0.1163740102496182
KXUFCFIGHT-26JUN06MITLUN-MIT,7.0,0.58,6.0,0.2436,0.0002999999999999983,0.19369999999999996,0.0003232500562508321,0.24166834838253237,0.0002634768215736199,0.2503417954951444,0.00023883263451038604,0.24214738315898315
KXUFCFIGHT-26JUN06MITLUN-MIT,3.0,0.57,3.0,0.2451,0.00019999999999999814,0.19369999999999996,0.0001596649415627173,0.24694703470428475,0.00015388871736544575,0.25140206085733585,0.00012085607257956218,0.2459418573949288
KXNCAAFGAME-26SEP05ARSTMEM-MEM,30.0,0.755,18.0,0.184975,0.000674999999999999,0.04204999999999999,0.0010051167005801249,0.20122275063864348,0.0007570369081396516,0.22177476732733958,0.0010534757962448206,0.19490957681482374
KXNCAAFGAME-26SEP05ARSTMEM-MEM,14.0,0.76,14.0,0.1824,0.0004250000000000008,0.04142499999999999,0.0007127183628523609,0.18909718638357426,0.0005827074899679732,0.21561780127106375,0.0008252833547771322,0.1963704668600132
KXNCAAFGAME-26SEP05ARSTMEM-MEM,7.0,0.74,7.0,0.19240000000000002,0.00020000000000000036,0.038199999999999984,0.0003746596682797832,0.20327510888100858,0.00029622039062437994,0.20270260612902885,0.0003487693358316417,0.19507391362459842
KXNCAAFGAME-26SEP05ARSTMEM-MEM,3.0,0.81,3.0,0.15389999999999995,0.00010000000000000018,0.03619999999999998,0.0001498027553008248,0.1611776776996155,0.00012592898687182496,0.15792278179052077,0.00015698046573065603,0.15327750781456956
KXWCBTTS-26JUN14CIVECU-BTTS,14.0,0.42,10.0,0.2436,0.00045000000000000086,0.17689999999999997,0.0005471740562120068,0.24719348977004393,0.0004429666727697389,0.263531316404283,0.00041321807853224383,0.24681263301590362
KXWCBTTS-26JUN14CIVECU-BTTS,7.0,0.43,7.0,0.2451,0.0004000000000000007,0.17689999999999997,0.0003497528228099733,0.2506725923879911,0.0003005242854825891,0.26010098082313815,0.00026630885664264873,0.24514976575457978
KXWCBTTS-26JUN14CIVECU-BTTS,3.0,0.41,3.0,0.24190000000000003,0.00020000000000000036,0.17649999999999996,0.00014560988390811754,0.2426330436929888,0.00011584157818891976,0.2442896254633363,0.00010348645798835359,0.24323798511074052
KXLIGAMXGAME-26AUG22QUETOL-TIE,14.0,0.43000000000000005,14.0,0.2451,0.0007500000000000002,0.0786,0.0007922959017386086,0.2530135080477416,0.0006081350948657626,0.27533264143218744,0.0006394659797958874,0.25073487614455187
KXLIGAMXGAME-26AUG22QUETOL-TIE,7.0,0.26,7.0,0.19240000000000002,0.0003999999999999996,0.05299999999999999,0.0004150512709025192,0.20576479555360916,0.00038193362511860645,0.2088607604910195,0.0003767342528930789,0.20727365993770774
KXLIGAMXGAME-26AUG22QUETOL-TIE,3.0,0.24,3.0,0.1824,0.00019999999999999925,0.05299999999999999,0.00017355724753167638,0.18521964213945402,0.00013829753755105703,0.19841641804485044,0.0001695016750438743,0.18853185804863962
KXNCAAWBGAME-26MAR28UKTEX-UK,7.0,0.11,5.0,0.0979,0.0002999999999999997,0.0082,0.00019001008868119355,0.12219877229935078,0.0001724281464412737,0.13603049140857326,0.00022457783190965512,0.122194158133821
KXNCAAWBGAME-26MAR28UKTEX-UK,3.0,0.11,3.0,0.0979,9.99999999999999e-05,0.0082,0.00013730373107260696,0.10818849984259409,9.592940922469323e-05,0.13286482797996874,0.0001575830680542198,0.10940441152844799
KXCABOUT-26MAR-PHEG,30.0,0.14,23.0,0.12040000000000001,0.0011999999999999988,0.021800000000000003,0.0010926399555962203,0.20865758650274926,0.0011118257488191632,0.24150131655867643,0.0011405972579449316,0.2003502337323554
KXCABOUT-26MAR-PHEG,14.0,0.07,14.0,0.0651,0.0002999999999999997,0.018400000000000003,0.0005450789986873975,0.14942471630910795,0.0004660211848013469,0.1724490228080571,0.0004893370409754797,0.16590879409828635
KXCABOUT-26MAR-PHEG,7.0,0.09,7.0,0.0819,0.0001999999999999998,0.006300000000000001,0.0002476138677139103,0.15216945979202226,0.000263156525536676,0.15261407466863083,0.00029104381553153564,0.14408897578134905
KXCABOUT-26MAR-PHEG,3.0,0.09,3.0,0.0819,0.0,0.006300000000000001,0.00012444502609320092,0.1021119251827118,9.584606402720174e-05,0.10589813715362119,0.00013757315362392336,0.11057732415613693
KXWCTOTAL-26JUN15KSAURU-4,14.0,0.275,11.0,0.199375,0.0004750000000000009,0.0577,0.000704751034302776,0.2123135048445549,0.0004977425411734915,0.22283687896896157,0.0006391393326292453,0.2025565958112466
KXWCTOTAL-26JUN15KSAURU-4,7.0,0.265,7.0,0.194775,0.0001750000000000003,0.0577,0.00039939016384125974,0.2019418622541379,0.0003797592373383351,0.2233787467043984,0.00037568549099086424,0.21050597717093072
KXWCTOTAL-26JUN15KSAURU-4,3.0,0.245,3.0,0.184975,2.5000000000000045e-05,0.0577,0.00018398445472563225,0.1868164798974037,0.00016139823338745513,0.20112052382269052,0.00015533550113379293,0.18507562683320647
KXNFLTOTAL-25DEC27HOULAC-39,14.0,0.35,10.0,0.22749999999999998,2.5000000000000045e-05,0.258325,0.0005710016335888485,0.23056361218795707,0.000462692840191281,0.24532562218573425,0.0005062866190926759,0.22953633509629345
KXNFLTOTAL-25DEC27HOULAC-39,7.0,0.495,7.0,0.249975,0.0,0.235825,0.0003873336496547215,0.24936848207721013,0.0003121721507539929,0.2649602574306725,0.00025266327142701056,0.2509131684861603
KXNFLTOTAL-25DEC27HOULAC-39,3.0,0.51,3.0,0.2499,0.0,0.2309,0.00016894824623907352,0.24965799510241546,0.00012951895054019315,0.2521581360931819,0.00011322561727533831,0.2498451964162342
KXMVECROSSCATEGORY-S2026EA0F57DA463-F82A0B28DF8,14.0,0.5,9.958333333333334,0.25,0.0003830000000000001,0.21158100000000002,0.0005675615691884856,0.2537707827907354,0.00042296464186569445,0.26999302928562696,0.0004410802743716406,0.24890939381232347
KXMLSGAME-26AUG22SDCOL-COL,14.0,0.44499999999999995,14.0,0.246975,0.001075,0.06565,0.0008042199895293481,0.2524361096512272,0.0006325044576636014,0.2836671891800324,0.0006437196877537768,0.24563871175442586
KXMLSGAME-26AUG22SDCOL-COL,7.0,0.28500000000000003,7.0,0.203775,0.0007250000000000004,0.0534,0.0004028038666835397,0.21225967419490258,0.00033978795739703636,0.21706356831152276,0.0003825085427633243,0.21305779643219025
KXMLSGAME-26AUG22SDCOL-COL,3.0,0.28,3.0,0.2016,0.00039999999999999986,0.0534,0.00012794739887190992,0.20447576852139263,0.0001170337681450007,0.20808909789477337,0.00011475326515234113,0.20550028364273365
KXSENATEALR-26-BMOO,30.0,0.66,30.0,0.2244,0.000754999999999999,0.36732899999999996,0.0016095376418855608,0.24147475571511776,0.0012514991803297603,0.2923802914409619,0.0016867570727722022,0.24132045929041865
KXSENATEALR-26-BMOO,14.0,0.79,14.0,0.1659,0.0004000000000000007,0.06308200000000003,0.0007865569040278563,0.18779699296231542,0.0005961679261841685,0.2194543243886993,0.0008401023614122292,0.174270321667639
KXSENATEALR-26-BMOO,7.0,0.8,7.0,0.15999999999999998,0.00030000000000000057,0.04408199999999998,0.000383366174525214,0.16621084269203457,0.0003047391226789447,0.17594658023432594,0.0004051303863875843,0.1735210468758755
KXSENATEALR-26-BMOO,3.0,0.8,3.0,0.15999999999999998,0.00010000000000000018,0.043681999999999985,0.00016402733442861305,0.16760047329642908,0.00014340112510138363,0.17967271807199137,0.00015709716707224805,0.16792558407158972
KXBOXING-26MAY23RJSFIR-SFIR,3.0,0.75,3.0,0.1875,0.0,0.07930000000000001,0.0001719277721598605,0.18670881345811097,0.00011313789840735677,0.198201492614659,0.00013077075762803195,0.1898301104962652
KXT20MATCH-26JUN051330WARNOT-WAR,3.0,0.5,3.0,0.25,0.0,0.16804999999999998,0.0001501838043444435,0.2515046065140312,0.00012126037337923599,0.2557854199555172,0.00012628153297752982,0.25003404364685944
KXWCBTTS-26JUN24MARHTI-BTTS,30.0,0.43,20.0,0.2451,0.0007499999999999985,0.37494999999999995,0.001094020748585949,0.25190492804463366,0.0008537859019201544,0.2807241521571259,0.000979784042278449,0.25170279729248535
KXWCBTTS-26JUN24MARHTI-BTTS,14.0,0.435,14.0,0.24577499999999997,0.0005249999999999999,0.37494999999999995,0.0007679715051179825,0.2545326637881456,0.0006225771188128555,0.27031432270169575,0.0006555216539980629,0.24813325273545103
KXWCBTTS-26JUN24MARHTI-BTTS,7.0,0.435,7.0,0.24577499999999997,0.00012500000000000022,0.37405,0.0003911672891813117,0.24510145312476145,0.00030204371535547114,0.2599058773218895,0.00028022468852172464,0.25027319494902356
KXWCBTTS-26JUN24MARHTI-BTTS,3.0,0.38,3.0,0.2356,0.0,0.3722,0.0001524575646206563,0.23477911321421316,0.0001245728137753318,0.24020662431190856,0.0001222467144416065,0.23733827939354682
KXNFLGAME-25SEP28INDLA-LA,14.0,0.5,11.0,0.25,0.00030000000000000057,0.1595,0.0006047142006710548,0.25880113076308886,0.00045830780546274856,0.2786569996928008,0.00047930824409027047,0.24948213305174194
KXNFLGAME-25SEP28INDLA-LA,7.0,0.65,7.0,0.22749999999999998,0.00020000000000000036,0.12969999999999998,0.00044152563407829135,0.23331864224013432,0.0003258573074845561,0.23563711301490003,0.00031079553889966995,0.2268465037076198
KXNFLGAME-25SEP28INDLA-LA,3.0,0.63,3.0,0.2331,0.0,0.12969999999999998,0.0001667447800539052,0.2346634210176419,0.00011878017572527228,0.23987068714521365,0.00012114564527791305,0.23462290721640833
KXNCAAMBGAME-26MAR20HOFALA-ALA,7.0,0.88,5.0,0.1056,0.00020000000000000036,0.017,0.0002574718551169114,0.11580096695455035,0.00020182080317764501,0.13818510092838118,0.000346199673099926,0.11004602947319447
KXNCAAMBGAME-26MAR20HOFALA-ALA,3.0,0.86,3.0,0.12040000000000001,0.0,0.017,0.00016180333128661,0.12276549807820372,0.00013252801585089457,0.12667849254717156,0.00017643841440476537,0.12354488723494246
KXNCAAFGAME-25OCT11FLATXAM-FLA,7.0,0.39,7.0,0.2379,9.999999999999907e-05,0.09899999999999999,0.0004225026600235367,0.2439843355211905,0.0003235717864092221,0.26452527042234214,0.00029806581746877266,0.2367651877941489
KXNCAAFGAME-25OCT11FLATXAM-FLA,3.0,0.28,3.0,0.2016,9.999999999999907e-05,0.07849999999999999,0.0001470525361199521,0.20678422752812634,0.0001270359503980204,0.21436564157497323,0.00011178687498584382,0.20886478683035858
KXNCAAMBSPREAD-26MAR27TENNISU-ISU6,7.0,0.49,6.0,0.2499,9.999999999999907e-05,0.104,0.00030382548254556977,0.2496108672027389,0.0002537718694883877,0.2681122785227539,0.00023827971311036374,0.2483927635855961
KXNCAAMBSPREAD-26MAR27TENNISU-ISU6,3.0,0.41,3.0,0.24190000000000003,0.0,0.0959,0.0001540430010787087,0.24207162844321478,0.000147108127622105,0.24310769989337394,0.00011553390488942113,0.24175700630516667
KXLALIGAGAME-26FEB01RBBVCF-RBB,7.0,0.525,7.0,0.24937499999999999,0.0004250000000000008,0.22179999999999997,0.00036501952461969936,0.25058869056821936,0.00034291724243555366,0.2518618317496887,0.00028687806127057657,0.2524300946549845
KXLALIGAGAME-26FEB01RBBVCF-RBB,3.0,0.54,3.0,0.2484,0.0,0.22139999999999999,0.00015593917902522486,0.24985025947259104,0.0001361873558034509,0.2563345550151192,0.00011612704446229517,0.24788845553349362
KXUCLGAME-26JUL22EGRCEL-CEL,7.0,0.41000000000000003,6.0,0.2419,0.0003999999999999985,0.24329999999999996,0.0003225815211358002,0.24462052664951045,0.0002543176172439168,0.2546185177731139,0.0002535132289477456,0.24160258045447272
KXUCLGAME-26JUL22EGRCEL-CEL,3.0,0.45,3.0,0.24750000000000003,0.0003999999999999985,0.24109999999999998,0.000170661524416977,0.2477126576167347,0.0001355025731609096,0.2509735447428557,0.00011466777979603202,0.2491652318477278
KXWCTEAMTOTAL-26JUN16FRASEN-FRA2,7.0,0.495,7.0,0.249975,0.0005999999999999966,0.15982500000000002,0.0003980057733765292,0.2430822343210495,0.00032476704046681003,0.2564456194204153,0.0002885558797817391,0.2510281379315867
KXWCTEAMTOTAL-26JUN16FRASEN-FRA2,3.0,0.58,3.0,0.2436,0.0,0.1526,0.00016208651784264564,0.2454825287181931,0.00012804421086605813,0.24934015990737968,9.197008220802931e-05,0.2435056087510914
KXLEAGUESCUPTOTAL-26AUG04VANALA-3,7.0,0.5,6.0,0.25,0.0,0.23735,0.0003262170754800983,0.2504493404666793,0.0002650957348295603,0.25159097082670284,0.00022875379871350535,0.2512798127610435
KXLEAGUESCUPTOTAL-26AUG04VANALA-3,3.0,0.625,3.0,0.234375,0.0,0.221725,0.00016491222695885798,0.23958993237296672,0.0001248063171544732,0.2349412366517129,0.00011459412690389337,0.23722858548390235
KXLIGAMXTOTAL-26JUL26PACQUE-4,14.0,0.5,10.0,0.25,0.00029999999999999943,0.14515,0.0005366883077989524,0.2530970444292062,0.00045952908130674516,0.27788783868341266,0.00045994361240930093,0.2532704955451255
KXLIGAMXTOTAL-26JUL26PACQUE-4,7.0,0.33499999999999996,7.0,0.222775,0.00019999999999999925,0.11002500000000001,0.00036654715831890665,0.2274670705323224,0.00030576001160096853,0.23592450746758395,0.00029447976217105977,0.22641785254184954
KXLIGAMXTOTAL-26JUL26PACQUE-4,3.0,0.35,3.0,0.22749999999999998,9.999999999999907e-05,0.10900000000000001,0.00015741161329530602,0.22821066830759992,0.0001493431585472803,0.23266641557638676,0.00011139308133414541,0.2282701898262009
KXWCMATCHUP-26FIN-FRANOR,14.0,0.4895,12.0,0.24988974999999997,0.0007500000000000011,0.10896224999999998,0.0005875392184700239,0.2546615987282243,0.0005344521066125525,0.2711147398193021,0.000503158154104187,0.2551498509267003
KXWCMATCHUP-26FIN-FRANOR,3.0,0.086,3.0,0.078604,0.0001570000000000003,0.008100999999999999,0.00013751257484307294,0.09303209487258841,9.814707133542876e-05,0.10096680077291346,0.0001488464655320018,0.1011340759268787
KXWCTCORNERS-26JUL03ARGCPV-CPV5,3.0,0.15,3.0,0.1275,0.0,0.7074999999999999,0.00019934921406837387,0.14309480795364177,0.000188090717604672,0.14296206605074147,0.000191209002258711,0.13744799866225565
KXWCTOTAL-26JUL10ESPBEL-3,3.0,0.53,3.0,0.2491,0.00010000000000000018,0.20259999999999995,0.00015849030739972057,0.24994371761513193,0.00012207131043080703,0.2504745963039125,0.00011648120511679242,0.24917010465771708
KXNFLGAME-25SEP21GBCLE-CLE,14.0,0.5,11.0,0.25,0.0013999999999999987,0.6786000000000001,0.0006387438805522208,0.25207055894335745,0.0005108489777898869,0.2628669607403019,0.00046414523404442355,0.2505452290269154
KXNFLGAME-25SEP21GBCLE-CLE,7.0,0.19,7.0,0.1539,0.0009999999999999992,0.6085,0.0004886925155509802,0.1758460569021171,0.0004387407617176109,0.17580941165114844,0.00046995035747270217,0.17884263667348665
KXNFLGAME-25SEP21GBCLE-CLE,3.0,0.2,3.0,0.16000000000000003,0.0004999999999999998,0.6085,0.00022386565759220046,0.16770102452567862,0.00017604510579959708,0.17216326396899848,0.00021244505903211897,0.1695719308723023
KXEPLGAME-25OCT18BRINEW-BRI,14.0,0.38,14.0,0.2356,0.0004000000000000007,0.39940000000000003,0.0007610534568309923,0.23224749374245557,0.0006115464608630522,0.2683137259099876,0.0006342063647857255,0.2415717482741136
KXEPLGAME-25OCT18BRINEW-BRI,7.0,0.38,7.0,0.2356,0.0004000000000000007,0.397,0.00035093896483917234,0.2389009399345256,0.0002950243678970571,0.24799096067170076,0.0002868035349301795,0.2395545330163878
KXEPLGAME-25OCT18BRINEW-BRI,3.0,0.37,3.0,0.2331,0.00010000000000000018,0.397,0.00015878038715741116,0.23997183281364565,0.0001534236320382657,0.2485038817551552,0.00012841687524626423,0.23645987846420463
KXMVESPORTSMULTIGAMEEXTENDED-S20254A6AAEC7BED-17ED28448CB,14.0,0.262,13.0,0.193356,0.0003000000000000005,0.053566,0.0007734530761374242,0.20793230247889782,0.0006280174983682358,0.23143117913797184,0.0007234266461286655,0.21062085049347373
KXMVESPORTSMULTIGAMEEXTENDED-S20254A6AAEC7BED-17ED28448CB,7.0,0.259,7.0,0.191919,0.00027100000000000046,0.05249,0.0003775824321498103,0.2101594168691618,0.00035959228968393574,0.20641660937413636,0.0004015879908008316,0.20389264707449417
KXMVESPORTSMULTIGAMEEXTENDED-S20254A6AAEC7BED-17ED28448CB,3.0,0.262,3.0,0.193356,4.000000000000007e-05,0.05249,0.00017535752207796854,0.19446783013773633,0.00017109637113455666,0.19933896466104414,0.00015307541228113802,0.19965647847403503
KXEPLGAME-26MAY24NFOBOU-BOU,14.0,0.375,14.0,0.234375,0.001474999999999994,0.25275,0.0007840458791959835,0.23754692203545835,0.0005867607041883529,0.2646536563821273,0.0007035444994920848,0.2314835646038228
KXEPLGAME-26MAY24NFOBOU-BOU,7.0,0.51,7.0,0.2499,0.0011999999999999956,0.2345,0.00036885056152472824,0.2552644538815011,0.0002908839834515996,0.25946508191295115,0.0002852404750646119,0.24948616142644095
KXEPLGAME-26MAY24NFOBOU-BOU,3.0,0.45,3.0,0.24750000000000003,0.0003999999999999985,0.2309,0.00016848496123682516,0.24880552380672089,0.0001347356024648469,0.2506550973234406,0.00011516455641566347,0.24748804865823182
KXLIVTOUR-LIGR26-BDEC,7.0,0.15,6.0,0.1275,0.00019999999999999963,0.5045,0.0004025025015104828,0.14381940930401393,0.00040994888317315314,0.14968025388913375,0.0004471825063254403,0.14508419964329522
KXINTLFRIENDLYGAME-26JUN01BULMNE-MNE,3.0,0.345,3.0,0.22597499999999998,0.0,0.362125,0.00017244856605204756,0.22757637486036963,0.00013442750148159278,0.23248809345390511,0.0001206285648121825,0.2261948626724505
KXNASCARRACE-DURTGPPB26-COZI,7.0,0.17,5.0,0.1411,9.999999999999963e-05,0.0238,0.0003654849816068574,0.15083379764822194,0.00038791351545062927,0.17111479253783934,0.0003581370633887056,0.1610258710769046
KXNASCARRACE-DURTGPPB26-COZI,3.0,0.18,3.0,0.1476,0.0,0.0238,0.0002132236010457618,0.15726638985951705,0.00019775017492024816,0.15757800688637563,0.00022945275775298378,0.152467862138297
KXVOTEHEGSETH-26-JF,30.0,0.28,30.0,0.2016,0.0007499999999999985,0.24364999999999998,0.0016081318945089758,0.2542014772811263,0.0013446421023758392,0.2680280639249391,0.001466796126518178,0.24481727160699102
KXVOTEHEGSETH-26-JF,14.0,0.44,14.0,0.24640000000000004,0.0005249999999999987,0.17622499999999997,0.0007850643285652042,0.24751866056763996,0.0006038293273587709,0.28399553508107983,0.0006014187697577395,0.253358266186486
KXVOTEHEGSETH-26-JF,7.0,0.39,7.0,0.2379,0.0004249999999999985,0.16722499999999996,0.000385525846470291,0.24373420667257992,0.0003003406353461385,0.2415032990040301,0.00030014699643184735,0.23854295857484323
KXVOTEHEGSETH-26-JF,3.0,0.47,3.0,0.2491,2.5e-05,0.16362499999999996,0.00015189547762307286,0.2529629537670253,0.00012704567243426737,0.25122126501027425,0.00011159232800127025,0.2494947660189306
KXINTLFRIENDLYGAME-26JUN05TJKIND-TJK,3.0,0.79,3.0,0.1659,0.0,0.1849,0.00014917220127774798,0.1701004270835545,0.00014511273024940514,0.18731322391766486,0.00013379217218600876,0.17346293211745598
KXT20MATCH-26JUL211000KANDAM-KAN,7.0,0.495,7.0,0.249975,0.00030000000000000057,0.338425,0.0003775649781010122,0.25151887209151746,0.0003020297741337586,0.2592189136935465,0.0003097565343613417,0.25069000575768674
KXT20MATCH-26JUL211000KANDAM-KAN,3.0,0.25,3.0,0.1875,0.00010000000000000018,0.29779999999999995,0.00016312233203101474,0.19528868806128735,0.0001655205520727777,0.2001282702589449,0.00014155370547662443,0.1924112275870084
KXWCMOV-26JUL06PORESP-ESPET,3.0,0.13,3.0,0.1131,0.0,0.0081,0.0001593940882148114,0.12631212118590734,0.00012252230144484168,0.1268521765910494,0.00017110365762694425,0.13126219855214943
KXNBAGAME-26MAY10NYKPHI-NYK,7.0,0.59,7.0,0.2419,0.00010000000000000018,0.21639999999999995,0.0003609488577446918,0.2511215463663054,0.0003009984134620524,0.246818058966875,0.00027284285154911326,0.24570178214592572
KXNBAGAME-26MAY10NYKPHI-NYK,3.0,0.55,3.0,0.2475,0.0,0.21209999999999996,0.00016220924906597934,0.24732933143268745,0.00013244030628237224,0.2516853056989078,9.856433670888e-05,0.24828742984058283
KXWHUNDREDMATCH-26AUG020600SUNTRE-SUN,7.0,0.49,7.0,0.2499,0.00010000000000000018,0.18859999999999996,0.0003948981347228296,0.25035309512305054,0.0003321228781181855,0.2692274580879112,0.0002965361565077194,0.25077586514798633
KXWHUNDREDMATCH-26AUG020600SUNTRE-SUN,3.0,0.5,3.0,0.25,0.0,0.18859999999999996,0.0001442879679580175,0.2501336089515234,0.00010868141269629014,0.25698704916478676,0.00011849199645608022,0.25076867106168554
KXNFLGAME-25NOV30JACTEN-TEN,14.0,0.26,13.0,0.19240000000000002,0.001249999999999999,0.0858,0.0007153039375148449,0.21887386066752398,0.0006077043079372632,0.23496701152246374,0.0006850929991944041,0.20295700184287235
KXNFLGAME-25NOV30JACTEN-TEN,7.0,0.25,7.0,0.1875,0.000699999999999999,0.0842,0.00044466890097107125,0.18977734064654256,0.0004128007783650929,0.2109285625910601,0.0004064184034987467,0.2030156167166276
KXNFLGAME-25NOV30JACTEN-TEN,3.0,0.28,3.0,0.2016,0.0003999999999999985,0.0842,0.00014617453751496288,0.20924165580684864,0.00012000092899637095,0.20850697886318237,0.00011401777278759787,0.20641523380489063
KXNCAAFSPREAD-26SEP03AKRWAKE-WAKE28,14.0,0.275,14.0,0.199375,0.000749999999999997,0.2597749999999999,0.0007577344765742883,0.21338181131539882,0.0006380720078941645,0.2397684931425971,0.0007236227613759222,0.22324286320556094
KXNCAAFSPREAD-26SEP03AKRWAKE-WAKE28,7.0,0.35,7.0,0.22749999999999998,0.0007249999999999969,0.17242499999999997,0.00039489212891538833,0.23086341308049566,0.00033883074400194,0.24068120116405695,0.00031373055873617275,0.22602190526105745
KXNCAAFSPREAD-26SEP03AKRWAKE-WAKE28,3.0,0.41,3.0,0.24190000000000003,0.0004999999999999976,0.16819999999999996,0.00016258779344972406,0.2414626389283992,0.0001241300548340393,0.24388452317044454,0.00011353178774150055,0.2429878307139769
KXNWSLGAME-26AUG09REIANG-REI,7.0,0.39,6.0,0.2379,0.00030000000000000057,0.13699999999999998,0.0003203559348289156,0.24278184509960682,0.0002755014771111881,0.25175598441803054,0.000251387974784344,0.23825583385054588
KXNWSLGAME-26AUG09REIANG-REI,3.0,0.38,3.0,0.2356,0.00020000000000000036,0.13699999999999998,0.00016079371433881337,0.2363621757073538,0.00013738209483596633,0.23607573937600165,0.00012466799817109595,0.2339563516940152
KXNEXTPOPE-35-PPAR,14.0,0.26,14.0,0.19240000000000002,0.0008999999999999972,0.0673,0.0008296567833583181,0.220180044506958,0.0007122040624437406,0.23809548479220538,0.0007817468203309468,0.21336076433998535
KXNEXTPOPE-35-PPAR,7.0,0.24,7.0,0.1824,0.00029999999999999943,0.0651,0.0004178587915022213,0.197964873299748,0.0004138180371429448,0.20797644523876307,0.0004445515816732632,0.18757299997693436
KXNEXTPOPE-35-PPAR,3.0,0.28,3.0,0.2016,0.00010000000000000018,0.0635,0.00013150382709990773,0.2080345869742746,0.00010042725689667478,0.21771066415551915,0.00012387818415515422,0.21456483260717507
KXUCLGAME-26JAN28NAPCFC-NAP,7.0,0.39,6.0,0.2379,0.00020000000000000036,0.0895,0.00031199221749385943,0.2379652387142351,0.00026906172753406854,0.23720292895633208,0.000248794111161432,0.2408287461164972
KXUCLGAME-26JAN28NAPCFC-NAP,3.0,0.31,3.0,0.21389999999999998,0.00010000000000000018,0.0846,0.00017710577011611903,0.22052615745727022,0.00014716523607463745,0.2173889943413549,0.00011269703559957324,0.2176427125320881
KXMLBGAME-26APR282140CHCSD-SD,3.0,0.52,3.0,0.2496,0.0,0.18819999999999995,0.0001607304933012211,0.24997367249035968,0.0001246059315041638,0.2505810049436004,9.742716819069118e-05,0.2509673500538213
KXSPACEXSTARSHIP-12-26MAR31,30.0,0.18,29.95833333333333,0.1476,0.0009499999999999996,0.010499999999999999,0.0017120615973066269,0.25247630137093124,0.001536109651373991,0.2589665603262706,0.001592619700794728,0.25247795184571764
KXNFLGAME-25DEC07MIANYJ-MIA,14.0,0.51,13.0,0.2499,0.000799999999999997,0.23310000000000003,0.0007331423289773525,0.25445850903633654,0.0006060448619877148,0.2763834058485375,0.0005627516250579573,0.2513959228747775
KXNFLGAME-25DEC07MIANYJ-MIA,7.0,0.59,7.0,0.2419,0.0006999999999999967,0.1774,0.0003735408623683648,0.2441905483846677,0.0002822073125626684,0.24774766828620107,0.0003109843612145288,0.2440580521626697
KXNFLGAME-25DEC07MIANYJ-MIA,3.0,0.58,3.0,0.2436,0.00010000000000000018,0.17650000000000002,0.00015518645277853344,0.24571186152445137,0.00013665961499618575,0.24835825392009048,0.00011286200104523529,0.24246508879581088
KXLOLGAME-26JUN130500BLGWE-WE,3.0,0.08,3.0,0.0736,0.0,0.011000000000000001,0.0001143954388486515,0.10250202815669947,0.00011013026838427091,0.08924709275485622,0.00016643106094001267,0.09542521683298524
KXMARMAD-25R16G4-TTU,14.0,0.37,11.0,0.2331,0.0007999999999999926,1.3564999999999998,0.0006068503778667275,0.23953411284480533,0.000497505263618861,0.2506208725548026,0.0005029198430870048,0.24066853381001888
KXMARMAD-25R16G4-TTU,7.0,0.43,7.0,0.2451,0.0006999999999999924,1.3482,0.0003702363498888403,0.24792682257791113,0.0002976974825351862,0.2540759497274281,0.0002823069381797719,0.24241415573141956
KXMARMAD-25R16G4-TTU,3.0,0.69,3.0,0.2139,9.999999999999796e-05,1.2806,0.00018413358852592939,0.21684183786260455,0.00012153081298209687,0.22255784316222446,0.00011221831286745696,0.21423190780086837
KXUFCFIGHT-26JUN14TOPGAE-TOP,30.0,0.86,28.0,0.12040000000000001,0.0005999999999999944,0.6250000000000001,0.0012647223032776927,0.23877173835733334,0.0010551185450534011,0.2875947504669068,0.0013742753787984968,0.22136611547387744
KXUFCFIGHT-26JUN14TOPGAE-TOP,14.0,0.82,14.0,0.14760000000000004,0.00019999999999999814,0.6242000000000001,0.0007860131341650375,0.1591199549699878,0.0005875093600599069,0.20291570492032768,0.0009283938092940322,0.16483763730107384
KXUFCFIGHT-26JUN14TOPGAE-TOP,7.0,0.81,7.0,0.15389999999999995,0.00010000000000000018,0.6242000000000001,0.0004099883617344267,0.167250047399978,0.0002857883238005942,0.1866829553180942,0.0004009771627071265,0.15836115870780548
KXUFCFIGHT-26JUN14TOPGAE-TOP,3.0,0.81,3.0,0.15389999999999995,0.00010000000000000018,0.6242000000000001,0.0001761220332763533,0.15699421388459048,0.00012441051427657018,0.16044913895933408,0.0001542546821608576,0.15619212658747825
KXWTAMATCH-26AUG30SONGAU-SON,7.0,0.06,5.0,0.05639999999999999,0.00030000000000000057,0.0037000000000000006,0.00014820307333399997,0.11940455867009485,0.00014056406173041207,0.12144674574350056,0.0001493326296238023,0.11281173970154935
KXWTAMATCH-26AUG30SONGAU-SON,3.0,0.07,3.0,0.0651,0.00020000000000000036,0.0037000000000000006,0.00012393879393831752,0.09261525537361244,9.2609694829775e-05,0.10100774533544449,0.00017058243687483306,0.08494435840364224
KXINTLFRIENDLYGAME-26JUN07DENUKR-TIE,3.0,0.25,3.0,0.1875,0.0,0.035300000000000005,0.00018133839811372842,0.19260020983851384,0.0001656022663760818,0.19562376790534433,0.0001480367259341001,0.19167730095514052
KXWCMOF-26JUL11ARGSUI-PEN,7.0,0.15,5.0,0.1275,5.000000000000009e-05,0.5129999999999999,0.000327177172298848,0.1523887745831275,0.00030427128253256305,0.14370977459842346,0.0003439472838940931,0.1489541791604469
KXWCMOF-26JUL11ARGSUI-PEN,3.0,0.165,3.0,0.137775,2.5000000000000045e-05,0.5126,0.00019334019496849473,0.14370856735555576,0.0001771915793681348,0.14350623620770023,0.00019233737836356826,0.13956589366707858
KXNCAAFTOTAL-25DEC19MEMNCST-55,14.0,0.5,12.0,0.25,0.00010000000000000018,0.28385000000000005,0.0007088502041159933,0.25194953474185794,0.0005083627862495046,0.2736527840132839,0.0005480758087526696,0.25250732684097155
KXNCAAFTOTAL-25DEC19MEMNCST-55,7.0,0.56,7.0,0.24639999999999998,0.00010000000000000018,0.28025000000000005,0.00039957583846825066,0.24893051805374633,0.000318931910353319,0.2572719028994165,0.00026310805965348,0.2466439777834542
KXNCAAFTOTAL-25DEC19MEMNCST-55,3.0,0.505,3.0,0.249975,0.0,0.271125,0.00016310744882918964,0.250242219974679,0.00011737319995355832,0.2528712885369977,0.0001209819900108638,0.25027814109910135
KXNFLTOTAL-26AUG06CARARI-52,7.0,0.5,6.0,0.25,0.0,0.8612500000000001,0.00032446117498180596,0.2533561171752595,0.00025545978384501297,0.25640936524260477,0.0002440371934486154,0.2512067346020178
KXNFLTOTAL-26AUG06CARARI-52,3.0,0.14,3.0,0.12040000000000001,0.0,0.7574,0.0001762656133457074,0.12902807997172805,0.00014083711863800756,0.142009965114977,0.00015096625474787017,0.13435412995912363
KXUFCFIGHT-26MAY09SUSSAN-SAN,7.0,0.15,6.0,0.1275,0.00020000000000000036,0.0209,0.00045127807850266265,0.14460483273136363,0.00039950721910178414,0.16359579869515106,0.00041764518026328636,0.15345879937177961
KXUFCFIGHT-26MAY09SUSSAN-SAN,3.0,0.17,3.0,0.1411,0.00020000000000000036,0.019699999999999995,0.00020810875706596808,0.14470865258194449,0.0001742600574771407,0.1590098337041485,0.00019205310409535018,0.15973143001024945
KXNFLSPREAD-25DEC22SFIND-SF3,14.0,0.5,13.0,0.25,0.00020000000000000036,0.17365000000000003,0.0006896765812212222,0.2600657405385823,0.0005944209531733209,0.28150861697110907,0.0006192220904535642,0.2525494221365111
KXNFLSPREAD-25DEC22SFIND-SF3,7.0,0.6,7.0,0.24,0.00020000000000000036,0.16860000000000003,0.0003832243967837142,0.23949823605771733,0.00029926296225571604,0.25959495230950846,0.00030009664981558065,0.2431500027535417
KXNFLSPREAD-25DEC22SFIND-SF3,3.0,0.59,3.0,0.2419,0.00010000000000000018,0.16860000000000003,0.00014721820825387138,0.24336454631505725,0.0001309040515965125,0.24929934091322672,0.00011541797627859712,0.24135260642805145
KXHUNDREDMATCH-26AUG080930TREMLO-MLO,7.0,0.565,7.0,0.245775,0.00012500000000000022,0.28925,0.00037496473587704163,0.24665296904480022,0.0002962670292616204,0.2749310749928334,0.0002821770083363354,0.2503072863106416
KXHUNDREDMATCH-26AUG080930TREMLO-MLO,3.0,0.46499999999999997,3.0,0.248775,2.5000000000000045e-05,0.2517,0.00016033671827642363,0.2521756276777402,0.0001247739719956647,0.25201401918772665,0.00012872382218350465,0.24826133175595996
KXGOVSHUTLENGTH-26FEB28-5D,14.0,0.58,11.0,0.2436,0.00019999999999999925,0.09380000000000002,0.0006516713814188618,0.24673786621189875,0.0004657563887903583,0.2729899705239476,0.0005120620197834866,0.24774007381786384
KXGOVSHUTLENGTH-26FEB28-5D,7.0,0.45,7.0,0.24750000000000003,9.999999999999907e-05,0.060400000000000016,0.00038899299686811134,0.25144826151695143,0.00030836386768740584,0.2658625539630604,0.00028741367286431557,0.24922435427332787
KXGOVSHUTLENGTH-26FEB28-5D,3.0,0.23,3.0,0.1771,0.0,0.027500000000000007,0.00021272659935281824,0.1830115439063505,0.0001952316561944378,0.19269660850681267,0.00018948999478894646,0.1792341014082729
KXEPLGAME-26FEB11MCIFUL-MCI,14.0,0.79,14.0,0.1659,0.0007000000000000013,0.0856,0.0007459429884475563,0.1904409862913864,0.0006044296011473084,0.21519894974966494,0.0008173147866504682,0.18006631845746834
KXEPLGAME-26FEB11MCIFUL-MCI,7.0,0.73,7.0,0.1971,0.0005000000000000009,0.0626,0.00042158727558168444,0.20208742995082413,0.0003014734314737746,0.21414797496891624,0.0003721862463042313,0.2030469626664844
KXEPLGAME-26FEB11MCIFUL-MCI,3.0,0.73,3.0,0.1971,0.00010000000000000018,0.0626,0.0001739635322880994,0.20019880150712,0.00012159386425099275,0.2021309985765636,0.0001357388189853121,0.19971883893652842
KXUFCFIGHT-26AUG01REBPRE-PRE,7.0,0.19,6.0,0.1539,0.00019999999999999982,0.020099999999999996,0.00048437229798450735,0.16872937213892125,0.0004131206025132672,0.1766918607946325,0.0004415518177912607,0.16251509535380707
KXUFCFIGHT-26AUG01REBPRE-PRE,3.0,0.15,3.0,0.1275,0.0,0.019699999999999995,0.00019553884471394938,0.1470074281368114,0.0001834883320731387,0.1448389579302907,0.0002136146432185383,0.1341024162617054
KXNCAAMBSPREAD-26MAR20QUCPUR-PUR26,7.0,0.48,5.0,0.2496,0.0008999999999999961,0.2917,0.00026812535908265003,0.25119041318068946,0.00021756375231325658,0.2638579883327182,0.0002194687710591651,0.25081153476797524
KXNCAAMBSPREAD-26MAR20QUCPUR-PUR26,3.0,0.46,3.0,0.24840000000000004,0.0004999999999999976,0.2917,0.00016224827666596418,0.24842988154332457,0.0001128005608273589,0.25442197974824093,0.00010326002687073542,0.2473747768557971
KXWCTOTAL-26JUN21NZLEGY-2,14.0,0.66,14.0,0.2244,0.0008500000000000004,0.07300000000000001,0.0007541376014464448,0.24100489566732566,0.0005811276610667563,0.2662022030489306,0.0006509499107419256,0.2286097298556102
KXWCTOTAL-26JUN21NZLEGY-2,7.0,0.6799999999999999,7.0,0.21760000000000002,0.000550000000000001,0.07300000000000001,0.0003906336351902679,0.2221042952435019,0.0003025436791524838,0.23185515538402857,0.00030417654437022703,0.21936255342461713
KXWCTOTAL-26JUN21NZLEGY-2,3.0,0.71,3.0,0.20590000000000003,0.00010000000000000018,0.07300000000000001,0.00014157623844480744,0.20699187264488103,0.0001288192821686253,0.21463910703537334,0.00011508571156450135,0.20674399236336033
KXATPMATCH-26MAR17ARNSHE-ARN,3.0,0.49,3.0,0.2499,0.00010000000000000018,0.22099999999999997,0.0001476734105684372,0.24955743929898083,0.00012100512123489654,0.251800677063653,0.00012177333249148698,0.25001344605039383
KXNCAAFGAME-25NOV08TLSAFAU-FAU,7.0,0.76,7.041666666666666,0.1824,0.00020000000000000036,0.15139999999999998,0.000404350317113628,0.1970704682522898,0.00037147538467188047,0.20290717524847587,0.00043073507195718534,0.19936306455953706
KXNCAAFGAME-25NOV08TLSAFAU-FAU,3.0,0.62,2.999999999999999,0.2356,0.0,0.13699999999999998,0.0001721787831100379,0.23839322466496907,0.00011026645701085753,0.2443762399447613,0.00010916194649100731,0.23728525355834315
KXEPLGAME-26FEB28LFCWHU-WHU,14.0,0.13,14.0,0.1131,0.0003250000000000006,0.028025000000000005,0.0007017641788703025,0.1780904047025357,0.000586445960716258,0.1957483326190443,0.000705185098105346,0.18846704259350078
KXEPLGAME-26FEB28LFCWHU-WHU,7.0,0.14,7.0,0.12040000000000001,0.00020000000000000036,0.017,0.0003788993382959545,0.16035229334840992,0.00040920504900749435,0.16351255257581954,0.0003749029351859423,0.15005219620227248
KXEPLGAME-26FEB28LFCWHU-WHU,3.0,0.13,3.0,0.1131,0.00010000000000000018,0.017,0.00018179744868087423,0.11917112296911483,0.00013903292330175285,0.13135710813678797,0.00017776145237086488,0.11584440829631597
KXNEXTIRANLEADER-45JAN01-ABO,30.0,0.46,30.0,0.24840000000000004,0.00040000000000000045,0.1436,0.0016280103561867626,0.266512872746581,0.0014441570834736958,0.31631801320087527,0.001541096632726747,0.2625859858050554
KXNEXTIRANLEADER-45JAN01-ABO,14.0,0.5,14.0,0.25,0.0002000000000000001,0.11140000000000004,0.0007630874420361661,0.25917230707738215,0.0006270116701491283,0.27464480294634575,0.0006446588437788037,0.2526802737536979
KXNEXTIRANLEADER-45JAN01-ABO,7.0,0.2,7.0,0.16000000000000003,9.99999999999999e-05,0.011899999999999999,0.000450299020285444,0.1736934120975483,0.00048410491098909163,0.1804924007914665,0.00045818677726691784,0.17699220277901198
KXNEXTIRANLEADER-45JAN01-ABO,3.0,0.11,3.0,0.0979,9.99999999999999e-05,0.004600000000000001,0.000141310097852702,0.11180644172216696,0.00010735007150145164,0.11362751608693454,0.00014804636194392813,0.11317257944427186
KXLEAGUESCUPGAME-26AUG09CRANYC-TIE,7.0,0.42000000000000004,7.0,0.2436,0.0003250000000000006,0.23922500000000002,0.00035014016766740235,0.2467238793556274,0.00033459894305927924,0.2601697967951444,0.0003081153361388261,0.24638265405847776
KXLEAGUESCUPGAME-26AUG09CRANYC-TIE,3.0,0.41000000000000003,3.0,0.2419,0.0,0.11670000000000001,0.00016546171903975777,0.24436077390925257,0.00011031586731299115,0.24935019525044982,9.618192727944543e-05,0.2427672812239156
KXPRIMARYMOV-KY4R26-TMAS-P12,30.0,0.2,30.0,0.16000000000000003,0.00015475000000000018,0.50848425,0.0016610578336906262,0.249306861213926,0.0014548936616497136,0.2544439956134746,0.0015928228769213821,0.2296669988368171
KXNBAGAME-26JUN03NYKSAS-SAS,3.0,0.65,3.0,0.22749999999999998,0.00010000000000000018,0.397,0.00016093345049403033,0.2307997025361076,0.00012847565177634846,0.2357185903658186,0.00012587015880322191,0.23101291930195117
KXBUNDESLIGAGAME-26JAN13VFBSGE-VFB,7.0,0.53,7.0,0.2491,0.0007249999999999969,0.17902500000000002,0.00037870254707814946,0.2517135473055654,0.00030283083854984813,0.26568080942585354,0.00029100417639122897,0.24873180624293773
KXBUNDESLIGAGAME-26JAN13VFBSGE-VFB,3.0,0.56,3.0,0.24639999999999998,0.0004999999999999964,0.17650000000000002,0.00014822689613127026,0.2500960313626341,0.00011605123568241056,0.24595436443284036,9.956339616767646e-05,0.24642902340368814
KXLIGUE1GAME-26AUG29OLHAC-TIE,14.0,0.42000000000000004,15.0,0.2436,0.00019999999999999925,0.6627000000000001,0.0008213451424806538,0.2508412326126295,0.0006366025564742242,0.2700100154940549,0.00071609072189688,0.24800269218479604
KXLIGUE1GAME-26AUG29OLHAC-TIE,7.0,0.42000000000000004,7.0,0.2436,0.0001749999999999992,0.654725,0.00037056784722612376,0.2505179741293193,0.0003142775346588954,0.251854328850658,0.00030643221210682953,0.24631134211381978
KXLIGUE1GAME-26AUG29OLHAC-TIE,3.0,0.21,3.0,0.1659,4.9999999999999535e-05,0.6085,0.00019575437257801764,0.1679365774515967,0.00020309105347160044,0.1719296258889301,0.0001843205319565136,0.17165057549890123
KXPGATOUR-3MO26-SSCH,7.0,0.24,7.0,0.1824,0.00020000000000000036,0.085222,0.0004130266695219065,0.20193432089394886,0.0003957737978917916,0.22001296996393388,0.00043501607139548163,0.20053345963276495
KXPGATOUR-3MO26-SSCH,3.0,0.38,3.0,0.2356,0.0,0.07082200000000001,0.00014847827895162844,0.2380053349166926,0.00013581953480379613,0.24130258033666685,0.0001274149445634597,0.2383432901168007
KXWCCORNERS-26JUN21TUNJPN-9,3.0,0.51,3.0,0.2499,0.00020000000000000036,0.2501,0.00016550586561194132,0.25370908093014843,0.00011732688596483815,0.256090722358519,0.00011285748543243255,0.25016138979908326
KXLIVTOUR-LIGSA26-JRAH,7.0,0.23,7.0,0.1771,0.0006,0.0273,0.0004493346795464463,0.19036705326813375,0.0003999493272775053,0.20743878876028268,0.000429632325842185,0.19630769461896705
KXLIVTOUR-LIGSA26-JRAH,3.0,0.2,3.0,0.16000000000000003,0.0004999999999999998,0.0257,0.00019952386632602433,0.1659896326323679,0.00018209464213948028,0.18008483044879975,0.0002199333161515958,0.162132473417092
KXWC1HSPREAD-26JUN19BRAHTI-BRA2,14.0,0.495,14.0,0.249975,0.0002750000000000005,0.3657500000000001,0.0007380177494934084,0.2531775122131819,0.0006129606003988593,0.26800799889631455,0.00066285810406169,0.25217258050250396
KXWC1HSPREAD-26JUN19BRAHTI-BRA2,7.0,0.49,7.0,0.2499,0.00020000000000000036,0.3495000000000001,0.0003819049049908597,0.2511211665640133,0.00032344057629677146,0.25760452614512097,0.0003027249487861545,0.25012372713064945
KXWC1HSPREAD-26JUN19BRAHTI-BRA2,3.0,0.38,3.0,0.2356,0.0,0.3374000000000001,0.00015661335387957235,0.2362085752457051,0.00012709855689882035,0.23848086304631938,0.00012152900307196385,0.23807739592254465
KXMLBGAME-26JUL102215COLSF-SF,3.0,0.57,3.0,0.2451,0.0,0.17509999999999998,0.00017160621153261744,0.24937202582572643,0.00012256667441903747,0.25605183826060335,0.00011148567962071463,0.2451198025856467
KXWMARMAD-25-T,30.0,0.17,29.958333333333336,0.1411,0.0016999999999999988,0.011200000000000005,0.0015768873777939388,0.24723464388361718,0.0014661946745340103,0.2695338766480577,0.0015963074062985895,0.21784668182721617
KXWMARMAD-25-T,14.0,0.11,14.0,0.0979,0.0005999999999999994,0.0075000000000000015,0.0005666520012812933,0.16345845166283532,0.0005579688116064289,0.21315276457618043,0.0005309895242970625,0.18199185780067018
KXWMARMAD-25-T,7.0,0.1,7.0,0.09000000000000001,0.0002999999999999997,0.0075000000000000015,0.0002843642855306825,0.14013364231886544,0.0002314658671030137,0.14896846383233744,0.0002756648054215021,0.13556141805024347
KXWMARMAD-25-T,3.0,0.08,3.0,0.0736,0.0001999999999999998,0.005000000000000001,0.00012484860153451935,0.09862870605003439,0.00010897798760548899,0.08846612379002362,0.00015258360414401308,0.08215772740497788
KXWCMATCHUP-26FIN-PORMEX,3.0,0.089,3.0,0.081079,2.5000000000000045e-05,0.004363999999999999,0.00012906646839198492,0.11066657777261747,0.00010629562432589161,0.09366305330325736,0.00016762116238333964,0.10503172380685732
KXBTCMINY-25-2-DEC31-110000,30.0,0.77,25.0,0.17709999999999998,0.0,0.10510000000000001,0.0012453145849142392,0.21697417316876053,0.0010218537846016272,0.25260483650953697,0.0015099391187626903,0.2157944541141621
KXBTCMINY-25-2-DEC31-110000,14.0,0.65,14.0,0.22749999999999998,0.0,0.05810000000000001,0.0007540566321743685,0.23451419958561,0.0006220783589674699,0.25750921302199836,0.0006873967002698802,0.23551785910020492
KXBTCMINY-25-2-DEC31-110000,7.0,0.82,7.0,0.14760000000000004,0.0,0.024799999999999992,0.00039398203652024556,0.16584677877115722,0.0002708823827168412,0.18719586978044833,0.00039697802082179284,0.15218485497968345
KXBTCMINY-25-2-DEC31-110000,3.0,0.79,3.0,0.1659,0.0,0.017699999999999994,0.0001851438573961943,0.17637594614309507,0.00011601935443379571,0.1718595510882527,0.00017249384697840382,0.1704895547093824
KXLIGUE1GAME-26JAN16ASMFCL-FCL,7.0,0.16999999999999998,7.0,0.1411,0.0009999999999999992,0.6251000000000001,0.0004952344685388655,0.16146341359383412,0.000452596375200868,0.17191153678731497,0.00048731349674387814,0.15983182433347085
KXLIGUE1GAME-26JAN16ASMFCL-FCL,3.0,0.17,3.0,0.1411,0.0004999999999999998,0.6242000000000001,0.0002151673119860373,0.14568019204401111,0.00019116665564154376,0.15273046536273452,0.00021848742553018572,0.15155545872205053
KXNCAAFGAME-25OCT25COLOUTAH-COLO,14.0,0.19,9.0,0.1539,0.0,0.0325,0.0005480385522023614,0.1939277245838548,0.0005030854584628862,0.1973925095689117,0.0006011893086453299,0.17397524466316797
KXNCAAFGAME-25OCT25COLOUTAH-COLO,7.0,0.19,7.0,0.1539,0.0,0.0325,0.0005021334730062867,0.1709399364744251,0.000468337134766734,0.18757603205850693,0.0004950908063863868,0.1702982725340363
KXNCAAFGAME-25OCT25COLOUTAH-COLO,3.0,0.19,3.0,0.1539,0.0,0.0325,0.0002245543355395843,0.15691284093307392,0.0001836290681065276,0.16001368356709925,0.00017278209727301306,0.16063797422429207
KXMLSGAME-26AUG16SEAVAN-SEA,14.0,0.35,14.0,0.22749999999999998,0.0005999999999999983,0.0355,0.0007077309271690217,0.24186592714235694,0.0006129827201335563,0.2531761927285141,0.0007336742130945851,0.23867455357853962
KXMLSGAME-26AUG16SEAVAN-SEA,7.0,0.28,7.0,0.2016,0.00019999999999999982,0.0342,0.00037548087257230464,0.20518731027994674,0.0003287885348613816,0.22691667254575523,0.0003598397015798737,0.2130706374109098
KXMLSGAME-26AUG16SEAVAN-SEA,3.0,0.23,3.0,0.1771,9.999999999999963e-05,0.0326,0.00020827546491281678,0.1765352767946961,0.00019005988172512102,0.18302204943035122,0.00018177077105778838,0.17885147675900104
KXNBAEAST-26-NYK,30.0,0.13,30.0,0.1131,0.0014999999999999963,0.060999999999999985,0.0013574148346552407,0.22292283541820956,0.0013879624478080302,0.2388083408278503,0.001372556400638443,0.22371662030237893
KXNBAEAST-26-NYK,14.0,0.6,14.0,0.24,0.00030000000000000057,0.026499999999999992,0.0007405076990818705,0.24431050284686648,0.0005903791387611349,0.2722201771431687,0.000669742332450762,0.24128933607426434
KXNBAEAST-26-NYK,7.0,0.71,7.0,0.20590000000000003,0.00010000000000000018,0.021799999999999996,0.0003931083242366748,0.21106433351137965,0.0003111631860796036,0.22629235897013777,0.00032231885518274004,0.21790719771999334
KXNBAEAST-26-NYK,3.0,0.88,3.0,0.1056,0.00010000000000000018,0.006899999999999995,0.0001674574808326159,0.11569450639004109,0.00013105640959918516,0.12055123981060437,0.00019629752780050288,0.11271823143204632
KXMLSGAME-26AUG22ATXPHI-TIE,14.0,0.46499999999999997,14.0,0.248775,0.00047499999999999756,0.57185,0.0007364484516830111,0.25703844373754137,0.0005797648857687717,0.2888532155757535,0.0006235604836929498,0.2520872819227625
KXMLSGAME-26AUG22ATXPHI-TIE,7.0,0.29,7.0,0.20589999999999997,0.00012500000000000022,0.548325,0.00037836138064963987,0.21642253609158643,0.0003195707675344467,0.21813334216226224,0.00035544760623405455,0.21388061475360576
KXMLSGAME-26AUG22ATXPHI-TIE,3.0,0.26,3.0,0.19240000000000002,0.00010000000000000018,0.5477,0.00016310737955122637,0.19704466075304702,0.0001607614265101897,0.19974591441101047,0.00015794411567221338,0.19667508190887253
KXATPMATCH-26JUN29SHIFAR-SHI,3.0,0.52,3.0,0.2496,0.0,0.2602,0.00015677001289960283,0.253769240786034,0.00013170378685536675,0.25680456517645656,8.946351893996712e-05,0.25016649758126097
KXNCAAFSPREAD-25DEC31MIAOSU-OSU3,14.0,0.5,11.0,0.25,0.0,0.5752,0.0006052866667153442,0.2513800643506638,0.0005223419770618618,0.2710716614010756,0.0004762318342392596,0.24970920630990917
KXNCAAFSPREAD-25DEC31MIAOSU-OSU3,7.0,0.64,7.0,0.2304,0.0,0.4114,0.00042177747364526523,0.23179563103437795,0.00028791489437728594,0.24916789859490251,0.00031953753159008516,0.2334156471550326
KXNCAAFSPREAD-25DEC31MIAOSU-OSU3,3.0,0.68,3.0,0.2176,0.0,0.4106,0.00015095579802479456,0.22425989981917163,0.00013607620865085533,0.22945349062110004,0.00012046819169662316,0.21924455735731438
KXLOLGAME-26JUL240500JDGWE-JDG,3.0,0.7,3.0,0.21000000000000002,0.00010000000000000018,0.5188999999999999,0.00015848471638176752,0.21122449847199967,0.00012357857818621869,0.21258072313120188,0.00011000536132314536,0.21456192073078142
KXEUROVISION-26-DEN,30.0,0.1,30.000000000000014,0.09000000000000001,0.0018,0.008400000000000001,0.0012090561842078983,0.22902552128041578,0.0011973809378602266,0.22009922166993567,0.0012788522482310325,0.22584213982019505
KXEUROVISION-26-DEN,14.0,0.12,14.0,0.1056,0.0010999999999999998,0.007100000000000001,0.0006660686080421814,0.17850650470614796,0.0006048462220789916,0.19253336014534683,0.0006642662099748897,0.1989827533790971
KXEUROVISION-26-DEN,7.0,0.13,7.0,0.1131,0.0006000000000000003,0.0067,0.00035012832559255455,0.16108716944431412,0.0003681367665753439,0.15891416364342045,0.00040461733049145513,0.15023389372953833
KXEUROVISION-26-DEN,3.0,0.12,3.0,0.1056,0.00039999999999999986,0.005399999999999999,0.00015466555188364318,0.1251083058754422,0.00014090939222760374,0.12117245015397181,0.00019453440553753588,0.12214949547572715
KXSERIEAGAME-26JAN25ROMACM-ROM,7.0,0.355,7.0,0.22897499999999998,0.0003250000000000006,0.12259999999999999,0.0003830185552630748,0.23429713981940664,0.0003190292220161317,0.23528650348698826,0.00032388249421418076,0.23342822969564847
KXSERIEAGAME-26JAN25ROMACM-ROM,3.0,0.37,3.0,0.2331,0.00010000000000000018,0.12259999999999999,0.00016881034306749963,0.23793053726270894,0.00013275702679555604,0.24691342114230697,0.00012701746098221707,0.2359256487312114
KXUFCFIGHT-26FEB21REEPER-PER,14.0,0.59,12.0,0.2419,0.0009999999999999929,0.1539,0.000656035059523851,0.24367709139863183,0.0005098013933026834,0.26702288520370354,0.0005747292453624136,0.25038504818753593
KXUFCFIGHT-26FEB21REEPER-PER,7.0,0.56,7.0,0.24639999999999998,0.0007999999999999969,0.1522,0.00036712531741799477,0.25090898298757075,0.0003282383805557474,0.2544802809201246,0.0003011156738034325,0.2463657898105332
KXUFCFIGHT-26FEB21REEPER-PER,3.0,0.59,3.0,0.2419,0.00010000000000000018,0.1522,0.00013260642956908406,0.24373757378191435,0.00012854564950680447,0.24744816957862362,9.233273020112133e-05,0.24298645995948184
KXLALIGAGAME-26MAY14RMAOVI-TIE,7.0,0.125,7.0,0.109375,0.0007249999999999996,0.017,0.000343579674807063,0.16315661386013544,0.00031001139410545363,0.1636716371605773,0.00039482728293697647,0.14263291706324518
KXLALIGAGAME-26MAY14RMAOVI-TIE,3.0,0.13,3.0,0.1131,0.0004999999999999993,0.017,0.0001535672268610803,0.12351705127566204,0.00011660092163904358,0.14004309447564808,0.0001674570175793024,0.12938715336842255
KXRTKARATEKIDLEGENDS-55,30.0,0.865,30.0,0.116775,0.0002750000000000005,0.7203999999999999,0.0014804130192472799,0.24196134462892271,0.001176993847534862,0.261632600991894,0.001558096487162342,0.22422432172409545
KXRTKARATEKIDLEGENDS-55,14.0,0.55,14.0,0.2475,0.0,0.5457,0.0007551428556516603,0.2581079187291775,0.0006112656663578094,0.26701935221496,0.0006631548658873229,0.24905539216383105
KXRTKARATEKIDLEGENDS-55,7.0,0.7,7.0,0.21000000000000002,0.0,0.5206,0.00040020037542792125,0.21665048068550172,0.0003077899079912196,0.23549061792116796,0.0003304700570564112,0.2179953229814527
KXRTKARATEKIDLEGENDS-55,3.0,0.67,3.0,0.2211,0.0,0.08509999999999995,0.0001490706899420385,0.2220016810929124,0.00013418636050205134,0.22742270318917687,0.0001069838020266528,0.22269691102884326
KXWCCORNERS-26JUN18MEXKOR-7,3.0,0.71,3.0,0.20590000000000003,0.00010000000000000018,0.5993999999999999,0.00016655812639977398,0.21159492415208092,0.00013156577173798452,0.20647723042671667,0.00014183716750946096,0.21061075238895077
KXNCAAFGAME-25SEP20ARKMEM-MEM,7.0,0.54,7.0,0.2484,0.00030000000000000057,0.5158999999999999,0.0003930824707272363,0.25380346658341,0.0003070378696543531,0.26542938082043305,0.0002979390363763829,0.25052004457929966
KXNCAAFGAME-25SEP20ARKMEM-MEM,3.0,0.29,3.0,0.20589999999999997,0.00010000000000000018,0.4761999999999999,0.00015328948082354794,0.21262250430039548,9.771738308863761e-05,0.21668283972611532,0.0001271127262267061,0.20697573044012396
KXIPLGAME-26APR17KKRGT-GT,7.0,0.58,7.0,0.2436,0.00010000000000000018,0.14529999999999998,0.00042826413671912797,0.24710663043819836,0.0002796112152541732,0.25704261464392353,0.0003109118937381002,0.2453955409579075
KXIPLGAME-26APR17KKRGT-GT,3.0,0.62,3.0,0.2356,0.00010000000000000018,0.1445,0.00016457676146674094,0.23892807611404726,0.00011873582144773512,0.23267614574343284,0.0001183544504068006,0.2384829760461013
KXUFCFIGHT-26MAR07HOLOLI-HOL,7.0,0.66,6.0,0.2244,0.00010000000000000018,0.3017,0.00035741671878658163,0.2267158420724023,0.0002401216830796217,0.23179443414324397,0.0002835919900084194,0.22554654294290802
KXUFCFIGHT-26MAR07HOLOLI-HOL,3.0,0.66,3.0,0.2244,0.00010000000000000018,0.3017,0.00018569580256354702,0.22328247148501446,0.0001231891348232969,0.23299837137596846,0.00011919727194650555,0.22725942892284143
KXRT-WIL-70,30.0,0.34,26.958333333333332,0.2244,0.0012999999999999978,0.5599500000000001,0.001501105534430803,0.2614782315555038,0.001163692118637469,0.27069691083312586,0.0013476838125637775,0.24331723083246132
KXRT-WIL-70,14.0,0.395,13.999999999999998,0.238975,0.0004999999999999987,0.327825,0.0008071326061617518,0.2476189986472432,0.0006673705211633119,0.27002759529999065,0.0006534671282614993,0.25017099164305623
KXRT-WIL-70,7.0,0.4,7.0,0.24,0.0,0.305,0.0004062819146324399,0.24650617260415442,0.00031335743118764066,0.24413902207461832,0.0002848700969241353,0.24286380438298708
KXRT-WIL-70,3.0,0.05,3.0,0.0475,0.0,0.0017000000000000001,9.341705129305345e-05,0.10593957652351296,8.306349802037871e-05,0.1069491379036013,0.0001253428628177883,0.10106748018924938
KXWCGAME-26JUN23ENGGHA-ENG,30.0,0.73,30.000000000000014,0.1971,0.0009500000000000016,0.6427000000000002,0.0016222165547073997,0.2377600104604619,0.0012812584869964327,0.2914882941431302,0.0017884545843473514,0.23623266141709173
KXWCGAME-26JUN23ENGGHA-ENG,14.0,0.75,14.000000000000014,0.1875,0.00010000000000000018,0.6414000000000001,0.0008440441914252361,0.2085803480725302,0.0006481296763928508,0.240842907789453,0.0007861315273041116,0.19412930245465815
KXWCGAME-26JUN23ENGGHA-ENG,7.0,0.76,7.0,0.1824,0.0,0.6414000000000001,0.00039556506429762133,0.18581304804024093,0.00031680916487686334,0.19294810029526505,0.0003830696024773589,0.18402270227422002
KXWCGAME-26JUN23ENGGHA-ENG,3.0,0.81,3.0,0.15389999999999995,0.0,0.6401000000000001,0.00016619956337811042,0.16353099145943373,0.00013072199951280996,0.16700638696356002,0.00014990891668230537,0.15529014259170945
KXNCAAFGAME-25OCT24BSUNEV-NEV,14.0,0.2,14.0,0.16000000000000003,0.0004999999999999993,0.0185,0.0007921749926628315,0.2043322291684012,0.0007128408055018435,0.21172591803936075,0.000821463810754194,0.18631679353554026
KXNCAAFGAME-25OCT24BSUNEV-NEV,7.0,0.15,7.0,0.1275,0.0001999999999999998,0.009899999999999999,0.000430019312497171,0.16345413825834096,0.0003651374779644855,0.1776036477192904,0.0004299740299563927,0.17143952720370148
KXNCAAFGAME-25OCT24BSUNEV-NEV,3.0,0.08,3.0,0.0736,0.0,0.005000000000000001,0.00011197994375455871,0.0869966616333194,0.00010450446743238887,0.10385829525893552,0.00016814968758322303,0.09574925983962114
KXWCSPREAD-26JUL06USABEL-USA3,3.0,0.07,3.0,0.0651,9.99999999999999e-05,0.005000000000000001,0.00011615728955269316,0.09151021888630656,9.3436972866121e-05,0.09177040620875364,0.00016195485645928456,0.08902781537064984
KXNFLSPREAD-25NOV17DALLV-DAL3,14.0,0.47500000000000003,10.0,0.24937499999999999,0.00010000000000000018,0.258125,0.0005829681022248896,0.25167888839622,0.00041601050123729605,0.263027008873736,0.0004181316045741494,0.24969918188614998
KXNFLSPREAD-25NOV17DALLV-DAL3,7.0,0.46,7.0,0.24840000000000004,0.00010000000000000018,0.2517,0.0003877904120433892,0.248752730782763,0.0002951314571844912,0.26447932395249285,0.0002998171851616875,0.2494979450354193
KXNFLSPREAD-25NOV17DALLV-DAL3,3.0,0.49,3.0,0.2499,0.0,0.2501,0.0001606621240293761,0.25099093166964354,0.00012159815939307225,0.2550270251088777,0.00012392628003557134,0.24978548594607738
KXNFLGAME-25NOV30LVLAC-LAC,14.0,0.79,13.0,0.1659,0.0006999999999999923,0.04800000000000005,0.0007252672562721456,0.1820419848026953,0.0005339451212381796,0.21509703518967285,0.0007364364048781133,0.1755362046348038
KXNFLGAME-25NOV30LVLAC-LAC,7.0,0.83,7.0,0.14110000000000003,0.0002999999999999961,0.029000000000000012,0.0003710591800921146,0.1513616024438177,0.00028437783821096607,0.1632682069240775,0.000417342413558762,0.15323943205044346
KXNFLGAME-25NOV30LVLAC-LAC,3.0,0.81,3.0,0.15389999999999995,9.999999999999796e-05,0.029000000000000012,0.0001660014764371029,0.15693824024995756,0.00013136591391067298,0.16100280684441654,0.00017105804518277798,0.1581087037156613
KXHUNDREDMATCH-26JUL301330BIRSOU-SOU,7.0,0.5,7.0,0.25,0.00025000000000000044,0.42599999999999993,0.00036173862917877707,0.25381593840368,0.00029962634305428175,0.2546360876810369,0.0002543722223093388,0.25219575773397024
KXHUNDREDMATCH-26JUL301330BIRSOU-SOU,3.0,0.84,3.0,0.13440000000000002,0.0,0.2963999999999999,0.00017396659602724374,0.13857507982887457,0.00011686592356291211,0.14741644352652564,0.0001879192677125026,0.1402134119764581
KXINDYCARRACE-INDY50026-SCDI,7.0,0.07,6.0,0.0651,0.0005,0.001,0.00023378886616806101,0.1306445512488339,0.00019277249260813721,0.1415145145691843,0.0002312876560263035,0.10381380299543418
KXEPLGAME-26APR18BREFUL-BRE,14.0,0.44999999999999996,14.0,0.2475,0.0009249999999999961,0.21872499999999995,0.0008143541958551643,0.2470976542671063,0.0006397251966911938,0.2614559579481892,0.0006245455369201795,0.25046712520908565
KXEPLGAME-26APR18BREFUL-BRE,7.0,0.48,7.0,0.2496,0.0006999999999999958,0.21169999999999994,0.0003832271746990472,0.2512655914481809,0.0002903481446699257,0.25979418704542107,0.0003178719554235175,0.25148036857468353
KXEPLGAME-26APR18BREFUL-BRE,3.0,0.47,3.0,0.2491,0.0,0.21169999999999994,0.00015480003324391508,0.251098850983867,0.0001286383832312917,0.2559595518686292,0.0001094055746278997,0.24900795625447536
KXEPLGAME-25DEC13CFCEVE-EVE,14.0,0.45,14.0,0.24750000000000003,0.0008000000000000003,0.15389999999999995,0.0008035323393146974,0.25364024778828637,0.000593249758294644,0.28101118966581595,0.0006227210325104147,0.2501607928467575
KXEPLGAME-25DEC13CFCEVE-EVE,7.0,0.18,7.0,0.1476,0.00030000000000000057,0.0325,0.00046748947660004954,0.18591853155660432,0.00044905675512874385,0.1625740714362958,0.0005241481316606199,0.18017278931972353
KXEPLGAME-25DEC13CFCEVE-EVE,3.0,0.2,3.0,0.16000000000000003,0.00010000000000000018,0.0325,0.00021594935916903487,0.16487291675838947,0.00018131422547842181,0.1833854751574944,0.00018837720401077173,0.16004921959040566
KXWCTOTAL-26JUN25ECUGER-3,30.0,0.5,21.0,0.25,0.0007500000000000013,0.16620000000000001,0.0011310141312321112,0.253919208823754,0.0009173776436483103,0.28138258085928614,0.001023696279380208,0.2524654119755845
KXWCTOTAL-26JUN25ECUGER-3,14.0,0.49,14.0,0.2499,0.000600000000000001,0.16410000000000002,0.0007605891247958205,0.2547572155191063,0.0005871568205606208,0.2781921813063128,0.000593549070328261,0.25138106869463345
KXWCTOTAL-26JUN25ECUGER-3,7.0,0.51,7.0,0.2499,0.00020000000000000036,0.1637,0.00036275802686335635,0.25221914465684775,0.00030207295593333636,0.2676918419380249,0.00026588183046907945,0.2494151603105893
KXWCTOTAL-26JUN25ECUGER-3,3.0,0.53,3.0,0.2491,0.0,0.1637,0.00016658873974452558,0.24947378831913553,0.00012381204422597195,0.2589132227829346,0.0001091422344052521,0.24914146045414715
KXDOTA2GAME-26AUG192200TSIRO-IRO,3.0,0.53,3.0,0.2491,0.0,0.1385,0.00014785774445812938,0.24943252552840278,0.00014525044506269783,0.24980757546086602,0.00011215320895570652,0.248965332276797
KXNCAAFGAME-25NOV29FSUFLA-FLA,14.0,0.585,13.0,0.24277500000000002,2.5000000000000045e-05,0.32844999999999996,0.0007257231437545342,0.2490929222709386,0.000529705619210704,0.2715390050402953,0.00058623994499549,0.24526897654766291
KXNCAAFGAME-25NOV29FSUFLA-FLA,7.0,0.72,7.0,0.2016,0.0,0.27419999999999994,0.00035405350324056533,0.2120934877672608,0.00032755806835453523,0.20564218295010292,0.00036147885780737714,0.20722948217709294
KXNCAAFGAME-25NOV29FSUFLA-FLA,3.0,0.5,3.0,0.25,0.0,0.24019999999999997,0.00016225685864228393,0.24748403893250662,0.00014037484035817914,0.25498661171308734,9.482453771957954e-05,0.25092903912175374
KXEPLGAME-26FEB21BREBRI-BRE,14.0,0.48,14.0,0.2496,0.000600000000000001,0.22139999999999999,0.0007705392143918577,0.24673233104027073,0.0006100154113922651,0.2822041906530495,0.0006244660741206233,0.2502970319932983
KXEPLGAME-26FEB21BREBRI-BRE,7.0,0.5,7.0,0.25,0.00020000000000000036,0.22099999999999997,0.00039567588099606566,0.2564257081678159,0.0002714644484224938,0.2567982437015535,0.00028168368922369994,0.24976450211199094
KXEPLGAME-26FEB21BREBRI-BRE,3.0,0.49,3.0,0.2499,0.00010000000000000018,0.22099999999999997,0.00016193532983586255,0.25293352462672875,0.00011638833424499511,0.2505879755407845,0.00011055441395119934,0.2501467765449909
KXLOLGAME-26AUG161315FNCG2-G2,3.0,0.92,3.0,0.07359999999999997,0.0,0.7245999999999999,0.00013165003161174965,0.07700017861785416,0.00013270500022483144,0.08891562204341169,0.0002247997578797314,0.07730598864559438
KXWCGAME-26JUL09FRAMAR-FRA,7.0,0.63,5.0,0.2331,0.00010000000000000018,0.13699999999999998,0.00026367010945340606,0.23792855489720666,0.00023065911247254086,0.2505939304974944,0.00020603543415337496,0.2403416046438371
KXWCGAME-26JUL09FRAMAR-FRA,3.0,0.62,3.0,0.2356,0.0,0.13699999999999998,0.00014612280372625896,0.23961328610958232,0.00015958177974493572,0.2402036899398146,0.00010712181030237672,0.23571955940352332
KXUCLSPREAD-26APR28PSGBMU-PSG1,7.0,0.26,7.0,0.19240000000000002,0.0,0.06780000000000001,0.00039046028273644675,0.21050996299538305,0.0003570004123964923,0.20571186463634641,0.0003867719521716318,0.2034529746008789
KXUCLSPREAD-26APR28PSGBMU-PSG1,3.0,0.27,3.0,0.1971,0.0,0.0421,0.0001390801499404564,0.20513841690957282,0.0001198523868974343,0.20567875877834768,0.00010974259974477168,0.2001599483113882
KXWCCORNERS-26JUL02SUIDZA-8,3.0,0.72,3.0,0.2016,0.0,0.3626,0.00016898435508351254,0.20675647777737793,0.00010935262047205303,0.21475351408513085,0.00014449306710131492,0.20306627693447857
KXF1RACE-CANGP26-ANT,7.0,0.38,7.0,0.2356,0.00010000000000000018,0.4334999999999999,0.00038566047809444713,0.23685362612131858,0.00032126245808753346,0.2358440539812377,0.00029499877860463317,0.23720643201037553
KXF1RACE-CANGP26-ANT,3.0,0.31,3.0,0.21389999999999998,0.0,0.42909999999999987,0.00014407700714559287,0.22008640316813238,0.00014365658285663403,0.2212858567580428,0.00012399994190258895,0.21244628966431844
KXEPLGAME-26JAN31CFCWHU-CFC,14.0,0.69,14.0,0.2139,0.00020000000000000036,0.12109999999999997,0.0007565950527386276,0.23303439997089995,0.0005497322351268286,0.24125390259936835,0.0006879989858847585,0.2216923403265379
KXEPLGAME-26JAN31CFCWHU-CFC,7.0,0.66,7.0,0.2244,0.00010000000000000018,0.11609999999999998,0.0003865263256477834,0.22569516034582546,0.0003340771191401467,0.24500190971126906,0.000307774125009395,0.2331306708077174
KXEPLGAME-26JAN31CFCWHU-CFC,3.0,0.67,3.0,0.2211,0.0,0.11609999999999998,0.00016475525118027853,0.22566603220380635,0.000124865055332174,0.2321624874660907,0.00010864021480222659,0.22261696478624585
KXWHUNDREDMATCH-26JUL301000BIRSOU-SOU,7.0,0.5,7.0,0.25,0.00025000000000000044,0.1626,0.00038752226005564516,0.25354474816471895,0.00031302774546650695,0.2513965177013196,0.00024829334523696143,0.2520544146533917
KXWHUNDREDMATCH-26JUL301000BIRSOU-SOU,3.0,0.5,3.0,0.25,0.0,0.1622,0.00016656150459129555,0.25126070170225695,0.00011951066594530742,0.2564332487815539,0.00011737992325900748,0.2507587362000486
KXWCGAME-26JUN22NORSEN-SEN,30.0,0.255,30.000000000000014,0.189975,0.001274999999999998,0.08549999999999999,0.0017565053712263678,0.2632821097381756,0.0015543848103308135,0.2729813245223632,0.0015797034480876599,0.2397098769137019
KXWCGAME-26JUN22NORSEN-SEN,14.0,0.28,14.000000000000014,0.2016,0.00029999999999999943,0.0851,0.0008024969976963272,0.21620626271143714,0.0006957736822179257,0.246082394024349,0.0007915253757075355,0.2151334619059704
KXWCGAME-26JUN22NORSEN-SEN,7.0,0.29,7.0,0.20589999999999997,0.00020000000000000036,0.0851,0.00036583087644343496,0.22274577101243515,0.00031237868369974405,0.23105316858969233,0.00037549387097767986,0.21460587739304585
KXWCGAME-26JUN22NORSEN-SEN,3.0,0.32,3.0,0.2176,0.00020000000000000036,0.0842,0.00016867579426474902,0.22132703939175927,0.00012135646041190055,0.2237843860997412,0.00010350969541674567,0.21943511302316945
KXATPMATCH-26JAN17NARYIB-YIB,7.0,0.75,5.0,0.1875,0.00025000000000000044,0.024299999999999995,0.00028201983014789704,0.18853801568193895,0.00021808073914062395,0.20554114460300127,0.00024474763384744655,0.19454874504978545
KXATPMATCH-26JAN17NARYIB-YIB,3.0,0.77,3.0,0.17709999999999998,0.0,0.024299999999999995,0.0001663901057278816,0.18253207705196905,0.00015191524281417014,0.192722812239658,0.0001427893843173306,0.1834651913359126
KXEPLSPREAD-26MAY18ARSBUR-ARS1,7.0,0.735,7.0,0.194775,0.0003250000000000006,0.5477,0.0003886352757108849,0.2096541544165872,0.00031581356069475237,0.21213848336353675,0.0003407401518927938,0.2005628243917991
KXEPLSPREAD-26MAY18ARSBUR-ARS1,3.0,0.75,3.0,0.1875,0.00020000000000000036,0.5477,0.0001668709806313719,0.19510878289034825,0.0001295690816029639,0.19071810490025953,0.00014750752045554624,0.1942437373013533
KXNBAALLSTARMVP-26-CCUN,7.0,0.12,5.0,0.1056,0.0005999999999999994,0.006600000000000001,0.00027065527001033794,0.13922213519347532,0.00022779548210328919,0.13535768660859263,0.0002781092022240356,0.14283822075157282
KXNBAALLSTARMVP-26-CCUN,3.0,0.07,3.0,0.0651,0.0004999999999999995,0.005000000000000001,9.913954868069233e-05,0.08935713891442644,0.00010559377573960908,0.09244300850743556,0.00015159095580475818,0.07937905841986714
KXMVESPORTSMULTIGAMEEXTENDED-S2026AE6D9FCAF82-81067C06944,7.0,0.153,6.0,0.12959099999999998,0.00032599999999999974,0.013625,0.0004246088422043779,0.15904036281530184,0.00037632525537387764,0.1574311771455236,0.0003908956257729179,0.15468058506452995
KXMVESPORTSMULTIGAMEEXTENDED-S2026AE6D9FCAF82-81067C06944,3.0,0.151,3.0,0.12819899999999998,0.00022599999999999956,0.013625,0.00020250529747591173,0.1346487972059134,0.00017437858292680157,0.14023424266810705,0.0002189342376175966,0.13564754267749415
KXWCGAME-26JUL05BRANOR-BRA,7.0,0.51,5.0,0.2499,0.00030000000000000057,0.281,0.0002936533719973671,0.2535904880834753,0.000206703528755654,0.2547376909647738,0.0001916992073404951,0.24839943090533886
KXWCGAME-26JUL05BRANOR-BRA,3.0,0.53,3.0,0.2491,0.00010000000000000018,0.281,0.0001473814041350706,0.24846153896078882,0.00012807321045715727,0.2533560090127688,0.00010952031088694875,0.24707561243701867
KXUELGAME-26JAN29LILSCF-LIL,7.0,0.31000000000000005,7.0,0.2139,0.00020000000000000036,0.2803,0.00036157099534825653,0.22099874970384512,0.0003246285123292683,0.23010965953390985,0.00029943892178474994,0.21871229090054897
KXUELGAME-26JAN29LILSCF-LIL,3.0,0.51,3.0,0.2499,0.0,0.2505,0.00015840490952929775,0.25028733961670246,0.000144198255718086,0.25580777789640285,0.00012025426812755714,0.2504512936323368
KXATPMATCH-26JUN29MENSAM-SAM,3.0,0.31,3.0,0.21389999999999998,0.00010000000000000018,0.0842,0.00016096087202864033,0.22184500774089458,0.00012407350366605696,0.21571182584825566,0.00012016870382552644,0.21151717935008066
KXNASCARRACE-DURTGPPB26-CHBE,7.0,0.07,5.0,0.0651,9.99999999999999e-05,0.0029999999999999996,0.00017254228654784584,0.1402328484144228,0.00016878266473701012,0.11605583315275923,0.0002064778190164658,0.13762710676946358
KXNASCARRACE-DURTGPPB26-CHBE,3.0,0.07,3.0,0.0651,9.99999999999999e-05,0.0029999999999999996,0.00011726962335646751,0.08582766382104114,9.370855496899555e-05,0.08361691227047262,0.00016338161264516245,0.08858004444050564
KXSERIEAGAME-26MAR22ROMLEC-ROM,7.0,0.71,7.0,0.20590000000000003,0.0004499999999999963,0.11099999999999997,0.0003553505223296786,0.21046397068274117,0.00029655145455406235,0.23281440148665822,0.0003325856443530995,0.2105706021544795
KXSERIEAGAME-26MAR22ROMLEC-ROM,3.0,0.66,3.0,0.2244,0.00020000000000000036,0.10899999999999997,0.00016756943938812886,0.22227898104837618,0.000126793696804831,0.23075110125095097,0.00015764112135585275,0.22229932635648125
KXARGPREMDIVGAME-26JUL26ELPCAI-CAI,3.0,0.245,3.0,0.184975,0.00042499999999999965,0.5777,0.0001380527767674482,0.19423833831258558,0.00014933288245670953,0.1933716205571764,0.0001636361335748744,0.19308766084038595
KXNFLGAME-26JAN04TENJAC-JAC,7.0,0.85,7.0,0.1275,0.0,0.0149,0.0003507025208025212,0.13502046199092935,0.0002692637093857241,0.1672865680473209,0.0004611893564736549,0.13822823036588905
KXNFLGAME-26JAN04TENJAC-JAC,3.0,0.87,3.0,0.1131,0.0,0.014499999999999999,0.00015284853589682553,0.12221424408845483,0.00013014383166217537,0.1275564182406278,0.0001729945307050387,0.11807642397828479
KXWCTEAMTOTAL-26JUN25CUWCIV-CUW1,14.0,0.25,14.0,0.1875,0.0008249999999999971,0.19172499999999998,0.000809593229991312,0.21429457766346602,0.0007094730061186941,0.2190988162001355,0.0007566495601050281,0.20800945583302194
KXWCTEAMTOTAL-26JUN25CUWCIV-CUW1,7.0,0.42,7.0,0.2436,0.0003999999999999985,0.16099999999999998,0.0003735975393639597,0.2513602841712542,0.0003152434603391004,0.2747985854590673,0.00030123461818648214,0.2452703827085923
KXWCTEAMTOTAL-26JUN25CUWCIV-CUW1,3.0,0.41,3.0,0.24190000000000003,0.0,0.16009999999999996,0.00017620176375414214,0.244636453355372,9.78191301611767e-05,0.25322118746475086,0.00012487673866396021,0.24226784160095235
KXNBAALLSTARMVP-26-LJAM,7.0,0.07,5.0,0.0651,0.0002000000000000001,0.0023000000000000004,0.00017619255282668028,0.12327821825699732,0.00014868921377597167,0.1165337653825317,0.00022535816483953462,0.1113437694794326
KXEOCOUNTDAY1-25JAN20-16,30.0,0.69,30.0,0.2139,0.0009999999999999953,0.05629999999999997,0.0015993325355232557,0.25204672221757046,0.001273823183204887,0.2959613297018173,0.0016405835432406232,0.2326906574674411
KXEOCOUNTDAY1-25JAN20-16,14.0,0.69,14.0,0.2139,0.0004999999999999964,0.04899999999999998,0.0007641088710456815,0.23464932669347627,0.0006262512700700954,0.2367885352148615,0.000688950494825969,0.22527730418142206
KXEOCOUNTDAY1-25JAN20-16,7.0,0.83,7.0,0.14110000000000003,0.0,0.03710000000000001,0.00037477376551102936,0.16422860589176985,0.0002850889226055032,0.17027672491143953,0.0004020379643515416,0.14691363671202531
KXEOCOUNTDAY1-25JAN20-16,3.0,0.82,3.0,0.14760000000000004,0.0,0.029000000000000012,0.0001707231643336655,0.14788941366648886,0.00012382061173620693,0.17072311935053022,0.00015401543814544738,0.154266878807633
KXNFLGAME-25SEP28BALKC-BAL,14.0,0.5,11.0,0.25,0.0004000000000000007,0.34419999999999995,0.0005944180803973753,0.253217939786025,0.0004828923983307261,0.26494064788973953,0.0005142619762350515,0.2511625859319427
KXNFLGAME-25SEP28BALKC-BAL,7.0,0.6,7.0,0.24,0.00030000000000000057,0.3369,0.0003613466134725709,0.24207444143315393,0.0002899281709704719,0.2518058156406591,0.0003225346737743444,0.2403385395605249
KXNFLGAME-25SEP28BALKC-BAL,3.0,0.58,3.0,0.2436,0.00010000000000000018,0.3369,0.0001581481389707069,0.2406445729683818,0.0001209562145923675,0.25056715147517616,0.00012482898536068267,0.24303922194877706
KXNCAAFGAME-25NOV28TEMUNT-TEM,14.0,0.585,11.0,0.24277500000000002,0.0002000000000000001,0.13537499999999997,0.0005895852674532842,0.24367275461936758,0.00048180736989096335,0.2573220575641713,0.000515492260568721,0.2425378329039335
KXNCAAFGAME-25NOV28TEMUNT-TEM,7.0,0.2,7.0,0.16000000000000003,0.0002000000000000001,0.015,0.0005207042269424283,0.1708872406731116,0.0004589620048354537,0.1849956520218919,0.00047186003880952065,0.17843345702556992
KXNCAAFGAME-25NOV28TEMUNT-TEM,3.0,0.09,3.0,0.0819,0.0,0.006500000000000001,0.00012297762075497384,0.09454143700429465,9.688744083019862e-05,0.0960146534324512,0.00016785350320913238,0.09796023867638506
KXUFCFIGHT-26FEB21SMIHAR-SMI,7.0,0.74,5.0,0.19240000000000002,0.00020000000000000036,0.06860000000000001,0.00027802643370180555,0.19872781479060642,0.00022150882223824283,0.21539619108226177,0.00021094912351410553,0.19667920781585047
KXUFCFIGHT-26FEB21SMIHAR-SMI,3.0,0.72,3.0,0.2016,0.00010000000000000018,0.06770000000000001,0.00017907158154977675,0.2106550979702552,0.00014823648959646948,0.20891243016851863,0.00014605694111048797,0.20460749752505195
KXMVESPORTSMULTIGAMEEXTENDED-S202617E418BA0E1-A0F3CDF6E20,14.0,0.5,10.0,0.25,0.0002220000000000001,0.192582,0.0005463041976531902,0.25302773895826486,0.0004549567453606093,0.2678313584450832,0.0004379662879159718,0.2525304832538734
KXMVESPORTSMULTIGAMEEXTENDED-S202617E418BA0E1-A0F3CDF6E20,7.0,0.5,6.0,0.25,0.0002220000000000001,0.192582,0.0002901026518495122,0.2541993150496415,0.0002692651644200309,0.2652579249574021,0.0002496376388386943,0.25006864511285615
KXMVESPORTSMULTIGAMEEXTENDED-S202617E418BA0E1-A0F3CDF6E20,3.0,0.107,3.0,0.095551,1.0000000000000019e-06,0.021185999999999993,0.0001321588193371081,0.10899584605570435,0.00010592874459099381,0.10538443870562468,0.0001493945878050445,0.1078799075048904
KXATPMATCH-26MAY16MANCOL-MAN,3.0,0.19,3.0,0.1539,9.99999999999999e-05,0.0186,0.00019242103369361766,0.1621720204702902,0.00018106951327106797,0.16840419688427347,0.0001914083472909806,0.1607698720981498
KXNCAAFSPREAD-26JAN01MISSUGA-UGA3,14.0,0.5,13.0,0.25,0.0006750000000000012,0.33107499999999995,0.0006923329831245072,0.2552150912770063,0.0005903261392332691,0.2845530873974138,0.0005591266906047027,0.2537204129507337
KXNCAAFSPREAD-26JAN01MISSUGA-UGA3,7.0,0.6,7.0,0.24,2.5000000000000045e-05,0.32562499999999994,0.000373106074081832,0.2414263048299941,0.00031322584454839556,0.263689347857811,0.00031528326246431924,0.24114293811445997
KXNCAAFSPREAD-26JAN01MISSUGA-UGA3,3.0,0.58,3.0,0.2436,0.0,0.32499999999999996,0.00014980790720796826,0.24716596371260646,0.00012079403468098552,0.24288370530220094,0.0001238886650946016,0.24393018862756047
KXNCAAFGAME-25NOV01UKAUB-UK,14.0,0.585,14.0,0.24277500000000002,0.0003249999999999989,0.74935,0.000790269422733582,0.24218620544836825,0.0006396409203144024,0.27866018819396543,0.0006526498781303614,0.24515596378176915
KXNCAAFGAME-25NOV01UKAUB-UK,7.0,0.2,7.0,0.16000000000000003,0.0002999999999999989,0.6105,0.0004995527112186303,0.18463503003842782,0.0004313758781588328,0.19158827047195512,0.0004772019381221305,0.18480757682810142
KXNCAAFGAME-25NOV01UKAUB-UK,3.0,0.21,3.0,0.1659,0.00019999999999999925,0.6085,0.00021858858365873511,0.17325922027678436,0.00016565481139802358,0.174866443773208,0.00018653172990832224,0.16933173418070446
KXF1RACE-AUTGP26-RUS,7.0,0.18,6.0,0.1476,0.0004999999999999998,0.44830000000000003,0.0005008198494814128,0.17898329281419123,0.0004112964220450449,0.1819918895319261,0.00044794421189018946,0.1722075411987417
KXF1RACE-AUTGP26-RUS,3.0,0.2,3.0,0.16000000000000003,0.0,0.4474,0.00019881688747063367,0.16440076690135558,0.00017387063225894923,0.1640804777592311,0.00017574748680565386,0.168827797918052
KXNCAAFGAME-25OCT18WASHMICH-MICH,7.0,0.73,7.0,0.1971,0.00020000000000000036,0.11789999999999996,0.0003774781810557538,0.2077305658116737,0.00029476707414062,0.21084609348206895,0.0003046474585746269,0.2010378747998568
KXNCAAFGAME-25OCT18WASHMICH-MICH,3.0,0.67,3.0,0.2211,0.00010000000000000018,0.10899999999999997,0.00014727535919223725,0.22205085889076948,0.00012679905252598536,0.23408234016920196,0.00012778869790277896,0.22187614409443385
KXLALIGAGAME-26AUG28SANELC-TIE,14.0,0.41500000000000004,14.0,0.24277500000000002,0.00040000000000000127,0.104275,0.0008101399110360817,0.24210313072606765,0.0006011625013610778,0.2620566609339034,0.0006762438334177123,0.24739811154204255
KXLALIGAGAME-26AUG28SANELC-TIE,7.0,0.42,7.0,0.2436,0.00012500000000000022,0.08182500000000001,0.0004228316768989583,0.2423326140865114,0.00033757102668096646,0.2548295700709358,0.00034902177837490574,0.2446695034812374
KXLALIGAGAME-26AUG28SANELC-TIE,3.0,0.27,3.0,0.1971,0.0,0.06770000000000001,0.00014919937318820883,0.20241362874603472,0.00011058087612444722,0.19661255112403742,0.00011648331294625592,0.19758446749980496
KXMLSGAME-26SEP05MIAATL-ATL,14.0,0.42000000000000004,15.0,0.2436,0.0007000000000000001,0.0859,0.0008264735819861116,0.25633714518190465,0.0006581304863796434,0.2743119648242902,0.0007105982113912797,0.2480799239432033
KXMLSGAME-26SEP05MIAATL-ATL,7.0,0.13,7.0,0.1131,0.00030000000000000057,0.012199999999999999,0.00035914009517279633,0.14690416301618886,0.0003321581759556827,0.17222754277685337,0.0003504603978015774,0.17390617635902939
KXMLSGAME-26SEP05MIAATL-ATL,3.0,0.14,3.0,0.12040000000000001,0.00020000000000000036,0.012199999999999999,0.00016444822755671222,0.1343406562619116,0.00013623464328751394,0.1361282913122458,0.0001683754322889798,0.12833381093436572
KXSECHHS-26DEC31-RFK,30.0,0.79,30.0,0.1659,0.000600000000000001,0.045900000000000024,0.0015612995357761749,0.21976679334465565,0.0011906149831908757,0.2589700033469957,0.0016934151939236727,0.21205040877872658
KXSECHHS-26DEC31-RFK,14.0,0.74,14.0,0.19240000000000002,0.00030000000000000057,0.0259,0.0007768381964152606,0.21086306625081264,0.0006104775059221141,0.2405407453102919,0.0008069614100939948,0.19743239881000701
KXNFLSPREAD-26JAN25LASEA-LA2,7.0,0.505,7.0,0.249975,0.00020000000000000036,0.15772499999999998,0.0003161055688816745,0.2545865953321571,0.0002838539753164388,0.2571211221495818,0.0003058176934128662,0.2507513527590579
KXNFLSPREAD-26JAN25LASEA-LA2,3.0,0.39,3.0,0.2379,0.00020000000000000036,0.1445,0.00017541293838610456,0.24122109838524725,0.00012904651707068261,0.24411481734768706,0.00011244165755090258,0.24011003757267702
KXSERIEAGAME-25DEC08TORACM-ACM,7.0,0.54,7.0,0.2484,0.0006999999999999924,0.17650000000000002,0.00039428589279681957,0.2556631856433594,0.0002992704225819928,0.265675847727028,0.0002976418762540807,0.24875414696819567
KXSERIEAGAME-25DEC08TORACM-ACM,3.0,0.56,3.0,0.24639999999999998,9.999999999999796e-05,0.17650000000000002,0.00016534011518847178,0.2471247179854014,0.00012321411871264384,0.24793556441200862,0.0001180719330893811,0.24629665029402723
KXWC1H-26JUL14FRAESP-ESP,3.0,0.24,3.0,0.1824,0.0,0.5626,0.00018281375195632624,0.18989785767506057,0.00016309181838962004,0.2015020742966013,0.0001746743696432782,0.18422339200372428
KXINTLFRIENDLYGAME-26MAR26BRAFRA-TIE,14.0,0.4,14.0,0.24,0.0002250000000000004,0.08952500000000001,0.0007830918944972004,0.24939576148782275,0.000637310756442511,0.2684205447175599,0.0006754354688480374,0.23841784860253792
KXINTLFRIENDLYGAME-26MAR26BRAFRA-TIE,7.0,0.275,7.0,0.199375,0.00020000000000000036,0.07512500000000001,0.00036542992880472303,0.2200573688189273,0.0003387390728593101,0.2057048442995783,0.0003899523014826982,0.2115503274825241
KXINTLFRIENDLYGAME-26MAR26BRAFRA-TIE,3.0,0.26,3.0,0.19240000000000002,0.00010000000000000018,0.06810000000000001,0.0001654730561965887,0.193243928799004,0.00014814416378322134,0.1985595613498598,0.0001446534304669248,0.1973133970517291
KXLALIGA2GAME-26APR01SANGIJ-SAN,3.0,0.49,3.0,0.2499,0.00010000000000000018,0.24019999999999997,0.0001683806608875369,0.2493328274822945,0.00014377786983535976,0.25305609563827114,0.00010852935674805603,0.2492276607898937
KXMLSGAME-26AUG19RSLDAL-TIE,14.0,0.22999999999999998,14.0,0.17709999999999998,0.0006500000000000012,0.5477,0.0008217233539314467,0.2102114766119913,0.000691874942845725,0.21657567561427954,0.0008240134799839807,0.19854086234828713
KXMLSGAME-26AUG19RSLDAL-TIE,7.0,0.235,7.0,0.179775,0.0003250000000000006,0.5477,0.00044175659833973287,0.19207382247381338,0.0004294646502789102,0.22279907201388713,0.0004318210109381112,0.18940337306937316
KXMLSGAME-26AUG19RSLDAL-TIE,3.0,0.25,3.0,0.1875,0.0,0.5477,0.0001622495315901626,0.19075437023880312,0.00014813771771994094,0.20102176679765177,0.0001535877602992995,0.18565268777847466
KXNFLTOTAL-25OCT20TBDET-52,7.0,0.5,7.0,0.25,0.00020000000000000036,0.2606,0.0004046207138631505,0.2553480816376102,0.0003226762901694252,0.25326537941827865,0.0003157364997191116,0.24971895850079967
KXNFLTOTAL-25OCT20TBDET-52,3.0,0.51,3.0,0.2499,0.00010000000000000018,0.2602,0.00015340248005639144,0.24989038681039916,0.00014225227748469995,0.25140600357409487,9.567846869860751e-05,0.25007098337861955
KXDHSFUND-26MAR26,7.0,0.14,7.0,0.12040000000000001,9.99999999999999e-05,0.0079,0.0003703008681117409,0.15675002643398472,0.0003897319203240673,0.17648365985445424,0.00039517162545552265,0.14567539473335947
KXDHSFUND-26MAR26,3.0,0.06,3.0,0.05639999999999999,0.0,0.0025999999999999994,9.239828378032891e-05,0.0928592657291324,8.039538267664717e-05,0.1231624820549889,0.00014062442418707533,0.10983067458142129
KXUFCFIGHT-26FEB21LEADEL-DEL,14.0,0.75,12.0,0.1875,0.00020000000000000036,0.6255000000000001,0.000674439051221308,0.19557339085277103,0.0004992693606150731,0.23378442730386154,0.0006510729634264305,0.19719584796913162
KXUFCFIGHT-26FEB21LEADEL-DEL,7.0,0.78,7.0,0.17159999999999997,0.00020000000000000036,0.6246,0.00038700187894966114,0.18111517736164331,0.00029317015692415866,0.20194733442729748,0.0003741706244296921,0.1711709218518353
KXUFCFIGHT-26FEB21LEADEL-DEL,3.0,0.79,3.0,0.1659,0.00010000000000000018,0.6242000000000001,0.00016899945402666365,0.16647964650199018,0.00010863257777954774,0.17605382084123064,0.000134934236995337,0.16778716305537966
KXTESTMATCH-26AUG021000PAKWI-WI,7.0,0.58,6.0,0.2436,0.00010000000000000018,0.2658999999999999,0.00032770020334334536,0.2487936788181696,0.0002737343403346492,0.24819004961422234,0.00023870412860627673,0.24571135571524497
KXTESTMATCH-26AUG021000PAKWI-WI,3.0,0.58,3.0,0.2436,0.00010000000000000018,0.21469999999999995,0.00015866316947728986,0.24320378819150038,0.000118848086653448,0.25366053524728005,0.00011363610671711875,0.2392555419745446
KXWCMOV-26JUL03AUSEGY-EGYREG,7.0,0.195,6.0,0.156975,0.0,0.20142500000000002,0.00043100471289145694,0.1774540133547975,0.00042500257591562623,0.16800384928898976,0.000446542165221455,0.16625882536532025
KXWCMOV-26JUL03AUSEGY-EGYREG,3.0,0.4,3.0,0.24,0.0,0.1522,0.00014346914871241992,0.2414871330537219,0.00011968542862323156,0.24487770218870986,9.231538415093152e-05,0.24215265438098388
KXPGAHOLEINONE-MAST26-1,7.0,0.55,6.0,0.2475,0.00030000000000000057,0.39940000000000003,0.00033772834888996605,0.24948796448343777,0.0002540131908975421,0.25146488398793293,0.00022928534101668928,0.2472955918332344
KXPGAHOLEINONE-MAST26-1,3.0,0.54,3.0,0.2484,0.0,0.39940000000000003,0.0001667194716171351,0.24874248814599775,0.0001350615560205401,0.2545219611458132,0.00012206999784250105,0.2495017679009129
KXWNBAGAME-26JUL31INDPDX-IND,3.0,0.78,3.0,0.17159999999999997,0.00010000000000000018,0.059300000000000005,0.00016046915438907027,0.1727926122829321,0.0001430018477435325,0.17618775305488454,0.00014699175200422844,0.17961000660445026
KXNBATOTAL-26FEB19DENLAC-219,3.0,0.13,3.0,0.1131,0.0,0.51345,0.00015668408226100745,0.1253732662343709,0.00012074505988546948,0.1317056162418363,0.0001810162094234859,0.13024433885777895
KXEPLGAME-26MAR04FULWHU-FUL,14.0,0.4,14.0,0.24,0.0010499999999999973,0.23594999999999997,0.0007468175838241822,0.2538010148929722,0.0006196341332170618,0.2686160631779322,0.0006635102837167919,0.24740536139819647
KXEPLGAME-26MAR04FULWHU-FUL,7.0,0.45,7.0,0.24750000000000003,0.0008999999999999972,0.22259999999999996,0.0003846086113751238,0.24957679515475814,0.0003161901506143481,0.26224740402986535,0.00032892867680210484,0.246803063331513
KXEPLGAME-26MAR04FULWHU-FUL,3.0,0.46,3.0,0.24840000000000004,0.0003999999999999985,0.22099999999999997,0.00014371793785108024,0.25022818671638986,0.00014362415108220357,0.2521605667733328,0.00010727970429256075,0.2482891016209372
KXNCAAFGAME-25SEP12UNMUCLA-UCLA,14.0,0.825,12.0,0.14437500000000003,0.0005250000000000042,0.3921,0.0006297068330726325,0.15862435660800636,0.0004896060085220042,0.1927497360682846,0.0007653869033936416,0.1612509205268138
KXNCAAFGAME-25SEP12UNMUCLA-UCLA,7.0,0.87,7.0,0.1131,0.00030000000000000057,0.3876,0.0003821586019343733,0.13003034635742827,0.0003066078115115993,0.1552202137307006,0.0004374414935577069,0.12193944977719799
KXNCAAFGAME-25SEP12UNMUCLA-UCLA,3.0,0.85,3.0,0.1275,0.0,0.3867,0.0001573831560898049,0.1328256429841771,0.00013288506254688617,0.13245724505217613,0.00017544133997205057,0.13284891645310776
KXTRUMPMENTION-26FEB28-BALL,30.0,0.74,30.0,0.19240000000000002,0.0005999999999999989,0.31179999999999997,0.0015863475136291877,0.2414275432363829,0.0012330892550218837,0.29019639006028203,0.001751369896862309,0.21570799183600087
KXTRUMPMENTION-26FEB28-BALL,14.0,0.67,14.0,0.2211,0.00010000000000000018,0.28259999999999996,0.0007663749326219071,0.22961834438984952,0.000630391374856883,0.2643626508649781,0.0007406750809311543,0.2263699652174065
KXTRUMPMENTION-26FEB28-BALL,7.0,0.44,7.0,0.24640000000000004,0.00010000000000000018,0.2571,0.0003802689073690813,0.2496697754019867,0.00030845225458192614,0.2628224088950866,0.0002989664501662432,0.25005136451743604
KXTRUMPMENTION-26FEB28-BALL,3.0,0.52,3.0,0.2496,0.0,0.2526,0.00017761464795037829,0.2506620194660564,0.00012984853776120246,0.2510927716928451,0.00012532793886760007,0.2490123997400734
KXBTCMAXMON-BTC-26JAN31-100000,30.0,0.53,25.0,0.2491,0.0012999999999999995,0.19399999999999998,0.0014149252977413073,0.2704817743086031,0.001078829595075849,0.3019494380740798,0.0012842583716077833,0.25019521330340366
KXBTCMAXMON-BTC-26JAN31-100000,14.0,0.45,14.0,0.24750000000000003,0.001099999999999999,0.050800000000000005,0.0007737811165096955,0.24999390299550733,0.0006259777715593763,0.2680286007032349,0.0005992547583673063,0.2458004027353634
KXBTCMAXMON-BTC-26JAN31-100000,7.0,0.06,7.0,0.05639999999999999,0.0004999999999999998,0.0005000000000000002,0.00022630210496286113,0.14031658121709734,0.00018965686439307306,0.12906735449078827,0.0002569064857533885,0.11643134953205526
KXINTLFRIENDLYGAME-26MAR26BRAFRA-FRA,14.0,0.4,14.0,0.24,0.0006249999999999984,0.326925,0.0007447018167021978,0.2392493209541216,0.0006416349700341821,0.27662158220222394,0.0007265183047018129,0.24452210306396274
KXINTLFRIENDLYGAME-26MAR26BRAFRA-FRA,7.0,0.45,7.0,0.24750000000000003,0.0006249999999999983,0.30362500000000003,0.00039125541883410316,0.24796623815974328,0.00028936105941386084,0.2701565881706338,0.0002738776986472873,0.24780400131492272
KXINTLFRIENDLYGAME-26MAR26BRAFRA-FRA,3.0,0.44,3.0,0.24640000000000004,0.00020000000000000036,0.30260000000000004,0.0001590770461328607,0.24832096035216877,0.0001274737894244722,0.24470841792794826,0.00011061277111340035,0.24634137585778912
KXWC1HTOTAL-26JUL05MEXENG-3,3.0,0.07,3.0,0.0651,0.0003999999999999996,0.8101,0.000117797127344191,0.08713267209201475,0.00010048142517519527,0.10175953774227402,0.0001521581744041917,0.10815220901408719
KXEPLGAME-26JAN07BOUTOT-TIE,14.0,0.405,14.0,0.240975,2.5000000000000045e-05,0.07955000000000001,0.0007515739940406176,0.24906138519512314,0.000602098922571903,0.2717958880075533,0.0006563235603041937,0.23727697225425562
KXEPLGAME-26JAN07BOUTOT-TIE,7.0,0.365,7.0,0.231775,0.0,0.07752500000000001,0.00033911359043514234,0.2351825420487305,0.0003180144121558653,0.24503044446560726,0.0002989093004937047,0.2325714471885086
KXEPLGAME-26JAN07BOUTOT-TIE,3.0,0.27,3.0,0.1971,0.0,0.06770000000000001,0.00013763809670515212,0.19993567587702407,0.00012080925071700215,0.21195226561335798,0.00013595786650978146,0.20230159981375956
KXNFLSBMVP-26-DMAYE10,30.0,0.11,30.0,0.0979,0.0007999999999999988,0.1191,0.0012516985312329412,0.2105048395376521,0.0012037374508737887,0.23379084307002387,0.001303024903949471,0.20868610130488213
KXNFLSBMVP-26-DMAYE10,14.0,0.29,14.0,0.20589999999999997,0.0005999999999999989,0.0685,0.0007348220745332226,0.222478976790207,0.000638256227951219,0.25491309185557864,0.0007824338617142324,0.22301681194857018
KXNFLSBMVP-26-DMAYE10,7.0,0.27,7.0,0.1971,0.00020000000000000036,0.06770000000000001,0.0004342668164885083,0.2058537525760441,0.0003415244883292147,0.21455037786264103,0.00037476748442095926,0.21428732238518147
KXNFLSBMVP-26-DMAYE10,3.0,0.26,3.0,0.19240000000000002,0.00010000000000000018,0.06770000000000001,0.00017296799485026413,0.19619985283837482,0.0001390582569603772,0.20209515362084596,0.0001726116955322457,0.18961462087725642
KXRTAVATARFIREANDASH-90,30.0,0.16,30.0,0.1344,0.0008999999999999994,0.0157,0.0015249494159700605,0.22993253775455366,0.0013795896630417175,0.2219032729446723,0.001507224245533826,0.24491354047693495
KXLALIGAGAME-26JAN30ESPALA-ESP,7.0,0.5,7.0,0.25,0.0004000000000000007,0.24019999999999997,0.00037174295021150404,0.252920700450615,0.0003137166099439763,0.26160635822287825,0.0002807422774557339,0.25055719690326
KXLALIGAGAME-26JAN30ESPALA-ESP,3.0,0.49,3.0,0.2499,0.00010000000000000018,0.24019999999999997,0.00014245925771913466,0.24975720289673753,0.00012903412787429946,0.25131094748770677,0.00010012431640528012,0.24884416872184795
KXNFLGAME-25OCT19LVKC-LV,14.0,0.2,11.0,0.16000000000000003,0.0010999999999999996,0.016300000000000002,0.0006428092048486248,0.17214993720548472,0.0005760934706224487,0.18951335259173596,0.0006730582644893632,0.1835513341830214
KXNFLGAME-25OCT19LVKC-LV,7.0,0.16,7.0,0.1344,0.0009999999999999996,0.015400000000000002,0.000437603699173095,0.15776541577918296,0.0004029025392008076,0.16556916318609868,0.0004997296410740609,0.16535419009663269
KXNFLGAME-25OCT19LVKC-LV,3.0,0.12,3.0,0.1056,0.00010000000000000018,0.014500000000000002,0.0001600965956401665,0.11457789879676479,0.00011903184937719008,0.11796224713966343,0.00019451032750352927,0.12113903545528697
KXRTNOSFERATU-85,30.0,0.72,30.0,0.2016,0.000975000000000003,0.32102499999999995,0.001604746654011484,0.23897004459523097,0.001247533369870218,0.2910246874126299,0.0017535012605280292,0.2186186188174531
KXRTNOSFERATU-85,7.0,0.84,7.0,0.13440000000000002,0.00020000000000000036,0.16579999999999995,0.0003649706184048276,0.15647183489510394,0.0003080149742859639,0.15742998064588468,0.00047697378231830123,0.14368961222146606
KXRTNOSFERATU-85,3.0,0.84,3.0,0.13440000000000002,0.00010000000000000018,0.019700000000000002,0.00016176168085862072,0.14310807026907268,0.0001266909116014975,0.15113320427766175,0.0001680872367395577,0.13565244203849958
KXMARMAD-25R64G12-GC,3.0,0.18,3.0,0.1476,9.999999999999963e-05,0.0257,0.00020678506690792846,0.15498238063909686,0.00018225065631837688,0.15655371555897335,0.00020301742316424762,0.15672786466508365
KXMLBGAME-26APR182138SDLAA-LAA,3.0,0.52,3.0,0.2496,0.0,0.129,0.00017861004707875626,0.25384429376175643,0.00013690526557982266,0.24834118043206055,8.920907674144815e-05,0.24952735469505619
KXIPLGAME-26APR26KKRLSG-KKR,7.0,0.52,7.0,0.2496,0.00030000000000000057,0.25329999999999997,0.0003629646817544767,0.25057853819706066,0.0003333379667714749,0.2612503624067923,0.00030948369529849325,0.2502699558750394
KXIPLGAME-26APR26KKRLSG-KKR,3.0,0.5,3.0,0.25,0.00010000000000000018,0.2501,0.00014640558084323557,0.25236598604744215,0.00013467104862277643,0.25361467617008043,0.00011289952493576203,0.2502604461309516
KXUCLGAME-26FEB17BENRMA-TIE,30.0,0.29,18.0,0.20589999999999997,0.0005999999999999994,0.0673,0.0009837095141977854,0.23928680930956317,0.0008068878145147256,0.25082025683879977,0.0009255347910881748,0.2233581609300674
KXUCLGAME-26FEB17BENRMA-TIE,14.0,0.24,14.0,0.1824,0.0005999999999999994,0.05499999999999999,0.0008005655311876345,0.19918020651793472,0.0006515743132912943,0.2315421945022382,0.0008070631175918735,0.20503862619612342
KXUCLGAME-26FEB17BENRMA-TIE,7.0,0.21,7.0,0.1659,0.0004999999999999993,0.05299999999999999,0.0005325812348967807,0.19669850509604594,0.00041467674984051655,0.18857311789625897,0.0004581615885424742,0.18531560324156018
KXUCLGAME-26FEB17BENRMA-TIE,3.0,0.22,3.0,0.1716,0.00019999999999999982,0.05299999999999999,0.00021687882787533203,0.1722811631066234,0.00019133052586312426,0.18144740858186942,0.00015019457970394235,0.17304369994267424
KXSENATELAR-26-JFLEM,30.0,0.058,30.0,0.054636,0.0018079999999999997,0.040476,0.0011416029827361705,0.19856981285345682,0.001102122120272132,0.16538574176350504,0.0011176957143088537,0.19360527563252322
KXSENATELAR-26-JFLEM,3.0,0.16,3.0,0.1344,0.0,0.030702,0.00021105413046328507,0.1480498249467925,0.0001693661216663531,0.14063555904367278,0.000187038784503711,0.13590521998477662
KXWCROUND-26SEMI-MAR,30.0,0.1,30.0,0.09000000000000001,0.0010000000000000005,0.081,0.001245747114847765,0.20067717961248216,0.0011592291226675726,0.2094095204496407,0.0012479192025599008,0.21320484625524527
KXWCROUND-26SEMI-MAR,14.0,0.07,14.0,0.0651,0.00039999999999999964,0.0663,0.0005178223654836309,0.15292107004196162,0.0004998256532507906,0.15613539193285525,0.0005004963577598608,0.15405426797066205
KXWCROUND-26SEMI-MAR,7.0,0.21,7.0,0.1659,0.00019999999999999982,0.045099999999999994,0.000487826566675297,0.18314358782012302,0.00044266163070982476,0.20357023799259188,0.0004982584318799036,0.18462539886876747
KXWCROUND-26SEMI-MAR,3.0,0.22,3.0,0.1716,0.0,0.044199999999999996,0.00022475830339948883,0.1742184928437271,0.000170236970333214,0.18751355890383978,0.0002038459771751898,0.18201567800766047
KXNFLANYTD-26JAN10LACAR-LAMSTAFFORD9,7.0,0.07,5.0,0.0651,0.0002000000000000001,0.0017000000000000001,0.0001975931173272539,0.12068842983629954,0.00017721787169420227,0.1216310420625353,0.00020252673694231259,0.12846058434657595
KXNFLANYTD-26JAN10LACAR-LAMSTAFFORD9,3.0,0.06,3.0,0.05639999999999999,9.99999999999999e-05,0.0017000000000000001,9.030588397251614e-05,0.10105927814822752,8.257022011198992e-05,0.09739001475669085,0.00013528425229877882,0.09227915380363559
KXLIGAEXPGAME-26SEP03TEPDRD-DRD,7.0,0.75,7.0,0.1875,0.0004999999999999987,0.6063999999999998,0.0003708658262036224,0.19537699268309489,0.00032215159819894964,0.20907950824444566,0.00034414569918476463,0.18761340692642137
KXLIGAEXPGAME-26SEP03TEPDRD-DRD,3.0,0.27,3.0,0.1971,0.0004999999999999987,0.4761999999999999,0.0001417568797863727,0.20009994205649229,0.00011686249064201864,0.19852667104212574,0.00010827538083394525,0.2049055531180479
KXBUNDESLIGAGAME-26MAY16BMUKOE-TIE,7.0,0.25,7.0,0.1875,0.0002999999999999997,0.027800000000000002,0.00043245699786102423,0.20370006870126417,0.00035630962756631415,0.21543051072839903,0.0003942462463459131,0.1957730177823503
KXBUNDESLIGAGAME-26MAY16BMUKOE-TIE,3.0,0.11,3.0,0.0979,9.99999999999999e-05,0.0082,0.00013439804614534005,0.10657597318939349,9.787307417599605e-05,0.1161407478151146,0.00014431240945207146,0.10924794010806121
KXMVESPORTSMULTIGAMEEXTENDED-S2026E357E4152B7-03C8CD1978C,7.0,0.411,5.0,0.24207899999999996,0.00016199999999999852,0.19485900000000003,0.00025338197204378987,0.243877009485865,0.00023257715127351808,0.2577940930019804,0.00020595398579881943,0.24118141157505024
KXMVESPORTSMULTIGAMEEXTENDED-S2026E357E4152B7-03C8CD1978C,3.0,0.404,3.0,0.240784,2.499999999999949e-05,0.19485900000000003,0.0001462806284461114,0.24187222125191588,0.0001428228430259077,0.24538723118061298,0.0001344026213401494,0.24041102915057525
KXMVECROSSCATEGORY-S2026AFA138C914F-E5F6D9B9C62,14.0,0.5,10.0,0.25,0.00019399999999999946,0.17863399999999996,0.0005877868113869472,0.2532297922211298,0.0004257002705877845,0.2685527851273757,0.0004306162734148724,0.2494542580170452
KXMVECROSSCATEGORY-S2026AFA138C914F-E5F6D9B9C62,7.0,0.5,7.0,0.25,0.00019399999999999946,0.17863399999999996,0.00036911542168969677,0.2527721138228698,0.0003025998731692248,0.26028186415526805,0.0003026272406527955,0.2515754620910424
KXMVECROSSCATEGORY-S2026AFA138C914F-E5F6D9B9C62,3.0,0.414,3.0,0.24260400000000001,6.399999999999922e-05,0.17254999999999995,0.0001497607972726658,0.23962637379041374,0.00014252208163208904,0.24324263161990742,0.00012539842456148152,0.2437774550544093
KXPGATOUR-FESJC26-TFLE,3.0,0.09,3.0,0.0819,0.0003610000000000001,0.002789,0.00012388460725313276,0.09220003834260929,0.00012968493585251275,0.10160966055362058,0.00016387598152684473,0.11797989111468961
KXUFCFIGHT-26JUN20SHACHO-CHO,7.0,0.7,6.0,0.21000000000000002,0.00010000000000000018,0.04249999999999999,0.0003321615702466471,0.21369209586984503,0.0002514573238415524,0.22466492855450856,0.0002685938605323265,0.2085313025230633
KXUFCFIGHT-26JUN20SHACHO-CHO,3.0,0.76,3.0,0.1824,0.00010000000000000018,0.04049999999999998,0.0001557481142548737,0.18454401351366947,0.000125095169517559,0.1980648048893294,0.00013688042935089878,0.18773288859421264
KXUEFASCGAME-26AUG12PSGAVL-TIE,7.0,0.24,7.0,0.1824,0.00015000000000000026,0.0577,0.0004641181878291416,0.19349070121981501,0.0003728967788263948,0.20431319611132728,0.000398964947208019,0.20420514060452136
KXUEFASCGAME-26AUG12PSGAVL-TIE,3.0,0.25,3.0,0.1875,0.0,0.0577,0.0001691079377448018,0.19395017352517618,0.00016910124607002336,0.19045757022381885,0.0001666329245032877,0.19536599022254197
KXNFLGAME-25OCT05NYGNO-NO,14.0,0.46499999999999997,9.0,0.248775,0.0004250000000000008,0.20019999999999996,0.0004892183410595926,0.2503524111208706,0.00039598041769839653,0.2644843563524468,0.00037321838152285777,0.24983742057023842
KXNFLGAME-25OCT05NYGNO-NO,7.0,0.45,7.0,0.24750000000000003,0.00020000000000000036,0.19929999999999995,0.0003774331345008878,0.25088108113044033,0.0002974282419220644,0.25512781885639524,0.0003330913229153638,0.24894408817090208
KXNFLGAME-25OCT05NYGNO-NO,3.0,0.53,3.0,0.2491,0.0,0.19409999999999997,0.0001589313886852227,0.24786431573056145,0.000139677450471442,0.2547986006452245,0.00011775081825737665,0.2487932881067237
KXSUPERBOWLHEADLINE-26-TAY,30.0,0.55,30.0,0.2475,0.0008999999999999993,0.1506,0.0016404980947836113,0.2612974204923091,0.001297998852417622,0.3333987206688434,0.0015906082526170478,0.25515820636659114
KXSUPERBOWLHEADLINE-26-TAY,14.0,0.52,14.0,0.2496,0.0003999999999999985,0.0948,0.0007538577908947513,0.25511525645297495,0.0006470780043086792,0.28224288337272896,0.0006201571497296718,0.2491730014649412
KXSUPERBOWLHEADLINE-26-TAY,7.0,0.39,7.0,0.2379,0.0003999999999999985,0.07289999999999998,0.00037398074593275723,0.23807358623395977,0.0003200520608639656,0.2514444620942402,0.0002901311294643136,0.24028473417522078
KXSUPERBOWLHEADLINE-26-TAY,3.0,0.37,3.0,0.2331,0.0,0.0507,0.00015992447808331375,0.2308416475391116,0.00012451347998789611,0.23664150761595676,0.00011891059371323158,0.2335091683556074
KXCHLLDPGAME-26AUG28COBPAL-PAL,7.0,0.42,7.0,0.2436,0.00030000000000000057,0.1379,0.0003906006038891442,0.25106452663092194,0.0003148119595009946,0.2612101016607,0.00028879932032445615,0.24613013164234054
KXCHLLDPGAME-26AUG28COBPAL-PAL,3.0,0.39,3.0,0.2379,0.00010000000000000018,0.13699999999999998,0.0001682671292507062,0.24046152995696143,0.00012760669595729185,0.24689358277116874,0.00012859126540026102,0.23848575711850903
KXECULPGAME-26JUL23LEOGUA-GUA,3.0,0.2,3.0,0.16000000000000003,0.00010000000000000018,0.0325,0.00022293368330450358,0.16407935642323068,0.0001869706283698911,0.16216664316480894,0.00018866241494147105,0.16260891412748826
KXNCAAFGAME-25SEP20MSUUSC-MSU,14.0,0.26,9.0,0.19240000000000002,0.0004999999999999998,0.07890000000000001,0.0005294772465597599,0.21412139757581344,0.0004941023289498298,0.2226696903308488,0.0004664435784540466,0.2065956505029552
KXNCAAFGAME-25SEP20MSUUSC-MSU,7.0,0.18,7.0,0.1476,0.0004999999999999998,0.017900000000000003,0.0004918627635195356,0.16330479227907588,0.0004018945334634176,0.1665897586866053,0.00048377421882437737,0.1625059267059791
KXNCAAFGAME-25SEP20MSUUSC-MSU,3.0,0.13,3.0,0.1131,0.00010000000000000018,0.017,0.00017284301793437016,0.13308341095300646,0.00011447002709287592,0.1395669384085911,0.00016296547016899117,0.12634324566561314
KXPGATOUR-THMTPBW26-TFLE,3.0,0.12,3.0,0.1056,3.600000000000006e-05,0.00731,0.00016455239078951391,0.12312679262259156,0.00010269172696627834,0.1399418587399833,0.00018599916792605927,0.11413109223152934
KXMLSGAME-26AUG01LAGDAL-LAG,7.0,0.41,7.0,0.24190000000000003,0.00010000000000000018,0.1178,0.00042455815226414407,0.24202873787004278,0.0003093668419638748,0.2514689467856115,0.0002890224556282429,0.24312237938823483
KXMLSGAME-26AUG01LAGDAL-LAG,3.0,0.44,3.0,0.24640000000000004,0.00010000000000000018,0.1169,0.00013007778875126345,0.24752163993131038,0.00013345635120707927,0.2488061463926921,0.00012619118587268573,0.2475625187836439
KXMVESPORTSMULTIGAMEEXTENDED-S2026F84712B4878-659D2AA7A5E,7.0,0.5,6.0,0.25,0.00017000000000000004,0.230464,0.0003317701869244535,0.25249793969975054,0.00024520231958911394,0.2680660908979578,0.00024329127082709152,0.24964199054602929
KXMVESPORTSMULTIGAMEEXTENDED-S2026F84712B4878-659D2AA7A5E,3.0,0.5,4.0,0.25,0.00017000000000000004,0.230464,0.00022140486752504914,0.2499907592143912,0.00017529385792068057,0.25629559100421145,0.00016511754886025932,0.2493164926087021
KXVANCE-26JAN01-VR,3.0,0.33,3.0,0.2211,0.0,0.0641,0.00015629625846608702,0.22108485513280685,0.00013937845727366835,0.22589910430104823,0.00012601169005765637,0.2255156109536226
KXWC1HSPREAD-26JUN19SCOMAR-MAR2,14.0,0.495,14.0,0.249975,0.0008249999999999982,0.11045,0.0007464945463371045,0.2599551131022572,0.0006079209601722388,0.26812212370943195,0.0006539602328997844,0.24970235016665343
KXWC1HSPREAD-26JUN19SCOMAR-MAR2,7.0,0.4,7.0,0.24,0.0003999999999999996,0.10080000000000001,0.000404905516716192,0.2439923246147302,0.00031515093748733775,0.25880269076288803,0.00032103100220594555,0.2381058090713614
KXWC1HSPREAD-26JUN19SCOMAR-MAR2,3.0,0.15,3.0,0.1275,0.0003999999999999996,0.014500000000000002,0.0002279100234699006,0.14328936851612023,0.00016939901210412077,0.1374659188877753,0.00022801576464920474,0.13895199169363986
KXNCAAFGAME-25NOV29UCLAUSC-USC,14.0,0.92,13.0,0.07359999999999997,9.999999999999796e-05,0.1765,0.0005768106295218116,0.10954347881552742,0.00046605260995947963,0.15785870973777474,0.0009145216734620495,0.10738871011370071
KXNCAAFGAME-25NOV29UCLAUSC-USC,7.0,0.9,7.0,0.08999999999999998,9.999999999999796e-05,0.003500000000000006,0.0003321482716254581,0.11381256278760525,0.0002668781579787857,0.13100810743084787,0.00052672974811579,0.10729741613032917
KXNCAAFGAME-25NOV29UCLAUSC-USC,3.0,0.94,3.0,0.05640000000000005,0.0,0.0026000000000000047,0.00014033036153310552,0.06865819602054303,9.43693817559076e-05,0.07175974628614296,0.00020694399539515588,0.08007298708693086
KXARGPREMDIVGAME-26AUG31TIGBAR-BAR,7.0,0.16999999999999998,7.0,0.1411,0.0004999999999999998,0.028999999999999995,0.0004852032216980302,0.15991057678935655,0.0003809478437558143,0.16844414510194178,0.0004696541151370142,0.16809418621913735
KXARGPREMDIVGAME-26AUG31TIGBAR-BAR,3.0,0.16,3.0,0.1344,0.00019999999999999982,0.028999999999999995,0.000185875990689199,0.1411283733100122,0.00018596857187860202,0.14323061087425848,0.00022638515937989452,0.140352754461387
KXINTLFRIENDLYGAME-26MAY31USASEN-TIE,3.0,0.32,3.0,0.2176,9.999999999999907e-05,0.07390000000000001,0.00016511222799874578,0.2173998555353761,0.00010966515269782132,0.22510562112196453,0.00013880153794282812,0.219315243079849
KXUFCFIGHT-26MAY09VANTAI-TAI,7.0,0.6,6.0,0.24,0.00020000000000000036,0.34859999999999997,0.0003219496948123407,0.23962245285100195,0.00023204584441949554,0.2490231152119884,0.00024921442625140455,0.24073832844887416
KXUFCFIGHT-26MAY09VANTAI-TAI,3.0,0.59,3.0,0.2419,0.00010000000000000018,0.34819999999999995,0.00016893775611684361,0.24188351624347804,0.00013647773978853376,0.24325958201904274,0.00010506796864373696,0.24283717160690121
KXNHLSPREAD-26MAY14VGKANA-VGK2,3.0,0.12,3.0,0.1056,0.0,0.3828000000000001,0.0001648963172577109,0.12174113203890428,0.0001256679722508632,0.1329835534939352,0.00017195016309234042,0.11383854083250643
KXNCAAFTOTAL-26AUG29NCSTUVA-43,30.0,0.5,19.0,0.25,0.00015000000000000026,0.53265,0.0010574783076538175,0.2678016035150554,0.0007995281390477383,0.2882283717018733,0.0008870995356160884,0.2539807643383716
KXNCAAFTOTAL-26AUG29NCSTUVA-43,14.0,0.65,15.0,0.22749999999999998,0.00015000000000000026,0.51015,0.000814617580016678,0.2398029957944928,0.0006720759818317169,0.25958224970037214,0.000705693684473067,0.23456007904634027
KXNCAAFTOTAL-26AUG29NCSTUVA-43,7.0,0.755,7.0,0.184975,0.00015000000000000026,0.4956249999999999,0.0004222686830382408,0.19217050781665024,0.0002806015930572775,0.2100556980478629,0.00037008554652810324,0.1929164105372358
KXNCAAFTOTAL-26AUG29NCSTUVA-43,3.0,0.755,3.0,0.184975,0.0,0.4956249999999999,0.00014799516842679933,0.18943098484000284,0.00012113216845002252,0.19589621967067,0.00014364145164683404,0.18146728430067982
KXUFCFIGHT-26APR04COSNIC-NIC,7.0,0.22,6.0,0.1716,0.00010000000000000018,0.0485,0.00043873552532834023,0.19514214345416295,0.0003902978693319863,0.19238237946469458,0.0004164149631236907,0.1959644999490663
KXUFCFIGHT-26APR04COSNIC-NIC,3.0,0.23,3.0,0.1771,0.0,0.0485,0.00021625093877605147,0.17694967157152622,0.0001676358207635456,0.18821408125159764,0.0002079989997646963,0.1841539274513024
KXSBPERFORM-25-M,30.0,0.74,27.0,0.19240000000000002,0.00030000000000000057,0.3971,0.0014212075926291435,0.21972696394129393,0.0011859422875041058,0.26855948018522635,0.0014991808465741013,0.22189716695782521
KXSBPERFORM-25-M,14.0,0.45,14.0,0.24750000000000003,0.00020000000000000036,0.1533,0.000799535954255539,0.2524278354603723,0.000616731864336319,0.2775251746720137,0.0006418138046356834,0.251206278716704
KXSBPERFORM-25-M,7.0,0.56,7.0,0.24639999999999998,0.00020000000000000036,0.11980000000000003,0.0003895986345320732,0.24653318527140036,0.00033902544380754157,0.2550086176225728,0.00030034684760537375,0.24859869645111424
KXSBPERFORM-25-M,3.0,0.72,3.0,0.2016,0.00010000000000000018,0.09050000000000002,0.00015292375574756464,0.20191539992379923,0.0001407169323212175,0.21297799624836927,0.00014354314186482194,0.20563621881012586
KXMLSBTTS-26JUL17LAGLAFC-BTTS,7.0,0.64,7.0,0.2304,5.000000000000009e-05,0.3409,0.0003885406985008787,0.23585605537308627,0.0003240436159195646,0.2528116802312644,0.00030858077848202166,0.23191060423325405
KXMLSBTTS-26JUL17LAGLAFC-BTTS,3.0,0.65,3.0,0.22749999999999998,0.0,0.34009999999999996,0.00015749374328146673,0.23171667519370076,0.00012723305165352448,0.23755411266003243,0.00010894157860665484,0.23137123541146587
KXUFCFIGHT-26FEB28CHABUN-BUN,7.0,0.33,5.0,0.2211,0.0003999999999999985,0.07110000000000001,0.000259983412892939,0.22474594662184072,0.00020200873705079195,0.22737437559279364,0.0002182638302479966,0.22235359668427399
KXUFCFIGHT-26FEB28CHABUN-BUN,3.0,0.27,3.0,0.1971,0.0,0.06950000000000002,0.0001289904764899904,0.20191546827739562,0.0001233380665845587,0.20240142888800797,0.00013537769102562466,0.19921130185979322
KXMARMADROUND-26T2-MICH,30.0,0.38,29.95833333333333,0.2356,0.0024999999999999935,0.25489999999999996,0.0016684134394952532,0.25069188916031676,0.0013294768849457831,0.303225247669181,0.0015208920314616014,0.24962457363231016
KXMARMADROUND-26T2-MICH,14.0,0.39,13.999999999999993,0.2379,0.0008999999999999983,0.23919999999999997,0.0007928378082799793,0.2475342767660867,0.0006280035827558454,0.2620450224251465,0.0006190451553686903,0.24001700440324605
KXMARMADROUND-26T2-MICH,7.0,0.4,6.999999999999993,0.24,0.00030000000000000057,0.23309999999999997,0.0004149240627435452,0.2448006544269746,0.00032795334688186825,0.2648816312793359,0.00030047540076429076,0.24419779909130124
KXMARMADROUND-26T2-MICH,3.0,0.53,3.0,0.2491,0.00010000000000000018,0.22099999999999997,0.00018193528237805807,0.24989976607546338,0.00012117628575291056,0.2580992103515913,0.00010431312602497342,0.2504642607962031
KXWCBTTS-26JUN18MEXKOR-BTTS,14.0,0.475,14.0,0.24937499999999999,0.0011749999999999983,0.24059999999999998,0.0007454206744076261,0.2544096771328432,0.0005624704189393947,0.2725135396816571,0.0006049965364865577,0.25104925796216837
KXWCBTTS-26JUN18MEXKOR-BTTS,7.0,0.45,7.0,0.24750000000000003,0.0004999999999999987,0.24059999999999998,0.00035089462811566054,0.250071626299071,0.00032057593822445855,0.26263402439936134,0.00030383064506363575,0.24711539555413345
KXWCBTTS-26JUN18MEXKOR-BTTS,3.0,0.48,3.0,0.2496,0.0,0.24059999999999998,0.0001544048645816668,0.25234806157312195,0.0001327238556258286,0.2533582118352467,9.344024839239639e-05,0.24945482613063802
KXPREEMPT-25,30.0,0.6,30.0,0.24,0.0007999999999999992,0.3207999999999999,0.0016353933021689584,0.2642499788645576,0.0012619821856620051,0.32466957298657617,0.00155278629062935,0.25347010103813
KXPREEMPT-25,14.0,0.4,14.0,0.24,0.0005999999999999989,0.27199999999999996,0.0007021295713151473,0.24784443904644576,0.0006227150435857063,0.26568225940081797,0.000618608904841148,0.24194673644155734
KXPREEMPT-25,7.0,0.54,7.0,0.2484,0.00010000000000000018,0.26449999999999996,0.0003550077646048665,0.2545462478450814,0.0003119051033543395,0.26116590530169426,0.0002761435500110674,0.2486792141492016
KXPREEMPT-25,3.0,0.57,3.0,0.2451,0.0,0.2607,0.0001687200001193027,0.24406335942233706,0.00012635961399129014,0.2467507397240812,0.00012317968782694263,0.2459111269905214
KXCPI-26JUL-T0.1,30.0,0.2,30.0,0.16000000000000003,0.001899999999999995,0.12290000000000001,0.0015859801241817225,0.24040199335433982,0.0015399627900444302,0.25269345420252165,0.0015861693518989873,0.234570859768723
KXCPI-26JUL-T0.1,14.0,0.29,14.0,0.20589999999999997,0.0012999999999999971,0.0542,0.0007868517747537079,0.22537846738466236,0.0006367399865257582,0.24515580572375942,0.0006625648300481863,0.2253286558187039
KXCPI-26JUL-T0.1,7.0,0.24,7.0,0.1824,0.0008999999999999989,0.048299999999999996,0.0004444848155826764,0.19779128133328147,0.00039867851042166345,0.2032422387163386,0.00041321540151765173,0.19671542226474206
KXCPI-26JUL-T0.1,3.0,0.18,3.0,0.1476,0.0007999999999999992,0.04499999999999999,0.0002057490074078122,0.15430191682719888,0.00017384076279455859,0.15802007616055838,0.00020447025134859214,0.16105458386782096
KXEPLGAME-26MAR16BREWOL-BRE,14.0,0.65,13.958333333333332,0.22749999999999998,0.0005000000000000009,0.38,0.0007878502830352352,0.23577675247117866,0.000653236004574207,0.26115070828934317,0.0006948358577022235,0.2293046356494645
KXEPLGAME-26MAR16BREWOL-BRE,7.0,0.62,6.999999999999998,0.2356,0.0004000000000000007,0.3722,0.00040719604827698074,0.2400254623873778,0.0002864416848320219,0.23752630107218628,0.00031624504768486625,0.23560533549962576
KXEPLGAME-26MAR16BREWOL-BRE,3.0,0.62,2.9999999999999982,0.2356,0.00020000000000000036,0.3722,0.00015682966986313316,0.23736909801393377,0.00014047257188020304,0.23904836326542636,0.0001255392002311729,0.23566916266170068
KXUFCFIGHT-26JUL11MCGHOL-MCG,30.0,0.31,30.0,0.21389999999999998,0.0021999999999999962,0.0921,0.001560042328446897,0.2545680192621866,0.0013525870973312545,0.3024103452451286,0.0016205541026499332,0.24967779663184517
KXUFCFIGHT-26JUL11MCGHOL-MCG,14.0,0.36,14.0,0.2304,0.0007000000000000012,0.0917,0.0007371660196156134,0.2354205191800039,0.0005997933337160024,0.25613992922416257,0.0006760862835098389,0.22802518642529937
KXUFCFIGHT-26JUL11MCGHOL-MCG,7.0,0.36,7.0,0.2304,0.00030000000000000057,0.0917,0.00034375716668076455,0.23894215663967258,0.00030428891516061255,0.23357446249966485,0.0003286678976689218,0.2337856797760399
KXUFCFIGHT-26JUL11MCGHOL-MCG,3.0,0.36,3.0,0.2304,0.00010000000000000018,0.0917,0.00016712396132012437,0.2323947494684402,0.00011649233733083729,0.23811393394558608,0.00011947409851623861,0.23139529368559256
KXEPLGAME-26MAY10CRYEVE-CRY,14.0,0.355,14.0,0.22897499999999998,0.00032499999999999836,0.0997,0.0008101149846075338,0.24677564510490527,0.0006654143894076185,0.24953401236854902,0.0007067153612693222,0.23840423609214628
KXEPLGAME-26MAY10CRYEVE-CRY,7.0,0.37,7.0,0.2331,0.00019999999999999814,0.0975,0.0004013517076561418,0.2442050294860025,0.00031665309843797643,0.24923777611509595,0.0002991581460070749,0.235125899406635
KXEPLGAME-26MAY10CRYEVE-CRY,3.0,0.35,3.0,0.22749999999999998,9.999999999999907e-05,0.0966,0.0001857527080563591,0.22795104483120834,0.0001394016946687609,0.23292098228277525,9.352487083667767e-05,0.2295961347151159
KXNCAAMBSPREAD-26MAR27MSUCONN-CONN1,7.0,0.52,5.0,0.2496,0.0,0.1586,0.00024126652288901246,0.2511404191322366,0.00021997101318205076,0.270423435478296,0.0001894961069809929,0.24809725641747896
KXNCAAMBSPREAD-26MAR27MSUCONN-CONN1,3.0,0.52,3.0,0.2496,0.0,0.1586,0.00016425351408933718,0.2486575417201475,0.00013336898774650384,0.2520516828092037,0.0001008523388350774,0.2499579420277101
KXEPLGAME-26MAR21EVECFC-TIE,14.0,0.275,13.958333333333332,0.199375,0.0006250000000000012,0.2353,0.000751742927556448,0.23286984914222425,0.0006179950900390291,0.23256376740646784,0.0007440728047262701,0.2160417606987712
KXEPLGAME-26MAR21EVECFC-TIE,7.0,0.27,6.999999999999998,0.1971,0.0005000000000000009,0.07300000000000001,0.0003743123260940785,0.22107610466200492,0.0003555060083033739,0.21147886505867133,0.00041052174002887207,0.20323674724589683
KXEPLGAME-26MAR21EVECFC-TIE,3.0,0.27,2.9999999999999982,0.1971,0.00010000000000000018,0.07300000000000001,0.00014126604429189657,0.20433779484528508,0.00012056068465721829,0.2015427602328146,0.0001262128704166328,0.19892721558078189
KXWCAWARD-26GBALL-MOLIS,30.0,0.11,30.0,0.0979,0.0006499999999999998,0.04050000000000001,0.0012868529116751265,0.2080038264440556,0.0011484930915525073,0.23341926376664432,0.0013097202829157172,0.2076336418867012
KXWCAWARD-26GBALL-MOLIS,14.0,0.08,14.0,0.0736,0.0004499999999999999,0.0030000000000000005,0.000538767858831038,0.211664312459927,0.0005016699253627609,0.17060374064267528,0.0005381831859360319,0.14957309943862987
KXSERIEAGAME-26FEB28VERNAP-NAP,7.0,0.65,7.0,0.22749999999999998,0.00020000000000000036,0.14609999999999998,0.0003812037171459109,0.2264833353850741,0.0003244958711715051,0.2319050294360091,0.000311136880936383,0.22883073101362383
KXSERIEAGAME-26FEB28VERNAP-NAP,3.0,0.65,3.0,0.22749999999999998,0.0,0.14609999999999998,0.0001557437979041334,0.23149921574761848,0.0001434455194143597,0.23293614400294999,0.00012515818025223845,0.22849867857473355
KXLALIGAGAME-26APR04ATMBAR-BAR,7.0,0.45,7.0,0.24750000000000003,0.0006999999999999979,0.281,0.0004072136002446284,0.24874270644673868,0.0002926890356466489,0.26221401309708464,0.000267328938754275,0.2519550156369438
KXLALIGAGAME-26APR04ATMBAR-BAR,3.0,0.45,3.0,0.24750000000000003,0.0004999999999999976,0.281,0.00016324636364137027,0.24839900236297674,0.00011744098263812698,0.2520508200510389,0.00012132999527810592,0.24878925158958964
KXCONMEBOLSUDGAME-26AUG13SANMAC-MAC,7.0,0.14,7.0,0.12040000000000001,0.00030000000000000024,0.016700000000000003,0.0003718522390963741,0.1561079876135832,0.0003419539059183034,0.15786494459390915,0.00038782722037287645,0.15468242174147398
KXCONMEBOLSUDGAME-26AUG13SANMAC-MAC,3.0,0.15,3.0,0.1275,0.00010000000000000018,0.015400000000000002,0.00022768439603023885,0.13348597836332912,0.00019175270564563288,0.14169786670698506,0.00019494920032994505,0.13426600037079278
KXGOVCA-26-TSTE,30.0,0.32,30.0,0.2176,0.002385999999999996,0.057378000000000005,0.0016153910540495674,0.2515698935516037,0.0013544384856154683,0.32238426621652977,0.001572524139337108,0.24203419833074327
KXGOVCA-26-TSTE,14.0,0.28,14.0,0.2016,0.0013859999999999988,0.04537800000000001,0.0007944346727081388,0.22343925982293178,0.0005801577018371141,0.2531224467319357,0.0007377503481067834,0.21654888931338148
KXGOVCA-26-TSTE,7.0,0.096,7.0,0.086784,0.00018600000000000002,0.037682,0.00027918790771846975,0.15133949270781596,0.00027589814796680564,0.1577731036264121,0.00031185789893447045,0.1574506372356273
KXMLBGAME-26MAY082210ATLLAD-ATL,3.0,0.5,3.0,0.25,0.00010000000000000018,0.13949999999999999,0.000181231362852829,0.25033013181808517,0.00012060471974926233,0.24871513840223752,0.00010832691400747538,0.24938721997358101
KXWC1H-26JUN25CUWCIV-TIE,30.0,0.33499999999999996,21.0,0.222775,0.0010250000000000018,0.08625,0.001193293809125953,0.24609822138497306,0.0009689519528320735,0.27655981747650277,0.001104540388339573,0.2380268086730797
KXWC1H-26JUN25CUWCIV-TIE,14.0,0.355,14.0,0.22897499999999998,0.0008500000000000015,0.084825,0.0007605631180789365,0.25156355133678143,0.0005874422128974208,0.25783351920767933,0.0006502715436100334,0.2371502322678891
KXWC1H-26JUN25CUWCIV-TIE,7.0,0.295,7.0,0.20797500000000002,0.0004250000000000008,0.0842,0.000342577174913416,0.2199399189957764,0.0003004970403163844,0.21671062363768953,0.0003316445510556312,0.21434778959212067
KXWC1H-26JUN25CUWCIV-TIE,3.0,0.3,3.0,0.21,0.00020000000000000036,0.0842,0.00016378952682828948,0.21340014978563177,0.00014115734386046898,0.21823892837301173,0.00012613896808251018,0.20933534983074917
KXNFLSPREAD-25OCT20TBDET-TB3,7.0,0.25,6.0,0.1875,0.00019999999999999982,0.034100000000000005,0.0003490905859809993,0.19617357991078996,0.0003388655663618934,0.19982109351134228,0.0003348336357120684,0.20526533491540186
KXNFLSPREAD-25OCT20TBDET-TB3,3.0,0.21,3.0,0.1659,0.00019999999999999982,0.0325,0.00022104893393118372,0.17153657624305127,0.00019797492090113008,0.17514569197791885,0.00019024159859112037,0.17624213724384902
KXSPOTIFYSONGSOPALITE-25NOV07-265,3.0,0.18,3.0,0.1476,0.0,0.9126,0.00022493233369209594,0.15872884676897078,0.00018096902994434478,0.1596585163424609,0.00019650949646711304,0.14945425790697064
KXSBGUESTS-26-JK,30.0,0.74,30.0,0.19240000000000002,0.000799999999999997,0.5863999999999998,0.0016202118460474668,0.22413365968854507,0.001220231237960555,0.280961022878192,0.001729744373636741,0.21970858342547725
KXSBGUESTS-26-JK,14.0,0.77,14.0,0.17709999999999998,0.0004999999999999964,0.47919999999999985,0.0007521847248343618,0.20063457184145028,0.000543313126635802,0.2169589818540438,0.0007976116776458721,0.18717640097310984
KXSBGUESTS-26-JK,7.0,0.88,7.0,0.1056,0.0003999999999999963,0.4531999999999998,0.0003746754698841967,0.11568751607262379,0.00028113679956008196,0.13087734856444105,0.0004606218369132122,0.12027287025941645
KXSBGUESTS-26-JK,3.0,0.91,3.0,0.08189999999999997,0.0,0.4470999999999999,0.00014512340478189836,0.09595212707484015,0.00011002879356794288,0.09585747488958372,0.00021890527651591914,0.08924092561980818
KXMVESPORTSMULTIGAMEEXTENDED-S20262A7FA0AF08C-EE3FC55C6D8,7.0,0.5,8.0,0.25,8.100000000000002e-05,0.230521,0.00043363040373666076,0.2532258793343853,0.0003477768980910274,0.26843432236716613,0.00034411099206133647,0.25240147303282784
KXMVESPORTSMULTIGAMEEXTENDED-S20262A7FA0AF08C-EE3FC55C6D8,3.0,0.5,3.0,0.25,8.100000000000002e-05,0.230521,0.0001716435723288347,0.25027201668158183,0.00013053358816595003,0.2530888155675886,0.00010654099522492495,0.25094901182881946
KXCPIYOY-25APR-T2.8,30.0,0.07,30.0,0.0651,0.0014999999999999998,0.004600000000000001,0.001109588584508935,0.18584444548650608,0.0010902519636078465,0.21867717946057133,0.001116642431138136,0.17800224649731297
KXCPIYOY-25APR-T2.8,14.0,0.06,14.0,0.05639999999999999,0.0007999999999999998,0.0020000000000000005,0.0004930504059994684,0.15611236926234043,0.00046707925432696245,0.16012018989590907,0.0004483439050154743,0.1563827450668813
KXNFLTOTAL-25DEC28NENYJ-41,14.0,0.5,12.0,0.25,0.00032499999999999944,0.20562499999999995,0.0006716844595544006,0.25456581392459326,0.0005525251967323423,0.27325264962706897,0.0005443294434857762,0.250162898446313
KXNFLTOTAL-25DEC28NENYJ-41,7.0,0.5549999999999999,7.0,0.246975,0.00032499999999999944,0.20259999999999995,0.0003865680327138438,0.2526099625516986,0.0003143743112219447,0.25476729378599233,0.00029718892283860305,0.24559459930972433
KXNFLTOTAL-25DEC28NENYJ-41,3.0,0.55,3.0,0.2475,0.00010000000000000018,0.20259999999999995,0.0001643264033245146,0.25051280648213875,0.00013615522296382573,0.2526984759792516,0.00010888122163031853,0.2470599050750825
KXNCAAFGAME-26AUG29JKSTTNST-TNST,14.0,0.14,12.0,0.12040000000000001,0.0005999999999999996,0.029849999999999998,0.000618140290913412,0.199056245896705,0.0005486257497701836,0.20451148152072945,0.0006372476295807447,0.18790278720364667
KXNCAAFGAME-26AUG29JKSTTNST-TNST,7.0,0.15,7.0,0.1275,0.0005999999999999996,0.014699999999999998,0.00043122807945255025,0.1642250146783597,0.0003984492791164336,0.1668563656586565,0.0004144859410149293,0.1541412465487428
KXNCAAFGAME-26AUG29JKSTTNST-TNST,3.0,0.1,3.0,0.09000000000000001,0.0003999999999999996,0.012199999999999999,0.00013004594483391254,0.10818028731346281,9.998380361770508e-05,0.10754919727476775,0.00016350918667744927,0.10791019423032769
KXUFCFIGHT-26MAY09GAUDIA-DIA,7.0,0.12,6.0,0.1056,0.00020000000000000036,0.012199999999999999,0.0002708353067240764,0.14064982912968382,0.00025629145835939635,0.15322975835063735,0.0003035678035328322,0.14862327070073372
KXUFCFIGHT-26MAY09GAUDIA-DIA,3.0,0.12,3.0,0.1056,0.0,0.012199999999999999,0.00015898915403843376,0.11469976749796157,0.00011111071749309883,0.1177077330966117,0.00019897080232116567,0.12723064436779957
KXMVECROSSCATEGORY-S20266343BB4F204-2C7C309ADB8,7.0,0.277,6.0,0.200271,0.00014400000000000025,0.060280999999999994,0.0003218006435282907,0.2102574559078617,0.0002889357263602822,0.2133021873913922,0.00029032078081343545,0.20665486556594878
KXMVECROSSCATEGORY-S20266343BB4F204-2C7C309ADB8,3.0,0.26,3.0,0.19240000000000002,5.00000000000001e-06,0.060280999999999994,0.00018175871823001552,0.1940849764609496,0.0001691591584463562,0.2088264863902102,0.0001447137450965709,0.1966366391149653
KXLALIGAGAME-26JAN04RMARBB-RMA,7.0,0.73,6.0,0.1971,0.0004999999999999943,0.10499999999999995,0.00034431928443869275,0.20743072116268116,0.000270806072943998,0.20816900621850942,0.00028970824241770517,0.20483378871887445
KXLALIGAGAME-26JAN04RMARBB-RMA,3.0,0.69,3.0,0.2139,0.0003999999999999963,0.10249999999999997,0.00017220038392083025,0.21314918916590778,0.00014426980857576492,0.2235463607923024,0.00011839301778834595,0.21555815119991079
KXLIGUE1GAME-26MAY08RCLFCN-RCL,7.0,0.745,7.0,0.189975,0.0006999999999999968,0.09782499999999997,0.0003801857201949962,0.1947588461518675,0.00032982499071446814,0.20675100188578427,0.00035668385477684333,0.19440714309776397
KXLIGUE1GAME-26MAY08RCLFCN-RCL,3.0,0.71,3.0,0.20590000000000003,0.0004999999999999964,0.09619999999999997,0.00015436168931902644,0.20528898354557398,0.00014525971346381956,0.2220315997752872,0.000127207759471414,0.20973613190181672
KXLALIGAGAME-26MAY12OSAATM-OSA,7.0,0.355,7.0,0.22897499999999998,0.000550000000000001,0.145525,0.0003711646984575212,0.2297916756544926,0.0003259586836690209,0.2435747350280058,0.00031973280447264706,0.22939948737091065
KXLALIGAGAME-26MAY12OSAATM-OSA,3.0,0.385,3.0,0.236775,0.0003250000000000006,0.1445,0.00018783582844037069,0.23780910638402197,0.00013023253297040174,0.23870084252516569,9.894621988461778e-05,0.23425736624779453
KXMLBGAME-26JUN262215ATLSF-SF,3.0,0.44,3.0,0.24640000000000004,0.00010000000000000018,0.0915,0.0001739905842638588,0.2486727970087419,0.00012578305157675274,0.2468053806104058,9.214415817297258e-05,0.24740122224229036
KXNFLGAME-25SEP21LAPHI-PHI,14.0,0.5,11.0,0.25,0.00020000000000000036,0.1528,0.0005982248650492114,0.25033824438708285,0.00045885936938934473,0.26757277244602096,0.0004690154410886219,0.2541499692847529
KXNFLGAME-25SEP21LAPHI-PHI,7.0,0.68,7.0,0.2176,0.00010000000000000018,0.12389999999999998,0.0003639476641703232,0.22087082993246296,0.0003148333111438684,0.2375592078502396,0.0002857451405446154,0.2221244887099315
KXNFLGAME-25SEP21LAPHI-PHI,3.0,0.64,3.0,0.2304,0.0,0.12259999999999999,0.00015879376752422187,0.23265019123811712,0.00013438246943343294,0.23482312368494201,0.00012518129611524222,0.2321050524339965
KXMVESPORTSMULTIGAMEEXTENDED-S2026EBB0EDB9A11-9D04E9D043C,7.0,0.062,6.0,0.058156,9.000000000000015e-06,0.879129,0.00020704625239608226,0.12094738286781355,0.00020224321178501981,0.1486694086473286,0.00023530828128555086,0.1253434213830565
KXMVESPORTSMULTIGAMEEXTENDED-S2026EBB0EDB9A11-9D04E9D043C,3.0,0.059,3.0,0.055519,9.000000000000015e-06,0.492804,8.272234689888368e-05,0.08205717453385963,9.723405009755254e-05,0.09360658491337424,0.00015022918127595804,0.0967024507173722
KXMLSBTTS-26JUL16SEAPOR-BTTS,7.0,0.62,7.0,0.2356,0.00025000000000000044,0.10449999999999997,0.00037004687255249566,0.24387666753309337,0.0002791731542859116,0.24619447468488354,0.0003113142184882707,0.2383900453513601
KXMLSBTTS-26JUL16SEAPOR-BTTS,3.0,0.625,3.0,0.234375,2.5000000000000045e-05,0.10409999999999997,0.0001792409446297203,0.23675416211768963,0.00014370692058001736,0.2391222138230141,0.00011121156446845325,0.23522009785702871
KXNFLGAME-25DEC21CINMIA-MIA,14.0,0.5,13.0,0.25,0.00020000000000000036,0.13240000000000002,0.000714221669986723,0.2575838015925172,0.0005509599142096796,0.2874248460983669,0.0005833355372720734,0.25263338682365577
KXNFLGAME-25DEC21CINMIA-MIA,7.0,0.52,7.0,0.2496,0.0,0.12360000000000002,0.0004089535229848836,0.25105526827040303,0.0002828133319489554,0.2675939552347839,0.00027959304886781324,0.2505635272699899
KXNFLGAME-25DEC21CINMIA-MIA,3.0,0.34,3.0,0.2244,0.0,0.10900000000000001,0.00015708505047371446,0.2277545489774216,0.00013443922752433556,0.23647429546243157,0.0001156723890074413,0.22738333337783684
KXUFCFIGHT-25NOV15EDWPRA-EDW,7.0,0.39,5.0,0.2379,0.00020000000000000036,0.1535,0.00023947731936496092,0.23506175903195378,0.0002493481373256753,0.25068944316274705,0.00019505915108256337,0.23878030846310033
KXUFCFIGHT-25NOV15EDWPRA-EDW,3.0,0.38,3.0,0.2356,0.00020000000000000036,0.1522,0.00016494885911594504,0.2367880741415879,0.00012035538639912024,0.24451148713129459,0.00010504971750016162,0.23524906661884806
KXIPLGAME-26MAY14MIPBKS-MI,7.0,0.47,7.0,0.2491,9.999999999999907e-05,0.28280000000000005,0.0003580208365740401,0.25158952072596746,0.0003200589544636838,0.2641491446698381,0.00029055109931339556,0.2500440273373038
KXIPLGAME-26MAY14MIPBKS-MI,3.0,0.47,3.0,0.2491,9.999999999999907e-05,0.281,0.00016737075133825,0.24652700511794565,0.00013209353327173201,0.25220587326470123,0.00011570258868896007,0.25058963458948924
KXEPLGAME-26MAY17BRECRY-BRE,14.0,0.55,14.0,0.2475,0.0008999999999999972,0.34119999999999995,0.0007718534201989196,0.24912506009058372,0.000578100622688433,0.27247399202357003,0.0006621847474823783,0.24882391002826018
KXEPLGAME-26MAY17BRECRY-BRE,7.0,0.58,7.0,0.2436,0.00030000000000000057,0.33829999999999993,0.0003963234290538695,0.24667114945348992,0.0003418954620605423,0.2564370532070538,0.00032021725393788057,0.24281197063984436
KXEPLGAME-26MAY17BRECRY-BRE,3.0,0.57,3.0,0.2451,0.00020000000000000036,0.33649999999999997,0.00013082889851351355,0.24488360263024803,0.00013947348690234227,0.2522772642318349,0.00011716511502161557,0.24814729747064976
KXUFCFIGHT-26JUL11RILKAM-KAM,14.0,0.31,12.0,0.21389999999999998,0.00010000000000000018,0.11420000000000001,0.0006609104134607483,0.22455253579542356,0.0005829170269003642,0.235322131775769,0.0006266584963414752,0.22347355420354162
KXUFCFIGHT-26JUL11RILKAM-KAM,7.0,0.27,7.0,0.1971,0.00010000000000000018,0.11260000000000002,0.00038971031732558967,0.2045331606717623,0.0003576834591723687,0.20672610119879084,0.00037502143258253296,0.20185766250677312
KXUFCFIGHT-26JUL11RILKAM-KAM,3.0,0.32,3.0,0.2176,0.0,0.11100000000000002,0.0001600894347985228,0.22014627583193852,0.0001258298731214602,0.21989698834584634,0.0001081451264737969,0.22292540862319082
KXNFLTOTAL-25DEC14GBDEN-42,14.0,0.5,12.0,0.25,0.00030000000000000057,0.23824999999999996,0.0007055760443809006,0.2560285548112838,0.0005316600714535968,0.27460388101180394,0.000583287965931565,0.2535973230150473
KXNFLTOTAL-25DEC14GBDEN-42,7.0,0.45,7.0,0.24750000000000003,0.00030000000000000057,0.22479999999999997,0.0004083048768774733,0.24800745993040718,0.0003230243808783302,0.2568111608238954,0.00029493285946803464,0.24785739625194553
KXNFLTOTAL-25DEC14GBDEN-42,3.0,0.53,3.0,0.2491,0.00010000000000000018,0.22139999999999999,0.00016196227299598542,0.2478696330675636,0.00014719824300470205,0.25063004566411573,0.0001157580391624578,0.24796923880579855
KXELITESERIENGAME-26AUG09KBKMFK-KBK,7.0,0.2,6.0,0.16000000000000003,0.0002750000000000005,0.6325249999999998,0.0004700779214513076,0.17756837441113535,0.0004129427971699812,0.19410178995036467,0.0004386568163835171,0.17968467748987435
KXELITESERIENGAME-26AUG09KBKMFK-KBK,3.0,0.19,3.0,0.1539,2.5000000000000045e-05,0.6321249999999998,0.000191212058304261,0.16425009168237714,0.00017223988177951334,0.1688858346102236,0.0002077206242224883,0.16188706468946926
KXNFLTOTAL-25NOV02SEAWAS-47,7.0,0.48,5.0,0.2496,0.00010000000000000018,0.2543,0.00027123976723130165,0.24967281197291816,0.00020395056605616212,0.25635201480192626,0.00018945758777675028,0.24945774889281658
KXNFLTOTAL-25NOV02SEAWAS-47,3.0,0.49,3.0,0.2499,0.00010000000000000018,0.2518,0.00016227265149318094,0.24994970960088456,0.00015953228907219204,0.25092592141427705,0.00011101600675090295,0.25044558209004036
KXWNBAGAME-26JUL30NYLV-NY,3.0,0.4,3.0,0.24,0.0,0.08499999999999999,0.0001435161041853793,0.2437842382300531,0.00012827152578508475,0.24188773002404865,0.0001247579906332625,0.24034443381821924
KXNCAAFGAME-26AUG28WMVILL-VILL,14.0,0.9,10.0,0.08999999999999998,0.00020000000000000036,0.6693499999999999,0.000508859623994467,0.11503717238630752,0.00037357887390372766,0.14951986455002295,0.0007303551575262432,0.11403874921267153
KXNCAAFGAME-26AUG28WMVILL-VILL,7.0,0.82,7.0,0.14760000000000004,0.00020000000000000036,0.6611999999999999,0.00037414803797865227,0.15709104127058615,0.00030543533692333255,0.18353804022401313,0.00043339408893244537,0.15466101224359607
KXNCAAFGAME-26AUG28WMVILL-VILL,3.0,0.82,3.0,0.14760000000000004,0.00020000000000000036,0.6561999999999999,0.00017354979726021805,0.1509774593292536,0.00011452723281893802,0.15487146993718656,0.00016250789317230112,0.1481590533408043
KXWTAMATCH-26JUN29TOWSWI-TOW,3.0,0.15,3.0,0.1275,0.0,0.019699999999999995,0.00019212792654743377,0.13817131414963651,0.0001642760794756336,0.14620565708327693,0.0002210011311948437,0.1362970627637474
KXLOLGAME-26AUG010600DKGEN-GEN,3.0,0.75,3.0,0.1875,0.0,0.4149,0.00018429647266486452,0.19248740992856295,0.0001497478653953518,0.19877193205566815,0.00013182533185034488,0.189501411006239
KXGAMEAWARDS-2025-HK,30.0,0.08,30.0,0.0736,0.0009,0.004700000000000001,0.0011343399563059444,0.20233462438944216,0.0010976291014547705,0.20431191600350676,0.0011632102258620403,0.19168287019813704
KXNASCARRACE-DOLT26-WIBY,7.0,0.07,6.0,0.0651,0.0,0.012700000000000003,0.00021642638577155397,0.13183699017427725,0.00019347199062446952,0.14386187413371843,0.00024637111102139466,0.12276880778786971
KXWC2H-26JUN30CIVNOR-CIV,3.0,0.2,3.0,0.16000000000000003,0.0,0.0646,0.00021824420004526137,0.16390358217192336,0.0001729740363787989,0.1766916173308762,0.00018051523141027933,0.169356175088878
KXNFLSPREAD-25DEC22SFIND-SF14,14.0,0.5,13.0,0.25,0.0005499999999999998,0.58545,0.0007168818303556912,0.2529024960084933,0.0005914067726897124,0.2706083379174711,0.0005891449361669885,0.25217258233365086
KXNFLSPREAD-25DEC22SFIND-SF14,7.0,0.245,7.0,0.184975,0.0005499999999999998,0.5514249999999999,0.0004427743223233738,0.19890590136361255,0.00037372134428365967,0.21133688505541282,0.0003941832767265124,0.1897005242094351
KXNFLSPREAD-25DEC22SFIND-SF14,3.0,0.21500000000000002,3.0,0.168775,0.0002250000000000004,0.5501999999999999,0.00021732057269975734,0.17183595411287947,0.00017908319411699973,0.176209574090568,0.00016547699770549243,0.1762255443604867
KXLALIGAGAME-26MAY11RVCGIR-RVC,7.0,0.41,7.0,0.24190000000000003,0.0003999999999999985,0.16049999999999998,0.00034033733100809704,0.24663916550721482,0.00030723744800815843,0.24574235299772365,0.0003099068292668665,0.24152356599321018
KXLALIGAGAME-26MAY11RVCGIR-RVC,3.0,0.41,3.0,0.24190000000000003,0.0,0.16009999999999996,0.00015451712632605808,0.24455644624690034,0.00012703929019662708,0.2449115547638425,0.00014228743432649556,0.24278425372900592
KXPGATOUR-BUBC25-VWHA,3.0,0.05,3.0,0.0475,0.0002000000000000001,0.0017000000000000001,0.00010199828441724623,0.10192557852583706,8.141984910510567e-05,0.10039947997898782,0.00014056546253843146,0.08945182975870321
KXPGATOP5-ATPBP26-SSCH,7.0,0.56,6.0,0.24639999999999998,0.00019999999999999592,0.9476,0.00032909209071275476,0.246566800620069,0.00027081432904537046,0.264415773535639,0.0002483544472015528,0.25070083169215446
KXPGATOP5-ATPBP26-SSCH,3.0,0.15,3.0,0.1275,0.0,0.7795,0.00019293260626705188,0.14729117989783158,0.00020069606489947413,0.12944945998910093,0.00020573871877837914,0.1382545113304935
KXNCAAMBGAME-26MAR19VCUUNC-UNC,3.0,0.57,3.0,0.2451,0.00010000000000000018,0.32539999999999997,0.00016001050245757314,0.24466045773124037,0.00013130939286336974,0.25287970983909014,0.00011927046504741728,0.24523659784620017
KXATPMATCH-26AUG30SAFALC-ALC,3.0,0.84,3.0,0.13440000000000002,9.999999999999796e-05,0.029900000000000006,0.00015641269202580215,0.1439862274992615,0.00012752781923373275,0.14223032478168504,0.00017620770264180146,0.13492881837291804
KXEPLTOTAL-26AUG23NEWLFC-6,7.0,0.11499999999999999,7.0,0.10177499999999999,0.00027499999999999964,0.0082,0.00031130139625715176,0.15025720705953366,0.00031843450800860413,0.15412950932167668,0.00036869123657165765,0.14737154256091847
KXEPLTOTAL-26AUG23NEWLFC-6,3.0,0.11499999999999999,3.0,0.10177499999999999,0.00022499999999999956,0.0082,0.000173320459165652,0.11411083082278292,0.0001214040956163676,0.1329001904012696,0.00017158873356432487,0.11099397533489651
KXWC2H-26JUL05MEXENG-ENG,3.0,0.3,3.0,0.21,0.0,0.0966,0.0001714408906109485,0.2122309607084353,0.00012880523216151672,0.21780056591230065,0.00013956704933884158,0.21581003632487913
KXNCAAFSPREAD-25DEC13ARMYNAVY-NAVY6,14.0,0.49,10.0,0.2499,0.0002250000000000004,0.31362499999999993,0.0005653668096733576,0.25128663860636735,0.00044323819442379964,0.2678492198323416,0.00040794570779829605,0.25331916342947136
KXNCAAFSPREAD-25DEC13ARMYNAVY-NAVY6,7.0,0.71,7.0,0.20590000000000003,0.00020000000000000036,0.28829999999999995,0.00041706456906576524,0.2131808223884856,0.000294239224411839,0.2265993804092639,0.0003213274260312913,0.2094871291305929
KXNCAAFSPREAD-25DEC13ARMYNAVY-NAVY6,3.0,0.51,3.0,0.2499,0.00010000000000000018,0.2602,0.0001629755595928143,0.25193357885268575,0.00012201499763008331,0.25463730284324876,0.00013357678276104494,0.2501912491620897
KXWBCMVP-26-RANT,3.0,0.16,3.0,0.1344,0.0001250000000000002,0.019624999999999997,0.00020927573769606475,0.14362844555258963,0.00016617796386287305,0.14156581942272503,0.00019366300520580755,0.14247996990487474
KXMLSGAME-26JUL22CINVAN-VAN,7.0,0.5,7.0,0.25,0.00030000000000000057,0.2933,0.00038967320220745493,0.2512116600936692,0.00029231161833449907,0.2572947944520386,0.0002676390094983384,0.2487346701914928
KXMLSGAME-26JUL22CINVAN-VAN,3.0,0.55,3.0,0.2475,0.00020000000000000036,0.2917,0.00014635087720285412,0.2523479313733775,0.00012728633310276415,0.2456304447358738,9.990519355715297e-05,0.24717745944816538
KXCPLMATCH-26AUG182000SKNJAM-SKN,7.0,0.5,7.0,0.25,0.0002250000000000004,0.425825,0.00038214917288025967,0.2509245556428486,0.00031358720835144405,0.25816000327609706,0.000281825401810946,0.24931745368718616
KXCPLMATCH-26AUG182000SKNJAM-SKN,3.0,0.53,3.0,0.2491,0.0,0.2505,0.00016221667097415232,0.2494479269026053,0.0001278817348981614,0.2603360256025631,0.00010677258473002197,0.2493866573099303
KXMVECROSSCATEGORY-S20262CBC27CE024-3B024CEBD13,3.0,0.5,3.0,0.25,0.0,0.248008,0.00015452162649090792,0.25015899998948327,0.00013806654574105435,0.260477921718725,9.987417381384327e-05,0.25049255526914055
KXMVESPORTSMULTIGAMEEXTENDED-S2026B62E2C12971-DC18BB01100,14.0,0.5,11.0,0.25,4e-06,0.24802,0.0006277318000365845,0.25397896117906044,0.0005031175083429194,0.2646375810464011,0.0004994684118611112,0.25019184522745247
KXMVESPORTSMULTIGAMEEXTENDED-S2026B62E2C12971-DC18BB01100,7.0,0.5,5.0,0.25,4e-06,0.24802,0.00028275169905143656,0.2508016894150202,0.00021660829254826312,0.2618086540890014,0.0001809251581970861,0.2469266834914032
KXUCL-26-CHE,30.0,0.05,29.958333333333343,0.0475,0.0007000000000000003,0.001,0.001017320243039598,0.16497985986512795,0.0010232796959138393,0.18478895172736118,0.0010099950027237844,0.18410836648858336
KXUELGAME-26AUG06JAGRFC-JAG,7.0,0.31,7.0,0.21389999999999998,0.000550000000000001,0.4489999999999999,0.0003481713179051831,0.22055009367459494,0.00032743746842432497,0.23590941317713912,0.0003459800574158753,0.21715625691976365
KXUELGAME-26AUG06JAGRFC-JAG,3.0,0.3,3.0,0.21,0.00025000000000000044,0.4489999999999999,0.00016752405156254916,0.20828474490603774,0.00012537363352743707,0.2195441351939742,0.00014678958381716793,0.20979774181996877
KXWCGAME-26JUL02ESPAUT-ESP,3.0,0.76,3.0,0.1824,0.00010000000000000018,0.0577,0.00017653682191145776,0.18532133876015244,0.00013950292031919277,0.18653077381827043,0.0001374034631317604,0.18644454964789584
KXBTCD-26MAR2017-T69749.99,7.0,0.6,7.0,0.24,0.00010000000000000018,0.14790000000000003,0.00039966455934457526,0.24030327551812772,0.00030272539068386097,0.25557591116108147,0.0002919665509837339,0.24315340857574197
KXBTCD-26MAR2017-T69749.99,3.0,0.92,3.0,0.07359999999999997,0.0,0.09700000000000002,0.00014124055339562264,0.08107856527096605,0.0001230788670291188,0.09292598550371178,0.00022469029613904825,0.08529442045608551
KXNCAAFGAME-25SEP27AUBTXAM-AUB,14.0,0.46,14.0,0.24840000000000004,0.0003999999999999985,0.20269999999999996,0.0007312251713862315,0.25500092841017286,0.0006311455032073208,0.2782666436488474,0.0006352704548617942,0.25449652264712086
KXNCAAFGAME-25SEP27AUBTXAM-AUB,7.0,0.31,7.0,0.21389999999999998,0.0003999999999999985,0.0921,0.0003981951560404843,0.2216937775328973,0.00028942613078778356,0.22412345245737544,0.0003182523084894651,0.21923209119818568
KXNCAAFGAME-25SEP27AUBTXAM-AUB,3.0,0.33,3.0,0.2211,0.0,0.0905,0.00014424130179999366,0.22320894481880046,0.00015451663407138366,0.2273123300909274,0.00012390638768307687,0.2198992567457136
KXECULPGAME-26JUL21LIBDSC-TIE,3.0,0.3,3.0,0.21,0.00010000000000000018,0.07849999999999999,0.00015135826377176415,0.21522976632566398,0.00011920719312737997,0.2203288554450893,0.00012665805363550373,0.21017901227326646
KXTOPMODEL-26JUL31-CLAUT,30.0,0.61,30.0,0.2379,0.0008500000000000004,0.8161999999999998,0.0016325105001303453,0.26716881072188964,0.0012176261244618819,0.30271976767312414,0.0015555326027038307,0.24816509692094782
KXTOPMODEL-26JUL31-CLAUT,14.0,0.84,14.0,0.13440000000000002,0.0004999999999999998,0.7202999999999998,0.0007896681218633284,0.1540104798595299,0.0005486169707908821,0.2044086061145672,0.0009008358775834856,0.1603775007168855
KXTOPMODEL-26JUL31-CLAUT,7.0,0.81,7.0,0.15389999999999995,0.0004999999999999998,0.7069999999999999,0.00040860978242476386,0.16589658566659146,0.000309503321555709,0.18028082449568758,0.00039868603338610116,0.16267156368584954
KXNHLEAST-26-OTT,30.0,0.07,30.0,0.0651,0.0019249999999999994,0.0017250000000000004,0.0011058196495278188,0.20034902264901022,0.0010609390097741118,0.19907512504051475,0.0011382411649458702,0.18592375431151095
KXNHLEAST-26-OTT,14.0,0.09,14.0,0.0819,0.0013249999999999994,0.0017250000000000004,0.0005423049730243809,0.18310505352846487,0.0005000303283633565,0.1822378757911089,0.0005338352478113543,0.16983659429067138
KXNHLEAST-26-OTT,7.0,0.05,7.0,0.0475,0.00042500000000000003,2.5e-05,0.00022813758764148235,0.14580981490839423,0.00023000216621811911,0.10900449628849827,0.0002598927873324619,0.1416782177780123
KXMARMAD-25R16G4-ARK,7.0,0.08,7.0,0.0736,0.0,1.2690000000000001,0.0002457177987177481,0.14078811075491118,0.00022602728426324782,0.14731928845617784,0.0002710115270070692,0.13990726877467993
KXMARMAD-25R16G4-ARK,3.0,0.33,3.0,0.2211,0.0,1.2065000000000001,0.00016890428673056054,0.22144917372297243,0.00013218785448580617,0.23259947160466538,0.00011244741125156034,0.22160629853568437
KXNBAEAST-25-NYK,30.0,0.05,30.0,0.0475,0.000600000000000001,0.37249999999999994,0.0010354071311627546,0.20393515185777258,0.0009954443843896265,0.20334163289139429,0.0010327169403530464,0.15218860548014032
KXNBAEAST-25-NYK,14.0,0.6,14.0,0.24,0.0004000000000000007,0.2106,0.0007498113456526103,0.2490761908651583,0.000654886637326007,0.2542064809938278,0.0006482922451023449,0.24276418321718385
KXNBAEAST-25-NYK,7.0,0.21,7.0,0.1659,0.00010000000000000018,0.11600000000000002,0.0004997368132579104,0.18544647832177866,0.0003978356182867841,0.1871703277422824,0.00041635669874052214,0.18411094188955418
KXNBAEAST-25-NYK,3.0,0.15,3.0,0.1275,0.00010000000000000018,0.06299999999999999,0.00021094700875339112,0.12978629568050223,0.00017228129232515569,0.14126300219013474,0.00018714303234933463,0.13103015297574871
KXNFLSPREAD-25NOV30DENWAS-DEN6,14.0,0.5,13.0,0.25,0.0003250000000000006,0.24922499999999997,0.0007117515860379968,0.2543826407694921,0.0005595546952318555,0.2731829823439036,0.0005976680061326843,0.25335462762244326
KXNFLSPREAD-25NOV30DENWAS-DEN6,7.0,0.53,7.0,0.2491,0.00010000000000000018,0.24359999999999996,0.0003819349084213591,0.24898881326558914,0.0003031709033291277,0.258862851327124,0.00027305597987349053,0.24839400670753015
KXNFLSPREAD-25NOV30DENWAS-DEN6,3.0,0.46,3.0,0.24840000000000004,0.0,0.24179999999999996,0.00014728790636985654,0.24965549745511276,0.00012874831158137367,0.2571331787117363,9.607210610162661e-05,0.24907562639720404
KXNFLSPREAD-26JAN11BUFJAC-BUF2,7.0,0.5,7.0,0.25,0.00020000000000000036,0.34060000000000007,0.0003388843874764197,0.2491674113578794,0.00032564060179136856,0.2637182520730128,0.0002731959609901559,0.2520072266055019
KXNFLSPREAD-26JAN11BUFJAC-BUF2,3.0,0.44,3.0,0.24640000000000004,0.00010000000000000018,0.33810000000000007,0.00015179572940478907,0.24900098841306664,0.0001392757754477568,0.2506970178044361,0.00012076862205886916,0.24682027150035865
KXLALIGABTTS-26AUG25VCFRBB-BTTS,7.0,0.545,7.0,0.247975,0.0002250000000000004,0.2921,0.00037644448437454083,0.25217386976286965,0.00030829140747085684,0.2557488687380056,0.00027904738180687565,0.25065066435289884
KXLALIGABTTS-26AUG25VCFRBB-BTTS,3.0,0.55,3.0,0.2475,0.0,0.2917,0.00017270613977138903,0.24909173479917382,0.00013135346324286333,0.2516306018430082,0.00010683939763821131,0.24848530908890826
KXNCAAMBSPREAD-26MAR20LIUARIZ-ARIZ36,7.0,0.32,5.0,0.2176,0.00010000000000000018,0.11550000000000002,0.00025599556734801066,0.2188103623301236,0.00019405456919928274,0.23209914640298418,0.00021546653142499175,0.21724073771521227
KXNCAAMBSPREAD-26MAR20LIUARIZ-ARIZ36,3.0,0.31,3.0,0.21389999999999998,0.00010000000000000018,0.10940000000000001,0.0001712052180103369,0.21523686901196,0.0001470270870329237,0.22227584639442363,0.00011847115478053984,0.21859872391234783
KXWC1HTOTAL-26JUL01ENGCOD-3,3.0,0.11,3.0,0.0979,0.0001999999999999998,0.010100000000000001,0.00013135276171305334,0.11808462938200016,9.87955420395839e-05,0.12441315880655149,0.00015305330829166596,0.10974002250873856
KXSBGUESTS-26-LM,30.0,0.27,30.0,0.1971,0.0010999999999999992,2.0730000000000004,0.0015645473361147516,0.2588984641651287,0.001395543952545599,0.2840041758930397,0.0015803594833481208,0.24668218643351786
KXSBGUESTS-26-LM,14.0,0.53,14.0,0.2491,0.0006999999999999995,0.07159999999999998,0.0007732154571072373,0.25268616552842693,0.0005748872177591346,0.29418196904979044,0.0006434396678588917,0.2560575771948944
KXSBGUESTS-26-LM,7.0,0.36,7.0,0.2304,0.0002999999999999998,0.05269999999999999,0.00036324335803349046,0.23469089583075198,0.0003168697499685728,0.239439746410429,0.00027765448200956253,0.2317980061908829
KXSBGUESTS-26-LM,3.0,0.16,3.0,0.1344,0.0001,0.015700000000000002,0.0001898195247623405,0.1423271625599925,0.00020253316267233244,0.14282001158014965,0.00022465877741624472,0.1472404285573971
KXSERIEAGAME-26SEP05ROMATA-ROM,14.0,0.41500000000000004,14.0,0.24277500000000002,0.0007249999999999991,0.1862,0.000811759745151826,0.25067883511951117,0.0006033834758371666,0.26145336042789397,0.0006121361884790594,0.24387087299362534
KXSERIEAGAME-26SEP05ROMATA-ROM,7.0,0.51,7.0,0.2499,0.0,0.1801,0.0003735257385308539,0.24981735459916543,0.0003001411199656909,0.2567556995653749,0.0002796056727091946,0.25387351063343544
KXSERIEAGAME-26SEP05ROMATA-ROM,3.0,0.57,3.0,0.2451,0.0,0.17650000000000002,0.00017142166194105573,0.24705455043197547,0.00011245547991486991,0.2496603551432439,0.0001240029495068234,0.2462164659799734
KXUFCFIGHT-25NOV15BRAMOR-BRA,7.0,0.66,5.0,0.2244,9.999999999999796e-05,0.31070000000000003,0.00026161567409611094,0.22682479417595805,0.00020299665205479462,0.22985339537905802,0.00021971228723375214,0.22268293362714264
KXUFCFIGHT-25NOV15BRAMOR-BRA,3.0,0.57,3.0,0.2451,9.999999999999796e-05,0.30260000000000004,0.0001691138668605957,0.24929113296351027,0.0001459229813650213,0.24939934339551095,0.00011322807841882567,0.24708043180473546
KXEPLGAME-26MAR04NEWMUN-MUN,14.0,0.505,14.0,0.249975,0.0003250000000000006,0.25265000000000004,0.0007624405988138264,0.25703883211010753,0.0006003378573613779,0.27544954162733903,0.0006496942767389846,0.2490089857766193
KXEPLGAME-26MAR04NEWMUN-MUN,7.0,0.4,7.0,0.24,0.00020000000000000036,0.1526,0.000367121228138356,0.24167168896943064,0.0003420040953145628,0.2520133390759584,0.0002798736543017432,0.24050411884622627
KXEPLGAME-26MAR04NEWMUN-MUN,3.0,0.38,3.0,0.2356,0.00020000000000000036,0.1522,0.00015608935323464438,0.23897129988485546,0.00011471975395353136,0.2467488266709932,0.00012005549245655222,0.23776874879012133
KXNCAAFGAME-25OCT04TEXFLA-FLA,7.0,0.29,7.0,0.20589999999999997,0.00020000000000000036,0.4238999999999999,0.00036029999542720986,0.21978555220552679,0.0003377728743096947,0.223867075024176,0.0003449482426414825,0.21864129520752357
KXNCAAFGAME-25OCT04TEXFLA-FLA,3.0,0.31,3.0,0.21389999999999998,0.0,0.4234999999999999,0.00016367384190554504,0.21884075672547992,0.00011490826019723045,0.21954476499649453,0.00012267016268510255,0.21853731649887792
KXVALORANTGAME-26MAY081700EGKRU-EG,3.0,0.54,3.0,0.2484,0.0,0.12580000000000005,0.0001781297599144887,0.2502886887985113,0.0001368586666852951,0.2531337572905878,0.00012065697449103794,0.2487983686515363
KXMLSGAME-26JUL17NSHATL-ATL,7.0,0.13,7.0,0.1131,0.00045000000000000075,0.017,0.00036880416592952866,0.1479075743806453,0.00036307696153726874,0.15798954891146605,0.0003791451033921746,0.15947665223603436
KXMLSGAME-26JUL17NSHATL-ATL,3.0,0.13,3.0,0.1131,0.00010000000000000018,0.017,0.00017531046169905442,0.12804962815556042,0.00011762834473073015,0.12534992622279797,0.0001773117915368918,0.1270091099793826
KXMLBGAME-26SEP021940DETMIN-DET,3.0,0.48,3.0,0.2496,0.0,0.7502,0.00014719303131389782,0.2521480419491923,0.00012542969161319055,0.25083802928122106,0.0001288140877337175,0.24906823778958453
KXTRUMPPHOTO-26MAY09,7.0,0.21,7.0,0.1659,0.0,0.13970000000000002,0.0004948218056964205,0.1736620971803314,0.0004358701149621176,0.18766773429774045,0.0004771033419139691,0.18076755513458806
KXTRUMPPHOTO-26MAY09,3.0,0.74,3.0,0.19240000000000002,0.0,0.0318,0.00015766787313095331,0.1924798871716283,0.00012441767928989518,0.19974807768537506,0.0001256534171649893,0.19702596988562995
KXEPLGAME-26JAN17TOTWHU-TOT,14.0,0.64,14.0,0.2304,0.0004000000000000007,0.31459999999999994,0.0007390865863380843,0.24631792999335617,0.0005933462716462674,0.2611412747543542,0.0007105435433291635,0.23737593250816214
KXEPLGAME-26JAN17TOTWHU-TOT,7.0,0.58,7.0,0.2436,0.00010000000000000018,0.3136999999999999,0.00037045718128872376,0.24422409260235325,0.00031099569917182493,0.2547590890506555,0.00030571966595473063,0.2452606267979394
KXEPLGAME-26JAN17TOTWHU-TOT,3.0,0.58,3.0,0.2436,0.00010000000000000018,0.3136999999999999,0.0001596257907232592,0.2416559161003198,0.00013571870456495857,0.250660150209641,0.00012411190744304916,0.24422980628970442
KXOSCARPIC-25-C,30.0,0.09,29.999999999999986,0.0819,0.001299999999999999,0.0966,0.0011876373624075288,0.19512004879983155,0.0010415843555339926,0.20535951202849956,0.001117192854748872,0.21675556292871712
KXOSCARPIC-25-C,14.0,0.13,13.999999999999986,0.1131,0.0004999999999999995,0.0824,0.0007271752939286265,0.1824456121632595,0.000646773317079244,0.21581121544931342,0.0007073053330459328,0.1915741892604421
KXOSCARPIC-25-C,7.0,0.26,6.999999999999986,0.19240000000000002,0.00019999999999999982,0.045,0.0004138585381082098,0.20514153917166578,0.00036738300595785903,0.20321968697384166,0.0004298885723164994,0.20429044114471928
KXOSCARPIC-25-C,3.0,0.26,2.999999999999986,0.19240000000000002,0.00010000000000000018,0.0417,0.00016874529950507603,0.1934767795153557,0.0001608423038926957,0.19797113569856115,0.00014919357637585478,0.19247378000993284
KXMLBGAME-26MAY232210COLAZ-AZ,3.0,0.66,3.0,0.2244,0.0,0.082,0.00015455505943787586,0.22582030261174255,0.00011411435639520463,0.23775415417830514,0.00015038319324275134,0.22321737965458013
KXEPLGAME-25OCT25MUNBRI-BRI,14.0,0.27,14.0,0.1971,0.0006999999999999967,0.07300000000000001,0.0007376823992227644,0.22499152940859576,0.0006446169556389701,0.236729413835882,0.0007867946269145208,0.2107401406723212
KXEPLGAME-25OCT25MUNBRI-BRI,7.0,0.28,7.0,0.2016,0.0003999999999999985,0.07300000000000001,0.00033793340989692815,0.21074625738529199,0.0003355385415583802,0.21454500620565334,0.00035809557204700087,0.2077377245312909
KXEPLGAME-25OCT25MUNBRI-BRI,3.0,0.29,3.0,0.20589999999999997,9.999999999999907e-05,0.07300000000000001,0.00015317198699288232,0.21068786187163055,0.00012599360559044693,0.21548211709051543,0.00011168908237553285,0.212033252977757
KXMLSGAME-26MAY09CHINYRB-NYRB,7.0,0.27,7.0,0.1971,0.00010000000000000018,0.6458000000000002,0.0004250513080108692,0.2074610622914791,0.00035152164268603014,0.22704312688326028,0.00036513449929492634,0.202804707451603
KXMLSGAME-26MAY09CHINYRB-NYRB,3.0,0.19,3.0,0.1539,0.0,0.6401000000000001,0.0002080493861848829,0.15942455738958894,0.0001844756704159403,0.16802746751538927,0.00020542399164917596,0.15804255917458926
KXUFCFIGHT-26JUL18CANDUN-CAN,7.0,0.28,6.0,0.2016,0.00020000000000000036,0.05339999999999999,0.0003126081877759794,0.20429846128214962,0.00027537463057271486,0.21628963335841134,0.0002900704466315824,0.2074647376338804
KXUFCFIGHT-26JUL18CANDUN-CAN,3.0,0.26,3.0,0.19240000000000002,0.00020000000000000036,0.05299999999999999,0.00018007751901480577,0.19613099300042078,0.00014865530426066826,0.20080727477481722,0.00015131096426570452,0.19292364309228968
KXMVESPORTSMULTIGAMEEXTENDED-S20260B290909D56-179A92727AF,7.0,0.5,6.0,0.25,0.00012100000000000007,0.6523169999999999,0.00035713092831111807,0.25176719971867556,0.00024393616123817975,0.2696369551832476,0.00023664331037993468,0.24961924384364131
KXNFLSPREAD-25OCT30BALMIA-BAL3,7.0,0.5,5.0,0.25,0.00010000000000000018,0.11509999999999997,0.0002856746846745209,0.2538256186797071,0.00023792561856265625,0.25276619062095806,0.0001971904334340863,0.25175072485432504
KXNFLSPREAD-25OCT30BALMIA-BAL3,3.0,0.67,3.0,0.2211,0.00010000000000000018,0.09659999999999996,0.00017241795336053078,0.21946911515883116,0.00013122810898595895,0.2227131241533305,0.00010973055855588263,0.22216260889394093
KXBTCD-26JUN2617-T62999.99,7.0,0.57,7.0,0.2451,9.999999999999796e-05,0.2064,0.0003826656034721733,0.24444537705260921,0.00030023301704235387,0.25827233745410993,0.00027687842443509974,0.24824208279318846
KXBTCD-26JUN2617-T62999.99,3.0,0.49,3.0,0.2499,0.0,0.1503,0.0001592975702796129,0.24846289071534336,0.000130350743933219,0.25161288447738756,0.00011805684029602387,0.2504115033878451
KXAPFDDHGAME-26AUG24LIBSSL-LIB,7.0,0.69,7.0,0.2139,0.00012500000000000133,0.07912500000000001,0.00038445302326511194,0.223928763260829,0.0003130040448526875,0.23195936197265277,0.0003040662055167781,0.21891151138309495
KXAPFDDHGAME-26AUG24LIBSSL-LIB,3.0,0.6799999999999999,3.0,0.21760000000000002,2.5000000000001153e-05,0.07912500000000001,0.0001657262496362884,0.2221396821023806,0.00012422227891689932,0.22233405309436505,0.0001257976968119275,0.21861944989078017
KXUFCFIGHT-26SEP05PAGRUZ-RUZ,7.0,0.4,6.0,0.24,0.00019999999999999814,0.12419999999999999,0.0003031783196870444,0.23817010617444076,0.00028571899929611484,0.25506966336342585,0.0002018006003553618,0.24244628623491934
KXUFCFIGHT-26SEP05PAGRUZ-RUZ,3.0,0.41,3.0,0.24190000000000003,9.999999999999907e-05,0.12419999999999999,0.0001497452519724692,0.24207629515980195,0.00012346096087793875,0.24434138307926773,0.00011191814482491231,0.2403073559197876
KXWCAWARD-26SBALL-KMBAP,30.0,0.1,30.0,0.09000000000000001,0.0006000000000000006,1.0348000000000002,0.0012536132366618839,0.19783101226027872,0.001218612252236556,0.21290047945413249,0.0013090419797066061,0.19176279352079387
KXWCAWARD-26SBALL-KMBAP,14.0,0.27,14.0,0.1971,0.0004000000000000002,0.42549999999999993,0.0007836598325987235,0.2086050719847882,0.0006149666116056081,0.24469145472522277,0.0007704171631949834,0.21712043347609275
KXWCAWARD-26SBALL-KMBAP,7.0,0.29,7.0,0.20589999999999997,0.00020000000000000036,0.40249999999999997,0.0003718773222957353,0.21226606528179837,0.0002957617777914689,0.21973741658722523,0.00032128577225714147,0.2157263180259358
KXWCAWARD-26SBALL-KMBAP,3.0,0.58,3.0,0.2436,0.00020000000000000036,0.34819999999999995,0.00017923240068566215,0.2453051017841186,0.0001348308762516502,0.2461749732832516,0.00012513672940918328,0.24386494206660878
KXWCTEAMTOTAL-26JUN21ESPKSA-ESP4,14.0,0.495,12.0,0.249975,0.00032499999999999944,0.4779499999999999,0.0006383860985457535,0.262002114741837,0.0004883625575041073,0.2716552993866365,0.0005206902930084908,0.2502304733827422
KXWCTEAMTOTAL-26JUN21ESPKSA-ESP4,7.0,0.30000000000000004,7.0,0.21000000000000002,9.999999999999907e-05,0.42419999999999985,0.000354630831743647,0.2182506518003563,0.0002972008178804714,0.22725558057971348,0.0003301363550218573,0.21112197686601505
KXWCTEAMTOTAL-26JUN21ESPKSA-ESP4,3.0,0.34,3.0,0.2244,4.999999999999898e-05,0.42259999999999986,0.00015822643633919104,0.22610802156341922,0.000138814842344989,0.2254402590304401,0.00011377069743746401,0.22948026766019794
KXNCAAFSPREAD-25DEC30USCTCU-USC2,14.0,0.5,9.0,0.25,0.00010000000000000018,0.7067499999999999,0.0005413193373004505,0.2569070757774622,0.0003845228833389914,0.2633180950733807,0.0003715930666088087,0.2500495708174638
KXNCAAFSPREAD-25DEC30USCTCU-USC2,7.0,0.63,7.0,0.2331,0.00010000000000000018,0.6978499999999999,0.00039909776080727694,0.23777393083436826,0.00029637144211308467,0.24211248654227518,0.0003188213772321403,0.2322578108623526
KXNCAAFSPREAD-25DEC30USCTCU-USC2,3.0,0.655,3.0,0.22597499999999998,0.0,0.6956249999999998,0.00014933787176237703,0.2290380807509009,0.0001236224312162312,0.24380352460722637,0.00010549175005994022,0.22608418467717548
KXU3-25MAY-T4.1,30.0,0.79,30.0,0.1659,0.0014999999999999985,0.042000000000000016,0.001548269750210713,0.20164249255026626,0.0011987906019029887,0.26704950272942773,0.0018062152340139839,0.21684624054670912
KXU3-25MAY-T4.1,14.0,0.86,14.0,0.12040000000000001,0.0004000000000000007,0.040200000000000014,0.0007243265892139941,0.15601883591329457,0.000544369450125176,0.1925360903868972,0.000840573058455117,0.1450137567584346
KXU3-25MAY-T4.1,7.0,0.87,7.0,0.1131,0.00010000000000000018,0.034800000000000025,0.00038078899162493024,0.12621927000450806,0.0002755167178771601,0.1365768020809063,0.00047367850113741233,0.12599656723405464
KXU3-25MAY-T4.1,3.0,0.84,3.0,0.13440000000000002,0.0,0.03360000000000002,0.00015471007615221828,0.13707515866163902,0.00011838339947738388,0.14831379487062935,0.00015820623393544915,0.1421483711149599
KXLIGAMXGAME-26JUL24TIJLEO-TIE,14.0,0.495,11.0,0.249975,0.00010000000000000018,0.17962499999999998,0.0006320826885542894,0.25663633778269923,0.0005049403910862425,0.2642675022530298,0.0004941319450255062,0.2527574348934967
KXLIGAMXGAME-26JUL24TIJLEO-TIE,7.0,0.26,7.0,0.19240000000000002,0.0,0.13739999999999997,0.00042498393304109825,0.20727141017931253,0.0003850486190962807,0.21410102322502142,0.0004027539376877353,0.1939353814279948
KXLIGAMXGAME-26JUL24TIJLEO-TIE,3.0,0.24,3.0,0.1824,0.0,0.13699999999999998,0.00018284216434271493,0.1880295168535163,0.00014757297382092115,0.18907004883185902,0.00015272814723793718,0.18824671315598046
KXBOXING-26MAY02RESENDMUNGUI-MUNGUI,3.0,0.68,3.0,0.2176,0.0,0.09939999999999997,0.00015440911459111204,0.22088666153409037,0.0001429407497819508,0.22236735546523975,0.0001116418930816267,0.219664609599456
KXNFLSPREAD-25OCT05WASLAC-LAC3,3.0,0.46,3.0,0.24840000000000004,0.00010000000000000018,0.19369999999999998,0.00017487060304160616,0.24859109542948613,0.0001377949643053442,0.2545245362643862,0.00011677316296330342,0.24890249402277184
KXSERIEAGAME-26JAN25GENBFC-BFC,7.0,0.37,7.0,0.2331,0.0003500000000000006,0.1445,0.00039646308479899595,0.23720263311768522,0.0003328489335094741,0.25355965386151036,0.0003292600385918967,0.23680513401918735
KXSERIEAGAME-26JAN25GENBFC-BFC,3.0,0.38,3.0,0.2356,0.00010000000000000018,0.1445,0.0001513462361264013,0.23742279173055716,0.00011885072390796094,0.2506536756967321,0.0001213436610365446,0.23728118732325598
KXIPLGAME-26MAY12SRHGT-GT,7.0,0.5,7.0,0.25,0.00020000000000000036,0.256,0.0003982467070192895,0.25230752386535404,0.00030428628101024233,0.26229109628656844,0.0002839013869638635,0.2518186895254431
KXIPLGAME-26MAY12SRHGT-GT,3.0,0.49,3.0,0.2499,0.0,0.2551,0.0001797572530331571,0.25123808383915874,0.00013417024843609307,0.2561645631925514,0.0001079258571548106,0.24860709664540154
KXLIGAMXGAME-26JUL25CDGJUA-TIE,14.0,0.315,11.0,0.21577500000000002,0.0003999999999999996,0.093025,0.0005990134820822769,0.2298423775508591,0.0005173725301282079,0.2300396645905492,0.0005603633288359706,0.21581832657421368
KXLIGAMXGAME-26JUL25CDGJUA-TIE,7.0,0.25,7.0,0.1875,0.0003999999999999996,0.0315,0.00043553062847470305,0.19546884529665776,0.0003793722319701223,0.2048573020631728,0.00041421443862675426,0.19901286273553026
KXLIGAMXGAME-26JUL25CDGJUA-TIE,3.0,0.18,3.0,0.1476,0.00019999999999999925,0.028999999999999995,0.000221547391172844,0.15175082467739354,0.00018197119071587526,0.16118504589745158,0.00018179943015028265,0.15268588729241894
KXNHLGAME-26APR26TBMTL-MTL,14.0,0.37,9.0,0.2331,0.0,0.30069999999999997,0.0005010380505513447,0.23211850499389258,0.0004114083141299655,0.24453016657329613,0.00039128158570049683,0.23688890135588647
KXNHLGAME-26APR26TBMTL-MTL,7.0,0.57,7.0,0.2451,0.0,0.27569999999999995,0.00039997695147882484,0.24747815092338457,0.0003084764568155279,0.2592606262731293,0.00029670610981017196,0.248176103591583
KXNHLGAME-26APR26TBMTL-MTL,3.0,0.52,3.0,0.2496,0.0,0.24219999999999997,0.00018525986126101152,0.25447962582660444,0.00013712145314979135,0.2522891479315237,0.00011084251123277093,0.25094294217281526
KXLALIGAGAME-26SEP05RVCSAN-TIE,14.0,0.41500000000000004,14.0,0.24277500000000002,0.00039999999999999964,0.2312249999999999,0.0007472108289763862,0.2534843705092621,0.0005966208403038899,0.26496326251668445,0.0006780026988806617,0.24514359044554687
KXLALIGAGAME-26SEP05RVCSAN-TIE,7.0,0.29000000000000004,7.0,0.20590000000000003,0.00039999999999999964,0.07849999999999999,0.0003649431161880353,0.21140266715878675,0.0003263264471694156,0.2264108326067766,0.0003627107188659653,0.21111879458748334
KXLALIGAGAME-26SEP05RVCSAN-TIE,3.0,0.28,3.0,0.2016,9.999999999999907e-05,0.07849999999999999,0.00015156449650071766,0.20289793077074716,0.0001303419743698084,0.20283215407801244,0.00010162629299568283,0.20766909761616326
KXNCAAFGAME-25OCT11OKLATEX-TEX,7.0,0.34,7.0,0.2244,0.0004999999999999964,0.2771,0.00035113689035908073,0.22907252271182985,0.0003059241358831904,0.24331058444115128,0.0002953790536676936,0.22355812503220385
KXNCAAFGAME-25OCT11OKLATEX-TEX,3.0,0.52,3.0,0.2496,0.00010000000000000018,0.23049999999999998,0.00015180898980665476,0.24816735603178483,0.00012432742913520722,0.2544937518241832,0.00010902470443242333,0.24949280723029205
KXUCLGAME-26FEB25ATABVB-TIE,14.0,0.335,13.0,0.22277500000000003,0.00030000000000000003,0.13287500000000002,0.0007449092797607367,0.24452763984064962,0.0005900696693392922,0.2558800034444038,0.0006879892921198511,0.2393047337988203
KXUCLGAME-26FEB25ATABVB-TIE,7.0,0.15,7.0,0.1275,0.00019999999999999982,0.0649,0.0004377019902423664,0.15569846252662128,0.0003884849575846168,0.15639198094529097,0.0004428807070560325,0.1553833376990068
KXUCLGAME-26FEB25ATABVB-TIE,3.0,0.24,3.0,0.1824,0.00010000000000000018,0.0577,0.00017294413668534194,0.183992950607241,0.00015578852269381685,0.19122199620875904,0.00016124501659842865,0.18708009812613316
KXPGAR2LEAD-MAST26-JDAY,3.0,0.11,3.0,0.0979,0.0,0.012299999999999998,0.00013346355865316968,0.10959545959185325,9.611937825295145e-05,0.12370002137174235,0.00017966310250773168,0.09851497143753882
KXNFLGAME-25SEP28LACNYG-NYG,14.0,0.5,11.0,0.25,0.0004999999999999998,0.5585,0.0005958221598610465,0.25109283055641,0.00046836004421339366,0.25745264160093634,0.0004785302921333218,0.24659364294168626
KXNFLGAME-25SEP28LACNYG-NYG,7.0,0.29,7.0,0.20589999999999997,0.00039999999999999964,0.5185,0.00038349458208901144,0.2192223867331588,0.00030788240825348597,0.21500120608014428,0.00033401727415227026,0.21497132818238895
KXNFLGAME-25SEP28LACNYG-NYG,3.0,0.27,3.0,0.1971,0.00020000000000000036,0.5185,0.000119735274386105,0.2016221241769636,0.00011046036844777889,0.2095241940247878,0.000135975406852018,0.20067480669438073
KXURYPDGAME-26SEP04TORCLA-TOR,7.0,0.45999999999999996,7.0,0.2484,0.00039999999999999964,0.19939999999999994,0.0003958866862256487,0.2524004215059687,0.000315839855974636,0.2561533964936856,0.0003148621428815197,0.24939533924274263
KXURYPDGAME-26SEP04TORCLA-TOR,3.0,0.575,3.0,0.244375,0.0001249999999999991,0.18499999999999994,0.00014946817419496684,0.2457403572916321,0.00014238161848284238,0.25598436490491194,0.00012557142044144278,0.24499647439361932
KXWCSCORE-26JUL19ESPARG-ESP2ARG2,3.0,0.05,3.0,0.0475,9.99999999999999e-05,0.0025999999999999994,9.22391363875234e-05,0.10203808364670536,7.880798899652734e-05,0.09658654678051491,0.0001335543245507338,0.09550711149626732
KXNFLSPREAD-25NOV23PHIDAL-PHI14,14.0,0.5,12.0,0.25,0.0003500000000000001,0.07435000000000001,0.0006512796571437002,0.2533856752709845,0.0005202200957052099,0.2798332773487923,0.000518854272504539,0.24850427939782702
KXNFLSPREAD-25NOV23PHIDAL-PHI14,7.0,0.19,7.0,0.1539,0.0003500000000000001,0.02385,0.0004708498597810024,0.17878356830652478,0.0004174039593673098,0.192714191542917,0.0004661181230442475,0.17759482085884565
KXNFLSPREAD-25NOV23PHIDAL-PHI14,3.0,0.165,3.0,0.137775,2.5000000000000045e-05,0.0226,0.00021117622997128598,0.14886435606257176,0.00018855087563553836,0.15846571423835645,0.00019966709283417963,0.1431950472762138
KXMLSGAME-26AUG22CLTDCU-CLT,14.0,0.41500000000000004,14.0,0.24277500000000002,0.00047500000000000027,0.21314999999999995,0.0007437523884955811,0.24902478638828945,0.0006139078636823657,0.2738134104029434,0.0006038939887406651,0.24973676532743067
KXMLSGAME-26AUG22CLTDCU-CLT,7.0,0.49,7.0,0.2499,0.0002250000000000004,0.20412499999999995,0.00038287811584268155,0.24997182917930563,0.0002957426034482767,0.255210485059178,0.00028811989719657244,0.25011394544016047
KXMLSGAME-26AUG22CLTDCU-CLT,3.0,0.52,3.0,0.2496,0.00010000000000000018,0.20349999999999996,0.00016115573850434617,0.2497841880796254,0.0001318279333146331,0.24978104375298543,0.0001258043184686736,0.2504713028791019
KXASEANGAME-26AUG04PHITHA-PHI,7.0,0.41000000000000003,7.0,0.2419,0.00012500000000000022,0.10292500000000002,0.0003858383132837768,0.24645606799656608,0.00034385383164552087,0.24641869191550225,0.0002815464116790793,0.24341277065179356
KXASEANGAME-26AUG04PHITHA-PHI,3.0,0.14,3.0,0.12040000000000001,0.00010000000000000018,0.0273,0.00015706304860934174,0.12973937968576246,0.00017264549201206813,0.1257544992243177,0.00016003023146772807,0.12881939556951666
KXDIMAYORGAME-26AUG19ADRLLA-ADR,7.0,0.42500000000000004,5.0,0.244375,0.00010000000000000018,0.23612499999999997,0.0002988114807429243,0.24821217817957064,0.0002424682443045982,0.24594953146753112,0.00020291693321280508,0.24412109103842444
KXDIMAYORGAME-26AUG19ADRLLA-ADR,3.0,0.42500000000000004,3.0,0.244375,0.00010000000000000018,0.23612499999999997,0.00016225454565269804,0.24598292296755855,0.0001329509388477249,0.2524717798845465,0.00011738614444251298,0.24473500835359846
KXEPLGAME-26APR11ARSBOU-ARS,30.0,0.71,19.0,0.20590000000000003,0.0009999999999999974,0.4628999999999999,0.0010105181540377333,0.22567492946318798,0.0008273920618852423,0.2646173949257905,0.0010048510984939404,0.21236668731006764
KXEPLGAME-26APR11ARSBOU-ARS,14.0,0.7,14.0,0.21000000000000002,0.0008999999999999973,0.4628999999999999,0.0007671108217718841,0.22010304552264764,0.00055504540911238,0.2558957965066695,0.0007118008685546349,0.22173037072470328
KXEPLGAME-26APR11ARSBOU-ARS,7.0,0.7,7.0,0.21000000000000002,0.0004999999999999965,0.4624999999999999,0.0003819917183071636,0.22334613880161533,0.00033645441618880404,0.22501241665311358,0.00032665056093829554,0.2103735583847048
KXEPLGAME-26APR11ARSBOU-ARS,3.0,0.68,3.0,0.2176,9.999999999999796e-05,0.4624999999999999,0.00015492305549297318,0.22395241150606673,0.00012861421558919278,0.22455978086667908,0.00011567191615772227,0.22391693727529066
KXGOVSHUTLENGTH-26FEB28-7D,14.0,0.58,11.0,0.2436,0.00020000000000000036,0.10620000000000002,0.0005841044168231521,0.25281809747544354,0.0004831587284911599,0.26212386478874694,0.0004777126112952547,0.24149174878349505
KXGOVSHUTLENGTH-26FEB28-7D,7.0,0.39,7.0,0.2379,0.00010000000000000018,0.07720000000000002,0.0003881992726271955,0.23925785481129797,0.00030163439411964995,0.265759194457144,0.0003409563870471529,0.23929919836230126
KXGOVSHUTLENGTH-26FEB28-7D,3.0,0.14,3.0,0.12040000000000001,0.0,0.009800000000000001,0.00015161221560358536,0.12956890164554508,0.00013004915732466325,0.1468776027691526,0.00017627619351766126,0.13156867251837265
KXEPLGAME-25NOV02MCIBOU-MCI,14.0,0.66,14.0,0.2244,0.0009000000000000015,0.11569999999999998,0.0007927478847485716,0.2377156745668973,0.0006236250197876516,0.27176426373010804,0.0006819383230013043,0.2287590496575692
KXEPLGAME-25NOV02MCIBOU-MCI,7.0,0.67,7.0,0.2211,0.0004000000000000007,0.11569999999999998,0.0004007157264229054,0.22465395599864357,0.0003102486317528437,0.24407402548852342,0.0003011106284686722,0.2222962753422348
KXEPLGAME-25NOV02MCIBOU-MCI,3.0,0.66,3.0,0.2244,0.00010000000000000018,0.11569999999999998,0.00016327342946407687,0.22821526841289355,0.0001309586188147023,0.2366227261574359,0.00010753874488973358,0.22636164550527652
KXNFLTOTAL-25DEC21PITDET-40,14.0,0.5,12.0,0.25,0.00010000000000000018,0.059100000000000014,0.0006979951252613717,0.2537207179361968,0.0005501808528002127,0.2742555085793535,0.0005491995484765304,0.252726503996982
KXNFLTOTAL-25DEC21PITDET-40,7.0,0.76,7.0,0.1824,0.00010000000000000018,0.025100000000000004,0.0004221544585146872,0.1884724835779035,0.0002978579574830939,0.20357988588395237,0.0003564530771497999,0.18724233094824974
KXNFLTOTAL-25DEC21PITDET-40,3.0,0.81,3.0,0.15389999999999995,0.0,0.0235,0.00018152599202408325,0.15679427014271663,0.0001395649896031136,0.1678288244948664,0.00018012524238599954,0.15334247328493733
KXMLSGAME-26APR22SJATX-ATX,7.0,0.16999999999999998,7.0,0.1411,0.0005999999999999989,0.023100000000000006,0.0004306170506830281,0.1625829267900809,0.000421447699516348,0.17871617587877597,0.000502183438509643,0.16707727177828424
KXMLSGAME-26APR22SJATX-ATX,3.0,0.19,3.0,0.1539,9.999999999999963e-05,0.018600000000000002,0.0001956929922435037,0.16198331622365425,0.00018763361389995635,0.17047294019970616,0.00019618209585164947,0.16197895275745094
KXBOXING-26AUG29ITAUMAHRGOVI-HRGOVI,7.0,0.14,7.0,0.12040000000000001,0.00019999999999999925,0.6578000000000002,0.0003660508748007027,0.15125245332684265,0.00038305341352151966,0.15807767945714216,0.00043064022840268406,0.15465138817187524
KXBOXING-26AUG29ITAUMAHRGOVI-HRGOVI,3.0,0.14,3.0,0.12040000000000001,0.0,0.6578000000000002,0.00015880766269904534,0.13001939616053057,0.00013387720528709764,0.15038756274750403,0.0001898033368325993,0.12617224306280733
KXLIGUE1GAME-26FEB01OLLIL-OL,7.0,0.51,7.0,0.2499,0.00030000000000000057,0.26139999999999997,0.0003873020987054316,0.2511458671828754,0.0003104437241451896,0.2609931914682209,0.0003077018204351464,0.25172346308500954
KXLIGUE1GAME-26FEB01OLLIL-OL,3.0,0.5,3.0,0.25,0.00020000000000000036,0.2602,0.0001572062965179787,0.2493840195846838,0.0001296779599899222,0.24911861766736756,0.0001264517579693717,0.24894065462005482
KXNFLSPREAD-25NOV09DETWAS-DET20,7.0,0.22,5.0,0.1716,0.0004999999999999993,0.5777,0.0003665366123549103,0.19161330397139054,0.0003506302234349713,0.1973819927662159,0.00033191982021588026,0.1878289164066846
KXNFLSPREAD-25NOV09DETWAS-DET20,3.0,0.24,3.0,0.1824,9.999999999999963e-05,0.5777,0.00018447679734147357,0.18523425233782626,0.00014703836623010432,0.18963660635252505,0.00014977617710103076,0.1900566197609569
KXWCTOTAL-26JUN17PORCOD-5,14.0,0.16499999999999998,13.0,0.13777499999999998,0.0003250000000000006,0.0234,0.0007600642313455431,0.1797650341645659,0.0006540136522992964,0.1875911949918196,0.0007278728763071319,0.19044359345791295
KXWCTOTAL-26JUN17PORCOD-5,7.0,0.17,7.0,0.1411,0.00025000000000000044,0.0226,0.0004898910447930979,0.16601259687048375,0.00044251373892424895,0.1842732459747266,0.0004747288338172659,0.16426221590323237
KXWCTOTAL-26JUN17PORCOD-5,3.0,0.17,3.0,0.1411,0.00010000000000000018,0.0226,0.0001940947198536605,0.1499038173983925,0.00015947833983913527,0.15621765621847314,0.00023136149050786796,0.1474350884801998
KXIPLGAME-26APR05CSKRCB-CSK,7.0,0.55,5.0,0.2475,0.0,0.1659,0.00026549424286686726,0.2506270605631326,0.0002310476509326318,0.25564252964401746,0.00022331109223867386,0.2478683921569111
KXIPLGAME-26APR05CSKRCB-CSK,3.0,0.36,3.0,0.2304,0.0,0.1454,0.0001716320500677267,0.22802266643144653,0.00013269673400631058,0.24176934208623557,0.00012130951353771763,0.23310110668663026
KXWCSPREAD-26JUN30CIVNOR-NOR2,3.0,0.25,3.0,0.1875,0.00010000000000000018,0.05339999999999999,0.00019379422263840333,0.19335157407303336,0.00013660397985528768,0.19435044913600927,0.00014425238082698254,0.1920569006494651
KXLIUSAELIMINATIONW-26JUN26-AMO,3.0,0.7,3.0,0.21000000000000002,0.0,0.06539999999999999,0.00017335615686080546,0.21038717948424981,0.00011031755613263683,0.2219616742580937,0.00013395946238782395,0.21289848821251717
KXLOLGAME-26AUG081100NAVISK-SK,3.0,0.36,3.0,0.2304,0.00010000000000000018,0.11569999999999998,0.00015723667912492489,0.22954191495625267,0.00011980025131713736,0.23312589952213272,0.00012242435725713275,0.23296125557575117
KXLOLMAP-T1KTR225-T1,7.0,0.55,7.041666666666667,0.2475,0.0003500000000000006,0.35069999999999996,0.00040308020096424356,0.25210576029651593,0.00034227961198070685,0.25319718499518173,0.0003350979159964709,0.2493367197604905
KXLOLMAP-T1KTR225-T1,3.0,0.61,3.0,0.2379,0.00010000000000000018,0.34819999999999995,0.00015379899289066605,0.2410289660784069,0.0001458755845463324,0.24309561043862404,0.00013440748724912445,0.2373774835957481
KXARGPREMDIVGAME-26JUL26RIEBOC-TIE,3.0,0.32999999999999996,3.0,0.2211,0.00019999999999999925,0.0901,0.00014646404987596852,0.22211017658886875,0.00011694690509704001,0.2289329976488736,0.00010970432973215425,0.22277629690743228
KXNCAAFGAME-25OCT04SYRSMU-SYR,7.0,0.43,7.0,0.2451,0.0006,0.08210000000000002,0.00038243881129107954,0.253965451220492,0.00030704308359385656,0.2673306764909374,0.0002712447413895508,0.24763364382898595
KXNCAAFGAME-25OCT04SYRSMU-SYR,3.0,0.14,3.0,0.12040000000000001,0.00010000000000000018,0.014500000000000002,0.00015574234977357718,0.14093244485252604,0.00012869457377455464,0.1461990981588551,0.00016876512442875544,0.12352275835764515
KXATPMATCH-26JUL26ZHELAN-ZHE,3.0,0.57,3.0,0.2451,0.0004999999999999964,0.18499999999999994,0.00015355594869119493,0.2470567530688451,0.00013392094909759573,0.24874410784659814,0.00011537074485998522,0.24612005805429246
KXBTCD-24NOV0817-T77249.99,7.0,0.5,7.041666666666667,0.25,2.5000000000000045e-05,0.13792500000000002,0.0004448185381223681,0.25102337401083935,0.00035716004283358556,0.2757232604311436,0.0003311828142437266,0.24875994450336647
KXBTCD-24NOV0817-T77249.99,3.0,0.495,3.0,0.249975,0.0,0.13792500000000002,0.00017709646478216042,0.2510413781075574,0.00014530804406502192,0.2575391336876264,0.00010520088146303113,0.25060400508423014
KXMLBGAME-26MAY042140ATLSEA-ATL,3.0,0.45,3.0,0.24750000000000003,0.0,0.09449999999999999,0.00015518441961585093,0.24840097637130445,0.0001306137728013479,0.2541511246694608,0.00011132515333673683,0.24599209488302695
KXWCGAME-26JUN21BELIRI-IRI,30.0,0.115,30.000000000000014,0.101775,0.0013750000000000001,0.01735,0.0013287202077732429,0.22059474882874408,0.0012935002809238507,0.20981724912612448,0.00143797673476264,0.21109839184376614
KXWCGAME-26JUN21BELIRI-IRI,14.0,0.12,14.000000000000014,0.1056,0.00030000000000000024,0.014900000000000004,0.0006750640420236684,0.19431342101856003,0.0006505260749668333,0.20711982783221095,0.0006880729332068389,0.19780686692100827
KXWCGAME-26JUN21BELIRI-IRI,7.0,0.12,7.0,0.1056,0.00010000000000000018,0.014500000000000002,0.00032817732176162697,0.1535814715048932,0.00034814850442716936,0.15017320092103403,0.0003846139468273022,0.15154900262287083
KXWCGAME-26JUN21BELIRI-IRI,3.0,0.13,3.0,0.1131,0.0,0.014500000000000002,0.000154963486729271,0.11926642299851711,0.0001272639237856042,0.131369959530072,0.00017154365555757417,0.12465443478350968
KXUCLGAME-26MAY06BMUPSG-TIE,14.0,0.35,14.0,0.22749999999999998,0.0009999999999999985,0.6623000000000001,0.0007971694734852031,0.23569504303039784,0.0005550613645075773,0.2657092822103554,0.0007165120006743767,0.23678494337029712
KXUCLGAME-26MAY06BMUPSG-TIE,7.0,0.19,7.0,0.1539,0.00010000000000000018,0.6562000000000001,0.00045621224501652026,0.17625627016880321,0.00044665981549535665,0.17314514238282278,0.00041719254793420104,0.16382917278512996
KXUCLGAME-26MAY06BMUPSG-TIE,3.0,0.18,3.0,0.1476,0.0,0.6562000000000001,0.00020229047903270222,0.16043326068751262,0.0001590134626807849,0.15169813405701124,0.00021338020356225214,0.14903831589718786
KXNFLGAME-25DEC28ARICIN-CIN,14.0,0.5,13.0,0.25,0.0004000000000000007,0.18779999999999997,0.0006796672170827374,0.2569349056438189,0.000596159318810132,0.2788507870194804,0.0005689904095436987,0.2533075438522363
KXNFLGAME-25DEC28ARICIN-CIN,7.0,0.76,7.0,0.1824,0.0004000000000000007,0.05299999999999999,0.0004165064031422959,0.19166146846829996,0.00027350210688224775,0.20253725375229834,0.000380927895428433,0.18844847658796318
KXNFLGAME-25DEC28ARICIN-CIN,3.0,0.75,3.0,0.1875,0.00010000000000000018,0.05299999999999999,0.00015850128416337476,0.19064010379881083,0.00013445186054529423,0.20602386685340363,0.0001540945370903637,0.19016047060082664
KXWC2H-26JUL04CANMAR-TIE,3.0,0.41000000000000003,3.0,0.2419,2.5000000000000045e-05,0.138225,0.00016416357996285207,0.2432134887452654,0.0001373705369372157,0.24657328521378447,0.00011865846997353948,0.240574557894037
KXWC1HSPREAD-26JUN17ENGCRO-ENG2,14.0,0.5,13.0,0.25,7.500000000000014e-05,0.6467749999999999,0.0007944654378356797,0.25431602809759046,0.0006042038243288777,0.28446174965478166,0.0005692136896323195,0.2537584202028699
KXWC1HSPREAD-26JUN17ENGCRO-ENG2,3.0,0.11,3.0,0.0979,0.0,0.014900000000000004,0.00012946936856018734,0.10473101064381961,8.893395046231729e-05,0.12260259226594063,0.00014161119282323604,0.11179718810135196
KXUCLGAME-25NOV04PSGBMU-TIE,14.0,0.42000000000000004,14.041666666666666,0.2436,0.0010499999999999986,0.09010000000000003,0.0008755878170631886,0.2498694551158195,0.0006256246434455637,0.26446092419810235,0.000744683413596867,0.2452616125616978
KXUCLGAME-25NOV04PSGBMU-TIE,7.0,0.24,7.041666666666666,0.1824,0.00024999999999999935,0.0577,0.0004885178898293611,0.1959781426882043,0.00039091620941381474,0.22001408751867232,0.0005183814507123984,0.20160880843407977
KXUCLGAME-25NOV04PSGBMU-TIE,3.0,0.24,3.041666666666666,0.1824,5.000000000000009e-05,0.0577,0.0002686472655481164,0.18820417671658057,0.0002447744049214286,0.1904044004160783,0.00022079051860919607,0.19227294621461308
KXWCGAME-26JUN16FRASEN-FRA,30.0,0.66,30.000000000000014,0.2244,0.001299999999999987,0.10369999999999997,0.0016531173360138712,0.2557381292201086,0.0013661835957445873,0.30778427806752473,0.0016181894484092385,0.23785703705765127
KXWCGAME-26JUN16FRASEN-FRA,14.0,0.7,14.000000000000014,0.21000000000000002,0.0006999999999999967,0.10249999999999997,0.0008396683075408701,0.22029871109844706,0.0006538854661259819,0.27129183638889437,0.0007934097764927233,0.2172009983289847
KXWCGAME-26JUN16FRASEN-FRA,7.0,0.68,7.000000000000014,0.2176,0.00030000000000000057,0.10249999999999997,0.0004469765730401257,0.22371146738092196,0.000319749567761769,0.24737024749375078,0.0003763427091542117,0.22048167246274783
KXWCGAME-26JUN16FRASEN-FRA,3.0,0.68,3.0,0.2176,0.00010000000000000018,0.10249999999999997,0.00013951806616597555,0.2218893127430183,0.00012744918615961232,0.22264588945453995,0.0001246321577816179,0.21859000583512625
KXWCGAME-26JUN26NZLBEL-NZL,30.0,0.07,30.000000000000014,0.0651,0.0010749999999999998,0.002724999999999999,0.0012008436419428561,0.2004953285254751,0.0011175888288343513,0.21113600078505282,0.0011995348560325774,0.19245552699237492
KXWCGAME-26JUN26NZLBEL-NZL,14.0,0.09,14.0,0.0819,0.00039999999999999996,0.0016999999999999995,0.0005317513511795042,0.17448525658136965,0.0004625066283105021,0.16739663285940634,0.0006021865287478554,0.1767268802031296
KXWCGAME-26JUN26NZLBEL-NZL,7.0,0.08,7.0,0.0736,0.0003000000000000001,0.0016999999999999995,0.0002282934917473349,0.14207034029539578,0.0002302295617443776,0.15775289799636213,0.00027230798022516764,0.15069705844436448
KXWCGAME-26JUN26NZLBEL-NZL,3.0,0.06,3.0,0.05639999999999999,0.0001,0.0016999999999999995,9.996252779562524e-05,0.09315181521226128,8.768993287960113e-05,0.11372195786493115,0.00013141550935749438,0.0945642879079048
KXEPLGAME-25SEP20BRITOT-BRI,14.0,0.46,14.0,0.24840000000000004,0.0005000000000000009,0.17109999999999995,0.0007794463891850597,0.2543804191237482,0.0005870129347422036,0.27221373753035993,0.0006353220212189342,0.2468306966591776
KXEPLGAME-25SEP20BRITOT-BRI,7.0,0.42,7.0,0.2436,0.0004000000000000007,0.16819999999999996,0.00038211894151517087,0.2433827389018411,0.00032628634775831483,0.25396848752764906,0.0002865186013277267,0.24461934506014957
KXEPLGAME-25SEP20BRITOT-BRI,3.0,0.43,3.0,0.2451,0.00010000000000000018,0.16819999999999996,0.00016969464582215738,0.2459739165388379,0.00012442081538139918,0.2473028975457567,0.00013236206104667145,0.24449432167643992
KXUFCFIGHT-26JUL25JACSAI-JAC,3.0,0.61,3.0,0.2379,0.0,0.39790000000000003,0.00014965864671173112,0.23882994418059045,0.00012455580456820583,0.2387948288716718,9.734095740105291e-05,0.23918079684583102
KXWC2HTOTAL-26JUL19ESPARG-2,3.0,0.43,3.0,0.2451,0.00020000000000000036,0.17649999999999996,0.00017130525054532387,0.24591463385902415,0.00012435114599346198,0.24543094277834332,0.00011690795089226523,0.24573843184292612
KXWTASETWINNER-26AUG30GOLPAR-2-GOL,3.0,0.46499999999999997,3.0,0.248775,0.00012500000000000022,0.21169999999999994,0.00013668545608794703,0.25213952222033176,0.00012453868996803216,0.25325768759512085,0.00010412903104294966,0.24740937375614513
KXSERIEAGAME-26MAY24TORJUV-TIE,7.0,0.42000000000000004,7.0,0.2436,0.0007499999999999994,0.6569,0.00040033329732620527,0.24739876412583534,0.00031380277679891205,0.2613477538431432,0.00029483974516953776,0.24981065000953018
KXSERIEAGAME-26MAY24TORJUV-TIE,3.0,0.19,3.0,0.1539,0.0003999999999999996,0.6085,0.00022140292230450674,0.151076415073554,0.00020468943532032244,0.16628939879576024,0.00019443499503190795,0.16055199624451583
KXNCAAFGAME-25DEC20TULNMISS-TULN,14.0,0.18,13.0,0.1476,0.0005000000000000009,0.0161,0.0007827002899709141,0.1839499828423075,0.0006823127902800155,0.20895286497066742,0.0008160560722696753,0.18328190723742288
KXNCAAFGAME-25DEC20TULNMISS-TULN,7.0,0.14,7.0,0.12040000000000001,0.00030000000000000057,0.014500000000000002,0.0004071717087123848,0.14980484969621727,0.0003561307978151279,0.15725777797588875,0.00037577612219520597,0.1477869167978222
KXNCAAFGAME-25DEC20TULNMISS-TULN,3.0,0.13,3.0,0.1131,0.0,0.014500000000000002,0.00016000687525007267,0.1260127909494429,0.0001261523180632593,0.12299142798979981,0.00019591793587176408,0.12380710435216674
KXBUNDESLIGAGAME-26JAN31HSVBMU-BMU,7.0,0.78,7.0,0.17159999999999997,0.00020000000000000036,0.593,0.0003866358478114607,0.17779995242211177,0.0003167713601333824,0.18918909174941803,0.0003637300255377174,0.17259906945889525
KXBUNDESLIGAGAME-26JAN31HSVBMU-BMU,3.0,0.78,3.0,0.17159999999999997,0.0,0.593,0.00018309511369889642,0.1771242852582805,0.00011651061702688516,0.18181371827542428,0.000130638898197788,0.17436710184232596
KXPRIMARYMOV-SCRSENS262-DGRA-P10,14.0,0.07,14.0,0.0651,0.0005250000000000006,0.502725,0.000503027476990096,0.13709133519505456,0.0004690723817335968,0.1729779516342185,0.0005151867561892093,0.17629242446062177
KXPRIMARYMOV-SCRSENS262-DGRA-P10,7.0,0.08,7.0,0.0736,0.0001250000000000002,0.501825,0.0002821153074085628,0.13035238926442183,0.0002317964845857609,0.15793921250673354,0.000266762598774985,0.15362405034294624
KXINTLFRIENDLYGAME-26MAR30ESPEGY-ESP,14.0,0.395,14.0,0.238975,0.000550000000000001,0.8780749999999999,0.0008031754975747921,0.25139275652175186,0.0005998299934570272,0.2614603314104761,0.0006753133529858884,0.24698590460612352
KXINTLFRIENDLYGAME-26MAR30ESPEGY-ESP,7.0,0.745,7.0,0.189975,0.0004000000000000007,0.7453249999999999,0.00040309924579228726,0.19135237406534336,0.0003064651415709197,0.2170178220440876,0.00037849908531109507,0.19695190207998828
KXINTLFRIENDLYGAME-26MAR30ESPEGY-ESP,3.0,0.85,3.0,0.1275,0.00020000000000000036,0.7396999999999999,0.0001906960158374534,0.13443324606114856,0.0001374692133468642,0.14220373103672826,0.0001887583465406418,0.1286891836073619
KXDJTJOINTSESSION-25MAR04-MC,30.0,0.83,30.0,0.14110000000000003,0.000600000000000001,0.46790000000000004,0.0015156793476205422,0.23373262748780477,0.0011509287022212708,0.28482260075022303,0.0017454217153834095,0.21217943184981172
KXDJTJOINTSESSION-25MAR04-MC,14.0,0.57,14.0,0.2451,0.0004000000000000007,0.4427000000000001,0.0007896181377742271,0.2502588835223086,0.0005822027600867592,0.27368694026029233,0.0006238827647784277,0.2512681410975369
KXDJTJOINTSESSION-25MAR04-MC,7.0,0.65,7.0,0.22749999999999998,0.00030000000000000057,0.4374,0.00038381470248783094,0.23260171739315014,0.00029042780175020106,0.23672026244787422,0.00031536141311761315,0.23204688290744968
KXDJTJOINTSESSION-25MAR04-MC,3.0,0.65,3.0,0.22749999999999998,0.00010000000000000018,0.43660000000000004,0.00015539887784480082,0.22977742949483826,0.00013123440822562194,0.23604618222564347,0.00013456559263241483,0.22768968318078975
KXNCAAFGAME-25DEC27GTBYU-GT,30.0,0.44,19.0,0.24640000000000004,0.0005000000000000009,0.1525,0.0009843590310940245,0.2599165908573309,0.0008021819019309686,0.2935184385457979,0.0008846868341668206,0.24774429266296316
KXNCAAFGAME-25DEC27GTBYU-GT,14.0,0.38,14.0,0.2356,0.0004000000000000007,0.14759999999999998,0.000795398186311297,0.24674119463579228,0.0006315169746702009,0.27507482388193544,0.0006840710295193176,0.24100286575020263
KXNCAAFGAME-25DEC27GTBYU-GT,7.0,0.37,7.0,0.2331,0.00010000000000000018,0.14579999999999999,0.00038860211660716944,0.23513344897543578,0.00028119426532362014,0.2520384623993672,0.00031374795898790814,0.235813044386259
KXNCAAFGAME-25DEC27GTBYU-GT,3.0,0.36,3.0,0.2304,0.0,0.1454,0.00017101715332597107,0.236868267223144,0.00011726219025586315,0.23840538051003735,0.00010727190248912645,0.23224863672259005
KXPERLIGA1GAME-26AUG31CAGMEL-MEL,14.0,0.41500000000000004,9.0,0.24277500000000002,0.000724999999999998,0.12219999999999999,0.0005178140961792538,0.24932044384438953,0.00040771284411865346,0.24870364548663537,0.0003957016766059023,0.2474917431053005
KXPERLIGA1GAME-26AUG31CAGMEL-MEL,7.0,0.33999999999999997,7.0,0.2244,0.0006999999999999979,0.11729999999999999,0.00039141101575839343,0.22828124878505743,0.00032636395406383497,0.23957468535502557,0.00030547793228367676,0.22709108764218933
KXPERLIGA1GAME-26AUG31CAGMEL-MEL,3.0,0.34,3.0,0.2244,9.999999999999907e-05,0.11569999999999998,0.00018514797434535725,0.22770856911286536,0.00013316249651542644,0.2291812339862218,0.0001275275453889841,0.22393729144304161
KXLIGAMXGAME-26FEB20PUEAME-AME,3.0,0.6,3.0,0.24,0.00010000000000000018,0.1445,0.0001828077457605422,0.24268623684511584,0.00011122882357855193,0.2407820843724093,0.0001180841101470603,0.24015370078983686
KXNCAAFSPREAD-25DEC27LSUHOU-HOU6,7.0,0.5,6.0,0.25,0.00012500000000000022,0.305925,0.000341708224791446,0.25115069836834303,0.0002968022310954635,0.25243586614212465,0.0002444867159542562,0.2522663352824571
KXNCAAFSPREAD-25DEC27LSUHOU-HOU6,3.0,0.39,3.0,0.2379,2.5000000000000045e-05,0.29152500000000003,0.00018864243853765277,0.24091344299861564,0.00011423739718540095,0.24449414331703842,0.00011926379457320148,0.23801757290084205
KXSERIEAGAME-26AUG22INTMON-MON,14.0,0.06,14.0,0.05639999999999999,0.00045000000000000064,0.0025999999999999994,0.0004615744025123784,0.15546969838152638,0.0004240654903985568,0.15866491205425962,0.00047801439741249204,0.16401338452584427
KXSERIEAGAME-26AUG22INTMON-MON,7.0,0.07,7.0,0.0651,0.00030000000000000057,0.0025999999999999994,0.0002557749204978611,0.12938030658003316,0.0002558853447391543,0.13421477675777901,0.0003007708256405736,0.15376735237973757
KXSERIEAGAME-26AUG22INTMON-MON,3.0,0.06,3.0,0.05639999999999999,0.0,0.0025999999999999994,0.00010358084271729067,0.08848245541783253,8.371650770286048e-05,0.09586132569666793,0.00013877771070314613,0.0902941754624246
KXWCTOTAL-26JUL01ENGCOD-1,3.0,0.93,3.0,0.06509999999999996,0.00010000000000000018,0.004999999999999993,0.00013607944697476907,0.07105413452658892,9.371834705652826e-05,0.08619966865163452,0.00022001381727430368,0.07015923770124903
KXEPLGAME-26JAN07MCIBRI-TIE,14.0,0.4,14.0,0.24,0.00010000000000000018,0.7308500000000001,0.0008020094985954812,0.24033175962494038,0.0006229832488550642,0.26127896463268485,0.0006622383759049507,0.2409554853149202
KXEPLGAME-26JAN07MCIBRI-TIE,7.0,0.27,7.0,0.1971,0.00010000000000000018,0.6630000000000001,0.00038212051876279575,0.21143985847678637,0.000339463580162559,0.20784759738229855,0.0003761885591547057,0.20765821240158686
KXEPLGAME-26JAN07MCIBRI-TIE,3.0,0.18,3.0,0.1476,0.0,0.6562000000000001,0.00021544207058112996,0.15681664922896835,0.00020034644418215168,0.16078455292084776,0.00021298807705141573,0.15219480618151776
KXMLSGAME-26AUG01PHIATL-ATL,7.0,0.2,6.0,0.16000000000000003,0.0004999999999999998,0.0401,0.0004541578370337096,0.18052104544728856,0.0004465855121518582,0.19356357921282452,0.00043891930507703743,0.1760341458264238
KXMLSGAME-26AUG01PHIATL-ATL,3.0,0.21,3.0,0.1659,0.0,0.0401,0.00019242752935111018,0.17182579116956945,0.00019109667274295388,0.17728103227650194,0.00018484519924519076,0.1692293682595289
KXNASCARRACE-COOO81526-RYBL,7.0,0.09,5.0,0.0819,0.0,0.053899999999999997,0.00017444211046171602,0.12077506431904159,0.00015192664459022653,0.14063204110737149,0.00021672868003884958,0.12910199130422456
KXNASCARRACE-COOO81526-RYBL,3.0,0.13,3.0,0.1131,0.0,0.0523,0.00013933079583211997,0.13340899229786068,0.00013497537171459431,0.12428109078789287,0.0001555870314359535,0.12387544649293812
KXNCAAFGAME-26JAN08MIAMISS-MIA,7.0,0.61,6.0,0.2379,0.00010000000000000018,0.13699999999999998,0.0003163983017346217,0.24633545799498008,0.00026498576822940655,0.26106758411136655,0.00027011289003683203,0.2449241750740773
KXNCAAFGAME-26JAN08MIAMISS-MIA,3.0,0.62,3.0,0.2356,0.0,0.13699999999999998,0.00013218378935460874,0.2400616274661717,0.00012465969813396408,0.24012025035089457,0.00010877174297230321,0.23418586093527957
KXNFLTOTAL-25NOV27GBDET-54,14.0,0.5,9.0,0.25,0.00012500000000000022,0.46102499999999985,0.0005479219743168159,0.2524006594627898,0.00037359112632076905,0.26468228983923486,0.0003734178829117143,0.25015330469613223
KXNFLTOTAL-25NOV27GBDET-54,7.0,0.345,7.0,0.22597499999999998,0.00012500000000000022,0.4369999999999999,0.00036741938034965017,0.22552001591036974,0.00031222596798374986,0.24157851483002765,0.00030416801138480576,0.22993824216611236
KXNFLTOTAL-25NOV27GBDET-54,3.0,0.33999999999999997,3.0,0.2244,0.0,0.4369999999999999,0.00015512148113724943,0.22936542406690372,0.00014267314095656124,0.23404867518164274,0.00011449332541601888,0.22659410549962622
KXHUNDREDMATCH-26AUG011300SOULON-LON,7.0,0.485,7.0,0.249775,0.0004500000000000008,0.503225,0.0003788790258163522,0.25255423193178284,0.0002944460723043018,0.26128274818307407,0.00028904104007911887,0.25296516352938675
KXHUNDREDMATCH-26AUG011300SOULON-LON,3.0,0.485,3.0,0.249775,0.0,0.503225,0.0001653452809495423,0.251805685683202,0.00013170058977701995,0.25572761579049674,0.00011700657692140626,0.2495100794142929
KXNCAAFTOTAL-25DEC29GASOAPP-56,7.0,0.5,7.0,0.25,0.00010000000000000018,0.30750000000000005,0.00036440820470016967,0.25365776100143916,0.0002906915927884787,0.2738220110182744,0.00033004494242620477,0.2493208244976233
KXNCAAFTOTAL-25DEC29GASOAPP-56,3.0,0.5700000000000001,3.0,0.24509999999999998,0.00010000000000000018,0.30260000000000004,0.00017224389224539436,0.24781242662684527,0.00013491494153168294,0.2580308550848239,0.00010842585800031909,0.2456413491683188
KXWCGAME-26JUL03AUSEGY-AUS,7.0,0.3,6.0,0.21,0.00039999999999999736,0.07300000000000001,0.0003119513273815403,0.21697119093043754,0.00028587436563348403,0.21034732790336017,0.0002857147238784073,0.21548213636516622
KXWCGAME-26JUL03AUSEGY-AUS,3.0,0.28,3.0,0.2016,0.00019999999999999814,0.07300000000000001,0.0001381071330966619,0.2091237846331282,0.0001301390621229032,0.21466355730406836,0.00010501558863060708,0.2044061705691846
KXNFLTOTAL-26JAN17BUFDEN-56,7.0,0.24,5.0,0.1824,0.00010000000000000018,0.5785,0.00030335263793497606,0.19322493527582815,0.00032856108704653204,0.18642040795776235,0.00030087382378169906,0.1937783260212693
KXNFLTOTAL-26JAN17BUFDEN-56,3.0,0.25,3.0,0.1875,7.703719777548943e-34,0.5781,0.00016080284877108297,0.1904773292698445,0.00015759286967135733,0.1897378044765237,0.00016415609787345255,0.19706537862214965
KXSB-26-SEA,30.0,0.21,30.0,0.1659,0.001499999999999996,0.21,0.0016893652743602877,0.24460761004981044,0.0014964368695758842,0.252139792500473,0.0016737290021221155,0.2350906571575007
KXSB-26-SEA,14.0,0.68,14.0,0.2176,0.0007999999999999948,0.09619999999999997,0.000776469948181617,0.2325208633122312,0.0005983142659535261,0.2553156400836712,0.0006856993379559733,0.22795327910610236
KXSB-26-SEA,7.0,0.68,7.0,0.2176,0.0005999999999999944,0.09619999999999997,0.0003844775162745081,0.22394791297214434,0.0003156225199340296,0.23444220943533225,0.0003284778063215297,0.2224062305342102
KXSB-26-SEA,3.0,0.69,3.0,0.2139,9.999999999999796e-05,0.09619999999999997,0.00017049883624130978,0.2168501409877968,0.00012003552912363779,0.21882929469425627,0.0001301508744294645,0.2138764969904826
KXEPLGAME-25OCT25NEWFUL-NEW,14.0,0.585,14.0,0.24277500000000002,0.0003250000000000006,0.1374,0.0007223650506144627,0.2514498162287922,0.0006472868032039067,0.27733677350901853,0.0006442884486605788,0.2517784642921359
KXEPLGAME-25OCT25NEWFUL-NEW,7.0,0.59,7.0,0.2419,0.00030000000000000057,0.1374,0.00037090206441744473,0.2403752570283001,0.00030013524721365296,0.25844176419903236,0.00028114341449254795,0.24308424538432866
KXEPLGAME-25OCT25NEWFUL-NEW,3.0,0.6,3.0,0.24,0.00020000000000000036,0.13699999999999998,0.00015669805726237725,0.24179647931961942,0.00011825061302267203,0.24812984493189608,0.00011913523011867064,0.23927037134232712
KXNFLTOTAL-25NOV17DALLV-53,7.0,0.495,6.0,0.249975,0.0003500000000000006,0.14642499999999997,0.00032596911101719187,0.24924463862107638,0.00026385778192489727,0.25257715165084904,0.000219587061418247,0.24965398547651158
KXNFLTOTAL-25NOV17DALLV-53,3.0,0.385,3.0,0.236775,0.0002250000000000004,0.1374,0.00015970279006513225,0.23905665118137917,0.0001232643409325153,0.2443334095009889,0.00012018499818516326,0.23729702230613614
KXUFCFIGHT-26JUL25PONPAT-PAT,7.0,0.78,6.0,0.17159999999999997,0.00010000000000000018,0.029900000000000006,0.0003339202693740184,0.17400696943050534,0.00027658863165711396,0.1937982149677608,0.00030900042608224715,0.17859374336794054
KXUFCFIGHT-26JUL25PONPAT-PAT,3.0,0.79,3.0,0.1659,0.0,0.029900000000000006,0.0001597512748136664,0.1700862743909763,0.00012750415956745418,0.18126853439088783,0.00015829595987813618,0.1702416493564033
KXUCLGAME-26MAR17MCIRMA-RMA,14.0,0.65,13.958333333333334,0.22749999999999998,0.0008999999999999993,0.7726000000000002,0.0007682650196234101,0.23634177263286035,0.0005837795166867495,0.25376404183192647,0.0006648358119249094,0.2310646404166529
KXUCLGAME-26MAR17MCIRMA-RMA,7.0,0.26,7.000000000000001,0.19240000000000002,0.0007000000000000001,0.6587000000000001,0.00046625288797596496,0.2047817892178698,0.0004288059844188122,0.2222601682886941,0.00043248464948885193,0.20516139655760493
KXUCLGAME-26MAR17MCIRMA-RMA,3.0,0.2,3.0,0.16000000000000003,0.00020000000000000036,0.6562000000000001,0.00020745001267692158,0.16316795801998787,0.0002185418023732257,0.16948975018439388,0.00019244541081871294,0.16858553004949023
KXWCGAME-26JUN23PORUZB-UZB,30.0,0.060000000000000005,30.000000000000014,0.0564,0.0009999999999999994,0.0034,0.0012338298190232406,0.19992572677419193,0.0011562771140988847,0.1904917967633356,0.0012031976422672505,0.17906295639632147
KXWCGAME-26JUN23PORUZB-UZB,14.0,0.08,14.000000000000014,0.0736,0.0001999999999999998,0.0029999999999999996,0.0005881219999189896,0.18306165180049633,0.000541974186362448,0.197595292782473,0.0005487969385507723,0.1648822391470734
KXWCGAME-26JUN23PORUZB-UZB,7.0,0.08,7.0,0.0736,0.0,0.0029999999999999996,0.00027939166578413305,0.14399119588915885,0.00022474812493914574,0.1437340064604007,0.0002572749498626903,0.1450801977863149
KXWCGAME-26JUN23PORUZB-UZB,3.0,0.06,3.0,0.05639999999999999,0.0,0.0025999999999999994,9.257673652688926e-05,0.1002666160222637,7.892744590604406e-05,0.1077308920076976,0.0001348068443741634,0.10112902099745881
KXMLBGAME-26MAY212140COLAZ-COL,3.0,0.35,3.0,0.22749999999999998,0.0,0.1175,0.00015841099870761918,0.22970296709830024,0.00013168988393961307,0.23526343843790065,9.692078427423147e-05,0.2298485097412371
KXLALIGAGAME-26MAY09RSORBB-TIE,7.0,0.26,7.0,0.19240000000000002,0.0004000000000000007,0.5329999999999999,0.0004270476303231444,0.20836247287118062,0.00037649058387221874,0.20983057012058054,0.0003644873297205578,0.2095650859858577
KXLALIGAGAME-26MAY09RSORBB-TIE,3.0,0.27,3.0,0.1971,0.00010000000000000018,0.5329999999999999,0.00013183877452144566,0.20250754447929215,0.00012467830776816908,0.1965483339064858,0.0001238619616845474,0.20669199038617642
KXNCAAFSPREAD-25OCT25COLOUTAH-UTAH12,7.0,0.5449999999999999,5.0,0.247975,2.5000000000000045e-05,0.21299999999999994,0.00027651068373641736,0.24956918423912858,0.00019217300176315553,0.25763486432546095,0.0001804419643322644,0.2506048342063685
KXNCAAFSPREAD-25OCT25COLOUTAH-UTAH12,3.0,0.51,3.0,0.2499,0.0,0.21209999999999996,0.0001654211637626978,0.25206073197672707,0.00013418664874171728,0.25483105133843553,0.00012521457094746412,0.250241795931653
KXBTCD-26MAR0617-T69249.99,7.0,0.18,7.0,0.1476,0.0,0.8952,0.0004794227331852343,0.16528630751913037,0.0004262261866045604,0.18542923099474484,0.0004714949797571262,0.16673106490248707
KXBTCD-26MAR0617-T69249.99,3.0,0.34,3.0,0.2244,0.0,0.8178,0.00014607118571919182,0.23094983875791247,0.000126947222629267,0.23121990757960334,0.00011812835183162642,0.22771860711966724
KXGOVWYNOMR-26-EBAR,30.0,0.23,30.0,0.1771,0.0007999999999999969,0.099502,0.0016924083669740896,0.25567724006551656,0.001530444462003368,0.25633226354034727,0.001664168089195505,0.21988836668826628
KXGOVWYNOMR-26-EBAR,14.0,0.65,14.0,0.22749999999999998,0.0006999999999999967,0.04660199999999999,0.0007484546601662641,0.24212270430298627,0.0006061715586045484,0.2539160105345059,0.0006563520533234132,0.22803529448940382
KXGOVWYNOMR-26-EBAR,7.0,0.77,7.0,0.17709999999999998,0.00010000000000000018,0.04220199999999999,0.0004078669442508727,0.19336238791033802,0.00029944987387510555,0.19883969676555993,0.0003607541947803809,0.18450995830478148
KXGOVWYNOMR-26-EBAR,3.0,0.79,3.0,0.1659,0.00010000000000000018,0.039601999999999984,0.00015298978609083305,0.16807819208109115,0.00012956363716869857,0.18094186658414485,0.00016229453985955008,0.16750734289619637
KXLALIGAGAME-26AUG25VCFRBB-TIE,14.0,0.30000000000000004,14.0,0.21000000000000002,0.0014499999999999973,0.0842,0.0007709580718325913,0.22477752464599302,0.0006116073516574212,0.2578759395391436,0.0007276031197527812,0.21592483634986553
KXLALIGAGAME-26AUG25VCFRBB-TIE,7.0,0.3,7.0,0.21,0.0004000000000000007,0.0842,0.00035440298063816965,0.2108763514360768,0.0003004921554446786,0.23816258606629176,0.00034820472624661776,0.21684648221653233
KXLALIGAGAME-26AUG25VCFRBB-TIE,3.0,0.3,3.0,0.21,0.00020000000000000036,0.0842,0.0001614048187408794,0.2092598155329339,0.0001282978117715548,0.21854268312567457,0.00011368562222137321,0.215480542918677
KXNBASUMMERGAME-26JUL13ATLBOS-BOS,7.0,0.445,6.0,0.24697499999999997,0.0,0.626025,0.0003280329893540924,0.2480733082016647,0.0002743227523650587,0.25044488753819655,0.00023152803368161766,0.24610968103585962
KXNBASUMMERGAME-26JUL13ATLBOS-BOS,3.0,0.29,3.0,0.20589999999999997,0.0,0.6094999999999999,0.00014485711827483383,0.20537465990122394,0.0001193720843927536,0.21421552262477137,0.00013161938071751722,0.20975167579973547
KXNWSLGAME-26AUG14GOTKC-GOT,7.0,0.42500000000000004,7.0,0.244375,0.00020000000000000036,0.20682499999999995,0.0003791725164256174,0.2500368803322058,0.00030803324865463414,0.2535483063556186,0.0002782680590138528,0.2452786136845148
KXNWSLGAME-26AUG14GOTKC-GOT,3.0,0.51,3.0,0.2499,0.00010000000000000018,0.20299999999999996,0.00015948095632522537,0.24953162244953142,0.00014130257431815838,0.2552813521986949,9.631673080753938e-05,0.24841877507884969
KXMVECROSSCATEGORY-S2026F9D4FCB5568-3FAA012040E,14.0,0.5,14.0,0.25,3.7000000000000066e-05,0.3402409999999999,0.0007714976089825834,0.2597487155038703,0.0006385873668901164,0.26450428064599996,0.0006798276628644637,0.25142947229637874
KXMVECROSSCATEGORY-S2026F9D4FCB5568-3FAA012040E,7.0,0.5,7.0,0.25,3.7000000000000066e-05,0.3402409999999999,0.00037247760361992647,0.2611181437133072,0.0002974487850606088,0.25614952795225376,0.0002941437333777836,0.24847615135325274
KXMVECROSSCATEGORY-S2026F9D4FCB5568-3FAA012040E,3.0,0.606,3.0,0.238764,3.7000000000000066e-05,0.32900499999999994,0.00015046213346955938,0.23984294214372612,0.00014400234386129405,0.24181967193628942,0.00011713325210343868,0.23809932423118305
KXMLBGAME-26MAY152138LADLAA-LAD,3.0,0.69,3.0,0.2139,9.999999999999796e-05,0.09619999999999997,0.00015855681531593845,0.2155530859537609,0.00011374498983078541,0.22149058049160744,0.0001473506573372355,0.21394458289817153
KXWCTOTAL-26JUN20NEDSWE-3,14.0,0.495,14.0,0.249975,0.0005250000000000009,0.1637,0.0007678963620688125,0.25457343854943415,0.0006124876757455503,0.2652371278616914,0.0006516098953193353,0.25363561919448613
KXWCTOTAL-26JUN20NEDSWE-3,7.0,0.5,7.0,0.25,0.00030000000000000057,0.1637,0.00036768930154489494,0.25055737234749126,0.0003221690761563001,0.26864266733341097,0.00030393856667741925,0.2475487102544163
KXWCTOTAL-26JUN20NEDSWE-3,3.0,0.52,3.0,0.2496,0.00010000000000000018,0.1637,0.00016676814413605788,0.25293659266368906,9.545403267100938e-05,0.2540420156141726,0.0001033601600743065,0.24957670520317898
KXWCGOAL-26JUL09FRAMAR-FRAODEMBE10-1,3.0,0.33,3.0,0.2211,0.00010000000000000018,0.4765999999999999,0.00015205492792911825,0.22418697616910138,0.000120128365052053,0.22701083150754528,0.00012343417809604012,0.22341752395378645
KXEPLGAME-26SEP05FULCRY-FUL,14.0,0.39,14.0,0.2379,0.0009249999999999978,0.18212499999999995,0.0007287859028710861,0.25121159933475395,0.0006628586701260254,0.2728636197514518,0.0006300651029949262,0.24444437216786924
KXEPLGAME-26SEP05FULCRY-FUL,7.0,0.42,7.0,0.2436,0.00010000000000000018,0.17649999999999996,0.0003434737259018647,0.2472857333916701,0.00027595854981077284,0.2559678281170557,0.0002808511566771401,0.24510440507026118
KXEPLGAME-26SEP05FULCRY-FUL,3.0,0.42,3.0,0.2436,0.00010000000000000018,0.17649999999999996,0.0001481410651680469,0.2415782753979859,0.00012477138721335164,0.24400819661658532,0.00010021906163779164,0.24339067695265976
KXMLSGAME-26AUG22ORLRSL-ORL,14.0,0.57,14.0,0.2451,0.0006499999999999989,0.3193,0.0007765802751239581,0.2536055319063116,0.0005944217316298929,0.2744383177426028,0.0006501959371185966,0.25483558702699904
KXMLSGAME-26AUG22ORLRSL-ORL,7.0,0.4,7.0,0.24,0.0005999999999999989,0.261,0.0003756766202904258,0.24250954416800752,0.0002847471094128506,0.25335210980742595,0.00029527601219481224,0.24171643712286223
KXMLSGAME-26AUG22ORLRSL-ORL,3.0,0.5,3.0,0.25,0.00010000000000000018,0.2501,0.00013924899416861822,0.250114816491277,0.0001103396260403983,0.25357985079576806,0.00010939573181130939,0.2515176064728994
KXUCLGAME-26AUG04MJASLO-SLO,7.0,0.28,5.0,0.2016,9.999999999999907e-05,0.4900999999999999,0.00022071154998172602,0.21160792897356026,0.0002193957441002059,0.21250098934533596,0.0002257661974364833,0.21284608448870668
KXUCLGAME-26AUG04MJASLO-SLO,3.0,0.29,3.0,0.20589999999999997,0.0,0.4900999999999999,0.0001367682111483608,0.20787756928071746,0.00011794992075037763,0.20645839692309678,0.00010616589383868991,0.21115999291636406
KXTHEOPEN-25-SS,30.0,0.19,30.000000000000014,0.1539,0.0022999999999999982,0.188,0.0016598140801317646,0.22936892199871514,0.0015985756079519554,0.2546870346789874,0.0016496446976591575,0.22921550227451348
KXTHEOPEN-25-SS,14.0,0.17,14.0,0.1411,0.00039999999999999964,0.1871,0.0007406748681356523,0.1814770055308857,0.0007220949362516846,0.20728507904922952,0.0008693228256586011,0.188464143998374
KXTHEOPEN-25-SS,7.0,0.16,7.0,0.1344,0.00010000000000000018,0.1871,0.0004769811628427611,0.16288771592695306,0.00041363736666603647,0.14530034413990148,0.00047087999271904954,0.1484892945653921
KXTHEOPEN-25-SS,3.0,0.3,3.0,0.21,0.0,0.17020000000000002,0.00015761383121549712,0.21022751343089216,0.00014604020470660023,0.21554260926838245,0.00012452811222983182,0.21272209819023627
KXLOLGAME-26AUG010400FOXNS-NS,3.0,0.41,3.0,0.24190000000000003,0.0,0.28350000000000003,0.00015999786968328377,0.2444334478199328,0.00011906634041923775,0.24650806537763423,9.267764189457107e-05,0.24281689356724406
KXWCTEAMTOTAL-26JUL03COLGHA-COL2,7.0,0.53,5.0,0.2491,0.0,0.31609999999999994,0.00027660716974511825,0.24642075720074166,0.00020438100071868955,0.26148538389196013,0.00020125900693542074,0.2489550561047795
KXWCTEAMTOTAL-26JUL03COLGHA-COL2,3.0,0.53,3.0,0.2491,0.0,0.3152999999999999,0.00017612490443293832,0.25099017619046854,0.00014785385556902934,0.24983569517161464,0.00011795044181351632,0.2491870816454326
KXNFLGAME-26JAN04NYJBUF-BUF,7.0,0.85,7.0,0.1275,0.00020000000000000036,0.04109999999999998,0.00035852113797561617,0.1630096706930206,0.0002975053637730206,0.1463201423771977,0.0004926109946384052,0.13468082281282412
KXNFLGAME-26JAN04NYJBUF-BUF,3.0,0.76,3.0,0.1824,0.00010000000000000018,0.03709999999999999,0.00017700518671501852,0.18840621396935617,0.00015621188283666167,0.19659681261639164,0.00014351917636200718,0.18933944309185308
KXNFLGAME-25DEC14CARNO-NO,14.0,0.45499999999999996,13.0,0.247975,0.00010000000000000018,0.5170250000000001,0.0006915955914383806,0.24877780705877967,0.0005325887598880982,0.2552056770647043,0.0005835954018206538,0.25132011572148594
KXNFLGAME-25DEC14CARNO-NO,7.0,0.42,7.0,0.2436,0.00010000000000000018,0.3369000000000001,0.0003776263325017939,0.24614944189828514,0.00033378178699694104,0.2507308288934555,0.0003662426139552643,0.24733426826772453
KXNFLGAME-25DEC14CARNO-NO,3.0,0.43,3.0,0.2451,0.0,0.3369000000000001,0.00015400865979595536,0.24660450589674723,0.00012861462116613552,0.25444009237366916,0.00010941302426391593,0.2444144567692372
KXNCAAFGAME-25NOV29NWILL-ILL,14.0,0.585,13.0,0.24277500000000002,0.0004250000000000008,0.12684999999999996,0.0007248424364196898,0.24624893425666908,0.0005747914206537878,0.2818885610806033,0.0005616162828906176,0.2417952984835204
KXNCAAFGAME-25NOV29NWILL-ILL,7.0,0.66,7.0,0.2244,0.0004000000000000007,0.0748,0.0003704809447604826,0.231972935562654,0.00033977964954992834,0.23548569345527462,0.0003134844517981531,0.22656841091768976
KXNCAAFGAME-25NOV29NWILL-ILL,3.0,0.7,3.0,0.21000000000000002,0.00010000000000000018,0.07390000000000001,0.00016435432650527563,0.212463309076903,0.0001361675023500309,0.2163945815784075,0.00011261516615403638,0.2139827848013271
KXLIVTOUR-KIN26-BDEC,7.0,0.09,7.0,0.0819,0.0,0.11590000000000002,0.0002788748437921177,0.13727085920072757,0.00022814847103726484,0.13856425877946285,0.00024479576988025126,0.135867270620403
KXLIVTOUR-KIN26-BDEC,3.0,0.34,3.0,0.2244,0.0,0.0666,0.00016259279042173106,0.22898507546538346,0.00011954019970798001,0.23348103583027954,0.00011778913882087735,0.22386740089164095
KXCFLGAME-26JUL19WPGOTT-WPG,7.0,0.94,7.0,0.05640000000000005,0.00019999999999999814,0.1314,0.00028674808726522177,0.07676695033897835,0.00023229684371373427,0.10695277819956807,0.0004798879345865687,0.10675498172835991
KXCFLGAME-26JUL19WPGOTT-WPG,3.0,0.69,3.0,0.2139,0.00010000000000000018,0.08460000000000002,0.00015255220985278524,0.21982190286689396,0.00013817237282807502,0.23161770482707084,0.00012830979913837367,0.21314403912723306
KXECULPGAME-26SEP02CUEGUA-CUE,7.0,0.46499999999999997,7.0,0.248775,0.00045000000000000075,0.21232499999999996,0.0003895637274423432,0.2499805512116696,0.00030576810368666,0.2611263544333081,0.0002810841070826638,0.25186550538472674
KXECULPGAME-26SEP02CUEGUA-CUE,3.0,0.505,3.0,0.249975,0.0003250000000000006,0.21169999999999994,0.00014794306812526337,0.25020983442292644,0.00014365121719534934,0.24828989014485217,0.00012110474742506136,0.2506162818381544
KXWCGOALCOUNT-26KMBAPP10-9,30.0,0.19,30.0,0.1539,0.000625,1.2834249999999996,0.0016219897677345419,0.24924346048537452,0.001485436335997316,0.2740780649320099,0.0015781206275219614,0.2408857699248244
KXWCGOALCOUNT-26KMBAPP10-9,14.0,0.77,14.0,0.17709999999999998,0.00010000000000000018,0.34419999999999995,0.0007606634932489375,0.19348820708188633,0.0005525506538868656,0.2327509704990161,0.0007920485161529231,0.18989899070122807
KXWCGOALCOUNT-26KMBAPP10-9,7.0,0.8,7.0,0.15999999999999998,0.00010000000000000018,0.31489999999999996,0.00039263854619941036,0.17457707460777974,0.0002771940256411744,0.18549354378038596,0.0003795770624554289,0.17151058168203298
KXWCGOALCOUNT-26KMBAPP10-9,3.0,0.5,3.0,0.25,0.00010000000000000018,0.18749999999999994,0.00015169452127989253,0.24909425792323386,0.00013095456697747324,0.25391248983550396,0.00010652736664721346,0.24946662084402926
KXNCAAFGAME-25DEC27UNTSDSU-SDSU,30.0,0.41000000000000003,19.0,0.2419,0.0009999999999999963,0.1139,0.0010735160745985232,0.25096669510984354,0.0007923650174315603,0.29370435093727654,0.0010049257425782212,0.24097685036047042
KXNCAAFGAME-25DEC27UNTSDSU-SDSU,14.0,0.39,14.0,0.2379,0.0008999999999999961,0.1,0.000839549356192845,0.2500880076826409,0.0005754774852445647,0.292002733453511,0.0006654365301329199,0.24345232078321594
KXNCAAFGAME-25DEC27UNTSDSU-SDSU,7.0,0.4,7.0,0.24,0.0004999999999999976,0.09910000000000001,0.00037838991732042386,0.24050069407584218,0.00032468947196133787,0.25839024512555503,0.0003240694507998311,0.24171584705962293
KXNCAAFGAME-25DEC27UNTSDSU-SDSU,3.0,0.34,3.0,0.2244,0.0,0.0966,0.00017146704902596912,0.22920520709714418,0.00012912524139500282,0.2323550752374694,0.00012141808316997419,0.2264509310889905
KXNASCARRACE-COC26-RYBL,7.0,0.09,5.0,0.0819,0.0004000000000000002,0.0037000000000000006,0.0002119423880141412,0.1435113789346504,0.00017802256508099823,0.1252639647009527,0.000192847755063563,0.12747667961473808
KXNASCARRACE-COC26-RYBL,3.0,0.07,3.0,0.0651,0.00020000000000000036,0.0037000000000000006,0.00011992499230432667,0.07878630104032056,0.00010820850450604712,0.0920819778971195,0.00016253791847018986,0.0841810044839388
KXWC1HTOTAL-26JUL03ARGCPV-3,7.0,0.165,6.0,0.137775,0.0004250000000000008,0.026600000000000002,0.0004550589654382656,0.16787276679498767,0.0004035986711124605,0.1718818533106927,0.0004113315889651556,0.15790608497848402
KXWC1HTOTAL-26JUL03ARGCPV-3,3.0,0.15,3.0,0.1275,0.00020000000000000036,0.0257,0.00018223103513866033,0.1368909563519022,0.00019062171266409536,0.14001843673627457,0.00020813449763526395,0.14068517099847763
KXWCSPREAD-26JUN26URUESP-URU2,30.0,0.11,22.0,0.0979,0.0007499999999999999,0.006250000000000001,0.0009580424099924196,0.19512016317860187,0.0008969032312808059,0.1822331092411365,0.0009681869219973791,0.1949258946249229
KXNCAAFGAME-25NOV22USCORE-USC,14.0,0.35,12.0,0.22749999999999998,0.0017499999999999996,0.07280000000000002,0.0006394145587377142,0.24146273561372006,0.0005234632991507004,0.2614742413312917,0.0005810626604573557,0.23445133183849137
KXNCAAFGAME-25NOV22USCORE-USC,7.0,0.29,7.0,0.20589999999999997,0.0012999999999999989,0.0498,0.0003530042802543133,0.21069975229398646,0.0003225353581353783,0.21625172071975554,0.0003314130965106778,0.21868015533310753
KXNCAAFGAME-25NOV22USCORE-USC,3.0,0.23,3.0,0.1771,0.0007999999999999992,0.0485,0.0002167225588325717,0.18280169895341877,0.00019749593589798753,0.18262500249720381,0.000189238283351439,0.18029648292748607
KXUFCFIGHT-26AUG22SCHMCV-SCH,7.0,0.39,6.0,0.2379,0.0,0.1445,0.0003320427648253764,0.23913042815287305,0.00026778229533806124,0.2538823728717399,0.0002732634004085708,0.23972917185541295
KXUFCFIGHT-26AUG22SCHMCV-SCH,3.0,0.39,3.0,0.2379,0.0,0.1445,0.00016556272664863862,0.23735992673779008,0.00011701914756526669,0.2514998331985637,0.00011827693581163805,0.23837872952915135
KXNFLSPREAD-26JAN04NYJBUF-BUF7,7.0,0.49,6.0,0.2499,0.00020000000000000036,0.22229999999999997,0.0003343211354127698,0.2512707265051663,0.00025275565514018105,0.2597201235337192,0.00024922851475816604,0.249279946697828
KXNFLSPREAD-26JAN04NYJBUF-BUF7,3.0,0.47,3.0,0.2491,0.0,0.22229999999999997,0.00016122502572685096,0.24900383155343525,0.0001413842771326505,0.25355848841895434,9.847621910676205e-05,0.2495797020759922
KXNFLSPREAD-25SEP28JACSF-SF3,14.0,0.5,10.0,0.25,0.0003500000000000006,0.21569999999999995,0.0005195890533989779,0.2497067725701224,0.00041181519780161325,0.2666175803811459,0.00041804023296410753,0.2481671568870849
KXNFLSPREAD-25SEP28JACSF-SF3,7.0,0.46,7.0,0.24840000000000004,0.00030000000000000057,0.21409999999999996,0.00033958566712806925,0.2547167279713999,0.0002864699339672015,0.26314727169254254,0.0003033874249149159,0.24866585517662546
KXNFLSPREAD-25SEP28JACSF-SF3,3.0,0.48,3.0,0.2496,0.00010000000000000018,0.21209999999999996,0.0001591883442159496,0.2493813897791075,0.0001329100781556027,0.25381121297003756,0.0001322079914651568,0.24994838261879265
KXSAUDIPLGAME-26AUG21HAZDIR-DIR,7.0,0.41500000000000004,7.0,0.24277500000000002,0.00010000000000000018,0.272525,0.0003752733739059201,0.24661452422604555,0.0003106580337230958,0.2562768536225766,0.00027152996664740395,0.24535215426033627
KXSAUDIPLGAME-26AUG21HAZDIR-DIR,3.0,0.425,3.0,0.24437499999999998,0.0,0.272525,0.00014541103181438765,0.2433494102230709,0.00014569168497639007,0.2547019939440534,0.00012198012406935896,0.24355089318484255
KXSUPERBOWLAD-SB2026-NVIDIA,30.0,0.18,30.0,0.1476,0.003,0.0282,0.0015482510325140694,0.24055778098339656,0.0014199398944577334,0.27301344968052677,0.0015871534395744372,0.23432161457434592
KXSUPERBOWLAD-SB2026-NVIDIA,14.0,0.2,14.0,0.16000000000000003,0.0009000000000000004,0.0221,0.000811875026004428,0.1912679856629994,0.0006801834829986858,0.22241648763846683,0.0007844533991339991,0.19282082345985593
KXSUPERBOWLAD-SB2026-NVIDIA,7.0,0.12,7.0,0.1056,0.00030000000000000057,0.0187,0.0003256022067534098,0.15915550367504275,0.0003330660326196529,0.16399539819284642,0.0004164083132069843,0.14978367661237912
KXSUPERBOWLAD-SB2026-NVIDIA,3.0,0.08,3.0,0.0736,0.00010000000000000018,0.0147,0.00011968638177557652,0.09398106234200948,9.766694502175655e-05,0.09138206957295242,0.00016592732049413943,0.09672645171415489
KXWCBTTS-26JUL05BRANOR-BTTS,7.0,0.56,5.0,0.24639999999999998,0.00030000000000000057,0.14609999999999998,0.0002547454570127411,0.25311420705295407,0.00022499478698853367,0.25973259063065357,0.00020215975566190565,0.24596267561394064
KXWCBTTS-26JUL05BRANOR-BTTS,3.0,0.59,3.0,0.2419,0.00020000000000000036,0.1445,0.00016662570750557368,0.24356016262388822,0.0001337167188360317,0.24574662234544828,0.00011737242429285779,0.24204115712400714
KXWCBTTS-26JUN25ECUGER-BTTS,30.0,0.51,21.0,0.2499,0.0012750000000000023,0.20062499999999994,0.0011488170491216097,0.26080523102515585,0.0009129156857651374,0.2857039440513018,0.001048504320448818,0.2554053646779875
KXWCBTTS-26JUN25ECUGER-BTTS,14.0,0.505,14.0,0.249975,0.000600000000000001,0.20022499999999996,0.0007552732521198819,0.25897911192070056,0.0006169714585301907,0.2644870731987369,0.0006386197253585282,0.2525297098108635
KXWCBTTS-26JUN25ECUGER-BTTS,7.0,0.51,7.0,0.2499,0.00030000000000000057,0.19459999999999997,0.0003567368267781371,0.2524091014349357,0.00030203765765734856,0.26388468740836735,0.00028197212416339416,0.2509173163118852
KXWCBTTS-26JUN25ECUGER-BTTS,3.0,0.56,3.0,0.24639999999999998,0.00010000000000000018,0.19369999999999996,0.00014675867871721696,0.24741471178475968,0.00013492686639034218,0.2539049970075913,0.00011574308605366613,0.2465922554127521
KXNFLGAME-25DEC25DALWAS-DAL,14.0,0.635,10.0,0.231775,0.00010000000000000018,0.06672499999999998,0.0005565078809583113,0.24217792043134304,0.00046215322772923025,0.2665950529855634,0.0004485188403966617,0.23574193612494376
KXNFLGAME-25DEC25DALWAS-DAL,7.0,0.66,7.0,0.2244,0.00010000000000000018,0.051099999999999986,0.0003643207972382516,0.23030240874017424,0.0003353449000132931,0.25147143952693873,0.0003002107643585449,0.2257036022487773
KXNFLGAME-25DEC25DALWAS-DAL,3.0,0.74,3.0,0.19240000000000002,0.0,0.038199999999999984,0.00018076936710036652,0.19220146624461143,0.00012910254992857235,0.19577310735382006,0.00013406094703473156,0.19165968861120183
KXWCTEAMTOTAL-26JUL04PARFRA-PAR1,3.0,0.41,3.0,0.24190000000000003,9.999999999999907e-05,0.1522,0.0001685683833894414,0.24161765161852014,0.0001384947611744118,0.2533433149950664,0.00012440443517560288,0.24098428892464072
KXNFLCPOTY-26-CMCC,30.0,0.86,30.0,0.12040000000000001,0.0018999999999999876,0.004100000000000007,0.0014051054684684774,0.2511976413128903,0.0011604968044625782,0.2979646424986422,0.0015199433095270732,0.2330263454188357
KXNFLCPOTY-26-CMCC,14.0,0.93,14.0,0.06509999999999996,0.0007999999999999926,0.0021000000000000038,0.0005829300301012765,0.1407522700031577,0.0004986165179317485,0.13939064263406986,0.0008370670312789613,0.14330915191719582
KXNFLCPOTY-26-CMCC,7.0,0.91,7.0,0.08189999999999997,0.0005999999999999922,0.0021000000000000038,0.0002966673595457659,0.09733841067402466,0.0002858874919546609,0.10253293710329324,0.000525059611000493,0.08962926805170347
KXNFLCPOTY-26-CMCC,3.0,0.94,3.0,0.05640000000000005,0.0004999999999999943,0.0017000000000000032,0.00012550343457726063,0.07242464401897593,9.08051526143346e-05,0.07525920462835342,0.00023513267951999595,0.07211398658742635
KXFLPRIMARY-25D26-JMOS,30.0,0.87,30.0,0.1131,0.0006250000000000011,0.043524999999999994,0.0013335497891509057,0.23643615502191725,0.0010779980522865377,0.250823368210984,0.0014861395433040869,0.22325949030069667
KXFLPRIMARY-25D26-JMOS,14.0,0.9,14.0,0.08999999999999998,0.00030000000000000057,0.013499999999999988,0.0006183239496540562,0.13957141819248636,0.0005295005918426965,0.1580043479165747,0.000881790946406254,0.14501543577052808
KXFLPRIMARY-25D26-JMOS,7.0,0.9,7.0,0.08999999999999998,0.00030000000000000057,0.0052999999999999966,0.0003256900175651566,0.10990062612934352,0.00024164661611295353,0.1339339564880634,0.0004818634979224642,0.11108859056977566
KXFLPRIMARY-25D26-JMOS,3.0,0.9,3.0,0.08999999999999998,0.00010000000000000018,0.0052999999999999966,0.00016640831438946286,0.09208701279311628,0.00011550311450734407,0.10047065125760601,0.0002283488386668584,0.10641326336483474
KXWMARMAD-25R16G3-SCAR,14.0,0.87,11.0,0.1131,0.0004999999999999964,0.3489500000000001,0.0005646580354640235,0.13169140227555945,0.0004149447398276455,0.15590157276895625,0.0007550280670533901,0.12897849554229296
KXWMARMAD-25R16G3-SCAR,7.0,0.525,7.0,0.24937499999999999,0.0004999999999999964,0.181325,0.0003704706666850819,0.24904021875095556,0.00034391987832660924,0.2616819378371931,0.000291260436001885,0.2483339976775768
KXWMARMAD-25R16G3-SCAR,3.0,0.92,3.0,0.07359999999999997,0.0003999999999999963,0.007399999999999989,0.0001575297416417996,0.07839362255172806,0.0001158443223617011,0.08973884447990986,0.00022837121914665262,0.07879385482011653
KXLALIGAGAME-26AUG23GETSAN-GET,14.0,0.515,14.0,0.249775,0.0006999999999999979,0.31442500000000007,0.0007975244113264299,0.2616957587543797,0.0006202636213712373,0.2752927583579007,0.0006788157358120322,0.2501229811243369
KXLALIGAGAME-26AUG23GETSAN-GET,7.0,0.46,7.0,0.24840000000000004,0.00029999999999999943,0.30350000000000005,0.00039807059372589293,0.25464257875765284,0.0002850646065073102,0.26147772590246804,0.00030759784699472756,0.2507877510733125
KXLALIGAGAME-26AUG23GETSAN-GET,3.0,0.45,3.0,0.24750000000000003,0.00010000000000000018,0.30260000000000004,0.00014688703520108248,0.24970541208108268,0.00013365783932231241,0.2527646678048978,0.00010895753305759868,0.24847204635540748
KXLAMAYOR1R-26-SPRA,30.0,0.31,30.0,0.21389999999999998,0.0013999999999999998,0.0649,0.001622479269189958,0.24904168815582806,0.0013084320132656123,0.27071901721323466,0.0015565304261246319,0.2559117120708783
KXLAMAYOR1R-26-SPRA,14.0,0.22,14.0,0.1716,0.0006000000000000002,0.04100000000000001,0.0008287311889107176,0.20736846653154795,0.0007026734219351241,0.2206393920396161,0.0008298274271922959,0.18841056271461804
KXLAMAYOR1R-26-SPRA,7.0,0.22,7.0,0.1716,0.00019999999999999998,0.0362,0.0005008365642904865,0.19969756016435372,0.00038504064009378127,0.19315616305368466,0.00046292147059377134,0.1846275168797874
KXWCTEAMTOTAL-26JUN14GERCUW-GER1,7.0,0.95,5.0,0.04750000000000004,0.00030000000000000057,0.0010000000000000018,0.0001739559520661783,0.10155094876145851,0.0001730577573967588,0.10585159847166847,0.00022656073438802424,0.10830740847420266
KXWCTEAMTOTAL-26JUN14GERCUW-GER1,3.0,0.94,3.0,0.05640000000000005,0.00020000000000000036,0.0010000000000000018,0.00013692058364798187,0.06502889254035671,0.00011233432511361966,0.06929030222451954,0.00018147804226853999,0.07856356698813735
KXMETGALA-JAC,30.0,0.38,30.0,0.2356,0.0,0.544026,0.0016522685761570358,0.2523737615688221,0.0012949234142675186,0.2874708810498362,0.0015123272112962044,0.2588699010028071
KXMETGALA-JAC,14.0,0.25,14.0,0.1875,0.0,0.322726,0.0007957957389752609,0.2105896284413578,0.0006599540786801247,0.22200749028424455,0.0007981382183524968,0.20736858967192318
KXMETGALA-JAC,7.0,0.47,7.0,0.2491,0.0,0.16612600000000002,0.00037271197315502934,0.25890139457251926,0.00029644823232420874,0.2532371692761183,0.0002745749824731363,0.2513333182475625
KXMETGALA-JAC,3.0,0.46,3.0,0.24840000000000004,0.0,0.097626,0.00015914189279863454,0.2481208600034486,0.00014419872234681111,0.2521804154167819,0.00011190200638199224,0.2463698929869665
KXEPLTOTAL-26AUG29LFCNFO-4,7.0,0.37,7.0,0.2331,0.00015000000000000026,0.3849,0.00040830463236223426,0.23633531839712896,0.0002901923970031907,0.2522008422044729,0.0002814209401444845,0.23692808497080298
KXEPLTOTAL-26AUG29LFCNFO-4,3.0,0.375,3.0,0.234375,2.5000000000000045e-05,0.3845,0.0001557889410589086,0.23468083794447517,0.00012815756818502843,0.25125857088403747,0.00012639453053273,0.23619716809218239
KXMVESPORTSMULTIGAMEEXTENDED-S202627580C2DF2C-87D69729365,3.0,0.08,3.0,0.0736,3.59999999999999e-05,0.005379999999999999,0.00010463392041554623,0.08725169312824985,0.00011316573942481426,0.09057142831846456,0.00016602329863582641,0.09711226654807996
KXWOMHOCKEY-26FEB13CANCHE-CAN,14.0,0.465,9.0,0.24877499999999997,0.00010000000000000018,0.252725,0.0005050424975562622,0.2520313230127573,0.00038934856084541766,0.2598539167089645,0.00038602804001170945,0.24482681538747875
KXWOMHOCKEY-26FEB13CANCHE-CAN,3.0,0.89,3.0,0.09789999999999999,0.0,0.014700000000000001,0.00014222482813859108,0.10590818196747893,0.0001133784104556113,0.11319471547357172,0.00021108171719265133,0.1000950367170259
KXNFLSPREAD-25OCT20HOUSEA-SEA17,7.0,0.14,7.0,0.12040000000000001,0.0004250000000000008,0.05602499999999999,0.0004204733799220037,0.1518695464577603,0.00038213244243169467,0.17495468384661628,0.000380229608594726,0.16322540209083314
KXNFLSPREAD-25OCT20HOUSEA-SEA17,3.0,0.135,3.0,0.116775,0.0,0.05602499999999999,0.00014696941315324886,0.12787311820271174,0.00011538434123904546,0.13592106673975538,0.00017979769114328734,0.12707705698306548
KXWC1H-26JUN21TUNJPN-JPN,14.0,0.395,14.0,0.238975,0.0005250000000000009,0.24524999999999997,0.0008079192803550192,0.24524519850829335,0.0006212853026348733,0.27278951696193177,0.0006738870369007205,0.24957870815050306
KXWC1H-26JUN21TUNJPN-JPN,7.0,0.43,7.0,0.2451,0.0004000000000000007,0.24269999999999997,0.0003774217533686914,0.25481525007697686,0.0003000029833233097,0.2595992185286918,0.0003091376902113187,0.24632877125712124
KXWC1H-26JUN21TUNJPN-JPN,3.0,0.45,3.0,0.24750000000000003,0.00010000000000000018,0.24179999999999996,0.0001516605655882722,0.2494519045036285,0.0001258990550395694,0.253111620465875,0.00012183545107332156,0.2477466503534076
KXWCTCORNERS-26JUN19USAAUS-USA6,7.0,0.6,5.0,0.24,0.0005999999999999966,0.20419999999999994,0.00023142932948042567,0.24294062030594119,0.00022027379616412746,0.25012660276157095,0.00018568848339351363,0.24057565692820831
KXWCTCORNERS-26JUN19USAAUS-USA6,3.0,0.57,3.0,0.2451,0.0004999999999999964,0.20259999999999995,0.00014769019129857552,0.24623696131411513,0.00010688029032983958,0.24511490311493733,0.00011118092784915892,0.24621542023496745
KXMLSGAME-26AUG29CLBNE-NE,14.0,0.44999999999999996,14.0,0.2475,0.00019999999999999925,0.56465,0.0008086176306077739,0.25279488359089874,0.0006475728246086355,0.27300390471089,0.0006678963297392876,0.24876153821803887
KXMLSGAME-26AUG29CLBNE-NE,7.0,0.25,7.0,0.1875,0.00019999999999999925,0.49089999999999995,0.00044462406521095704,0.20588083520434522,0.00035420008266229887,0.2259616295232057,0.0004007652340340471,0.19878777097502898
KXMLSGAME-26AUG29CLBNE-NE,3.0,0.26,3.0,0.19240000000000002,9.999999999999907e-05,0.49049999999999994,0.0001612920398191527,0.19463623117978693,0.00016871816870990975,0.19732924841924426,0.00014965533740236733,0.19867373283175652
KXMVESPORTSMULTIGAMEEXTENDED-S20264B0AC0832EB-6A60329BDF9,3.0,0.066,3.0,0.061644,0.0,0.015523999999999996,0.00012090634271035761,0.09186479418379562,8.171968587943914e-05,0.0980891458320683,0.0001522800022090898,0.09144999117714722
KXNBASPREAD-26JUN03NYKSAS-SAS10,3.0,0.32,3.0,0.2176,0.00010000000000000018,0.0901,0.0001451488106104638,0.22103617553175725,0.0001356457483129433,0.2227250969296729,0.00011912117331313653,0.22201095323195127
KXINTLFRIENDLYGAME-26JUN06BRAEGY-BRA,3.0,0.73,3.0,0.1971,0.0,0.0581,0.0001585778608061396,0.20319502120085764,0.0001250244229428042,0.20391768079416836,0.00013303805184089354,0.1959248503157866
KXEPLGAME-25DEC20BRISUN-SUN,14.0,0.19,14.0,0.1539,0.0014999999999999992,0.0352,0.0008498575922766599,0.20700318939709736,0.0006557204055397293,0.22123137696831044,0.0008483106624436651,0.19908729915339513
KXEPLGAME-25DEC20BRISUN-SUN,7.0,0.19,7.0,0.1539,0.0004999999999999998,0.0334,0.0005006464306182825,0.16063543810813394,0.0004609048519272166,0.19984000910835198,0.0004813818348883923,0.16928664003797259
KXEPLGAME-25DEC20BRISUN-SUN,3.0,0.19,3.0,0.1539,0.0,0.0325,0.00018764448730984362,0.16294786413514195,0.0001737806960567996,0.16367245027446503,0.0001949479934936001,0.16375368092191536
KXMVESPORTSMULTIGAMEEXTENDED-S2026CEE915B38FB-862C3FD4273,14.0,0.5,13.0,0.25,0.0006170000000000011,0.284011,0.0007356043827978543,0.2519581331086286,0.0005531474911936628,0.28555118442769845,0.0005833541085744133,0.24853305432644646
KXMVESPORTSMULTIGAMEEXTENDED-S2026CEE915B38FB-862C3FD4273,7.0,0.427,7.0,0.24467099999999997,0.0006170000000000011,0.253144,0.0003795693851396434,0.2476484040849126,0.00031838267169906516,0.2531465334257436,0.00027095777765963287,0.24569680876530242
KXMVESPORTSMULTIGAMEEXTENDED-S2026CEE915B38FB-862C3FD4273,3.0,0.5,3.0,0.25,0.0006170000000000011,0.244117,0.00014212001560152073,0.24942865311807008,0.00014125700384567472,0.2540163339739214,0.00013890248659775872,0.2490111024244431
KXWCGAME-26JUN17AUTJOR-AUT,30.0,0.71,30.000000000000014,0.20590000000000003,0.0012500000000000024,0.07890000000000001,0.0016629656264565134,0.24039927041282141,0.0012525495108652238,0.269185466118349,0.0017479123042494294,0.23039859834381274
KXWCGAME-26JUN17AUTJOR-AUT,14.0,0.74,14.000000000000014,0.19240000000000002,0.0005000000000000009,0.07890000000000001,0.000799509576774341,0.19801830285896643,0.0006562516673103701,0.23318213870767848,0.0007960602321960366,0.20225974640493952
KXWCGAME-26JUN17AUTJOR-AUT,7.0,0.73,7.000000000000014,0.1971,0.0004000000000000007,0.07890000000000001,0.00043124120857746066,0.21163511068240304,0.0003241853560159232,0.21927944294896334,0.0003956876513282728,0.2052978059394713
KXWCGAME-26JUN17AUTJOR-AUT,3.0,0.73,3.0,0.1971,0.00020000000000000036,0.07850000000000001,0.00015616290486985716,0.20024317429218896,0.00014333895785255635,0.2054929770262947,0.00013098330725119095,0.1984362644655279
KXLALIGAGAME-26APR11SEVATM-TIE,7.0,0.265,7.0,0.194775,0.0005249999999999988,0.07565000000000001,0.0003876272807920015,0.21083578827659796,0.0003863501319529482,0.21042989118950367,0.00037215615669260573,0.2053532365746252
KXLALIGAGAME-26APR11SEVATM-TIE,3.0,0.3,3.0,0.21,0.0003999999999999985,0.07300000000000001,0.00018739968394763766,0.21218890929073436,0.00012176351826641395,0.21966591111929645,0.00012020959948431875,0.21329877805769507
KXJLEAGUEGAME-26APR04MITKAS-KAS,3.0,0.53,3.0,0.2491,0.0,0.2663,0.00015151802859469306,0.25038186689256137,0.00013913671808296344,0.25085898634024767,0.00011801589587003208,0.25033579525293503
KXLEAGUESCUPTOTAL-26AUG04VANALA-2,7.0,0.5,6.0,0.25,0.00010000000000000018,0.7134999999999999,0.0003377547529538193,0.25460558840528413,0.00023266937115711483,0.26057449847331987,0.00024000678615943968,0.2487752653919556
KXLEAGUESCUPTOTAL-26AUG04VANALA-2,3.0,0.84,3.0,0.13440000000000002,0.00010000000000000018,0.5979,0.00015518274386484146,0.1384689274706162,0.0001137705017340673,0.1492373414822335,0.00017947626282434313,0.1413634982284851
KXLIGAMXGAME-26AUG16AMEASL-AME,14.0,0.65,13.0,0.22749999999999998,0.0005000000000000009,0.11699999999999998,0.0006818691445345388,0.24158167685094603,0.0005625127704565608,0.2585539784832147,0.0006461552142565416,0.22491676018154816
KXLIGAMXGAME-26AUG16AMEASL-AME,7.0,0.62,7.0,0.2356,0.0,0.11659999999999998,0.00038284729697125555,0.24801010515469982,0.0003144636160607056,0.2590508503982607,0.00030551393637367563,0.2373539960619276
KXLIGAMXGAME-26AUG16AMEASL-AME,3.0,0.65,3.0,0.22749999999999998,0.0,0.11569999999999998,0.00015045399370316548,0.23029810733862757,0.00012540912022868952,0.2364641304372785,0.00011941259377130812,0.22516473775662582
KXDIMAYORGAME-26AUG04TOLDIM-DIM,3.0,0.27,3.0,0.1971,0.0,0.5793,0.00012512362435921335,0.19877325890645006,0.00010202951570601225,0.20164363320539294,0.00010500012855811574,0.20380550639986478
KXNFLANYTD-26JAN11LACNE-NEHHENRY85,7.0,0.35,6.0,0.22749999999999998,0.00020000000000000036,0.3845,0.0003243581501092742,0.23308550154613397,0.0002854056827094086,0.24890578874176342,0.00026235686991413253,0.23103311016245534
KXNFLANYTD-26JAN11LACNE-NEHHENRY85,3.0,0.37,3.0,0.2331,0.0,0.3845,0.00016122000360608692,0.23666987171986617,0.00012632642051083474,0.23990999215497483,0.00011541563609083448,0.23578408524623184
KXWCTEAMTOTAL-26JUN17AUTJOR-JOR1,7.0,0.515,7.0,0.249775,0.00012500000000000022,0.24099999999999996,0.00038190341071736724,0.2515188963721624,0.0002920640756098283,0.25684183471217825,0.00029130329642863703,0.2523012038134201
KXWCTEAMTOTAL-26JUN17AUTJOR-JOR1,3.0,0.51,3.0,0.2499,0.00010000000000000018,0.24019999999999997,0.00015307257237668687,0.2510482052304193,0.000126087232896678,0.2551008763132179,0.00010757801079147898,0.2501748902265707
KXTRUMPSAY-26JUL06-TDS,7.0,0.69,7.0,0.2139,0.0,0.15350000000000003,0.00038715844130423396,0.22135674949870346,0.00031889176110185517,0.23169916248231467,0.0003376239050530973,0.2165824850567085
KXTRUMPSAY-26JUL06-TDS,3.0,0.48,3.0,0.2496,0.0,0.12600000000000003,0.00016426350230319974,0.2498017778575737,0.00011984811012147305,0.24908104461903996,0.00010475771583043098,0.2506035346418291
KXNCAAMBBWEST-26-UCI,14.0,0.275,9.958333333333334,0.199375,0.00030000000000000057,0.41362499999999996,0.0006065793447675608,0.21887423714765608,0.00046246856130874715,0.2255525530819478,0.0005415304562042165,0.2122176585376313
KXNCAAMBBWEST-26-UCI,7.0,0.36,6.958333333333334,0.2304,0.00030000000000000057,0.3867,0.00038782453858517976,0.2347016430220789,0.0003345232884818319,0.23574326865071768,0.00029935422662663634,0.23066295447980992
KXNCAAMBBWEST-26-UCI,3.0,0.4,3.000000000000001,0.24,0.0,0.3858,0.00021148635634100034,0.24087378058242784,0.0001972847272678665,0.24633574060915214,0.00014486825151114856,0.23984547164011982
KXWC1H-26JUN22FRAIRQ-FRA,30.0,0.685,18.0,0.21577499999999997,0.0011249999999999988,0.0685,0.0009849234788524097,0.22267249344413542,0.0007926393296763988,0.2754544742204223,0.0009640515863546564,0.22040809076068613
KXWC1H-26JUN22FRAIRQ-FRA,14.0,0.685,14.0,0.21577499999999997,0.0009749999999999974,0.0685,0.0007219492403262035,0.22731184371419086,0.0006086515812768427,0.25793255355761474,0.0006656499302357169,0.22420674963540377
KXWC1H-26JUN22FRAIRQ-FRA,7.0,0.705,7.0,0.20797500000000002,0.0005250000000000009,0.06770000000000001,0.0004105145744090698,0.21205650701036782,0.00031494157964876215,0.2293130983010984,0.0003394582137387342,0.2142586183341566
KXWC1H-26JUN22FRAIRQ-FRA,3.0,0.72,3.0,0.2016,0.00010000000000000018,0.06770000000000001,0.0001774771405827389,0.20332403918766817,0.00014386095489916668,0.2087429900959278,0.00011787099772126655,0.20331100839030833
KXALLSVENSKANGAME-26JUL17IFKBRO-IFK,3.0,0.5,3.0,0.25,0.00010000000000000018,0.2219,0.00016524254426967378,0.2501992970285205,0.00013664542223914235,0.2647999655355,0.00011998501744824989,0.2498075298604185
KXWCTOTAL-26JUN22FRAIRQ-4,30.0,0.39,18.0,0.2379,0.0009750000000000017,0.277525,0.0009660796254060806,0.24772584892079444,0.0007782560877248128,0.2864282977619498,0.0009275833872091682,0.2476305919451589
KXWCTOTAL-26JUN22FRAIRQ-4,14.0,0.4,14.0,0.24,0.0004250000000000008,0.277525,0.0007550913058219209,0.24496573782918318,0.0005687062173774447,0.281704613604009,0.0006478903612734132,0.24200366087926078
KXWCTOTAL-26JUN22FRAIRQ-4,7.0,0.43,7.0,0.2451,0.00020000000000000036,0.27290000000000003,0.0003856289944152232,0.24510384107687996,0.00031351169498477604,0.2590804952381562,0.0002831614486522741,0.24807571307539164
KXWCTOTAL-26JUN22FRAIRQ-4,3.0,0.5,3.0,0.25,0.00010000000000000018,0.27090000000000003,0.00015780914154295934,0.2518129442115592,0.00014745813939909616,0.24974443772972676,0.00012610519709789248,0.2503229501638611
KXUECLGAME-26AUG20TWEQAR-QAR,7.0,0.41500000000000004,7.0,0.24277500000000002,0.00037500000000000066,0.7270500000000001,0.0003733603518535231,0.24337085673166164,0.000316687144310431,0.24880568082237903,0.00030536878260237985,0.24425704297302717
KXUECLGAME-26AUG20TWEQAR-QAR,3.0,0.16499999999999998,3.0,0.13777499999999998,0.00012500000000000022,0.6562000000000001,0.0002144005430677651,0.1458734611897838,0.0001813932365531676,0.15203232299003913,0.00020410468629516602,0.14008045668264235
KXUFCFIGHT-26SEP01SMILIV-LIV,7.0,0.83,6.0,0.14110000000000003,0.0,0.17789999999999995,0.000292598147244902,0.15896104857627835,0.0002642666547861766,0.1600087897334668,0.00035519116886580424,0.1455254945215326
KXUFCFIGHT-26SEP01SMILIV-LIV,3.0,0.55,3.0,0.2475,0.0,0.13369999999999999,0.00016837588025816325,0.24578901936913553,0.00013420131418823616,0.24954983984259343,0.00011280770914989562,0.2474748508358899
KXNCAAFGAME-25NOV15AFACONN-CONN,14.0,0.585,13.041666666666666,0.24277500000000002,0.0004250000000000019,0.11649999999999998,0.0007845307292322816,0.2503742112388951,0.0006548270250724419,0.2653725705593644,0.0006496235650787175,0.24342908562222265
KXNCAAFGAME-25NOV15AFACONN-CONN,7.0,0.84,6.999999999999999,0.13440000000000002,0.00030000000000000057,0.07450000000000001,0.00037295924772508086,0.15503327885055856,0.0003121874716104473,0.15308921934961206,0.00043807090764535675,0.1411414174977839
KXNCAAFGAME-25NOV15AFACONN-CONN,3.0,0.72,3.0,0.2016,0.00010000000000000018,0.06770000000000001,0.00015269219809435665,0.2020890083683459,0.00012444480082522273,0.2076472810141723,0.00011438072581329621,0.19972552761334364
KXUFCFIGHT-26MAY30SONFIG-FIG,7.0,0.2,6.0,0.16000000000000003,0.00020000000000000036,0.028999999999999995,0.00045411520387561924,0.17583375226143502,0.00044006346332633507,0.17025638477118055,0.00042050862513758725,0.1781378861026216
KXUFCFIGHT-26MAY30SONFIG-FIG,3.0,0.18,3.0,0.1476,0.0,0.028999999999999995,0.00020027875662980004,0.15416543465677546,0.00019128917203415158,0.16212039304581982,0.00018456990544543934,0.14985342339347618
KXEPLTOTAL-26AUG22HULMUN-4,7.0,0.33499999999999996,7.0,0.222775,7.499999999999957e-05,0.13859999999999997,0.0003702875958882837,0.2299171901998267,0.000298168472895535,0.24582434926935492,0.00032211104297424404,0.22482585950912015
KXEPLTOTAL-26AUG22HULMUN-4,3.0,0.345,3.0,0.22597499999999998,2.499999999999949e-05,0.13859999999999997,0.00017214457424224381,0.22821633300567082,0.00013839025942266017,0.2308001348210545,0.00011644436282916827,0.22690829212506977
KXPGARYDERTOP-25-RMCI,14.0,0.1,9.0,0.09000000000000001,0.0001999999999999998,0.030600000000000002,0.0003583095452163887,0.1683313263741159,0.0003534013184056814,0.16674697675140548,0.0003692409383942299,0.15696281536858195
KXPGARYDERTOP-25-RMCI,7.0,0.07,7.0,0.0651,9.99999999999999e-05,0.0302,0.00025893358122219264,0.14245299087719057,0.00025027973761158716,0.15336872210365063,0.0002745747077962314,0.11662240280809494
KXPGARYDERTOP-25-RMCI,3.0,0.1,3.0,0.09000000000000001,9.99999999999999e-05,0.029300000000000003,0.00013747303549133227,0.10793521900951482,0.00010627684374336262,0.10505645721798577,0.00015262972745540998,0.10866900606420586
KXUCLGAME-26MAR10ATABMU-BMU,14.0,0.69,10.958333333333334,0.2139,0.0006999999999999967,0.147,0.0006181636851644302,0.22291033015486664,0.0004899422878101615,0.2396061555902852,0.0005384472064805296,0.21279759373716733
KXUCLGAME-26MAR10ATABMU-BMU,7.0,0.63,6.958333333333334,0.2331,0.00020000000000000036,0.1445,0.0003644314567921975,0.23888891789015276,0.00027534063208781184,0.23380505121587852,0.00029335206059989775,0.23212326394084454
KXUCLGAME-26MAR10ATABMU-BMU,3.0,0.62,2.958333333333334,0.2356,0.00010000000000000018,0.1445,0.0001708216507589913,0.23620980222752422,0.000131742338077931,0.24035628547582416,0.00011059905379123221,0.23641149474453393
KXSAUDIPLGAME-26SEP05ITJALN-TIE,7.0,0.25,7.0,0.1875,0.00010000000000000018,0.0398,0.00041296676869958865,0.20268713361974633,0.00041509874276103934,0.20328261888847782,0.0003957846162976242,0.1969156612230698
KXSAUDIPLGAME-26SEP05ITJALN-TIE,3.0,0.19,3.0,0.1539,5.000000000000009e-05,0.0362,0.00018687649267095632,0.16133342138183976,0.0001851630558552816,0.1723640881494813,0.000186277426575492,0.16179299727131416
KXSERIEAGAME-26AUG30NAPCOM-TIE,14.0,0.42000000000000004,14.0,0.2436,0.00037500000000000066,0.11317500000000001,0.0007147269562579886,0.25076221960782413,0.0006000493979813507,0.27321253367657233,0.0006744703305221793,0.24625356753708938
KXSERIEAGAME-26AUG30NAPCOM-TIE,7.0,0.3,7.0,0.21,0.00030000000000000057,0.10250000000000001,0.0003809697904534905,0.22626908133052553,0.00033012345103153036,0.22451601401542567,0.0003731037826573647,0.2122342139510058
KXSERIEAGAME-26AUG30NAPCOM-TIE,3.0,0.32,3.0,0.2176,0.00010000000000000018,0.10250000000000001,0.00017127642324462554,0.22119091159803403,0.0001235307791911786,0.22978666804312414,0.0001321054813889837,0.21656730958234352
KXNFLSPREAD-26AUG20SFLAC-SF11,3.0,0.175,3.0,0.14437499999999998,0.0,0.30632499999999996,0.00020537164768808232,0.15054607140784382,0.00019287972665427887,0.1533474117854426,0.0001889824210543486,0.15458373085337324
KXMLSGAME-26AUG19NYRBNSH-TIE,14.0,0.26,14.0,0.19240000000000002,0.0005500000000000009,0.0626,0.0008496455996713326,0.20668559196729724,0.0006440537500769905,0.2530361124349984,0.0007585220847186522,0.21098391392836743
KXMLSGAME-26AUG19NYRBNSH-TIE,7.0,0.26,7.0,0.19240000000000002,0.00020000000000000036,0.0626,0.00042441315286020545,0.20209273438124767,0.0003905130787996358,0.20363780567632006,0.00040275987367830807,0.19516608777612277
KXMLSGAME-26AUG19NYRBNSH-TIE,3.0,0.26,3.0,0.19240000000000002,0.0,0.0626,0.00018778410502482418,0.19170334112290363,0.00014233185706563015,0.19859613409243998,0.00014718763346886624,0.20040482686894873
KXWCSOA-26JUL11ARGSUI-ARGLMESSI10,3.0,0.66,3.0,0.2244,0.0,0.613,0.00015459961492661934,0.22493324986068614,0.000125734135121956,0.22971790355468763,0.00013755375536251307,0.22771260979825741
KXNCAAFGAME-25NOV01MIASMU-SMU,14.0,0.25,14.0,0.1875,0.00030000000000000057,1.17515,0.0007804560845224545,0.21177230768944624,0.0007061717818953381,0.2278999470141631,0.0007769371682834663,0.20886932792494461
KXNCAAFGAME-25NOV01MIASMU-SMU,7.0,0.44,7.0,0.24640000000000004,0.00030000000000000057,0.6265,0.00035633124254059025,0.24794928576550326,0.0002814338190827018,0.2662109940661872,0.000260723271786617,0.2500747908317303
KXNCAAFGAME-25NOV01MIASMU-SMU,3.0,0.22,3.0,0.1716,0.00010000000000000018,0.5781,0.0002108519557546904,0.17945384808502468,0.00018944424652787516,0.18196490180869837,0.000168928865154073,0.1804934299790882
KXFEDCHAIRCONFIRMED-26MAY15,30.0,0.55,30.0,0.2475,0.0015020000000000003,0.33905199999999996,0.001567057028945361,0.26378650407314547,0.001277028221968994,0.31427361747291244,0.0015598888381211234,0.2553599803863902
KXFEDCHAIRCONFIRMED-26MAY15,14.0,0.92,14.0,0.07359999999999997,0.0006770000000000013,0.0025549999999999974,0.0005822067263457479,0.1369012002575416,0.000519570363573283,0.15105930399117606,0.0008996835052732913,0.12443424313285661
KXFEDCHAIRCONFIRMED-26MAY15,7.0,0.95,7.0,0.04750000000000004,0.000527000000000001,1.0000000000000019e-06,0.00025929216471476564,0.11292031209641681,0.00022347642381100236,0.13144032054000693,0.0003281286456546485,0.12755061242264557
KXWCGAME-26JUN17GHAPAN-GHA,30.0,0.495,30.000000000000014,0.249975,0.0016250000000000008,0.31410000000000005,0.00161313294698208,0.26825928184976866,0.0012920743463361627,0.3194874181768089,0.0015765562338403247,0.2580624686573883
KXWCGAME-26JUN17GHAPAN-GHA,14.0,0.48,14.000000000000014,0.2496,0.000699999999999999,0.31370000000000003,0.0008757170841725001,0.2546179099181775,0.0006977041071513788,0.2724703739423713,0.0006680458132508954,0.2512646751535456
KXWCGAME-26JUN17GHAPAN-GHA,7.0,0.45,7.000000000000014,0.24750000000000003,0.00020000000000000036,0.31370000000000003,0.00041504279835567694,0.24839039810793964,0.00033376036414565076,0.24956583018729567,0.0003178256021234664,0.24731315769443896
KXWCGAME-26JUN17GHAPAN-GHA,3.0,0.44,3.0,0.24640000000000004,0.00010000000000000018,0.31370000000000003,0.00016553652653494017,0.2464481071428546,0.00012019846414541467,0.24601366663674695,0.00011382375622972288,0.24734179544372545
KXTRUMPMENTION-26FEB28-FAKE,7.0,0.5,7.0,0.25,0.00010000000000000018,0.28750000000000003,0.0003852968420059672,0.25125912999366756,0.00029266152801273455,0.2562734643396732,0.000314166617986841,0.25050075762677687
KXTRUMPMENTION-26FEB28-FAKE,3.0,0.47,3.0,0.2491,0.0,0.28390000000000004,0.00016209252643998592,0.25062247103402674,0.00013873652101927697,0.2566075644943927,0.00011040760628310463,0.24821954688960435
KXSTARMERMENTIONB-26FEB19-TAX,7.0,0.08,7.0,0.0736,0.0001,0.0036999999999999997,0.00024837702059711466,0.149141201265213,0.0002523917185914506,0.14411765889456377,0.00027288623722145793,0.14199167895853504
KXNFLGAME-25SEP04DALPHI-PHI,30.0,0.72,30.0,0.2016,0.0014500000000000027,0.04205,0.001673490835439277,0.23363398670994046,0.001264836965432153,0.2887103536279703,0.001732264905167437,0.22920346268314645
KXNFLGAME-25SEP04DALPHI-PHI,14.0,0.75,14.0,0.1875,0.0007000000000000013,0.01939999999999999,0.0007667540646843651,0.19964103351962997,0.0006149007579152252,0.22878501219203315,0.0007784746743968886,0.19404366715857177
KXNFLGAME-25SEP04DALPHI-PHI,7.0,0.77,7.0,0.17709999999999998,0.00010000000000000018,0.01939999999999999,0.0003986289353012088,0.17783751501450532,0.00028271859674751696,0.20454753627397426,0.0003235085000114011,0.18577319101410125
KXNFLGAME-25SEP04DALPHI-PHI,3.0,0.8,3.0,0.15999999999999998,0.0,0.01819999999999999,0.00017548003003530093,0.16626554382293088,0.00015011312023529864,0.16966669858877378,0.00015511500272588527,0.1618286272122743
KXNFLGAME-25DEC21ATLARI-ARI,14.0,0.5,13.0,0.25,0.00010000000000000018,0.18389999999999992,0.0007720270718941636,0.25962976896276513,0.0005643864503291282,0.2684551310072006,0.0006273572961556827,0.2534669930054084
KXNFLGAME-25DEC21ATLARI-ARI,7.0,0.46,7.0,0.24840000000000004,0.0,0.16139999999999996,0.00037832810172178793,0.24601317808887432,0.00033118402858591786,0.25732928034465863,0.00031198311985474803,0.2476400673015415
KXNFLGAME-25DEC21ATLARI-ARI,3.0,0.43,3.0,0.2451,0.0,0.16049999999999998,0.00014645957828445896,0.2497757039873378,0.00012977112409537982,0.25083079892341825,0.0001259228590739757,0.24481472397216453
KXWCFTTS-26JUL14FRAESP-FRA,3.0,0.53,3.0,0.2491,0.00020000000000000036,0.2917,0.0001656535903606679,0.24902215236795708,0.00014649406547252318,0.25384187779138473,0.000136164026983136,0.24879447643625446
KXMVESPORTSMULTIGAMEEXTENDED-S20269AF0298A411-E5DE76B8566,7.0,0.096,5.0,0.086784,0.00022600000000000002,0.005000000000000001,0.00019913128587273717,0.10672796169112037,0.00015679529541193734,0.13901989101726547,0.00021289054406922322,0.12100138576837464
KXMVESPORTSMULTIGAMEEXTENDED-S20269AF0298A411-E5DE76B8566,3.0,0.083,3.0,0.07611100000000001,2.9000000000000054e-05,0.005000000000000001,0.00011743094379646963,0.09466688627882863,0.0001042774551208531,0.11799652708492822,0.00016391514732155,0.09029124827643502
KXWC1H-26JUN18CANQAT-TIE,14.0,0.395,14.0,0.238975,0.0010000000000000018,0.11672499999999998,0.0007744411047021521,0.2522031980279944,0.0005954706231227827,0.25264654924024105,0.0007177285261812016,0.24251886857522295
KXWC1H-26JUN18CANQAT-TIE,7.0,0.395,7.0,0.238975,0.00037500000000000066,0.11609999999999998,0.00038716431371585566,0.23988928736215612,0.00028078510605113616,0.25565000064344595,0.00030815572316380776,0.238094237938662
KXWC1H-26JUN18CANQAT-TIE,3.0,0.345,3.0,0.22597499999999998,2.5000000000000045e-05,0.11569999999999998,0.00016662171722040694,0.23191765307655243,0.00012674058144944645,0.24300408016469954,0.0001079138029033475,0.23037335571073583
KXMLBGAME-26AUG102210KCLAD-KC,3.0,0.28,3.0,0.2016,0.00010000000000000018,0.2516999999999999,0.00014054455426439367,0.2036440295713674,0.00012065999830408385,0.2096859350565985,0.00010634202378737266,0.20611099713767533
KXNFLTOTAL-25NOV16DETPHI-41,7.0,0.505,5.0,0.249975,0.00012500000000000022,0.45620000000000005,0.00025108157560972563,0.2503807992382334,0.00021227650217255824,0.25774138244100336,0.00021174817536904442,0.25172299323569747
KXNFLTOTAL-25NOV16DETPHI-41,3.0,0.65,3.0,0.22749999999999998,0.00010000000000000018,0.43660000000000004,0.00014564504407793528,0.22869658918972205,0.00013014470160107336,0.23040530972915133,0.00012848182198301738,0.23207208806877858
KXBUNDESLIGAGAME-26APR18SGERBL-RBL,7.0,0.49,7.0,0.2499,0.0004999999999999987,0.251,0.00036533035436746465,0.2525250770287408,0.0003030297419047374,0.2599618098200207,0.00031097027445017465,0.24767812542323975
KXBUNDESLIGAGAME-26APR18SGERBL-RBL,3.0,0.49,3.0,0.2499,0.0,0.2501,0.00016756362587112464,0.2510522346888544,0.00013695962700874159,0.2551601087280638,0.0001186569953855544,0.2501751216754154
KXMVESPORTSMULTIGAMEEXTENDED-S202640F76FB85B8-09185B3C0A1,3.0,0.082,3.0,0.07527600000000001,1.5999999999999918e-05,0.194906,0.00012475649723096697,0.09202945546399985,0.00011865842995310714,0.08707240664456965,0.00017404522251324346,0.10215114018923785
KXWC1HSPREAD-26JUN18CANQAT-CAN2,14.0,0.5,14.0,0.25,0.0013999999999999972,0.64795,0.0008144904901194386,0.26032853106569803,0.0006464568940335472,0.28994811579716084,0.0006904442817063388,0.25355274691176666
KXWC1HSPREAD-26JUN18CANQAT-CAN2,7.0,0.20500000000000002,7.0,0.162975,0.0009499999999999986,0.563225,0.00047562413166080266,0.18106855509396752,0.0004665194770901273,0.1792973833370584,0.00047253871319824574,0.17986763854104296
KXWC1HSPREAD-26JUN18CANQAT-CAN2,3.0,0.25,3.0,0.1875,0.0004999999999999993,0.5626,0.0001734030156280958,0.1897716764046161,0.0001477400066872904,0.19438099907016526,0.00015132073640465303,0.1896111732873962
KXNCAAFGAME-25OCT11CHARARMY-CHAR,7.0,0.16999999999999998,7.0,0.1411,0.0006999999999999996,0.012199999999999999,0.0005245994893843017,0.1661128694923542,0.00040174012051391996,0.1882316044389993,0.00048711553320082533,0.16887373769349318
KXNCAAFGAME-25OCT11CHARARMY-CHAR,3.0,0.13,3.0,0.1131,0.00010000000000000018,0.012199999999999999,0.0001663256883628987,0.1256296682754564,0.0001328438576963427,0.1282939342789949,0.00016753064369318354,0.1284961896852183
KXNFLGAME-25NOV16LACJAC-LAC,14.0,0.55,9.0,0.2475,0.0004000000000000007,0.3621,0.00046769026033654284,0.2494599799355297,0.00040002568509771015,0.2635005805793169,0.00037929858922033683,0.246974156465875
KXNFLGAME-25NOV16LACJAC-LAC,7.0,0.59,7.0,0.2419,0.0004000000000000007,0.3605,0.00038709121475022606,0.24373793197961077,0.00031480582614168645,0.262996899484884,0.00029800132885027416,0.24078198301587253
KXNFLGAME-25NOV16LACJAC-LAC,3.0,0.6,3.0,0.24,0.00010000000000000018,0.3605,0.0001622570097273263,0.24179197008224584,0.00013556085041058606,0.24009276213276515,9.953068270397516e-05,0.23908343198123277
KXCOPPAITALIAGAME-26SEP02UDIVEN-UDI,14.0,0.43000000000000005,14.0,0.2451,0.00010000000000000018,0.3739999999999999,0.0008112899398844544,0.2508704812738964,0.0006468702844162102,0.27726054316096643,0.0006389139809207333,0.24258267632533637
KXCOPPAITALIAGAME-26SEP02UDIVEN-UDI,7.0,0.42000000000000004,7.0,0.2436,0.0,0.3739999999999999,0.0003648888671672579,0.24879701390097808,0.0002720949360267781,0.24902638511169833,0.0002826879607052623,0.24610258699784482
KXCOPPAITALIAGAME-26SEP02UDIVEN-UDI,3.0,0.5,3.0,0.25,0.0,0.24019999999999997,0.00015401902994583968,0.2514351147063882,0.00013971349021896316,0.26248125721819593,0.00010029944173176241,0.2487703891389655
KXNCAAFGAME-25NOV29MDMSU-MD,14.0,0.5800000000000001,13.0,0.24359999999999998,0.0002249999999999993,0.221575,0.0006801429165943473,0.2549440945035539,0.0005704058443314357,0.29011560394427177,0.0006315706133600626,0.24563303510798234
KXNCAAFGAME-25NOV29MDMSU-MD,7.0,0.585,7.0,0.24277500000000002,0.00020000000000000036,0.16772499999999996,0.00037895684460621,0.24232402233847883,0.00030942082395617914,0.25496489825395074,0.00027961743914518665,0.2442580034322116
KXNCAAFGAME-25NOV29MDMSU-MD,3.0,0.38,3.0,0.2356,0.00010000000000000018,0.12969999999999998,0.0001718168228451764,0.24013716682183692,0.00014171617716441523,0.23853569048091436,0.00011165588056923198,0.23532901463990946
KXEPLGAME-25NOV03SUNEVE-TIE,14.0,0.3,14.041666666666666,0.21,0.0005250000000000009,0.4831250000000001,0.0008048252098900485,0.2330428322113373,0.0006909998098515066,0.2594905744057648,0.0008485792717057444,0.2221570294932475
KXEPLGAME-25NOV03SUNEVE-TIE,7.0,0.3,7.041666666666666,0.21,0.0003250000000000006,0.4831250000000001,0.000460083593997668,0.2199548909226856,0.00037355499112316017,0.23861094371833083,0.0003853940760706439,0.20756067781555312
KXEPLGAME-25NOV03SUNEVE-TIE,3.0,0.31,3.041666666666666,0.21389999999999998,0.0002250000000000004,0.4831250000000001,0.00023158136444277646,0.2157755581189379,0.000182033551769432,0.22597833683136442,0.0001820459655230468,0.21685031359702087
KXWCTOTAL-26JUN20ECUCUW-2,14.0,0.775,14.0,0.17437499999999997,0.0009499999999999961,0.692525,0.0007130674136964114,0.1844739375806185,0.0006134294710371812,0.2162306247518561,0.0007596940376775787,0.18658685148762907
KXWCTOTAL-26JUN20ECUCUW-2,7.0,0.81,7.0,0.15389999999999995,0.00020000000000000036,0.6919,0.0003638123068937743,0.16347187628961546,0.0003513846637675064,0.17076934704390104,0.00046764691197441667,0.16319329526377127
KXWCTOTAL-26JUN20ECUCUW-2,3.0,0.86,3.0,0.12040000000000001,0.00010000000000000018,0.6899,0.0001523121808976584,0.12789365065074723,0.00012046322844285871,0.1300254635609843,0.00018540533858800912,0.125672499555828
KXNCAAFGAME-25NOV08JVSTUTEP-JVST,7.0,0.64,7.041666666666666,0.2304,0.0005250000000000009,0.241525,0.0004357335042373587,0.23299858513028776,0.0003145689925484881,0.25011944473160974,0.0003442127698160732,0.23020525678838943
KXNCAAFGAME-25NOV08JVSTUTEP-JVST,3.0,0.52,2.999999999999999,0.2496,0.00010000000000000018,0.23049999999999998,0.00015328298485110117,0.2549361121800501,0.0001393591410763136,0.2595316190480741,0.00012881146117978327,0.24842436597720238
KXEPLGAME-26JAN01CRYFUL-FUL,14.0,0.385,14.0,0.236775,0.0005499999999999987,0.089025,0.0007528454328236837,0.24712667428170212,0.0005807648167839535,0.2898162895582822,0.0006866699059297131,0.24335557746818598
KXEPLGAME-26JAN01CRYFUL-FUL,7.0,0.28,7.0,0.2016,0.00019999999999999814,0.07300000000000001,0.000397029403041182,0.21939442875706994,0.00034633070245127895,0.23168006808402603,0.0003886817968211305,0.21071279102889823
KXEPLGAME-26JAN01CRYFUL-FUL,3.0,0.29,3.0,0.20589999999999997,9.999999999999907e-05,0.07300000000000001,0.00012290223264488348,0.21015076030047133,0.00012583184047926333,0.2097436496740042,0.00010306172210251069,0.20667446998821337
KXWCGAME-26JUN14NEDJPN-TIE,30.0,0.25,30.000000000000014,0.1875,0.0007000000000000013,0.5193,0.0016643380297190103,0.24745244186539372,0.0015241310197081288,0.27155039449522067,0.0016336501672311499,0.24367894844871663
KXWCGAME-26JUN14NEDJPN-TIE,14.0,0.26,14.000000000000014,0.19240000000000002,0.00030000000000000057,0.5188999999999999,0.0008241367958177165,0.2161341318880355,0.0006914215998623266,0.24194200675231237,0.0008033075440403669,0.21290255370875283
KXWCGAME-26JUN14NEDJPN-TIE,7.0,0.26,7.000000000000014,0.19240000000000002,0.00010000000000000018,0.5185,0.00048454903698681826,0.2045270285425012,0.0003863336672451157,0.21468335369140537,0.0004175631161448175,0.19980795098103366
KXWCGAME-26JUN14NEDJPN-TIE,3.0,0.27,3.000000000000014,0.1971,0.0,0.5185,0.00018921549840580722,0.2047334918783782,0.00018494490990039302,0.1999513429067432,0.00015423155359940897,0.19685979000717144
KXATPMATCH-26JUN29BONDIA-BON,3.0,0.46,3.0,0.24840000000000004,0.0,0.2526,0.00014834863565566563,0.24737206776847986,0.0001457820432686893,0.2519111877789072,0.00010852122249996924,0.24879726231405455
KXUCLGAME-26AUG18LEVAEK-AEK,7.0,0.48,7.0,0.2496,0.0005999999999999989,0.14859999999999998,0.0003948183932653104,0.25124638162902285,0.00030415421044320914,0.2748336699937532,0.0002861546199088168,0.2508478290842009
KXUCLGAME-26AUG18LEVAEK-AEK,3.0,0.39,3.0,0.2379,0.00010000000000000018,0.13699999999999998,0.0001623576238280699,0.23730809343994275,0.00012786957673521275,0.23983277470552014,0.00010916777353930155,0.2375240321815461
KXNASCARRACE-AND26-SHVA,7.0,0.58,6.0,0.2436,0.00010000000000000018,0.4131,0.00033278096584118337,0.24410775744117097,0.00024040597319640819,0.25336112039326236,0.0002571523333409331,0.24399747281380438
KXNASCARRACE-AND26-SHVA,3.0,0.61,3.0,0.2379,0.00010000000000000018,0.4122,0.00015184523465170533,0.24018027548048715,0.00010979244632853425,0.23994237802917673,0.00013896909036725452,0.23976728134732533
KXATPMATCH-26AUG30BURKHA-KHA,3.0,0.77,3.0,0.17709999999999998,0.00010000000000000018,0.04419999999999999,0.0001487453108310382,0.1823423806510878,0.00012996743207881875,0.1956704911934357,0.00013406755621323425,0.17901920310454217
KXSERIEAGAME-26AUG24ROMFIO-FIO,14.0,0.15500000000000003,14.0,0.130975,0.0016249999999999988,0.0334,0.000782188216382922,0.1895093374338793,0.0007415635385552577,0.1751725815697978,0.0008296353993999816,0.18398723616945425
KXSERIEAGAME-26AUG24ROMFIO-FIO,7.0,0.17,7.0,0.1411,0.0006,0.0325,0.0004995378226893719,0.16223319353058557,0.0004248041749861531,0.18604601734224388,0.0004757873989214148,0.16285527635403735
KXSERIEAGAME-26AUG24ROMFIO-FIO,3.0,0.17,3.0,0.1411,0.0003999999999999996,0.0325,0.0002077946542836687,0.15121726494141094,0.00018085264035769537,0.15260635538902778,0.00023187354884650758,0.1494804208004371
KXNCAAFGAME-25SEP20BSUAFA-BSU,7.0,0.64,7.0,0.2304,0.00010000000000000018,0.05949999999999999,0.00036987992659591614,0.22962656156635802,0.0003048007725675201,0.24815410345248032,0.0002987430154981455,0.22740791090592494
KXNCAAFGAME-25SEP20BSUAFA-BSU,3.0,0.74,3.0,0.19240000000000002,0.00010000000000000018,0.04169999999999999,0.00016898569816945722,0.19364509952063608,0.00015285009283393181,0.20150343604317716,0.0001445296950577106,0.19542336302295593
KXMVECROSSCATEGORY-S20260A836104A88-0D873E66645,7.0,0.5,7.0,0.25,0.0,0.611738,0.00038234910648698794,0.24979782508471027,0.00026696575932953857,0.25182829349375463,0.0003225533443984615,0.24993949721492995
KXMVECROSSCATEGORY-S20260A836104A88-0D873E66645,3.0,0.5,3.0,0.25,0.0,0.611738,0.00016551461691022257,0.2516216826394673,0.00011296223075479508,0.24993506348102176,0.00011400802484578965,0.24890387604312156
KXNCAAFTOTAL-25DEC30USCTCU-55,14.0,0.5,9.0,0.25,0.00020000000000000036,0.9464,0.0005179461129331209,0.2534758590562992,0.00036882457078341507,0.26020952152004173,0.000390588267790178,0.24905225218323312
KXNCAAFTOTAL-25DEC30USCTCU-55,7.0,0.52,7.0,0.2496,0.00020000000000000036,0.9430000000000001,0.00035664933197228116,0.25826320980428824,0.0003163823011327626,0.2556244799737403,0.00029930146858820115,0.24693432277389607
KXNCAAFTOTAL-25DEC30USCTCU-55,3.0,0.5,3.0,0.25,0.0,0.9430000000000001,0.00013561477813413844,0.25212071582140827,0.00013995894490810681,0.24881260096485697,0.00010757581571168045,0.2507155883998095
KXNFLPREPACKSGP-25DEC27HOULAC-LACO39,3.0,0.32,3.0,0.2176,0.00020000000000000036,0.0842,0.00015011946675077759,0.2194194387845372,0.00012154760692824313,0.22815820728873867,0.00013734469361137652,0.218525579761894
KXSOL150-26JAN01,14.0,0.21,14.0,0.1659,0.0006999999999999998,0.5176000000000001,0.0007875728528695011,0.19354480844287317,0.0007839504188120697,0.222231452844454,0.0008570726424350972,0.1985483261939588
KXNCAAFSPREAD-26AUG29MEMUNLV-UNLV8,30.0,0.5,20.0,0.25,0.0005499999999999976,0.3085,0.001126599135914954,0.2604379840450593,0.0009365398455444218,0.28092353270138604,0.000937840419432591,0.2498631465516202
KXNCAAFSPREAD-26AUG29MEMUNLV-UNLV8,14.0,0.5,14.0,0.25,0.0005249999999999976,0.27687500000000004,0.0007669206533487322,0.2616223492735033,0.0005995061001101733,0.2740191216328659,0.0006863854329902439,0.25182991609081024
KXNCAAFSPREAD-26AUG29MEMUNLV-UNLV8,7.0,0.42,7.0,0.2436,0.00042499999999999857,0.218925,0.00039046191077943374,0.2529702577463442,0.0002979980518994895,0.25836114521544906,0.00029940122592160274,0.24521906190218984
KXNCAAFSPREAD-26AUG29MEMUNLV-UNLV8,3.0,0.33,3.0,0.2211,0.0003999999999999985,0.2147,0.00018824153185099647,0.2250120699282763,0.00014102392466340769,0.2324888795308221,0.00011734575339996632,0.2219059927485036
KXNFLSPREAD-25NOV28CHIPHI-CHI2,14.0,0.5,10.0,0.25,0.0008249999999999984,0.6363249999999999,0.0005727057962805551,0.24877866492851006,0.00042585470242065217,0.26612561953433006,0.000435538870702592,0.252767086787396
KXNFLSPREAD-25NOV28CHIPHI-CHI2,7.0,0.20500000000000002,7.0,0.162975,0.0008249999999999984,0.5493,0.0004863419075095547,0.184556605757899,0.0004174528417782976,0.18596334499549644,0.00047999883750907276,0.18456247715098306
KXNFLSPREAD-25NOV28CHIPHI-CHI2,3.0,0.24,3.0,0.1824,0.0004999999999999993,0.5477,0.00015482957769363806,0.19009165615534573,0.00013794671992664235,0.19450586953325058,0.0001596871380617959,0.1868117929610345
KXWC1HTOTAL-26JUL10ESPBEL-3,3.0,0.11,3.0,0.0979,0.0002000000000000001,0.014500000000000002,0.00014106461912773326,0.11340776703064182,0.0001040171282626016,0.12727692816586017,0.0001720171987204694,0.11117398735332057
KXBOXING-25SEP13CALVTCRA-TCRA,7.0,0.38,6.0,0.2356,0.0004000000000000007,0.3722,0.0003213904379807736,0.24657263996689352,0.000257833658602354,0.2466220613814247,0.00026278345573250663,0.23947061300801592
KXBOXING-25SEP13CALVTCRA-TCRA,3.0,0.37,3.0,0.2331,0.00010000000000000018,0.3722,0.00015540484206068864,0.23492682282841668,0.0001251160755716802,0.23791266443632444,0.00011051094257431693,0.2372159945074423
KXLIGAPORTUGALGAME-26AUG10SCLCDN-CDN,7.0,0.2,7.0,0.16000000000000003,0.0008999999999999986,0.040999999999999995,0.0005085438155442826,0.18648515179968014,0.0004472968004563402,0.17698709034635848,0.0004677108841497075,0.17357182810139693
KXLIGAPORTUGALGAME-26AUG10SCLCDN-CDN,3.0,0.22,3.0,0.1716,0.00024999999999999935,0.0401,0.0002313875778771486,0.17778447889397167,0.00018954286198725808,0.17829403484881268,0.00018911149797690068,0.1756851948031246
KXLALIGAGAME-26MAY14VCFRVC-RVC,7.0,0.3,7.0,0.21,0.00010000000000000018,0.0639,0.0003957221705726608,0.21764293325827594,0.00032726669727470563,0.22171706647029116,0.0003316956249222315,0.21375951501594784
KXLALIGAGAME-26MAY14VCFRVC-RVC,3.0,0.29,3.0,0.20589999999999997,0.0,0.0635,0.0001356788295035807,0.2069429788441119,0.00011403499052867137,0.21989227576918854,0.00011170588734633176,0.2130512637628522
KXNCAAFGAME-25NOV01ASUISU-ASU,14.0,0.87,14.0,0.1131,0.00020000000000000036,0.7241,0.0007099530274763936,0.15228537102619175,0.0004953870626883637,0.17084804301883488,0.0008802992462523709,0.15051183759240921
KXNCAAFGAME-25NOV01ASUISU-ASU,7.0,0.61,7.0,0.2379,0.00010000000000000018,0.5614,0.0003760966464251258,0.24046623429620959,0.00030050045016023834,0.24592425443575028,0.0003177236346927656,0.23844378174048658
KXNCAAFGAME-25NOV01ASUISU-ASU,3.0,0.27,3.0,0.1971,0.00010000000000000018,0.5042,0.00012597430448215067,0.20123854295200327,0.00012931057689715678,0.21211548448327788,0.00012696488736733675,0.19899499022492534
KXWOMHOCKEY-26FEB13FINSWE-SWE,14.0,0.445,9.0,0.24697499999999997,0.00010000000000000018,0.8828750000000001,0.0005005046347374451,0.2514857610280991,0.00040936082602819143,0.26545864903234917,0.00044590050192620177,0.24598358786249805
KXWOMHOCKEY-26FEB13FINSWE-SWE,7.0,0.545,7.0,0.247975,0.00010000000000000018,0.5814250000000001,0.0003820183957635138,0.2466915829690396,0.0003024849843587967,0.25535990677633186,0.000263644220251214,0.24886004872412024
KXWOMHOCKEY-26FEB13FINSWE-SWE,3.0,0.59,3.0,0.2419,0.00010000000000000018,0.3854,0.00017520187080859542,0.24481646500671256,0.00013288068227914384,0.24372110568975322,0.00012620396884249643,0.24473872266196683
KXBUNDESLIGAGAME-26JAN13BVBSVW-SVW,7.0,0.115,7.0,0.101775,0.0003999999999999996,0.011125000000000003,0.00035363874736114826,0.16247483137730773,0.0003024953122561674,0.15123576792420804,0.0003310463152669427,0.15315447340930402
KXBUNDESLIGAGAME-26JAN13BVBSVW-SVW,3.0,0.11,3.0,0.0979,0.0001999999999999998,0.010100000000000001,0.0001341140470908829,0.11476722449303622,0.00010686961028472202,0.12499165579688956,0.00015139872540427508,0.11221327314015574
KXNFLSPREAD-25OCT12CINGB-GB14,7.0,0.47000000000000003,5.0,0.24910000000000002,0.00029999999999999943,0.22139999999999999,0.0002857787545366957,0.24850241728369327,0.00023415332507841822,0.26696052401238163,0.00022221589857032264,0.25147130031865816
KXNFLSPREAD-25OCT12CINGB-GB14,3.0,0.47,3.0,0.2491,0.00010000000000000018,0.22139999999999999,0.00014675533864862996,0.2514039072327575,0.0001261968152100727,0.2514876343593425,0.00010969157140848351,0.2495456949809526
KXNFLTOTAL-25DEC11ATLTB-44,14.0,0.5,9.0,0.25,0.00020000000000000036,0.2752,0.0004912112756328263,0.2547161938762068,0.0003933556201945877,0.2630058416009328,0.0003600213389602302,0.2531632458815569
KXNFLTOTAL-25DEC11ATLTB-44,7.0,0.49,7.0,0.2499,0.00010000000000000018,0.2752,0.0003944408769052266,0.2517074172212699,0.00032408405458493513,0.25920439349220514,0.0002964282933640908,0.24812587648255702
KXNFLTOTAL-25DEC11ATLTB-44,3.0,0.5,3.0,0.25,0.00010000000000000018,0.2721,0.0001784998777104063,0.2517915315065866,0.00014534206748734668,0.25222748677024853,9.356590387810958e-05,0.24981203610051028
KXPGAR3LEAD-THOC26-SBUR,30.0,0.05,26.0,0.0475,5.000000000000009e-05,0.8766499999999998,0.0010080597618546757,0.19532128891506267,0.0008837044019134882,0.17652725844328787,0.0008793996373902721,0.19159311907297916
KXPGAR3LEAD-THOC26-SBUR,14.0,0.16,15.0,0.1344,0.0,0.8645499999999998,0.0008675003163303375,0.18519514763154646,0.0007685543732528133,0.21539331852470261,0.0008492031670707384,0.1908364337166409
KXPGAR3LEAD-THOC26-SBUR,7.0,0.16,7.0,0.1344,0.0,0.8645499999999998,0.0004711086123578009,0.16302714393623585,0.0004148880890578424,0.18155439900612083,0.00044212559823324574,0.16059085539363857
KXWCTOTAL-26JUN24MARHTI-5,30.0,0.1,20.0,0.09000000000000001,0.001675000000000001,0.7832250000000001,0.0007972088484588479,0.20174038066266994,0.0008082869444411797,0.17347702411330285,0.0008169289154029647,0.19537444630551054
KXWCTOTAL-26JUN24MARHTI-5,14.0,0.16,14.0,0.1344,0.0013250000000000013,0.578325,0.0007779193286632624,0.1829699036478101,0.0006982230268620208,0.21820347077984764,0.0008384824766481591,0.19288465396065255
KXWCTOTAL-26JUN24MARHTI-5,7.0,0.195,7.0,0.156975,0.001125000000000001,0.5777,0.00047769571515089747,0.17642895641916354,0.00040896131293815196,0.17711874741783604,0.0004809218574384895,0.18348965264000752
KXWCTOTAL-26JUN24MARHTI-5,3.0,0.21,3.0,0.1659,0.00025000000000000044,0.5777,0.00021277415313807537,0.17486870392255688,0.00017885105926374923,0.18011425260429134,0.00020208838223772507,0.17146010025271594
KXWC2H-26JUL14FRAESP-ESP,3.0,0.29,3.0,0.20589999999999997,0.0003999999999999985,0.5185,0.0001416256475460481,0.2084588208195958,0.0001081151280797486,0.20934516439025308,0.00012404555729007786,0.21147864874037528
KXNASCARRACE-TOYSM26-KYLA,7.0,0.1,6.0,0.09000000000000001,0.0,0.013200000000000002,0.00025513479816717657,0.13345000776165214,0.0002263082228180405,0.12772284256222557,0.0002440368099356777,0.14405234551495558
KXNASCARRACE-TOYSM26-KYLA,3.0,0.05,3.0,0.0475,0.0,0.010700000000000001,8.683127347199289e-05,0.08280469839024245,7.800652490838241e-05,0.09025634232166882,0.00012432139817527822,0.10397952740858116
KXINTLFRIENDLYGAME-26JUN08NEDUZB-UZB,3.0,0.07,3.0,0.0651,0.0001999999999999998,0.0037000000000000006,0.00011432108767795456,0.08800063133951515,9.158934964804581e-05,0.08230190478678706,0.00015394665780037512,0.08603646177886815
KXBTCD-26JUN0517-T66999.99,3.0,0.42,3.0,0.2436,0.00039999999999999986,0.0762,0.0001690729792861144,0.24519058972611327,0.0001361068260895246,0.24680306282057207,0.00012682418223503716,0.24192570794989457
KXNFLSPREAD-25DEC07HOUKC-HOU3,14.0,0.5,12.0,0.25,0.00010000000000000018,1.1047500000000003,0.0006955596191083529,0.25019244643428035,0.0005838696522450713,0.2673827925386871,0.0005289629055569848,0.2504742920095075
KXNFLSPREAD-25DEC07HOUKC-HOU3,7.0,0.22,7.0,0.1716,7.500000000000014e-05,0.568425,0.0005203955352003278,0.17722725500407666,0.0004140744085848467,0.1894267094836701,0.0004013884739112883,0.18125243871319782
KXNFLSPREAD-25DEC07HOUKC-HOU3,3.0,0.28,3.0,0.2016,0.0,0.5642,0.00013064998669980185,0.20551203674103122,0.00011116988267086453,0.21339326343114165,0.00011863350935192297,0.20361583082362877
KXLIGUE1TOTAL-26AUG28LILPSG-3,7.0,0.5,7.0,0.25,0.0004749999999999953,0.17122500000000002,0.0003808975653083077,0.2517733498862117,0.0003100769856551203,0.2689710030160786,0.0002988103064234874,0.2489124395035782
KXLIGUE1TOTAL-26AUG28LILPSG-3,3.0,0.5549999999999999,3.0,0.246975,0.00042499999999999743,0.16820000000000002,0.0001557116507317801,0.2469436423124722,0.0001301302511900081,0.24812990529089138,0.00011733347424184781,0.2466161953204238
KXWCROUND-26QUAR-BEL,30.0,0.35,30.000000000000014,0.22749999999999998,0.000999999999999998,0.3541,0.001695089576475416,0.262824566614333,0.0013457259587307969,0.30559619671870464,0.001544866775223812,0.2655567152474411
KXWCROUND-26QUAR-BEL,14.0,0.23,14.0,0.1771,0.00019999999999999982,0.3317,0.0008907114416874399,0.1985906936410028,0.0006858617647221799,0.23032609753299954,0.0008394807827828142,0.20177694912944183
KXWCROUND-26QUAR-BEL,7.0,0.34,7.0,0.2244,0.00010000000000000018,0.2959,0.00039190603616422973,0.22439741378942002,0.0003304456768883557,0.23676593650632205,0.0002874017940011493,0.2323065176857806
KXWCROUND-26QUAR-BEL,3.0,0.5,3.0,0.25,0.00010000000000000018,0.2721,0.0001539238018782286,0.2512570869535039,0.0001352458627995698,0.24926733060039838,0.00012122375788597692,0.2498968208653085
KXSERIEAGAME-26AUG23FROJUV-FRO,14.0,0.135,14.0,0.116775,0.0004750000000000005,0.015700000000000002,0.0007217562694398518,0.17221128524362384,0.0006422836577782598,0.19094466312351535,0.0007653201321814882,0.16065476005080304
KXSERIEAGAME-26AUG23FROJUV-FRO,7.0,0.13,7.0,0.1131,0.00020000000000000036,0.015300000000000003,0.0004148052730199175,0.14668991032956036,0.0002929012101435556,0.16166375666305097,0.0003417138088818878,0.14801022728385457
KXSERIEAGAME-26AUG23FROJUV-FRO,3.0,0.12,3.0,0.1056,0.00010000000000000018,0.014500000000000002,0.00017159480128414736,0.11614912843730477,0.0001428090576193622,0.13410972606113622,0.00017548752362701831,0.1235990439351661
KXJLEAGUEGAME-26AUG07GAMURD-GAM,3.0,0.39,3.0,0.2379,0.0004999999999999987,0.32500000000000007,0.0001728682026545721,0.24066917340054733,0.0001236122649305521,0.24123840875816768,0.00012305231683263355,0.23639804403018322
KXNFLSPREAD-25NOV09NYGCHI-NYG3,14.0,0.5,9.041666666666666,0.25,2.5000000000000045e-05,0.122825,0.0005593874433947187,0.2538850223039175,0.0004128514289303731,0.27695321762629654,0.0004518044880459959,0.2488504136901119
KXNFLSPREAD-25NOV09NYGCHI-NYG3,7.0,0.5,7.041666666666666,0.25,2.5000000000000045e-05,0.122825,0.00046618003026035164,0.24779023761080957,0.0003202469267926169,0.2683172015256987,0.00034017182809199646,0.24951976485455166
KXNFLSPREAD-25NOV09NYGCHI-NYG3,3.0,0.21,2.999999999999999,0.1659,0.0,0.0651,0.00020148729345902165,0.16875372230387653,0.00017033907330771708,0.1756977533905851,0.00018374886920656842,0.1736648945583822
KXF1RACE-CANGP26-NOR,7.0,0.16,7.0,0.1344,0.0011999999999999988,0.015799999999999998,0.0004451182951801242,0.15785661984073282,0.00045070157116652084,0.16395603482754012,0.0004294195940703077,0.15909799076101946
KXF1RACE-CANGP26-NOR,3.0,0.16,3.0,0.1344,0.0003999999999999996,0.015799999999999998,0.00021200848701347788,0.14312413244446648,0.00017454912567593572,0.15597849135195876,0.00020399400317492656,0.14270784575162443
KXMLBGAME-26AUG242140PITSD-PIT,3.0,0.45,3.0,0.24750000000000003,0.0,0.1239,0.0001448804516065861,0.24738223750148072,0.00011055902407928277,0.2519671630957127,0.0001324961826643631,0.24744218919154334
KXNFLSPREAD-25OCT12DETKC-KC7,7.0,0.5,5.0,0.25,0.0003249999999999989,0.587625,0.00026521089237253165,0.24891731059627337,0.00022248514059862283,0.2536397769613976,0.00023499109555755662,0.2507253500272344
KXNFLSPREAD-25OCT12DETKC-KC7,3.0,0.275,3.0,0.199375,0.0003249999999999989,0.4761999999999999,0.0001395695949359035,0.19900192602498495,0.00011442227297160017,0.20681233425299608,0.0001302180603939316,0.20296441847981866
KXWCTOTAL-26JUN13QATSUI-5,14.0,0.15,9.0,0.1275,0.0009500000000000005,0.0257,0.0005104117259533284,0.1702346622330942,0.00047547823419892636,0.17001869172571332,0.0005529364506080667,0.15877477484396285
KXWCTOTAL-26JUN13QATSUI-5,7.0,0.175,7.0,0.14437499999999998,0.0006250000000000008,0.0257,0.000510582356732327,0.1751913716756549,0.00040919368297667166,0.16411910332310733,0.0004844760466402856,0.16328363817934857
KXWCTOTAL-26JUN13QATSUI-5,3.0,0.15,3.0,0.1275,0.00025000000000000044,0.0257,0.00019201047980085231,0.15004707012689017,0.00022060198849701494,0.13901865114889464,0.00021771892786099297,0.13005084705269498
KXWCGAME-26JUL07ARGEGY-TIE,3.0,0.2,3.0,0.16000000000000003,0.00019999999999999925,0.0362,0.0002162279712720451,0.16465473494861516,0.00018207686063982098,0.17112229753160116,0.00020243666914588295,0.17355210670609028
KXNHLGAME-26MAR26ANACGY-ANA,3.0,0.56,3.0,0.24639999999999998,0.000124999999999998,0.17642500000000003,0.00015762618211706908,0.24451889833353135,0.0001224499936179287,0.2570071180461303,9.785295975050057e-05,0.24851422032245649
KXWCTEAMH2H-26USAMEX-MEX,30.0,0.43,27.0,0.2451,0.0012999999999999958,0.6432,0.0014410873164065693,0.2597721804976203,0.0011871987461504533,0.2809428875705314,0.0013649451207446565,0.25317189029507303
KXWCTEAMH2H-26USAMEX-MEX,14.0,0.29,14.0,0.20589999999999997,0.0002999999999999983,0.25059999999999993,0.0007341929323651738,0.22117215278648217,0.0006304177850023658,0.24375091301482926,0.0007571754834233636,0.21074674128270637
KXWCTEAMH2H-26USAMEX-MEX,7.0,0.27,7.0,0.1971,0.0,0.20469999999999997,0.0003831608529204271,0.20170500800615612,0.0003596568910015428,0.22446882762993636,0.00033237048010239313,0.21368277792121237
KXWCTEAMH2H-26USAMEX-MEX,3.0,0.38,3.0,0.2356,0.0,0.16979999999999995,0.00017646034392131374,0.23901909105328778,0.00011112129078630974,0.24743667723055401,0.000125243538103325,0.23605709001073552
KXNCAAMB2ML-26APR04ILLCONNMICHARIZ-CONNMICH,3.0,0.259,3.0,0.191919,5.3000000000000096e-05,0.543338,0.000177602994233688,0.20077834274065992,0.0001556883546726405,0.20586462807471878,0.00014407152602792864,0.19423669595722864
KXUFCFIGHT-26SEP05CAMPEE-CAM,7.0,0.76,6.0,0.1824,0.00020000000000000036,0.04419999999999999,0.00033023076740570776,0.1848168892850114,0.00028762730256657714,0.20172399085625323,0.00028881350219487294,0.18726229719615722
KXUFCFIGHT-26SEP05CAMPEE-CAM,3.0,0.78,3.0,0.17159999999999997,0.0,0.04419999999999999,0.00015631220386319548,0.17176446752731195,0.00013239658286419496,0.1785558551385212,0.00014265849931057627,0.17221885797345124
KXUFCFIGHT-26SEP05OUMBUK-OUM,7.0,0.63,6.0,0.2331,0.00019999999999999814,0.4644999999999999,0.0003247733995947645,0.23641783956845053,0.0002637365329362695,0.24754131053302772,0.00023298941983993733,0.2364943963876764
KXUFCFIGHT-26SEP05OUMBUK-OUM,3.0,0.66,3.0,0.2244,9.999999999999796e-05,0.4628999999999999,0.00017631509414193987,0.22586381031125785,0.00012097182541829044,0.2355462756318427,0.00010994738205301589,0.22563859278238454
KXEPLGAME-26MAY10WHUARS-TIE,14.0,0.22499999999999998,14.0,0.17437499999999997,0.0012250000000000004,0.0467,0.0008447015417054774,0.20407450842191197,0.0007078765818363704,0.22125607285016266,0.0008235825239751187,0.20510632023332798
KXEPLGAME-26MAY10WHUARS-TIE,7.0,0.22,7.0,0.1716,0.00020000000000000036,0.044199999999999996,0.00047157521963325474,0.18479886147183108,0.0004365369878102059,0.18625621315319507,0.0004648188888881865,0.17033922487190645
KXEPLGAME-26MAY10WHUARS-TIE,3.0,0.22,3.0,0.1716,0.0,0.044199999999999996,0.00020053673652162038,0.17259073597751573,0.00018966026097127307,0.18887280286345767,0.00020671098158416153,0.1776855917675401
KXNFLGAME-25SEP28BALKC-KC,14.0,0.5,11.0,0.25,0.00030000000000000057,0.3299000000000001,0.0006207510421155643,0.24986894120912345,0.0004583937060035197,0.26874631974419755,0.0004561530444439295,0.25124009667326336
KXNFLGAME-25SEP28BALKC-KC,7.0,0.43,7.0,0.2451,0.00010000000000000018,0.32500000000000007,0.0003951485031989516,0.24385833507476992,0.0003057407788683944,0.2501792631137045,0.00031019578085632083,0.24510267022519208
KXNFLGAME-25SEP28BALKC-KC,3.0,0.43,3.0,0.2451,0.00010000000000000018,0.32500000000000007,0.00014930006204325375,0.24331861539980848,0.00013445183566601182,0.24977307739044202,0.00011103548592907039,0.24543536864162824
KXECONSTATCPI-26JUN-T-0.2,30.0,0.21,30.0,0.1659,0.0014499999999999966,0.6552000000000001,0.0017239520984862994,0.2525373417229008,0.0014594280363453944,0.2600422707705171,0.0016151141929140861,0.24095173351799207
KXECONSTATCPI-26JUN-T-0.2,14.0,0.45,14.0,0.24750000000000003,0.00020000000000000036,0.6180500000000001,0.0007583260727777253,0.24997425078802216,0.0005838682018446547,0.27757205723782247,0.0006792530176083303,0.2489158477239169
KXECONSTATCPI-26JUN-T-0.2,7.0,0.61,7.0,0.2379,0.00020000000000000036,0.4931000000000001,0.0003914892137429342,0.23931872745892693,0.00028347333556445563,0.24172984865520622,0.0003215236876702572,0.23797561030346195
KXECONSTATCPI-26JUN-T-0.2,3.0,0.53,3.0,0.2491,0.00020000000000000036,0.4685000000000001,0.00015828823968592684,0.24788738601522156,0.00013650405378329186,0.24835957227583666,0.00010886591679649986,0.24823185564628353
KXWC1HTOTAL-26JUL04PARFRA-2,3.0,0.4,3.0,0.24,0.00020000000000000036,0.1522,0.00016734180907368839,0.24095221658934196,0.00013760435870937974,0.24591579715596745,0.00011302470225138737,0.23811612080731126
KXNCAAMBTOTAL-26MAR19USFLOU-159,3.0,0.6,3.0,0.24,0.00010000000000000018,0.12349999999999998,0.00014925334188849892,0.23922307495729261,0.00014680622996485516,0.25081396240799597,9.851815874705576e-05,0.2397091289553642
KXMLBNL-25-LAD,30.0,0.25,30.0,0.1875,0.0010000000000000002,0.09549999999999997,0.0016617813762139233,0.2522324671692454,0.001450400957885201,0.2973644880527985,0.0015249333262845966,0.24019463053531176
KXMLBNL-25-LAD,14.0,0.34,14.0,0.2244,0.00010000000000000018,0.08109999999999998,0.0007652965767956688,0.23796920051291906,0.0005905939762383852,0.26276179670390304,0.0006894144049204207,0.23121787996341836
KXMLBNL-25-LAD,7.0,0.67,7.0,0.2211,0.00010000000000000018,0.03039999999999999,0.0004138758825511854,0.22760961168861116,0.00029663291345454834,0.23107943661824573,0.0003301356339867961,0.22551494697793856
KXMLBNL-25-LAD,3.0,0.89,3.0,0.09789999999999999,0.00010000000000000018,0.005399999999999994,0.00015103496677363443,0.0996255385895399,0.00010923609297089748,0.11457634254168299,0.000200546391270309,0.10135129697907966
KXALLSVENSKANGAME-26JUL17MJAVAS-MJA,3.0,0.525,3.0,0.24937499999999999,0.00012500000000000022,0.2705,0.00014173258287527977,0.24696556000651365,0.00012665767576613176,0.2542087364729243,0.00012294193313475957,0.2507573801646942
KXAAAGASM-25MAY31-3.20,30.0,0.33,30.0,0.2211,0.001199999999999995,0.2501,0.0016539278282671993,0.2619338490899985,0.0013121785434187907,0.30428491558668164,0.0016020793872807742,0.2582100590914158
KXAAAGASM-25MAY31-3.20,14.0,0.61,14.0,0.2379,0.0005999999999999959,0.14010000000000003,0.0007449940557826024,0.24872252000437978,0.0005929908508975946,0.2719919259846471,0.000661642248332655,0.23825524232866058
KXAAAGASM-25MAY31-3.20,7.0,0.55,7.0,0.2475,0.00019999999999999963,0.09230000000000005,0.0003611333747452531,0.24951802630582356,0.00032082766424861367,0.25906183018115286,0.0002997090045862266,0.24758694388418753
KXAAAGASM-25MAY31-3.20,3.0,0.09,3.0,0.0819,0.0001,0.0025999999999999994,0.00012275753066682508,0.0992562923567663,0.00010891315557208021,0.11057401657432042,0.0001656412315046045,0.10254053859915764
KXLALIGASPREAD-26AUG26RMARSO-RMA3,7.0,0.17,7.0,0.1411,2.4999999999999767e-05,0.4662249999999999,0.0004789030253107579,0.16616871198224664,0.00042136372255087304,0.16554944648526587,0.00040766284929534395,0.16691349398020794
KXLALIGASPREAD-26AUG26RMARSO-RMA3,3.0,0.25,3.0,0.1875,0.0,0.46429999999999993,0.0001781047632578506,0.19027130301787232,0.00014605974184997978,0.18989490327184938,0.00017118426337130936,0.19613337925174876
KXWCTEAMTOTAL-26JUN22NORSEN-SEN2,14.0,0.495,13.0,0.249975,0.0007999999999999993,0.46997500000000003,0.0007340774111299572,0.24933717112570514,0.0005964002391514526,0.27073798317620357,0.0005917384443312446,0.25104351927828555
KXWCTEAMTOTAL-26JUN22NORSEN-SEN2,7.0,0.315,7.0,0.21577500000000002,0.0005499999999999988,0.411225,0.0003784296365651633,0.2210811657252857,0.0003224787992460486,0.2253840278221994,0.0003291328022750524,0.21922604387816486
KXWCTEAMTOTAL-26JUN22NORSEN-SEN2,3.0,0.33999999999999997,3.0,0.2244,0.0003999999999999985,0.4106,0.00015320124535252126,0.2266357906990078,0.0001307701581574359,0.23709288471707624,0.00013010933597817838,0.22765982997670847
KXWCTOTAL-26JUN23PORUZB-4,30.0,0.37,19.0,0.2331,0.0017000000000000036,0.36129999999999995,0.0010635514481485532,0.24206268582433915,0.0008099461060545513,0.2807305545272566,0.0009466168459911956,0.24451108557804418
KXWCTOTAL-26JUN23PORUZB-4,14.0,0.39,14.0,0.2379,0.0010500000000000019,0.3609,0.0007606732427548634,0.2434089693815349,0.000670298885677431,0.2685281904743496,0.0006813130514212473,0.2449012536604932
KXWCTOTAL-26JUN23PORUZB-4,7.0,0.39,7.0,0.2379,0.0004000000000000007,0.3609,0.00036159939162048495,0.24301875940643378,0.0003058468108500873,0.24030845127975112,0.0002932692341340036,0.23978611385342474
KXWCTOTAL-26JUN23PORUZB-4,3.0,0.39,3.0,0.2379,0.00020000000000000036,0.3601,0.000156044952439553,0.238585048319873,0.0001388269600627234,0.24715035414099357,0.00011257860080622375,0.2387208576211422
KXNCAAFGAME-25AUG30SYRTENN-SYR,30.0,0.15,30.0,0.1275,0.0017500000000000005,0.036300000000000006,0.0015400852426302708,0.22048065431822228,0.0014076139168380868,0.26298700368045125,0.0015426146117041737,0.22636655543079884
KXNCAAFGAME-25AUG30SYRTENN-SYR,14.0,0.155,14.0,0.130975,0.001125000000000001,0.0334,0.0008033059223277314,0.20622835862822442,0.0007338065497361449,0.1974776023831405,0.0008157883716237856,0.19562281309515733
KXNCAAFGAME-25AUG30SYRTENN-SYR,7.0,0.15,7.0,0.1275,0.00030000000000000057,0.0334,0.0004290864894771055,0.1409275747055253,0.0003708571413152672,0.17359371871047136,0.0004703414701410183,0.16392418479118923
KXNCAAFGAME-25AUG30SYRTENN-SYR,3.0,0.18,3.0,0.1476,0.00010000000000000018,0.0325,0.0001947311223992648,0.1512409334920774,0.00016888253773298417,0.1598353800737047,0.00020061384557427148,0.15508499065767167
KXEFLCHAMPIONSHIPGAME-26AUG29WOLSTK-WOL,7.0,0.72,7.0,0.2016,0.00020000000000000036,0.11819999999999999,0.0003995631802789779,0.21804302257344982,0.00033502393862965154,0.2201021492532516,0.0003218070573546229,0.21274243626981715
KXEFLCHAMPIONSHIPGAME-26AUG29WOLSTK-WOL,3.0,0.65,3.0,0.22749999999999998,0.0,0.11569999999999998,0.0001727086228009307,0.22983096808497677,0.00011122993575589371,0.23773712897083465,0.00011552756337629355,0.22979388724003513
KXUFCFIGHT-26AUG22BARKUS-KUS,7.0,0.13,6.0,0.1131,0.00030000000000000057,0.017,0.00029532064055863365,0.1411246161674234,0.0002825306622173914,0.14168646589685036,0.0003434633639377625,0.13708259987828544
KXUFCFIGHT-26AUG22BARKUS-KUS,3.0,0.13,3.0,0.1131,0.00010000000000000018,0.017,0.0001700653741763461,0.11809303139513906,0.0001289544121872937,0.12487675545206653,0.00016573990043077246,0.12816637435131956
KXNCAAF-26-MIA,14.0,0.21,14.0,0.1659,0.000600000000000001,0.0999,0.0008267795017847608,0.19975754742171645,0.0007005142612268256,0.2094008430399336,0.0007930991664298531,0.19677384363169828
KXNCAAF-26-MIA,7.0,0.27,7.0,0.1971,0.0004000000000000007,0.06810000000000001,0.0003897066016096739,0.20299799749457934,0.0003333642078787534,0.21687816906579216,0.00035466289528867517,0.21057772028161048
KXNCAAF-26-MIA,3.0,0.26,3.0,0.19240000000000002,0.00010000000000000018,0.06810000000000001,0.0001714104734938901,0.20247765990131059,0.0001697311967596451,0.19688076118679745,0.00012119638418687228,0.20066836560225695
KXBTCMAX125-1-25-DEC31-124999.99,30.0,0.69,30.0,0.2139,0.0012999999999999956,0.0676,0.0016333764953488277,0.24282012077691836,0.0013018982636516436,0.2995651149225089,0.0016416252844052596,0.227879930932392
KXBTCMAX125-1-25-DEC31-124999.99,14.0,0.72,14.0,0.2016,0.0007999999999999947,0.04839999999999999,0.0007737500588341887,0.21429273996656323,0.0005618769632790362,0.2389036512836421,0.0006840737537484697,0.21328869667787395
KXBTCMAX125-1-25-DEC31-124999.99,7.0,0.61,7.0,0.2379,0.0004999999999999964,0.0346,0.0003801957179108567,0.243174913293591,0.00028061779879754513,0.24933127098587285,0.000344867663876902,0.23834535645802965
KXBTCMAX125-1-25-DEC31-124999.99,3.0,0.82,3.0,0.14760000000000004,0.00010000000000000018,0.012900000000000005,0.00016057017190983559,0.15574186931235506,0.00013449384117056865,0.16015348099639032,0.00015874978353841004,0.1528688133331517
KXLIGAPORTUGALGAME-26MAY11BENBRA-BRA,3.0,0.14,3.0,0.12040000000000001,0.0,0.017800000000000003,0.00015718690540520588,0.12746579768792343,0.00011481591800874387,0.13969014426384324,0.00017931957345864905,0.12761132247884707
KXMVESPORTSMULTIGAMEEXTENDED-S2026BB0215FCA70-C50043BFD9F,3.0,0.405,3.0,0.240975,1.5999999999999586e-05,0.37133099999999997,0.0001427216181865667,0.24244677182753166,0.00012770439495890138,0.24498287774269342,0.00012392659307357404,0.24108952432241368
KXNCAAFGAME-25OCT30TULNUTSA-UTSA,14.0,0.585,13.0,0.24277500000000002,0.0003250000000000006,0.5043499999999999,0.0007395305879372607,0.24953836823588169,0.0005702377395339389,0.26526650130466295,0.0006296054464113719,0.24403511000560307
KXNCAAFGAME-25OCT30TULNUTSA-UTSA,7.0,0.29500000000000004,7.0,0.20797500000000002,0.00010000000000000018,0.44792499999999985,0.000348363787670113,0.2162071574908659,0.0003478554834197319,0.23290198562890274,0.0003224406212385616,0.2124653022800281
KXNCAAFGAME-25OCT30TULNUTSA-UTSA,3.0,0.37,3.0,0.2331,0.0,0.4254999999999999,0.00016857044030776604,0.2307676236620092,0.00012513053288320164,0.23103977687251515,0.00013705193546904713,0.23236083002124025
KXNFLSPREAD-25NOV09CLENYJ-NYJ3,14.0,0.5,9.041666666666666,0.25,0.00020000000000000036,0.4234,0.0005452414611956133,0.25382533532184637,0.0004641375161305175,0.258243633132598,0.00042622152317409027,0.25001896542783003
KXNFLSPREAD-25NOV09CLENYJ-NYJ3,7.0,0.5,7.041666666666666,0.25,0.00020000000000000036,0.4234,0.00044813685179922216,0.2530829896134466,0.0003906644776418863,0.26326080990358436,0.0003376656844987304,0.2502863651999694
KXNFLSPREAD-25NOV09CLENYJ-NYJ3,3.0,0.35,2.999999999999999,0.22749999999999998,0.00020000000000000036,0.4097,0.00016488599744389238,0.22995615457032284,0.00011712380950528126,0.22999206047670437,0.00011894835971153043,0.22770817064469195
KXWCTOTAL-26JUL06USABEL-3,3.0,0.55,3.0,0.2475,0.0,0.1691,0.00014443777780763191,0.2474113037786298,0.00011399988325132603,0.2502696379790198,0.0001140733861244458,0.24797837605480766
KXNFLPREPACKSGP-26JAN03CARTB-TBO44,3.0,0.3,3.0,0.21,0.00010000000000000018,0.13449999999999998,0.00015882604043889186,0.21077862236084635,0.00012923268111053905,0.2180973365219549,0.00012183878333370393,0.20584537138539907
KXNCAAFGAME-25SEP20CALSDSU-CAL,14.0,0.88,9.0,0.1056,0.0,0.3708,0.00045518176508074244,0.1252394963424247,0.00035015991081064707,0.13773147355634202,0.000607830439564697,0.1266057256583346
KXNCAAFGAME-25SEP20CALSDSU-CAL,7.0,0.85,7.0,0.1275,0.0,0.36790000000000006,0.00038531553080002086,0.1394339942282758,0.00029763731434011336,0.155792290202682,0.0004389718503271386,0.13170460685047503
KXNCAAFGAME-25SEP20CALSDSU-CAL,3.0,0.82,3.0,0.14760000000000004,0.0,0.36700000000000005,0.00017374715967862528,0.1526059061532937,0.00011257826820759481,0.15425238545445655,0.00015706234185015755,0.1501440856728475
KXNHLGAME-26MAR03DALCGY-DAL,3.0,0.57,3.0,0.2451,2.5000000000000045e-05,0.20342499999999994,0.00018792539193178436,0.2484455864951427,0.000135144502792134,0.24816169469289526,0.00010690615736857433,0.245597450428153
KXNCAAFGAME-25OCT25UCLAIND-IND,7.0,0.93,7.0,0.06509999999999996,9.999999999999796e-05,0.0026000000000000047,0.0002953370538572858,0.08958782938129248,0.00022317590902481431,0.12030557568576167,0.0004888264334426328,0.08583632769479964
KXNCAAFGAME-25OCT25UCLAIND-IND,3.0,0.94,3.0,0.05640000000000005,0.0,0.0026000000000000047,0.00014114530855814758,0.077886484604203,9.912825177635457e-05,0.08240593671376577,0.00021433474373229087,0.08129461353791781
KXNFLTOTAL-25NOV27GBDET-48,14.0,0.5,9.0,0.25,0.000600000000000001,0.27340000000000003,0.0005035030836608414,0.2519541687821337,0.00038533136937167175,0.26014389783684355,0.0004082598060345381,0.25318897698103504
KXNFLTOTAL-25NOV27GBDET-48,7.0,0.515,7.0,0.249775,0.00037500000000000066,0.27340000000000003,0.0003869276427572041,0.2513875087479222,0.00032371875257234626,0.2543476444543136,0.00029721013004929664,0.2503031291214974
KXNFLTOTAL-25NOV27GBDET-48,3.0,0.53,3.0,0.2491,0.00010000000000000018,0.273,0.0001639038644776155,0.251377315448649,0.00012567873096612495,0.252154857708174,0.00011907615256790445,0.24958251998177694
KXNBASPREAD-26APR22PHXOKC-OKC15,3.0,0.58,3.0,0.2436,0.0,0.262,0.00016450257378127747,0.24567705035686707,0.00012887429896645623,0.24625211586050813,0.00013066778983787628,0.24394783152987096
KXWNBAGAME-26AUG24ATLLA-LA,3.0,0.26,3.0,0.19240000000000002,0.0001,0.03610000000000001,0.0001855579390311388,0.19446768018945731,0.00015582537333399564,0.1958012006499846,0.00014389143963679604,0.1957364382335
KXNFLSPREAD-26JAN03SEASF-SEA10,3.0,0.16,3.0,0.1344,0.0,0.0378,0.0002243195377562477,0.14304184846068554,0.0001925250813150463,0.1495837254947294,0.00020831507518638887,0.1407480874183216
KXNBA1STTEAM-26-CCUN,30.0,0.71,30.0,0.20590000000000003,0.000600000000000001,0.13069999999999993,0.0016655870018660538,0.22924592967935822,0.0013170609075183275,0.28517938241729757,0.0016269295512146755,0.2242590039092917
KXNBA1STTEAM-26-CCUN,14.0,0.79,14.0,0.1659,0.00030000000000000057,0.049399999999999944,0.0008006111363050957,0.1841677706664862,0.0006044830005424329,0.22587578291997942,0.000840300265878092,0.17917794744601218
KXNBA1STTEAM-26-CCUN,3.0,0.9,3.0,0.08999999999999998,0.0,0.005399999999999994,0.0001412612301538093,0.10122980281996127,0.00013184002518914004,0.10880866653963231,0.000220650031632517,0.09215281789313473
KXNCAABASEBALL-26-TXAM,30.0,0.06,30.0,0.05639999999999999,0.0026999999999999993,0.4935,0.0011045739870842255,0.17235691818530605,0.0009588233766838066,0.19574533525919335,0.001042530370579958,0.17347799313515846
KXNCAABASEBALL-26-TXAM,14.0,0.05,14.0,0.0475,0.0011999999999999997,0.4935,0.0005104827840399683,0.15534543771276355,0.0004013083109995564,0.14196956460428584,0.0004528905111693876,0.13770050519852947
KXNCAABASEBALL-26-TXAM,3.0,0.08,3.0,0.0736,0.0,0.4926,0.00012283624621614936,0.09162125464955531,8.633897357164809e-05,0.09060697453546107,0.00017585564332689866,0.09346112643402407
KXUELGAME-26MAY20SCFAVL-TIE,7.0,0.27,7.0,0.1971,0.00019999999999999982,0.0599,0.0003973933946368603,0.2032170634051593,0.0003417537287420129,0.21575108424899866,0.00040832308049913203,0.19720836931287222
KXUELGAME-26MAY20SCFAVL-TIE,3.0,0.24,3.0,0.1824,0.00010000000000000018,0.0577,0.0001747840122397737,0.18708602376132866,0.00015431785741815016,0.19597858475452262,0.00015546308477865255,0.17856683152178243
KXLEAGUESCUPTOTAL-26AUG09AMEPOR-5,7.0,0.5,7.0,0.25,0.0,0.10755000000000002,0.00036812715637959877,0.25145503349414783,0.00030043838468805825,0.2631232329851829,0.0002923665450872378,0.2512484113220312
KXLEAGUESCUPTOTAL-26AUG09AMEPOR-5,3.0,0.5,3.0,0.25,0.0,0.10035000000000002,0.00017023847182082855,0.24934422278316767,0.00013767565071704112,0.25014871771149144,0.00010461675508282986,0.2499432505558137
KXNFLTOTAL-26JAN11SFPHI-37,7.0,0.5,7.0,0.25,0.00030000000000000057,0.1273,0.0003971049421433284,0.2525269397941552,0.0003014796410834887,0.2640179839915052,0.00030450508671987965,0.25036080452972004
KXNFLTOTAL-26JAN11SFPHI-37,3.0,0.71,3.0,0.20590000000000003,0.00020000000000000036,0.07850000000000001,0.00017745168889288785,0.20719877933837058,0.0001335159460657517,0.2089145605779175,0.00013064767641131345,0.20444367051243412
KXNBAGAME-26MAY28OKCSAS-SAS,3.0,0.57,3.0,0.2451,0.00010000000000000018,0.1526,0.00015994774376873247,0.24677491334459792,0.00013389441247571481,0.24621742821887643,0.00010186367430388965,0.2457958403075473
KXPGATOUR-FAIO26-MMCG,3.0,0.05,3.0,0.0475,0.00010000000000000005,0.001,0.00011235713618047102,0.08121001047673936,8.69548780274877e-05,0.09722447465936818,0.00013467400603540174,0.09709255141602419
KXBUNDESLIGAGAME-26FEB13BVBM05-BVB,7.0,0.66,7.0,0.2244,0.00010000000000000018,0.1435,0.0004143013604747564,0.22530282653746359,0.00030285821825615727,0.2374532399864996,0.00030763170440615206,0.22726782036453058
KXBUNDESLIGAGAME-26FEB13BVBM05-BVB,3.0,0.65,3.0,0.22749999999999998,0.0,0.1379,0.0001657732965729447,0.22906485829029705,0.00012016627901237537,0.23007339273877275,0.00012178820983560205,0.23061947119743884
KXEPLGAME-25NOV08SUNARS-ARS,14.0,0.8,14.041666666666668,0.15999999999999998,0.0005999999999999944,0.47379999999999994,0.0007675372077058076,0.18169519121142166,0.0006241298421961372,0.21720843021019284,0.0008539200525290455,0.1772694304465147
KXEPLGAME-25NOV08SUNARS-ARS,7.0,0.68,7.041666666666668,0.2176,0.00019999999999999814,0.46379999999999993,0.000446461642255562,0.22264966513596188,0.00033863888324146835,0.23227838498893724,0.0003499528207222207,0.2223058579607025
KXEPLGAME-25NOV08SUNARS-ARS,3.0,0.71,3.0000000000000018,0.20590000000000003,0.00010000000000000018,0.4633999999999999,0.00024005536240217823,0.21002488353317475,0.0001792486047474414,0.21667687612189368,0.00020662721865614728,0.2103432526971239
KXNFLTOTAL-26JAN11SFPHI-34,7.0,0.5,7.0,0.25,0.00010000000000000018,0.1321,0.0004008230506179301,0.2507349041141424,0.0003368468353857759,0.26124480883671697,0.0002768503195815608,0.24880665298792576
KXNFLTOTAL-26JAN11SFPHI-34,3.0,0.78,3.0,0.17159999999999997,0.00010000000000000018,0.04009999999999998,0.00019404762209973748,0.17565207306544883,0.00013482280437526062,0.1851892032406462,0.00014956413156696311,0.1703727519306112
KXMVESPORTSMULTIGAMEEXTENDED-S2026D1214339C5A-2C7C309ADB8,7.0,0.276,6.0,0.199824,0.0001580000000000003,0.062696,0.00030354447880047723,0.21005817819882305,0.0002772368843264465,0.2076314798438001,0.00027722097077466276,0.20931973280081664
KXMVESPORTSMULTIGAMEEXTENDED-S2026D1214339C5A-2C7C309ADB8,3.0,0.26,3.0,0.19240000000000002,4.000000000000007e-05,0.062696,0.00017084314207860802,0.19289865457222014,0.0001621744153524526,0.19485616268309172,0.00015867947404742043,0.19484037871061624
KXWC1HSPREAD-26JUN30CIVNOR-NOR2,3.0,0.11,3.0,0.0979,0.0004999999999999995,0.0082,0.00013051347218007297,0.11338798266275524,0.00012050518876019069,0.11679925650447039,0.0001488337046352128,0.10893990068769406
KXNHLTOTAL-26MAY25CARMTL-5,7.0,0.5800000000000001,7.0,0.24359999999999998,0.00042499999999999634,0.7863249999999999,0.00037973028835247455,0.251613025945288,0.0003360649225987056,0.26586972399796527,0.000278148959568982,0.24495875958965846
KXNHLTOTAL-26MAY25CARMTL-5,3.0,0.61,3.0,0.2379,0.0,0.7853,0.00015231017898563207,0.23948649430875943,0.0001519596022417787,0.23843804211548375,0.0001086066714738446,0.2378604496933028
KXPRESCHILE-25-JJAR,30.0,0.14,30.0,0.12040000000000001,0.0018999999999999998,0.010100000000000001,0.0015035792218623667,0.22363653781911286,0.0014081048420951565,0.2576004491172094,0.0014190580692498087,0.22586190445519122
KXNFLNFCNORTH-25-DET,30.0,0.1,30.00000000000003,0.09000000000000001,0.0012999999999999993,0.0229,0.0012984898685897577,0.20330565088103378,0.0012300586717907125,0.2129783970537325,0.001197069912218568,0.22534324889635976
KXNFLNFCNORTH-25-DET,14.0,0.1,14.0,0.09000000000000001,0.00030000000000000024,0.0171,0.0005909036666099489,0.16991784883132544,0.0005177827104029611,0.18527905740761447,0.0005831239266197264,0.17189829070358184
KXNFLNFCNORTH-25-DET,7.0,0.12,7.0,0.1056,0.0,0.012199999999999999,0.00031362759766103977,0.14714537709035264,0.00034808113371491325,0.15546132792148978,0.00035278067886356434,0.16039321965761533
KXLIGUE1GAME-26SEP05HACSTB-STB,14.0,0.42000000000000004,15.0,0.2436,0.00017499999999999867,0.690075,0.0008253309330585146,0.2492791017706257,0.000629870880566663,0.28456653914183383,0.0007138719333854214,0.2436167691915776
KXLIGUE1GAME-26SEP05HACSTB-STB,7.0,0.37,7.0,0.2331,0.00017499999999999864,0.410325,0.0003703213824480426,0.2341237915077597,0.00031000432303968746,0.23990405331012638,0.00031832105540002375,0.23831894979381402
KXLIGUE1GAME-26SEP05HACSTB-STB,3.0,0.345,3.0,0.22597499999999998,0.00012499999999999857,0.4097,0.00018012042498679722,0.23186367019194326,0.00012994690115819787,0.2402017768486569,0.0001043529373599441,0.22452745124089973
KXDPWORLDTOUR-OMEM26-RGER,7.0,0.11,7.0,0.0979,0.0001389999999999999,0.005109,0.0003220685384740965,0.14524316796905226,0.00028191841771320987,0.15805699215530133,0.0002995009876638729,0.1354677428006758
KXNCAAFTOTAL-25DEC20TULNMISS-44,14.0,0.5,13.0,0.25,0.0003250000000000039,0.123725,0.00071769023685246,0.26284397828669265,0.0005737432451129555,0.2895180866833438,0.0005759672451561385,0.2529995924021793
KXNCAAFTOTAL-25DEC20TULNMISS-44,7.0,0.88,7.0,0.1056,0.0003250000000000039,0.034825,0.0003676185490065247,0.12887027016711283,0.00030604635789532755,0.12778837616689576,0.0004754497887570523,0.11853613181835698
KXNCAAFTOTAL-25DEC20TULNMISS-44,3.0,0.79,3.0,0.1659,0.00010000000000000018,0.0242,0.00016804835830360897,0.1675481401996668,0.0001293358165710874,0.17925759435879687,0.00012674633181003408,0.16337813246106378
KXSBSETLISTS-26-SAF,30.0,0.35,30.0,0.22749999999999998,0.0004999999999999998,0.32265000000000005,0.001677678995800226,0.252630560681254,0.001343483900338499,0.2868866985224988,0.0015542840391259882,0.2405928626000783
KXSBSETLISTS-26-SAF,14.0,0.38,14.0,0.2356,0.00010000000000000018,0.3139,0.000750254156630566,0.24292421592239463,0.000645891140322381,0.25411148578225434,0.0006637250887875591,0.23960297355765256
KXSBSETLISTS-26-SAF,7.0,0.49,7.0,0.2499,0.00010000000000000018,0.21760000000000002,0.0003710361906930125,0.25387429735028194,0.00030531178981127086,0.26476006026084137,0.00028240347068421244,0.2528922514697601
KXSBSETLISTS-26-SAF,3.0,0.49,3.0,0.2499,0.0,0.18950000000000003,0.00014690998145233607,0.25268626151661433,0.00012371634861482178,0.2556048911177641,0.00013073124581441147,0.24955668281880766
KXBRASILEIROGAME-26AUG08CRATL-CR,7.0,0.33,7.0,0.2211,0.00020000000000000033,0.09965,0.00038383059572845684,0.22953110682603695,0.00030724410060289426,0.23799140413043865,0.00030947794210701805,0.23277753901057704
KXBRASILEIROGAME-26AUG08CRATL-CR,3.0,0.31,3.0,0.21389999999999998,5.000000000000009e-05,0.09925,0.00017050757662919548,0.21609803079428566,0.00014206888398102415,0.2194513496024765,0.0001184058856550153,0.21453614242022723
KXPGAR3LEAD-THOC26-SSCH,30.0,0.12,26.0,0.1056,0.0006999999999999988,0.10830000000000002,0.0011120679264310165,0.19476883636260386,0.0011576393187211998,0.22869148561363517,0.0012211910460303852,0.22369662042434776
KXPGAR3LEAD-THOC26-SSCH,14.0,0.23,14.0,0.1771,0.000299999999999998,0.10380000000000005,0.0007820819176779901,0.20427827367673743,0.0006702890071099317,0.22809553961721696,0.0008075382610948126,0.2046474957012544
KXPGAR3LEAD-THOC26-SSCH,7.0,0.14,7.0,0.12040000000000001,0.00019999999999999895,0.0604,0.0004001929201030962,0.15182054248743612,0.00035905524204844845,0.16566491443179887,0.0004106182980670714,0.1531153738017839
KXPGAR3LEAD-THOC26-SSCH,3.0,0.12,3.0,0.1056,0.0,0.009000000000000001,0.00014286570085889075,0.12484457311426762,0.00012459915859765145,0.11796136487373818,0.00019144609861618898,0.12475284037592614
KXUFSD-25-MAR,30.0,0.62,30.0,0.2356,0.001999999999999997,0.5622,0.0016659281614010506,0.2600491663262288,0.001276447876897708,0.30578961214416145,0.001535182735397805,0.24245737174988527
KXUFSD-25-MAR,14.0,0.2,14.0,0.16000000000000003,0.000699999999999999,0.5011000000000001,0.0007943407268850361,0.19569965565284445,0.0006933901675227483,0.21434783629519785,0.0008092984547747606,0.19796725400480322
KXUFSD-25-MAR,7.0,0.11,7.0,0.0979,0.00010000000000000018,0.49940000000000007,0.0002769285748074619,0.1603451393538147,0.00024599836720352246,0.1537416602271253,0.0002618128483434848,0.16336428873116668
KXUFSD-25-MAR,3.0,0.09,3.0,0.0819,0.0,0.4977000000000001,0.00012004873359032003,0.0954182302737555,0.00010625041440158033,0.10372708494042421,0.00016694107077459892,0.08922628301599653
KXWCSPREAD-26JUN30MEXECU-MEX2,3.0,0.19,3.0,0.1539,0.00010000000000000018,0.6242000000000001,0.0002183851742149867,0.1589143809101974,0.0001865702453388381,0.17628159563943377,0.00019786459846613127,0.15730984966752956
KXNFLANYTD-26JAN11BUFJAC-JACTLAWRENCE16,7.0,0.34,6.0,0.2244,0.00029999999999999943,0.0693,0.0003252171284291004,0.2300488908219755,0.0002608093667152303,0.24922607258907659,0.0002606428690687204,0.22377140098249954
KXNFLANYTD-26JAN11BUFJAC-JACTLAWRENCE16,3.0,0.37,3.0,0.2331,0.00020000000000000036,0.0689,0.00017511658126426882,0.23266556971394492,0.00013832333056389853,0.23385415959526124,9.660869379180551e-05,0.2340596211583292
KXIPLGAME-26APR13RRSRH-SRH,7.0,0.47,7.0,0.2491,0.00010000000000000018,0.31640000000000007,0.00036067051800077037,0.25500961943698663,0.00032578704322523667,0.24985118749387014,0.00029981639875434416,0.24982101438209764
KXIPLGAME-26APR13RRSRH-SRH,3.0,0.44,3.0,0.24640000000000004,0.0,0.30340000000000006,0.00017177161139344166,0.24687442414081326,0.00013793865932505234,0.2533038270047372,0.00010024808069458439,0.24554753875456897
KXWC2H-26JUL05BRANOR-NOR,7.0,0.24,5.0,0.1824,0.00030000000000000057,0.5939,0.000322015732097583,0.190759962399031,0.0003146302344519884,0.2060307823344737,0.0003195162172481466,0.201979230946395
KXWC2H-26JUL05BRANOR-NOR,3.0,0.26,3.0,0.19240000000000002,0.00010000000000000018,0.5939,0.00019040447169282993,0.19127587080440578,0.00014393019042665254,0.20170690726241397,0.00015861578325946255,0.1993645520015048
KXWCTOTAL-26JUN22FRAIRQ-6,30.0,0.10500000000000001,18.0,0.09397500000000002,0.0013499999999999986,0.322625,0.0008360884550305883,0.18446424045303167,0.0007686861453624616,0.19597952055250448,0.0007922924074844486,0.17388831149874015
KXWCTOTAL-26JUN22FRAIRQ-6,14.0,0.12,14.0,0.1056,0.0013499999999999983,0.029899999999999996,0.0006198261030185779,0.19177375497475332,0.000612116001742666,0.19908026254949274,0.0006956087942017811,0.1730927211177613
KXWCTOTAL-26JUN22FRAIRQ-6,7.0,0.12,7.0,0.1056,0.000699999999999999,0.029899999999999996,0.00033137908986215924,0.14918488001829602,0.0003201726579573505,0.15481516939130568,0.00035706114507460965,0.14008186602055026
KXWCTOTAL-26JUN22FRAIRQ-6,3.0,0.14,3.0,0.12040000000000001,9.999999999999963e-05,0.029899999999999996,0.00015940988899673853,0.14112019614119373,0.000153803452198088,0.14336643075856184,0.00019080992534201285,0.1299180083133836
KXMENTION-CONA26MAR15-AI,7.0,0.9,7.0,0.08999999999999998,0.00020000000000000036,0.5130000000000001,0.00034263873864237153,0.11232772203173604,0.00026056555817124407,0.1308318267264342,0.0005222498756195799,0.10372745663988456
KXMENTION-CONA26MAR15-AI,3.0,0.74,3.0,0.19240000000000002,0.0,0.47140000000000004,0.0001861540095597787,0.19252254433040947,0.00012619372425208477,0.20460725203787256,0.00013461969080685117,0.19224045483948898
KXNFLGAME-26AUG15PHIBAL-PHI,30.0,0.65,30.0,0.22749999999999998,0.0014999999999999918,0.4867999999999999,0.0016433920398780722,0.2520042389078288,0.0013700840148045592,0.3170014657665178,0.0015915475834253892,0.24406075410932462
KXNFLGAME-26AUG15PHIBAL-PHI,14.0,0.57,14.0,0.2451,0.0007999999999999948,0.3903,0.0007490322409750927,0.2562181987933341,0.0006591806374634757,0.26916323481589777,0.000661730163560203,0.24991355056726988
KXNFLGAME-26AUG15PHIBAL-PHI,7.0,0.54,7.0,0.2484,0.00020000000000000036,0.389,0.0003795296461083075,0.24649414371386347,0.0003428592993629183,0.2664512943583381,0.00030368469808029824,0.2520998498175575
KXNFLGAME-26AUG15PHIBAL-PHI,3.0,0.64,3.0,0.2304,0.00010000000000000018,0.3845,0.00016487543948468596,0.23186770349215638,0.00011872713903694404,0.23905083785365128,0.00011884971906313304,0.23323864999008656
KXPGATOUR-GESO26-CGOT,7.0,0.05,7.0,0.0475,0.0003820000000000001,0.035526,0.00024644542667092724,0.1225553186182226,0.0002271359960024721,0.12660849974280577,0.0002256275542551857,0.14793917794192107
KXUFCFIGHT-26JAN31TAFELE-ELE,7.0,0.73,5.0,0.1971,0.00020000000000000036,0.07890000000000001,0.00032585931124107475,0.19926907974451036,0.00021928286177144723,0.20511621334136826,0.00022912927821826107,0.20420031120009535
KXUFCFIGHT-26JAN31TAFELE-ELE,3.0,0.71,3.0,0.20590000000000003,0.00020000000000000036,0.07850000000000001,0.0001599620337121072,0.20562179083097007,0.00012780685277645942,0.21517350731147503,0.0001245775464182779,0.2112115665251251
FED-25OCT-T4.00,30.0,0.17,30.0,0.1411,0.0024,0.011300000000000001,0.0016131728558618642,0.23273823205473793,0.0014842241755560247,0.24317826942167117,0.0015650982982275262,0.24796684816986633
FED-25OCT-T4.00,14.0,0.08,14.0,0.0736,0.0015999999999999999,0.0014000000000000002,0.0004952833979724417,0.15704735476618456,0.0004762230760204965,0.17624648586926384,0.0005303453721423805,0.16678317291609904
KXNCAAMBSPREAD-26MAR19HAWARK-ARK15,3.0,0.48,3.0,0.2496,0.00010000000000000018,0.2501,0.00015673273584744022,0.2505631967397776,0.0001266370598956088,0.2611594066986506,0.00011318112213905634,0.2499878854769254
KXMVESPORTSMULTIGAMEEXTENDED-S2026FCAC4C408FE-77592E45F89,14.0,0.5,14.0,0.25,0.00011699999999999984,0.668953,0.0007912815873400761,0.2545378383074348,0.0006110065041893655,0.2682763336949636,0.0006726188772848082,0.25360122094934373
KXMVESPORTSMULTIGAMEEXTENDED-S2026FCAC4C408FE-77592E45F89,7.0,0.5,7.0,0.25,0.00011699999999999984,0.668953,0.00037595683263843773,0.25343783040177376,0.0003124042632700648,0.26224778717356423,0.0003022370034112492,0.2508149032102179
KXMVESPORTSMULTIGAMEEXTENDED-S2026FCAC4C408FE-77592E45F89,3.0,0.239,3.0,0.18187899999999999,6.400000000000012e-05,0.530517,0.00017196336083892468,0.18376777165173278,0.00014132277669949824,0.19147171060871299,0.00016282556774915177,0.18467926199553844
KXLALIGAGAME-26AUG23ATMVIL-VIL,14.0,0.255,14.0,0.189975,0.0003750000000000001,0.05065,0.0008190596988235648,0.21614760147953987,0.0006847225901764531,0.24814830701027674,0.0008095761493154399,0.21360584236369445
KXLALIGAGAME-26AUG23ATMVIL-VIL,7.0,0.23,7.0,0.1771,5.000000000000009e-05,0.0485,0.0004955125239483654,0.1891706815859267,0.00039694401459165307,0.20180937714991987,0.00045164124652039505,0.20214619580669932
KXLALIGAGAME-26AUG23ATMVIL-VIL,3.0,0.23,3.0,0.1771,0.0,0.0485,0.00020250965780062421,0.17998145404969954,0.00020254831234149082,0.1877193101564354,0.00018935397164545232,0.1824875547896071
KXWC2H-26JUN25ECUGER-ECU,14.0,0.19,9.0,0.1539,0.0009749999999999993,0.6417250000000001,0.0005745780331670101,0.1779255380396485,0.00054449881126322,0.18400023334591795,0.0005904772294989972,0.1779306755122892
KXWC2H-26JUN25ECUGER-ECU,7.0,0.165,7.0,0.137775,0.0006499999999999992,0.6417250000000001,0.0004911012371520463,0.15376282595447713,0.0004450447760591214,0.17209610718508153,0.0004664380167240896,0.16542002178376458
KXWC2H-26JUN25ECUGER-ECU,3.0,0.22,3.0,0.1716,2.5000000000000045e-05,0.6413250000000001,0.00020497118902877947,0.1788465190701539,0.00016876112358155863,0.18941317431761107,0.00020776416272812528,0.18225464630334567
KXWCTOTAL-26JUN27CROGHA-3,30.0,0.44,23.0,0.24640000000000004,0.0009999999999999944,0.34909999999999997,0.0012569599335365577,0.2617544130804565,0.001034839800296189,0.28826771531981316,0.0011244633375825585,0.25755286242417436
KXWCTOTAL-26JUN27CROGHA-3,14.0,0.45999999999999996,14.0,0.2484,0.0006999999999999967,0.34909999999999997,0.0007504010819148357,0.2629727458847352,0.0006076852440704682,0.27074991468218934,0.0006868751067852077,0.25253462506301644
KXWCTOTAL-26JUN27CROGHA-3,7.0,0.46,7.0,0.24840000000000004,0.00029999999999999943,0.34909999999999997,0.0003755897992709805,0.24911954199358774,0.0003309128764666145,0.2570726925728721,0.00028532625786447844,0.248233126914159
KXWCTOTAL-26JUN27CROGHA-3,3.0,0.42,3.0,0.2436,0.00019999999999999925,0.34819999999999995,0.00015329346119975974,0.2440354200291489,0.0001330823070031568,0.2531055301801411,0.00013252469644336443,0.24287759359038827
KXJLEAGUEGAME-26MAY17VVNVIK-VIK,3.0,0.53,3.0,0.2491,0.00010000000000000018,0.31459999999999994,0.00018025665553275444,0.25185552786308724,0.00012481010087983069,0.25811322169433504,0.00012723725110706896,0.2482596586817584
KXEFLCHAMPIONSHIPGAME-26SEP06BCWOL-BC,7.0,0.325,7.0,0.21937500000000001,0.0002749999999999983,0.09620000000000001,0.0003928771963440127,0.22488742276821228,0.00034900890771635904,0.22922611326205497,0.0003101902738474817,0.22562009108942774
KXEFLCHAMPIONSHIPGAME-26SEP06BCWOL-BC,3.0,0.32,3.0,0.2176,0.0,0.09620000000000001,0.00017343662803883178,0.22120504944251757,0.00014111051596759892,0.22726651428318917,0.00011489086212752716,0.22056496066513567
KXAFCONGAME-26JAN05EGYBEN-TIE,7.0,0.24,5.0,0.1824,0.000699999999999999,0.5777,0.00030197579185655635,0.20150839739993157,0.0003122267984002861,0.19565737122680893,0.0003069374299739146,0.18768741557662466
KXAFCONGAME-26JAN05EGYBEN-TIE,3.0,0.24,3.0,0.1824,0.0004999999999999998,0.5777,0.00018957729519266273,0.18285854090923684,0.00015396808491829732,0.18891327407462966,0.00016514192072338926,0.1924322965673283
NASDAQ100Y-23DEC29-T14999.99,30.0,0.93,30.0,0.06509999999999996,0.001274999999999998,0.004225000000000007,0.001275386922421083,0.22912702670895335,0.0010850761041974952,0.24729095226150974,0.0012824339625432174,0.21903399539489876
KXLLM1-25MAR31-OAI,30.0,0.28,29.958333333333336,0.2016,0.0017999999999999993,0.031400000000000004,0.0015565356733213942,0.25711438415582555,0.0013259393720062025,0.2838372643324064,0.0015137047265357804,0.253621672133903
KXLLM1-25MAR31-OAI,14.0,0.05,14.0,0.0475,0.0008999999999999998,0.0018000000000000006,0.00045513499378888966,0.156518405163332,0.0004435551974213485,0.16453075053969968,0.0004267382292818499,0.1486592774360947
KXNBAALLSTARMVP-26-JBRU,7.0,0.06,5.0,0.05639999999999999,0.0003,0.0017000000000000001,0.0001705086633267716,0.11843235928509564,0.00013350763796054682,0.12399030229560477,0.00017298574538629973,0.11681873984894217
KXNCAAMBTOTAL-26MAR20USUVILL-147,7.0,0.54,5.0,0.2484,0.0,0.2762,0.0002793283387923628,0.24492421321981175,0.00019143020264924927,0.26582946121803386,0.00020432565667712825,0.24886945039261962
KXNCAAMBTOTAL-26MAR20USUVILL-147,3.0,0.47,3.0,0.2491,0.0,0.27130000000000004,0.00015056589972701432,0.2509523213667071,0.00013867866968242495,0.2543931939992734,0.00010375367098702365,0.2482299816745424
KXNFLGAME-25DEC07LAARI-ARI,14.0,0.525,13.0,0.24937499999999999,0.0005999999999999994,0.13952500000000004,0.0006549854160085891,0.25717865183103866,0.000601623957551942,0.2807046720250972,0.0005794149488815284,0.25162404403949973
KXNFLGAME-25DEC07LAARI-ARI,7.0,0.22,7.0,0.1716,0.00019999999999999982,0.0362,0.00047430021046482307,0.18524367250971832,0.00042114840298119576,0.19577229009771485,0.0005082911631391432,0.1774533745074743
KXNFLGAME-25DEC07LAARI-ARI,3.0,0.22,3.0,0.1716,0.00019999999999999982,0.0362,0.00019550260344639958,0.1772105965428021,0.00018114478128705564,0.17576093306518686,0.00019116525386942952,0.18049357248839365
KXNCAAFGAME-25SEP06UVANCST-UVA,30.0,0.060000000000000005,30.0,0.0564,0.0005999999999999989,1.09515,0.0011883905148843588,0.19463970910397294,0.0010568245577940107,0.16979179127726737,0.0011460161792540917,0.18763137638019756
KXNCAAFGAME-25SEP06UVANCST-UVA,14.0,0.31999999999999995,14.0,0.2176,0.0005999999999999989,0.3144,0.0007162681154375589,0.22185450613679408,0.0006249107769792245,0.26088850345465736,0.0007056406756382027,0.22914975473496446
KXNCAAFGAME-25SEP06UVANCST-UVA,7.0,0.41,7.0,0.24190000000000003,0.00020000000000000036,0.17849999999999996,0.0003750267116706174,0.24757556786978563,0.00034062540952527713,0.24952820192619185,0.000305294303129645,0.24203659348752893
KXNCAAFGAME-25SEP06UVANCST-UVA,3.0,0.45,3.0,0.24750000000000003,0.0,0.17689999999999997,0.00019451803680406037,0.24777670808775112,0.00010883963001745237,0.2580846231288386,0.00010597512921131262,0.2471419983284124
KXUFCFIGHT-26AUG15NJOALV-ALV,14.0,0.72,9.0,0.2016,0.00010000000000000018,0.5360999999999999,0.00047702851496406477,0.2126103706856101,0.0003856730436321254,0.23274605742701873,0.00042097541323237635,0.20819431239494418
KXUFCFIGHT-26AUG15NJOALV-ALV,7.0,0.75,7.0,0.1875,0.00010000000000000018,0.5351999999999999,0.0003737759083730049,0.18755510440326972,0.0003041644109946434,0.2139670483808959,0.00037180181084116944,0.19841900119100359
KXUFCFIGHT-26AUG15NJOALV-ALV,3.0,0.76,3.0,0.1824,0.0,0.5333999999999999,0.00013788532520461673,0.18978106176995105,0.00012458157489172916,0.19206863400156332,0.00011655176763596016,0.18282081436344064
KXWCGROUPWINELIM-26-3,30.0,0.88,30.0,0.1056,0.0002249999999999993,0.6543249999999999,0.0013665224448052653,0.24175396607422228,0.00113665671383228,0.2889632880933269,0.0014624432895275557,0.23568883309032057
KXWCGROUPWINELIM-26-3,14.0,0.79,14.0,0.1659,0.00010000000000000018,0.5589999999999999,0.0007344217064813445,0.18690384686774153,0.000571012904879598,0.21400160207853547,0.0008532527912323013,0.17269285990326594
KXWCGROUPWINELIM-26-3,7.0,0.53,7.0,0.2491,0.0,0.3546999999999999,0.00039622683407659605,0.24998974847720917,0.0002965283823313222,0.2633534376458613,0.00029618655323161865,0.25169637266069694
KXWCGROUPWINELIM-26-3,3.0,0.31,3.0,0.21389999999999998,0.0,0.0901,0.00016050852450577577,0.21283549703995816,0.00012056823465527919,0.2176754233603777,0.00011724471328799398,0.214752902515771
KXUCLWGAME-26APR01BMUMNU-BMU,3.0,0.74,3.0,0.19240000000000002,0.0,0.07180000000000002,0.000154814580968192,0.20033402008908766,0.00012513620864280296,0.20603852729108468,0.00012136404623283841,0.1981452052649474
KXNCAAFSPREAD-26JAN01ALAIND-IND13,14.0,0.5,12.0,0.25,0.0003999999999999985,0.44399999999999984,0.0006216864937179203,0.25580576679411826,0.0005131701910110105,0.2638161184009526,0.000540355921001063,0.2528370063440454
KXNCAAFSPREAD-26JAN01ALAIND-IND13,7.0,0.33999999999999997,7.0,0.2244,0.0003999999999999985,0.42619999999999986,0.00039434470528885865,0.2306054263202435,0.0003053068611401735,0.2496563235997371,0.0003074283115045815,0.22597836350067
KXNCAAFSPREAD-26JAN01ALAIND-IND13,3.0,0.32,3.0,0.2176,0.0003999999999999985,0.42419999999999985,0.00014582585729282658,0.22100032858068733,0.00011843732899596455,0.22388786752969012,0.0001292693348676668,0.21950452767712636
KXWHUNDREDMATCH-26AUG020930MANMI-MAN,7.0,0.49,7.0,0.2499,0.00010000000000000018,0.19524999999999992,0.00040497985977495173,0.2539337864940855,0.00032327502551470833,0.26245559052508477,0.00027962447607883403,0.25023769365806464
KXWHUNDREDMATCH-26AUG020930MANMI-MAN,3.0,0.505,3.0,0.249975,0.0,0.19312499999999994,0.00015624952861841785,0.25135582268485673,0.00012888607467379608,0.2530731349288222,0.00010955329479617686,0.250767805532031
KXNFLGAME-25DEC14CLECHI-CHI,14.0,0.525,13.0,0.24937499999999999,0.00030000000000000057,0.18032500000000007,0.0006930431751482604,0.25458839880514395,0.0005673305463236792,0.2802099648146363,0.0006011687882261684,0.2507516275808232
KXNFLGAME-25DEC14CLECHI-CHI,7.0,0.76,7.0,0.1824,0.00030000000000000057,0.04889999999999999,0.0003749130430166417,0.19384007496514927,0.00030246651642798863,0.19802100075316137,0.0003795164874095189,0.18757915093606808
KXNFLGAME-25DEC14CLECHI-CHI,3.0,0.78,3.0,0.17159999999999997,0.00010000000000000018,0.04889999999999999,0.00016065890033213574,0.18687949133729823,0.00012469810953703387,0.17839799790969288,0.00015206883739737572,0.17515670898251615
KXEUROLEAGUEGAME-26JAN21FENVIB-VIB,3.0,0.375,3.0,0.234375,0.00010000000000000018,0.16072499999999995,0.00016357557405059428,0.23777157797431964,0.00013162901770755574,0.23700936495349584,0.0001028362724109668,0.23119829014571786
KXBBCHARTDRAKE-26JUN06-DRA,14.0,0.78,9.0,0.17159999999999997,0.0,0.284,0.0004792780673823749,0.17801135300241616,0.00042098702915574244,0.19857181580425595,0.000525545916867048,0.17662773528047596
KXBBCHARTDRAKE-26JUN06-DRA,7.0,0.34,7.0,0.2244,0.0,0.1774,0.00036875903110484496,0.22804819583862165,0.0003054533081381282,0.2356904761164266,0.00030539833170720415,0.22529948305593792
KXBBCHARTDRAKE-26JUN06-DRA,3.0,0.91,3.0,0.08189999999999997,0.0,0.007099999999999982,0.0001457472773710352,0.09334637428113884,0.0001259670211843355,0.09502188917681607,0.0002364501294492519,0.08561884876933261
KXNCAAFGAME-25SEP20ILLIND-ILL,7.0,0.41,7.0,0.24190000000000003,0.0005999999999999989,0.0945,0.00035038481768629934,0.24789085001364528,0.00032223911631807463,0.25857290073064626,0.00028718604470564575,0.24490828729494143
KXNCAAFGAME-25SEP20ILLIND-ILL,3.0,0.34,3.0,0.2244,0.00010000000000000018,0.0905,0.00015829517169293258,0.22591796780417753,0.00013997211915401083,0.2342232752699271,0.00011295661712069835,0.22691262414748115
KXBRASILEIROGAME-26JUL22CFCPAL-PAL,7.0,0.45,7.0,0.24750000000000003,0.0004999999999999987,0.20379999999999995,0.00039050615515959025,0.24897452650934135,0.00030189297935551287,0.25269968194310094,0.00031954990087290256,0.2482189437456737
KXBRASILEIROGAME-26JUL22CFCPAL-PAL,3.0,0.5,3.0,0.25,0.0,0.20339999999999994,0.00015106234219535705,0.24883309393645126,0.00011268168316068216,0.2558073546329123,0.00010873310472167657,0.2499736242377724
KXEPLGAME-26APR19EVELFC-EVE,14.0,0.305,14.0,0.21197500000000002,0.0005999999999999989,0.095175,0.0007706555043014806,0.23521434367029825,0.0006915252166034537,0.24316543384781283,0.0007657579593504443,0.22584068794794354
KXEPLGAME-26APR19EVELFC-EVE,7.0,0.26,7.0,0.19240000000000002,0.00010000000000000018,0.0917,0.000432638362253421,0.20972662213623017,0.00036307860032936166,0.20344279173491564,0.0004035270171273357,0.20012479179373535
KXEPLGAME-26APR19EVELFC-EVE,3.0,0.3,3.0,0.21,0.00010000000000000018,0.0901,0.0001651467270364828,0.21067755073905772,0.00013036700090777195,0.21751572290001658,0.00013715514169380946,0.20658748672878546
KXNJ11SD-26-TMAL,30.0,0.72,30.0,0.2016,0.0004999999999999963,0.5552999999999998,0.0016589675467148738,0.2286857839576981,0.0012092046151893385,0.29397287443157905,0.0017477046704387222,0.22284451205632416
KXNJ11SD-26-TMAL,14.0,0.7,14.0,0.21000000000000002,0.00010000000000000005,0.5046999999999999,0.0007680833708026275,0.22405083913120122,0.0005852248416142662,0.2247287566978766,0.0006884367185357351,0.2156806869984591
KXWC1H-26JUN15KSAURU-TIE,14.0,0.405,11.0,0.240975,0.0007250000000000014,0.1522,0.0005765485191889653,0.2472156525834825,0.0004970460333265166,0.264876830266927,0.0004579437314725264,0.24635088934888427
KXWC1H-26JUN15KSAURU-TIE,7.0,0.39,7.0,0.2379,0.00030000000000000057,0.1522,0.0004227495997957464,0.24027112423790287,0.0003019228270120177,0.25693964006525793,0.0003072381727962719,0.23540600473202034
KXWC1H-26JUN15KSAURU-TIE,3.0,0.405,3.0,0.240975,2.5000000000000045e-05,0.1522,0.00017237372426298712,0.23875615313527593,0.00012944301482305018,0.2482531763590613,0.00013108256978934594,0.24178853297899486
KXGEMINI-GEMI35P-26AUG16,30.0,0.67,30.0,0.2211,0.0009999999999999961,0.4744999999999999,0.0016493009836301114,0.24718561804857142,0.0012661326341384294,0.30560005166400334,0.0016673948846322522,0.23997618384529495
KXGEMINI-GEMI35P-26AUG16,14.0,0.68,14.0,0.2176,0.0004999999999999998,0.23569999999999997,0.0007889452420573831,0.23048723763906764,0.0005917700125936246,0.2758897775415242,0.0007082397592678255,0.22459664362132628
KXGEMINI-GEMI35P-26AUG16,7.0,0.09,7.0,0.0819,0.0004999999999999998,0.0026000000000000003,0.00031416868222651446,0.133832109560693,0.0002511394809557193,0.12673511092334575,0.0002757817591532385,0.13450158689899042
KXGEMINI-GEMI35P-26AUG16,3.0,0.08,3.0,0.0736,0.00039999999999999986,0.0026000000000000003,0.00014591836212777824,0.09803572289901143,0.00011414230004158749,0.09930517431659885,0.00016396142701343382,0.09761381253290562
KXUFCVICROUND-26AUG15MAKMGI-MAK4,3.0,0.07,3.0,0.0651,0.0003999999999999996,0.0275,0.0001229313701866605,0.08854959950770194,9.703045917950532e-05,0.09634189926275048,0.00016099400518235,0.10417434711383276
KXLALIGATOTAL-26AUG25VCFRBB-1,7.0,0.88,7.0,0.1056,0.0002750000000000005,0.004924999999999995,0.0003680227554261625,0.12943877409104426,0.00030566551812513036,0.1375516089177926,0.0004718140485256401,0.11623814388588447
KXLALIGATOTAL-26AUG25VCFRBB-1,3.0,0.915,3.0,0.07777499999999997,0.0002250000000000004,0.0036999999999999932,0.0001518697137476651,0.08578585403128308,0.00010373730332015708,0.09461982638011586,0.00020665769874622406,0.07899327975277137
KXNCAAFSPREAD-26JAN01ALAIND-IND9,14.0,0.5,12.0,0.25,0.0003250000000000006,0.320925,0.0006523765062595384,0.2553660121487211,0.0005066825133605009,0.27724480066064106,0.0005057016757394779,0.2524040779358889
KXNCAAFSPREAD-26JAN01ALAIND-IND9,7.0,0.41,7.0,0.24190000000000003,0.0,0.31670000000000004,0.000403283828413091,0.2448586674952511,0.0003320387352856863,0.25422363903930334,0.00030477903777501687,0.24242664830374422
KXNCAAFSPREAD-26JAN01ALAIND-IND9,3.0,0.44,3.0,0.24640000000000004,0.0,0.31500000000000006,0.00015535714353861853,0.251122982300724,0.00012315720024572705,0.25267361740527844,8.744478537630052e-05,0.24750616467064177
KXWTAMATCH-26MAY24NAVTJE-NAV,7.0,0.72,5.0,0.2016,0.00020000000000000036,0.053799999999999994,0.000262250729243185,0.20102772470864022,0.00019036009979320052,0.20793840991358,0.000238303810157912,0.2026445843880761
KXWTAMATCH-26MAY24NAVTJE-NAV,3.0,0.75,3.0,0.1875,0.00010000000000000018,0.05339999999999999,0.00015791944264411861,0.19830810178590327,0.00013171275163105335,0.19946044828316328,0.0001455110791892832,0.18650231659674382
KXMVESPORTSMULTIGAMEEXTENDED-S20263B8E62D1F99-2603F19C318,3.0,0.182,3.0,0.148876,2.5000000000000045e-05,0.488097,0.00019896499710430831,0.1593556378073452,0.0001899200388132847,0.14981114736996293,0.0002041329988604676,0.1610546059362474
KXPGA-25-BD,30.0,0.055,30.999999999999993,0.051975,0.000999999999999999,0.012824999999999998,0.0012645693362527155,0.20395893133817716,0.001152250135443942,0.21007510121935852,0.0012119183815877193,0.17562995409579796
KXPGA-25-BD,14.0,0.08,14.0,0.0736,0.0003999999999999996,0.009599999999999997,0.0005508616342592151,0.16162516022804652,0.0004628001529873356,0.18590726526742288,0.0005349318995574791,0.1935628383942121
KXPGA-25-BD,7.0,0.09,7.0,0.0819,9.99999999999999e-05,0.009599999999999997,0.00024902712642910067,0.15384457739270033,0.00023516118734203954,0.14907256318465234,0.0002710140028341898,0.12954535065112535
KXPGA-25-BD,3.0,0.09,3.0,0.0819,0.0,0.008299999999999997,0.00013281577335570927,0.09486503772285902,9.763117031535003e-05,0.11836526952323956,0.00016365053565131827,0.09665940695959849
KXUCLGAME-25NOV05BRUBAR-TIE,14.0,0.22499999999999998,14.041666666666666,0.17437499999999997,0.0013500000000000003,0.6431250000000001,0.0009100311967562933,0.20501376247724992,0.0007773022915874999,0.21870448750400975,0.0008788641780455322,0.1952329822622948
KXUCLGAME-25NOV05BRUBAR-TIE,7.0,0.16,7.041666666666666,0.1344,0.00065,0.6401000000000001,0.00049457538597434,0.17221788868106813,0.00040242248086753794,0.15828359090339475,0.0005375975891108438,0.15727221835369737
KXUCLGAME-25NOV05BRUBAR-TIE,3.0,0.165,3.041666666666666,0.137775,0.00042499999999999965,0.6401000000000001,0.0002938406446314427,0.15284615771408824,0.0002757657741372935,0.13979709699850745,0.00030803754983812234,0.15413833165571106
KXUCLTOTAL-26MAY06BMUPSG-4,14.0,0.5,14.0,0.25,0.00020000000000000036,0.18884999999999996,0.0007412466806979707,0.2589986732188882,0.0006585433944568061,0.2728006919980032,0.0006847762721783507,0.2483710850675972
KXUCLTOTAL-26MAY06BMUPSG-4,7.0,0.44,7.0,0.24640000000000004,0.00020000000000000036,0.18699999999999997,0.0003420935655949067,0.24579524662302202,0.0002906677371916866,0.263212565425532,0.00030429293955039685,0.2477693121055184
KXUCLTOTAL-26MAY06BMUPSG-4,3.0,0.45,3.0,0.24750000000000003,0.00010000000000000018,0.18499999999999997,0.00015328970195859564,0.2475007133231506,0.00013557218960131242,0.25423328384137384,0.00010385408789454978,0.24692855880466869
KXNFLANYTD-26JAN12HOUPIT-HOUNCHUBB21,7.0,0.16,7.0,0.1344,0.00024999999999999935,0.019699999999999995,0.00044735797205874145,0.15875911177689936,0.0004382790027921031,0.17371012028732596,0.00044848172706887313,0.1707460097603184
KXNFLANYTD-26JAN12HOUPIT-HOUNCHUBB21,3.0,0.15,3.0,0.1275,0.00019999999999999925,0.019699999999999995,0.0002199054487605949,0.13330535570076452,0.0001782216087734582,0.13451411073593966,0.00019074911084590807,0.1350344843391091
KXNFLSPREAD-25DEC21CINMIA-CIN3,14.0,0.5,12.0,0.25,0.0003250000000000006,0.24052499999999996,0.0006187329721847875,0.2533445365114545,0.000509275812676092,0.27627159336078966,0.000519561800941083,0.2525630599095805
KXNFLSPREAD-25DEC21CINMIA-CIN3,7.0,0.36,7.0,0.2304,0.0003250000000000006,0.22992499999999993,0.00037281198951285384,0.2401870568145543,0.0003286613072425773,0.23220087597110392,0.0003071509106664581,0.2357542800017489
KXNFLSPREAD-25DEC21CINMIA-CIN3,3.0,0.51,3.0,0.2499,0.00010000000000000018,0.21259999999999996,0.00014323234015790664,0.2530493208385865,0.00013534870706520717,0.2472806495863917,0.00010544303275116674,0.24997146114264673
KXNFLTOTAL-25DEC21NEBAL-47,14.0,0.5,12.0,0.25,0.0004250000000000008,0.4283249999999999,0.0006380550735754331,0.2547006926541436,0.0005041462370158065,0.28814358732440204,0.0005245028306396738,0.24656676355816282
KXNFLTOTAL-25DEC21NEBAL-47,7.0,0.48,7.0,0.2496,0.00020000000000000036,0.21599999999999994,0.0003652712901184061,0.254055351054959,0.00032791977687221985,0.27492998341000713,0.000293983777654786,0.2475294830508577
KXNFLTOTAL-25DEC21NEBAL-47,3.0,0.54,3.0,0.2484,0.00010000000000000018,0.21169999999999994,0.00014208978671706395,0.2519460035901739,0.00013460151656589773,0.25310485087202633,9.593116253389199e-05,0.24779221542585858
KXNCAAFTOTAL-26JAN08MIAMISS-48,7.0,0.6,6.0,0.24,0.0006999999999999946,0.16910000000000003,0.0002995946300557729,0.24799122616800814,0.00023855197849400898,0.2510728191697627,0.00025373870543779486,0.24318538577035728
KXNCAAFTOTAL-26JAN08MIAMISS-48,3.0,0.58,3.0,0.2436,0.00020000000000000036,0.16820000000000002,0.00017486895092942947,0.24486155772239876,0.00012718629609380022,0.24719853399016942,0.00011680125645922738,0.2449664156350095
KXNCAAFGAME-25SEP20SELALSU-SELA,7.0,0.05,7.0,0.0475,0.0002999999999999999,0.0010000000000000002,0.00022244797554234856,0.12073326421201572,0.0002204472409509827,0.14111381964726707,0.0002255562406009235,0.12358274371737903
KXWTIW-26APR17-T103.99,7.0,0.16,7.0,0.1344,0.0004999999999999999,0.2443000000000001,0.00045678855611564054,0.1571105628683156,0.0004277134326284912,0.19510434103439525,0.00044580913992944295,0.1560031009283733
KXWTIW-26APR17-T103.99,3.0,0.06,3.0,0.05639999999999999,0.0004999999999999999,0.0005,0.00010117572537239017,0.07817355689808388,7.836865197510389e-05,0.09546308431592894,0.00012780672627844011,0.10380071767007502
KXLOLGAME-26MAY231600FLYC9-C9,3.0,0.73,3.0,0.1971,0.00010000000000000018,0.0734,0.00017239910671851779,0.20304140981248842,0.00011767468385422249,0.20262649916360392,0.0001401686732379089,0.2013895195706673
KXMLBGAME-26AUG132210MILLAD-MIL,3.0,0.46,3.0,0.24840000000000004,0.0,0.7030000000000001,0.000165505280962422,0.2481189239455633,0.00014119122894471996,0.25059571848523565,0.000124254415888121,0.24824820084090246
KXMVESPORTSMULTIGAMEEXTENDED-S20263E6F4ED660B-413AFBBCF5F,14.0,0.5,11.0,0.25,3.5999999999999994e-05,0.24109,0.0005745607357806443,0.2535899861365971,0.0004475983271645782,0.27781543631534616,0.00045621672612783273,0.2526381994639091
KXMVESPORTSMULTIGAMEEXTENDED-S20263E6F4ED660B-413AFBBCF5F,3.0,0.5,3.0,0.25,3.5999999999999994e-05,0.24109,0.0001603050884514766,0.24896557301489872,0.0001336541052188683,0.2600883789311685,0.00010728976496873181,0.2510844068521258
KXMLSGAME-26AUG01MTLNE-NE,7.0,0.29,6.0,0.20589999999999997,0.00020000000000000036,0.0743,0.00029844522841809053,0.21811631218968558,0.00025355759546565125,0.22643389778323025,0.000260769400442361,0.21397696419952125
KXMLSGAME-26AUG01MTLNE-NE,3.0,0.31,3.0,0.21389999999999998,0.0,0.07390000000000001,0.00016101568983152827,0.21861487962523107,0.00013437210750009352,0.22955301678654785,0.00011749634923273133,0.21410735036645448
KXUFCFIGHT-25OCT04ANKPER-ANK,3.0,0.69,3.0,0.2139,0.0004999999999999943,0.4761999999999999,0.00016633212922669818,0.21680446039572654,0.00013912842972213228,0.22043123600973216,0.00013166887369328895,0.21900892588631074
KXNCAAFSPREAD-26JAN19MIAIND-IND13,14.0,0.42,9.0,0.2436,0.0005999999999999978,0.12499999999999999,0.0005261008730467144,0.24886576153207998,0.0004137695739188592,0.26349369673319456,0.000382073571037666,0.2448444454470262
KXNCAAFSPREAD-26JAN19MIAIND-IND13,7.0,0.38,7.0,0.2356,0.0005999999999999978,0.12339999999999998,0.000378500775040273,0.2444605539994922,0.0003076942661172623,0.24257383914261552,0.00029826124559114526,0.2350522221198034
KXNCAAFSPREAD-26JAN19MIAIND-IND13,3.0,0.39,3.0,0.2379,0.00010000000000000018,0.12299999999999998,0.00016459436664490547,0.23759999532684123,0.00013814924323411667,0.24521702670750098,0.000115681885491969,0.23987712345829407
KXEPLGAME-26FEB07WOLCFC-CFC,14.0,0.6,14.0,0.24,0.0004000000000000007,0.1522,0.0007513576464089351,0.2470238440581127,0.0005598736335255584,0.2775468109629183,0.0006755803640169986,0.23728679324109986
KXEPLGAME-26FEB07WOLCFC-CFC,7.0,0.6,7.0,0.24,0.00020000000000000036,0.1522,0.00037905716170822697,0.24372867001262719,0.0002649214674153967,0.2596060542067677,0.00027443901404581,0.24153116622593848
KXEPLGAME-26FEB07WOLCFC-CFC,3.0,0.6,3.0,0.24,0.0,0.1522,0.0001674991111149448,0.24231675230684172,0.00012995894672594832,0.23897157544758593,0.00012260796926913585,0.24184204709958088
KXUCLGAME-26APR15ARSSPO-TIE,14.0,0.265,14.0,0.194775,0.000625,0.5996,0.0008477119433863161,0.21813658425409252,0.0006364284655624125,0.2195779658748217,0.0007534096346355805,0.22055877939488602
KXUCLGAME-26APR15ARSSPO-TIE,7.0,0.2,7.0,0.16000000000000003,0.0004000000000000002,0.593,0.0005126037080488601,0.18023350881671515,0.0004673249118593678,0.18935953228648578,0.0004531901370186574,0.17209997983823747
KXUCLGAME-26APR15ARSSPO-TIE,3.0,0.2,3.0,0.16000000000000003,0.00019999999999999982,0.593,0.00021940381341618484,0.15963847231330705,0.00019563720332255584,0.1643300367515645,0.00020454459350944005,0.16421646247190952
KXEPLGAME-26MAY17BRECRY-CRY,14.0,0.24,14.0,0.1824,0.001599999999999999,0.0394,0.0008342509096749108,0.21350311882806391,0.0006803010180385438,0.21891331453640647,0.0008053864235889205,0.20597719946636942
KXEPLGAME-26MAY17BRECRY-CRY,7.0,0.24,7.0,0.1824,0.0005999999999999994,0.0362,0.0004420793232012482,0.20800731116908916,0.00040536505506393765,0.19665459584089703,0.00039704857522705723,0.19326118343805165
KXEPLGAME-26MAY17BRECRY-CRY,3.0,0.22,3.0,0.1716,0.0003999999999999996,0.0362,0.00019810709271334375,0.1812029278578563,0.00021293888069493825,0.17908645129735107,0.0001953325290960286,0.17887541034686621
KXUFCFIGHT-26AUG08GAMSAL-GAM,7.0,0.42,6.0,0.2436,0.00030000000000000057,0.17649999999999996,0.00032965152688052253,0.24647455968388005,0.00026406985855471806,0.2647854927449915,0.0002488075069338347,0.24331229169650914
KXUFCFIGHT-26AUG08GAMSAL-GAM,3.0,0.43,3.0,0.2451,0.00020000000000000036,0.17649999999999996,0.00016908391019955727,0.24651785944441912,0.00010616810558391869,0.2508054837894028,0.00011411021090670659,0.244937754016171
KXNCAAWBGAME-26MAR28UVATCU-UVA,7.0,0.19,5.0,0.1539,0.0004999999999999998,0.044199999999999996,0.00036391331426124354,0.15760418118179456,0.00036565858761626575,0.1729431083431938,0.000358270336930738,0.17343084767302183
KXNCAAWBGAME-26MAR28UVATCU-UVA,3.0,0.21,3.0,0.1659,0.00010000000000000018,0.044199999999999996,0.0002202771620067017,0.17120951645952323,0.0001684372940136245,0.1892221457597042,0.0001657300897073878,0.17027429089486287
KXWCGOAL-26JUL19ESPARG-ARGAMACA10-1,3.0,0.09,3.0,0.0819,0.0,0.006500000000000001,0.0001303935601305453,0.09852423253855626,0.00010278139940819376,0.09988573630140497,0.00018007552956363814,0.10583486448830336
KXWC1HTOTAL-26JUN20NEDSWE-2,14.0,0.32,14.0,0.2176,0.0005749999999999983,0.364525,0.000760452221951976,0.23307315098270032,0.000615245273182273,0.24779755568684458,0.0006969407021203891,0.2291667246565978
KXWC1HTOTAL-26JUN20NEDSWE-2,7.0,0.315,7.0,0.21577500000000002,0.00025000000000000044,0.364525,0.0003967804715264693,0.2166615580426812,0.0003206557325204687,0.22884327810834157,0.0003034535712005103,0.21660616268931954
KXWC1HTOTAL-26JUN20NEDSWE-2,3.0,0.31,3.0,0.21389999999999998,0.0,0.3635,0.000177203234370258,0.2144989440923738,0.00011263981956645191,0.2211136938140851,0.00011417102480823221,0.21748766379404078
KXMLBGAME-26JUL282140COLSD-SD,3.0,0.64,3.0,0.2304,0.00010000000000000018,0.29610000000000003,0.0001635285806428293,0.23212320871694309,0.00013990119355741118,0.2400128750422725,0.00010861294668822163,0.23409916815031373
KXBTCMINY-25-2-DEC31-80000,30.0,0.54,29.999999999999986,0.2484,0.001699999999999999,0.14989999999999998,0.0016652564840875495,0.2710226451932843,0.0012716219851463325,0.30762690616825605,0.0015275087270206808,0.248813298836341
KXBTCMINY-25-2-DEC31-80000,14.0,0.32,14.0,0.2176,0.0014999999999999998,0.0205,0.000784281821951228,0.22996535247729757,0.0006234190775187429,0.23825956555755645,0.0007014684940022907,0.2295018853752952
KXBTCMINY-25-2-DEC31-80000,7.0,0.1,7.0,0.09000000000000001,0.0008999999999999998,0.005700000000000001,0.0002702035941340924,0.15413472490775038,0.00028318923308414296,0.14558949089702944,0.000315527412602125,0.14866174316871128
KXLEAGUESCUPTOTAL-26AUG26AMECLB-4,7.0,0.45,7.0,0.24750000000000003,5.000000000000009e-05,0.307,0.00036436806870562095,0.24929030870034827,0.00031311452260386494,0.257614533843477,0.0003332108282065155,0.249074938417663
KXLEAGUESCUPTOTAL-26AUG26AMECLB-4,3.0,0.315,3.0,0.21577500000000002,2.5000000000000045e-05,0.2901,0.00016575391403128876,0.21427171073251042,0.0001282683114660548,0.2323035219669812,0.00011685937635049218,0.21957810749694054
KXUFCFIGHT-26JUN27OFLREY-REY,7.0,0.6,6.0,0.24,0.00010000000000000018,0.4519000000000001,0.0003123499433252718,0.24262445979217406,0.0002808809510366813,0.24855201487157622,0.00025693341712528563,0.2388645447159684
KXUFCFIGHT-26JUN27OFLREY-REY,3.0,0.61,3.0,0.2379,0.0,0.4519000000000001,0.00014416518902611328,0.23676319452178082,0.00010938167565415987,0.24613630911369633,0.00013930240267574185,0.23793357854942207
KXTESLA-26-Q1-350000,30.0,0.21,29.95833333333333,0.1659,0.0018999999999999972,0.16740000000000005,0.0016870725485713578,0.25325444408023434,0.0014636798489617063,0.24798668066331991,0.0016210084717051215,0.23363764769636575
KXTESLA-26-Q1-350000,14.0,0.44,14.0,0.24640000000000004,0.00010000000000000018,0.09490000000000003,0.0007528636349699552,0.2477234450766244,0.000609830774951089,0.27585800949299755,0.000645505781199214,0.2473822087420561
KXTESLA-26-Q1-350000,7.0,0.59,7.0,0.2419,0.00010000000000000018,0.07320000000000003,0.0003963852206245826,0.24701293429077148,0.00030728818943329914,0.254938398473403,0.0003204721907052402,0.24436570186402762
KXTESLA-26-Q1-350000,3.0,0.72,3.0,0.2016,0.0,0.058200000000000036,0.00017799026052679696,0.20370135277623305,0.00013148658350092604,0.2057764199120555,0.00012586644068766564,0.20505482214540144
KXNFLSPREAD-26JAN25LASEA-SEA7,7.0,0.21500000000000002,7.0,0.168775,0.000799999999999997,0.071425,0.00047887595127052256,0.16873794617242432,0.0004152503439042904,0.19465021236450894,0.0004909077873188968,0.18016545204948733
KXNFLSPREAD-26JAN25LASEA-SEA7,3.0,0.28,3.0,0.2016,0.0003999999999999985,0.06420000000000001,0.000130208283555884,0.19967403612898812,0.00013185321402701023,0.20502923765808959,9.23472962157014e-05,0.20474543647991766
KXWCGAME-26JUL01BELSEN-SEN,3.0,0.27,3.0,0.1971,0.00010000000000000018,0.0626,0.00014151543243505314,0.20106342267034719,0.00012362907600961255,0.2082847481031945,0.0001264789903144297,0.2017540378216434
KXWCTEAMTOTAL-26JUN19TURPAR-TUR2,14.0,0.495,11.0,0.249975,0.0005499999999999998,0.250625,0.0006309673478926564,0.25566308703170465,0.0004995131651263681,0.2795438924362083,0.0005147843667428321,0.24882084426304737
KXWCTEAMTOTAL-26JUN19TURPAR-TUR2,7.0,0.41,7.0,0.24190000000000003,0.00045000000000000075,0.23409999999999997,0.00039863786140088495,0.24395365330400573,0.00029574646389381507,0.2526924372350079,0.0003052729381616153,0.2494925478721811
KXWCTEAMTOTAL-26JUN19TURPAR-TUR2,3.0,0.44,3.0,0.24640000000000004,0.00010000000000000018,0.23409999999999997,0.00016063908232051699,0.2475640982948227,0.00014440071810805852,0.2469289413716645,9.72198075318267e-05,0.24725125464031603
