key,band,p0,tau0,budget,evd,evj,full_vd,full_vj,zi_vd,zi_vj,clam_vd,clam_vj
72191583546025361831225777665974697708285902529660640935369192804892327952658,7.0,0.71,5.0,0.20590000000000003,0.00010000000000000018,0.04105000000000002,0.0002972337685237253,0.2068509956385099,0.00018700991389655197,0.20659400595031827,0.0002474224710112253,0.20343810692366182
72191583546025361831225777665974697708285902529660640935369192804892327952658,3.0,0.695,3.0,0.21197500000000002,0.0,0.040425000000000016,0.00017494091541123705,0.21338806138722824,0.00011674520031285502,0.21573783996387594,0.00015069738262182518,0.21224551365652936
6958226261986895321894171664134250727726877795295745054057860512934310352857,7.0,0.0735,7.0,0.06809775,0.0005555,0.0027042499999999996,0.00022104187948166515,0.11054555604868194,0.0001971446690258749,0.10042503534306611,0.00024064098462128102,0.09906067923973844
19864917728008780169589671230660157481183889222095324713973472684120112283428,7.0,0.485,6.0,0.249775,0.00020000000000000036,0.10267499999999999,0.0003186742061600989,0.2508669954639274,0.0002426604927183682,0.2507771636225797,0.0002778608413949007,0.24925219066354692
19864917728008780169589671230660157481183889222095324713973472684120112283428,3.0,0.395,3.0,0.238975,0.00020000000000000036,0.078325,0.00014791247340699494,0.2399892989588576,0.00010375068798294911,0.23893839787978127,0.0001308446796438101,0.24011639445551616
89110596788673536475065853727140488937259064164063660201050220270400840228269,14.0,0.0505,16.0,0.047949750000000006,1.2249999999999998e-05,0.0022985,0.00042926297052286907,0.08651548623276967,0.00037791355161944566,0.09128916186696763,0.0003909974257398899,0.08372720695538406
55339638397443112919791846485253629869798811464400272253569648598507361954673,30.0,0.32,30.0,0.2176,0.0015300000000000008,0.28130250000000007,0.0013842022786586488,0.22555539794482268,0.0011342521441549858,0.2339079784837417,0.0015066070714987146,0.2237971762406522
55339638397443112919791846485253629869798811464400272253569648598507361954673,14.0,0.34,14.0,0.2244,0.0005299999999999999,0.030852500000000005,0.0007048382647326363,0.2246499707626883,0.0005407252217023077,0.22902129242177655,0.000659852267812065,0.22590894403157827
55339638397443112919791846485253629869798811464400272253569648598507361954673,3.0,0.0695,3.0,0.06466975000000001,4.2249999999999895e-05,0.0030800000000000007,9.300325416839398e-05,0.09228779023119432,6.598407625729052e-05,0.0820075892567651,7.593182382531266e-05,0.08572286873136438
75303319363351541204962251598715680468515536085970822119844634963431663113508,30.0,0.545,30.0,0.247975,0.000749999999999999,0.33062499999999995,0.001660926394379773,0.25115689738458685,0.001185447313485566,0.2599718817517536,0.001627710530925996,0.25123949822170455
75303319363351541204962251598715680468515536085970822119844634963431663113508,14.0,0.545,14.0,0.247975,0.0004999999999999986,0.33062499999999995,0.0007662495218579762,0.2514433045690485,0.000542853733847406,0.26038331825895006,0.0007453881848391153,0.24618151533790034
75303319363351541204962251598715680468515536085970822119844634963431663113508,7.0,0.555,7.0,0.246975,0.00039999999999999845,0.33062499999999995,0.0003989332016617948,0.2503355986690597,0.0002837059119194777,0.24849397919030428,0.0002883106152489009,0.24800236382432225
75303319363351541204962251598715680468515536085970822119844634963431663113508,3.0,0.565,3.0,0.245775,0.00030000000000000057,0.33062499999999995,0.00015413465347537922,0.24701584548781302,0.00011126982789795701,0.24516045197297665,0.0001293312335441336,0.2460538985112672
62000346111572597102265747490421944564476171086740885936101329972434114903479,7.0,0.515,6.0,0.249775,0.0003250000000000006,0.26655,0.00032466213350429077,0.2523022958881523,0.000203102758107263,0.250601143993104,0.00029593731513360305,0.24921427257190715
62000346111572597102265747490421944564476171086740885936101329972434114903479,3.0,0.43,3.0,0.2451,0.0003250000000000006,0.257525,0.00015912784189821993,0.24611507583553355,0.00010327395464173144,0.24552938264469873,0.00012913594159743997,0.24359609519566855
20779063998268474490699884714808310289659170477959115489741275295270359962039,30.0,0.655,30.0,0.22597499999999998,0.0007499999999999925,0.09962499999999996,0.0016231596045645858,0.2374728527030806,0.0011825068260313957,0.23195884452073365,0.0017431063619165472,0.23399377065987012
20779063998268474490699884714808310289659170477959115489741275295270359962039,14.0,0.665,14.0,0.222775,0.00039999999999999183,0.09962499999999996,0.0007194277007614524,0.22637682764625502,0.0005303186990630654,0.22541864276802862,0.0007749897773235026,0.22220103852189538
20779063998268474490699884714808310289659170477959115489741275295270359962039,7.0,0.685,7.0,0.21577499999999997,0.00039999999999999183,0.09922499999999997,0.00034375929916982586,0.22240479836135646,0.00027849769422975864,0.22251482335702544,0.00034949920160707004,0.21280931620312768
20779063998268474490699884714808310289659170477959115489741275295270359962039,3.0,0.685,3.0,0.21577499999999997,0.00019999999999999592,0.09922499999999997,0.00016168428986777732,0.21787295182375094,0.00010513037777256092,0.2131158636161907,0.0001462759031356322,0.21906592901238614
16733339450778272272777651556206571354576285423443476742857616934917902333657,7.0,0.495,5.0,0.249975,0.0006500000000000012,0.29702500000000004,0.0002966171502146767,0.24892278603159415,0.00017475698648302548,0.252604499237763,0.00023492561945203833,0.25017757768536675
16733339450778272272777651556206571354576285423443476742857616934917902333657,3.0,0.525,3.0,0.24937499999999999,0.00020000000000000036,0.29702500000000004,0.00017058642381885842,0.24930303710329757,9.714366151696417e-05,0.24938618829522297,0.00015382208628525663,0.24887209168163682
54027634480901265800282608109717005006002103524737008017293750051061086996140,7.0,0.545,5.0,0.247975,0.00020000000000000036,0.276025,0.0002636814794112433,0.2471136501025528,0.00019828696726930078,0.2513324538804451,0.00018591623781429297,0.24771403965865255
54027634480901265800282608109717005006002103524737008017293750051061086996140,3.0,0.535,3.0,0.248775,0.00010000000000000018,0.276025,0.0001533653701414135,0.24926664403391743,0.0001239165389229656,0.24821326822717374,0.0001330295418077262,0.24797374735912442
86609985837236781845839606240446398452897349252858448169265355134329136402438,14.0,0.585,12.0,0.24277500000000002,0.0006499999999999923,0.31962499999999994,0.0006738799229859588,0.24951720020268323,0.0004779555811267669,0.24418346257022247,0.0005898354595472516,0.24309220204694804
86609985837236781845839606240446398452897349252858448169265355134329136402438,7.0,0.565,7.0,0.245775,4.999999999999787e-05,0.3192249999999999,0.0004070980179402785,0.24884647122130496,0.00026693367557624866,0.24538700201180133,0.0003184323814267631,0.24566947640661874
86609985837236781845839606240446398452897349252858448169265355134329136402438,3.0,0.565,3.0,0.245775,0.0,0.3192249999999999,0.0001568809951112947,0.24458187132822373,0.00012368755637852275,0.24528702808636063,0.00014310404367799757,0.24455115594136878
7045107161367241233811523851106536676632348173555291268726302515224841822187,30.0,0.07,30.0,0.0651,0.0019722499999999983,0.25115224999999997,0.0009659858237298627,0.12305582545700616,0.0009020319785603256,0.10817613899781785,0.0009542212216107269,0.11230961266698467
7045107161367241233811523851106536676632348173555291268726302515224841822187,14.0,0.095,14.0,0.08597500000000001,0.0009722499999999981,0.24472724999999998,0.00046979422183901693,0.10796567135282686,0.0005156862989557182,0.13006000574969268,0.0005759482374141893,0.11892938366988423
7045107161367241233811523851106536676632348173555291268726302515224841822187,7.0,0.33,7.0,0.2211,0.0002722499999999987,0.21710225,0.00039247109598472817,0.2222938428332857,0.0002871241571925467,0.22156185295863387,0.0003747656191439938,0.21686840137011942
7045107161367241233811523851106536676632348173555291268726302515224841822187,3.0,0.51,3.0,0.2499,0.0002722499999999987,0.15435225,0.00014234977153397427,0.2507778307877906,0.00012307013563762814,0.24980238695257223,0.00013906549528277368,0.2502667711291158
50590995350569541543130773217099833464734527698164475480567020627331537312844,30.0,0.1515,30.0,0.12854775,0.0006947499999999998,0.0130835,0.0012695172940797009,0.177064950404126,0.0010794168572250702,0.16927313010232453,0.00119176066891465,0.17674702215674806
62399506755366091856103403252239953666774135692742608136548156202528220881560,30.0,0.775,30.0,0.17437499999999997,0.0010642499999999992,0.06315024999999998,0.0014337877752565308,0.19367502239358458,0.0011815454347766912,0.2050990867309212,0.0018597892832003266,0.19698379706190586
62399506755366091856103403252239953666774135692742608136548156202528220881560,14.0,0.84,14.0,0.13440000000000002,0.0004392500000000024,0.008000250000000006,0.0006631091839260822,0.14824896275095717,0.00047945256353437894,0.14089359836280865,0.0009080652868879569,0.1497882280427464
43068763180000640829152098796323775498398522416921759912473949776827144598358,30.0,0.405,28.0,0.240975,0.0011499999999999926,0.1722105,0.0014425271360774738,0.24173466354432485,0.001081844079890703,0.24640124666146399,0.0014675496165180973,0.2427616490652784
43068763180000640829152098796323775498398522416921759912473949776827144598358,14.0,0.415,14.0,0.24277499999999996,0.0005499999999999971,0.1722105,0.0007743648578725565,0.2456879677485536,0.0005543505065522892,0.248145706774316,0.0007215133778992883,0.24671783739938416
43068763180000640829152098796323775498398522416921759912473949776827144598358,7.0,0.415,7.0,0.24277499999999996,0.00020000000000000036,0.1722105,0.0004085276713212859,0.2420073445428298,0.0002541685948960306,0.2432574990515458,0.00033027472486223954,0.24301932968684753
43068763180000640829152098796323775498398522416921759912473949776827144598358,3.0,0.415,3.0,0.24277499999999996,0.0,0.17181049999999998,0.0001493682202560095,0.2423630222024349,0.00010850720665094749,0.24685923802932017,0.00012561039506684638,0.24106942025377134
11661882248425579028730127122226588074844109517532906275870117904036267401870,30.0,0.25,30.0,0.1875,0.0020250000000000008,0.180703,0.0012970058538173904,0.20453436196296398,0.0012154448473057696,0.2259191001489117,0.001373694535635302,0.20655515161179053
11661882248425579028730127122226588074844109517532906275870117904036267401870,14.0,0.145,14.0,0.12397499999999999,0.001475,0.0021780000000000002,0.0005749419683986795,0.14560772331789518,0.0005756975088883636,0.15483342888338647,0.0005898647724415344,0.15364950985257605
11661882248425579028730127122226588074844109517532906275870117904036267401870,7.0,0.075,7.0,0.069375,0.0008000000000000003,0.001553,0.0002299796031735429,0.09308140816004208,0.00021121052330481949,0.10162217529408699,0.0002216025088365304,0.09967818396480667
11661882248425579028730127122226588074844109517532906275870117904036267401870,3.0,0.07,3.0,0.0651,0.00012500000000000008,0.001553,9.404976119434517e-05,0.08829994216035338,7.067845416654236e-05,0.09482179523469961,8.391887832313822e-05,0.08033288841567972
52684921837049562400037353238223049293166344115053393981883920285480538360105,30.0,0.365,30.0,0.231775,0.0005500000000000009,0.390625,0.0015739934772889955,0.24469813185079084,0.0011617775907066458,0.2373579501057418,0.0015963951402806912,0.25278695464023576
52684921837049562400037353238223049293166344115053393981883920285480538360105,14.0,0.355,14.0,0.22897499999999998,0.0004000000000000007,0.390625,0.0007575783736281633,0.23748179668914568,0.000544362468632916,0.23128274405400367,0.0007232447610204841,0.23442700786854487
52684921837049562400037353238223049293166344115053393981883920285480538360105,7.0,0.365,7.0,0.231775,0.00030000000000000057,0.390625,0.0003515271524864667,0.23516492453672314,0.0002822094137761327,0.2304292892600631,0.0003624649588037349,0.23119708288572696
52684921837049562400037353238223049293166344115053393981883920285480538360105,3.0,0.365,3.0,0.231775,0.00030000000000000057,0.390625,0.00017532266985022685,0.2308356546973657,0.00010564557592486427,0.23323457959156613,0.00015345865637814615,0.23074221703991704
20499437472769847560241881624039508074540415562884114297532631910880371793587,30.0,0.725,30.0,0.199375,0.0005500000000000009,0.08122500000000002,0.001535699838041913,0.21079818139610917,0.0011993110612124546,0.22814999390954108,0.0017710978799803565,0.21818886634408444
20499437472769847560241881624039508074540415562884114297532631910880371793587,14.0,0.735,14.0,0.194775,0.00020000000000000036,0.08122500000000002,0.000722157242551768,0.20206961833765738,0.0005468164960880015,0.20555500927737516,0.0007887108758342829,0.19807219550956867
20499437472769847560241881624039508074540415562884114297532631910880371793587,7.0,0.735,7.0,0.194775,0.00020000000000000036,0.08122500000000002,0.00036296320924547235,0.19964410039876274,0.00026026062668268194,0.1988361998086809,0.0003637888453518628,0.19575971296291889
20499437472769847560241881624039508074540415562884114297532631910880371793587,3.0,0.725,3.0,0.199375,0.00010000000000000018,0.08122500000000002,0.00014954916577344224,0.2013980882668941,0.00010302731195371628,0.20534332153324678,0.00013842832364750643,0.1997509301207304
23905785647225133250068955131316534532801742215919018709867564550696854194755,30.0,0.355,30.0,0.22897499999999998,0.0009499999999999995,0.577325,0.0015605513662622676,0.23415929844342273,0.0011593152183724455,0.23387225363300496,0.0015365163152303621,0.2317409901712442
23905785647225133250068955131316534532801742215919018709867564550696854194755,14.0,0.375,14.0,0.234375,0.0003999999999999985,0.576925,0.0007278419549514352,0.24251989055696566,0.0005428122456133683,0.23676802659045748,0.000734600019238184,0.2396067831201703
23905785647225133250068955131316534532801742215919018709867564550696854194755,7.0,0.345,7.0,0.22597499999999998,0.00020000000000000036,0.576025,0.00036472199649209363,0.22645622172746827,0.0002424040427849531,0.22703987677219092,0.00034582164635911435,0.23541298668998514
23905785647225133250068955131316534532801742215919018709867564550696854194755,3.0,0.275,3.0,0.199375,0.00010000000000000018,0.570425,0.00017822949043874408,0.2009250469780999,0.00012415698788429,0.20583352337962701,0.0001554419301458073,0.20176573617340707
48099867828554374095924291177179897429189998817759876522231807223018616446622,7.0,0.495,6.0,0.249975,0.00025000000000000044,0.33517499999999995,0.00032602213157700876,0.2516799747135077,0.00022947227912833892,0.2532289960642741,0.00027058279712160045,0.24931358870135173
48099867828554374095924291177179897429189998817759876522231807223018616446622,3.0,0.355,3.0,0.22897499999999998,0.0,0.30957499999999993,0.00015203488551902283,0.2289718436733398,0.00011335291184918589,0.2279200382755502,0.00013050556155025196,0.22941221542279738
40499049241972898654020643703335035866918396548200756443925863772754567017486,14.0,0.0505,14.0,0.047949750000000006,0.0008765000000000008,0.34627675,0.0003380765521812215,0.07365681648063079,0.0003628330427822833,0.07822290548497941,0.0003750440761449804,0.07043358067757177
40499049241972898654020643703335035866918396548200756443925863772754567017486,7.0,0.488,7.0,0.249856,0.00038300000000000074,0.1532105,0.000381272963858355,0.24775773745432517,0.0002500877796264173,0.25484046346158723,0.00030194854606550116,0.2522667741802776
40499049241972898654020643703335035866918396548200756443925863772754567017486,3.0,0.383,3.0,0.236311,0.0002902500000000005,0.14100025,0.00016788102992932368,0.23742872804511436,0.0001045534068202951,0.2408388934339712,0.00014014269180718627,0.23607429699758384
57169301693788544330214903356744420244117904575284213508096721868789707973189,30.0,0.372,30.0,0.233616,0.001045499999999999,0.1838635000000001,0.0015419467139865617,0.24113897214384722,0.0011940439460519947,0.2513582543611644,0.001572694662071955,0.22995839709500984
57169301693788544330214903356744420244117904575284213508096721868789707973189,14.0,0.8805,14.0,0.10521975000000004,0.0006007500000000013,0.010783500000000005,0.0005969175097499385,0.13434616204803823,0.0004991489241696273,0.13226249962992168,0.0008663868490334256,0.14090663008694715
16237339805175690472470790887332058682885509818994546623684888151958546717710,30.0,0.51,24.0,0.2499,0.0005750000000000011,0.245025,0.001324055429780688,0.2558455010769054,0.0009375994146602892,0.254207578970936,0.001229100100890032,0.24742352859663352
16237339805175690472470790887332058682885509818994546623684888151958546717710,14.0,0.51,14.0,0.2499,0.0004750000000000008,0.245025,0.0007820010832699894,0.25038115301350594,0.00051468019080924,0.25780926584859926,0.000672453063770626,0.25117730076981487
16237339805175690472470790887332058682885509818994546623684888151958546717710,7.0,0.495,7.0,0.249975,0.0003500000000000006,0.245025,0.0003687922415199912,0.25056070557265836,0.0002520759514907024,0.25183480303735206,0.00033647404172446174,0.24856243010719936
16237339805175690472470790887332058682885509818994546623684888151958546717710,3.0,0.485,3.0,0.249775,0.00020000000000000036,0.245025,0.00018285822241328583,0.24924672102135673,0.00012589648453843226,0.2505203802391391,0.0001369131859786314,0.2501572744471933
104259436423064082971150541232006260758664018969024622611484550356541952860834,30.0,0.305,30.0,0.21197500000000002,0.00030000000000000057,0.265625,0.0013684364137665145,0.22509218724019087,0.0011079613543058722,0.22005087690943853,0.0015053197603595398,0.2094385732377202
104259436423064082971150541232006260758664018969024622611484550356541952860834,14.0,0.585,14.0,0.24277500000000002,0.00010000000000000018,0.18062500000000004,0.0007799065443336413,0.24724879888918622,0.0005626714339689443,0.24590046793695847,0.0006992593985281452,0.24537965675919582
104259436423064082971150541232006260758664018969024622611484550356541952860834,7.0,0.575,7.0,0.244375,0.0,0.18062500000000004,0.00034833171899701406,0.24515879190399445,0.0002692735749285544,0.2406512867223391,0.0003420025194685862,0.24608037481087333
104259436423064082971150541232006260758664018969024622611484550356541952860834,3.0,0.575,3.0,0.244375,0.0,0.18062500000000004,0.00015812386714613086,0.24282903119202942,0.00010873793147410115,0.24367660887364737,0.0001377470327637364,0.24366894177510529
108868564305190361360490524671116008808546165773720209215376459867456221066859,30.0,0.065,30.0,0.060775,0.0010787499999999998,0.0020032500000000003,0.0008388834609384397,0.08859840576052426,0.0008541296592058302,0.11374967498660879,0.0008090790038426934,0.09543751628250562
108868564305190361360490524671116008808546165773720209215376459867456221066859,14.0,0.065,14.0,0.060775,0.0004037500000000001,0.00057825,0.0004514638915682713,0.09489303690667324,0.0004312496609770005,0.08660423188270322,0.0004463610536817879,0.08036442196688663
95624972018784002532162612740720496006567655469353635502553898608270175454207,7.0,0.445,6.0,0.24697499999999997,0.0010000000000000002,0.265225,0.00031204174698544403,0.2488641106017379,0.00024299993080737777,0.24676383039989147,0.0002903070910522109,0.24552682121222522
95624972018784002532162612740720496006567655469353635502553898608270175454207,3.0,0.46,3.0,0.24840000000000004,0.0003249999999999989,0.265225,0.00015139853061658725,0.2483848899261612,0.00011554728490714971,0.2506153864584265,0.00013207508125845306,0.24957806438439342
110474507112100782314899291119134194443200805577700445554821199693457132940419,30.0,0.465,30.0,0.24877499999999997,0.0007352500000000013,1.0416382499999999,0.0016480593421838402,0.2537922235347201,0.0011986433899974882,0.2615578532239853,0.0016215876792080464,0.2521974389018192
110474507112100782314899291119134194443200805577700445554821199693457132940419,14.0,0.415,14.0,0.24277499999999996,0.0001102500000000002,0.9758632499999996,0.0007699852446149495,0.24508049698612522,0.0005613210119231609,0.24216520021836008,0.0007160723565957531,0.2452986658573137
110474507112100782314899291119134194443200805577700445554821199693457132940419,7.0,0.309,7.0,0.21351900000000001,0.0001102500000000002,0.02337075,0.00041064532785319187,0.2171554601712452,0.00024218651647341132,0.21568441273404104,0.00036251713388993215,0.21740083376481475
110474507112100782314899291119134194443200805577700445554821199693457132940419,3.0,0.065,3.0,0.060775,0.0,0.0046335,9.02889903810777e-05,0.08751355932584846,6.351867458385981e-05,0.07641865146767833,7.717842033531297e-05,0.07687561716260162
99093432786402804880099032071467135852496600757661324561038671432812359584511,7.0,0.25,5.0,0.1875,0.0003499999999999998,0.55565,0.0002654384154656459,0.1948636141813684,0.00019891878825300274,0.18438552129185765,0.00028274840537028745,0.19335032163882027
99093432786402804880099032071467135852496600757661324561038671432812359584511,3.0,0.24,3.0,0.1824,0.0002499999999999996,0.55565,0.00016808766212733569,0.1840357415132501,0.00012233097116587987,0.18291652762291286,0.00015854971056777835,0.18429747074380196
94912568711096777820489984696016798235367443551768917424847805010888215349861,30.0,0.225,30.0,0.174375,0.0011500000000000004,0.586987,0.0012543421316766285,0.18620308917575365,0.0011304429250381626,0.20120311971218338,0.0013833313462377416,0.2150554401074967
94912568711096777820489984696016798235367443551768917424847805010888215349861,14.0,0.355,14.0,0.22897499999999998,0.0003250000000000006,0.572912,0.0007544767272935514,0.23356401917856903,0.0005293200910447929,0.2351243678115292,0.0006644584492642347,0.22987715306684606
94912568711096777820489984696016798235367443551768917424847805010888215349861,7.0,0.35,7.0,0.22749999999999998,0.0002250000000000004,0.566787,0.00038028759341624197,0.23298250680996485,0.00026267583760613124,0.23091293155775328,0.000351358492397116,0.22930764455634084
94912568711096777820489984696016798235367443551768917424847805010888215349861,3.0,0.28,3.0,0.2016,0.0002250000000000004,0.561437,0.00017356739813751808,0.20142189957294415,0.00011606317035470513,0.20257530315682884,0.0001606942669330875,0.20270158701889326
28763246044322995220208532073700111687599343514604674596345286876678085708461,30.0,0.645,30.0,0.22897499999999998,0.0006500000000000012,0.0289445,0.0015910228053935477,0.2421934946501183,0.0011981949682401715,0.2450126890908159,0.0017855119815271203,0.23997397096366854
28763246044322995220208532073700111687599343514604674596345286876678085708461,14.0,0.655,14.0,0.22597499999999998,0.00030000000000000057,0.0289445,0.0007954085535137,0.2266900001635262,0.000522402518142348,0.236920555467619,0.0007379194299209754,0.23038775781829324
28763246044322995220208532073700111687599343514604674596345286876678085708461,7.0,0.745,7.0,0.189975,0.00010000000000000018,0.024044500000000007,0.0003564052922518285,0.19950423457167535,0.00026910277332917605,0.19398396700994586,0.0003996321788604826,0.19214145326882062
28763246044322995220208532073700111687599343514604674596345286876678085708461,3.0,0.875,3.0,0.109375,0.0,0.01364450000000001,0.00011314896371292932,0.11782500612092729,7.035789035613388e-05,0.1182165219349751,0.00015091679265494837,0.10506144634454563
115307860962719805060784163204351769077176612029040401546976102705811910754396,30.0,0.13,30.0,0.1131,0.0003750000000000004,0.011024999999999998,0.0012104045329550306,0.14942322054801976,0.0010783803276153572,0.15227388095473857,0.001190305494192874,0.1655280053087376
115307860962719805060784163204351769077176612029040401546976102705811910754396,14.0,0.125,14.0,0.109375,0.0002000000000000001,0.011024999999999998,0.0005668945241911416,0.13171801096956334,0.0005100163411243873,0.14569359628440715,0.0005607956122180174,0.15330638140352965
115307860962719805060784163204351769077176612029040401546976102705811910754396,7.0,0.105,7.0,0.093975,0.0,0.011024999999999998,0.0002834621390477571,0.12369898408318349,0.000236726743625332,0.1300079560713656,0.00028321506980640454,0.12930308698514625
115307860962719805060784163204351769077176612029040401546976102705811910754396,3.0,0.105,3.0,0.093975,0.0,0.011024999999999998,8.410609439883986e-05,0.11525137800334057,9.810634433836481e-05,0.10225898163273929,9.800905679645165e-05,0.11447107114070963
5056021949680764886450706128576006104255409441521337705030162619307203025844,30.0,0.07,30.0,0.0651,0.0016172500000000004,0.00697325,0.0009734015882738629,0.11258729453124541,0.0008256390514578435,0.11807406951203625,0.0008681023554877404,0.0999312899444923
37996229390440240146587017237938254706160177953974319874002048470954673333092,30.0,0.665,30.0,0.222775,0.0013999999999999924,0.16567499999999996,0.0015964713948601536,0.228634820257494,0.0012008003026355183,0.23209864038968514,0.0017092820008663715,0.23778481355495928
37996229390440240146587017237938254706160177953974319874002048470954673333092,14.0,0.63,14.0,0.2331,0.00012499999999999995,0.159925,0.0007943759524803181,0.23316097728278662,0.0005956528948512372,0.24144941047283738,0.000741260960854126,0.23425053418893335
37996229390440240146587017237938254706160177953974319874002048470954673333092,7.0,0.345,7.0,0.22597499999999998,2.4999999999999767e-05,0.04794999999999999,0.0003784427597743946,0.22636611260864442,0.00024422126978751907,0.22590299467879743,0.0003322355910057349,0.2268942297056978
37996229390440240146587017237938254706160177953974319874002048470954673333092,3.0,0.175,3.0,0.14437499999999998,0.0,0.036025,0.00015427832698425916,0.14413132096422598,0.00011577503796974114,0.14756908181427142,0.00017293551026941807,0.14698300786145285
34595222436901694034568466087145334098073564547697700427928775408006876228602,30.0,0.05,30.0,0.0475,0.00041625000000000017,0.0011222500000000002,0.0006332556836181246,0.07220866202236552,0.0007016017722507465,0.08707992736552636,0.0006348395772297008,0.07430057994135211
1055693601432679328800218881177720614081791586446901138319460804908450948623,7.0,0.395,6.0,0.238975,0.00030000000000000057,0.15693050000000003,0.00034074612288739113,0.23733651449977522,0.00022382516384366732,0.2446725309448005,0.00029877429782623706,0.2391767705909956
1055693601432679328800218881177720614081791586446901138319460804908450948623,3.0,0.365,3.0,0.231775,0.00010000000000000018,0.15603050000000004,0.00017050564160484943,0.23307603583393255,0.00011902953391652169,0.23220880242032038,0.00014469237736882665,0.23278466187837624
111438321982214808947405390477217950574145926651350669978740377385110279570932,7.0,0.65,6.0,0.22749999999999998,0.00017500000000000032,0.14296250000000008,0.0003119511914382226,0.2271955546693299,0.00023332676164001905,0.23121958441602217,0.0002990308142010761,0.23073098926350152
111438321982214808947405390477217950574145926651350669978740377385110279570932,3.0,0.63,3.0,0.2331,0.00012500000000000022,0.14256250000000006,0.00018107349363571113,0.23417607556900616,0.00011563984774013916,0.23543189849735127,0.00013416178657271204,0.2321045091593453
14212502447901373932695986684135871935804266051880921687302061690055379880889,7.0,0.91,5.0,0.08189999999999997,0.0,0.2115,0.00014415319305353025,0.10773315426982545,0.0001429710427126118,0.11237585622842744,0.00018744591764440863,0.10606240214233631
14212502447901373932695986684135871935804266051880921687302061690055379880889,3.0,0.62,3.0,0.2356,0.0,0.1582,0.0001702286804025184,0.2346174295522566,0.00011738819184149978,0.23840173494141598,0.00015103831774639518,0.23593935298734534
9615203856096629892386539456442600562590457750409762242477423995829323222544,30.0,0.29,23.0,0.20589999999999997,0.00015000000000000029,0.4489255,0.0010544573129176618,0.21806745803913216,0.0008964620224872302,0.2128917013808129,0.0010706331647235125,0.22869731741087335
9615203856096629892386539456442600562590457750409762242477423995829323222544,14.0,0.875,14.0,0.109375,0.00012500000000000022,0.24767550000000008,0.0006374719018545577,0.1468526103478365,0.0004731891534111898,0.14734678669207496,0.0008623708515175543,0.1329097418466027
9615203856096629892386539456442600562590457750409762242477423995829323222544,7.0,0.58,7.0,0.2436,0.00010000000000000018,0.18152550000000006,0.00040952744762196453,0.24402601955119949,0.00024535167382526,0.24612467943080302,0.00036334083967481126,0.24411069766601962
9615203856096629892386539456442600562590457750409762242477423995829323222544,3.0,0.905,3.0,0.08597499999999998,0.0,0.02000050000000002,8.783911968630355e-05,0.08939811379151191,6.197810508408645e-05,0.09150271275332335,0.00013951448441801105,0.09405396464866232
61179614070263625487802970410534591713493604233009651368844931158727670843698,30.0,0.505,22.0,0.249975,0.0005499999999999999,0.8747465000000001,0.0011896627640344789,0.24883169100410116,0.0008662510456331841,0.25682603622604433,0.001139922617453572,0.2466955883399482
61179614070263625487802970410534591713493604233009651368844931158727670843698,14.0,0.205,14.0,0.162975,0.0005499999999999999,0.6962965000000001,0.0006045248734389008,0.1780892592266145,0.0005335762019120191,0.18762944343503377,0.0005894842012236966,0.17556861634602403
61179614070263625487802970410534591713493604233009651368844931158727670843698,7.0,0.16,7.0,0.1344,2.5000000000000045e-05,0.6886465,0.0002967064063155205,0.14748913396695057,0.00024026573869726685,0.1515349732828181,0.00032562739893857997,0.1446119780452215
101312343894738774462450660519556229954262390858196440305402169778929218434090,7.0,0.5,6.0,0.25,0.0003249999999999995,0.383075,0.0003433802091598881,0.2499772155107278,0.00023301472870273718,0.25267699554930706,0.00025218304623960417,0.249773596372665
101312343894738774462450660519556229954262390858196440305402169778929218434090,3.0,0.415,3.0,0.24277499999999996,0.0001249999999999991,0.37884999999999996,0.00016699246091797003,0.24427165495237063,0.00011859722245734023,0.24135518755706062,0.00012828872905009547,0.24390821208230754
42894437923545100614510591651211565728395593354128397393981700591211159425732,7.0,0.41,6.0,0.24190000000000003,0.0008749999999999983,0.172225,0.0003474579684883153,0.24279563188168163,0.00021251101662367536,0.24527203446733473,0.0002882323566157578,0.2428166999966171
42894437923545100614510591651211565728395593354128397393981700591211159425732,3.0,0.435,3.0,0.24577499999999997,0.0005999999999999978,0.172225,0.00015517856032560214,0.24504786427391892,0.00010457197170547041,0.24681813201909997,0.00012790477519955667,0.2458581238691653
66943183309609126145267595186770848206539060697362778426839241692667281922055,30.0,0.495,30.0,0.249975,0.0010005000000000005,0.3650734999999999,0.0016320571231936282,0.25637034645753765,0.0012013353422393666,0.25865599632095665,0.0016038130837960937,0.2519117981175716
66943183309609126145267595186770848206539060697362778426839241692667281922055,14.0,0.145,14.0,0.12397499999999999,0.00045049999999999957,0.24707349999999997,0.0006115550138611163,0.1558764023941553,0.0005244415132337188,0.1551204805629303,0.0006170772224124019,0.1509158000472613
66943183309609126145267595186770848206539060697362778426839241692667281922055,7.0,0.115,7.0,0.101775,0.00045049999999999957,0.0109235,0.0002640246696140925,0.14242970729816648,0.00023961861279866653,0.1381277443719633,0.0002744502633418675,0.13709310069447192
66943183309609126145267595186770848206539060697362778426839241692667281922055,3.0,0.0535,3.0,0.05063775,5.0499999999999994e-05,0.0017662499999999998,9.225133151626448e-05,0.075281523453607,8.321486610790171e-05,0.07013202539759629,8.202628366232588e-05,0.07657029966054457
13952964960794063989326274285365197639880883339042305543335886465619908439365,30.0,0.22,30.0,0.1716,2e-06,0.0604055,0.0012814693050232145,0.20472702339870805,0.0011033198729757422,0.19600195326599398,0.0012745848207515553,0.20137693424596903
105539798766547200092323662417726863479637721229836283901511466011186180591923,7.0,0.125,5.0,0.109375,0.0001999999999999998,0.011424999999999998,0.00018301427528836207,0.14440498117848488,0.0001601280842574944,0.12811185356509103,0.00017543487985308462,0.12514820856834202
105539798766547200092323662417726863479637721229836283901511466011186180591923,3.0,0.115,3.0,0.101775,9.99999999999999e-05,0.011424999999999998,7.435545068307287e-05,0.10483914023532122,9.093906218382109e-05,0.12872892906430455,0.0001023028188229833,0.1254047448338763
105653102834452620371409325814533961616743949229659860748137091341544163414196,30.0,0.165,30.0,0.137775,0.003325,0.0078195,0.0012121812969660929,0.1660140721283318,0.0011535369128300198,0.16361877656280277,0.001209029422570028,0.1769883039858987
105653102834452620371409325814533961616743949229659860748137091341544163414196,14.0,0.145,14.0,0.12397499999999999,0.0015249999999999999,0.0078195,0.0006125956334344218,0.15340611273446164,0.0005235268345360027,0.1453219951941658,0.0005756637329248629,0.14860855845747026
105653102834452620371409325814533961616743949229659860748137091341544163414196,7.0,0.065,7.0,0.060775,0.00040000000000000013,0.0037945,0.00021744590569790294,0.08779339624439463,0.00019596153906811797,0.09148781521173868,0.00021582029233994756,0.08783691268248836
105653102834452620371409325814533961616743949229659860748137091341544163414196,3.0,0.075,3.0,0.069375,9.99999999999999e-05,0.0037945,9.062246496693179e-05,0.09150710054649071,6.540487642815086e-05,0.09570178480894974,8.681201134897849e-05,0.09437049136703778
75025929443602936122533983725664777479579155786341965599816821998416858977741,7.0,0.69,6.0,0.2139,0.00012500000000000022,0.19537500000000005,0.0003062526970936681,0.21701077170941685,0.0002154022077832573,0.21942780123929304,0.00031983072456932805,0.21550047860665045
75025929443602936122533983725664777479579155786341965599816821998416858977741,3.0,0.795,3.0,0.16297499999999998,2.5000000000000045e-05,0.19055000000000005,0.0001768411547596961,0.16294178279375804,0.00011465754212266376,0.164145972300105,0.00018193539253444753,0.16887994209618426
64925930190840374146128158219462155950584308042936551729644022500780993170724,7.0,0.645,5.0,0.22897499999999998,0.0004500000000000008,0.2356405,0.0002563300826258794,0.2282454272120516,0.00018023590523219175,0.23115255555204392,0.00023580241296679421,0.22597583025522167
64925930190840374146128158219462155950584308042936551729644022500780993170724,3.0,0.445,3.0,0.24697499999999997,0.0002250000000000004,0.18941550000000001,0.00017814462135938631,0.2474465227570335,0.00010389753343188849,0.24741877382005975,0.00012798663951757913,0.24618939445423876
65080380505121821055345658840179368520716020696291101484917705880330874721395,14.0,0.415,13.0,0.24277499999999996,0.0008249999999999976,0.17283549999999998,0.0006850263194988285,0.2448655652214693,0.00046494090371660286,0.24566015678552552,0.0006659494008097122,0.24455548576431216
65080380505121821055345658840179368520716020696291101484917705880330874721395,7.0,0.405,7.0,0.240975,0.0004499999999999997,0.1722105,0.0003866316676759715,0.239542088131512,0.00026551622835982913,0.23861164982180985,0.00032507670875294353,0.2397242795846493
65080380505121821055345658840179368520716020696291101484917705880330874721395,3.0,0.405,3.0,0.240975,9.999999999999907e-05,0.17181049999999998,0.00015502603571598613,0.24205678349801754,0.00012203625759085827,0.2422507762373327,0.00012224065062958983,0.24192858053349006
76641489000110532920334387765675421880074198431209990237892284769539938296280,30.0,0.103,30.0,0.092391,0.0005095,0.009467000000000001,0.001091938234297805,0.14025441693546536,0.0010126008788112018,0.1429343493028095,0.0011318942533592542,0.14205629547201026
99134563846358616155336796522080877737795767544828415712367429587531488111073,30.0,0.425,30.0,0.24437499999999998,0.00041050000000000006,0.5142745000000001,0.0016576725185392356,0.2503834149674152,0.001213740363270934,0.2599249442574653,0.0015751189190088893,0.24815401586044664
88804702385719712599205426079064256709933785937528898448876845964990642711131,7.0,0.61,6.0,0.2379,0.00020000000000000036,0.16595000000000004,0.00030833476228628575,0.2385305630840354,0.00025356079470443437,0.23977436681494088,0.0002909576816173889,0.24054565898258715
88804702385719712599205426079064256709933785937528898448876845964990642711131,3.0,0.62,3.0,0.2356,0.00020000000000000036,0.16465000000000005,0.00016007803908470034,0.23608232919614047,0.00012996097602602368,0.23848605658301011,0.0001338822223040726,0.2373506431882817
42455935076310849881859802799668778227947193880181063098828866359749449345600,30.0,0.25,30.0,0.1875,0.0005249999999999992,0.050625,0.0013606018317527551,0.20356281580459512,0.0011777884624802077,0.2078161750721216,0.0013539220966374563,0.20766083969899515
42455935076310849881859802799668778227947193880181063098828866359749449345600,14.0,0.245,14.0,0.184975,0.0004499999999999991,0.050625,0.0006059820347113904,0.2019676018339404,0.0004898678194263007,0.19912951609646562,0.0005745199739199172,0.19380268181167343
42455935076310849881859802799668778227947193880181063098828866359749449345600,7.0,0.225,7.0,0.174375,0.00019999999999999925,0.050625,0.00035112515697585846,0.18240320297570492,0.00025402020260544564,0.17756393335500725,0.0003699504312779914,0.18789436326670064
42455935076310849881859802799668778227947193880181063098828866359749449345600,3.0,0.235,3.0,0.179775,9.999999999999963e-05,0.050625,0.0001656945459711236,0.1832121802226395,0.00011533485050393748,0.17849457260190463,0.0001611315215929302,0.17834943887479227
71611784320945149562862084120486319221450464751912359918194545240919784063725,30.0,0.325,30.0,0.21937500000000001,0.001874999999999999,0.15764999999999998,0.0015163867385008026,0.23444276954345739,0.0012316429440284808,0.23204069091417628,0.001525683128690804,0.24745844076816076
71611784320945149562862084120486319221450464751912359918194545240919784063725,14.0,0.29,14.0,0.20589999999999997,0.0013000000000000002,0.15405,0.0006711259850455339,0.21368101504623332,0.000524809247054658,0.21184562067946644,0.0006396701656353593,0.21680775570583144
71611784320945149562862084120486319221450464751912359918194545240919784063725,7.0,0.32,7.0,0.2176,0.0005999999999999989,0.15405,0.0003796784359956269,0.21705795287977503,0.00025229280491548966,0.21989936625966786,0.00036230228363873885,0.21702867997580427
71611784320945149562862084120486319221450464751912359918194545240919784063725,3.0,0.405,3.0,0.240975,0.0003999999999999985,0.14982499999999999,0.0001890691656440808,0.24074909159103805,0.0001324322326504036,0.24266733543262567,0.00014691995609315503,0.23968932518363417
62429084067171308316390058541012087925567325563248051217584518806867987132248,30.0,0.085,30.0,0.07777500000000001,0.0011020000000000012,0.48047149999999994,0.0010135960314888327,0.1357533764212521,0.0009652347961256352,0.12595729251123555,0.0010049649790598088,0.12131945598187546
62429084067171308316390058541012087925567325563248051217584518806867987132248,14.0,0.2045,14.0,0.16267974999999998,0.00046725000000000087,0.40685049999999995,0.0005870066001376563,0.17863785714823044,0.0004928975374895029,0.1784638099447546,0.0006113417764593187,0.1872543661019769
62429084067171308316390058541012087925567325563248051217584518806867987132248,7.0,0.457,7.0,0.24815099999999998,1e-06,0.27840899999999996,0.0004119508209552487,0.24753925498691579,0.00023789602297843174,0.24964098339378396,0.00032071063151175666,0.2503763332914673
62429084067171308316390058541012087925567325563248051217584518806867987132248,3.0,0.4555,3.0,0.24801975,1e-06,0.20611625000000003,0.0001673724481381031,0.24790333313435384,0.00011563973800454567,0.24872132397785252,0.0001263718186443368,0.2472510711521235
89949029784213975613034513385950500609779434397660436757320864226369266418900,7.0,0.565,6.0,0.245775,0.0003250000000000006,0.3092499999999999,0.00032508341230214803,0.2491622522357951,0.0002211702671028699,0.246126248691648,0.0002700547019773171,0.2465971094200382
89949029784213975613034513385950500609779434397660436757320864226369266418900,3.0,0.58,3.0,0.2436,0.0,0.3076499999999999,0.0001635792609245583,0.240915741832174,0.00010210154701012127,0.2465675626503091,0.00013621363222764547,0.242997435116057
18959108866826349833783810516216172919384800898438031659526495847821857557528,7.0,0.33,7.0,0.2211,0.0004750000000000009,0.4979250000000001,0.0003805727039572582,0.225620293343584,0.0002948108695399565,0.222293061064926,0.0003678601099146715,0.22065100540684032
18959108866826349833783810516216172919384800898438031659526495847821857557528,3.0,0.33,3.0,0.2211,0.00012500000000000022,0.4979250000000001,0.00015339642854917621,0.2229044848164671,0.00011134147980270405,0.2223537822580571,0.00013508700875999486,0.21931951520207116
46086539644694970479807918237455015045032058557841816156754554096171613449623,3.0,0.0865,3.0,0.07901775,4.225000000000008e-05,0.0456465,8.984777276037897e-05,0.09886168097793815,7.751622149644339e-05,0.09985246164348137,7.84368954062658e-05,0.09216699199423822
110790003121442365126855864076707686014650523258783405996925622264696084778807,30.0,0.485,30.0,0.249775,0.00039999999999999986,0.7443249999999998,0.0016161541242623772,0.2518109750060131,0.001199662451975715,0.2613921749481884,0.0016114876548328988,0.2503740147175519
110790003121442365126855864076707686014650523258783405996925622264696084778807,14.0,0.125,14.0,0.109375,0.0002999999999999997,0.6792249999999999,0.0006111458301138511,0.1485969185132415,0.0005180288999138534,0.15150318953635608,0.0005996176411354814,0.14474260231645303
110790003121442365126855864076707686014650523258783405996925622264696084778807,7.0,0.255,7.0,0.189975,0.00019999999999999952,0.6742249999999999,0.00038386346887958806,0.19369928593727226,0.0002480592018001889,0.19215255562740594,0.00033431303079674583,0.19846444939675054
110790003121442365126855864076707686014650523258783405996925622264696084778807,3.0,0.175,3.0,0.14437499999999998,9.99999999999999e-05,0.6665249999999998,0.00014715308102814052,0.1470694819760131,0.00010692654988029921,0.14354608455873444,0.0001727980325165166,0.14745140144368155
52393600221905688380980180540161090876971894580569515967716227210336633318551,14.0,0.0655,14.0,0.06120975,0.0007984999999999996,0.00334475,0.00041213136057255336,0.09602419045047456,0.00046448484710967687,0.0924602948839443,0.0004476114406525112,0.09185109189522606
15974786252393396629980467963784550802583781222733347534844974829144359265969,30.0,0.085,30.0,0.07777500000000001,0.0013397500000000004,0.0009002500000000003,0.001078426027708377,0.13373926651814438,0.0009343827574443673,0.13307256820954366,0.0011420397054975873,0.1518624248675003
15560017190932666806387223763163113592000684531201060840539939490112919964257,14.0,0.0715,18.0,0.06638775,0.0001272499999999999,0.08472299999999998,0.000664721601345277,0.12271346550380774,0.0005716866730113136,0.10537013012007118,0.0005693593121287247,0.0974183571897444
15560017190932666806387223763163113592000684531201060840539939490112919964257,7.0,0.2815,7.0,0.20225775,0.0001272499999999999,0.06198849999999999,0.0003690453586253199,0.2041943572649051,0.0002770014761878738,0.2030239775204997,0.00033869563463877103,0.20801885224335553
15560017190932666806387223763163113592000684531201060840539939490112919964257,3.0,0.084,3.0,0.07694400000000001,9.125e-05,0.0053352500000000014,7.75611650647863e-05,0.10014804732051047,8.692621232250928e-05,0.10205970423266657,8.277790560448055e-05,0.09879785090504292
43574888282240197675710510825990137104478048769278676395877833277398528952511,30.0,0.605,30.0,0.238975,0.0013999999999999987,0.299875,0.0015972211452193975,0.24271548877682214,0.0012402279260590764,0.25135474191867574,0.001708556923664167,0.24260201979985793
43574888282240197675710510825990137104478048769278676395877833277398528952511,14.0,0.325,14.0,0.21937500000000001,0.0005249999999999993,0.26835000000000003,0.000749079001043779,0.22299942782483576,0.0005134522601705843,0.22792128650501314,0.000709053600205044,0.23297235969957245
43574888282240197675710510825990137104478048769278676395877833277398528952511,7.0,0.2,7.0,0.16000000000000003,0.0004999999999999993,0.24295000000000003,0.000316726085441784,0.16176668243377704,0.0002607513890696252,0.16541397553250314,0.0003660284635698266,0.1627906824207394
43574888282240197675710510825990137104478048769278676395877833277398528952511,3.0,0.205,3.0,0.162975,0.0,0.240725,0.00016501074366672945,0.16570040469826708,0.00010544583540013013,0.16364488304275407,0.000144993095308995,0.16576944234498853
69668575735791623386069375203981180410588657877055306049875869400662641754575,7.0,0.445,6.0,0.24697499999999997,0.00020000000000000036,0.124075,0.0003281336351155138,0.24748648019148956,0.00020973744175754527,0.2491011377337964,0.0002767607925504146,0.24767022839936556
69668575735791623386069375203981180410588657877055306049875869400662641754575,3.0,0.435,3.0,0.24577499999999997,0.00020000000000000036,0.115525,0.0001478087593092041,0.24625214070822743,0.00011641999796347887,0.24456025592813319,0.00011148955722263353,0.24569194700076402
62996785535523114309343163045404827643241662923160380217094524101266771616742,30.0,0.3315,30.0,0.22160775,0.001264250000000001,0.119717,0.0014194458519870955,0.2297028283135831,0.0011292881113127986,0.23480314836872845,0.001506404799243847,0.23544272658662652
62996785535523114309343163045404827643241662923160380217094524101266771616742,14.0,0.369,14.0,0.232839,0.00011950000000000022,0.119717,0.0007182279527244428,0.23602000638530243,0.0005624248391957888,0.2353373310616393,0.0006966197063383703,0.2342086577120931
62996785535523114309343163045404827643241662923160380217094524101266771616742,7.0,0.276,7.0,0.199824,2.5000000000000047e-07,0.11507175,0.0003259856939476725,0.20845051977604015,0.00026556112188222706,0.20542441520924382,0.0003611631140067041,0.20227983769440924
62996785535523114309343163045404827643241662923160380217094524101266771616742,3.0,0.299,3.0,0.209599,2.5000000000000047e-07,0.09501725,0.00016801849090169896,0.2110836988901469,0.00011007055032578301,0.21097565298463053,0.00013046695058745335,0.21135269653314104
71634047218945647363395171891674404459556716906851450020664198669471161667814,30.0,0.595,32.0,0.240975,0.0005750000000000011,0.12501550000000006,0.0017630972284603955,0.2503686928201607,0.0011658294219942088,0.25753369808795595,0.0018045582416041513,0.24822830804522283
71634047218945647363395171891674404459556716906851450020664198669471161667814,14.0,0.795,14.0,0.16297499999999998,0.00020000000000000036,0.04579050000000003,0.0007088396715536125,0.1749154930749791,0.0005408009630843673,0.17769255590988975,0.0008366535272920863,0.18325646999927708
71634047218945647363395171891674404459556716906851450020664198669471161667814,7.0,0.855,7.0,0.12397500000000002,0.00010000000000000018,0.02129050000000002,0.0002738282958704236,0.14243393950813257,0.00025010650402366297,0.1482016290284001,0.0003945885951263366,0.14357959148116048
71634047218945647363395171891674404459556716906851450020664198669471161667814,3.0,0.825,3.0,0.14437500000000003,0.0,0.01969050000000002,0.00015768876268588763,0.14897997948689595,0.00010188489347965504,0.14656065607361643,0.00021202240753343912,0.14921370017437538
47959701195496357966383584444680392308097077183339707116407716575994417141492,30.0,0.225,30.0,0.174375,0.0022500000000000003,0.610525,0.00131123513063475,0.20107578882736732,0.0012204681239008184,0.20762860701291197,0.0013187434235367155,0.20601690114825483
47959701195496357966383584444680392308097077183339707116407716575994417141492,14.0,0.285,14.0,0.203775,0.0010249999999999997,0.5264,0.0006140775286142813,0.20658499421707496,0.0005192780795133627,0.2138108253789131,0.0005973127408554937,0.21298558274804497
47959701195496357966383584444680392308097077183339707116407716575994417141492,7.0,0.385,7.0,0.236775,0.0003250000000000006,0.5218499999999999,0.00039533288132530655,0.23827223003944403,0.0002608229466146294,0.23685225288298217,0.00034028907501191234,0.23926169572272268
47959701195496357966383584444680392308097077183339707116407716575994417141492,3.0,0.185,3.0,0.150775,0.00010000000000000018,0.458225,0.00015607290439779425,0.151846390696796,0.00012624051250346223,0.15127995682193066,0.00015207208550475608,0.1533565231079625
51232298620598808211128525927309438802348162042910033094563587361673541000756,7.0,0.0705,7.0,0.06552975,0.0,0.005397750000000001,0.00023560788566700128,0.09218058379131625,0.000203273251880629,0.09739458519516347,0.00022370773537141368,0.09891560539364821
106557604717602113920600801749904879974434032145488421875350401168244254486067,30.0,0.0915,30.0,0.08312775,0.0007395000000000001,0.00666025,0.001026061122247197,0.1466160098794802,0.0010147494128445388,0.1362907632564335,0.0010385750568662287,0.13979402766938842
106557604717602113920600801749904879974434032145488421875350401168244254486067,14.0,0.109,14.0,0.097119,6.275000000000001e-05,0.00666025,0.0006045741916351491,0.1347610015082293,0.0005088052886494979,0.1399472426759515,0.0005386260330248277,0.11955179090988846
106557604717602113920600801749904879974434032145488421875350401168244254486067,7.0,0.0775,7.0,0.07149375,3.5000000000000065e-05,0.00608425,0.00021431104772570958,0.09361601205442208,0.00023536485906044252,0.09959109533345764,0.00025109085352677225,0.10493388013360402
106557604717602113920600801749904879974434032145488421875350401168244254486067,3.0,0.0755,3.0,0.06979975,1.700000000000003e-05,0.00608425,9.362989685595367e-05,0.09183654995298607,6.929053546616671e-05,0.09908942619779254,9.51459648982158e-05,0.08387937616875502
111137335850085355751625474964691628106929842196300405872638199105781682141062,7.0,0.4,6.0,0.24,2.5000000000000045e-05,0.052525,0.000340320036129231,0.24013337112469274,0.0002129483292191057,0.24322099925831242,0.00026794320619415136,0.24384162508562318
111137335850085355751625474964691628106929842196300405872638199105781682141062,3.0,0.425,3.0,0.24437499999999998,0.0,0.051625000000000004,0.00017553838941738764,0.24493407987897867,9.743285726823352e-05,0.24458133725549505,0.0001662178389948868,0.2449326786382665
27004724168751106769882238068355066533240337112690244412932019404393157560633,30.0,0.6,30.0,0.24,7.500000000000006e-05,0.39365900000000004,0.0016129354823465165,0.24733137169699282,0.0012292015121712094,0.25052462819722765,0.0016755555734447648,0.24461693123496225
27004724168751106769882238068355066533240337112690244412932019404393157560633,14.0,0.475,14.0,0.24937499999999999,2.4999999999999974e-05,0.18953399999999998,0.0007677290849042115,0.2541676975242791,0.000521438863585869,0.2556820119745663,0.0007378244736358534,0.24934004893965458
27004724168751106769882238068355066533240337112690244412932019404393157560633,7.0,0.305,7.0,0.21197500000000002,2.4999999999999974e-05,0.07648399999999998,0.00035653380154147503,0.21519835072853902,0.0002793303715369139,0.2135214990780685,0.0003820326684257829,0.21920092903866112
27004724168751106769882238068355066533240337112690244412932019404393157560633,3.0,0.053,3.0,0.050191,2.4999999999999974e-05,0.0008900000000000001,9.688709024492516e-05,0.07032683965077906,7.717555936545339e-05,0.07353396436936308,7.009778093576366e-05,0.07076303475089961
88613172803544318200496156596909968959424174365708473463931555296257475886634,30.0,0.115,30.0,0.101775,0.0013299999999999996,0.14868750000000003,0.001158176808104332,0.1535899502141453,0.0011015410745719115,0.1707519076454006,0.0011767643364904068,0.16257147337679206
88613172803544318200496156596909968959424174365708473463931555296257475886634,14.0,0.155,14.0,0.130975,0.0008799999999999999,0.0111875,0.0005391965133971408,0.1639576593068113,0.000486214739437468,0.16548043400939305,0.0006434807835875926,0.16739701376651392
88613172803544318200496156596909968959424174365708473463931555296257475886634,7.0,0.08,7.0,0.0736,0.0005300000000000001,0.0021625,0.0002323869662590468,0.10372003413420879,0.00020519225222122037,0.10011463769590481,0.00022614805492193223,0.09463994911544059
75595072506593093609125758283657089382220899252356081539276899905086401333602,30.0,0.405,30.0,0.240975,0.001099999999999996,0.138425,0.0015292454400854915,0.25086754479480244,0.001124759302689635,0.2536496498523674,0.0015939784944960195,0.2496549268710346
75595072506593093609125758283657089382220899252356081539276899905086401333602,14.0,0.435,14.0,0.24577499999999997,9.999999999999907e-05,0.138425,0.0007708035870015839,0.24507364848535204,0.0005515274906700751,0.2447325140085898,0.0007173324217427406,0.24836720796733616
75595072506593093609125758283657089382220899252356081539276899905086401333602,7.0,0.465,7.0,0.24877499999999997,9.999999999999907e-05,0.13752499999999998,0.0003942540544350263,0.24949596858004872,0.00025742418683012686,0.24863068869328345,0.00033878077435433375,0.24719654160146484
75595072506593093609125758283657089382220899252356081539276899905086401333602,3.0,0.395,3.0,0.238975,0.0,0.134125,0.00015708647810892113,0.24076560804643576,0.00012791968338726414,0.24011886761265613,0.0001367555550020303,0.23976730038041347
81093288711455402775857874999688870364866777889286533018685995551823486525581,7.0,0.66,5.0,0.2244,0.0003249999999999973,0.288725,0.00028279606194083206,0.22447400684063368,0.00019385510403613392,0.22426813800777012,0.00024280586746579488,0.22421661501631643
81093288711455402775857874999688870364866777889286533018685995551823486525581,3.0,0.695,3.0,0.21197500000000002,0.00010000000000000018,0.288325,0.00016137392738212034,0.21294627503052077,0.00011976715926290726,0.21400608683909345,0.000147828445198207,0.21308489027214228
35768725149562192699070006303662567010406472338668143689111965491738000793190,30.0,0.344,30.0,0.225664,0.0008462500000000001,0.04015025000000001,0.0015436855254446157,0.2360286401950759,0.0011611751534856686,0.23299048561614127,0.0015129892937948398,0.23633435432144176
35768725149562192699070006303662567010406472338668143689111965491738000793190,14.0,0.2635,14.0,0.19406774999999998,0.0004927500000000007,0.02807550000000001,0.0006216929653742851,0.19998243050396755,0.0005424337401832958,0.21145629892002446,0.0006178800814976558,0.20731291145200964
35768725149562192699070006303662567010406472338668143689111965491738000793190,7.0,0.127,7.0,0.110871,0.00013525000000000003,0.00748325,0.00028188026315067777,0.13223467399397984,0.0002261726758018701,0.1294132482683526,0.0002792548927365908,0.13048221736461216
107868108547577627614504625607521804780787283778515790485276781180722163951240,7.0,0.415,6.0,0.24277499999999996,2.5000000000000045e-05,0.1254855,0.00032060736105414593,0.24207603698644245,0.0002538288151239142,0.24306919920371045,0.00027878638853075124,0.24666912524055207
107868108547577627614504625607521804780787283778515790485276781180722163951240,3.0,0.435,3.0,0.24577499999999997,0.0,0.12086049999999998,0.00016290888660754497,0.24587052967527837,0.00010881328316513665,0.24719230073316528,0.00014191767009760892,0.24652187296684042
8169026020839744971496855806967066206446181188292687998822946039706436315843,30.0,0.64,30.0,0.2304,0.001080000000000002,0.21657749999999998,0.0015353159264716867,0.2412893441470532,0.001200124410947059,0.24057157055443934,0.0017087525593952285,0.23972526220262844
8169026020839744971496855806967066206446181188292687998822946039706436315843,14.0,0.605,14.0,0.238975,0.0007800000000000014,0.1900025,0.0007359169695317735,0.237899769220355,0.0005568414658133255,0.24216980496853943,0.0007022060616184149,0.24075912003480737
8169026020839744971496855806967066206446181188292687998822946039706436315843,7.0,0.54,7.0,0.2484,5e-06,0.1884025,0.00037599834756997047,0.24949851220197888,0.00025307135397305774,0.2491326988529805,0.0003358833609640526,0.24874818824471756
77550960228341204288120509394963885549177211314903311399404330431381651171385,30.0,0.335,30.0,0.22277500000000003,0.0009582499999999976,0.22330025000000003,0.0015358148087063327,0.23522781709811078,0.0011658170659333477,0.24103383535295847,0.001510049564730376,0.22990383120329605
77550960228341204288120509394963885549177211314903311399404330431381651171385,14.0,0.775,14.0,0.17437499999999997,0.0007082500000000005,0.012200249999999992,0.0007197107949340545,0.18783014214440028,0.0005069973756357543,0.19997431094715798,0.0008734303727957873,0.1813692387004486
32405823341266000411798641844683669509879123939706698696435748004256813494690,7.0,0.65,7.0,0.22749999999999998,0.0003250000000000006,0.10602499999999997,0.00038918701232348163,0.22659973408641265,0.0002527516219455778,0.2309904950393166,0.00033146571751921985,0.23124342417460808
32405823341266000411798641844683669509879123939706698696435748004256813494690,3.0,0.645,3.0,0.22897499999999998,0.00010000000000000018,0.10602499999999997,0.00018111098999961774,0.2280902160413287,0.0001304181152386574,0.2299829788628685,0.00013619221965474067,0.23133539903611186
97904928837541277470411364272387000644281033536642793218925390129245053125278,30.0,0.325,30.0,0.21937500000000001,0.0012437499999999998,0.06322525,0.0014660559103971764,0.23406295450509795,0.0011529126655206198,0.22700849422106686,0.0014347780486802031,0.22233445545093955
112492422223721833247811647742275675824808408889541609334054707084262154976006,30.0,0.29,34.0,0.20589999999999997,0.0005207499999999999,0.33029924999999993,0.001613732180102478,0.21569033101808635,0.001337700855739554,0.22790099765893734,0.0016361823905500276,0.2132868721088943
112492422223721833247811647742275675824808408889541609334054707084262154976006,14.0,0.573,13.0,0.244671,0.0005207499999999999,0.14958625,0.0007572833811881421,0.24536923034456914,0.0004815236232688501,0.2521271153403957,0.0006346827133420665,0.24310723994492214
112492422223721833247811647742275675824808408889541609334054707084262154976006,7.0,0.0675,7.0,0.06294375,0.0005207499999999999,0.0013729999999999999,0.00018139431171937541,0.09227316552256043,0.00017234750701307635,0.08563333669440087,0.00021561218386191537,0.09258954836270983
6516247219552728703694288089095505745087341917196574102768180597707063347136,14.0,0.355,14.0,0.22897499999999998,7.825000000000003e-05,0.13186025,0.0007183847062542878,0.23703264408225916,0.0005754530445978684,0.23261050851945672,0.0007213100339197659,0.22795100221177791
6516247219552728703694288089095505745087341917196574102768180597707063347136,7.0,0.0965,7.0,0.08718775,1e-06,0.01072725,0.0002477973821633365,0.11833646650443284,0.00022343432274849826,0.12346204418314136,0.0002746413646036883,0.11533516723520584
108205616477183240607242311086259684498658463529601585710539282469236643892332,7.0,0.315,5.0,0.21577500000000002,2.5000000000000045e-05,0.80495,0.00027987583610414015,0.21702264237588886,0.00018775526488812433,0.22320595640380297,0.00024327209297498944,0.21980781021641904
108205616477183240607242311086259684498658463529601585710539282469236643892332,3.0,0.175,3.0,0.14437499999999998,2.5000000000000045e-05,0.7853500000000001,0.00015826112935669824,0.14414659823286294,0.00010062496713564698,0.14838514549644544,0.00017115043035514961,0.14545148605912275
81469061650907146100230473023429337060305560633624188538446267495855755730929,14.0,0.645,13.0,0.22897499999999998,0.0006499999999999956,0.12657050000000006,0.000700513072400812,0.23440513060810503,0.0005405431259051533,0.2298019569684974,0.0006477431858583254,0.23266810954489917
81469061650907146100230473023429337060305560633624188538446267495855755730929,7.0,0.675,7.0,0.219375,0.0004499999999999952,0.12657050000000006,0.00036412267924528755,0.21789373110414456,0.0002541156697157592,0.22153679023618283,0.00034611018827757913,0.2181230355199666
81469061650907146100230473023429337060305560633624188538446267495855755730929,3.0,0.685,3.0,0.21577499999999997,0.00010000000000000018,0.12657050000000006,0.00017601200079318813,0.21665838163527248,0.00011643466848365523,0.21484444441091266,0.00013374401953177823,0.21729420254962178
89075579425844467185868633488322759623361856543369509366205030098390192743019,30.0,0.245,30.0,0.184975,0.0007272500000000001,0.02882925,0.0013618552068237915,0.2007572914514739,0.0011338813932780841,0.2004827101190005,0.001351349585707884,0.2130139428149226
4925888325464503545476254709875431093074337031801188092359865362530954679246,30.0,0.545,30.0,0.247975,0.0009499999999999995,0.10382500000000003,0.001603607379547743,0.2536404749193387,0.0011923648276748388,0.25852200996058233,0.0016185003196853747,0.24662277810945457
4925888325464503545476254709875431093074337031801188092359865362530954679246,14.0,0.615,14.0,0.236775,0.0004999999999999987,0.10172500000000004,0.0007900633924800601,0.23700550446418167,0.0005329401482146854,0.24408822106339115,0.0007576067477377818,0.23437461674525562
4925888325464503545476254709875431093074337031801188092359865362530954679246,7.0,0.625,7.0,0.234375,0.00039999999999999856,0.09792500000000004,0.00041382031624174906,0.23754195066838724,0.00026936821035500606,0.23773197161698556,0.0003264296605638964,0.23605241571130953
4925888325464503545476254709875431093074337031801188092359865362530954679246,3.0,0.675,3.0,0.219375,0.00019999999999999814,0.09302500000000002,0.00016709894282243936,0.22514509241549013,0.00012546494067611506,0.21792990529121742,0.0001284830722671414,0.22130283205266074
61963573353880265694358880181512412652951688509792017552668784297365342759317,30.0,0.635,30.0,0.231775,0.0010000000000000018,0.081875,0.0016377668764275017,0.23602372865140225,0.00115011790216962,0.2564724543243023,0.001726510952794455,0.2402866652950758
61963573353880265694358880181512412652951688509792017552668784297365342759317,14.0,0.665,14.0,0.222775,0.00010000000000000018,0.079625,0.0007384022668370521,0.22864893377825105,0.000554679038128338,0.22745146595442275,0.0007456678440684167,0.23067288603382607
8447915118859648527472592877792890354557333272690289360702446760497242005477,30.0,0.405,30.0,0.240975,0.0030202499999999978,0.07621675,0.0016011659523517507,0.2532568299029071,0.0011627572135863011,0.25880829899674745,0.001597945401035158,0.2509717513874785
8447915118859648527472592877792890354557333272690289360702446760497242005477,14.0,0.125,14.0,0.109375,0.0008702500000000001,0.058516749999999985,0.0005960941424166648,0.152014781000236,0.0005463304484561355,0.14643906046349847,0.000586180193935948,0.14645154439859145
8447915118859648527472592877792890354557333272690289360702446760497242005477,3.0,0.085,3.0,0.07777500000000001,0.0,0.05478549999999998,0.0001090837332743547,0.09176030761969564,9.241830884270611e-05,0.1049235579330566,9.016827869864453e-05,0.09769959137198468
58830526078196302612867530222421263708170468828968028907746961007548153805793,30.0,0.285,30.0,0.203775,0.0009750000000000001,0.70185,0.0014028467982347412,0.21756174843363213,0.001157681958658527,0.2234230004079759,0.0014507421953460795,0.21805617162597785
58830526078196302612867530222421263708170468828968028907746961007548153805793,14.0,0.235,14.0,0.179775,0.0007250000000000002,0.70145,0.000578266305523777,0.19859178596984983,0.00048785651093808074,0.18982706711566658,0.0005568780460641982,0.1900054199027633
58830526078196302612867530222421263708170468828968028907746961007548153805793,7.0,0.165,7.0,0.137775,0.0003999999999999996,0.697225,0.00029623282269531585,0.15627123177606753,0.00025290140664008086,0.15050186042649322,0.0003616933488409381,0.15461588545468175
58830526078196302612867530222421263708170468828968028907746961007548153805793,3.0,0.165,3.0,0.137775,0.00019999999999999925,0.697225,0.0001569266200415596,0.14406286272783111,0.00010670330553000387,0.13871131711496973,0.00015980945160590625,0.14609653585201499
40370533495204227568398044850323082612970138527574781132007951008742902133497,30.0,0.895,30.0,0.09397499999999999,0.0013830000000000012,0.01769150000000003,0.0012945801949111608,0.1723944151738945,0.0010938735049790932,0.17666508855567942,0.0016647923790430793,0.16288720717147975
40370533495204227568398044850323082612970138527574781132007951008742902133497,14.0,0.9385,14.0,0.05771775,0.00040624999999999646,0.01769150000000003,0.000515492311295013,0.11366417604959772,0.0004439519230852332,0.11024489700775876,0.0007842204872866329,0.11737048642492966
40370533495204227568398044850323082612970138527574781132007951008742902133497,7.0,0.8595,7.0,0.12075974999999997,0.00033999999999999786,0.015135250000000025,0.00031441509857834727,0.1477475362057562,0.0002202410910994133,0.14885062586440914,0.00040874263307343306,0.14040516656842833
76966216861676765455847161978020811345081637695305334651438116829300115482952,30.0,0.105,30.0,0.093975,0.00122675,0.005709250000000001,0.0011384574403254968,0.1502306092477596,0.0010356895856329306,0.13523970441082103,0.001133127601781571,0.14372201105982618
76966216861676765455847161978020811345081637695305334651438116829300115482952,14.0,0.1255,14.0,0.10974975000000001,0.0006329999999999996,0.005309250000000001,0.0005627069675992728,0.14753406699688607,0.0005556130045511499,0.14190339022374931,0.0006004982949897375,0.14329141980485546
76966216861676765455847161978020811345081637695305334651438116829300115482952,7.0,0.13,7.0,0.1131,0.00029424999999999975,0.005309250000000001,0.0002873780513889438,0.14032305014286806,0.0002578463237808691,0.14349317878863854,0.00031134066726057536,0.14391287945015896
76966216861676765455847161978020811345081637695305334651438116829300115482952,3.0,0.1155,3.0,0.10215975,0.0,0.005309250000000001,0.00010180801719268776,0.1181762301593222,7.786192651072882e-05,0.11214780565627996,8.025248001496517e-05,0.11165378849874517
16959717565686007013317551600540921765376115733081007626294999258712446434471,7.0,0.345,6.0,0.22597499999999998,0.00012499999999999968,0.15325,0.00028307068849457316,0.22786441550103614,0.00021785219177472995,0.22922278639805266,0.00026654577621097514,0.2274037664781391
16959717565686007013317551600540921765376115733081007626294999258712446434471,3.0,0.47,3.0,0.2491,0.00012499999999999968,0.14532499999999998,0.00017986102072620506,0.24805324110087842,0.00010458915028090947,0.24966637102859265,0.00013962729014346258,0.24946866083942296
7365140210229415066611360615580621027529348050286012617171474851156668077727,7.0,0.505,6.0,0.249975,0.00044149999999999886,0.5752349999999999,0.00033840220097304026,0.25119601221972176,0.00021685587060994507,0.2544475789751835,0.00032553736444216567,0.24943915946172068
7365140210229415066611360615580621027529348050286012617171474851156668077727,3.0,0.355,3.0,0.22897499999999998,0.0001102500000000002,0.54882875,0.00016359308679409683,0.23131061558488739,0.00012817918966268765,0.22992666535948245,0.00012268219702760882,0.23105726798021586
66917739434907189277169592132507118425954301083917563980196112679063318020900,30.0,0.42,30.0,0.2436,0.0010827499999999993,0.41589525,0.0016579796369117987,0.2481820661697172,0.0011422253942004698,0.25161532871728143,0.0015769093400934634,0.24732204184593143
5402670567066751822273946599754875950735802364303000292656953516212515976521,7.0,0.335,7.0,0.22277500000000003,0.0004999999999999964,0.1053005,0.0003851774032343928,0.22514080951237006,0.0002463680379055465,0.2258946962175093,0.00035720220518696273,0.22535995349596763
5402670567066751822273946599754875950735802364303000292656953516212515976521,3.0,0.345,3.0,0.22597499999999998,0.00019999999999999925,0.1053005,0.00016796268290532513,0.22597354712515405,0.00011183799269454906,0.2286412156841886,0.0001457501575178501,0.22714873319097106
39990519069078050877939785178382282910283627213228178395713951019444406574966,30.0,0.56,30.0,0.24639999999999998,0.000550000000000001,0.26765,0.0016376780991779227,0.24467877256507856,0.0010950403571902121,0.2565166976448762,0.0016974417024137505,0.2510550707234647
39990519069078050877939785178382282910283627213228178395713951019444406574966,14.0,0.46,14.0,0.24840000000000004,0.0004500000000000008,0.18995,0.0007893647681698743,0.24936031785688662,0.0005345703928723687,0.24507043878972568,0.0006741571480542299,0.24861497796496504
39990519069078050877939785178382282910283627213228178395713951019444406574966,7.0,0.605,7.0,0.238975,0.0,0.15392499999999998,0.0003719436623974392,0.23806900251272553,0.00029857854543463303,0.24628191048322917,0.0003375630328716505,0.23928785531048774
39990519069078050877939785178382282910283627213228178395713951019444406574966,3.0,0.465,3.0,0.24877499999999997,0.0,0.13672499999999999,0.00016259463151273315,0.2478238955458495,0.00010817347389570921,0.2509204882176351,0.0001372023629674062,0.2499646188169656
50574567645727124635653196810032330622350265808688675376294694711594635702125,3.0,0.145,3.0,0.12397499999999999,2.5000000000000045e-05,0.7355499999999999,0.00010851294713632036,0.1412519379175787,9.96876949598758e-05,0.1402645528742342,0.00010546356648370812,0.1281160583565831
86936470146311380773441158522578969888842420679770084234199365956539264213998,30.0,0.49,27.0,0.2499,0.0014250000000000027,0.226025,0.0014402443293488984,0.2546235359523611,0.0010653679813246372,0.26297230026737556,0.001452909761278964,0.2524661057546678
86936470146311380773441158522578969888842420679770084234199365956539264213998,14.0,0.5,14.0,0.25,0.0007250000000000013,0.225625,0.0007936213766952279,0.25215111087963604,0.0005548159461012691,0.2514983836994148,0.0006663675895677712,0.2485976448378041
86936470146311380773441158522578969888842420679770084234199365956539264213998,7.0,0.5,7.0,0.25,0.0006750000000000011,0.225625,0.00040180353404205017,0.2539593683503549,0.00023903438734258455,0.2525671128557073,0.00031607000281514536,0.25070133648344184
86936470146311380773441158522578969888842420679770084234199365956539264213998,3.0,0.495,3.0,0.249975,0.00030000000000000057,0.225625,0.00015760840025803153,0.2505160144229553,0.00010135294838177253,0.25341192583582417,0.00014701781042222989,0.25020413052933377
18307285433383970199203640748949532642200802667994601663482860097653929941567,7.0,0.58,5.0,0.2436,0.0,0.43855,0.0003164795334188849,0.24413123773290463,0.00018398527157503403,0.2465438863557842,0.00025726548255091325,0.2423290634005374
18307285433383970199203640748949532642200802667994601663482860097653929941567,3.0,0.3,3.0,0.21,0.0,0.36014999999999997,0.00016698379764329554,0.20654551029360702,0.00012328806715240488,0.212121464626226,0.0001496635735809583,0.21216912008547642
70600361638677588796777424567218334032905836716539802937518727902043802064967,14.0,0.105,14.0,0.093975,0.0002825,0.39807999999999993,0.0005432455236509679,0.1320537671252608,0.00048599711676475325,0.12859987104415427,0.0005620759229676834,0.1166380566804169
70600361638677588796777424567218334032905836716539802937518727902043802064967,7.0,0.07,7.0,0.0651,0.00015749999999999968,0.39342999999999995,0.00020418029645558367,0.09634825460975151,0.00018613222792993815,0.08836022796632875,0.00021990848576156747,0.08976846295150169
70600361638677588796777424567218334032905836716539802937518727902043802064967,3.0,0.94,3.0,0.05640000000000005,3.249999999999962e-05,0.002605000000000005,9.025779051973439e-05,0.0744604090670817,5.899854526804295e-05,0.07265302647959204,0.0001143303686277284,0.06909243520776202
3083404519678343650655471605176293351429031165021004407551950188691137583301,30.0,0.52,30.0,0.2496,0.0003500000000000006,0.34839549999999997,0.0017011390401350497,0.25695405955562756,0.0011785961657829103,0.25309319678677883,0.0016947453712889773,0.25157787890250377
3083404519678343650655471605176293351429031165021004407551950188691137583301,14.0,0.575,14.0,0.244375,0.00010000000000000018,0.18937050000000002,0.0007652317177109029,0.25033874037051546,0.0005250734870378027,0.2463075310441228,0.0007200747860019401,0.24686888645911595
3083404519678343650655471605176293351429031165021004407551950188691137583301,7.0,0.395,7.0,0.238975,0.00010000000000000018,0.17257050000000004,0.000389221040019329,0.2415401561371181,0.0002490835497275858,0.24587457078917282,0.0003587656014959441,0.23910038320129412
3083404519678343650655471605176293351429031165021004407551950188691137583301,3.0,0.625,3.0,0.234375,0.00010000000000000018,0.08167050000000002,0.00018091849925847738,0.23757243867078906,0.00011055152892757053,0.2338436741044529,0.00013552213506578381,0.23425276156721367
101279272797775203956659007084828831261331275405585994446661991301016814257223,30.0,0.61,30.0,0.2379,0.0017249999999999943,0.3110570000000001,0.0015890692200682549,0.244221903290526,0.0011376449570629906,0.25277612448265446,0.0016743187425728018,0.23607147463432068
101279272797775203956659007084828831261331275405585994446661991301016814257223,14.0,0.565,14.0,0.245775,0.0010999999999999931,0.31065700000000007,0.0007821736333442622,0.2501987398149232,0.0005184789799871697,0.24530380923180173,0.0007433187609349284,0.24972333600358243
101279272797775203956659007084828831261331275405585994446661991301016814257223,7.0,0.585,7.0,0.24277500000000002,0.0004999999999999964,0.31065700000000007,0.00041051251357931853,0.24318528052268298,0.00027465044095618013,0.2449491020837842,0.00033897009220836634,0.24269997353833794
101279272797775203956659007084828831261331275405585994446661991301016814257223,3.0,0.505,3.0,0.249975,0.0,0.30815700000000007,0.00016696441837177933,0.2497652328956773,0.0001202149020127163,0.2510628336503247,0.0001285235157083747,0.2498167977595443
11948977256049640505529515118442328278366541768796561243240603850147585003221,30.0,0.595,30.0,0.240975,0.0008722500000000013,0.07876824999999998,0.001575521840042099,0.2540432081946537,0.0011751443628751743,0.2509335956203413,0.001707329972691673,0.24573930278611755
11948977256049640505529515118442328278366541768796561243240603850147585003221,14.0,0.905,14.0,0.08597499999999998,0.00037225000000000046,0.0038182499999999974,0.0005746017584924158,0.12458879126170917,0.00046446895366159343,0.135361815605365,0.0008504948987347773,0.1243464383574576
11948977256049640505529515118442328278366541768796561243240603850147585003221,7.0,0.895,7.0,0.09397499999999999,7.224999999999985e-05,0.003418249999999997,0.0002705620804782667,0.1300453195125776,0.0002318991728518599,0.12558787345859648,0.0003549734584971251,0.12159612062370279
101615509525003927037327559942931988249201938962657209744355801307747988963354,7.0,0.545,6.0,0.247975,0.0003999999999999963,0.16567500000000002,0.00030835514759608364,0.24979775169084092,0.0002451688667882025,0.2506371449533795,0.0002847333620026264,0.24980301494226673
101615509525003927037327559942931988249201938962657209744355801307747988963354,3.0,0.415,3.0,0.24277499999999996,0.0,0.152625,0.00017171527375860665,0.24272857885937846,0.00012826758580321938,0.24395453676213694,0.0001333249301761399,0.24250113022099978
105372800452037398580285112900013569640706347305176961291761271865199492553933,7.0,0.185,6.0,0.150775,0.0005250000000000001,0.00805,0.00032175123048111987,0.1497316254412333,0.0001983528850711691,0.15300065329275944,0.0003454435020630212,0.15821393907293863
105372800452037398580285112900013569640706347305176961291761271865199492553933,3.0,0.135,3.0,0.116775,0.00039999999999999986,0.005025000000000001,9.748735030379789e-05,0.13644303601227156,8.954286492506281e-05,0.13180910125789594,9.457618062145454e-05,0.1373953720746335
87413541522011440617239482051839620325250854997635173812757786298094460315826,7.0,0.455,6.0,0.24797499999999997,0.00045000000000000075,0.155225,0.0003203757860196672,0.24887891791956412,0.00021824642267794973,0.2510972298421177,0.0002912624624724852,0.24987887951637042
87413541522011440617239482051839620325250854997635173812757786298094460315826,3.0,0.485,3.0,0.249775,0.00020000000000000036,0.152725,0.00018602678921304298,0.24906939960924754,9.838069048574913e-05,0.24982149149271515,0.00013521565575879167,0.24937178332631096
44149007410374101286260953227333745102128417138356632089802983317837574022801,30.0,0.45,30.0,0.24750000000000003,0.0005249999999999981,0.7702249999999999,0.0015436366568497555,0.2497980791535918,0.0010981680947176802,0.2522736567987306,0.0016359582339578844,0.24935494211957532
44149007410374101286260953227333745102128417138356632089802983317837574022801,14.0,0.335,14.0,0.22277500000000003,0.0,0.744825,0.0007866705106454459,0.2307134368758628,0.000542535497826999,0.22798429326876302,0.0006998502088716816,0.23524162112301603
44149007410374101286260953227333745102128417138356632089802983317837574022801,7.0,0.395,8.0,0.238975,0.0,0.7290249999999999,0.00043985954252224774,0.24451034285803305,0.0003179473125724254,0.24283613649662236,0.0003995384036627697,0.24189323947079588
39712772670000674942616989861855638406845924095689855154697373083678617660872,7.0,0.505,6.0,0.249975,0.0,0.274575,0.00033007214420746806,0.24943943921337755,0.00023454513538640232,0.251446680354437,0.00028837803574344927,0.25036805813430335
39712772670000674942616989861855638406845924095689855154697373083678617660872,3.0,0.675,3.0,0.219375,0.0,0.256875,0.00017713376385003945,0.217652299193455,0.00010820625103174556,0.22265374878328204,0.00015454032726590372,0.22018301268283672
108465548081675802811225471678304469331336974462287589117057515243967436903282,14.0,0.5,13.0,0.25,0.0006249999999999989,0.37652499999999994,0.0006952716848299892,0.24747347389321775,0.0005211563027066065,0.2539383051729417,0.0006358759464019292,0.2527559940095744
108465548081675802811225471678304469331336974462287589117057515243967436903282,7.0,0.28,7.0,0.2016,2.5000000000000045e-05,0.3504749999999999,0.0003828892601546021,0.2035825925536079,0.000258835324971738,0.20072646876696992,0.0003372410432278641,0.20843494046198366
108465548081675802811225471678304469331336974462287589117057515243967436903282,3.0,0.26,3.0,0.19240000000000002,0.0,0.34984999999999994,0.00018277868868712594,0.19659979878942135,0.00010018510881334319,0.19364394428356133,0.00014251644006020944,0.19642449915243831
55848158085651699377823403521506201300734091730405450595644309537420934486488,7.0,0.625,6.0,0.234375,2.5000000000000045e-05,0.1521,0.00034264268391170834,0.23567967718640034,0.0002251107787234479,0.23976738853633006,0.0002938614185226208,0.23502074233463
55848158085651699377823403521506201300734091730405450595644309537420934486488,3.0,0.645,3.0,0.22897499999999998,0.0,0.150475,0.00016723853734548492,0.2320121010245835,0.00011935977983380676,0.23025869069676055,0.00014165876861006374,0.23091566702044786
52615891022238066143257319250123776999359064017630986248399048511880395858013,14.0,0.5,13.0,0.25,0.0002750000000000005,0.26471050000000007,0.0006822169095270186,0.2515128299662017,0.0005627511462410715,0.25035111620333517,0.0006669608279014441,0.24879571915314458
52615891022238066143257319250123776999359064017630986248399048511880395858013,7.0,0.495,7.0,0.249975,0.00020000000000000036,0.26471050000000007,0.00037717550092194877,0.24816268584452406,0.00025304063044348307,0.2523537845179807,0.0003422813879728628,0.2508835780631287
52615891022238066143257319250123776999359064017630986248399048511880395858013,3.0,0.505,3.0,0.249975,0.00010000000000000018,0.26471050000000007,0.00013747651930117778,0.25034296975982084,9.764463572323988e-05,0.25071948562132895,0.00013692334811407942,0.24954699209678352
97631444429136963410558776454705646247419477447963422218240880878426855760467,30.0,0.56,21.0,0.24639999999999998,0.0006179999999999978,0.20014550000000003,0.0011740327311336569,0.2541753907790879,0.0008023065753033939,0.2546772088891566,0.0010853473826746847,0.2518028918287864
97631444429136963410558776454705646247419477447963422218240880878426855760467,14.0,0.615,14.0,0.236775,0.0001680000000000003,0.18482050000000003,0.0007657479770161317,0.2425157494885675,0.0005765942387557464,0.23919941075425807,0.000726352955991625,0.2418202495302608
97631444429136963410558776454705646247419477447963422218240880878426855760467,7.0,0.645,7.0,0.22897499999999998,1.800000000000003e-05,0.16392050000000005,0.0003846751238663984,0.2330230548200599,0.00024370326804554383,0.23367387420044985,0.0003486436681811897,0.22899693201552096
91476369300298146920036248088607009930182750315940734872881659404300774697793,14.0,0.61,12.0,0.2379,0.0004750000000000008,0.13452499999999998,0.0006761702154057283,0.24082084231929504,0.0004383167470890413,0.24302643490470338,0.0006374103624961938,0.23765000407517647
91476369300298146920036248088607009930182750315940734872881659404300774697793,7.0,0.605,7.0,0.238975,0.00025000000000000044,0.13322499999999998,0.0003760942060443702,0.2382840767450361,0.00025025348920787904,0.2383208358949593,0.00034241249713639927,0.24022789257186766
91476369300298146920036248088607009930182750315940734872881659404300774697793,3.0,0.625,3.0,0.234375,0.00010000000000000018,0.13322499999999998,0.0001726602453959819,0.23777016962402406,0.00011622898356718574,0.2326095823332569,0.00013564496167784378,0.23279953441104745
53857410465322570674820192689752350922027593398596106088231942123932797007560,7.0,0.535,6.0,0.248775,0.0,0.173775,0.00033253648001820626,0.2500438262215647,0.00023974273084967937,0.24783667958975908,0.00028845263176144104,0.24697606022823218
53857410465322570674820192689752350922027593398596106088231942123932797007560,3.0,0.595,3.0,0.240975,0.0,0.141025,0.00015569735765696266,0.24090560792467527,0.00010831717980390241,0.2400883607231242,0.00013921423871323624,0.24098015990981445
15026958131139899623703532489928670471720443819023351081939411577009882390341,14.0,0.61,13.0,0.2379,0.0002750000000000005,0.1806005000000001,0.000691227869932906,0.24276236130576762,0.0004997129697561294,0.24237916864724074,0.0006939399953390482,0.23591589704376217
15026958131139899623703532489928670471720443819023351081939411577009882390341,7.0,0.62,7.0,0.2356,0.0002250000000000004,0.1806005000000001,0.0003558832197304606,0.23760763784841743,0.0002810625585063319,0.23807310276000412,0.00034958066733542807,0.23683677455628374
15026958131139899623703532489928670471720443819023351081939411577009882390341,3.0,0.605,3.0,0.238975,0.00010000000000000018,0.1806005000000001,0.00016066685081389515,0.2407804222507913,0.00012021188787502524,0.24128675533866736,0.000139371898318858,0.23984553946875906
73567620902005320913472340722035283024322410747604799135165072602579666071608,30.0,0.16,30.0,0.1344,0.00014999999999999915,1.06715,0.0012259121886723087,0.16790692246443187,0.0010622193680363565,0.16377762624163544,0.0011993521170589874,0.1724268785576586
73567620902005320913472340722035283024322410747604799135165072602579666071608,14.0,0.57,14.0,0.2451,2.5000000000000045e-05,0.6058749999999999,0.0007431606575219134,0.2474314823212812,0.0005287692372191101,0.2541151672505592,0.0007033155279923913,0.2463512376434341
73567620902005320913472340722035283024322410747604799135165072602579666071608,7.0,0.23,7.0,0.1771,2.5000000000000045e-05,0.442975,0.0003771811837283698,0.18662591101586315,0.0002601925125655806,0.17762279133743822,0.0003703877465579386,0.17914586347689387
73567620902005320913472340722035283024322410747604799135165072602579666071608,3.0,0.175,3.0,0.14437499999999998,2.5000000000000045e-05,0.43565,0.0001331084122201796,0.151726813322673,0.0001206842947142296,0.14698323875432096,0.00019121752720648643,0.14835018761389737
67458767289404585234744660199191729864647269546936372565997492523516079162996,30.0,0.162,30.0,0.135756,0.0013967500000000013,0.048582749999999994,0.001222097734367708,0.17330278213103995,0.001069498976396608,0.1782365542414027,0.0012523799435295658,0.180872420780479
67458767289404585234744660199191729864647269546936372565997492523516079162996,14.0,0.164,14.0,0.137104,0.0006619999999999998,0.047237499999999995,0.000535681831631486,0.15512330451468329,0.0004846869122571262,0.16014298152647277,0.0005802722434837908,0.16523472559238134
67458767289404585234744660199191729864647269546936372565997492523516079162996,7.0,0.232,7.0,0.178176,0.00017249999999999964,0.045121499999999995,0.00034663567259352713,0.18284208187693507,0.00024833565398193835,0.17969033764995246,0.0003840164827465149,0.18755028527773923
67458767289404585234744660199191729864647269546936372565997492523516079162996,3.0,0.2755,3.0,0.19959975,0.00015699999999999961,0.04363925,0.0001710368858680144,0.19798114662056668,0.0001173513355787447,0.19647218393554378,0.00016203437076805886,0.20483935780912088
38845711140917090534357503312939539740205444273582611470722834780465194916734,3.0,0.51,3.0,0.2499,2.5000000000000045e-05,0.48122500000000007,0.0001626456719433385,0.2505516652522568,9.55538670449842e-05,0.24981026030370135,0.0001343728620846463,0.24955664102688882
104411547841791877252227935410049230769909951522603517050502627610163580155198,30.0,0.115,30.0,0.101775,0.0007250000000000004,0.0451755,0.0011749864311274723,0.1494189484385732,0.001095938952641701,0.15247671214233385,0.0011650411451373124,0.15593012628818936
104411547841791877252227935410049230769909951522603517050502627610163580155198,14.0,0.255,14.0,0.189975,0.00017499999999999992,0.0311255,0.0006237215152603799,0.19832842723403463,0.000485735977245137,0.20176432635730812,0.0006100814774980481,0.20455003585578652
104411547841791877252227935410049230769909951522603517050502627610163580155198,7.0,0.115,7.0,0.101775,9.99999999999999e-05,0.0155005,0.00029030867063522143,0.12537147736593096,0.0002474182815535189,0.14220593160457784,0.0002756149381653283,0.13950484499684682
104411547841791877252227935410049230769909951522603517050502627610163580155198,3.0,0.115,3.0,0.101775,9.99999999999999e-05,0.0155005,8.982394817992485e-05,0.12361248703350103,7.542916922406167e-05,0.11877115292175983,9.66485027144115e-05,0.11194202631776726
96820537595663298800326599433358407327974219034623752500543687869762540499586,30.0,0.445,30.0,0.24697499999999997,0.0010077500000000004,0.18887925000000005,0.0016106367799995213,0.2543242602124715,0.0011241112883608535,0.25578440563378296,0.0016512005684944115,0.2507360355400841
96820537595663298800326599433358407327974219034623752500543687869762540499586,14.0,0.14,14.0,0.12040000000000001,0.0006327499999999996,0.08252925,0.0006192733386929955,0.15331273915139054,0.0005562970108320568,0.14362836136387977,0.0005691698109022981,0.1631483397968091
96820537595663298800326599433358407327974219034623752500543687869762540499586,7.0,0.09,7.0,0.0819,0.00020774999999999998,0.0019542499999999994,0.00024283081317668986,0.11881013013590927,0.00019789805542638392,0.11063951429535283,0.00023493722504475207,0.11135313736297928
40785716512154576515459243689202568309525193875518923120378208451954796944952,30.0,0.38,30.0,0.2356,0.0013249999999999998,0.9162235,0.001599245679922212,0.23959533268577482,0.0012308978645722824,0.24263729445607843,0.0015750412280830812,0.23988720361016838
40785716512154576515459243689202568309525193875518923120378208451954796944952,14.0,0.105,14.0,0.093975,0.0005999999999999994,0.8563734999999999,0.0005296634101312021,0.12454819690240776,0.000515383427739722,0.13357578843999687,0.0005561976012935906,0.12068387784364505
40785716512154576515459243689202568309525193875518923120378208451954796944952,7.0,0.175,7.0,0.14437499999999998,0.0003999999999999996,0.8493734999999999,0.0003200834246235923,0.1636047498530594,0.00024562034074626524,0.1511417821398981,0.00034674574729882317,0.16207125799173888
40785716512154576515459243689202568309525193875518923120378208451954796944952,3.0,0.1,3.0,0.09000000000000001,0.0,0.8421485,9.633314452208979e-05,0.11651927095370411,6.530005214563337e-05,0.11217645131165227,8.811226192126078e-05,0.11635842078197481
85442461071243883173373412170675697421736999439507657641598429651582131586635,7.0,0.745,6.0,0.189975,0.0,0.386725,0.000334031575500731,0.19244443987128007,0.0002227422015105273,0.1947724949199825,0.00034439117383666326,0.19713413701954996
85442461071243883173373412170675697421736999439507657641598429651582131586635,3.0,0.595,3.0,0.240975,0.0,0.348875,0.00017177697350904888,0.2422366654517805,9.898068704618252e-05,0.24151385850516277,0.00013220745290754094,0.2406219847548515
23071365530007840499595140099244953388320355039725407838409210788227385062169,3.0,0.465,3.0,0.24877499999999997,0.0,0.19842500000000002,0.0001508584511182783,0.24918205778703126,0.00011712748388239276,0.24925752204358223,0.00012977152317224607,0.2490448934796384
47725492336131820887488063313837852093635780422588105496797401524776585334804,7.0,0.445,6.0,0.24697499999999997,0.0007249999999999991,0.39165,0.0003511146219643598,0.24793857386514356,0.0002409471666471853,0.24924507597672146,0.0002900865704917667,0.247858384989072
47725492336131820887488063313837852093635780422588105496797401524776585334804,3.0,0.39,3.0,0.2379,0.00010000000000000018,0.39125,0.0001659968654978516,0.24011797984882988,0.00011091812387964539,0.2382687102863479,0.00012227102504436485,0.23961972380668684
10547381015916960267379463101229159185405356924982461726471550099674011526491,30.0,0.166,30.0,0.138444,0.0015167500000000003,0.20652675000000004,0.0012664961019931034,0.17891702408671128,0.0011239457765621695,0.1726988001326643,0.0012230864747936534,0.18061068192810253
10547381015916960267379463101229159185405356924982461726471550099674011526491,14.0,0.0725,14.0,0.06724374999999999,0.0008847499999999997,0.082164,0.00045851865269933305,0.08755999396210282,0.00043297949909641074,0.09942410974863733,0.0004479166330979516,0.1098969394803979
10547381015916960267379463101229159185405356924982461726471550099674011526491,7.0,0.1445,7.0,0.12361975,0.0004092499999999996,0.07511899999999999,0.0002997882019908746,0.15042321833910155,0.00025459371227361266,0.15848484436469412,0.0003101938391440531,0.15251785852044666
10547381015916960267379463101229159185405356924982461726471550099674011526491,3.0,0.204,3.0,0.162384,4.0000000000000074e-06,0.06605649999999999,0.0001583204653495418,0.1636868967575613,0.00011976304857850087,0.16225156237962302,0.00017557556768304028,0.1662506196487542
45307929350007847491024268648960623527752242214197163455465935647967776740420,30.0,0.2,30.0,0.16000000000000003,0.0007749999999999991,0.6806249999999999,0.0013078520400240867,0.20245248309309957,0.0011168416695202686,0.19234433641243065,0.0012771744867132596,0.18024247584224912
45307929350007847491024268648960623527752242214197163455465935647967776740420,14.0,0.205,14.0,0.162975,0.0005500000000000004,0.6806249999999999,0.00059808683901909,0.17990537593409445,0.00043433597118710713,0.1847266760072204,0.0005628944400134302,0.18223770016178512
45307929350007847491024268648960623527752242214197163455465935647967776740420,7.0,0.185,7.0,0.150775,0.00030000000000000057,0.6806249999999999,0.00031329712309837566,0.1539339578394458,0.0002561334772463526,0.1527062002698472,0.00032836546355394616,0.15637774627226844
45307929350007847491024268648960623527752242214197163455465935647967776740420,3.0,0.175,3.0,0.14437499999999998,0.00020000000000000036,0.6806249999999999,0.0001435587677103702,0.14516115791141856,0.00010405718529819673,0.14698907591141214,0.00015242834216222,0.14403133522324468
88659794438260465152226213632858552382876911053847631900139141597097407205715,7.0,0.445,6.0,0.24697499999999997,0.0003500000000000006,0.13377499999999998,0.00031518342138821433,0.24558479780537212,0.00022241296792021537,0.24925590439686893,0.00028041639943452405,0.24751362634476987
88659794438260465152226213632858552382876911053847631900139141597097407205715,3.0,0.455,3.0,0.24797499999999997,0.0,0.13377499999999998,0.000166135709061225,0.2514124558927743,0.00012268185336459448,0.2477094261027315,0.00012854466974488148,0.24871285066958698
114906809173953523276355880925100389606649541176600550608761173629971358774558,30.0,0.0685,30.0,0.06380775000000001,0.0017432500000000004,0.003992000000000001,0.000896209369587109,0.10249700278892517,0.0008729901159884123,0.13006190774650547,0.0009222310772195447,0.11669227776986299
114906809173953523276355880925100389606649541176600550608761173629971358774558,14.0,0.07,14.0,0.0651,0.00021725,0.0030887500000000003,0.00045422611652196185,0.10022616183595957,0.00042289042330463607,0.10055773204215374,0.0004466634321737191,0.08776405375622577
98721981590572841910847700506915134910696602397328529619763154982886944471014,30.0,0.155,30.0,0.130975,0.0009082499999999991,0.0033582500000000006,0.001233068456315736,0.16280292281307818,0.0011374120494906039,0.17536931756464078,0.0012002469469590343,0.1837936544193985
98721981590572841910847700506915134910696602397328529619763154982886944471014,14.0,0.135,14.0,0.116775,0.0001582499999999999,0.0033582500000000006,0.0005796012526600424,0.1569497356757834,0.0005147356972935949,0.15971930212611266,0.0006173534509348669,0.13743162821741897
98721981590572841910847700506915134910696602397328529619763154982886944471014,7.0,0.095,7.0,0.08597500000000001,5.8250000000000006e-05,0.00245825,0.0002581685150970795,0.12479601021510604,0.00022365406619948242,0.10028440262615082,0.0002631223102473303,0.10797728934737787
92623193147229968536967595026209377290569876277152414806208806159046880692537,30.0,0.25,30.0,0.1875,0.0006500000000000004,0.06565,0.0013159061169097253,0.20815454451606855,0.0011258892669125083,0.203115662532221,0.0013380586709936964,0.2035572680833404
92623193147229968536967595026209377290569876277152414806208806159046880692537,14.0,0.255,14.0,0.189975,0.00020000000000000036,0.065025,0.0005928666358896928,0.20110358963165775,0.0004960899723005422,0.2085557031529449,0.0005960911264952112,0.20017215739597902
92623193147229968536967595026209377290569876277152414806208806159046880692537,7.0,0.255,7.0,0.189975,0.0,0.065025,0.0003341357490928565,0.19006272184968942,0.0002546323366339604,0.1945740904244001,0.0003258665153159673,0.19898651607579004
92623193147229968536967595026209377290569876277152414806208806159046880692537,3.0,0.255,3.0,0.189975,0.0,0.065025,0.00016144820890173954,0.19227261432241005,0.00012358031965139702,0.1914113813144431,0.00014223343546509288,0.19168899791002658
42374815657442465500075937904016131801776204492796944288908751005433960581826,30.0,0.735,30.0,0.194775,0.0012750000000000023,0.03467550000000003,0.0015380667907780505,0.21030618262789053,0.0011179140850461073,0.2175542074666612,0.0018700736192395395,0.21169784140347084
42374815657442465500075937904016131801776204492796944288908751005433960581826,14.0,0.735,14.0,0.194775,0.0006250000000000012,0.033075500000000035,0.0007240066231312709,0.21070303329874435,0.0005356984517854199,0.20423501051833745,0.0008151530021182467,0.20110584740420434
42374815657442465500075937904016131801776204492796944288908751005433960581826,7.0,0.745,7.0,0.189975,0.00020000000000000036,0.03245050000000003,0.0003541913322163786,0.19493674153978016,0.00028563592246684636,0.19172342582981897,0.0003544780805053156,0.194835714027548
42374815657442465500075937904016131801776204492796944288908751005433960581826,3.0,0.825,3.0,0.14437500000000003,0.0,0.030450500000000037,0.00017342964837925752,0.14771319817562237,0.00012356852349246298,0.15151525513348083,0.00020735553150323085,0.1475097865675217
28938745417558857896442238911870725474349404919267969141124175484009211562921,30.0,0.435,30.0,0.24577499999999997,0.0006,0.21872500000000003,0.0015763347783535066,0.25622145264418356,0.001135113017128148,0.24577388549195497,0.0016678933437970726,0.25197209799017395
28938745417558857896442238911870725474349404919267969141124175484009211562921,14.0,0.435,14.0,0.24577499999999997,0.00039999999999999964,0.21872500000000003,0.0007500900020882115,0.24986568592141578,0.0005713904200530108,0.25078921229720313,0.0007173577634702545,0.24343900170724328
28938745417558857896442238911870725474349404919267969141124175484009211562921,7.0,0.435,7.0,0.24577499999999997,0.00039999999999999964,0.21872500000000003,0.0003813524284602481,0.24785225581042503,0.00025612299427216136,0.24558124333974005,0.00034845761036712407,0.24552755852949026
28938745417558857896442238911870725474349404919267969141124175484009211562921,3.0,0.475,3.0,0.24937499999999999,0.00029999999999999943,0.21622500000000003,0.00017099178467896298,0.25065406298650766,0.00011688292394962781,0.24894667550782906,0.00010795106833356373,0.24963573037034106
42902547239344116558497262961456281803636108415264408519949180713389274050846,7.0,0.455,6.0,0.24797499999999997,5.000000000000009e-05,0.17427499999999999,0.00031707539448491413,0.2491662397485544,0.00023529799335211436,0.2487445501853104,0.00027163700661304564,0.2472407712325782
42902547239344116558497262961456281803636108415264408519949180713389274050846,3.0,0.535,3.0,0.248775,0.0,0.169375,0.0001796285742764627,0.2483054051422252,0.00012396207919374556,0.24913760795550574,0.00013859075275361163,0.2481329388586887
23072428889948871919916997912866343746006774483855187447858489211364943872755,30.0,0.665,30.0,0.222775,0.00022900000000000042,0.05400650000000002,0.0015785161217052057,0.22491934661648189,0.001211459308849095,0.2389473208925148,0.0017435234302982253,0.23093411041954778
23072428889948871919916997912866343746006774483855187447858489211364943872755,14.0,0.81,16.0,0.15389999999999995,4.0000000000000074e-06,0.0351565,0.0007640517124605734,0.17163644089625738,0.0006079341845671818,0.1792519051024061,0.0009922805079337956,0.16431181150898133
72373922484601612837855188905332325479292726362975414708210444785555968287015,30.0,0.095,30.0,0.08597500000000001,0.0011775000000000004,0.001341,0.0010573227167107158,0.12963360563886514,0.0010028265548542121,0.12209501101691991,0.001080095394391712,0.13983642249674247
72373922484601612837855188905332325479292726362975414708210444785555968287015,14.0,0.0525,14.0,0.049743749999999996,0.0006627499999999997,0.00044100000000000004,0.00041508761533748926,0.08823717974134623,0.00033339981007237784,0.07678439025272743,0.00035913731745322363,0.08147587042469862
72373922484601612837855188905332325479292726362975414708210444785555968287015,7.0,0.061,7.0,0.057279000000000004,0.00041199999999999993,0.00044100000000000004,0.00020304070976182362,0.08487429051269264,0.0001826053333952312,0.08874211258728457,0.00019524518559517292,0.07243741461755335
72291576179013143892052955300690142575338229516555900000547999541517148453427,30.0,0.12,30.0,0.1056,0.0005687500000000004,0.03630325,0.0010997631251088377,0.15189440455480505,0.0011241907215144246,0.17024903298354524,0.0012120272128022115,0.15896526520001653
98056180612293323389598858457298426500067794787540262323337625607046451876471,7.0,0.83,5.0,0.14110000000000003,4.274999999999935e-05,0.019098250000000018,0.0002788883733780018,0.148303887530196,0.0001923006334012674,0.14536739544048297,0.00030734554683802326,0.14518206017042917
76184513907290761912636659055080401703643418316153242056949287928791438454394,30.0,0.285,30.0,0.203775,0.0007000000000000013,0.203625,0.0013411341050177195,0.198747560468478,0.0011283029428898162,0.22810503700807153,0.0014213071308136244,0.2215004132186472
76184513907290761912636659055080401703643418316153242056949287928791438454394,14.0,0.425,14.0,0.24437499999999998,0.00030000000000000057,0.189225,0.0007509722643243201,0.24618100115077968,0.0005323693711058342,0.2514533474214602,0.0006910741720239133,0.24723794691530535
76184513907290761912636659055080401703643418316153242056949287928791438454394,7.0,0.425,7.0,0.24437499999999998,0.00010000000000000018,0.189225,0.00038510053379973335,0.25059610763905854,0.0002853776419433708,0.248196327762102,0.0003510834716230395,0.24777960134306032
76184513907290761912636659055080401703643418316153242056949287928791438454394,3.0,0.425,3.0,0.24437499999999998,0.00010000000000000018,0.189225,0.0001540024679104181,0.2439985819122686,0.00013826654792970287,0.24518478267769594,0.00016009285747945433,0.24410816890507797
71338886078132794561606040245522732654223397726318877516126885558857760131397,30.0,0.695,30.0,0.21197500000000002,0.0003499999999999995,0.08072500000000002,0.0016205581899933325,0.22695856827583236,0.0011578807228633716,0.2296575340724991,0.001833528313105639,0.22832855670315894
71338886078132794561606040245522732654223397726318877516126885558857760131397,14.0,0.665,14.0,0.222775,0.0,0.07902500000000001,0.0007527699949858444,0.2255391628140991,0.0005254262578784497,0.2325351876123098,0.0007714633890802173,0.22518934667999763
71338886078132794561606040245522732654223397726318877516126885558857760131397,7.0,0.665,7.0,0.222775,0.0,0.07902500000000001,0.00038120726606789986,0.22532918012752284,0.0002642147450618849,0.2273272700940243,0.0003414617511681605,0.22494506406844791
71338886078132794561606040245522732654223397726318877516126885558857760131397,3.0,0.645,3.0,0.22897499999999998,0.0,0.077825,0.0001463176247901865,0.2302654750626293,0.00012671086540895534,0.22861341103635005,0.00011560362569728195,0.22988114734986062
73423299579225182989007843241905401383070308828285192555132908529007633293067,30.0,0.05,28.0,0.0475,0.00023799999999999993,0.0018874999999999999,0.0007017733935343964,0.09585432462212841,0.0006506511975803499,0.09573460977993545,0.000721207121103152,0.09200330639091116
9364116942379760767843034675853196794538869155165364140282761861738628553456,30.0,0.5,23.0,0.25,0.0009750000000000017,0.225625,0.0012773905752551595,0.25430863514110674,0.0008871740617904379,0.25701526007688535,0.0012424063483694797,0.24915587698610728
9364116942379760767843034675853196794538869155165364140282761861738628553456,14.0,0.495,14.0,0.249975,0.0008000000000000013,0.225625,0.0007951328099694516,0.251565442661829,0.0005492699009252396,0.2500807169070053,0.0006772648237956627,0.24999921033964273
9364116942379760767843034675853196794538869155165364140282761861738628553456,7.0,0.485,7.0,0.249775,0.0003500000000000006,0.225625,0.0003821057275427896,0.24919910997389583,0.000283022717176137,0.25086857512575145,0.0003406743265772347,0.24863453512637704
9364116942379760767843034675853196794538869155165364140282761861738628553456,3.0,0.495,3.0,0.249975,0.00020000000000000036,0.225625,0.00015705229096886998,0.25000637145960547,0.00010846302519275666,0.25184131920092345,0.00016010772893450202,0.2499302126302806
62587413687923316884770873568924706842851707293871241070022337717556806988342,7.0,0.505,7.0,0.249975,0.00025000000000000044,0.275625,0.0003891095662882725,0.24844771994278964,0.00025834331216931483,0.25186684138772575,0.00033945074753099976,0.2497332556593728
62587413687923316884770873568924706842851707293871241070022337717556806988342,3.0,0.525,3.0,0.24937499999999999,0.0,0.275625,0.00016734638925412063,0.2496436451480278,0.00010929154655703346,0.25295051951825837,0.00012227443470238315,0.24845158185529698
91851388830923641218615793149765322805282194001900444983744404881757241655792,30.0,0.275,30.0,0.199375,2.4999999999998935e-06,0.3803065,0.0013495103689232812,0.2155684463083535,0.0011575191531478526,0.21122916129679564,0.0014100866827174347,0.20547196871166765
91851388830923641218615793149765322805282194001900444983744404881757241655792,14.0,0.5575,16.0,0.24669375,2.4999999999998935e-06,0.19360025000000006,0.0008696418504442496,0.24592166987695877,0.0006342665968909741,0.2511641138228169,0.0008313310485754949,0.24961663895841885
75808883562514695201169204487787555859570951708948163798444132865757266366758,30.0,0.06,30.0,0.05639999999999999,0.000951,1e-06,0.0007414981277163843,0.0925044922113315,0.0008038732578683713,0.0938191292757206,0.0008143207557855878,0.09952291468345259
44274863594881419064755425975616427905570818290480331177906247008783209380302,30.0,0.165,30.0,0.137775,0.0010359999999999994,0.021406500000000005,0.0012609378067008554,0.17202276251925727,0.0011426713229825873,0.17644113956205076,0.0012345768943651046,0.16921541117082242
46171502957028595838694604499378583099478369877679255114043087599679007467964,14.0,0.48,13.0,0.2496,0.00014050000000000024,0.38355999999999996,0.0007353338620744726,0.25186859977877896,0.0005293827592615619,0.25510624893685613,0.0006752322495079374,0.25144900232936884
46171502957028595838694604499378583099478369877679255114043087599679007467964,7.0,0.5945,7.0,0.24106975,0.00014050000000000024,0.10800475000000001,0.0004093788986183939,0.2421795995471627,0.0002768094296395353,0.24499671689971372,0.00031936314196355785,0.2392300942764836
46171502957028595838694604499378583099478369877679255114043087599679007467964,3.0,0.2705,3.0,0.19732975000000003,0.00014050000000000024,0.036106250000000006,0.00016110144607780054,0.19730101260744054,0.0001119841194214864,0.19756017660479358,0.0001364703296157288,0.20004858533808167
65635069780420563470359317634895637337713542089289204127626426923331166629221,30.0,0.305,30.0,0.21197500000000002,0.0017249999999999948,0.292412,0.0014580274397873439,0.22910138552564974,0.0011135880641568211,0.22555585950574553,0.0014463316812249616,0.23311568746705852
65635069780420563470359317634895637337713542089289204127626426923331166629221,14.0,0.305,14.0,0.21197500000000002,0.0008249999999999965,0.283712,0.0007002444396003673,0.22207823540135224,0.0005414290149532024,0.21580864151468745,0.0006958250982456913,0.21947780160150848
65635069780420563470359317634895637337713542089289204127626426923331166629221,7.0,0.335,7.0,0.22277500000000003,0.0003999999999999985,0.279887,0.00038071605876144056,0.22754891084509254,0.0002508035619212145,0.22659693059406114,0.0003575820243758973,0.22808985716241595
65635069780420563470359317634895637337713542089289204127626426923331166629221,3.0,0.485,3.0,0.249775,0.0,0.272187,0.00014773286767148005,0.25014518768811733,0.00011386233800655958,0.24866337780040013,0.00013575906037166706,0.250270485832544
58821940997409431737389149682476964944384692511581392935422598698969316561403,14.0,0.435,12.0,0.24577499999999997,0.0004999999999999993,0.27642500000000003,0.0006947425641997755,0.2431413247179924,0.0004557034165469334,0.24827705773061473,0.0005946350883720779,0.24893677215483453
58821940997409431737389149682476964944384692511581392935422598698969316561403,7.0,0.41,7.0,0.24190000000000003,0.0004749999999999992,0.276025,0.0003992453199278954,0.2447719791641822,0.0002456077093456926,0.24593408925305846,0.000366085310829653,0.2412799098469769
58821940997409431737389149682476964944384692511581392935422598698969316561403,3.0,0.445,3.0,0.24697499999999997,0.00034999999999999897,0.275625,0.00016045736283305573,0.2484462018934743,0.00010250073421408386,0.24758254121947998,0.000118687102341757,0.2460146175729043
99701940500121727292418397429817615595883615255368351271990294980806258260391,14.0,0.14,16.0,0.12040000000000001,1.0000000000000019e-06,0.7370225000000001,0.0006669114382912403,0.15217938911083898,0.0005717916435388191,0.15279897387996302,0.0006773513954740553,0.1519716143680532
105215065858334170744114857463365350401433868283566628774208453134690009014690,7.0,0.31,5.0,0.21389999999999998,0.0006249999999999978,0.05612500000000001,0.0002617785224957016,0.21563311862802714,0.00019866404835406688,0.21891485923524598,0.00026016343535215753,0.21863649376613
105215065858334170744114857463365350401433868283566628774208453134690009014690,3.0,0.325,3.0,0.21937500000000001,0.0004999999999999976,0.05612500000000001,0.00015385207576665914,0.22286475228068744,0.00010909082492856468,0.22141545142709185,0.0001525618959164992,0.22078560295511607
45153883873264418888983679390154102478572008103167785031305860518942991206760,3.0,0.555,3.0,0.246975,0.00010000000000000018,0.21872499999999997,0.00016471642742402564,0.24944302004811233,9.90509027259766e-05,0.24871551068002973,0.0001328631676405947,0.24596687794939556
57136133316347081672403572644587979290671669314695347937382155541635223233623,7.0,0.725,6.0,0.199375,0.0,0.16202499999999997,0.00034259456849061276,0.2053501425352427,0.00022801211882707815,0.20565865043480908,0.00030920760702538426,0.20259887039326074
57136133316347081672403572644587979290671669314695347937382155541635223233623,3.0,0.455,3.0,0.24797499999999997,0.0,0.117775,0.00016509345345551568,0.24828916131588813,0.0001147185087865921,0.25123802288390507,0.00012589412042239082,0.24816924062648119
102281115552110447508805083408116159078734328345407158156320108528033469896643,7.0,0.605,6.0,0.238975,0.00010000000000000018,0.296223,0.00032346852146895324,0.23908399027648095,0.0002456393800589475,0.24042735318369524,0.00029486992238636804,0.23690438354707893
102281115552110447508805083408116159078734328345407158156320108528033469896643,3.0,0.865,3.0,0.116775,0.0,0.237723,0.00010655306851003331,0.11625905343169136,8.762891000812386e-05,0.1229798555359341,0.0001445524381317554,0.11526841298570677
56918993024331011361130597359321802102591291959358632199836658423330033395474,7.0,0.14,6.0,0.12040000000000001,0.0005250000000000001,0.012424999999999999,0.00023410285017277693,0.13898952034180911,0.00018847376824643027,0.14389124377066126,0.00022457516172621046,0.13858550071449321
56918993024331011361130597359321802102591291959358632199836658423330033395474,3.0,0.125,3.0,0.109375,9.99999999999999e-05,0.012424999999999999,9.538618957232547e-05,0.13237717522207695,7.87405972070574e-05,0.11997444033235373,9.239109234387077e-05,0.12300669034979814
56570835185013181930169513733177012805556365530301435672575968757674556017763,30.0,0.71,30.0,0.20590000000000003,0.0013832500000000008,0.12352525000000002,0.0015347675444801693,0.22724619742752458,0.0011500097718583051,0.22559946481856813,0.0017613263208335322,0.22973478356789684
56570835185013181930169513733177012805556365530301435672575968757674556017763,14.0,0.585,14.0,0.24277500000000002,0.000783250000000003,0.06110025,0.0007589288638711602,0.2436794684297157,0.0005360880552645448,0.24933055770003523,0.0007272639741957745,0.24463166119394436
56570835185013181930169513733177012805556365530301435672575968757674556017763,7.0,0.845,7.0,0.130975,0.00028325000000000203,0.026650249999999993,0.0003157266295318377,0.13958286898007144,0.00022964397618822725,0.14081557184222515,0.00037895395958599477,0.15643764587209646
7335630785946116680591336507965313288831710468958917901279210617913444658937,7.0,0.53,7.0,0.2491,0.00025000000000000044,0.42435,0.0003851539530758842,0.24908657591079433,0.00026585767026995693,0.25323859901183826,0.00030448627918530744,0.24723500901762285
7335630785946116680591336507965313288831710468958917901279210617913444658937,3.0,0.555,3.0,0.246975,0.0,0.41872499999999996,0.0001686250425836945,0.24697930578501665,0.00010764602552683918,0.24627719417717736,0.0001209348626244546,0.2474386463764828
110752240302764069094765844423880883510535883699501945614788674265037755854960,7.0,0.5,6.0,0.25,1.0000000000000019e-06,0.09610250000000001,0.00033903993526774234,0.25231571420129517,0.0002259101870008217,0.2504088036221522,0.00028501194384753415,0.24707501620682482
33577969371286343977356206611656200628557136541726617870627297931147773896148,30.0,0.23,30.0,0.1771,0.003310500000000002,0.4435465,0.0012514117359428423,0.19744309401829255,0.0011023026915738096,0.19849971683963047,0.0013532180689735406,0.19989843137398644
33577969371286343977356206611656200628557136541726617870627297931147773896148,14.0,0.09,14.0,0.0819,0.0016855000000000017,0.4401715,0.0004844327718202748,0.1248060078014835,0.0005163667514450634,0.10871344609452237,0.000553963289227015,0.11502770761498349
33577969371286343977356206611656200628557136541726617870627297931147773896148,7.0,0.07,7.0,0.0651,0.0009855000000000018,0.43837149999999997,0.0002316872771767776,0.09599187760695967,0.00018593504078992824,0.08914044878235766,0.00020949727523732447,0.09329166999699677
17122677616906580582324511461564678271938962280865344394979403198793427939192,14.0,0.165,14.0,0.137775,0.001024999999999999,0.006705500000000001,0.0005660506246607818,0.15084334231557955,0.0005068809853205486,0.15161941695338182,0.0005639565791803738,0.1590517550824235
17122677616906580582324511461564678271938962280865344394979403198793427939192,7.0,0.105,7.0,0.093975,9.99999999999999e-05,0.0032805,0.00023319491900644117,0.1146514349685964,0.00022364839667298058,0.12296169018481615,0.0002540900001793214,0.12105450507068119
71245395341640282981822050245876486438708685626052577722484604820158902803989,7.0,0.33,5.0,0.2211,0.0003999999999999985,0.0987745,0.0002673323366886963,0.22466262495335712,0.00020209854625531377,0.22483023220924003,0.0002491698541150162,0.22360150903809284
71245395341640282981822050245876486438708685626052577722484604820158902803989,3.0,0.29,3.0,0.20589999999999997,0.0,0.09517450000000001,0.00017590361358077865,0.2060044051619824,0.0001093642804891131,0.21018319861344487,0.00014146795756393786,0.20425083669457597
97995630555599573473083697032964756896526980672424325787729921727485542963627,14.0,0.54,13.0,0.2484,0.00012500000000000022,0.21622499999999997,0.000698838880996108,0.25056855943775264,0.000500170539106659,0.2573467989953139,0.000649124719679653,0.249402418141284
97995630555599573473083697032964756896526980672424325787729921727485542963627,7.0,0.545,7.0,0.247975,0.00010000000000000018,0.21622499999999997,0.00039658956437740867,0.25197445367556137,0.00029129555806846455,0.2472435342902491,0.00035112217658418216,0.24580272342668466
97995630555599573473083697032964756896526980672424325787729921727485542963627,3.0,0.545,3.0,0.247975,0.00010000000000000018,0.21622499999999997,0.00015022248003062903,0.24841913952751501,0.00012672070530420657,0.24902453670515112,0.00012477952163660006,0.24827298406663587
19006898597508386281847912902191120242282582317334085817745325501448261696961,30.0,0.185,30.0,0.150775,0.0015499999999999971,0.025625000000000002,0.0012785821745868323,0.19110188165514594,0.001110955118861521,0.16172502411578818,0.0012165031080077623,0.18212970690984073
19006898597508386281847912902191120242282582317334085817745325501448261696961,14.0,0.175,14.0,0.14437499999999998,0.0007999999999999995,0.025625000000000002,0.0006259413219491487,0.16800675099814355,0.00048676754766603414,0.1691882121778344,0.0005187832985313272,0.16723526485833765
19006898597508386281847912902191120242282582317334085817745325501448261696961,7.0,0.155,7.0,0.130975,0.0003999999999999999,0.025625000000000002,0.00029249817965716656,0.15618341742679756,0.000244200498262613,0.14444648508284919,0.0003214146010104252,0.1500657360624205
19006898597508386281847912902191120242282582317334085817745325501448261696961,3.0,0.125,3.0,0.109375,9.99999999999999e-05,0.025625000000000002,0.00010492778957854242,0.12276319868985723,8.06009082573636e-05,0.12883240199354468,9.484887972220704e-05,0.1214303870952803
40311114123454823338960011367717400824809201935611436728948479810522467549877,14.0,0.385,12.0,0.236775,0.0002250000000000004,0.2626,0.0006951021491718007,0.24075939629132967,0.00046884070555365737,0.23765006721489818,0.0005920402072630224,0.2391524730427296
40311114123454823338960011367717400824809201935611436728948479810522467549877,7.0,0.44,7.0,0.24640000000000004,0.0002250000000000004,0.184825,0.00040674276548470804,0.24564830977595517,0.0002952015982264249,0.2490021484000321,0.000290011367507885,0.24605834913518243
40311114123454823338960011367717400824809201935611436728948479810522467549877,3.0,0.56,3.0,0.24639999999999998,0.0,0.14754999999999996,0.00015889084266369793,0.24583360814554908,0.0001090165667880111,0.24687114960520767,0.00012748142795027128,0.2457731802828726
3186812161617275136941873065600103851370007880588093249814268822949706568368,30.0,0.62,18.0,0.2356,0.0008427500000000001,0.37224625,0.0009874190151435709,0.24375706858212054,0.000668853151322655,0.2403112656884114,0.0009572161953694872,0.24252332817010364
3186812161617275136941873065600103851370007880588093249814268822949706568368,14.0,0.725,14.0,0.199375,0.0008427500000000001,0.31677125,0.0007630317975575232,0.20403382959565922,0.00052316820091055,0.21323150025544,0.0008389638538755917,0.20836940685686997
111076573500690676115944497324241615344987559346927771959475137037769893795844,30.0,0.195,30.0,0.156975,0.0001775,0.0683705,0.0012258966137287223,0.19438429788300723,0.0011620777185656704,0.18279393147766926,0.001246496750051626,0.18651076396797284
53535199523792460867371558660864292618534325578984692531337291846009534769355,30.0,0.5,27.0,0.25,0.00012325,0.23523724999999998,0.0014601760286584902,0.2549622183096687,0.0009801251406303918,0.2582672827050975,0.0014080172419670002,0.2533260003116729
115525206331954143666493722927087528093139997441327992335107710676655034238818,30.0,0.065,30.0,0.060775,0.001155,0.0424705,0.000919432471364365,0.1133697857389328,0.000811330451786289,0.10472969870988764,0.0008100695111085337,0.0969189629102408
115525206331954143666493722927087528093139997441327992335107710676655034238818,14.0,0.125,14.0,0.109375,0.0011049999999999999,0.006320500000000001,0.0005811501694273389,0.14196550739254662,0.0005497345879966553,0.15406582836499857,0.0005959839100324354,0.15570102415989645
82898292053233796019218455463083153847413990945759207495147091875359141826965,30.0,0.1,30.0,0.09000000000000001,0.0003250000000000004,0.007225000000000001,0.0011293450334992484,0.14857520669157076,0.0010225224261406186,0.1512630175192024,0.0010555165101365132,0.15022284395407381
82898292053233796019218455463083153847413990945759207495147091875359141826965,14.0,0.085,14.0,0.07777500000000001,0.00020000000000000036,0.007225000000000001,0.0005148573209698241,0.10191604535876593,0.000473201533739381,0.10745408064824119,0.0005109084947845814,0.10643919590465938
82898292053233796019218455463083153847413990945759207495147091875359141826965,7.0,0.075,7.0,0.069375,0.00010000000000000018,0.007225000000000001,0.00022089139010950494,0.09295136584815004,0.00019279110999677454,0.08746793860869434,0.0002294511293617788,0.09793793378154941
82898292053233796019218455463083153847413990945759207495147091875359141826965,3.0,0.085,3.0,0.07777500000000001,0.0,0.007225000000000001,9.759966641640223e-05,0.09056707247952162,7.965232016039352e-05,0.10485175289244615,8.608234972106945e-05,0.10393929740937961
87454787582145370245918768733918745779368258596964798398674915534231998102607,14.0,0.645,14.0,0.22897499999999998,0.0007500000000000013,0.07209850000000001,0.000776340899628903,0.2342776805336978,0.0005371645519495181,0.2352097105615281,0.0007325139183625276,0.23316978627664778
87454787582145370245918768733918745779368258596964798398674915534231998102607,7.0,0.57,7.0,0.2451,0.00012500000000000022,0.06629850000000001,0.00037203796916523556,0.24837472125042281,0.0002745745284249052,0.24990546273443648,0.00034703466774966565,0.24517410214427066
20711712249150321157795601497215041391110941115936195153840232714660517617341,30.0,0.068,30.0,0.063376,0.00104625,0.0011022500000000001,0.0008914383442906515,0.11232059969118645,0.0008980151686930377,0.11616403593829418,0.0008741312301290527,0.10356678977314644
20711712249150321157795601497215041391110941115936195153840232714660517617341,14.0,0.0865,14.0,0.07901775,0.0008224999999999997,0.0011022500000000001,0.0005108082067509419,0.12074136904739272,0.0004820960805276203,0.10939816347307964,0.0005156902233994624,0.10468317398145179
20711712249150321157795601497215041391110941115936195153840232714660517617341,7.0,0.056,7.0,0.052864,0.0005267499999999998,0.0011022500000000001,0.0002110708504778254,0.0929081298171688,0.0001982424189465568,0.07300602827004748,0.0002002475073286475,0.07830591428551203
99787107393065498256888522570939526464960671564345515510320748534859284179297,30.0,0.095,30.0,0.08597500000000001,0.0015235000000000001,0.0006504999999999999,0.0011175431019889907,0.1522486192556714,0.0009607523119471547,0.11800494355480598,0.0010723062272518119,0.14729314841065957
99787107393065498256888522570939526464960671564345515510320748534859284179297,14.0,0.055,14.0,0.051975,0.0009235000000000001,0.0006504999999999999,0.00037917738949709996,0.0803716340606662,0.0003808576411879147,0.0837926962044914,0.00037419719981465565,0.08625394991375492
104456139479135225127111608741573159497960002887473302549932016785308842097309,14.0,0.465,12.0,0.24877499999999997,0.0006,0.255425,0.0006791790984173547,0.24925387854210324,0.00045119166547735685,0.2537859108552771,0.0006010628508724353,0.25052727202452835
104456139479135225127111608741573159497960002887473302549932016785308842097309,7.0,0.515,7.0,0.249775,0.00030000000000000057,0.255025,0.0003983279000073027,0.24986385337222866,0.0002597906075276096,0.25012540866914235,0.0003626787018444799,0.2491617227021347
104456139479135225127111608741573159497960002887473302549932016785308842097309,3.0,0.505,3.0,0.249975,0.00020000000000000036,0.255025,0.00017015355134937998,0.2504676308140392,0.00011780276503693767,0.250768764873001,0.00012430439361188917,0.24989728491491722
83927624320717567322293360465565771333925478452952852805782756307712776908686,14.0,0.3,10.0,0.21,0.0008749999999999976,0.17327500000000004,0.0004748897502944667,0.21662377732143576,0.0003870328308732891,0.21277422103304144,0.0004854025311712681,0.2172567113097186
83927624320717567322293360465565771333925478452952852805782756307712776908686,7.0,0.27,7.0,0.1971,0.0005249999999999981,0.17327500000000004,0.00033727163209983514,0.19473537305193425,0.00026692716930464856,0.2062953344884337,0.00034321909632811976,0.2026020791604596
83927624320717567322293360465565771333925478452952852805782756307712776908686,3.0,0.355,3.0,0.22897499999999998,0.0003999999999999985,0.15802500000000003,0.00017746027376840063,0.22689993405369208,0.0001180830519744488,0.23059161170421422,0.0001391994996061108,0.23149883501169943
11015470973684177829729219287262166995141465048508201953575582100565462316088,30.0,0.425,30.0,0.24437499999999998,0.0014759999999999984,0.1855335,0.0015458508587202064,0.24878328517161538,0.0011107337825555772,0.2568100952291006,0.0015388418099833779,0.2481933623313205
11015470973684177829729219287262166995141465048508201953575582100565462316088,14.0,0.365,14.0,0.231775,5.100000000000009e-05,0.1829085,0.0007960671787584829,0.240748148754744,0.0005178675295332945,0.23688454328783023,0.0007271641756582334,0.2361743488564334
69236923620077691027083946871148646972011131466059644796654161903044970987404,30.0,0.4835,30.0,0.24972774999999997,0.0019317500000000007,0.186928,0.0016062225035422468,0.25411804598454496,0.0011894376319485608,0.26523392957553166,0.0016056134101938577,0.25242266479248393
69236923620077691027083946871148646972011131466059644796654161903044970987404,14.0,0.3515,14.0,0.22794775,0.0008279999999999988,0.18282675,0.0007261749811331589,0.2323454319915286,0.0005344209761645121,0.23242179760059758,0.0006832482474143151,0.2371560202147944
69236923620077691027083946871148646972011131466059644796654161903044970987404,7.0,0.3345,7.0,0.22260975,0.0006534999999999992,0.18116174999999998,0.0004114641230245086,0.2257845779378567,0.0002569597760011486,0.22362285840301166,0.00036328669056263474,0.22399786422553525
69236923620077691027083946871148646972011131466059644796654161903044970987404,3.0,0.4415,3.0,0.24657775,9.125000000000016e-05,0.1780825,0.00015087691748481188,0.24772458441230902,0.00011893162640899492,0.24847332116167256,0.00013933816177265595,0.24545039245044653
74069198048322648128071003945440538678674878876167005100658307125655280207518,7.0,0.195,6.0,0.156975,0.00042499999999999965,0.6418499999999999,0.00030373623232566005,0.16316601607814968,0.00021623801746835968,0.1686725542116389,0.0003361948343517258,0.16692508576994988
74069198048322648128071003945440538678674878876167005100658307125655280207518,3.0,0.135,3.0,0.116775,0.0,0.639825,0.00011657314652712963,0.1204584686323663,8.111242292310439e-05,0.12680249193255066,0.00010616013291584357,0.13113107684628406
93455006475081907108315746918317517373733912138143094076782992361190649169417,14.0,0.095,14.0,0.08597500000000001,0.00033075,0.13361425,0.0005427052431593712,0.1332075814248261,0.0005225101722017935,0.13895206473731211,0.0005172112841264398,0.13396923868918323
93455006475081907108315746918317517373733912138143094076782992361190649169417,7.0,0.313,7.0,0.21503100000000003,0.0003245,0.03718949999999999,0.00039595768060690797,0.21377037002916835,0.0002346221747181868,0.21888786992810685,0.00037278343150095054,0.21442305762690247
93028035768667051922048265314277402448038116436790465087445094428651920560329,14.0,0.385,13.0,0.236775,0.0,0.2411005000000002,0.0007295504121666334,0.2358466038855839,0.0004675705385520665,0.24058832932714153,0.0007358071500733215,0.23936166649441332
93028035768667051922048265314277402448038116436790465087445094428651920560329,7.0,0.81,7.0,0.15389999999999995,0.0,0.17152550000000014,0.00035560107576786495,0.15601237208749158,0.00024299078740915413,0.1625059461531951,0.00042072471696937334,0.16474160546545824
93028035768667051922048265314277402448038116436790465087445094428651920560329,3.0,0.725,3.0,0.199375,0.0,0.07615050000000004,0.00017231992266894774,0.19941758441169022,0.00011144723852060064,0.199587998951574,0.00015579164268264374,0.2040652902948309
47380452228751713070322726097676074449505499789775322838989368264459427079864,30.0,0.44,30.0,0.24640000000000004,0.00235,0.725,0.001548754782929965,0.25216990766119124,0.001192991978073933,0.26345905838659006,0.001593681589437428,0.2537696307723062
47380452228751713070322726097676074449505499789775322838989368264459427079864,14.0,0.395,14.0,0.238975,0.0015749999999999985,0.7054,0.0007524538848856897,0.24764784245198507,0.000543559111580015,0.24473557821632444,0.0006690062387669525,0.23678964299143446
47380452228751713070322726097676074449505499789775322838989368264459427079864,7.0,0.325,7.0,0.21937500000000001,0.0010249999999999977,0.7031499999999999,0.0003963321136596,0.21902071009881055,0.00027345519827152515,0.21854573227667243,0.00035376222616353916,0.22228528875337947
47380452228751713070322726097676074449505499789775322838989368264459427079864,3.0,0.24,3.0,0.1824,0.0006249999999999991,0.698825,0.0001649239970226628,0.18576554562857808,0.00010569289339953155,0.18786784584270072,0.00015244512017076144,0.18731113300979282
60364069970854816538565375346194632402591212592647695678862511829703437357316,30.0,0.73,30.0,0.1971,0.000929499999999997,0.17525300000000005,0.00153419278970092,0.2178967767212046,0.001210930997119426,0.21540917790965466,0.0018110330920083988,0.20882609222506004
60364069970854816538565375346194632402591212592647695678862511829703437357316,14.0,0.505,14.0,0.249975,7.949999999999982e-05,0.13612800000000008,0.0007594813026167994,0.24794227485385398,0.0005253544306304795,0.2517740596897532,0.0007093331360397344,0.2514740259715993
82263437028976937938917692119085850534298447420831840197176963793365472027050,14.0,0.63,13.0,0.2331,0.0007499999999999981,0.5396500000000001,0.0007220491323932368,0.234282455245345,0.0004746147123698025,0.2373756639901888,0.0006355102633169907,0.2402053560253302
82263437028976937938917692119085850534298447420831840197176963793365472027050,7.0,0.335,7.0,0.22277500000000003,0.0006499999999999989,0.443825,0.000369035540021519,0.22777094240124274,0.000273080082993068,0.2279599199158153,0.00037555777625016766,0.2207392240919883
82263437028976937938917692119085850534298447420831840197176963793365472027050,3.0,0.375,3.0,0.234375,0.0006499999999999989,0.44222500000000003,0.00015178417354837396,0.2359811346255845,0.00011224352358000383,0.23691870254619718,0.00014353983657113703,0.2361216152122708
99264943841645927657611916237191779527827829197648330694706332978529843235012,14.0,0.67,12.0,0.2211,0.0004000000000000007,0.41925,0.0006390598751567386,0.22864209771662963,0.0004736617419378357,0.21976760246620827,0.0006686730736493299,0.22574397094117035
99264943841645927657611916237191779527827829197648330694706332978529843235012,7.0,0.665,7.0,0.222775,0.0003500000000000006,0.41642500000000005,0.0004077249343752308,0.22538409282329291,0.0002519941741019371,0.2274036839088312,0.00040860803242123435,0.22739272293667015
99264943841645927657611916237191779527827829197648330694706332978529843235012,3.0,0.63,3.0,0.2331,0.00012500000000000022,0.41602500000000003,0.0001899081692639331,0.23582016840401843,0.0001183293736349475,0.2373628260919437,0.00015016835872286245,0.2341618079349316
8447490071089963395442264544330207052705118369414975510775922677277264472371,30.0,0.685,30.0,0.21577499999999997,0.0008500000000000015,0.21199050000000005,0.0016836160771216777,0.2244717482569971,0.00123258870478785,0.2282194664674179,0.001850841558920286,0.23390005920399787
8447490071089963395442264544330207052705118369414975510775922677277264472371,14.0,0.735,14.0,0.194775,0.00030000000000000057,0.20544050000000003,0.0007205162121551719,0.20372675549615757,0.0005652035390331171,0.2063160833799265,0.0007779518537226501,0.20164320630369725
8447490071089963395442264544330207052705118369414975510775922677277264472371,7.0,0.695,7.0,0.21197500000000002,0.0,0.20414050000000003,0.00036957107011658253,0.21406117934636895,0.00029630888319464,0.22000360265276975,0.0003667498942044859,0.2162964034221053
8447490071089963395442264544330207052705118369414975510775922677277264472371,3.0,0.595,3.0,0.240975,0.0,0.1811405,0.00016497976171673902,0.24206647775669482,0.00011536153676003842,0.24205110621721293,0.00013452279741678306,0.2417823725662344
48825140812430902098404528620382945035793471220915259967486864813738884055220,30.0,0.1015,30.0,0.09119775000000001,0.00087125,0.006446499999999999,0.0011106315147748973,0.13898304075526277,0.0009819408312974755,0.13946224304200602,0.0010760390948606983,0.1358897993738281
15308272552483201467369500122306715436923936848615191629346847022852728722224,7.0,0.5,6.0,0.25,5.000000000000009e-05,0.58805,0.0003345261211989481,0.24865525426949095,0.00021542603664233655,0.25417304141617403,0.0002934921519519456,0.2505453998752854
15308272552483201467369500122306715436923936848615191629346847022852728722224,3.0,0.65,3.0,0.22749999999999998,0.0,0.56845,0.00014782674466294385,0.22679135484261664,0.00010735105169897443,0.22787790223431256,0.00013794726175443562,0.22701644406424262
67370320315542783178356704532185575476430897864957357380728466280016657884284,30.0,0.31,30.0,0.21389999999999998,0.0012249999999999967,0.391025,0.0014061006659958325,0.23624420646148672,0.0011181232107220287,0.23132536038089277,0.0015262979390496814,0.23152503529873303
67370320315542783178356704532185575476430897864957357380728466280016657884284,14.0,0.33,14.0,0.2211,0.0010749999999999963,0.390625,0.0007915486960883084,0.2299719051074586,0.0005543480972473343,0.22888056232853288,0.0007223062862742284,0.2281507509913972
67370320315542783178356704532185575476430897864957357380728466280016657884284,7.0,0.345,7.0,0.22597499999999998,0.0008999999999999982,0.390625,0.00039629761102936116,0.229613035411666,0.0002721994637026492,0.22948412051272038,0.00033179936954730506,0.22418847409165457
67370320315542783178356704532185575476430897864957357380728466280016657884284,3.0,0.345,3.0,0.22597499999999998,0.00030000000000000057,0.390625,0.00016255182197467505,0.22569886908930684,0.0001240565458716151,0.22780351711138266,0.00011869277429114202,0.22879320883993834
98844032922437319101394911737945314491718137070365695174573936531276822293943,7.0,0.345,5.0,0.22597499999999998,0.0003250000000000006,0.14335,0.0002841846496310331,0.22882717943788383,0.00019248494382500012,0.22944849217468277,0.00025132461503654094,0.22880482677179217
98844032922437319101394911737945314491718137070365695174573936531276822293943,3.0,0.305,3.0,0.21197500000000002,0.00010000000000000018,0.140325,0.00016609658281198386,0.21490234556404858,9.71567065201464e-05,0.21469755331008256,0.00014992687667414212,0.2115448242419843
99969794444523158222638792918531145371262906249733117976401662588024805483979,7.0,0.69,6.0,0.2139,7.499999999999681e-05,0.33632499999999993,0.000332532380701557,0.21791646274947218,0.0002184905033065344,0.2194661708897506,0.0003094851436404914,0.21666124401456316
99969794444523158222638792918531145371262906249733117976401662588024805483979,3.0,0.685,3.0,0.21577499999999997,0.0,0.33632499999999993,0.00017922565554510134,0.21625114337395573,0.00012161766760990234,0.21603210759002692,0.0001506348835304444,0.2157385683489109
62589992231469350607103323707182050712969903057894536748402684527725808539235,30.0,0.785,30.0,0.16877499999999998,0.0010500000000000017,0.628825,0.0014208397206424716,0.19617138514393667,0.0011089650833077747,0.197227712041785,0.0018033110555573802,0.20151753817814907
62589992231469350607103323707182050712969903057894536748402684527725808539235,14.0,0.365,14.0,0.231775,0.0006000000000000011,0.275675,0.0006955402206517432,0.23250459077799956,0.0005578204483285767,0.23435653208543222,0.0006917461773835316,0.23521117807528705
62589992231469350607103323707182050712969903057894536748402684527725808539235,7.0,0.54,7.0,0.2484,5.000000000000009e-05,0.24115,0.0004139738227114769,0.24890070982053986,0.0002812128581984596,0.24747633274657552,0.00031057136258968114,0.24763171698032996
62589992231469350607103323707182050712969903057894536748402684527725808539235,3.0,0.535,3.0,0.248775,0.0,0.239625,0.0001570747264496139,0.24880267465394426,0.00010712444619100495,0.2506061221639776,0.00011885382207493209,0.2491882821835514
48038769726255111727911351575711335689193149080469324294670182362609298000464,30.0,0.085,30.0,0.07777500000000001,0.001357499999999999,0.141173,0.00097624175206527,0.12505247697716645,0.0009025889675415605,0.13043961476218263,0.0010528527876603256,0.12530394607373607
48038769726255111727911351575711335689193149080469324294670182362609298000464,14.0,0.428,14.0,0.24481600000000003,0.0007577499999999987,0.060906749999999996,0.0007648484691464024,0.2511120681762907,0.0005827035793599018,0.24555787259269224,0.0007056750629726341,0.24549526624391604
48038769726255111727911351575711335689193149080469324294670182362609298000464,7.0,0.082,7.0,0.07527600000000001,0.0004337500000000001,0.00219125,0.00022795209070775182,0.09747635915593886,0.00020004037390851183,0.10904727223772852,0.00026576297240031425,0.11037505943532819
23056089932958374419797522644901592808991002026498053086166940911059008923379,30.0,0.815,30.0,0.15077500000000002,0.0018999999999999933,0.013175000000000003,0.0014455082791954255,0.18794099931808667,0.0011828146524900927,0.19573428451854458,0.0018288830687264717,0.19684785643899746
23056089932958374419797522644901592808991002026498053086166940911059008923379,14.0,0.835,14.0,0.13777500000000004,0.0008750000000000016,0.012550000000000006,0.0006393495136494798,0.16573899381151833,0.0005446425028054524,0.15563069037332727,0.0008795985175317008,0.16094341680642832
23056089932958374419797522644901592808991002026498053086166940911059008923379,7.0,0.855,7.0,0.12397500000000002,0.00012500000000000022,0.012150000000000005,0.0003165711086127394,0.12996411502419147,0.0002488586843694295,0.14250596196434887,0.0003375665462164372,0.14557967745424827
23056089932958374419797522644901592808991002026498053086166940911059008923379,3.0,0.835,3.0,0.13777500000000004,0.0,0.010925000000000004,0.00014730322272196036,0.13986331019897066,0.00011140040770563315,0.14231673699610498,0.00020666272423790338,0.13938290670329023
99581089644756197688783501329166725654583008864074624095412304296206532899683,7.0,0.535,6.0,0.248775,0.00022499999999999707,0.22665,0.00034621197605250284,0.25096300831328633,0.00019717910625200035,0.24872243811480715,0.00031549424289911617,0.24906648170270507
99581089644756197688783501329166725654583008864074624095412304296206532899683,3.0,0.565,3.0,0.245775,0.00019999999999999814,0.226025,0.00016113548802298912,0.24625101355702322,0.0001199269205895093,0.2456549040383689,0.00012226287628885787,0.2469679612445153
12190404864695864093440706459153034641662028135607155352033773152311176452792,14.0,0.37,12.0,0.2331,0.000575000000000001,0.15602500000000002,0.000650688092274677,0.23369485886388588,0.0004346870992295619,0.23657446305842478,0.0005903134719312266,0.2374179247714739
12190404864695864093440706459153034641662028135607155352033773152311176452792,7.0,0.4,7.0,0.24,0.0002250000000000004,0.15602500000000002,0.000379648214487613,0.23809775864607446,0.0002601751007449195,0.24107384671750207,0.00033043132061409463,0.24201694050067465
12190404864695864093440706459153034641662028135607155352033773152311176452792,3.0,0.395,3.0,0.238975,0.00020000000000000036,0.15602500000000002,0.00016400743226667393,0.23994392849920496,0.00010375066277459274,0.2389195113022346,0.00011984179030223486,0.2401212139353236
68339523648891823346525943170923809752656111307494446683897840426837639357923,30.0,0.135,27.0,0.116775,0.0010704999999999985,0.6475485000000001,0.0011200265373397006,0.1591544064141146,0.001026409818691119,0.17237396871414623,0.0010888935618848618,0.16625981134330176
68339523648891823346525943170923809752656111307494446683897840426837639357923,14.0,0.6605,14.0,0.22423975000000002,0.0006204999999999987,0.22088325,0.0007670276099633332,0.22819712514526508,0.0005623375308457194,0.23611686712804253,0.0008084115892837826,0.22919874392258507
68339523648891823346525943170923809752656111307494446683897840426837639357923,7.0,0.263,7.0,0.193831,0.0004092499999999999,0.14482625,0.00032742625249065785,0.1998455947629575,0.00028259426490787314,0.20025696274986793,0.0003677706768192218,0.1909604928263993
68339523648891823346525943170923809752656111307494446683897840426837639357923,3.0,0.0935,3.0,0.08475774999999999,0.0004092499999999999,0.087026,8.169742721704391e-05,0.10214514394086452,7.793076230931984e-05,0.10827040837170727,8.258269418102443e-05,0.11386853394270588
59454896622130760276442490722222126894150925046963444585060045915889624278803,30.0,0.085,30.0,0.07777500000000001,0.00010000000000000018,0.005625,0.0009781697061099475,0.12819254429843435,0.001023729201443033,0.13625824516785146,0.001071162169593069,0.14579007109456613
59454896622130760276442490722222126894150925046963444585060045915889624278803,14.0,0.075,14.0,0.069375,0.0,0.005625,0.00045697398530801953,0.09885149931380105,0.0004390272459121357,0.10138785000572238,0.00044663736901452965,0.1124966488773459
59454896622130760276442490722222126894150925046963444585060045915889624278803,7.0,0.075,7.0,0.069375,0.0,0.005625,0.00022364581008489293,0.09975868862166835,0.0001865382168994213,0.10229615374053744,0.0002521420540832253,0.107097807365454
59454896622130760276442490722222126894150925046963444585060045915889624278803,3.0,0.075,3.0,0.069375,0.0,0.005625,8.603326774336563e-05,0.08791252481024894,7.36769040407732e-05,0.08633234268856885,7.861377585576742e-05,0.09470473735001045
44094268848845008094631477565797455047653830288316821355090380872279581304983,7.0,0.625,7.0,0.234375,0.00020000000000000036,0.17262500000000003,0.00039005369998882885,0.23608420950541872,0.00023858088067971094,0.23036064104843235,0.00031231904373862793,0.23697320068378988
44094268848845008094631477565797455047653830288316821355090380872279581304983,3.0,0.595,3.0,0.240975,0.00010000000000000018,0.17222500000000002,0.00015440621665499332,0.2393381008796549,9.592581457283024e-05,0.24189133006440472,0.00013031327630531474,0.24081271915023258
100888715192521510603930570194563886380468738904819671385104481676838784371186,30.0,0.365,21.0,0.231775,0.0002750000000000005,0.32738549999999994,0.0010381631161330194,0.2375544908949525,0.0008503965072072325,0.24375703037100557,0.001111528973842277,0.23850447859300627
100888715192521510603930570194563886380468738904819671385104481676838784371186,14.0,0.43,14.0,0.2451,0.00015000000000000029,0.3244854999999999,0.000743375278271174,0.24763054177503943,0.0005367837598806112,0.25287768082982715,0.0007210688868960172,0.24554019302526162
100888715192521510603930570194563886380468738904819671385104481676838784371186,7.0,0.43,7.0,0.2451,0.00010000000000000018,0.32268549999999996,0.00039239310561646907,0.24750066629660006,0.00030868262678576967,0.25067116078204166,0.00034589900992763287,0.24560202348407473
100888715192521510603930570194563886380468738904819671385104481676838784371186,3.0,0.425,3.0,0.24437499999999998,0.00010000000000000018,0.31866049999999996,0.00016586452037616043,0.24432173889921016,0.00010696499052871893,0.2450953676709348,0.00011684796959913265,0.24425499099505296
91737931954079461205792748723730956466398437395923414328893692961489566016241,30.0,0.194,30.0,0.156364,0.00042399999999999936,0.18146900000000005,0.001282385590881997,0.18746774120388904,0.0011273897409976043,0.19786417473205106,0.0012565464061559909,0.19707858355359484
91737931954079461205792748723730956466398437395923414328893692961489566016241,14.0,0.463,14.0,0.24863099999999996,0.00023124999999999914,0.13999025,0.000785468750894546,0.2505670891700229,0.0005378161836534615,0.2509747830371349,0.0006932902644496147,0.2506249241825774
91737931954079461205792748723730956466398437395923414328893692961489566016241,7.0,0.683,7.0,0.21651099999999998,0.00011399999999999799,0.09610000000000003,0.00037032215596534234,0.219659705852219,0.00025858819053388156,0.22064805631383075,0.00039197358326092393,0.21974610981676512
91737931954079461205792748723730956466398437395923414328893692961489566016241,3.0,0.6815,3.0,0.21705775,0.0001072499999999977,0.09610000000000003,0.00015966479917615958,0.2174069277024197,0.00010483144239009855,0.21802547135230432,0.00012507771797279837,0.21692097987800182
46060332617416305578424603480069880757769469386794796089597955062388843733391,14.0,0.485,12.0,0.249775,2.5000000000000045e-05,0.1606595,0.0006758440226101672,0.25184303853377527,0.0004694846475309228,0.2550718693446554,0.0006269581843628306,0.24990125040956612
46060332617416305578424603480069880757769469386794796089597955062388843733391,7.0,0.095,7.0,0.08597500000000001,0.0,0.061634499999999995,0.00024544659793462653,0.11922275760532142,0.0002330264524274471,0.11054038436502445,0.0002708804616935622,0.10291448616758146
87769991026114894163580777793845523168226980076553814689875238288185044414090,30.0,0.725,30.0,0.199375,0.0010000000000000018,0.1916145,0.0014681191060350995,0.22051257852178208,0.0011340195475043001,0.21948504083358664,0.0017938933019088403,0.22780062772191897
87769991026114894163580777793845523168226980076553814689875238288185044414090,14.0,0.845,14.0,0.130975,0.0008000000000000014,0.0038144999999999997,0.0006704902510954165,0.1526226943299264,0.0005250712668565609,0.1514261364822701,0.0009413546467202868,0.14911071592123737
87769991026114894163580777793845523168226980076553814689875238288185044414090,7.0,0.915,7.0,0.07777499999999997,0.0004000000000000007,0.002514499999999997,0.00024135116521444198,0.11974360002931539,0.00020799592793819543,0.11690765544332374,0.00033858549438814655,0.11752537361645125
87769991026114894163580777793845523168226980076553814689875238288185044414090,3.0,0.925,3.0,0.06937499999999996,0.00010000000000000018,0.0021144999999999966,8.627996175480143e-05,0.07666931561563917,8.677742604184267e-05,0.07202390405427897,0.00013603669008855926,0.0853557026299497
108233603819467706476318984012158651931658302669301887462181073562758483842092,30.0,0.1605,30.0,0.13473975000000002,0.0017494999999999982,0.16287125000000002,0.0012472442207857482,0.18685978365138106,0.0010904249220768125,0.18236600366808678,0.0011955686421384617,0.1632943601395886
108233603819467706476318984012158651931658302669301887462181073562758483842092,14.0,0.3285,14.0,0.22058775,0.0008094999999999987,0.15632525000000003,0.0007063895917634039,0.2231318914059382,0.0005551748151642703,0.222864320494458,0.0007280715964134044,0.22861409556679235
108233603819467706476318984012158651931658302669301887462181073562758483842092,7.0,0.3305,7.0,0.22126975000000002,0.00035900000000000065,0.15516525,0.00037457304374689695,0.22856602307140764,0.0002503048355345434,0.2206726094194346,0.0003576380982527723,0.22215225928022697
108233603819467706476318984012158651931658302669301887462181073562758483842092,3.0,0.3845,3.0,0.23665974999999997,1.700000000000003e-05,0.15132125000000002,0.0001890796316133974,0.2350660588143632,9.969933378601425e-05,0.23604664890676666,9.381317587670214e-05,0.23688414484221718
2694081799230126248390481278428339045407855745003801650934516740692014238329,14.0,0.5,13.0,0.25,0.0006749999999999968,0.07572500000000001,0.0007128518289214929,0.2535563778832319,0.0005137087779061181,0.25319967490629564,0.0006487392351458902,0.25023506381781285
2694081799230126248390481278428339045407855745003801650934516740692014238329,7.0,0.815,7.0,0.15077500000000002,0.00015000000000000026,0.027625000000000014,0.0003680358656815712,0.15070933802409978,0.0002806106371261424,0.16125428355703497,0.0004022794606854422,0.17040907057730917
2694081799230126248390481278428339045407855745003801650934516740692014238329,3.0,0.83,3.0,0.14110000000000003,2.5000000000000045e-05,0.027225000000000013,0.0001579438532884727,0.1498461034889381,0.0001221276045868232,0.14295094485817994,0.00018377565528390966,0.1465809258318939
104303061069761530141286184782689245392962262402823251954688251388788988255858,7.0,0.855,6.0,0.12397500000000002,5.000000000000009e-05,0.113925,0.00022120019608299276,0.14201945935214258,0.0001879973167235016,0.14624208501792166,0.0002665308394527744,0.13867355750202173
104303061069761530141286184782689245392962262402823251954688251388788988255858,3.0,0.68,3.0,0.2176,0.0,0.08670000000000001,0.00015310716677833063,0.21897168942988368,0.0001094824993062346,0.21655755180260214,0.00012577074490713834,0.21774455980270516
51257360890405284767626377813203350485964944311762924783134874314019606720628,7.0,0.635,6.0,0.231775,0.00020000000000000036,0.4166805000000001,0.0003219937817568347,0.23529731693882291,0.00020367311453015093,0.233214948446041,0.0002578243140175538,0.2356602899841017
51257360890405284767626377813203350485964944311762924783134874314019606720628,3.0,0.605,3.0,0.238975,0.00010000000000000018,0.4162805000000001,0.00017348217981677841,0.24062035378265414,0.00010384919449076666,0.24072061832152492,0.00013955196432363068,0.24013082921363002
104201537546898498919256999408073152686883476733748873218254333451674956346329,30.0,0.255,30.0,0.189975,0.0015749999999999968,0.262178,0.0013769021347248588,0.19877159759872945,0.0011321171586638546,0.21299689106367192,0.0013551455822394217,0.21560600090152093
104201537546898498919256999408073152686883476733748873218254333451674956346329,14.0,0.415,14.0,0.24277499999999996,0.0005999999999999989,0.181553,0.0007459990041052183,0.2471195870419271,0.0005491820782057671,0.2494313995031009,0.0006776423387995095,0.24199179518864106
104201537546898498919256999408073152686883476733748873218254333451674956346329,7.0,0.295,7.0,0.20797500000000002,0.00010000000000000018,0.147303,0.00034456535594729575,0.21373412280598764,0.00027064977995986934,0.2112263457709274,0.0003425999689125675,0.21718429325253033
104201537546898498919256999408073152686883476733748873218254333451674956346329,3.0,0.265,3.0,0.194775,0.0,0.14105299999999998,0.0001709235629316086,0.1975166635223559,0.00012747154146236264,0.19855664348496277,0.00016120975357557823,0.19991168914474666
10921483371051091273077954303412266928007360504247036185229699437747894049969,30.0,0.31,30.0,0.21389999999999998,0.001849999999999998,0.31630050000000004,0.001346544824445129,0.2280120243715505,0.0011341736047718555,0.22200866333268288,0.0015792626363687744,0.23129028053677309
10921483371051091273077954303412266928007360504247036185229699437747894049969,14.0,0.315,14.0,0.21577500000000002,0.0005749999999999993,0.3099005000000001,0.0006988817469603919,0.20996548804506407,0.0005418482845641631,0.22267171155539525,0.0006559534556585765,0.21181842086228136
10921483371051091273077954303412266928007360504247036185229699437747894049969,7.0,0.38,7.0,0.2356,7.500000000000014e-05,0.30927550000000004,0.0003865406714357135,0.23358555916017681,0.00028694956170777165,0.23819113675575346,0.0003848745478259472,0.23661526154535742
10921483371051091273077954303412266928007360504247036185229699437747894049969,3.0,0.34,3.0,0.2244,0.0,0.30805050000000006,0.00016793296203450548,0.22439630373501157,0.00011755261734047876,0.22397428744190045,0.00013470624252087917,0.22476589381597165
61211199009850659437097329968336500341695370512799422911434231740081805092088,30.0,0.15,28.0,0.1275,0.0007632499999999996,0.004866249999999999,0.0011493250201482493,0.17988348535493828,0.0009957253595183604,0.17104503180285782,0.0011191193845231783,0.17259509876972742
17308554830612181239994496683403599194797416212972952180907211596081025105494,14.0,0.535,13.0,0.248775,0.00045000000000000075,0.16522050000000008,0.0007101196893370559,0.24940023500143751,0.0005162015819678392,0.24865431347837252,0.000667685393457551,0.24964530702239204
17308554830612181239994496683403599194797416212972952180907211596081025105494,7.0,0.535,7.0,0.248775,0.00020000000000000036,0.16522050000000008,0.00040843978361053407,0.25078156729458023,0.0002579052629116868,0.252184539732942,0.00029216087239289015,0.24782580815150682
17308554830612181239994496683403599194797416212972952180907211596081025105494,3.0,0.585,3.0,0.24277500000000002,0.00010000000000000018,0.16362050000000009,0.00015387965175948205,0.24451390504462803,0.00012515618673094396,0.24289748687444593,0.00011705190023003364,0.2432040132556076
10595435330583216668802170375054104299872100211795959747742190362766254334693,3.0,0.475,3.0,0.24937499999999999,0.0,0.2751005000000001,0.00016664218347655857,0.24907572090848704,0.0001348976996060648,0.2494777895727028,0.0001375372823015634,0.24939619775796312
1558773458881829509791065143596154799682035256543521797575065685839455307034,30.0,0.21,30.0,0.1659,0.0009249999999999981,0.046224999999999995,0.0012381889790487165,0.1911152269514323,0.0011711025712927091,0.21247637154488389,0.0012455749652300141,0.1989774998606512
1558773458881829509791065143596154799682035256543521797575065685839455307034,14.0,0.205,14.0,0.162975,0.00029999999999999943,0.046224999999999995,0.00055699630849574,0.18483074560001803,0.0005200867498143583,0.17568667213798939,0.0005610055114089103,0.1861062171541545
1558773458881829509791065143596154799682035256543521797575065685839455307034,7.0,0.205,7.0,0.162975,0.00010000000000000018,0.046224999999999995,0.00033709013442150785,0.16876836978192955,0.00026725024731848,0.16809234881102383,0.00033884409711814695,0.1674094167586637
1558773458881829509791065143596154799682035256543521797575065685839455307034,3.0,0.215,3.0,0.168775,0.0,0.046224999999999995,0.0001520050759998835,0.17890834464218755,0.0001127786710449644,0.17215609360092196,0.00015977258277043545,0.1727421610307777
77518378965462564313001429492317143172336530916873779936423468989259307889175,30.0,0.08,30.0,0.0736,0.00052575,0.005738250000000002,0.0009777065243209552,0.12032813939301132,0.0008653945533990751,0.11800357390498516,0.0009595834970136613,0.10812343278077616
47628942075360533490050615039336250156087545147291100999521864034949358169145,7.0,0.39,6.0,0.2379,4.7000000000000085e-05,0.4853975,0.0003315620830521637,0.23934990606234552,0.00023201564327004142,0.24108792528882236,0.00028560714598194767,0.239183027924809
11928031020017926253137048266138060552390028298132003645967202754777540403459,30.0,0.135,30.0,0.116775,0.0014044999999999995,0.019358500000000004,0.0012346458812295747,0.15402521526538573,0.0011084343371571114,0.17492987353912925,0.0012226519086710502,0.1570899951244856
11928031020017926253137048266138060552390028298132003645967202754777540403459,14.0,0.155,14.0,0.130975,0.0008545000000000001,0.019358500000000004,0.0005473938972174397,0.1604925566609486,0.0005238356983774194,0.1449493541178829,0.0005160309866791743,0.15516916479736761
70700057183383598906691442221231569482859652786078566590114262794666826152942,30.0,0.23,30.0,0.1771,0.0008717500000000001,0.35896474999999994,0.0013438934062344734,0.20874184984328029,0.0011304347381637624,0.21107465195869904,0.0013219913186050176,0.20479130628288147
70700057183383598906691442221231569482859652786078566590114262794666826152942,14.0,0.1225,14.0,0.10749374999999999,2.825000000000005e-05,0.3316184999999999,0.0006138283158089234,0.13831963759473967,0.0005501044442629479,0.1467922747008539,0.0005557206362579964,0.1590301623406276
70700057183383598906691442221231569482859652786078566590114262794666826152942,7.0,0.1295,7.0,0.11272975,1.2250000000000022e-05,0.31752649999999993,0.00028864736378778663,0.133122220157837,0.0002509279727986647,0.1429502409706616,0.0003355308866670144,0.14897365221832934
70700057183383598906691442221231569482859652786078566590114262794666826152942,3.0,0.324,3.0,0.219024,0.0,0.27293749999999994,0.00013428965592312783,0.22188107144418803,0.00011639766270831,0.2191679771174416,0.00014598803620989007,0.218062854578639
86532936246759869909563954733130420453288003695560964566482181231108253829977,7.0,0.385,5.0,0.236775,0.0,0.148225,0.00026684404776491943,0.24040147156977545,0.00019552233179647376,0.2411650912161654,0.00026141684898460727,0.2389101887349907
86532936246759869909563954733130420453288003695560964566482181231108253829977,3.0,0.385,3.0,0.236775,0.0,0.148225,0.00017979961313281429,0.24000543927780865,0.00011471145019541681,0.2354534684682377,0.00012731708112728038,0.23841831351958953
70397070945080281371503368041633716131190827582594191712463794311321843229891,3.0,0.515,3.0,0.249775,0.00010000000000000018,0.29832499999999995,0.00017763766495154141,0.2494008905443796,0.00012239608066527544,0.24966522782624265,0.00010957155844914398,0.2508479684052072
1053697017401072331517873943000159665286188444438499834342450614809920055961,30.0,0.485,30.0,0.249775,0.0010500000000000019,0.2875249999999999,0.0016125925527624208,0.2528019968136794,0.0012356103777585975,0.2550233080067868,0.0016111033854596115,0.2549433642381618
1053697017401072331517873943000159665286188444438499834342450614809920055961,14.0,0.475,14.0,0.24937499999999999,0.0004000000000000007,0.2875249999999999,0.0007447842593898761,0.2513254842901865,0.0005369184419453431,0.2557441024421568,0.0006921211699262289,0.2481106804009484
1053697017401072331517873943000159665286188444438499834342450614809920055961,7.0,0.495,7.0,0.249975,0.00020000000000000036,0.2871249999999999,0.00038565394780718296,0.2529936115757445,0.00027650771771661124,0.25320892561467867,0.0003378618947660582,0.24995889764127
1053697017401072331517873943000159665286188444438499834342450614809920055961,3.0,0.495,3.0,0.249975,0.00020000000000000036,0.2871249999999999,0.00015175087035010088,0.2508824893743282,0.00012000590372690363,0.2510821424696127,0.00011581802198210541,0.25028693939565777
105013091778266173651975516765227334831867629616359140440967581697833119778405,7.0,0.055,7.0,0.051975,0.0002082500000000001,0.00153325,0.00018660362862600908,0.0724672458026791,0.00017423129731506878,0.07043697650053922,0.00022283125184195945,0.08245875587510981
26963939649322789349727688217808483900531309170844444429623426186547291349164,3.0,0.055,3.0,0.051975,2.5e-07,0.00297125,7.936122814839051e-05,0.0718950239101499,7.089799810548897e-05,0.06415608019263566,6.561825936530544e-05,0.06802509624843743
12543071273398745069375249451965314920040978384485189026440480252129098460445,3.0,0.335,3.0,0.22277500000000003,0.00019999999999999925,0.141025,0.00017185992293178247,0.22531850212497734,0.00010226005302484135,0.22400173549922087,0.00015255950321234202,0.22315744916393931
112975580596555645660828369924271167069996118403948058625904606487103662169286,7.0,0.35,6.0,0.22749999999999998,2.5000000000000045e-05,0.35512499999999997,0.00032625128630949326,0.22709976709029384,0.00024365279875643832,0.23020894626548732,0.0002942005081088001,0.22919746274742495
112975580596555645660828369924271167069996118403948058625904606487103662169286,3.0,0.355,3.0,0.22897499999999998,0.0,0.34662499999999996,0.00018760117538554527,0.229606326998089,0.0001061832130535752,0.2329704203524976,0.00013865638336342436,0.22781331048758013
26208742573420406262318661661944845485925536996268070025890012912394734994313,7.0,0.52,6.0,0.2496,0.0,0.22890000000000005,0.0003028119840292881,0.25096040641500134,0.00024052640885619436,0.25065155409284545,0.0002735100099719724,0.24978105912337456
26208742573420406262318661661944845485925536996268070025890012912394734994313,3.0,0.64,3.0,0.2304,0.0,0.046650000000000004,0.00015917021229503275,0.2298763668308544,0.00010363076887771265,0.23455096499502454,0.0001446301194877931,0.2296547050276745
27118005682285918993655007097581489752967238777541949407788676156434813461406,14.0,0.71,11.0,0.20590000000000003,0.00024999999999999713,0.07575000000000001,0.0006052128271106738,0.20983013090333175,0.000420002223490415,0.21766332325391757,0.0005811705292537276,0.21329699052201734
27118005682285918993655007097581489752967238777541949407788676156434813461406,7.0,0.655,7.0,0.22597499999999998,2.5000000000000045e-05,0.053100000000000036,0.0004200110888386493,0.22653307416244206,0.0002660006359842609,0.22825731359915555,0.0003309483217761977,0.22569823621456095
27118005682285918993655007097581489752967238777541949407788676156434813461406,3.0,0.715,3.0,0.203775,2.5000000000000045e-05,0.03715000000000001,0.00018245260497491453,0.20344569736599336,0.0001017084202347214,0.20821102851656995,0.00013332953607616944,0.2068716748264139
38906019882941305549924338709712194924147767938577734164541871741740453481314,30.0,0.18,30.0,0.1476,0.00039825,0.06907525000000002,0.001234164589204477,0.17734500200222666,0.0011178669337048336,0.18355447935820016,0.0012392982865466994,0.17404856755615153
51052158557761079600060821198344572146234634299666295420235183322360518805559,30.0,0.137,30.0,0.118231,0.0009922499999999981,0.07383275,0.001256289667508824,0.16315206253561138,0.0011071738153534795,0.16810775255065566,0.001124457335339472,0.15476121982125793
51052158557761079600060821198344572146234634299666295420235183322360518805559,14.0,0.155,14.0,0.130975,0.0005607499999999986,0.06861625,0.0005482707932798716,0.15446293998535818,0.000514835621873676,0.15042015100938017,0.0005494258313002863,0.15198800868339554
51052158557761079600060821198344572146234634299666295420235183322360518805559,7.0,0.2345,7.0,0.17950975,0.0003372499999999995,0.063504,0.0003186238835190629,0.18474985862910662,0.0002446646413403484,0.18520852020631623,0.00035736382169191256,0.19122919456150342
51052158557761079600060821198344572146234634299666295420235183322360518805559,3.0,0.2455,3.0,0.18522974999999997,8.675000000000016e-05,0.063504,0.0001807520264089834,0.18706551646282807,0.00012889726633248913,0.18630272752036106,0.0001649216312714325,0.18620385113800025
91234452361450605263734013436205650165110345459845371466629272470861583403438,30.0,0.7,30.0,0.21000000000000002,0.001075000000000002,0.3410749999999999,0.0015448672492399118,0.22755488530769125,0.0011567011812741131,0.224462163067859,0.0018028052644223774,0.22474079417810736
91234452361450605263734013436205650165110345459845371466629272470861583403438,14.0,0.545,14.0,0.247975,0.0003250000000000006,0.3290499999999999,0.0007507188385811583,0.2537208734453632,0.0005510190274578732,0.25438515724723737,0.0007140926025148148,0.24819949955232623
91234452361450605263734013436205650165110345459845371466629272470861583403438,7.0,0.615,8.0,0.236775,0.0,0.32262499999999994,0.00043476998428473244,0.237090339838328,0.00029664984984854474,0.24079020179097163,0.000415277892713015,0.23795011395102939
2916184120206223749839849644877707470354946028257066951797428049170871002238,30.0,0.545,20.0,0.247975,0.0004999999999999964,0.14194050000000005,0.0010454271408075083,0.2499548043181524,0.0007920033494906342,0.2534754393448828,0.0010572079763527752,0.24910221313448624
2916184120206223749839849644877707470354946028257066951797428049170871002238,14.0,0.585,14.0,0.24277500000000002,0.0,0.11784050000000006,0.0007585798499068991,0.24775925959710235,0.0005310057785132341,0.24853817020794358,0.0006777515772029989,0.2467182544175248
2916184120206223749839849644877707470354946028257066951797428049170871002238,3.0,0.915,4.0,0.07777499999999997,0.0,0.007140500000000004,0.00012153022280754266,0.09461707444061655,8.985852113584363e-05,0.09432445001748374,0.00013188931377430268,0.09552037458841844
112153211444214182757126683681310695535349495723244421328848029931818025518629,30.0,0.45,24.0,0.24750000000000003,0.0003550000000000006,0.4111825,0.0012827791140057015,0.25089649942872017,0.0009626401699700714,0.25287650167494635,0.0012512243712266668,0.2495689050744586
112153211444214182757126683681310695535349495723244421328848029931818025518629,14.0,0.28,14.0,0.2016,0.0003550000000000006,0.3001325,0.0006744565136495359,0.2090475204417792,0.0004971060446585893,0.20812811920212235,0.0006153522816632532,0.22181404928233703
112153211444214182757126683681310695535349495723244421328848029931818025518629,7.0,0.29,7.0,0.20589999999999997,0.00010500000000000018,0.2766825,0.00034039248028423785,0.2114060639007957,0.0002729835607164222,0.20993194878835897,0.00031921494187483004,0.21258667339943713
112153211444214182757126683681310695535349495723244421328848029931818025518629,3.0,0.61,3.0,0.2379,5.00000000000001e-06,0.14938250000000006,0.0001733943843605077,0.23871317537316514,9.534316884575389e-05,0.2372427624074809,0.00012750638021151288,0.23895033138822058
36643047225189469190068212393904745176240816631049750999888447761608101920578,7.0,0.23,6.0,0.1771,0.00014999999999999944,0.0157,0.000295167718590969,0.18811288955777472,0.00022692655329941395,0.18366769192057908,0.0003281581514341851,0.18094656604333342
36643047225189469190068212393904745176240816631049750999888447761608101920578,3.0,0.18,3.0,0.1476,2.5000000000000045e-05,0.013674999999999998,0.0001586131815238243,0.14969926641568324,0.00012395131605869277,0.14886235622248767,0.00016904995978884736,0.14978786476861553
105380710319219548188594046710794363499323064518536543163199899276420761553487,30.0,0.69,30.0,0.2139,0.0012772500000000023,0.5235067500000001,0.001706364734562088,0.22236851111245456,0.001151364389535814,0.23269572079073655,0.0017798396103897137,0.22266137980083833
105380710319219548188594046710794363499323064518536543163199899276420761553487,14.0,0.83,14.0,0.14110000000000003,0.00010225000000000002,0.50893175,0.0006478755070403577,0.15126277908419503,0.0005228541177134598,0.15812744140788257,0.000923560719890173,0.15040940146355433
105380710319219548188594046710794363499323064518536543163199899276420761553487,7.0,0.8445,7.0,0.13131974999999999,2.2499999999998374e-06,0.32788649999999997,0.0002962550206165482,0.14247931896161403,0.00026147708575222095,0.14931794130285295,0.00035577804216637836,0.14715694610303623
105380710319219548188594046710794363499323064518536543163199899276420761553487,3.0,0.7425,3.0,0.19119374999999997,0.0,0.31855124999999995,0.0001500382725661989,0.19175835613980638,0.000122818301791519,0.19145395366478785,0.0001441400997200899,0.18779373236792846
18090371995005962964870770014239431407955356239628344359330584802814169400874,7.0,0.135,6.0,0.116775,0.0003545,0.0112695,0.00021288567983089295,0.1432161918086969,0.0001969682915423119,0.13867920053654678,0.0002510640729494615,0.14728530276192286
55431365095618950328279569261124131160597839257131415672518008417150868508529,30.0,0.095,30.0,0.08597500000000001,3.850000000000005e-05,0.005730500000000001,0.0010599399126756353,0.1422779116112069,0.00104428078784777,0.1541845065214558,0.0011565147298571654,0.14205328323559444
47173187182019446809795088129096017872350832375022512158090355269946908045156,7.0,0.33,6.0,0.2211,0.0003250000000000006,0.128675,0.00031740755411775186,0.22062454972472928,0.00024386305673022152,0.22398795974357286,0.0002976079883607383,0.22206785362153286
47173187182019446809795088129096017872350832375022512158090355269946908045156,3.0,0.215,3.0,0.168775,0.0003250000000000006,0.02705,0.00016872596743746523,0.17410078104054583,0.00012646361734337192,0.16815767547451124,0.0001542529758023911,0.17100456906096617
44887169701994335927823089621118076056870238093278517619124422906156550392335,30.0,0.615,30.0,0.236775,0.0004260000000000007,0.115578,0.0015561341490497437,0.23667582854091415,0.0011721317027049663,0.24388232993556203,0.0017776896080786337,0.23535133961605006
86582863442764039699735977419741265869635735642166631514435274464883317069448,30.0,0.495,23.0,0.249975,0.0005749999999999989,0.1819,0.0012556015690014801,0.25329204879348205,0.0009145517013902957,0.2692255983900894,0.0011812578705167852,0.2505802508559804
86582863442764039699735977419741265869635735642166631514435274464883317069448,14.0,0.285,14.0,0.203775,0.0005499999999999988,0.04057500000000002,0.0006762569504970186,0.21740817394234666,0.0005640947161660695,0.20944359583220387,0.0006222184503852481,0.21061432186616255
86582863442764039699735977419741265869635735642166631514435274464883317069448,7.0,0.255,7.0,0.189975,0.0003250000000000002,0.021300000000000003,0.0003431207725726046,0.19562773909016942,0.00024600816713296386,0.20014432622002176,0.0003707047477520219,0.19216237805032996
86582863442764039699735977419741265869635735642166631514435274464883317069448,3.0,0.12,3.0,0.1056,0.0,0.011300000000000001,9.985418038285432e-05,0.12501467812224573,9.317341008103275e-05,0.12347541953972462,9.46302915912672e-05,0.11409800663744903
76150025241705071715660741383746313361341926806422361774139695469030476859782,7.0,0.625,5.0,0.234375,0.00030000000000000057,0.10012499999999996,0.00026639363858315784,0.23775485026248858,0.000197896797240168,0.23754012938612143,0.00023591207293930438,0.23340563736807296
76150025241705071715660741383746313361341926806422361774139695469030476859782,3.0,0.645,3.0,0.22897499999999998,0.00010000000000000018,0.10012499999999996,0.0001637493269640998,0.22844922786329216,0.00010352168110352188,0.2353890595030327,0.0001387480935489455,0.23053445715987145
61307174745343826105381155328818841321097085669107501488931143161146416325701,30.0,0.3705,30.0,0.23322974999999999,0.0005597500000000023,0.3784734999999999,0.0015229796900025,0.2343403324496075,0.0011060770044807747,0.24720525241688043,0.0014964248200412635,0.24048040054312422
61307174745343826105381155328818841321097085669107501488931143161146416325701,14.0,0.866,14.0,0.11604400000000001,0.0002457500000000018,0.007127250000000006,0.0006536836198004323,0.1505957946998733,0.0004769695550188543,0.1583482865314623,0.0008504866854410187,0.1378861775073964
15711724989187675365322421438396587654238062599131070048873290177037292338695,14.0,0.375,12.0,0.234375,0.00035899999999999994,0.8245075000000002,0.0006539386398738074,0.23465330024797304,0.0004666569068806284,0.2338153081813369,0.0005789471076126904,0.2387596526495161
15711724989187675365322421438396587654238062599131070048873290177037292338695,7.0,0.1,7.0,0.09000000000000001,0.00025900000000000006,0.7858825000000002,0.00026967638921477065,0.12482288975501539,0.00021760470762724352,0.1286850151254823,0.0002637831079133116,0.1186436731375958
81438783150792244592328715427303188623453352675284541060677928493725012936568,3.0,0.365,3.0,0.231775,0.00020000000000000036,0.378225,0.0001552451444291914,0.23394752585025458,0.00011391076889206063,0.23494427490653383,0.0001386079124477931,0.23314941987129983
91996015336930456309502144636839874737362252788065316999254667566059707997333,7.0,0.685,6.0,0.21577499999999997,5.000000000000009e-05,0.101875,0.0003315726086892581,0.2206559007120427,0.0002651667228481538,0.2243533662938479,0.00029418295413662023,0.2185713689903963
91996015336930456309502144636839874737362252788065316999254667566059707997333,3.0,0.675,3.0,0.219375,0.0,0.101875,0.0001549857395213374,0.22015324346169493,0.00010980353068643912,0.22004064513725774,0.00012318232437961236,0.22306117812121382
78224102968377054781517098798255693327792151609889102854503491888040635713907,14.0,0.1915,14.0,0.15482775000000001,2.5249999999999658e-05,0.8242065000000002,0.0006376490081404265,0.1836794769699976,0.000521739100666832,0.17983811777293504,0.0005551043987964949,0.1813729601385102
78224102968377054781517098798255693327792151609889102854503491888040635713907,7.0,0.565,7.0,0.245775,1.3000000000000023e-05,0.4397595,0.0003861843659928308,0.24322602349369973,0.0002682738912915126,0.24851413318033067,0.00031660138732399076,0.24492297693011905
78224102968377054781517098798255693327792151609889102854503491888040635713907,3.0,0.363,3.0,0.231231,1.3000000000000023e-05,0.39879250000000005,0.0001674852706642143,0.23215666678212812,9.999561458672347e-05,0.23118539144317865,0.00012063761625605647,0.22839612970809442
1790971926816858923434249332892380360487842724102721934198820945656996137837,30.0,0.235,29.0,0.179775,0.0010622500000000007,0.35877125,0.0012143195139149231,0.20584278412025647,0.0011340857252903377,0.21589256219451666,0.0012769383377621152,0.2067841863041798
1790971926816858923434249332892380360487842724102721934198820945656996137837,14.0,0.73,14.0,0.1971,0.0003372500000000004,0.14277125000000002,0.0007979180971574434,0.20258056617985903,0.0005455749206885234,0.21351040681170286,0.00075698666269563,0.20729986921038943
1790971926816858923434249332892380360487842724102721934198820945656996137837,7.0,0.15,7.0,0.1275,0.0003372500000000004,0.013621250000000003,0.00027007399858219405,0.13560033598814084,0.0002526266795373504,0.14243914360950188,0.0003218368374739025,0.13876636726767302
45415751658241142530386585138386640503488308219341470020075667342738719018629,30.0,0.1005,30.0,0.09039975,0.000624,0.004518250000000001,0.0010804094963829558,0.155168347217937,0.001054760545841899,0.14933065993858502,0.0011299187184937213,0.13569942144266986
45415751658241142530386585138386640503488308219341470020075667342738719018629,14.0,0.0675,14.0,0.06294375,0.0004320000000000001,0.003989250000000001,0.00045537190364116866,0.09268538212916179,0.0003865251447879903,0.09371328005714524,0.0004257848493101031,0.09270448871563826
45415751658241142530386585138386640503488308219341470020075667342738719018629,7.0,0.0635,7.0,0.05946775,0.00016700000000000007,0.00336425,0.00020296723887420711,0.06996572717445047,0.00021119939530964236,0.0795630798404405,0.00019332633617973592,0.08047547720852347
45415751658241142530386585138386640503488308219341470020075667342738719018629,3.0,0.0615,3.0,0.05771775,4.999999999999981e-06,0.00336425,7.881957754441895e-05,0.07506504298050826,6.387059962513353e-05,0.0731683794338669,7.005113847013846e-05,0.07413700045896615
33714788520669769280954321212574588471029548850737990640617719122550413982550,30.0,0.185,30.0,0.150775,0.0017000000000000019,0.024425000000000002,0.0012907473022836723,0.1777931635713437,0.0011349510998276897,0.202740068209119,0.001251277771854466,0.1940940155069064
33714788520669769280954321212574588471029548850737990640617719122550413982550,14.0,0.19,14.0,0.1539,0.000675,0.024025,0.0005285655545880784,0.1627365299428142,0.0004754270070969934,0.17576240108064284,0.0005804150103522223,0.16833539069335207
33714788520669769280954321212574588471029548850737990640617719122550413982550,7.0,0.195,7.0,0.156975,0.0006,0.024025,0.00031671096605587494,0.15466122828353526,0.0002552141632697542,0.1770741014898251,0.00034082303165819367,0.1674562066803651
33714788520669769280954321212574588471029548850737990640617719122550413982550,3.0,0.165,3.0,0.137775,0.00010000000000000018,0.024025,0.0001533870444015013,0.13813296698449887,0.00010672592888468517,0.1434200682652845,0.00015394925967744503,0.1392635443325517
15755897602500678084999185053107302744087609782649016191892564492707301072642,14.0,0.15,14.0,0.1275,0.000225,0.294825,0.0006303373862519814,0.14970709965440177,0.0005283899906119654,0.15216144284623326,0.0005930769460326682,0.16126996432095012
15755897602500678084999185053107302744087609782649016191892564492707301072642,7.0,0.13,7.0,0.1131,0.0,0.2904,0.00028154313922877574,0.14482182068768765,0.00026911254608751934,0.14286451731901276,0.0003053244920997543,0.13957098837565332
15755897602500678084999185053107302744087609782649016191892564492707301072642,3.0,0.31,3.0,0.21389999999999998,0.0,0.26505,0.00015157012352895233,0.2145837200377906,0.00012632174822033035,0.22014036589430588,0.00013953183653226447,0.2165017554259217
64778757908501179476331390591326653229579537200061619395979045269181713848562,30.0,0.635,30.0,0.231775,0.00020725000000000065,0.17621275000000003,0.0016205837362803838,0.23757841206358954,0.0011476797303845382,0.2479577789235244,0.0017136792240128051,0.24013328002948064
64778757908501179476331390591326653229579537200061619395979045269181713848562,14.0,0.615,14.0,0.236775,0.00010725000000000047,0.13906275,0.0007523149736906993,0.23889922157203253,0.0005246415993192129,0.244676804036073,0.0007311429905473021,0.23227401488463736
64778757908501179476331390591326653229579537200061619395979045269181713848562,7.0,0.705,7.0,0.20797500000000002,7.25000000000029e-06,0.12901275000000004,0.00038058142111189975,0.21065088882855612,0.00026069181196439976,0.21453048611342446,0.0003534393460233858,0.2103454983687502
94192784911459194325909253314484842244405314804074606736702592885535642919725,30.0,0.685,30.0,0.21577499999999997,3.850000000000007e-05,0.09090449999999999,0.0015712719530226404,0.2299018721355109,0.0010976185760174998,0.23890771263126923,0.0018346491146095634,0.22472516211622193
76655388229834609277888648020345023678428310920722814543049025341480644906759,3.0,0.455,3.0,0.24797499999999997,0.00010000000000000018,0.6753625,0.00015247702053078853,0.2473426671627149,0.00011284199349018954,0.25137336236974717,0.0001428905728805875,0.24788286626303666
50049642142024617231697970377792489304039200104142714216386619263735691638204,14.0,0.48,9.0,0.2496,5.999999999999999e-06,0.1629995,0.0004940708054058161,0.25274419112328034,0.00035525646881357897,0.2561554142749347,0.00040688284313521,0.24992392253944817
22394952383370073319279436388129856455383574557110247957129631336006498206219,7.0,0.31,6.0,0.21389999999999998,0.0002250000000000004,0.084975,0.0003135366390611715,0.2137382287627783,0.00021707106152837115,0.22171353950309186,0.00026559894491981863,0.217264932389824
22394952383370073319279436388129856455383574557110247957129631336006498206219,3.0,0.31,3.0,0.21389999999999998,0.0,0.07435,0.0001668131731188087,0.21940519800040387,0.00011412149782400192,0.21547826762822075,0.00015332087057210012,0.21142684025360248
106415214145522966179186096977094978918005217851026867362814745409109043718965,30.0,0.8765,30.0,0.10824775000000005,0.0018369999999999955,0.019503750000000007,0.0013467384306744127,0.17836268947676026,0.001114394378153832,0.17666846046408144,0.0017122246688714702,0.17574961271627323
106415214145522966179186096977094978918005217851026867362814745409109043718965,14.0,0.92,14.0,0.07359999999999997,0.0009692499999999956,0.003760250000000003,0.0005173109212600839,0.11685424856411014,0.0004710029741067512,0.12335595494066083,0.0008116455124252531,0.12760777216941854
12108418731597923158599135391488720346648868243772280377791032065118478746353,14.0,0.55,12.0,0.2475,7.500000000000014e-05,0.29702500000000004,0.0006783719120796291,0.24986982590255927,0.00043561094535106025,0.2549423197605161,0.0006028095526423353,0.24982815539079148
12108418731597923158599135391488720346648868243772280377791032065118478746353,7.0,0.55,8.0,0.2475,2.5000000000000045e-05,0.29702500000000004,0.00043804290930498215,0.249015346860715,0.000306027260909707,0.2558834762479071,0.0003797511599468041,0.24866505559409624
105826416199005342591038391498217708749113687972802625260881736773834354050519,30.0,0.315,30.0,0.21577500000000002,0.0014750000000000028,0.06845,0.0014146174199677676,0.23593992257752036,0.0011093687119339884,0.22920207405425747,0.0014353776164380014,0.23369426980630947
105826416199005342591038391498217708749113687972802625260881736773834354050519,14.0,0.295,14.0,0.20797500000000002,0.0010250000000000018,0.06845,0.0006820891164568593,0.2191997206756833,0.0004995620752531918,0.21719985905044342,0.0006169020206735553,0.2204473164462035
105826416199005342591038391498217708749113687972802625260881736773834354050519,7.0,0.265,7.0,0.194775,0.0005000000000000009,0.065025,0.00035791066700249606,0.2028967311950867,0.00023456151751984983,0.20052093548578234,0.00035053875812439953,0.2035476126052186
105826416199005342591038391498217708749113687972802625260881736773834354050519,3.0,0.255,3.0,0.189975,0.00020000000000000036,0.065025,0.00015402990809251896,0.19229233718715277,0.00010183991224404831,0.19343425099018285,0.00013858366040805033,0.19426448282291908
8905255563986183379392409294223280557483334036589244914102532805042363763189,30.0,0.81,29.0,0.15389999999999995,0.0010250000000000018,0.018974999999999995,0.001364083641001406,0.18002574421969,0.0010229557485036097,0.18958441420891844,0.0017600410025889524,0.18544172930993
8905255563986183379392409294223280557483334036589244914102532805042363763189,14.0,0.86,14.0,0.12040000000000001,0.0009000000000000016,0.015550000000000001,0.0006245827965522284,0.1442388340317372,0.0004787063801362322,0.14955557559211147,0.0008620032821451086,0.15005731016144874
8905255563986183379392409294223280557483334036589244914102532805042363763189,7.0,0.84,7.0,0.13440000000000002,0.0006250000000000011,0.014124999999999999,0.0003149019030018879,0.14467135707820789,0.00022295905007512618,0.14579480274966553,0.00039608812255807773,0.14561029344706297
8905255563986183379392409294223280557483334036589244914102532805042363763189,3.0,0.865,3.0,0.116775,0.00010000000000000018,0.014124999999999999,0.00010693168897929046,0.11747685112506623,8.058004594435079e-05,0.12590894415216425,0.0001273285683634293,0.1262201604788709
78913863882673763404235979295582183495913760938622431216376525305427688884048,30.0,0.755,30.0,0.184975,0.0008224999999999955,0.02010550000000002,0.001476759964363898,0.21514166117562983,0.0012084979896412307,0.20436454305516552,0.0018468990629532472,0.20056253934724938
78913863882673763404235979295582183495913760938622431216376525305427688884048,14.0,0.9175,14.0,0.07569375000000002,5.0999999999998766e-05,0.0038742500000000066,0.0005451558521052741,0.11264301977402141,0.0004255060605030506,0.12225577269700422,0.0008317400881388859,0.1217047477997719
92013558332325676522644286533005478701382407428245344466165291954930219735076,30.0,0.206,30.0,0.163564,0.0009917500000000009,0.12215875000000001,0.00128479073854408,0.19371205353326146,0.001149596736583755,0.19924666093610863,0.0013159249655758567,0.20134768281145618
92013558332325676522644286533005478701382407428245344466165291954930219735076,7.0,0.0555,7.0,0.05241975,0.00046375000000000084,0.0714505,0.0002218705999987331,0.07231592534531157,0.00016150073856281846,0.07304661318414142,0.00018340928283188098,0.06925287789759935
92013558332325676522644286533005478701382407428245344466165291954930219735076,3.0,0.226,3.0,0.174924,0.0003802500000000007,0.046010249999999996,0.00017414257671846976,0.17882374102010692,0.00011907678697415706,0.1772508658240015,0.00016583384636367014,0.17407216114414734
62293449364589008944386324533927606169739225814069793529496999376135374665211,7.0,0.355,5.0,0.22897499999999998,4.2499999999999996e-05,0.12110499999999999,0.00026629429860338815,0.23091905258189882,0.00017187472054582434,0.23263765545175655,0.00022780991239218235,0.2313661735793625
87918864565491471386671337550198987821013545780599955289795581515743085459873,30.0,0.0595,30.0,0.055959749999999996,0.00032474999999999995,0.003957,0.0007729512645845636,0.08985933867175067,0.0007573447447329273,0.10116377200223624,0.0008662020952942095,0.1078518709212415
25714007960293389110960044475283546872601238755063051359394740854408462452120,30.0,0.125,28.0,0.109375,0.00047800000000000045,0.20532000000000006,0.001135598414692542,0.16239309651778838,0.001079576388454108,0.16979572544239452,0.0011713337321949701,0.16385683510278348
25714007960293389110960044475283546872601238755063051359394740854408462452120,14.0,0.195,14.0,0.156975,0.00015299999999999992,0.061645,0.0005998158033029656,0.1744947369325938,0.0005341135636380366,0.17367272230135636,0.0005571026654772239,0.1769185524130233
25714007960293389110960044475283546872601238755063051359394740854408462452120,7.0,0.0705,7.0,0.06552975,5.3000000000000014e-05,0.04597975000000001,0.00021251820391088012,0.09191161370984777,0.00020389014006500595,0.09366092578148509,0.000221670703744061,0.09436109194687785
25714007960293389110960044475283546872601238755063051359394740854408462452120,3.0,0.123,3.0,0.107871,5.3000000000000014e-05,0.013574499999999998,0.00010277104138747179,0.12558457459853758,7.935731977421938e-05,0.127239851924711,0.0001095611440337127,0.12406764155221958
258677385302688182461898417967106726834258313005766909541915428260925716921,14.0,0.475,11.0,0.24937499999999999,0.00044999999999999966,0.29792499999999994,0.0005397334116895718,0.2510702277495809,0.00042056673555744556,0.24981972402730107,0.0005526655067999085,0.24705590246728795
258677385302688182461898417967106726834258313005766909541915428260925716921,7.0,0.425,7.0,0.24437499999999998,0.00025000000000000044,0.29702499999999993,0.00033570640737009655,0.24856777945057254,0.0002901015200009431,0.24971101833485768,0.0003114231793348255,0.24466265573991555
258677385302688182461898417967106726834258313005766909541915428260925716921,3.0,0.435,3.0,0.24577499999999997,0.00020000000000000036,0.29702499999999993,0.00017489131321500053,0.24428411581245288,8.369229899111688e-05,0.2470237137477354,0.00013759449688191975,0.24582083945012442
43694523285483651443164720961253509909205499003300616314656630647567797464351,30.0,0.295,30.0,0.20797500000000002,0.0010749999999999987,0.41745000000000004,0.00135934329796566,0.21605431489398433,0.0011809970146038904,0.2295920154168841,0.0014688612261645085,0.22668723106834998
43694523285483651443164720961253509909205499003300616314656630647567797464351,14.0,0.28,14.0,0.2016,0.0007499999999999991,0.41665,0.0006349039848535732,0.21935691504629065,0.0005099633943662287,0.20805872555370417,0.0006059921400319194,0.2182199233195983
43694523285483651443164720961253509909205499003300616314656630647567797464351,7.0,0.28,7.0,0.2016,0.000699999999999999,0.41665,0.00035652724299040567,0.20882826177806174,0.00026790146436384747,0.20418623026638577,0.0003404147634085174,0.19932737591746147
43694523285483651443164720961253509909205499003300616314656630647567797464351,3.0,0.325,3.0,0.21937500000000001,0.0004999999999999987,0.41602500000000003,0.0001588515759239953,0.22132092511634505,0.00012093213107873188,0.2205722759250214,0.00012946091849445277,0.22167915945964192
114815491248808429628977419284377556920895275847594169299317290517285020680044,7.0,0.485,6.0,0.249775,0.00010000000000000018,0.34787500000000005,0.00030459854721865206,0.25071162487717824,0.0002220534794240376,0.2522984747633758,0.0003009568878591325,0.2518320526716236
114815491248808429628977419284377556920895275847594169299317290517285020680044,3.0,0.325,3.0,0.21937500000000001,0.00010000000000000018,0.30402500000000005,0.0001593589944131227,0.2205801461727868,0.00010814570784997582,0.2212666371959232,0.00013207667485844296,0.21898840424763488
17685421316630199556618793474235209106431028623689518550965612807395447018883,3.0,0.635,3.0,0.231775,0.00020000000000000036,0.378225,0.00015132231947267386,0.23299325139416346,0.00010856412575099912,0.2336346574243909,0.00014383573733405826,0.23500383839934685
99110697037331886214849854496910055453578754451629514291638787871278678427714,14.0,0.505,9.0,0.249975,0.00015000000000000029,0.14222500000000007,0.0005083363001626855,0.25192249000185574,0.0003666369348497896,0.2563410287533366,0.0004368062138144884,0.24880414583468397
99110697037331886214849854496910055453578754451629514291638787871278678427714,7.0,0.715,7.0,0.203775,0.00012500000000000022,0.09600000000000003,0.0003663669417993208,0.20785081954625986,0.00025813029796692075,0.2095881364184124,0.00037824495300548835,0.20864676005374733
99110697037331886214849854496910055453578754451629514291638787871278678427714,3.0,0.885,3.0,0.10177499999999999,0.00012500000000000022,0.011649999999999997,9.398082769881197e-05,0.10854527728887155,7.440627392351028e-05,0.10795862072433111,0.00012660474240647229,0.10936272002193358
97422830021925687203671878971342401147234072474610190105679830220874007261905,7.0,0.49,6.0,0.2499,0.0,0.17315000000000003,0.0003310928192862185,0.2483729688808391,0.00021188990273475207,0.24998789969265303,0.0002729028271638324,0.2511196989145543
97422830021925687203671878971342401147234072474610190105679830220874007261905,3.0,0.435,3.0,0.24577499999999997,0.0,0.16852500000000004,0.00015987058326414998,0.24527776669976487,0.0001284650762232093,0.24604938641847598,0.0001153335124862109,0.24496690493289172
74946165874244434471955169162407986733425686343328844541542423895009448493636,14.0,0.5,14.0,0.25,0.000550000000000001,0.27104550000000005,0.0007716194838931141,0.2506300452807636,0.0005516216412787156,0.25427390714260995,0.0007557241258159144,0.25116565100416643
74946165874244434471955169162407986733425686343328844541542423895009448493636,7.0,0.42,7.0,0.2436,0.000550000000000001,0.2567455,0.0004048603376905374,0.24358973283252439,0.00027522316244387997,0.2434225489248363,0.0003115750029214146,0.24510421693573733
74946165874244434471955169162407986733425686343328844541542423895009448493636,3.0,0.5,3.0,0.25,0.0003250000000000006,0.25452050000000004,0.00017182178609100474,0.24991080965366563,0.00012227193709145074,0.25082110604491303,0.00014580645608975167,0.25072749820423046
90785645241039247701705592774836333814669339864663225713759053825133310303149,14.0,0.36,12.0,0.2304,0.0009499999999999983,0.10625000000000001,0.0006532760760794937,0.23414689772022385,0.00044481454294565396,0.23624160583921364,0.0006285702059380517,0.2360811606475962
90785645241039247701705592774836333814669339864663225713759053825133310303149,7.0,0.355,7.0,0.22897499999999998,0.00029999999999999943,0.10562500000000001,0.0003572697448391908,0.2285188564376271,0.0002653341834314608,0.2313664767229392,0.00035280819016003635,0.2333696787460941
90785645241039247701705592774836333814669339864663225713759053825133310303149,3.0,0.335,3.0,0.22277500000000003,0.00010000000000000018,0.10562500000000001,0.00017386282239919743,0.22240846688594068,0.00011018675044457256,0.2256298263329991,0.00013664736598732,0.224797565084217
24446538436938173261315609103495564325366703994816797752869181957990545368163,7.0,0.46,6.0,0.24840000000000004,0.0002250000000000004,0.150025,0.0003310889829624956,0.25114689559054043,0.00022571160812906235,0.24830424486964303,0.0002754155553507592,0.24939637866644204
24446538436938173261315609103495564325366703994816797752869181957990545368163,3.0,0.465,3.0,0.24877499999999997,0.00010000000000000018,0.150025,0.00018122013686206324,0.2510627700845195,0.0001141051870742856,0.2502389043430898,0.00012605214736920436,0.24781056578845337
4573990811709517627303002652922913629369975128733961016654588185893465005522,7.0,0.355,6.0,0.22897499999999998,0.00038925,0.04156625,0.0003010337011410095,0.23417038074416768,0.00022663509250794162,0.23125604629979457,0.0003119186095559197,0.23072811314211122
4573990811709517627303002652922913629369975128733961016654588185893465005522,3.0,0.0755,3.0,0.06979975,0.000389,0.00216625,8.582492356866756e-05,0.08060502420604795,7.334799920263928e-05,0.08577510008175508,7.035752390391692e-05,0.09817598457936008
31328983534791567761051971212739722769235820028619922803333023596504486334992,7.0,0.735,6.0,0.194775,0.0004500000000000008,0.29067499999999996,0.00031997407338996484,0.19924032398524186,0.00023990161392753144,0.1989174474029021,0.0003247337875898803,0.19555869642512227
31328983534791567761051971212739722769235820028619922803333023596504486334992,3.0,0.665,3.0,0.222775,0.0002250000000000004,0.28345,0.0001804264283388809,0.22239178722240205,0.00012823886714053215,0.2246163225950976,0.00014595659507186498,0.2236706708672902
110881534500357968934646596900153818247967390745149544995654778360419076918150,30.0,0.645,30.0,0.22897499999999998,0.0012000000000000023,0.126425,0.0016197496163960507,0.2455882708835729,0.0011749580038197518,0.24692819763642618,0.001743337048473768,0.23401108615924224
110881534500357968934646596900153818247967390745149544995654778360419076918150,14.0,0.635,14.0,0.231775,0.0005000000000000009,0.126025,0.0007947947611541017,0.2345835004561932,0.0005548025627136264,0.23245307428769607,0.0007336551056370028,0.23244646994276028
110881534500357968934646596900153818247967390745149544995654778360419076918150,7.0,0.635,7.0,0.231775,0.00030000000000000057,0.126025,0.00038698671512850684,0.23445479703035424,0.0002527031536940232,0.23055023863302643,0.0003460927899888068,0.2321390248113911
110881534500357968934646596900153818247967390745149544995654778360419076918150,3.0,0.635,3.0,0.231775,0.00010000000000000018,0.126025,0.00014300832842089584,0.23295744389662962,0.00010731732236335452,0.23087108092059627,0.00012974273193903775,0.234212418335711
73942127055672070093762091576846712862472894975200730653926386031270714825841,30.0,0.085,30.0,0.07777500000000001,0.0014999999999999994,0.0029704999999999996,0.0010494209818446756,0.12610185794596623,0.0009186830059796815,0.13421227888000048,0.0010093965891992984,0.12687149710826745
73942127055672070093762091576846712862472894975200730653926386031270714825841,14.0,0.065,14.0,0.060775,0.00030000000000000014,0.0029704999999999996,0.00042093939671237704,0.08426393315482755,0.00040390239727805565,0.08382438702565871,0.0004453877897351778,0.09465784192369962
73942127055672070093762091576846712862472894975200730653926386031270714825841,7.0,0.055,7.0,0.051975,0.0002000000000000001,0.0029704999999999996,0.00018490155312164398,0.06440837563517167,0.00019372569442502048,0.06882409682865784,0.00019974473766819505,0.08320599737424182
73942127055672070093762091576846712862472894975200730653926386031270714825841,3.0,0.055,3.0,0.051975,0.0,0.0029704999999999996,8.366824441147888e-05,0.06931890092733507,7.12806803577515e-05,0.07118733755042314,8.309316594365951e-05,0.0688148286345924
34787355244902293604560127433609469815330269379035336530397136777594424715528,30.0,0.28,30.0,0.2016,0.0005249999999999988,0.07817500000000001,0.0013638415038286127,0.2268144422110772,0.0010566815990305095,0.2189577788935462,0.0013318750000645718,0.21513998209813978
34787355244902293604560127433609469815330269379035336530397136777594424715528,14.0,0.265,14.0,0.194775,0.00025000000000000044,0.07692500000000001,0.0006307957254910019,0.19647451461634247,0.0004928669910565743,0.19912138288708914,0.0006418682643208784,0.20515357161628855
34787355244902293604560127433609469815330269379035336530397136777594424715528,7.0,0.235,7.0,0.179775,0.00010000000000000018,0.07652500000000001,0.0003504610988865339,0.18560793330092365,0.00027044859494438993,0.18816846283244126,0.00038961227022461353,0.19002073763639793
34787355244902293604560127433609469815330269379035336530397136777594424715528,3.0,0.245,3.0,0.184975,0.0,0.07652500000000001,0.00015262105929870004,0.1866669742939283,0.0001238117692800057,0.18940110193677323,0.00015863133490012427,0.18946781918287786
39213684548901066937591254517097057808881530423341112968547596122921810511702,3.0,0.495,3.0,0.249975,0.0,0.28702500000000003,0.00014672647635578985,0.25015585824893416,0.00011038093511279316,0.2496086040238447,0.00013546588828184294,0.2506875562457015
104286596256932802021072012709657717454070301755123269458631991369169849893403,30.0,0.145,30.0,0.12397499999999999,0.0015762500000000004,0.09063774999999999,0.001266670927738935,0.17194857593565893,0.0011478196334132847,0.1718623048074256,0.001243455978976193,0.1861004316424453
32647956167505931425364742594968023540709126828785485847184972211625326724669,7.0,0.465,7.0,0.24877499999999997,0.00010000000000000018,0.222603,0.00042232796448929687,0.2501896919274787,0.00024025446059623728,0.2482441900185928,0.00032683677946341737,0.2506773586730456
32647956167505931425364742594968023540709126828785485847184972211625326724669,3.0,0.495,3.0,0.249975,0.0,0.218553,0.00016223716288450487,0.24948016770408338,0.00011525531769749257,0.2510518391313421,0.00012277684334084337,0.24917288455399692
65175282640874674490703461462403735317889730316322124535533519858914891278292,14.0,0.48,13.0,0.2496,0.0006000000000000001,0.06771549999999998,0.0006629149986468192,0.24733380707476635,0.00045938756839490266,0.254966190438634,0.0006202607408758959,0.25236478277801183
65175282640874674490703461462403735317889730316322124535533519858914891278292,7.0,0.155,7.0,0.130975,0.0004999999999999998,0.018090500000000002,0.00027498861684498816,0.14378450977647994,0.00024806040222935896,0.13896294543859114,0.00027437775718914826,0.1325600939549833
65175282640874674490703461462403735317889730316322124535533519858914891278292,3.0,0.135,3.0,0.116775,5.000000000000009e-05,0.018090500000000002,0.00011342379669594182,0.1270835233285076,9.528212254749289e-05,0.1325126417333409,8.815368817988482e-05,0.1282758638923532
10572741982662374711475431965957370691775155046836152116571255208794337881330,30.0,0.895,30.0,0.09397499999999999,0.001885749999999999,0.0063772500000000044,0.001357003457092079,0.18067199737706915,0.001084843763080141,0.16850512846449683,0.0016806990688020317,0.17658481380664537
55521932285795162785021453883006752950146484427600962329699824656682037578903,30.0,0.081,30.0,0.074439,0.0007877500000000006,0.05409425,0.001011984123497922,0.11925333621426097,0.0009330287666889231,0.11707379302328291,0.0010569682721629163,0.14312701487346857
55521932285795162785021453883006752950146484427600962329699824656682037578903,14.0,0.102,14.0,0.091596,0.0004155000000000003,0.013021499999999998,0.0005448140386482133,0.12110663049615056,0.0004985141708545248,0.12291132270789021,0.000549472529093062,0.1295569849622972
55521932285795162785021453883006752950146484427600962329699824656682037578903,7.0,0.145,7.0,0.12397499999999999,4.9000000000000087e-05,0.012445499999999998,0.0003150426298760206,0.1408874052514074,0.00028424615188875503,0.14513221522231212,0.00029510942647431636,0.15714008161660215
82359551799534650767970233219664058521116601689680357253518264683130642517638,7.0,0.29,6.0,0.20589999999999997,0.0003250000000000006,0.5839205000000002,0.000324589689506124,0.20639462208179832,0.00022792786447263063,0.21598074909468573,0.0002912334704445069,0.20999019425696674
82359551799534650767970233219664058521116601689680357253518264683130642517638,3.0,0.22,3.0,0.1716,0.0002250000000000004,0.5708705000000002,0.0001628569911662139,0.1733959638977695,0.00011254306205110488,0.16903350342613158,0.00016805647884873874,0.1729605322119771
11943790724298456336310029997668350808838445628633810142424962411400618768716,30.0,0.245,30.0,0.184975,0.0010999999999999985,0.07562500000000001,0.0013164423207669635,0.2127583162721185,0.0011609522369086425,0.20926781950280685,0.001364553140792737,0.19927036594245492
11943790724298456336310029997668350808838445628633810142424962411400618768716,14.0,0.275,14.0,0.199375,0.0006499999999999978,0.07562500000000001,0.0006435375901417289,0.20942803306713192,0.0004887218102838365,0.20054751501856521,0.0005787302586198113,0.2047489229922185
11943790724298456336310029997668350808838445628633810142424962411400618768716,7.0,0.275,7.0,0.199375,0.0005999999999999978,0.07562500000000001,0.0003511853211076273,0.20482227758321425,0.00029077859452355755,0.20606705226766928,0.00034937001621451595,0.20560753916055866
11943790724298456336310029997668350808838445628633810142424962411400618768716,3.0,0.295,3.0,0.20797500000000002,0.0003999999999999985,0.07562500000000001,0.00016959897931026862,0.2076220113988901,0.0001207324910368833,0.20794458086237655,0.00015682551675803112,0.20799270715618856
68254705335193583668508623481819232355432294901986887202222528732549347651596,30.0,0.075,30.0,0.069375,0.0013999999999999972,0.171875,0.0009565686594033616,0.118135106365838,0.0009205913444589521,0.1037105128161917,0.0010030674916739275,0.12085803200453289
68254705335193583668508623481819232355432294901986887202222528732549347651596,14.0,0.285,14.0,0.203775,0.0009749999999999972,0.06885,0.0006652611432606649,0.21264053463813432,0.0005378809235448755,0.21483616194588237,0.0006151576533076101,0.21221208314553663
68254705335193583668508623481819232355432294901986887202222528732549347651596,7.0,0.225,7.0,0.174375,0.0006999999999999985,0.066825,0.0003434272114194334,0.17439796477760275,0.0002485289766666196,0.17800416905897493,0.0003877277220941159,0.18053890780218226
68254705335193583668508623481819232355432294901986887202222528732549347651596,3.0,0.295,3.0,0.20797500000000002,0.0005999999999999989,0.065025,0.00015210229165146235,0.20855767852802543,0.00013351981219886529,0.20843318097869998,0.00015544396784442625,0.2100418556673535
50131916083478714089157285423693376797182456085548292513709998194690842470740,30.0,0.33,30.0,0.2211,0.0013750000000000019,0.196025,0.0015385941092561106,0.22724745240416142,0.001168129969089734,0.23411307190240457,0.00146058108123683,0.23030844670851683
50131916083478714089157285423693376797182456085548292513709998194690842470740,14.0,0.345,14.0,0.22597499999999998,0.0008000000000000014,0.111275,0.0007420277306067971,0.22817295080799394,0.0005598772985435121,0.229522414270615,0.0006879500852915418,0.2310921009237022
50131916083478714089157285423693376797182456085548292513709998194690842470740,7.0,0.37,7.0,0.2331,0.0004500000000000008,0.10975,0.0003745685479371773,0.23187638780593683,0.00028418471667475425,0.23717904948193388,0.00035585291854909186,0.2342592022105303
50131916083478714089157285423693376797182456085548292513709998194690842470740,3.0,0.265,3.0,0.194775,0.0002250000000000004,0.10165,0.0001490764098959758,0.19473071009846665,0.00011559495220805693,0.1973204040166744,0.0001466323723974879,0.19912449034660593
26649830167437535045617341556383442127167754423632585601080961645134939908601,30.0,0.82,30.0,0.14760000000000004,0.0013352499999999996,0.048483750000000034,0.001432200042277212,0.1925909157684673,0.001066708752752113,0.20162406135827107,0.0018657979847834403,0.19516244635086377
26649830167437535045617341556383442127167754423632585601080961645134939908601,14.0,0.715,14.0,0.203775,0.0006602500000000028,0.022733750000000007,0.0007520498096473374,0.2126820890225227,0.0005460641421083861,0.21544243752756145,0.0008148558489958119,0.21149205707333663
26649830167437535045617341556383442127167754423632585601080961645134939908601,7.0,0.78,7.0,0.17159999999999997,0.00023525000000000203,0.015833749999999994,0.0003945499982020949,0.17039836950737627,0.00025141575947207405,0.1702696772977233,0.0004180934103952511,0.17679635404817773
17601770442239563289082275181138749951422899442850916335476881677007065139739,30.0,0.72,30.0,0.2016,0.0008999999999999993,0.1946895,0.0015468794510234756,0.21829683554243573,0.00119941762395137,0.2168012465699134,0.0017507631879495555,0.21883726679991206
17601770442239563289082275181138749951422899442850916335476881677007065139739,14.0,0.845,14.0,0.130975,0.000600000000000001,0.004314500000000001,0.0006515153740553428,0.14831461187648698,0.0005263076268705047,0.1582620350261972,0.0008924863929125779,0.1473183669036593
17601770442239563289082275181138749951422899442850916335476881677007065139739,7.0,0.915,7.0,0.07777499999999997,0.0003500000000000006,0.002514499999999997,0.00027752973708827534,0.12419064872605606,0.00019522455843002957,0.11642075705140986,0.0003340327986795399,0.10686202609773587
17601770442239563289082275181138749951422899442850916335476881677007065139739,3.0,0.925,3.0,0.06937499999999996,0.00010000000000000018,0.0021144999999999966,8.967706017716706e-05,0.08158568606964556,8.165140779483114e-05,0.08466708383031378,0.00010803380164049353,0.08062681915298653
72044801958932376213942522155627434496146777860490700435168293831379994699414,30.0,0.485,30.0,0.249775,0.0002922500000000004,0.46148624999999993,0.0015686369977582712,0.2549970403177223,0.0012390667513484208,0.26274893870182936,0.0016462495455662296,0.2519888106388444
71945447487908072913539944351108556445877630230054960874211366702658776786055,30.0,0.65,30.0,0.22749999999999998,0.0014070000000000024,0.0299635,0.001581528329319089,0.23932829094595462,0.0012491478141795232,0.24393702501419226,0.0016968517122587568,0.24131105703134195
71945447487908072913539944351108556445877630230054960874211366702658776786055,14.0,0.84,14.0,0.13440000000000002,0.0005070000000000009,0.017313499999999996,0.0006582228859353992,0.14998260130246974,0.0005074593214223292,0.14879030797257936,0.0009144956878323994,0.16195102946685233
71945447487908072913539944351108556445877630230054960874211366702658776786055,7.0,0.825,7.0,0.14437500000000003,8.200000000000014e-05,0.017313499999999996,0.0003807820438927406,0.1498839348830758,0.00026270101480067144,0.14323524724600398,0.0004176536885447877,0.14579507015416132
71945447487908072913539944351108556445877630230054960874211366702658776786055,3.0,0.946,3.0,0.051084000000000046,8.200000000000014e-05,0.0018925000000000083,9.846076937809391e-05,0.06806472643565285,7.114436556688547e-05,0.059354953421297874,0.0001088370519999287,0.0706483861453924
94171600794812250677738346499613104226844712326789833111295017100186686112503,14.0,0.48,12.0,0.2496,0.00037500000000000066,0.140525,0.0006467187620065053,0.24882689260628585,0.000492660553429056,0.24649546540760414,0.0005789975557406055,0.245318169158911
94171600794812250677738346499613104226844712326789833111295017100186686112503,7.0,0.59,7.0,0.2419,0.00037500000000000066,0.12447499999999999,0.0003711910405833191,0.24638781804422075,0.00026364950261810677,0.24300046470196018,0.00033888855355511003,0.24236193726494457
94171600794812250677738346499613104226844712326789833111295017100186686112503,3.0,0.635,3.0,0.231775,0.00012500000000000022,0.11964999999999998,0.0001730200014527342,0.23239946830754904,0.00010502868820623394,0.23529218374797517,0.00014960062005990447,0.2338313025452009
6674213917758096893272972238092766222279293693193796906926518921448629078305,14.0,0.115,14.0,0.101775,0.0008562499999999998,0.8660942500000001,0.0005918567801098293,0.14118210014896138,0.0005509316129726381,0.12386277255003476,0.000582360215534664,0.13831073011771391
6674213917758096893272972238092766222279293693193796906926518921448629078305,7.0,0.135,7.0,0.116775,0.00010624999999999998,0.8648442500000001,0.000298365319449293,0.14580420271223254,0.0002560594834483663,0.14777707057256909,0.00030014809700546646,0.13602369404676723
6674213917758096893272972238092766222279293693193796906926518921448629078305,3.0,0.125,3.0,0.109375,5.624999999999989e-05,0.8648442500000001,0.00010060166378265527,0.11958282443299774,7.486884835510661e-05,0.12174831127895193,7.82720181380907e-05,0.11756733949395343
8199493545872276685007649098855627956832512958032108818142031783023965647133,14.0,0.48,12.0,0.2496,0.0004500000000000008,0.36789999999999995,0.0006834223989915879,0.2518567432404764,0.0004553393937581816,0.2523598831189855,0.0006155417455914721,0.2516073624083116
8199493545872276685007649098855627956832512958032108818142031783023965647133,7.0,0.64,7.0,0.2304,0.00025000000000000044,0.34984999999999994,0.00041043726197952194,0.23222797834674153,0.0002818474174076172,0.234521869924777,0.00035260584292540263,0.23321668191249256
8199493545872276685007649098855627956832512958032108818142031783023965647133,3.0,0.565,3.0,0.245775,0.0,0.34262499999999996,0.00016666266117945882,0.24668778265245572,0.00010604802444423834,0.2460941396226557,0.00012386229626330303,0.2453465983148279
21948917496837354367910826573765617012647201536430148892502780921686496760749,30.0,0.82,30.0,0.14760000000000004,0.0009999999999999985,0.13169350000000005,0.0014092626416834014,0.18937070739622502,0.0011213258914658988,0.19011338937922836,0.001799059370747139,0.18093141403201848
21948917496837354367910826573765617012647201536430148892502780921686496760749,14.0,0.78,14.0,0.17159999999999997,0.0002250000000000004,0.12371850000000004,0.0007003927982738359,0.18356758032357767,0.0005378441088250497,0.18534756132052016,0.0008626329826846407,0.17999518134413273
21948917496837354367910826573765617012647201536430148892502780921686496760749,7.0,0.71,7.0,0.20590000000000003,0.0,0.11364350000000001,0.00041540288149519475,0.211938478924609,0.00026291978222662545,0.20625061006608855,0.00040208724885975477,0.20989691509974953
113775767098321634901415655926387237741886967858756373256961045524152424332573,30.0,0.885,30.0,0.10177499999999999,0.0020250000000000003,0.006350000000000011,0.0013195799810543816,0.1711868674442611,0.0010679051609244164,0.19147941712756966,0.001692390612285521,0.17974331961322054
113775767098321634901415655926387237741886967858756373256961045524152424332573,14.0,0.87,14.0,0.1131,0.0009749999999999984,0.004525000000000008,0.0006224870022777945,0.14540598634484497,0.000507136275597459,0.13570432504112054,0.000881699262298749,0.1529399189521322
113775767098321634901415655926387237741886967858756373256961045524152424332573,7.0,0.91,7.0,0.08189999999999997,0.00039999999999999736,0.0025000000000000044,0.00024276640070127614,0.10842145659898876,0.0001937368200288959,0.10736119838234792,0.00035802408297975265,0.10633595520570546
113775767098321634901415655926387237741886967858756373256961045524152424332573,3.0,0.925,3.0,0.06937499999999996,0.0003249999999999973,0.0025000000000000044,8.448084779482443e-05,0.08051269061275403,7.851309716755535e-05,0.08363058704857554,0.000126128724371696,0.08561217599935944
108212120225275227499954664361283850115878666320584859831329021059962687827287,14.0,0.5,13.0,0.25,0.00015000000000000029,0.5451000000000001,0.0007114166072944853,0.2531440718137097,0.000489982702409863,0.24752580051268092,0.0006117116989275605,0.252116906427015
108212120225275227499954664361283850115878666320584859831329021059962687827287,7.0,0.315,7.0,0.21577500000000002,0.00012500000000000022,0.4994500000000001,0.0003502971398733673,0.22064378137231583,0.00025758110546066293,0.22103454073669412,0.0003399706164262674,0.21680432049508286
108212120225275227499954664361283850115878666320584859831329021059962687827287,3.0,0.315,3.0,0.21577500000000002,0.00010000000000000018,0.4979250000000001,0.0001674714173317158,0.2156952362455969,0.00011806051552337096,0.21818422607859805,0.00015424788034992798,0.21451275278246865
95197758690536781344967069481835822467121525130144169973322994558549635662278,30.0,0.925,30.0,0.06937499999999996,0.0019430000000000014,0.08192500000000003,0.0012280010498988045,0.16352436507391738,0.0010560210048858407,0.17227397689751597,0.001600757014444934,0.1748938624004463
95197758690536781344967069481835822467121525130144169973322994558549635662278,14.0,0.915,14.0,0.07777499999999997,0.0005679999999999987,0.018850000000000006,0.0005857135948814532,0.13365875381012254,0.0004476401838559904,0.12338253209375775,0.000842318077364905,0.12613993354274478
71266923597682191255015907302921683041435419763570474059916757401212183782544,30.0,0.365,30.0,0.231775,0.0016499999999999987,0.13146699999999997,0.0015222665736302407,0.2377138380362526,0.001144747679360867,0.24320431142336926,0.0016018462903012842,0.24122668325639438
71266923597682191255015907302921683041435419763570474059916757401212183782544,14.0,0.285,14.0,0.203775,0.0008499999999999993,0.130567,0.0006410166969350962,0.20408821795547202,0.0005185451982778137,0.21920699956922157,0.0006203357359766185,0.21052192753525328
71266923597682191255015907302921683041435419763570474059916757401212183782544,7.0,0.265,7.0,0.194775,0.00020000000000000036,0.130567,0.0003311568694456316,0.19728847949244588,0.00027596705575444973,0.19516137691449348,0.00035771279581482603,0.193260426045556
71266923597682191255015907302921683041435419763570474059916757401212183782544,3.0,0.365,3.0,0.231775,0.00010000000000000018,0.125717,0.00015073124287501971,0.2339594267943681,0.00011620734291455037,0.23157653666196645,0.00015473062289333577,0.23303522132709653
22722140325895252008881018982078677032976059664658234256718533386059691162042,30.0,0.115,30.0,0.101775,0.0020999999999999994,0.637327,0.0012136061958704664,0.15002205877601577,0.0010795455872902844,0.15366110667746669,0.001200265790470125,0.14194092158530863
22722140325895252008881018982078677032976059664658234256718533386059691162042,14.0,0.22,14.0,0.1716,0.0012999999999999989,0.603002,0.0005567341217011321,0.18868525420727278,0.0004729120937856642,0.19309585261555162,0.0005473537417124876,0.19872785270151275
22722140325895252008881018982078677032976059664658234256718533386059691162042,7.0,0.165,7.0,0.137775,0.0003999999999999996,0.582577,0.00029691583981594386,0.1448370720265287,0.00023502866456538373,0.1445362129217154,0.00033879494903572176,0.16179381374198748
22722140325895252008881018982078677032976059664658234256718533386059691162042,3.0,0.175,3.0,0.14437499999999998,0.0003999999999999996,0.5730770000000001,0.00014857454542998962,0.14755754599839033,9.869856693799858e-05,0.14873232749082008,0.0001746633590942257,0.14520113961724973
83851996047293978711040695609148469340176807181217450343995628690761599071382,14.0,0.285,9.0,0.203775,0.00010000000000000018,0.4970250000000001,0.0004233429897325532,0.2154893092373262,0.00030446410664396645,0.21135457910937538,0.00040981949990037556,0.20785362319731074
83851996047293978711040695609148469340176807181217450343995628690761599071382,7.0,0.295,7.0,0.20797500000000002,0.0,0.4970250000000001,0.0003560037333493927,0.21112180083087842,0.0002475521365804059,0.21224147341101263,0.000334958250514255,0.20699710689852802
83851996047293978711040695609148469340176807181217450343995628690761599071382,3.0,0.295,3.0,0.20797500000000002,0.0,0.4970250000000001,0.00016561290240358994,0.20716359328971945,0.0001294165088410292,0.2090098908337109,0.0001319055777367185,0.2078431808202992
84651806745260896035463327781647183148268355399450996877500129416731827730602,30.0,0.355,24.0,0.22897499999999998,0.00043449999999999945,0.2668555,0.0012420905461354578,0.23502910482230546,0.0009475625029203682,0.22783128537627945,0.0011867306776650874,0.2394087104490197
84651806745260896035463327781647183148268355399450996877500129416731827730602,14.0,0.944,14.0,0.05286400000000004,0.00043449999999999945,0.07308449999999997,0.0005216966062762322,0.12899265924752792,0.00043527554591654254,0.11531967365201572,0.000758817262691044,0.11856995720337121
84651806745260896035463327781647183148268355399450996877500129416731827730602,7.0,0.83,7.0,0.14110000000000003,0.00026324999999999894,0.06602374999999996,0.0003257800267364424,0.14995283658641123,0.0002661648142549716,0.15346546345674128,0.00036046165271250987,0.14943054668979755
84651806745260896035463327781647183148268355399450996877500129416731827730602,3.0,0.6965,3.0,0.21138774999999999,0.0,0.025278749999999996,0.00015200094577584152,0.21243599201485958,0.00012841970570037306,0.21054970043509344,0.0001741770241565216,0.2109489392058655
52365530273202406833207649186601110681019419725418407372993395749056709709524,3.0,0.08,3.0,0.0736,2.5000000000000045e-05,0.009425,8.404827353203779e-05,0.09054972815626913,8.546396822957447e-05,0.10361033586057998,7.179854780952111e-05,0.09067246827595954
83907909101241172658218286195752010103014339994778458799300001300950981270840,7.0,0.18,6.0,0.1476,0.0005249999999999995,0.021780499999999998,0.00026836842821176244,0.15076481795963176,0.00022435638499835846,0.15293896133231497,0.0003234817790101938,0.15823922406257343
83907909101241172658218286195752010103014339994778458799300001300950981270840,3.0,0.125,3.0,0.109375,0.00019999999999999982,0.020880499999999996,9.624869306383281e-05,0.11257042030542454,9.169027151697611e-05,0.1267640637724353,0.00010223011292729093,0.13108772776723993
34299492873909901402451035997403268632476657432479091763013320003330462466274,30.0,0.48,29.0,0.2496,0.0019749999999999963,0.275625,0.0015693829557271123,0.25016696743581174,0.0011083291507971457,0.25442073372601376,0.001531236402098141,0.2528459298708653
34299492873909901402451035997403268632476657432479091763013320003330462466274,14.0,0.47,14.0,0.2491,0.0015249999999999984,0.275625,0.000747019508236984,0.2520708941553713,0.0005294700013056868,0.2534957021084931,0.0007523423815163177,0.24788392574189927
34299492873909901402451035997403268632476657432479091763013320003330462466274,7.0,0.48,7.0,0.2496,0.0010249999999999975,0.275625,0.0003883970350185894,0.25061204705167106,0.0002890684501682718,0.25044322024679927,0.00033671971487677954,0.24919297106361277
34299492873909901402451035997403268632476657432479091763013320003330462466274,3.0,0.485,3.0,0.249775,0.00010000000000000018,0.275625,0.0001504276846420217,0.25109734492147084,9.719311517786752e-05,0.24918492105972884,0.00011519082566257875,0.2495699998210939
84412506252079988201381163115842793628485235981758807799140033091025128976790,30.0,0.175,30.0,0.14437499999999998,0.0022249999999999982,0.01755,0.0012099915527810593,0.1932097958634226,0.0011672196821812264,0.18216530695218652,0.0012209909914820253,0.1807693760386589
84412506252079988201381163115842793628485235981758807799140033091025128976790,14.0,0.145,14.0,0.12397499999999999,0.0011999999999999997,0.015625,0.0006112763251173383,0.15830465524038528,0.0005242824194484118,0.16138954862394786,0.0006220260565214418,0.1576649848919504
84412506252079988201381163115842793628485235981758807799140033091025128976790,7.0,0.125,7.0,0.109375,0.00040000000000000013,0.015625,0.00027299716270633346,0.13413047786116375,0.0002530195369083568,0.14205460378946516,0.0002706289838992541,0.1388697280086255
84412506252079988201381163115842793628485235981758807799140033091025128976790,3.0,0.115,3.0,0.101775,9.99999999999999e-05,0.015625,8.392419788993823e-05,0.11548125464593115,9.489871307107917e-05,0.1270943373641989,8.31372144474754e-05,0.11976834345616082
42349324891891531052261785579549036042703894030589864369388972549681820562082,30.0,0.115,30.0,0.101775,0.0004000000000000004,0.009025,0.0011421673609879636,0.15665493691359003,0.0011584120738482744,0.15819168954221807,0.0011576033669124413,0.13413143634087304
42349324891891531052261785579549036042703894030589864369388972549681820562082,14.0,0.105,14.0,0.093975,9.99999999999999e-05,0.009025,0.0005640831319159674,0.11337312332341216,0.0005541693188352415,0.13504076201640633,0.0005399179567910974,0.13190392235001758
42349324891891531052261785579549036042703894030589864369388972549681820562082,7.0,0.105,7.0,0.093975,9.99999999999999e-05,0.009025,0.00026886949429503094,0.1263319925373187,0.00022760818692881126,0.12539956879712794,0.00028191514126285524,0.11746436161016521
42349324891891531052261785579549036042703894030589864369388972549681820562082,3.0,0.095,3.0,0.08597500000000001,0.0,0.009025,9.44361122471044e-05,0.11029348795959391,7.20669571133385e-05,0.11077997712826539,8.407165889926944e-05,0.11617440477666195
26112071446814965402999048891641754983996549455934167336095987299380637999450,7.0,0.645,6.0,0.22897499999999998,0.0005749999999999954,0.18285,0.00033901441294314957,0.23372144633920983,0.00023663406203354778,0.23313727573564133,0.0002781008972089571,0.23117871439528032
26112071446814965402999048891641754983996549455934167336095987299380637999450,3.0,0.57,3.0,0.2451,0.00032499999999999836,0.173825,0.00016878392634500167,0.24694857865277028,0.00011611459673952152,0.24619194440395087,0.00010179381024639452,0.24320624727698914
27598813657516344545640424338936423008344444140893751222570308644154406799697,14.0,0.475,12.0,0.24937499999999999,0.000999999999999997,0.266125,0.000659390717530631,0.2538256547009884,0.0005036216348879381,0.24893840458553304,0.0005865961509655702,0.2503464643343847
27598813657516344545640424338936423008344444140893751222570308644154406799697,7.0,0.45,7.0,0.24750000000000003,0.0009249999999999967,0.265225,0.0003692802759973307,0.24621048254198016,0.00027930193181899705,0.24996182621782162,0.0003228593641105562,0.24727431605411795
27598813657516344545640424338936423008344444140893751222570308644154406799697,3.0,0.47,3.0,0.2491,0.0007249999999999975,0.265225,0.00016977879394544114,0.24955611993708907,9.408677919169793e-05,0.2534650865041304,0.00013510647091275846,0.24873961895717714
72534270621552177725838383755292747815359351472861627368464752541550323799935,7.0,0.605,6.0,0.238975,0.00045000000000000086,0.378225,0.0003414536212822323,0.24162321287656574,0.00024228017560700657,0.24314797756838133,0.0002865692510405204,0.24072384417192036
72534270621552177725838383755292747815359351472861627368464752541550323799935,3.0,0.625,3.0,0.234375,0.00025000000000000044,0.378225,0.000181228240633233,0.23662073521250723,0.00011022272483790601,0.23122741837876673,0.00011907278906447994,0.23360617984859489
83860967847359355925705553680083875794073859489385710052205456929218475410292,14.0,0.705,9.0,0.20797500000000002,0.0,0.10020299999999999,0.0004930320557343792,0.20716400346784433,0.0003092387214199782,0.21493654363339096,0.0004633070935231187,0.20880329348022286
83860967847359355925705553680083875794073859489385710052205456929218475410292,7.0,0.785,7.0,0.16877499999999998,0.0,0.082553,0.00035141168019010036,0.17316087509450534,0.00026197087526841193,0.17931396878125255,0.00039567992113819216,0.17281865123177803
83860967847359355925705553680083875794073859489385710052205456929218475410292,3.0,0.635,3.0,0.231775,0.0,0.039252999999999996,0.0001802498894041747,0.23418518213694658,0.0001199841248841313,0.22928129021928428,0.00016180830044687337,0.23053365356360886
98423369423453919468346983446007745060050693134375522442599759011568848268057,30.0,0.5,27.0,0.25,0.0007750000000000003,0.25092499999999995,0.0014553865754869811,0.2545700706618166,0.0010689074778742157,0.2598179392806406,0.0014873396647744556,0.24787703015610624
98423369423453919468346983446007745060050693134375522442599759011568848268057,14.0,0.655,14.0,0.22597499999999998,0.00025000000000000044,0.21967499999999995,0.0007947430388258462,0.23119709157714696,0.0005195100110297099,0.23068001070587468,0.0007509890597863922,0.23130874518556496
98423369423453919468346983446007745060050693134375522442599759011568848268057,7.0,0.65,7.0,0.22749999999999998,2.5000000000000045e-05,0.21517499999999995,0.0003980830996202077,0.231968281983233,0.0002643299016059293,0.22885284195763245,0.0003067432390326597,0.23102564161583494
98423369423453919468346983446007745060050693134375522442599759011568848268057,3.0,0.54,3.0,0.2484,0.0,0.20854999999999996,0.00014980466822825706,0.24711249007495695,0.00011911677779134315,0.24848850839214848,0.000107030542332071,0.24849902284376177
28593215534345447362156321620838626774652503878031452558083665828202001699551,14.0,0.27,14.0,0.1971,0.0001640000000000002,1.4266214999999998,0.0006709723746765781,0.2075123501071878,0.0004860561929366593,0.2078689535189427,0.000621238647450769,0.19510946132479567
28593215534345447362156321620838626774652503878031452558083665828202001699551,7.0,0.335,7.0,0.22277500000000003,6.4e-05,1.4051964999999997,0.0004046725580618925,0.22459250566393912,0.0002685748237596098,0.22528046672889665,0.00034662063957676857,0.22566425893933023
28593215534345447362156321620838626774652503878031452558083665828202001699551,3.0,0.1405,3.0,0.12075975,6.4e-05,0.008855250000000004,8.75272310781802e-05,0.12663453065129882,0.00010024162692455839,0.13564688199258637,8.715345178932119e-05,0.1338624873782445
33573631646975967490303296373773410479817269960942179527425708594960263761938,30.0,0.46,30.0,0.24840000000000004,0.002049999999999997,0.18358049999999998,0.001597763869235077,0.25518025928629184,0.00121072176514155,0.2624616046412227,0.0016544464788337415,0.24736857945005042
33573631646975967490303296373773410479817269960942179527425708594960263761938,14.0,0.36,14.0,0.2304,0.0009749999999999984,0.18135549999999998,0.0007252467518202825,0.23238231772646187,0.0005294413482861553,0.2408226899211305,0.0006961760198136149,0.22901996968321606
33573631646975967490303296373773410479817269960942179527425708594960263761938,7.0,0.325,7.0,0.21937500000000001,0.0003999999999999985,0.18135549999999998,0.0003879643953534646,0.22518965767944907,0.00027058965855382617,0.22231420750766326,0.00035751559666652,0.22120099606820243
33573631646975967490303296373773410479817269960942179527425708594960263761938,3.0,0.435,3.0,0.24577499999999997,0.0003999999999999985,0.1772055,0.00015470209846911307,0.24717343356994115,0.00011779051277959797,0.24658880368078862,0.0001225129247869847,0.24695937445627614
79404518383067636250699207593267125176497465053726445593163048268632472529865,7.0,0.485,6.0,0.249775,0.0003499999999999995,0.3227749999999999,0.00032872042077386335,0.2510517144405961,0.00020116743112954093,0.25018163690371653,0.000263365947933451,0.2511327721181836
79404518383067636250699207593267125176497465053726445593163048268632472529865,3.0,0.48,3.0,0.2496,0.0001249999999999991,0.32012499999999994,0.00014572077604500688,0.24855712449663858,0.00010365254127620035,0.2506192352630572,0.00011942591588026637,0.24920452766147164
36405635458314874058837552114828609391858806159062238490557539558831492160933,3.0,0.575,3.0,0.244375,0.0002250000000000004,0.28785,0.00018085636531526596,0.2434770932123453,0.00010838834633003372,0.24667075700636057,0.00011904455778830252,0.2438107849873713
20687552179259492015264396642668768958132112743605647653821858729131283300433,30.0,0.245,30.0,0.184975,0.0014642499999999977,0.049056249999999996,0.0012705033406902899,0.20834417336736152,0.0011567192498660181,0.21319546814831736,0.001320610491657663,0.21265311496041092
20687552179259492015264396642668768958132112743605647653821858729131283300433,14.0,0.125,14.0,0.109375,0.00056425,0.00435625,0.0005751679738453643,0.12419728658259131,0.0005027033331720486,0.12870555420029248,0.000587158153527934,0.13287999771955114
1891139530288101466360827889001064386176078694605601493533714481162107118833,30.0,0.105,30.0,0.093975,0.003486249999999999,0.0012452500000000003,0.0010730786335528277,0.12689480066863265,0.001075654908811763,0.15240075538705825,0.00105923084888251,0.13258479481607444
1891139530288101466360827889001064386176078694605601493533714481162107118833,14.0,0.065,14.0,0.060775,0.0020112499999999996,2.0249999999999998e-05,0.00044306658136523025,0.09228802851811292,0.0004060740597310699,0.10092913526270571,0.00040951815749590476,0.08503354529445556
1891139530288101466360827889001064386176078694605601493533714481162107118833,7.0,0.065,7.0,0.060775,0.0012112499999999999,2.0249999999999998e-05,0.00022823186484361054,0.08725715613117849,0.00018962119697615038,0.09653624967417025,0.00023391441640489765,0.09038016286717852
30036857543978735732611882848890190858237695496859627118711986314946304029496,7.0,0.38,6.0,0.2356,0.00035000000000000065,0.33344999999999997,0.0003292766200201251,0.23706244755439612,0.00022074958948089526,0.23642971427343049,0.0002918653645524165,0.23497920182615986
30036857543978735732611882848890190858237695496859627118711986314946304029496,3.0,0.435,3.0,0.24577499999999997,0.00025000000000000044,0.33102499999999996,0.00015243048748026297,0.24550542346607865,0.00010704649912042661,0.24479783607363104,0.00011994794454495269,0.246161078501304
86498068750018438192524977941980476748299785729870940867089250086714498791178,30.0,0.495,30.0,0.249975,0.0006517500000000002,0.5250747499999999,0.0016729951768740404,0.251974430122959,0.0011662677940805608,0.26274086113959133,0.0016577095727677293,0.2597813892463055
86498068750018438192524977941980476748299785729870940867089250086714498791178,14.0,0.155,14.0,0.130975,0.0005017500000000005,0.4834247499999999,0.000602359170241422,0.1615779090172615,0.0004918867171790854,0.16165727850421152,0.0005563192499117485,0.15541512703313778
86498068750018438192524977941980476748299785729870940867089250086714498791178,7.0,0.0645,7.0,0.060339750000000004,0.0003285000000000005,0.4777747499999999,0.00023943567935195902,0.07939986628056406,0.0001913113295643972,0.0940754629996172,0.00021233326480952727,0.07531760010759879
13348516836908618750311635130136250579776777556434982422925871243398060376104,30.0,0.665,30.0,0.222775,0.0012000000000000001,0.05599549999999999,0.0015462389060135373,0.22520309444327144,0.0011145188727557523,0.23385155520923565,0.001723126941191377,0.22648855302940718
13348516836908618750311635130136250579776777556434982422925871243398060376104,14.0,0.755,14.0,0.184975,0.00030000000000000057,0.0501955,0.000731111241134651,0.18800253935687256,0.0005588191207825714,0.1948188394122765,0.0008176211063568717,0.18997980964440292
13348516836908618750311635130136250579776777556434982422925871243398060376104,7.0,0.745,7.0,0.189975,0.00020000000000000036,0.03979550000000001,0.0003904629197119648,0.19222401645985918,0.0002835448375517106,0.19200260272903555,0.0003867355673401898,0.19533789338610366
13348516836908618750311635130136250579776777556434982422925871243398060376104,3.0,0.785,3.0,0.16877499999999998,0.00010000000000000018,0.03529550000000001,0.00017451143859430803,0.17237459903201013,0.00010548520143883422,0.171504389015792,0.00015330887127410162,0.16979868550188493
59186683917106781508840646814784183903801989090902543836226957447714849845978,3.0,0.295,3.0,0.20797500000000002,0.00010000000000000018,0.093425,0.00016909753107990856,0.2114350146504489,0.000110912618475409,0.20818651573593613,0.00017254903358135287,0.20979314906596724
20873977275919064206222174403430188971199772829000730456381469818865720479084,30.0,0.79,30.0,0.1659,0.002034749999999996,0.030965250000000007,0.0014418249865927502,0.1882864856057754,0.0011191275027916398,0.18669181148314856,0.0018588674751338597,0.2030216616648479
20873977275919064206222174403430188971199772829000730456381469818865720479084,14.0,0.775,14.0,0.17437499999999997,0.000859749999999999,0.024315250000000014,0.0007234615521604654,0.18064524424863723,0.000527759533008343,0.1930292134390106,0.0007894715999546255,0.18575739060892132
69793281271905869668878115453558761265981444160479418938198158011630844239009,14.0,0.61,13.0,0.2379,0.0005250000000000009,0.4506555000000001,0.0007283489450278737,0.24426350085255905,0.0005044054963161871,0.24241343682249814,0.0006639434205891833,0.24258322106155764
69793281271905869668878115453558761265981444160479418938198158011630844239009,7.0,0.62,7.0,0.2356,0.0004250000000000008,0.4506555000000001,0.0003666856325685358,0.23893879405321067,0.00026446943156808095,0.23832251539057864,0.0003609131582368925,0.23404048025069613
69793281271905869668878115453558761265981444160479418938198158011630844239009,3.0,0.615,3.0,0.236775,0.00010000000000000018,0.4502555000000001,0.00015584954348069302,0.2374921844934062,0.00011478322909040604,0.23790621362555875,0.00012829354911525904,0.2360748443612196
67596909630505748192273119086224135081859582478741941473155557882450542807607,7.0,0.935,5.0,0.060774999999999954,0.0006500000000000012,0.080037,0.0001432535391092977,0.09196354326822043,0.00012917559869401148,0.09079948184784747,0.00019830762513861532,0.08804767220217816
67596909630505748192273119086224135081859582478741941473155557882450542807607,3.0,0.905,3.0,0.08597499999999998,0.00020000000000000036,0.080037,8.519513802373736e-05,0.10020629779312992,7.314551270887757e-05,0.08869636815060888,0.00011612367739825576,0.09167709398772433
71076253073516159380702286801576688253388973161726933428722204989810362065275,30.0,0.315,18.0,0.21577500000000002,0.00026900000000000047,0.5649545,0.0008579770215908275,0.22217117573315792,0.0006251558023437097,0.22128674525810602,0.000935365462352486,0.22970964705516514
71076253073516159380702286801576688253388973161726933428722204989810362065275,14.0,0.145,16.0,0.12397499999999999,0.0001690000000000003,0.5393545,0.0006555070672898242,0.14522334374836748,0.0006447971947752376,0.16458587018478546,0.0007010501642414332,0.1601472677093034
71076253073516159380702286801576688253388973161726933428722204989810362065275,3.0,0.3165,3.0,0.21632775,0.0001690000000000003,0.44957025,0.00014554565017183517,0.22110962927119146,0.00012470494068579798,0.21662876784358617,0.00012727423089928846,0.2153267154303977
17288051373490299986691906302866677337689209751273966076887222813848776174786,7.0,0.65,6.0,0.22749999999999998,7.500000000000014e-05,0.3596749999999999,0.00032781140167968095,0.2284798365838941,0.00022211971441379915,0.22977972798466162,0.00029664083035890526,0.2314970272662863
17288051373490299986691906302866677337689209751273966076887222813848776174786,3.0,0.71,3.0,0.20590000000000003,5.000000000000009e-05,0.35544999999999993,0.00017267735277090023,0.2078492068718069,0.00010077392173650793,0.2098679133792652,0.00014298015278790601,0.2063266166705614
45477629983983454025018402952865236613131543289256695752349077579364954910137,30.0,0.345,19.0,0.22597499999999998,0.0017042499999999994,0.04503125,0.0009538911304500038,0.2311123489566149,0.0007211363946447114,0.24019316063652135,0.000947402483538322,0.23165850607492028
45477629983983454025018402952865236613131543289256695752349077579364954910137,14.0,0.225,14.0,0.174375,0.0017042499999999994,0.030431250000000007,0.0005807725873878056,0.1861680742659577,0.0005045156036545041,0.185031633822721,0.0005446735508593203,0.19284674362861431
45477629983983454025018402952865236613131543289256695752349077579364954910137,7.0,0.135,7.0,0.116775,0.0009792499999999997,0.0027062500000000008,0.0003291294788626882,0.14201287814343774,0.0002679108908544912,0.14088804890354503,0.0002965738442938022,0.13852452627451378
45477629983983454025018402952865236613131543289256695752349077579364954910137,3.0,0.055,3.0,0.051975,0.0004792500000000001,0.00140625,7.13537073795812e-05,0.07690494166746081,8.94289531316019e-05,0.0749760628747342,7.3152895847257e-05,0.06666199859649759
101256141817216466245038151589296191044974050560393587426784474074655264282404,30.0,0.255,30.0,0.189975,0.0005499999999999998,0.031750499999999994,0.0013516847231435218,0.2014287437314435,0.0011485731473186648,0.19924704363641899,0.001353019525279643,0.21105039811396986
101256141817216466245038151589296191044974050560393587426784474074655264282404,14.0,0.225,14.0,0.174375,0.0,0.031750499999999994,0.0006041332909427954,0.18712518630505642,0.0005292249747644604,0.19240613496739606,0.0005807232875888572,0.199332882959066
101256141817216466245038151589296191044974050560393587426784474074655264282404,7.0,0.225,7.0,0.174375,0.0,0.031750499999999994,0.00032708525206699604,0.17993553986173816,0.0002709165488679893,0.18319741994600094,0.0003394216819386003,0.18178543719922313
101256141817216466245038151589296191044974050560393587426784474074655264282404,3.0,0.175,3.0,0.14437499999999998,0.0,0.030450499999999995,0.00015929311839627517,0.14716614263071076,0.00010866903377701328,0.14473228953229067,0.00015996024966093882,0.14640751530975143
92373800853975207163715439849233105963580357686874848773967900936113195244769,30.0,0.115,30.0,0.101775,0.0005000000000000002,0.0069605,0.0012051185608074639,0.1671312160185728,0.0010724673432747143,0.15882385425053547,0.0011800132812018226,0.1408805051293444
92373800853975207163715439849233105963580357686874848773967900936113195244769,14.0,0.115,14.0,0.101775,0.00010000000000000018,0.0069605,0.0005375559561266322,0.1291350267099166,0.0005339508905206861,0.12728644728619978,0.0005436705258502629,0.13249233239238806
92373800853975207163715439849233105963580357686874848773967900936113195244769,7.0,0.115,7.0,0.101775,0.00010000000000000018,0.0069605,0.00027357599887195235,0.12375197218879318,0.0002472407956069723,0.12898734120047062,0.00027450868462317745,0.12739118822094342
92373800853975207163715439849233105963580357686874848773967900936113195244769,3.0,0.115,3.0,0.101775,0.00010000000000000018,0.006160499999999999,8.475466894080932e-05,0.13172136960139919,8.70951550966071e-05,0.13039088013288633,0.00011506954903405527,0.12341058759053233
105874436620923713168019020245858616944322383958692280683224180064376992665538,30.0,0.655,30.0,0.22597499999999998,0.001024999999999993,0.51735,0.0016219664933542887,0.22879567952778807,0.001263144752501415,0.2346411631514502,0.0017151798668501293,0.23494040579639702
105874436620923713168019020245858616944322383958692280683224180064376992665538,14.0,0.695,14.0,0.21197500000000002,0.0003249999999999962,0.5116499999999999,0.0007468698660440878,0.22401053203287746,0.000555304735246753,0.22662272744381207,0.0008081193061646287,0.21710523683901278
105874436620923713168019020245858616944322383958692280683224180064376992665538,7.0,0.775,7.0,0.17437499999999997,0.00012500000000000022,0.43744999999999995,0.00037307468344421543,0.17890971335232486,0.00028174578207238745,0.17790055133608676,0.0003934494684095874,0.17841479995966203
105874436620923713168019020245858616944322383958692280683224180064376992665538,3.0,0.77,3.0,0.17709999999999998,2.5000000000000045e-05,0.36672499999999997,0.00017329756407942856,0.1782032966471965,0.00012002728923342625,0.17844633153249867,0.00016882374137231558,0.18003762024808478
17316848072047013292688612291814462559434073219123406053201835860789640781031,7.0,0.39,6.0,0.2379,2.5000000000000045e-05,0.279775,0.0003179537053854564,0.2387186576486178,0.00024311415471972464,0.2402390721968027,0.0002748230291289481,0.24048428516875775
17316848072047013292688612291814462559434073219123406053201835860789640781031,3.0,0.395,3.0,0.238975,0.0,0.275725,0.00015586142732275124,0.24083727047080372,0.00012568169049899494,0.23975509859681884,0.00011171002595166947,0.23903442379751272
107303881689780116979934419713652545873528717512161697004408881489729317049047,30.0,0.685,30.0,0.21577499999999997,0.0007999999999999958,0.08702500000000002,0.0016310820646803106,0.22463463149542512,0.0011109335551515306,0.23851610444131688,0.0017746226817525346,0.22122962640395158
107303881689780116979934419713652545873528717512161697004408881489729317049047,14.0,0.695,14.0,0.21197500000000002,0.00030000000000000057,0.08702500000000002,0.0007615622816943597,0.21819677369636992,0.0005001707334681962,0.2320376196949055,0.0007939920468274173,0.21916945396161375
107303881689780116979934419713652545873528717512161697004408881489729317049047,7.0,0.695,7.0,0.21197500000000002,0.00030000000000000057,0.08702500000000002,0.00038681778963669004,0.21158094476135794,0.000252171838400549,0.21450953780626278,0.00037473946511730444,0.21730200717457188
107303881689780116979934419713652545873528717512161697004408881489729317049047,3.0,0.705,3.0,0.20797500000000002,0.00020000000000000036,0.08702500000000002,0.00016357827906205474,0.209193367111425,0.00010442134823273115,0.2059984321366106,0.0001418081998560073,0.2088952345533656
67085875334869002798733463840730267217253311635510616472551737064503891109620,30.0,0.72,29.0,0.2016,0.0008752499999999997,0.17625875000000002,0.0014478812319245074,0.22325550102662256,0.0011092152866928428,0.22220031304326684,0.0017656453164019265,0.2219024586869959
67085875334869002798733463840730267217253311635510616472551737064503891109620,14.0,0.085,14.0,0.07777500000000001,0.0005502500000000001,0.0028587500000000006,0.0005474339558405311,0.1193176052593353,0.0004910549734236734,0.12878080463574332,0.0005012206697774574,0.10930177184721238
104812678819888768186476490776932829645613323618807365045493017445562499027860,7.0,0.065,5.0,0.060775,0.0,0.0041605,0.00013523750223774355,0.08010362742978269,0.00012090113303570265,0.09046117829335128,0.00013937686077172026,0.08796457628640188
104812678819888768186476490776932829645613323618807365045493017445562499027860,3.0,0.065,3.0,0.060775,0.0,0.0041605,9.383653213907026e-05,0.08548502645901739,7.006830700942216e-05,0.08921580320627404,6.932540196218239e-05,0.08220381094397748
67466148034529849001749283892995420841255740280965377423907471965663421834164,30.0,0.49,30.0,0.2499,0.0012750000000000025,0.21642499999999998,0.001610953019807657,0.2553644258768679,0.0011688676721264728,0.26121764914971535,0.0016086474244847854,0.254272520718488
67466148034529849001749283892995420841255740280965377423907471965663421834164,14.0,0.545,14.0,0.247975,0.0007500000000000013,0.21392499999999998,0.0007509774535884653,0.2484984780109181,0.0005393750568642081,0.2514187645877298,0.0007435086533729911,0.24624420466203412
67466148034529849001749283892995420841255740280965377423907471965663421834164,7.0,0.535,7.0,0.248775,0.0004000000000000007,0.21392499999999998,0.0003792085037889398,0.24873315703191648,0.0002725678668314749,0.25056776552673377,0.00034927617999214644,0.2490720488752323
67466148034529849001749283892995420841255740280965377423907471965663421834164,3.0,0.505,3.0,0.249975,0.00020000000000000036,0.20862499999999995,0.00017258289339226976,0.2502189564168612,0.00011561736781917883,0.25024543322487264,0.00013530403352211045,0.25028688733790555
37220070791342015701427580324830917729104228909239839216901635895034019813787,14.0,0.535,13.0,0.248775,0.00020000000000000036,0.20672500000000002,0.0006992281696593637,0.2497916947080712,0.000488868051196503,0.2509476401585091,0.0006386115977836749,0.24812236514534333
37220070791342015701427580324830917729104228909239839216901635895034019813787,7.0,0.53,7.0,0.2491,0.00012500000000000022,0.20672500000000002,0.00037554889355041353,0.24918868002409844,0.00030323387270316264,0.2520091074841716,0.0003459973136959086,0.2487893343066971
37220070791342015701427580324830917729104228909239839216901635895034019813787,3.0,0.525,3.0,0.24937499999999999,0.00010000000000000018,0.20672500000000002,0.00017206613877422547,0.2497866242766432,0.00012063993291649083,0.2494326657013519,0.00011926237904248404,0.24936927336539638
42608976678453282191396649541469404140173726764419930007687341129569085138261,30.0,0.345,28.0,0.22597499999999998,0.0010000000000000018,0.15692500000000004,0.0013772116387596295,0.23572262365823182,0.0010155150805201613,0.24861166651831945,0.001407683362981825,0.2361149711509144
42608976678453282191396649541469404140173726764419930007687341129569085138261,14.0,0.365,14.0,0.231775,0.0005000000000000009,0.15692500000000004,0.0007543268048065464,0.23411212718171692,0.0005486747552361841,0.24304485210387627,0.0007370156764190547,0.23634930301030446
42608976678453282191396649541469404140173726764419930007687341129569085138261,7.0,0.365,7.0,0.231775,0.0004000000000000007,0.15692500000000004,0.00038817705831807446,0.23553767025742667,0.0002596715020714564,0.23843906443842525,0.0003302765571465981,0.23096098937796072
42608976678453282191396649541469404140173726764419930007687341129569085138261,3.0,0.385,3.0,0.236775,0.00030000000000000057,0.15602500000000002,0.0001626048059408543,0.23621685738525464,0.0001268524296012338,0.24168403028071495,0.00013922971482322133,0.23823300894178373
98488038445619008499059850301828260406022813717073239871054047992508309215819,14.0,0.47,15.0,0.2491,0.0,0.43394999999999995,0.0008667710191055175,0.24550845528553822,0.0006199537854723087,0.2505589991429676,0.0007619228592790428,0.24936758855399405
98488038445619008499059850301828260406022813717073239871054047992508309215819,7.0,0.175,7.0,0.14437499999999998,0.0,0.34692499999999993,0.00033707263010981757,0.15164277529390982,0.00023421153313604671,0.15318921837560592,0.0003080814864576854,0.15446521759805332
98488038445619008499059850301828260406022813717073239871054047992508309215819,3.0,0.345,3.0,0.22597499999999998,0.0,0.31802499999999995,0.00018010724354667695,0.22831401643051813,0.0001215657604031505,0.22459926019140794,0.00012767542054151776,0.22675394292195372
93337599060264064366872968959288408564148801228341725108976298666834229664520,7.0,0.515,6.0,0.249775,0.00012500000000000022,0.36524999999999996,0.00033248832310549676,0.25067938876922274,0.0002086012308246468,0.2518476323408858,0.0002606229256130797,0.25017874414592894
93337599060264064366872968959288408564148801228341725108976298666834229664520,3.0,0.655,3.0,0.22597499999999998,0.00010000000000000018,0.34422499999999995,0.00017055202872012727,0.228939582074388,0.00011750673199212923,0.23148037302490124,0.00014333744906489866,0.22730237669624642
15145237739766757543920295010173333079386008614623370487057624811543913015599,14.0,0.725,13.0,0.199375,1.250000000000058e-06,0.76950625,0.0007137771498009902,0.20158882814069856,0.00046632941130047927,0.2035136837618292,0.0007515673419194843,0.20641953096950508
15145237739766757543920295010173333079386008614623370487057624811543913015599,7.0,0.67,7.0,0.2211,1.250000000000058e-06,0.6808812499999999,0.0003488412567870089,0.22462917156483983,0.0002675467343939918,0.2233066180308214,0.000347495719150315,0.22375806275951204
25494827138933986822150193654579004714728604350275111824590869209082819885330,30.0,0.285,30.0,0.203775,0.001759749999999998,0.05488125,0.0014091947280957607,0.23130434869922617,0.001155802099315481,0.21628344633053978,0.0013963190347593996,0.22126321525973894
25494827138933986822150193654579004714728604350275111824590869209082819885330,14.0,0.115,14.0,0.101775,0.0011597500000000002,0.0030312500000000005,0.0005738440333202241,0.12830890822797972,0.0005009583370099303,0.14214519332869366,0.0005905747852266783,0.1388493463213255
60288272810361499025217465573628996058988494762690360827820892015857862477038,14.0,0.31,12.0,0.21389999999999998,0.00037500000000000066,0.28657499999999997,0.0005964572750319933,0.2172779419961412,0.0004928975719904451,0.22898918967701706,0.0005719461713205816,0.2245619139232054
60288272810361499025217465573628996058988494762690360827820892015857862477038,7.0,0.38,7.0,0.2356,0.0003250000000000006,0.277325,0.00038638953542928885,0.2327807067256682,0.00028232821172541664,0.23729324957310038,0.0003449196496897352,0.23524908175536965
60288272810361499025217465573628996058988494762690360827820892015857862477038,3.0,0.515,3.0,0.249775,0.0,0.265225,0.00017543851547191915,0.2498762174932883,0.00010947748907431515,0.2520906079993132,0.0001330688549038881,0.250074617762021
29904085738634800807850286108673899231278214025131538572228243310371586316124,30.0,0.225,30.0,0.174375,0.0007500000000000013,0.04542499999999999,0.0013491609460334869,0.20401304791290317,0.001147692582354464,0.20873705196340725,0.0012922849610202667,0.20637603590529152
29904085738634800807850286108673899231278214025131538572228243310371586316124,14.0,0.225,14.0,0.174375,0.0,0.04542499999999999,0.0005536124756336381,0.18368946731956065,0.0005117613694087528,0.1828828087837097,0.0006169762948304565,0.1731499306688299
29904085738634800807850286108673899231278214025131538572228243310371586316124,7.0,0.225,7.0,0.174375,0.0,0.04542499999999999,0.0003683956912728255,0.17617117889344308,0.0002527360591597003,0.17339802776560626,0.00034143327718277286,0.1853129415814023
29904085738634800807850286108673899231278214025131538572228243310371586316124,3.0,0.205,3.0,0.162975,0.0,0.04202499999999999,0.00015985681834320965,0.16383772154095794,9.379373330415858e-05,0.16978906928522788,0.00015513987302335534,0.1632547199945095
27883764370315616702272351726454432090929880995587991470626045704871419241763,30.0,0.765,30.0,0.179775,0.0005750000000000011,0.1558000000000001,0.0014619468920244402,0.19038092099300244,0.001144963606124086,0.20707460340847192,0.0019091193523263239,0.207525569845038
27883764370315616702272351726454432090929880995587991470626045704871419241763,14.0,0.89,14.0,0.09789999999999999,0.00012500000000000022,0.09532500000000002,0.0005875151787279687,0.14307964717883626,0.00046949839576458137,0.12578858961925385,0.0009087188167378746,0.1253145824721805
27883764370315616702272351726454432090929880995587991470626045704871419241763,7.0,0.88,7.0,0.1056,0.00012500000000000022,0.024925000000000024,0.00024385403231870557,0.1378868242798159,0.00021064832065728227,0.12809279807988094,0.00034615628496241307,0.12769380093008484
27883764370315616702272351726454432090929880995587991470626045704871419241763,3.0,0.925,3.0,0.06937499999999996,0.00010000000000000018,0.021625000000000016,8.640813113088998e-05,0.07350552263729075,7.779682016366426e-05,0.08108115007515783,0.0001227668937202305,0.07543775418017021
53157904136297093674173862730136508447316451126508048642020012699724842112609,7.0,0.505,6.0,0.249975,0.00025000000000000044,0.14882499999999999,0.0003544025165148732,0.24802227405118019,0.0002174470522795418,0.2519572070477912,0.00030129353713258163,0.25041675436226335
53157904136297093674173862730136508447316451126508048642020012699724842112609,3.0,0.58,3.0,0.2436,0.0002250000000000004,0.142425,0.0001929121446171285,0.24762556897190202,0.00010130831389521833,0.24559781798418137,0.00012774359340650851,0.2438654689907127
57752284367725034287346435471057328308444915233524699870210440654102418844310,7.0,0.495,6.0,0.249975,0.00012500000000000022,0.15355,0.00029535673585647464,0.24911864657014848,0.00020344730802101995,0.2551668342063524,0.00028297788584779617,0.24941138575559074
57752284367725034287346435471057328308444915233524699870210440654102418844310,3.0,0.455,3.0,0.24797499999999997,0.0,0.151525,0.00016855218935152711,0.2483079461340729,0.00012060960734239997,0.24897070329896728,0.00013087625426512768,0.247727940017528
84204843763363692452087731991840646974465033840290811886282964917432364505726,30.0,0.225,30.0,0.174375,0.00017574999999999964,0.016257249999999997,0.0013357122410213229,0.2019277122626224,0.0012354835567855,0.20866612306628501,0.0012790569818587922,0.2083343630566994
7988364699307342268260495915445731509602502693363579435248273813409237524599,7.0,0.1455,7.0,0.12432975,2.949999999999994e-05,0.00538875,0.0003101402773449536,0.15476157520700373,0.0002833730017865279,0.14659283490435557,0.000294656501224295,0.1525853424988497
7988364699307342268260495915445731509602502693363579435248273813409237524599,3.0,0.0725,3.0,0.06724374999999999,1.6249999999999917e-05,0.0025325,8.130836232320071e-05,0.0835170460796896,7.705682808004724e-05,0.08408461961638931,8.36801117897517e-05,0.0921960064199781
115259565230340488752829539798594464058371211765181621978428825324607974616548,30.0,0.0715,30.0,0.06638775,0.0005515000000000002,0.18433824999999995,0.0009666576528769014,0.11634467747840177,0.0009011040171969495,0.1135424736640528,0.0008406693366259343,0.10769330706384381
115259565230340488752829539798594464058371211765181621978428825324607974616548,14.0,0.074,14.0,0.068524,0.00022125000000000017,0.18433824999999995,0.0005153325652614238,0.1190969971821378,0.0004212941747007731,0.10088495263779673,0.0005055781138097293,0.11481746926954474
115259565230340488752829539798594464058371211765181621978428825324607974616548,7.0,0.3745,7.0,0.23424974999999998,0.00021050000000000016,0.12364224999999998,0.0003815613063120125,0.23614663256158208,0.0002716135055825725,0.2366532123394483,0.0003381907661789099,0.23369699949881031
115259565230340488752829539798594464058371211765181621978428825324607974616548,3.0,0.6165,3.0,0.23642775,0.000128500000000002,0.07569024999999999,0.00019563436757687319,0.23656672696644193,9.899652369648352e-05,0.2363380692129146,0.00013205487879860007,0.23563148681771218
108840247999849444527064093950170000612101147303680893346663504227770756115957,30.0,0.135,31.0,0.116775,0.00029999999999999943,0.019210500000000002,0.0012437345504251168,0.16008730171931784,0.0012257819848959075,0.16817961298835013,0.0012402362931491896,0.16072946742260855
108840247999849444527064093950170000612101147303680893346663504227770756115957,14.0,0.165,14.0,0.137775,0.0,0.0176105,0.0005839849518915853,0.16640296946308034,0.0005132084099316103,0.16152624819242814,0.0005599466122402424,0.16252364224484828
108840247999849444527064093950170000612101147303680893346663504227770756115957,7.0,0.165,7.0,0.137775,0.0,0.0176105,0.0002981282771603766,0.15766729275730829,0.0001913351430593755,0.14787998847305084,0.00032642804736562767,0.15947467515135347
108840247999849444527064093950170000612101147303680893346663504227770756115957,3.0,0.0655,3.0,0.06120975,0.0,0.007710250000000001,8.285860019698253e-05,0.0842854173913517,4.826636699729275e-05,0.07571013884780273,7.7225525408491e-05,0.08495984275138038
35859390315656392060454073267547818364992234221835154301016271976231606921278,30.0,0.13,27.0,0.1131,0.0019985000000000007,0.005033000000000001,0.0011104161563049685,0.17026017697715035,0.0010023087583904003,0.15998726641521016,0.0011355863111729774,0.15939770576900888
35859390315656392060454073267547818364992234221835154301016271976231606921278,14.0,0.0685,14.0,0.06380775000000001,0.0011517500000000002,0.0014690000000000007,0.000497406987413091,0.10337221362011363,0.00046847082311441524,0.10471552779873694,0.0004998776298131422,0.09591755231201293
35859390315656392060454073267547818364992234221835154301016271976231606921278,7.0,0.0505,7.0,0.047949750000000006,0.00047125,0.0004450000000000002,0.00017481285942655842,0.060528695518031056,0.00015912576901042072,0.07643166818643288,0.00019233884373938152,0.06741138029846139
101407360275578242025559123794924815546227269981219987932032932255334246314286,14.0,0.54,12.0,0.2484,0.0005499999999999998,0.24915,0.0006172725055727949,0.25062906436760635,0.0004364795201773771,0.2575493830797718,0.0005874316935117256,0.249749358059858
101407360275578242025559123794924815546227269981219987932032932255334246314286,7.0,0.48,7.0,0.2496,0.00032499999999999944,0.23882499999999998,0.00040525030014072305,0.25061035357801126,0.00027132351146868177,0.2514922964665787,0.0003218641669828738,0.251039769856933
101407360275578242025559123794924815546227269981219987932032932255334246314286,3.0,0.455,3.0,0.24797499999999997,0.00019999999999999925,0.23682499999999998,0.00018423320887142798,0.24820181156487295,0.00011483229784229561,0.24780515780235543,0.0001200770722352526,0.24752844890352857
80428904675923538940008471264353635249492864710034942355848125398728557436529,7.0,0.08,5.0,0.0736,1.0000000000000019e-06,0.9992095000000003,0.00015000896952024203,0.0944645257707068,0.00012300479314353448,0.09558303073688972,0.0001547686083593755,0.0982197504399285
9059650700126795019827485089957938050581213031053374092199507389736394347163,30.0,0.23,30.0,0.1771,0.0007952499999999997,0.049420250000000006,0.0013336289904243431,0.21163346733596916,0.001164497265273491,0.21909003379130254,0.0013465427544328665,0.21909552488363715
9059650700126795019827485089957938050581213031053374092199507389736394347163,14.0,0.25,14.0,0.1875,0.00034525000000000007,0.049420250000000006,0.0006056922871717794,0.19839945969057116,0.0004831400531721848,0.20584662723275077,0.0005817604299492196,0.19631955833257497
9059650700126795019827485089957938050581213031053374092199507389736394347163,7.0,0.235,7.0,0.179775,0.00012024999999999966,0.049420250000000006,0.00035007923711256406,0.18570214988512887,0.0002727306467198551,0.19256813076426763,0.00034191390152743127,0.18836473582737384
9059650700126795019827485089957938050581213031053374092199507389736394347163,3.0,0.235,3.0,0.179775,0.00012024999999999966,0.048620250000000004,0.0001640024807294157,0.18146528172492488,0.00011313234057978374,0.18348769100957021,0.00016984952027525354,0.1823817389707839
71586812121580592043346752714839402767886091189327411063555693107326343705620,14.0,0.475,13.0,0.24937499999999999,0.0005750000000000011,0.10064999999999999,0.0007363062799989506,0.24867189759413708,0.000499447810286157,0.25366181046486275,0.0006582551958061,0.2522256181962095
71586812121580592043346752714839402767886091189327411063555693107326343705620,7.0,0.715,7.0,0.203775,0.00037500000000000066,0.04285000000000001,0.00034704290121926495,0.20731160071581192,0.00027211073487440037,0.2064737977437725,0.0003688062434062409,0.20890282366355828
71586812121580592043346752714839402767886091189327411063555693107326343705620,3.0,0.875,3.0,0.109375,0.00015000000000000029,0.015625,0.00011260147954383536,0.11221663407379154,8.8828925148359e-05,0.11355116644736084,0.00014848106480770627,0.11413091724752941
95163531092877292041653926877189109700421922880280588369115449216019806075700,7.0,0.335,6.0,0.22277500000000003,0.0002499999999999988,0.34407499999999996,0.00032227280882853477,0.22782254345707387,0.00025230367368113784,0.22353167600748164,0.0003085442460763227,0.22673232591683526
95163531092877292041653926877189109700421922880280588369115449216019806075700,3.0,0.355,3.0,0.22897499999999998,0.0,0.34407499999999996,0.00016419359704650043,0.2301794304071811,0.00011493332799425965,0.23202164044075382,0.00014094175634513678,0.2288029245361475
112671469819328513099663634525888406173116551136514515556954992090635778059156,3.0,0.894,3.0,0.09476399999999999,9.000000000000015e-06,0.005783500000000003,9.901961550685972e-05,0.09731186160797187,9.954096575376746e-05,0.10907981866073362,0.000140533511541137,0.1039720396517614
101971266276864678863554426688496696165714598981788215573271274390814686396324,7.0,0.685,6.0,0.21577499999999997,0.0,0.12407499999999996,0.0003766646704495476,0.21609847852231936,0.00024734403987195603,0.21734187019128468,0.00028993393525308437,0.21397890313294465
101971266276864678863554426688496696165714598981788215573271274390814686396324,3.0,0.69,3.0,0.2139,0.0,0.12254999999999998,0.00017056187210758646,0.21588893639079282,0.00011107544219528565,0.21520819394889376,0.00013581020155740314,0.21813666669864404
51671170099141846052387473511913218863994516812438373860271395611005479900093,30.0,0.4,30.0,0.24,0.002005999999999998,0.03357850000000001,0.0015792029218743178,0.2519226192859553,0.0011239779875193245,0.24434950898088673,0.0015796981661913084,0.23615709440688037
51671170099141846052387473511913218863994516812438373860271395611005479900093,14.0,0.16,14.0,0.1344,0.0007059999999999997,0.018178499999999997,0.0005887130000502045,0.16870331168689506,0.0005019432615615894,0.17053742048301365,0.0005555016708153884,0.15645679585608538
51671170099141846052387473511913218863994516812438373860271395611005479900093,7.0,0.16,7.0,0.1344,0.00010599999999999992,0.018178499999999997,0.0002976100114924165,0.13746763957348332,0.00021746630275928437,0.13587265272671423,0.00031053200999298173,0.14404787794699733
51671170099141846052387473511913218863994516812438373860271395611005479900093,3.0,0.085,3.0,0.07777500000000001,8.100000000000002e-05,0.0029285,9.868021585465084e-05,0.0980994414518739,9.037071292445659e-05,0.09260821945546674,9.327946499884788e-05,0.10251811815767872
107961194152792740725727064379230288293910546811577910480987951504293301797282,14.0,0.555,14.0,0.246975,0.00010850000000000009,0.09270350000000001,0.0007702435297489552,0.25152961323002815,0.0005387178970954725,0.2573799835518425,0.0007101407120036213,0.24726201851489532
107961194152792740725727064379230288293910546811577910480987951504293301797282,7.0,0.855,7.0,0.12397500000000002,8.499999999999905e-06,0.011003500000000015,0.0003124679577664607,0.1407775373441348,0.00024125708319900046,0.14102813440082418,0.0003628303987802508,0.13436164879502205
81745743771163751658961878056570878441270174965169545958038445492733099896692,30.0,0.27,30.0,0.1971,0.0011252500000000002,0.01638125,0.0013515760813706196,0.22159723729660766,0.0011337896318251001,0.2097943787854045,0.001344294867656462,0.22255676207114006
81745743771163751658961878056570878441270174965169545958038445492733099896692,14.0,0.105,14.0,0.093975,0.0004002499999999999,0.004781250000000001,0.0005404069779290158,0.12446879451814281,0.00047417901464581763,0.12550206605876169,0.0005932958619486859,0.121267992534888
38626294313509935541386699081410949237349566230461651187135121754117545664676,30.0,0.1675,30.0,0.13944375,0.0006494999999999981,0.21402075000000004,0.0012527474876590056,0.17090229435281215,0.0011284882171064808,0.18853903064667057,0.001240339721623601,0.1761119016250071
38626294313509935541386699081410949237349566230461651187135121754117545664676,14.0,0.4105,14.0,0.24198975,0.00025274999999999983,0.16362050000000003,0.0007187181441982471,0.24620110795279718,0.0005626747289011109,0.2439625532415349,0.0007030403114888812,0.24617004569961456
38626294313509935541386699081410949237349566230461651187135121754117545664676,7.0,0.4115,7.0,0.24216775,0.0002232499999999998,0.16362050000000003,0.00039497978492634685,0.24113817839599858,0.0002430564295196664,0.24380054567497977,0.0003103403779556834,0.2422578072772037
38626294313509935541386699081410949237349566230461651187135121754117545664676,3.0,0.411,3.0,0.24207899999999996,3.0499999999999444e-05,0.16362050000000003,0.00014042999820922678,0.24369866522520414,0.00010771731802693504,0.24022255750918742,0.0001141337879872578,0.24132671806249298
75439328005702016594334348803065614489595913463431645802005489520382253034454,30.0,0.5,30.0,0.25,0.0006249999999999989,0.34804050000000003,0.0015938713399491994,0.25154988950975915,0.0011963259243029033,0.26078469801486004,0.0016595510148786894,0.2557836071946546
75439328005702016594334348803065614489595913463431645802005489520382253034454,14.0,0.495,14.0,0.249975,0.0004999999999999987,0.34804050000000003,0.0007877914017760684,0.2511051153196764,0.0005418129033665255,0.2574284729628983,0.0007225733569940458,0.2540242310770713
75439328005702016594334348803065614489595913463431645802005489520382253034454,7.0,0.495,7.0,0.249975,0.00019999999999999814,0.34804050000000003,0.0003872071800785345,0.24888643448794487,0.00027623480894230885,0.25126157671256505,0.00032881607287057807,0.2505347123986825
75439328005702016594334348803065614489595913463431645802005489520382253034454,3.0,0.405,3.0,0.240975,9.999999999999907e-05,0.3416405,0.0001504301199221461,0.24313665045940477,0.00011622572221359034,0.24438562768839234,0.00012443353620757156,0.24083686989328484
109081243913383015615425037992636571273513271639233491652524900113026919029196,7.0,0.48,6.0,0.2496,0.0002250000000000004,0.3328749999999999,0.00032102673948447964,0.250252216727062,0.00021515918535873902,0.25171856874939924,0.0002781524576127806,0.25000324688050896
109081243913383015615425037992636571273513271639233491652524900113026919029196,3.0,0.515,3.0,0.249775,0.0002250000000000004,0.33164999999999994,0.0001687621124497051,0.250063804110508,0.0001365821139327529,0.2530809277353848,0.0001270992291105581,0.24944795979683945
18743217884084451181326534803259386349719190738348996062011676818990905009388,30.0,0.665,30.0,0.222775,0.001599999999999994,0.04412499999999999,0.0016173037585910542,0.233592121893024,0.0012018022818643245,0.23356591231715595,0.0017794818599821533,0.2370578847708662
18743217884084451181326534803259386349719190738348996062011676818990905009388,14.0,0.695,14.0,0.21197500000000002,0.0006999999999999946,0.043724999999999986,0.0007330716120629246,0.22065547791115125,0.0005197224258868123,0.21693509683075082,0.0007833056962054602,0.2182342795488386
18743217884084451181326534803259386349719190738348996062011676818990905009388,7.0,0.725,7.0,0.199375,0.00020000000000000036,0.04332499999999999,0.00038508509472504266,0.2044708920618547,0.0002843565410987876,0.20604788446349986,0.00037854114616377366,0.19975281069002349
18743217884084451181326534803259386349719190738348996062011676818990905009388,3.0,0.755,3.0,0.184975,0.00010000000000000018,0.04292499999999999,0.00016250708718729473,0.1858833476709326,9.524183656396912e-05,0.18864606437089634,0.00017014706246042726,0.18584932177424052
40188011078723717028570277979743079995042968731892406119337197516891041207608,30.0,0.455,30.0,0.24797499999999997,0.00047600000000000084,0.38320250000000006,0.0016465234831781732,0.24969090451369236,0.0011123015226349809,0.25734402768696396,0.0016113185355478583,0.25359425220001036
40188011078723717028570277979743079995042968731892406119337197516891041207608,14.0,0.595,14.0,0.240975,0.00025100000000000046,0.28497750000000005,0.0007781569252015651,0.24648625301666563,0.0005553208204043224,0.24617906451878993,0.0007292548226302957,0.24293971512121065
40188011078723717028570277979743079995042968731892406119337197516891041207608,7.0,0.62,7.0,0.2356,0.0002260000000000004,0.2676275000000001,0.0003775314458775897,0.23581546312283636,0.0002789616718017069,0.2373907409918259,0.00031242351169851775,0.23643286726948887
40188011078723717028570277979743079995042968731892406119337197516891041207608,3.0,0.5,3.0,0.25,1.0000000000000019e-06,0.24850250000000007,0.00019211871587819406,0.24941455433365392,0.00013065434055869644,0.24924798605250756,0.0001276940784805742,0.2494376548717704
54511825390633995374175059606221780469743756932404872461241366577064924822137,30.0,0.58,28.0,0.2436,0.00045000000000000075,0.25865,0.0015127722811514649,0.24688704331691153,0.0010255967939899755,0.2508061878523156,0.0016152359798297755,0.24768781668675438
54511825390633995374175059606221780469743756932404872461241366577064924822137,14.0,0.545,14.0,0.247975,0.0003250000000000006,0.25775,0.0007428349999156402,0.2491527264724091,0.0005428052656633646,0.2465598858250804,0.0007879180705897829,0.24661692099326696
54511825390633995374175059606221780469743756932404872461241366577064924822137,7.0,0.54,7.0,0.2484,0.0002250000000000004,0.256725,0.0003960196256931213,0.24638973529557945,0.00026552360806686247,0.25058140268414486,0.0003533130123930899,0.24950765665413888
54511825390633995374175059606221780469743756932404872461241366577064924822137,3.0,0.505,3.0,0.249975,0.0,0.255825,0.00015549214539604288,0.2524365361848787,0.000118028193205507,0.25058277304835885,0.00012664676534716643,0.2503026716257194
90801438152715106360403759967309765301929751621656066496413609821970550149312,30.0,0.685,23.0,0.21577499999999997,0.0017250000000000032,0.5462499999999999,0.0012149709090230843,0.22931004049373643,0.0009105487458326572,0.22992853387392778,0.0013405812293881924,0.22169150346126723
90801438152715106360403759967309765301929751621656066496413609821970550149312,14.0,0.735,14.0,0.194775,0.0010000000000000018,0.5406249999999999,0.0007610313118800564,0.21414051245453192,0.000523488303532202,0.20122868758105575,0.0008328060483792382,0.1994841265331292
90801438152715106360403759967309765301929751621656066496413609821970550149312,7.0,0.725,7.0,0.199375,0.00030000000000000057,0.540225,0.00036559861092208437,0.2032406618524749,0.00026691125374478397,0.20963985514833927,0.00036151466932675457,0.20286066113988988
90801438152715106360403759967309765301929751621656066496413609821970550149312,3.0,0.735,3.0,0.194775,0.0,0.540225,0.00016574496288512662,0.19461904874123648,0.00012266550071473158,0.19929730749472818,0.00015204541693610919,0.19458050197526702
23852692705918056263361088862327787297271870184240255972437510183283672881336,14.0,0.32,13.0,0.2176,0.0007250000000000002,0.13617500000000002,0.0006334316912983976,0.22397599375130695,0.00045016090434372985,0.230035831976219,0.0006474489602337623,0.2229173836126771
23852692705918056263361088862327787297271870184240255972437510183283672881336,7.0,0.305,7.0,0.21197500000000002,0.00039999999999999964,0.11752500000000002,0.0003688375638416137,0.2078419608623686,0.00028352187271908484,0.21711816988030783,0.00036888223856649556,0.21200003337401715
23852692705918056263361088862327787297271870184240255972437510183283672881336,3.0,0.265,3.0,0.194775,0.00020000000000000036,0.11712500000000002,0.00013922291152633235,0.19326927972841967,0.00010825515604415417,0.20090802588409512,0.00015539805692570813,0.19613033557411952
110579788326783511717784288578366620422985744637050825108920687535996792628584,30.0,0.855,22.0,0.12397500000000002,1.2499999999999467e-06,0.36528225000000003,0.0010515032600743413,0.16809861099168408,0.000814410480155973,0.15603500874832643,0.0013188092400345437,0.17201989647559743
110579788326783511717784288578366620422985744637050825108920687535996792628584,7.0,0.757,7.0,0.183951,1.0000000000000019e-06,0.15468600000000002,0.00037456009196510314,0.18995396705162926,0.00029357812397648323,0.19181805427018642,0.00037098139661697683,0.18708068892964788
100267003760103393908670696704053360363072200086302779487555818587885289088745,30.0,0.18,30.0,0.1476,0.0011800000000000042,0.44233399999999984,0.00124276982891321,0.18278465201427901,0.0010847799388759233,0.18521095842929344,0.0012225914482409742,0.1876955856091397
100267003760103393908670696704053360363072200086302779487555818587885289088745,14.0,0.925,14.0,0.06937499999999996,0.0009800000000000039,0.000908999999999995,0.0004959450966170913,0.1226576126430021,0.000445219077012337,0.1271355511630545,0.0007827372232534838,0.11750932921563358
107945275283604973510604597780969572155224468096168425689613528391046536169017,7.0,0.575,6.0,0.244375,0.0002250000000000004,0.4199055000000001,0.00030026541602739133,0.24457375703274828,0.00024050472710675797,0.24428405435654688,0.0003245949882281593,0.2447050094153964
107945275283604973510604597780969572155224468096168425689613528391046536169017,3.0,0.585,3.0,0.24277500000000002,0.0002250000000000004,0.4174055000000001,0.00014933755980245419,0.2454254902314571,0.00013032443725598806,0.24564414922947272,0.00014155121713143508,0.24349820430500826
9213199466438451948641324568298626359340711012933503101661080511193774738511,7.0,0.635,6.0,0.231775,0.00037500000000000066,0.08085,0.00031142734413166514,0.2357033124007259,0.00022253823462775352,0.23335146276642868,0.0002927433058181281,0.23095334133874038
9213199466438451948641324568298626359340711012933503101661080511193774738511,3.0,0.745,3.0,0.189975,0.0003500000000000006,0.060024999999999995,0.00017832668824447167,0.19436863315038744,0.00010609657129401057,0.19314772727763857,0.00013601283609004857,0.19508162084206657
71482196127793954173009379293558799412289446533126992483262956574246210291636,30.0,0.123,30.0,0.107871,0.0008635000000000001,0.08368049999999998,0.001188913382872549,0.15263762153494617,0.0010949410282196754,0.17341269171970933,0.0012153884352973203,0.15643146439895161
71482196127793954173009379293558799412289446533126992483262956574246210291636,14.0,0.057,14.0,0.053751,0.0002,0.0015250000000000005,0.0003871256973075173,0.07606940147328657,0.00037652280358953715,0.07893685911792103,0.0003808589792146931,0.074925420673214
50844780696646091685782880733376509666830995653200950895268782141728218796100,7.0,0.48,6.0,0.2496,0.0001750000000000003,0.35432499999999995,0.00031746136031112106,0.2504095050061118,0.00022781438279928303,0.24956294893928302,0.0003028330341643932,0.2492462902208699
50844780696646091685782880733376509666830995653200950895268782141728218796100,3.0,0.58,3.0,0.2436,7.500000000000014e-05,0.34222499999999995,0.00015328387793284843,0.24581068545764978,0.00012043965513555997,0.24579486121796204,0.00013174576392751484,0.24206628620349865
24289559250782307105826551700245126854597244562007513072175358049167677529904,7.0,0.915,5.0,0.07777499999999997,4.9000000000000087e-05,0.010097500000000006,0.0001815277018832218,0.09328813868975132,0.00012800913019747235,0.10261166435501508,0.00019460553266042736,0.09426426539089146
81334325138107879820232229989323372754985314809413380189339552257571083528820,30.0,0.065,30.0,0.060775,0.0018509999999999998,0.007814500000000002,0.0008121185003627995,0.1123024357884791,0.0008495457463305406,0.10100595926343081,0.0008936915752113747,0.10981585938622163
81334325138107879820232229989323372754985314809413380189339552257571083528820,14.0,0.065,14.0,0.060775,0.00047599999999999997,0.004989500000000001,0.0004564828226695925,0.08929582836863661,0.00041358660234714533,0.08883255665933676,0.00043419470446628657,0.08907488076902409
50927343474106632772160150391699241955873200403889694079082717465609473040902,7.0,0.495,7.0,0.249975,0.00010000000000000018,0.2973805,0.0004357896763999707,0.24924957219778798,0.00025480034229695344,0.24788554616186256,0.0003149258402135756,0.24743161839521122
50927343474106632772160150391699241955873200403889694079082717465609473040902,3.0,0.455,3.0,0.24797499999999997,0.0,0.2964805,0.00015274064536719293,0.24812526900576792,0.00012205105041377094,0.2484597637877979,0.0001476903239497048,0.24799489863999025
54558803965411915195540706093454814711128477593424843274590512874124486903180,14.0,0.435,13.0,0.24577499999999997,0.00019999999999999925,0.26556050000000003,0.0007090527915515716,0.24824018664613107,0.0004819905018324987,0.24999682714569219,0.0006472941118212199,0.2525155386203926
54558803965411915195540706093454814711128477593424843274590512874124486903180,7.0,0.415,7.0,0.24277499999999996,0.00015000000000000029,0.2173605,0.000390424646065326,0.2449350493158868,0.0002534995728944246,0.24433011829974174,0.00034257753514904075,0.24618285249295419
54558803965411915195540706093454814711128477593424843274590512874124486903180,3.0,0.455,3.0,0.24797499999999997,0.00010000000000000018,0.21576050000000002,0.0001616448843982979,0.24698851199537272,0.00011286133875924207,0.25018572297241515,0.0001354529655718086,0.2483428786726666
113216560926494625842883281718802056882505575990439050699733159483911641597085,30.0,0.11,30.0,0.0979,0.0022024999999999987,0.060084999999999986,0.0011420905822448258,0.16275010531387063,0.0010680578539356133,0.15736508673215854,0.0011147318389664717,0.15592645037446695
113216560926494625842883281718802056882505575990439050699733159483911641597085,14.0,0.085,14.0,0.07777500000000001,0.0012524999999999993,0.004059999999999999,0.0004882854213879875,0.110592987293736,0.0005131630390151424,0.11664726640275465,0.0005246119501508381,0.1096285045517422
44176064323691095169721909237137620456242900394335187754099108778724299829211,7.0,0.645,6.0,0.22897499999999998,0.00020000000000000036,0.32017499999999993,0.00031572734155399767,0.23032350444887872,0.00023047447057795547,0.22933979791014825,0.0002867205807075907,0.23042643398243143
44176064323691095169721909237137620456242900394335187754099108778724299829211,3.0,0.625,3.0,0.234375,0.0,0.3197749999999999,0.0001654194695010386,0.23477347058987028,0.0001138985743230526,0.23375805049961504,0.00014706407699028437,0.2354924015589818
42123205874485793091493660576732830237546808959520698285355812112517651399121,30.0,0.055,30.0,0.051975,0.00141525,0.049540749999999995,0.0007537788207769574,0.09293922220548209,0.0006745233044684621,0.08802253551272099,0.0007613103601398734,0.09971008872370725
42123205874485793091493660576732830237546808959520698285355812112517651399121,7.0,0.079,7.0,0.072759,0.0001015,0.011843500000000005,0.0002394278608277691,0.10732539780293432,0.00018904199616821309,0.10096027383694064,0.00022488693462582545,0.10081071190491403
115548088586633825662425519500723984422794579404944891967166045543435931523785,30.0,0.56,30.0,0.24639999999999998,0.000774999999999999,0.13582499999999997,0.0016077056854657502,0.25001170294145253,0.0011639910496387905,0.2584842463730626,0.0016601326302973247,0.2507345571249607
115548088586633825662425519500723984422794579404944891967166045543435931523785,14.0,0.655,14.0,0.22597499999999998,0.0003500000000000006,0.134125,0.0007036578355780423,0.23125149963892128,0.0005219069282340577,0.2275944962164715,0.0007850554081848276,0.2268055020447038
115548088586633825662425519500723984422794579404944891967166045543435931523785,7.0,0.655,7.0,0.22597499999999998,0.00030000000000000057,0.134125,0.0003897351732683362,0.23003707694289946,0.00022524900185872193,0.23093364922086948,0.00035184026662439196,0.22758399595285128
115548088586633825662425519500723984422794579404944891967166045543435931523785,3.0,0.615,3.0,0.236775,0.00020000000000000036,0.13322499999999998,0.00016857721368733516,0.23759815614458277,0.00012678595834196966,0.23823361908633664,0.00013141082816325885,0.23681391428687765
93985726970841061879525301658282551757905990479983544020970744907364368945115,3.0,0.165,3.0,0.137775,0.0003999999999999996,0.7149249999999999,0.00014657388979368293,0.1446434688257116,9.935558835549745e-05,0.13902037600257056,0.00014091913802682243,0.14710106137772752
30711489452020980602257241350030803661697022655096707600393264490323809240694,30.0,0.375,19.0,0.234375,0.0011192499999999994,0.17101424999999995,0.0010201391108739502,0.24310358432055196,0.0006994977033246227,0.23505646774692504,0.0009655237154247465,0.23519606334017515
30711489452020980602257241350030803661697022655096707600393264490323809240694,14.0,0.205,14.0,0.162975,0.0010192500000000002,0.14716425,0.0005898931110584076,0.1868811673452393,0.0004740629883059039,0.182783615196905,0.0006007864025373066,0.1807558255683609
30711489452020980602257241350030803661697022655096707600393264490323809240694,7.0,0.315,7.0,0.21577500000000002,0.0006692500000000005,0.04611425,0.0004064624665641059,0.21862758003957392,0.00026085926999911915,0.22430652370678433,0.00035549616271181994,0.2183174465676059
30711489452020980602257241350030803661697022655096707600393264490323809240694,3.0,0.095,3.0,0.08597500000000001,0.00044425,0.004489250000000001,8.873580985674906e-05,0.1016215454067557,7.08446712999729e-05,0.10701768613645664,9.988244280683818e-05,0.10010298337760076
99054550242915006108955543144578358900033926850372882757119744243195396034273,30.0,0.59,24.0,0.2419,0.0006140000000000002,0.20797,0.001238250968436957,0.24527115020908197,0.000923686657147613,0.2470059305766491,0.00133132307444633,0.24968263475844424
99054550242915006108955543144578358900033926850372882757119744243195396034273,14.0,0.38,14.0,0.2356,0.0006140000000000002,0.09717,0.0007655926420111686,0.23719097895680863,0.0005008674041251268,0.23689797834761772,0.0007021552870969289,0.23641265381749618
99054550242915006108955543144578358900033926850372882757119744243195396034273,7.0,0.055,7.0,0.051975,0.000389,0.003020000000000001,0.0002170272599687196,0.07704819560999371,0.00017792009699247252,0.07200643106699897,0.0002124041646018609,0.07307399801149042
18375987532365029676782874642110593206353220633077967956574786960470527641334,30.0,0.145,30.0,0.12397499999999999,0.000599999999999999,0.006675500000000001,0.0012205009996857433,0.18243343077947352,0.0011929273942798935,0.16860123998465398,0.0012622348473821903,0.16760798416756217
18375987532365029676782874642110593206353220633077967956574786960470527641334,14.0,0.135,14.0,0.116775,0.0005499999999999992,0.006675500000000001,0.0006111337613250277,0.14884306496602684,0.0005154466275018018,0.14979738590447184,0.0005861253160482421,0.14341454260996753
18375987532365029676782874642110593206353220633077967956574786960470527641334,7.0,0.055,7.0,0.051975,2.4999999999999974e-05,0.0024505,0.00021648684476852805,0.07149214394424329,0.00018415079814713606,0.062125167386959335,0.00020387922209531457,0.07949311827952223
18375987532365029676782874642110593206353220633077967956574786960470527641334,3.0,0.055,3.0,0.051975,2.4999999999999974e-05,0.0024505,8.734947730058274e-05,0.08197933542934928,8.119179058898241e-05,0.06742215396671249,8.244521353909522e-05,0.07634744769834663
44173615818213307420323539827755239890624490645445890158336163199904776761641,14.0,0.805,13.0,0.15697499999999998,0.0004750000000000008,0.5133,0.0006560278194730481,0.16749766780944458,0.0005061867584231603,0.16671537249282609,0.0008378029462980163,0.17383183061794696
44173615818213307420323539827755239890624490645445890158336163199904776761641,7.0,0.72,7.0,0.2016,0.00037500000000000066,0.44472500000000004,0.000405542872758007,0.21002518543408827,0.0002701857541448419,0.20556478028214287,0.00038174818566573995,0.20515802934573332
44173615818213307420323539827755239890624490645445890158336163199904776761641,3.0,0.72,3.0,0.2016,0.0002250000000000004,0.44472500000000004,0.00015016116052456773,0.200682584710413,0.00012051574993502044,0.20297049729792505,0.0001446364789111771,0.20481355961283296
51488901526730069771868285104742328410384372749069959905403041328868803754709,30.0,0.105,30.0,0.093975,0.0004750000000000005,0.40947550000000005,0.0011166747055016072,0.1460461491100608,0.0010827729510782334,0.15346643663992554,0.00111890567871304,0.13934026600713395
51488901526730069771868285104742328410384372749069959905403041328868803754709,14.0,0.135,14.0,0.116775,0.0002750000000000001,0.40857550000000004,0.0005961676224240562,0.14374687866177438,0.0005446602662686965,0.16175296410789222,0.0005518408173416125,0.14542018588023153
51488901526730069771868285104742328410384372749069959905403041328868803754709,7.0,0.13,7.0,0.1131,0.00025000000000000006,0.40857550000000004,0.0002960635415407785,0.13596517812681483,0.0002517144975046949,0.1351359382591525,0.0002940342652914489,0.14228215651291531
51488901526730069771868285104742328410384372749069959905403041328868803754709,3.0,0.06,3.0,0.05639999999999999,0.0,0.40727550000000007,6.903262731788279e-05,0.08367909825532777,5.9103131160809664e-05,0.0817139670764892,7.787652742716916e-05,0.07850392854605236
77200405920919406047222396714341713902953085905930865032809647038536176521469,30.0,0.685,26.0,0.21577499999999997,2.5000000000000045e-05,0.34684999999999994,0.0013660543930904506,0.2216070272946148,0.0010343748445529673,0.2309113428117528,0.0014837845765309915,0.22238229439450868
77200405920919406047222396714341713902953085905930865032809647038536176521469,14.0,0.845,19.0,0.130975,2.5000000000000045e-05,0.33324999999999994,0.0008318759848631477,0.16201922015607725,0.000655260585562325,0.16909996354733842,0.001183022707823076,0.1637837277512551
77200405920919406047222396714341713902953085905930865032809647038536176521469,7.0,0.63,7.0,0.2331,2.5000000000000045e-05,0.31512499999999993,0.0003904369484181161,0.23533454303115384,0.0002861360348031302,0.2330190912552817,0.0003449792870019916,0.23558823206198048
77200405920919406047222396714341713902953085905930865032809647038536176521469,3.0,0.585,3.0,0.24277500000000002,0.0,0.3088749999999999,0.00019810524279915477,0.24152267822279,9.568702024569331e-05,0.24269724057678832,0.0001140322885844881,0.24540004131815152
59324994772443259452909702803090803202219235757859341589213219426911504985747,14.0,0.67,12.0,0.2211,0.00032499999999999836,0.1145405,0.0006732181308162434,0.22855345606226676,0.00045034588127773915,0.22513257113702528,0.0006741327590525384,0.21551777768231353
59324994772443259452909702803090803202219235757859341589213219426911504985747,7.0,0.695,7.0,0.21197500000000002,0.0002999999999999983,0.1118905,0.0003887972057290076,0.21429313373718217,0.0002403634768754777,0.21288197226219294,0.00034270350643174905,0.21376303766729776
59324994772443259452909702803090803202219235757859341589213219426911504985747,3.0,0.685,3.0,0.21577499999999997,0.00020000000000000036,0.1118905,0.0001525545313576572,0.21724784953965312,0.000123101771923448,0.2171336350442934,0.00015022748725313515,0.2154723758767415
46513502983207022700131432758237838614789054945741639912222462331000336610857,7.0,0.205,5.0,0.162975,0.0002999999999999989,0.028953000000000003,0.0002572133186420467,0.16952675151719593,0.00019059527460866317,0.16407355716678096,0.0002868962488717685,0.1687640044952501
46513502983207022700131432758237838614789054945741639912222462331000336610857,3.0,0.205,3.0,0.162975,9.999999999999963e-05,0.028953000000000003,0.00016905943275462223,0.16429442584565837,0.00011893614459325867,0.16451879524383262,0.00017649605887515223,0.16735563191423264
7648925155044397287047798308912067661131447591491670430094875295487039626662,14.0,0.205,12.0,0.162975,0.00012500000000000022,0.8539290000000002,0.0005218187950187166,0.1830669593200482,0.00042153048820384886,0.18360462654292353,0.0005100974510218787,0.182743392424755
7648925155044397287047798308912067661131447591491670430094875295487039626662,7.0,0.655,7.0,0.22597499999999998,2.5000000000000045e-05,0.7529290000000001,0.0004000187351257592,0.22987243106218125,0.0002722305757175555,0.23445401823729056,0.00034476749904579113,0.22857622784637407
7648925155044397287047798308912067661131447591491670430094875295487039626662,3.0,0.83,3.0,0.14110000000000003,0.0,0.7187790000000001,0.00013577199971566225,0.14833356975935483,0.00012182993304079492,0.14626409305367782,0.0001810277852929595,0.1454416257066395
111604417349377875799825956621596386269673370070912696668140891647145772186047,30.0,0.805,30.0,0.15697499999999998,0.0007969999999999961,0.22305550000000002,0.0014436562517135404,0.17788277098507702,0.001132391175952126,0.19170751249759982,0.0017851367539435917,0.19379741640947437
111604417349377875799825956621596386269673370070912696668140891647145772186047,14.0,0.635,14.0,0.231775,0.0004969999999999999,0.17865550000000005,0.0007948657910755277,0.23224978674390898,0.0005867449398580154,0.230962040710304,0.0006923653195596707,0.2310644127645306
111604417349377875799825956621596386269673370070912696668140891647145772186047,7.0,0.9265,7.0,0.06809775000000001,2.9250000000000552e-05,0.09881150000000002,0.0002666320063352478,0.09866718287254564,0.0002005241823115933,0.10234051743662559,0.0003346654005839859,0.10357264247539166
111604417349377875799825956621596386269673370070912696668140891647145772186047,3.0,0.7345,3.0,0.19500974999999998,2.0250000000000536e-05,0.08544500000000002,0.00017185907135588491,0.19503236420476588,0.00010382704929538943,0.1994964047807599,0.00014042701659507472,0.19879120633709177
106629990371988270410207463647205935220997568127223451529697531121412639098809,7.0,0.67,6.0,0.2211,0.0,0.16085000000000005,0.0003605004734542369,0.22322050760292886,0.00022923938310265846,0.2269984849505363,0.0003060122649520003,0.2260125717741554
106629990371988270410207463647205935220997568127223451529697531121412639098809,3.0,0.585,3.0,0.24277500000000002,0.0,0.15712500000000001,0.0001813401905840327,0.24467853939047754,0.0001068988526017553,0.24256443314999593,0.00013289863499599491,0.24249547553144368
14764913015180913947968342613834076520024846083400325072206197450261366113906,7.0,0.425,5.0,0.24437499999999998,0.00010000000000000018,0.21752500000000002,0.0002412122452281499,0.2421295585985208,0.00018777319965091081,0.24259726785524985,0.00021596829982207678,0.2433272919750761
14764913015180913947968342613834076520024846083400325072206197450261366113906,3.0,0.415,3.0,0.24277499999999996,0.0,0.21752500000000002,0.00017052283922626603,0.2439554090975941,0.00013405348753210895,0.24033879952395068,0.00013700530248761142,0.24195513617229394
48796443692893205230111782877212155706069076666275568314621241534505572363580,7.0,0.64,7.0,0.2304,7.500000000000014e-05,0.403225,0.0004246000273528427,0.2331548107961574,0.00023902293495648404,0.2338023851868555,0.0003500128466985548,0.23764982052597133
48796443692893205230111782877212155706069076666275568314621241534505572363580,3.0,0.64,3.0,0.2304,2.5000000000000045e-05,0.403225,0.00015060697002415455,0.23272279190434866,0.00010037990099679389,0.22918893528723594,0.00013516130083119244,0.23069557258651885
49454248935335118739827269699279275504959109530955118453831081810017488068901,7.0,0.73,6.0,0.1971,0.00010000000000000018,0.11975,0.0003180853206114222,0.2072226691842955,0.00021550848652686298,0.20371577176005495,0.0003491395058402294,0.20257594483106017
49454248935335118739827269699279275504959109530955118453831081810017488068901,3.0,0.635,3.0,0.231775,0.0,0.078325,0.00016071155670763126,0.23342959801386948,9.784889727164552e-05,0.23353435955767318,0.0001237108231813257,0.23608312689576563
72023838050558098356071669795726076034130956366809809419534122573023839650143,14.0,0.255,12.0,0.189975,0.0008250000000000003,0.39655550000000006,0.0004860119307528686,0.19971856942263932,0.00041603572199834597,0.19967449488021494,0.0005280081497425275,0.19302208851740738
72023838050558098356071669795726076034130956366809809419534122573023839650143,7.0,0.215,7.0,0.168775,0.0006,0.3893805000000001,0.0003581961533246256,0.1736925417049072,0.0002778019856929115,0.1798594771554896,0.00035965575288459723,0.18564730136349644
72023838050558098356071669795726076034130956366809809419534122573023839650143,3.0,0.31,3.0,0.21389999999999998,0.00010000000000000018,0.36445550000000004,0.0001627081103103245,0.21217857083137404,0.00010251513678710338,0.2129120841779918,0.00011449944432286296,0.21430962943024626
40796770317612137942464744861719571050079006177667734162950751694650600914946,30.0,0.36,24.0,0.2304,0.000324999999999999,0.550525,0.0011932685008783734,0.23803224121684738,0.0009254878652943738,0.23760738058511793,0.0012438788356997977,0.2431422489999045
40796770317612137942464744861719571050079006177667734162950751694650600914946,14.0,0.46,14.0,0.24840000000000004,0.00029999999999999894,0.47445,0.000764843242511484,0.25117916482190344,0.0005495752211719236,0.25112053474633983,0.0007007302728483919,0.2441619630171268
40796770317612137942464744861719571050079006177667734162950751694650600914946,7.0,0.37,7.0,0.2331,5.000000000000009e-05,0.4399,0.0003990196410344916,0.2355677441842538,0.0002767504511381395,0.23804137631257952,0.00035746059377431464,0.2324026221210007
40796770317612137942464744861719571050079006177667734162950751694650600914946,3.0,0.245,3.0,0.184975,2.5000000000000045e-05,0.38915,0.000160389515664055,0.18709662675339098,0.00011512314583133982,0.18906189498244486,0.00018620144155349162,0.1866120377556933
24635636911615866092589652362670811323984202357282728474473612545495782013438,30.0,0.365,30.0,0.231775,0.0010502500000000013,0.11145924999999997,0.0015680416893530996,0.22969262959769332,0.0011540914470997985,0.2356623034914615,0.0016229124045084484,0.23617995369084432
24635636911615866092589652362670811323984202357282728474473612545495782013438,14.0,0.43,14.0,0.2451,0.0004502500000000007,0.10038424999999997,0.0007705706018591295,0.24635265188568167,0.0005461188759904297,0.24801947896300092,0.0006942826469096549,0.24894704466369746
24635636911615866092589652362670811323984202357282728474473612545495782013438,7.0,0.63,7.0,0.2331,2.4999999999994493e-07,0.055634249999999996,0.0003974285091419424,0.2332723741199811,0.000286311045665857,0.23395219942845571,0.00031428845025911116,0.2336137109728733
24635636911615866092589652362670811323984202357282728474473612545495782013438,3.0,0.84,3.0,0.13440000000000002,2.4999999999994493e-07,0.014734250000000006,0.00013080128058743046,0.13542858221862805,0.00011748597214958051,0.14091127216886762,0.0001960932680057432,0.13829712036240732
98694116616938373437230240878067039294166818775999920880060816128348733972109,7.0,0.9465,7.0,0.050637749999999995,0.00028225000000000136,0.008582000000000005,0.0002293709589484826,0.09698680602237986,0.0002042777936288402,0.09188313238475981,0.00031193355838414266,0.09345350938472344
74025664866690183289624530260158969658417941024888174507686435380993145622274,7.0,0.66,6.0,0.2244,0.00010000000000000018,0.6380500000000001,0.0003220306047128247,0.22849470503600489,0.00025112245386628115,0.22602870426345195,0.00028560820255279194,0.2265800451481325
74025664866690183289624530260158969658417941024888174507686435380993145622274,3.0,0.75,3.0,0.1875,0.00010000000000000018,0.6335500000000001,0.00018545948454572536,0.18890979931611965,0.00010697202096727425,0.18918039376857876,0.000153003738248215,0.18704089107885946
39317885422026394259056328144566743331998444273202427934141325790266108570112,30.0,0.125,30.0,0.109375,0.0016392499999999994,0.87499675,0.0012689613530276378,0.16180285396159427,0.0010774709819366135,0.15869997061435862,0.00117524998739875,0.16627382651291306
55628235770651476359986053297374971445004645381348576202364213864923708021967,7.0,0.805,6.0,0.15697499999999998,9.999999999999796e-05,0.4915750000000001,0.00034004464435577155,0.16420084662861698,0.00021950138531842009,0.1703398339927142,0.00032833795694505537,0.1711133827845908
55628235770651476359986053297374971445004645381348576202364213864923708021967,3.0,0.57,3.0,0.2451,9.999999999999796e-05,0.46885000000000004,0.00015797922744320678,0.2445376356933973,0.00011303275945679426,0.244581951932623,0.00014509006153786523,0.24406137712522255
102801311649109476057381820235528343790501760653972298431389623308119712050873,14.0,0.305,12.0,0.21197500000000002,0.0012749999999999986,0.05764999999999999,0.0005773972435824541,0.2225508191977924,0.0004512866392596338,0.21451736618323258,0.0006193994853772946,0.2207048811058024
102801311649109476057381820235528343790501760653972298431389623308119712050873,7.0,0.25,7.0,0.1875,0.0003250000000000006,0.055624999999999994,0.0003427416837756295,0.19123797698938838,0.0002480155536892063,0.19585053020728466,0.0003226339821442077,0.19168519137737236
102801311649109476057381820235528343790501760653972298431389623308119712050873,3.0,0.245,3.0,0.184975,0.00010000000000000018,0.055624999999999994,0.00014809499536748102,0.18751252126549434,0.00012076238219230037,0.1882855198703745,0.00016928664962926015,0.1862208144986531
77140697329479964870511208765806474371806608348448281625118401244163837435440,14.0,0.0795,14.0,0.07317975,0.0009265,0.0011092500000000002,0.000534988116427222,0.11982661558173394,0.0004752024351967551,0.10818262857651943,0.000495872334960447,0.11696996122360404
77140697329479964870511208765806474371806608348448281625118401244163837435440,7.0,0.0595,7.0,0.055959749999999996,0.000688,0.0004842499999999999,0.00020046958438351694,0.08192915413566201,0.00018653968916556709,0.08717432988413024,0.00020217770618827488,0.07399380584778395
78286137886366231596890164196412777290635764561160847321498492066686049467212,3.0,0.435,3.0,0.24577499999999997,0.0,0.189225,0.00016244176528756646,0.24525327969913163,0.00011549607813711385,0.24517062404110143,0.0001537628345931668,0.24745983313439754
19070202649646767747786189032324141015474526557587039448891985203523930529175,30.0,0.885,30.0,0.10177499999999999,0.0012249999999999922,0.6573895000000002,0.0012831251904174932,0.17068319051760134,0.0011414620627395171,0.1791115664215115,0.0017246626299480005,0.17393628072348044
19070202649646767747786189032324141015474526557587039448891985203523930529175,14.0,0.775,14.0,0.17437499999999997,0.0005999999999999944,0.6225645000000001,0.0007343559454642276,0.18611527115510867,0.0005155499955181121,0.18481654791608296,0.0008326304886362758,0.18636035163778394
19070202649646767747786189032324141015474526557587039448891985203523930529175,7.0,0.805,7.0,0.15697499999999998,0.0003999999999999963,0.6022645000000001,0.00036511038218121114,0.16380397624902657,0.00027104917880727957,0.1625950824146389,0.00041182871437728865,0.16133095485755497
19070202649646767747786189032324141015474526557587039448891985203523930529175,3.0,0.825,3.0,0.14437500000000003,0.0,0.5948645000000001,0.00018423699581054958,0.1474936846011879,0.00010285531172280535,0.1466780502470533,0.0001763510240503359,0.1499225997939654
59136467787978626811672868347067066849048276780173477999184350545476328184985,30.0,0.5,27.0,0.25,0.0009000000000000005,0.3006255000000001,0.0015283956929768789,0.2544174445006322,0.001082195588181724,0.2573935432801692,0.0014860244723772398,0.25420679928572265
59136467787978626811672868347067066849048276780173477999184350545476328184985,14.0,0.56,14.0,0.24639999999999998,0.00044999999999999966,0.29547550000000006,0.0007939093371670501,0.24666943904421512,0.0005225491709169818,0.24895145848663755,0.0007190976888833832,0.2453620752714341
59136467787978626811672868347067066849048276780173477999184350545476328184985,7.0,0.535,7.0,0.248775,0.00010000000000000018,0.28945050000000005,0.0003759171949513228,0.24943074640720272,0.00027800408892444755,0.2506337472248188,0.000325591375439551,0.25032539378059426
59136467787978626811672868347067066849048276780173477999184350545476328184985,3.0,0.58,3.0,0.2436,0.00010000000000000018,0.27932550000000006,0.00015297993004592908,0.24085035104515393,9.89297717514737e-05,0.24431485761514288,0.00013586649771605435,0.2420896854146997
40306861893772823895616275124362770343291841546672823347007588540373613934565,30.0,0.0555,30.0,0.05241975,0.0011104999999999997,0.04754375000000001,0.000741532360726074,0.09188609328008664,0.0007344211451846251,0.09757460055124882,0.0007709494081427681,0.08627075375717418
40306861893772823895616275124362770343291841546672823347007588540373613934565,14.0,0.0915,14.0,0.08312775,0.0005937499999999997,0.009115499999999999,0.0005126946793041491,0.1295902318166834,0.00044914966372685037,0.11818907540900575,0.000552632032019753,0.12290368376325274
40306861893772823895616275124362770343291841546672823347007588540373613934565,7.0,0.077,7.0,0.07107100000000001,6.649999999999999e-05,0.0035424999999999996,0.0002434585238897162,0.10346274678315145,0.00021350293505694977,0.10126502611117384,0.00018448944706995137,0.09951909289118956
100959738883588056549629713272524015062919617765705425762311330028980363847537,7.0,0.105,7.0,0.093975,0.00035000000000000016,0.006229500000000001,0.0002651083651751932,0.13962632132913128,0.00021775824546375178,0.11883573235018656,0.0002921112974126786,0.1140900976737732
100959738883588056549629713272524015062919617765705425762311330028980363847537,3.0,0.095,3.0,0.08597500000000001,0.00022500000000000008,0.0033045,0.00010606038782610184,0.10187033774175706,6.541722935959844e-05,0.09409579220406705,0.00010610410936012375,0.10422460534885865
1769702396265889184498190792362704022902870513706256830724500024171753050535,30.0,0.25,30.0,0.1875,0.0011249999999999995,0.051025,0.001342899065024171,0.20587699470480295,0.0011972000243440097,0.2076082250980056,0.0013385774652805193,0.20832301952809842
1769702396265889184498190792362704022902870513706256830724500024171753050535,14.0,0.215,14.0,0.168775,0.0006499999999999995,0.050625,0.0006155690674447611,0.17487843789451804,0.0004990601484215643,0.19476020949250206,0.0005830762022967535,0.1881029467957104
1769702396265889184498190792362704022902870513706256830724500024171753050535,7.0,0.215,7.0,0.168775,0.0004999999999999993,0.050625,0.0003545084459182894,0.1798262406682779,0.00026891012171424743,0.179030455999674,0.00035654117446466465,0.17147176451821516
1769702396265889184498190792362704022902870513706256830724500024171753050535,3.0,0.235,3.0,0.179775,9.999999999999963e-05,0.050625,0.0001518070261233997,0.1792984205619977,0.00010619358810255185,0.1854747381816528,0.00016740434018805122,0.18352881269219
106591280142630626115724651117201657682325101150171422307265130569697670708657,30.0,0.665,30.0,0.222775,0.0004750000000000008,0.14265,0.001530907491540271,0.22926534435203053,0.0011524490713605891,0.24530724538630827,0.001735695791977906,0.22842550816918547
106591280142630626115724651117201657682325101150171422307265130569697670708657,14.0,0.615,14.0,0.236775,0.00030000000000000057,0.141025,0.0007383845521166194,0.24304946345079112,0.0005175622548146245,0.23833711100778937,0.000764875909150759,0.24011134515413574
106591280142630626115724651117201657682325101150171422307265130569697670708657,7.0,0.605,7.0,0.238975,0.00020000000000000036,0.140625,0.00037764066384362736,0.24158239986248853,0.00026249566175776226,0.23834744676909472,0.0003547751146743498,0.23718453801262762
106591280142630626115724651117201657682325101150171422307265130569697670708657,3.0,0.615,3.0,0.236775,0.00010000000000000018,0.140625,0.00014886042336330175,0.23716868075157904,0.00010263277892113818,0.24095443022124774,0.00013503317478443888,0.23713331846183772
59969732588381163791331816857468861959000541135529686594887337761858409837896,30.0,0.305,30.0,0.21197500000000002,0.0009999999999999979,0.5406249999999999,0.0014054356944425295,0.22409386751383764,0.0011409063083511414,0.22204439804778375,0.001518535957694219,0.23042241746110867
59969732588381163791331816857468861959000541135529686594887337761858409837896,14.0,0.275,14.0,0.199375,0.00030000000000000057,0.5406249999999999,0.0006377866594626162,0.21611825328999998,0.0005098216534448661,0.2092797304570647,0.0005696864473959015,0.211684784111835
59969732588381163791331816857468861959000541135529686594887337761858409837896,7.0,0.265,7.0,0.194775,0.00020000000000000036,0.5406249999999999,0.0003647145139527793,0.19678809277701745,0.0002946316594370981,0.20040619723521794,0.00035196901827259735,0.20288420877119612
59969732588381163791331816857468861959000541135529686594887337761858409837896,3.0,0.245,3.0,0.184975,0.0,0.5406249999999999,0.00017144950729625408,0.18420824049157333,0.00011169768874332311,0.19004783647223852,0.00015738786615162784,0.18875724237437963
74803449892900277363518384349372944809469841225698764412757944250208116959217,14.0,0.555,12.0,0.246975,0.0006750000000000012,0.34434999999999993,0.0006356224992074114,0.2495118547440927,0.00047671307234352215,0.2539537043995985,0.0006014062514289421,0.2503401159421728
74803449892900277363518384349372944809469841225698764412757944250208116959217,7.0,0.585,7.0,0.24277500000000002,0.0004000000000000007,0.34222499999999995,0.0003948846489942545,0.2420827211929037,0.00027292059069177626,0.24374344217577126,0.00033021943657991033,0.24573610278911862
74803449892900277363518384349372944809469841225698764412757944250208116959217,3.0,0.585,3.0,0.24277500000000002,0.00020000000000000036,0.34222499999999995,0.0001803269471471999,0.24250050568304143,0.00011028709264943062,0.24291521438304367,0.00013047412041511006,0.24148954144237536
32480537000557660742313729505508416242252734571677416203499577770764790270235,14.0,0.545,13.0,0.247975,0.0008499999999999993,0.45136050000000005,0.0007886479788170026,0.24910254457506945,0.0004969939271739355,0.2511104369709736,0.0006464624352287465,0.24809106489907315
32480537000557660742313729505508416242252734571677416203499577770764790270235,7.0,0.665,7.0,0.222775,0.0002999999999999983,0.4424605000000001,0.00037215393032947547,0.224572190469958,0.000289146331542037,0.23066489388028585,0.00035618211893623117,0.22781854376399915
32480537000557660742313729505508416242252734571677416203499577770764790270235,3.0,0.685,3.0,0.21577499999999997,9.999999999999796e-05,0.4424605000000001,0.00017832510576607844,0.21660046020113444,9.367116610058829e-05,0.21623054343587497,0.00014412578071676556,0.21750631128839817
1598098393216713186731492574018595216448896410602484299695113620165431552254,7.0,0.55,6.0,0.2475,0.00010000000000000018,0.17520000000000002,0.00031768768800316766,0.24788240511210596,0.0002387445945946516,0.24862175390107732,0.0002735687190994433,0.24794427562402557
1598098393216713186731492574018595216448896410602484299695113620165431552254,3.0,0.29,3.0,0.20589999999999997,0.0,0.1023,0.00015997890834521688,0.20581178565102987,0.00012061219202598336,0.20628060868480716,0.00015804925324724767,0.21006100000433844
51338236787729560681434534660841415073585974762690814047670810862722808070955,14.0,0.9445,15.0,0.052419749999999994,0.00026724999999999785,0.004355999999999993,0.0005532647876308475,0.1324358624735549,0.0005059791251399628,0.12100082328190394,0.0008194649781644335,0.1209593454560423
51338236787729560681434534660841415073585974762690814047670810862722808070955,7.0,0.9425,7.0,0.05419375,2.8749999999999662e-05,0.004355999999999993,0.0002327983207232815,0.09683532948898696,0.00018726432362468692,0.09723739303905371,0.00028669244589333334,0.10022838790712271
51338236787729560681434534660841415073585974762690814047670810862722808070955,3.0,0.9345,4.0,0.06120975,2.4999999999994493e-07,0.004355999999999993,0.00012800802492651743,0.08664249364740167,0.00010619818036435879,0.08951692369365034,0.00015401091844167595,0.07179634985023124
69607356357270818627215361066588335481465339992439698739056695862643500497649,30.0,0.47,30.0,0.2491,0.0018999999999999959,0.16968550000000004,0.0016504717722639105,0.2620395050761423,0.0011703877918525956,0.257234417094932,0.0015885970028172948,0.2532661403802011
69607356357270818627215361066588335481465339992439698739056695862643500497649,14.0,0.455,14.0,0.24797499999999997,0.000550000000000001,0.16016050000000004,0.000753124308725892,0.2520709645982683,0.0005584649224187864,0.2497416544382529,0.0006893478747316997,0.24993846577934803
69607356357270818627215361066588335481465339992439698739056695862643500497649,7.0,0.525,7.0,0.24937499999999999,0.00030000000000000057,0.15661050000000004,0.000400448370022337,0.2534837067574384,0.0002537361618778928,0.25207008136613307,0.00034374638916594646,0.25052130397463324
69607356357270818627215361066588335481465339992439698739056695862643500497649,3.0,0.605,3.0,0.238975,0.00020000000000000036,0.15251050000000005,0.00014490432920106344,0.2422933539591073,0.00010754150764963211,0.2394948106015972,0.00016071096885032755,0.23843490913946055
60383033611346737815653700469552352128982256937312621916490618416556126633272,30.0,0.36,19.0,0.2304,0.0013750000000000004,0.46962500000000007,0.0009395551756723602,0.2302498459199797,0.0007480386767864977,0.23322691836332268,0.0009416115696094329,0.22734387866069064
60383033611346737815653700469552352128982256937312621916490618416556126633272,14.0,0.34,14.0,0.2244,0.0007250000000000013,0.46962500000000007,0.0007110179261365476,0.22723655156976502,0.0005481771757509459,0.22726072574613215,0.0006934693897046046,0.2307464498840706
60383033611346737815653700469552352128982256937312621916490618416556126633272,7.0,0.32,7.0,0.2176,0.0002750000000000005,0.46962500000000007,0.0003714301311879184,0.22270923046480967,0.00027554828078663393,0.22107847790766094,0.00037600081798928555,0.22150880136987539
60383033611346737815653700469552352128982256937312621916490618416556126633272,3.0,0.305,3.0,0.21197500000000002,0.00010000000000000018,0.46962500000000007,0.000165802735115391,0.2092144982137246,0.0001251080454004384,0.21216582055586336,0.00014827154390046913,0.2132092618616732
39199930181061027002976945656289590914091865583643541107948177704448092689848,30.0,0.075,27.0,0.069375,6.349999999999988e-05,0.0097655,0.0008701334871073371,0.11893750426975831,0.0008182518099815258,0.11881863163450201,0.0009014510343387051,0.11794513455731374
39199930181061027002976945656289590914091865583643541107948177704448092689848,14.0,0.116,14.0,0.10254400000000001,5.124999999999995e-05,0.0077852500000000005,0.0005699558513074366,0.14202230704546207,0.0005489877320558364,0.14261133748166807,0.0005868071477162473,0.130539999511616
39199930181061027002976945656289590914091865583643541107948177704448092689848,7.0,0.1125,7.0,0.09984375,3.0499999999999915e-05,0.0077852500000000005,0.0002839887778435198,0.1445767610033526,0.00024351235004879527,0.12007354822877715,0.0002713252617487902,0.14242897408013042
39199930181061027002976945656289590914091865583643541107948177704448092689848,3.0,0.0865,3.0,0.07901775,1.9999999999999758e-06,0.007056250000000001,8.395182071674882e-05,0.10764085387781369,7.57357891163234e-05,0.09628598410395404,0.00010361081094997174,0.0920896171758148
43891259347116330522865864075089973515827852946539612217753302847337982135578,30.0,0.585,30.0,0.24277500000000002,0.0021482499999999904,0.10808124999999996,0.0016358593767508455,0.24835725145036977,0.0011423619613013306,0.24598694489300776,0.0016793643861194765,0.248171474454527
43891259347116330522865864075089973515827852946539612217753302847337982135578,14.0,0.595,14.0,0.240975,0.0008232499999999989,0.10315624999999996,0.0007092379125676746,0.247586307225736,0.0005677738314198024,0.24372194017265525,0.0006855583807762997,0.24095999931074213
43891259347116330522865864075089973515827852946539612217753302847337982135578,7.0,0.945,7.0,0.05197500000000004,0.0005732499999999985,0.0007562499999999982,0.000235639462546076,0.09462441199322455,0.00021473310888092974,0.1031111512394832,0.00030767229402455036,0.09851446149975435
12789581828610654936852030631608949195058761081844775016106587060501098784149,30.0,0.255,30.0,0.189975,0.0011922499999999986,0.04780725,0.0013101291236495979,0.2036876753454513,0.0011731250886309228,0.22178015846313348,0.0013269852137299573,0.2216081849469414
12789581828610654936852030631608949195058761081844775016106587060501098784149,14.0,0.27,14.0,0.1971,0.000792249999999998,0.047182249999999995,0.0006021715589474931,0.19963810790009212,0.0004944631269721008,0.20287393934132608,0.0005905453508352891,0.20667255218908423
12789581828610654936852030631608949195058761081844775016106587060501098784149,7.0,0.285,7.0,0.203775,0.0005672499999999989,0.047182249999999995,0.00036374069453384063,0.20683771366043857,0.00024071241015084677,0.2091726864135686,0.0003636116334912147,0.2046622024464434
12789581828610654936852030631608949195058761081844775016106587060501098784149,3.0,0.215,3.0,0.168775,6.725000000000012e-05,0.04558225,0.00016866934446877952,0.17247826203719427,0.00011107537753629552,0.1701855030661863,0.0001702035913648938,0.17083510667407537
16393551545749826032099527282824025354814839232380838180410593285887081984932,30.0,0.55,27.0,0.2475,0.001030249999999999,0.09920025000000002,0.0014192499301125773,0.2499337588312464,0.0010654775757152415,0.2618668379379837,0.001472052192185977,0.24767954349795873
16393551545749826032099527282824025354814839232380838180410593285887081984932,14.0,0.053,14.0,0.050191,0.00054125,2.5e-07,0.0003821949515872581,0.07571218179083238,0.00040183802116133105,0.08675643422991162,0.0003735105310075046,0.08096433740577336
60131458483778609419937447917356568397435175208102793666425558238700136974632,7.0,0.51,5.0,0.2499,2.5000000000000045e-05,0.40372499999999995,0.00028345380107489026,0.25105506038014874,0.00016715306754055238,0.24909715028191598,0.00023905154560059348,0.24954144672146897
60131458483778609419937447917356568397435175208102793666425558238700136974632,3.0,0.66,3.0,0.2244,2.5000000000000045e-05,0.356025,0.0001452554291312941,0.22543047802957253,0.0001306930940282018,0.22496889441117837,0.0001459536021717155,0.22761220226640955
91688002294852517700175509342481171443541760257723064867737718477628369265588,14.0,0.535,10.0,0.248775,0.00025000000000000044,0.24543050000000008,0.0005579388682545209,0.2486838170491173,0.0003574325828833855,0.2553267582688825,0.0004975045150834714,0.24734451612369696
91688002294852517700175509342481171443541760257723064867737718477628369265588,7.0,0.525,6.0,0.24937499999999999,0.00015000000000000029,0.24543050000000008,0.0003280523418412519,0.24991858176396733,0.00022468951334376417,0.25081336106237984,0.0002687660556173832,0.24862364111314628
91688002294852517700175509342481171443541760257723064867737718477628369265588,3.0,0.525,3.0,0.24937499999999999,0.00010000000000000018,0.24543050000000008,0.0001457586494445946,0.250317123465104,0.00010837918370081092,0.24997559455396176,0.00011354934887885721,0.2488626957434479
61184360137552058168825966145268658560224167645351953588961564652759741113469,30.0,0.375,30.0,0.234375,0.0012500000000000024,0.268625,0.0015914974307621827,0.24601516768940704,0.0011229415725944672,0.24315308940368469,0.001565763231879861,0.24860537835001065
61184360137552058168825966145268658560224167645351953588961564652759741113469,14.0,0.43,14.0,0.2451,0.0006500000000000012,0.2674,0.0007721876544599882,0.2445470463354915,0.0005451963781357652,0.25413595693086316,0.000666631413831104,0.24728985141374266
61184360137552058168825966145268658560224167645351953588961564652759741113469,7.0,0.395,7.0,0.238975,0.0003250000000000006,0.2665,0.000386653940751165,0.24027233556046806,0.00025471299459891325,0.2423179396908186,0.00033735928233430466,0.2417760542661205
61184360137552058168825966145268658560224167645351953588961564652759741113469,3.0,0.515,3.0,0.249775,0.0003250000000000006,0.25625,0.00016008957807295857,0.24966288381111768,0.00012535027277161875,0.24966694345623128,0.00014358809198255468,0.24981306505820505
91932832596060744099888677327122616645772550393074504705362648525145533535677,30.0,0.0925,30.0,0.08394375,0.0015224999999999991,0.0066942500000000005,0.001087539389450963,0.13846279859707983,0.0009813198063755334,0.1333239997819961,0.0010793208862360276,0.1438734738277105
91932832596060744099888677327122616645772550393074504705362648525145533535677,14.0,0.1305,14.0,0.11346975,0.0005514999999999994,0.0057332500000000005,0.0005893426806973096,0.15477316189970008,0.0005347173997077826,0.14974426228942087,0.0005915160169362552,0.13999627390071268
91932832596060744099888677327122616645772550393074504705362648525145533535677,7.0,0.055,7.0,0.051975,7.850000000000002e-05,0.0041605,0.00021181983418574888,0.08027612939984405,0.00019273520671510147,0.07315120108526849,0.00019044146975259337,0.07843109376616032
37383901604222109615025559390838815185792875162240758491134459674611890551849,30.0,0.27,30.0,0.1971,0.0006749999999999991,0.100125,0.0013517668878331591,0.21998450407237108,0.0011081859594575525,0.2149703197677682,0.0013205679239370505,0.21321236481432276
37383901604222109615025559390838815185792875162240758491134459674611890551849,14.0,0.295,14.0,0.20797500000000002,5.000000000000009e-05,0.100125,0.000674990121432214,0.216630093358472,0.0005221008085269526,0.21598932056997902,0.0006069481807028678,0.21891784503775213
37383901604222109615025559390838815185792875162240758491134459674611890551849,7.0,0.285,7.0,0.203775,0.0,0.100125,0.0003434389711500269,0.20901852789354566,0.00026793458882889574,0.20937386200725952,0.0003677869406729367,0.2055781038258138
37383901604222109615025559390838815185792875162240758491134459674611890551849,3.0,0.315,3.0,0.21577500000000002,0.0,0.09922500000000001,0.00015895514809285014,0.2169933228311266,0.00011304405712837577,0.22210294541675477,0.00014482266795322313,0.2183574082643691
77448479315982997241357843394947347179190968409554329389379134623374968524327,30.0,0.62,25.0,0.2356,0.0009749999999999995,0.276525,0.0013396876372769664,0.24727336220033494,0.0008934953355085689,0.24657684050969295,0.0014135272615850788,0.24386732748521203
77448479315982997241357843394947347179190968409554329389379134623374968524327,14.0,0.585,14.0,0.24277500000000002,0.0002999999999999983,0.276525,0.0007887862797211675,0.24534973349818437,0.0005799751559044678,0.24744751984725538,0.0007542615559454789,0.24295481630933305
77448479315982997241357843394947347179190968409554329389379134623374968524327,7.0,0.565,7.0,0.245775,9.999999999999796e-05,0.276525,0.00036377637481383867,0.24639966051350404,0.0002610169977790858,0.24343295948401328,0.0003346245824673721,0.24555381011190075
77448479315982997241357843394947347179190968409554329389379134623374968524327,3.0,0.555,3.0,0.246975,0.0,0.276525,0.00016465482897374967,0.24491650782976862,0.00012979903229681975,0.24789193328758427,0.00012319881384510351,0.24692462494408088
77834831581587926934025403057448077020251583959061530049128478531169875186926,14.0,0.49,14.0,0.2499,0.0001750000000000003,0.46177500000000005,0.0007689466098122979,0.2493388026656516,0.000555837786291625,0.2553007448952442,0.0006729237861418494,0.2516749260202557
77834831581587926934025403057448077020251583959061530049128478531169875186926,7.0,0.635,7.0,0.231775,0.00010000000000000018,0.42942500000000006,0.00036235033685031213,0.23510096193538466,0.00028585416300166804,0.2354680477175058,0.00032229112949697894,0.23096878173680532
77834831581587926934025403057448077020251583959061530049128478531169875186926,3.0,0.635,3.0,0.231775,5.000000000000009e-05,0.42942500000000006,0.0001657100113683741,0.2328532106991773,9.936869193554537e-05,0.2341836175091101,0.00014355454274633534,0.22991691940057257
14131660659890666476692496448221937210083742500571931626005680534827100425296,14.0,0.535,13.0,0.248775,0.0009249999999999983,0.29075,0.0007066778962737902,0.25137669257155837,0.0005205903428266299,0.25624570223842236,0.0006855968354244694,0.2479495208891679
14131660659890666476692496448221937210083742500571931626005680534827100425296,7.0,0.555,7.0,0.246975,0.00047500000000000087,0.28825,0.0003989964709913412,0.24616368283707352,0.00027572437392446315,0.24873170372283213,0.00030566876077283496,0.24593573883995162
14131660659890666476692496448221937210083742500571931626005680534827100425296,3.0,0.515,3.0,0.249775,0.00035000000000000065,0.286225,0.00019307280993335657,0.249324804916956,0.00011715174963504244,0.2520172592800148,0.00012117928815918639,0.24933747788614333
106246749182038956903733244388500646182745842941974829617986221557753430839883,30.0,0.14,28.0,0.12040000000000001,0.0002589999999999999,0.0052815000000000015,0.0011625145165501147,0.1758934068006753,0.0009983990734355906,0.15140194820693656,0.001089422648463996,0.18240701378295654
7953907833197235785087437834744509815540960033961920553761608492852730524632,7.0,0.21,6.0,0.1659,0.00010000000000000018,0.014099999999999996,0.00032695780129694016,0.16433401008596385,0.0002115893581976367,0.17241051594253026,0.00035505717865618667,0.17067689475516146
7953907833197235785087437834744509815540960033961920553761608492852730524632,3.0,0.145,3.0,0.12397499999999999,0.00010000000000000018,0.009224999999999997,0.00011186146101642605,0.13521596543930056,9.88436700801235e-05,0.14662597807570912,0.00011781914218110504,0.13641207661510285
22954390469393761478435587094271162660864811978634802609696033004592606875337,30.0,0.885,30.0,0.10177499999999999,0.0020249999999999903,0.002298000000000004,0.001344617244299198,0.17414869933271304,0.0010070678312697823,0.173784639157122,0.001718549725106868,0.18118498121414228
22954390469393761478435587094271162660864811978634802609696033004592606875337,14.0,0.935,14.0,0.060774999999999954,0.001274999999999989,0.0018980000000000034,0.0005418202321589077,0.11970483950340746,0.0004205152132899303,0.1232464796826882,0.0008333820700498039,0.11786678292685931
22954390469393761478435587094271162660864811978634802609696033004592606875337,7.0,0.945,7.0,0.05197500000000004,0.0008749999999999928,0.0018980000000000034,0.00022664247507370218,0.1029836147580792,0.00021187809634211276,0.09370919465301954,0.00031893005035263486,0.09829456074786865
22954390469393761478435587094271162660864811978634802609696033004592606875337,3.0,0.94,3.0,0.05640000000000005,0.0007999999999999926,0.0018980000000000034,9.417128047203215e-05,0.07181499731820994,7.354458332323665e-05,0.06924310842423957,0.00010729198697137385,0.06869700127685599
101397442704849368122698286638897959668189980586764012906713723768188309971289,7.0,0.535,6.0,0.248775,0.0005249999999999942,0.26315,0.00036167679459103057,0.2477790999493225,0.000245536065444451,0.24844572314137217,0.0002665499838146728,0.24731892927073906
101397442704849368122698286638897959668189980586764012906713723768188309971289,3.0,0.555,3.0,0.246975,0.0003999999999999963,0.26192499999999996,0.00016918367903904095,0.2478318231023014,0.00010154037771195508,0.2468715471301559,0.0001315259238776604,0.24592421353926425
111239697803361919523803068759725643725914563280609261384832780529311817077235,30.0,0.12,30.0,0.1056,0.0009249999999999994,0.005125,0.001226009588196347,0.15586848205016468,0.0010638874528458592,0.15243647573393648,0.0012697768295845118,0.17810670846971377
111239697803361919523803068759725643725914563280609261384832780529311817077235,14.0,0.105,14.0,0.093975,0.00014999999999999972,0.005125,0.0005362605201647489,0.13282222960072695,0.0004931811362910609,0.13698202252468314,0.000554379366499973,0.13511504657730922
111239697803361919523803068759725643725914563280609261384832780529311817077235,7.0,0.095,7.0,0.08597500000000001,0.0,0.005125,0.0002600148725049657,0.10779277726942553,0.00022252657532937715,0.10310030182614777,0.0002494934957011559,0.1253022828120676
111239697803361919523803068759725643725914563280609261384832780529311817077235,3.0,0.065,3.0,0.060775,0.0,0.0042250000000000005,7.220764405753083e-05,0.08282184303907396,6.637471829304555e-05,0.08273613093917649,7.542696013065556e-05,0.07723839757020727
18020161444416260195750543688224692006431301166904957549340226313298366177208,30.0,0.095,30.0,0.08597500000000001,0.00109675,0.008930250000000002,0.001068691820066348,0.13399649470726682,0.0010667070647108407,0.12946878562008052,0.0011608658225662023,0.1322140122840074
24927956290195518297614243093112954558170251873920589555630586413804578416274,14.0,0.505,10.0,0.249975,0.000575000000000001,0.16435000000000002,0.0005659868700695739,0.2515789789610866,0.0003976967158201591,0.25115640565524977,0.0004920377629048752,0.2507171336780209
24927956290195518297614243093112954558170251873920589555630586413804578416274,7.0,0.52,7.0,0.2496,0.0003500000000000006,0.16255000000000003,0.000385288943718509,0.24843570565534853,0.00027400752542862427,0.2536129700881277,0.00031597719402340157,0.25022326382512167
24927956290195518297614243093112954558170251873920589555630586413804578416274,3.0,0.425,3.0,0.24437499999999998,0.0,0.15692500000000004,0.00016084547376381142,0.24550637642736914,0.0001107301994169422,0.2450776728292908,0.0001390536604141829,0.24428005327169458
78438315737001038193507108078052969359305687599144926740526502005681502958823,7.0,0.675,6.0,0.219375,2.5000000000000045e-05,0.49544999999999995,0.0003416625863383933,0.21962960739095316,0.00022264152371447008,0.22263790579158968,0.00031228815675970914,0.21975925314416028
78438315737001038193507108078052969359305687599144926740526502005681502958823,3.0,0.77,3.0,0.17709999999999998,0.0,0.49094999999999994,0.000158196738316599,0.18006893851275765,0.00011628248911729271,0.17830774133591007,0.0001610245943803259,0.18310223526635455
8717238053971684305673538480906460309461104157416047071886876622775788196994,14.0,0.125,14.0,0.109375,5.150000000000001e-05,0.23217450000000006,0.0006129165416397855,0.14126764077532006,0.0005135104956713345,0.13948719787472832,0.0005660833959723658,0.13168095577417802
35897145766259317849531537649732979331853484456543966713822507439506839868603,7.0,0.64,5.0,0.2304,0.00020000000000000036,0.21604999999999996,0.0002795334595493379,0.23548586300676735,0.00018065598020381663,0.23311470433430379,0.00022344915347011004,0.23418544003040384
35897145766259317849531537649732979331853484456543966713822507439506839868603,3.0,0.64,3.0,0.2304,0.0,0.21604999999999996,0.0001566412994983166,0.22873687681076332,0.00012286670854169156,0.23055338119458454,0.0001461044514908346,0.23140619969553697
90867531968032905261827147296267157088228421474394798302587194034055379945178,30.0,0.8165,30.0,0.14982775,0.0013645000000000007,0.06838124999999999,0.0014343252558359754,0.19287312912480695,0.0011236794912412675,0.19787728686349204,0.0017616059506405026,0.1943390253816122
90867531968032905261827147296267157088228421474394798302587194034055379945178,14.0,0.8585,14.0,0.12147774999999997,0.0006837499999999995,0.067781,0.0006449515476510772,0.14792295266963318,0.0005078858496593871,0.15764832911466362,0.0008674921873950017,0.13702787158377908
90867531968032905261827147296267157088228421474394798302587194034055379945178,7.0,0.847,7.0,0.129591,0.00026524999999999964,0.06667875,0.00030393929577147554,0.1400725224105054,0.00024287807172053224,0.1515575333496714,0.00036141033971980984,0.13809180532454327
90867531968032905261827147296267157088228421474394798302587194034055379945178,3.0,0.89,3.0,0.09789999999999999,5.624999999999927e-05,0.06610274999999999,9.868167369976388e-05,0.11024085462330056,9.600754747511234e-05,0.10411928923451452,0.00012540917635286974,0.09704054883434612
50207732309579400017874044278910614823715596418879632998918356456598733748595,14.0,0.495,12.0,0.249975,0.0007500000000000007,0.30842499999999995,0.0006749113775830276,0.25343162109495343,0.00045152774732983665,0.2526264596685486,0.0005617962360893076,0.25173810751846504
50207732309579400017874044278910614823715596418879632998918356456598733748595,7.0,0.475,7.0,0.24937499999999999,0.0005500000000000004,0.30842499999999995,0.0003696170781017462,0.24944432129947322,0.00031157207014985167,0.24892798786091852,0.0003446230424873407,0.25018375687360567
50207732309579400017874044278910614823715596418879632998918356456598733748595,3.0,0.455,3.0,0.24797499999999997,0.00010000000000000018,0.30842499999999995,0.0001628616101383419,0.24802637999535296,0.00012289387996287183,0.2475754304425096,0.00012870170681303228,0.24793931888332219
111977898551602011660195806458348931912849013753262334814342962907278475615442,7.0,0.105,7.0,0.093975,0.0006722499999999997,0.006662250000000001,0.0002492461924833528,0.10524263126925634,0.00022955376467775692,0.13606492435143097,0.0002597632799543743,0.11594933787652409
111977898551602011660195806458348931912849013753262334814342962907278475615442,3.0,0.055,3.0,0.051975,0.00027225000000000003,0.0007622499999999999,6.896492708906218e-05,0.08111343050780113,8.563509763932969e-05,0.07431516688277283,8.2082984242328e-05,0.06928492302647231
106929013576622300718402895513457875547556389240247806666273814836599548721421,30.0,0.175,30.0,0.14437499999999998,0.0010122499999999995,0.007400250000000001,0.0012709693342144127,0.18124696353675732,0.0010887960820199975,0.17556924880977426,0.0012139182627987888,0.18160911372263924
75083988390277121768686920804826665792234222050775941532408375203298640433019,14.0,0.0825,14.0,0.07569375,0.0001077500000000002,0.8263830000000002,0.0004927337541643131,0.1134990975687952,0.0004718921310670897,0.11109487752712656,0.0005149326423813441,0.09548781495205155
75083988390277121768686920804826665792234222050775941532408375203298640433019,7.0,0.0885,7.0,0.08066775,2.9250000000000054e-05,0.8175290000000002,0.00024350571047915335,0.1025214508116037,0.0002390867061608053,0.11700366039185431,0.00023424951566107042,0.10188456479879324
75083988390277121768686920804826665792234222050775941532408375203298640433019,3.0,0.097,3.0,0.087591,2.5000000000000045e-05,0.8127025000000002,0.00010666718973625877,0.10032903945934699,8.392102586929425e-05,0.11289074334178156,9.006731057329282e-05,0.10301545995522776
98328612241005079298480588888413183448693837922137555607354456149974993923116,7.0,0.061,7.0,0.057279000000000004,0.00010675000000000009,0.00161125,0.00020575594228961467,0.08421207977733883,0.00022121626874413932,0.0895195357893694,0.0002108729230034431,0.08144248466196917
98328612241005079298480588888413183448693837922137555607354456149974993923116,3.0,0.0535,3.0,0.05063775,2.9000000000000054e-05,0.00161125,6.782843559931697e-05,0.06719222122065732,8.752277287329219e-05,0.0602064817892028,9.112821492562581e-05,0.06748168282391658
42738017135979262444378578631954169478732852656424670096583837898523646170521,7.0,0.675,5.0,0.219375,0.0005249999999999965,0.44285,0.00025301811843012805,0.2223154065237818,0.00018037991233245024,0.22478522325485067,0.0002499191512985334,0.22487578103657724
42738017135979262444378578631954169478732852656424670096583837898523646170521,3.0,0.67,3.0,0.2211,0.00012500000000000022,0.44222500000000003,0.0001645111000879331,0.22513977445070765,0.00012049576388386665,0.22682798135528134,0.000143797256958547,0.22470496201587054
11838056262011959730403879030806683369423260156753188345626028519774898150682,7.0,0.5,6.0,0.25,0.0,0.2666,0.00033741685234760303,0.2511063490439503,0.00021074216713157993,0.25090293386010637,0.0002844883520574466,0.24997935331394536
11838056262011959730403879030806683369423260156753188345626028519774898150682,3.0,0.365,3.0,0.231775,0.0,0.207075,0.00016666217054400043,0.2321216446430401,0.00010480687716556464,0.2375043392958758,0.00014376625262198136,0.23097497989889346
42700641565230186710020541636685553324723314828032894724667303666758624290295,7.0,0.65,6.0,0.22749999999999998,0.00020000000000000036,0.07385,0.0003353547259893887,0.2287419508902588,0.0002410528009346646,0.23115530494235562,0.0002691892694940424,0.22802009603149176
42700641565230186710020541636685553324723314828032894724667303666758624290295,3.0,0.775,3.0,0.17437499999999997,0.00010000000000000018,0.055224999999999996,0.00017031787417496767,0.17655858750239406,0.0001270653056885277,0.17623366760517287,0.00017086886430826487,0.176878350190727
9476445326282666463762072399564010356029268509631635291163637063240758755114,30.0,0.195,26.0,0.156975,0.0010069999999999996,0.015318499999999999,0.0011018000656725087,0.19009223106063666,0.0009733509531207767,0.17834123444278407,0.0010473023299499638,0.1920500386865448
97033520640903491500373260073479586035313397000762442736730772958399843034326,14.0,0.385,13.0,0.236775,0.000649999999999999,0.3415605,0.0006921172614222986,0.242714897483854,0.0005220465941537519,0.24273974612853647,0.0006548307866441927,0.23957094330687295
97033520640903491500373260073479586035313397000762442736730772958399843034326,7.0,0.515,7.0,0.249775,0.00019999999999999814,0.32156049999999997,0.0003813711780147162,0.2506542657377693,0.00027927981530631064,0.25577164237497046,0.000343226845215,0.24857069514853186
97033520640903491500373260073479586035313397000762442736730772958399843034326,3.0,0.555,3.0,0.246975,9.999999999999796e-05,0.31866049999999996,0.00016923518785251214,0.24705999915768515,0.00011900968300702371,0.24714133350376521,0.000125713524897852,0.24697163849570025
63649669635070381610080585321078146287086529984436271081546624368703376705254,7.0,0.075,6.0,0.069375,0.0002722499999999999,0.052279250000000006,0.00019079422485129366,0.09583904357715854,0.00013525259858517794,0.09355312916137222,0.00015466678942579058,0.08205122708514409
49296719184627637111102906756410924588753297305614598618877406701338912319300,30.0,0.445,30.0,0.24697499999999997,0.00045000000000000075,0.147025,0.0016039905430115223,0.2515683386520572,0.0011701703918505762,0.25229265874932116,0.001542643902786336,0.252266744649414
49296719184627637111102906756410924588753297305614598618877406701338912319300,14.0,0.455,14.0,0.24797499999999997,0.0003000000000000005,0.147025,0.0008194313730232183,0.2533047995359853,0.0005685033135721782,0.2535983028074563,0.0007242571197761012,0.2511814041754348
49296719184627637111102906756410924588753297305614598618877406701338912319300,7.0,0.445,7.0,0.24697499999999997,0.0,0.14622499999999997,0.0003756419395897252,0.24619265092146123,0.0003039097691382196,0.24595077210854777,0.00032306907232337043,0.24848759932459066
49296719184627637111102906756410924588753297305614598618877406701338912319300,3.0,0.335,3.0,0.22277500000000003,0.0,0.134125,0.00016966476611355772,0.22293850355546227,0.00014150163907621029,0.22452548115883378,0.0001367324497408148,0.22383890842784013
66227760249569918983216845998089750781110573632056431712508916648773985039168,7.0,0.2595,7.0,0.19215975,1.2999999999999998e-05,0.02513975000000001,0.00032454570532766485,0.19892456869084618,0.00025780943413686064,0.20176414076039279,0.00035551814945418094,0.19423091725562966
22535833765723427929773245088435042776045949943240943368073750664192788269527,30.0,0.2265,30.0,0.17519774999999999,0.0005235000000000007,0.25522125000000007,0.001349832705903305,0.20760135828534002,0.0011605366588199554,0.1941156837829096,0.0013037949149939936,0.2036095655463648
22535833765723427929773245088435042776045949943240943368073750664192788269527,14.0,0.3565,14.0,0.22940774999999997,6.424999999999983e-05,0.24994350000000004,0.0007489940038817557,0.23404714427620513,0.000524974949339541,0.24093398164944405,0.000681774583430432,0.22926535177069166
22535833765723427929773245088435042776045949943240943368073750664192788269527,7.0,0.5285,7.0,0.24918775,5.049999999999976e-05,0.21808125000000003,0.000383781502742592,0.24707043908046053,0.00025223702701896805,0.25183194130733727,0.00035377960530721746,0.249553829326428
22535833765723427929773245088435042776045949943240943368073750664192788269527,3.0,0.5285,3.0,0.24918775,4.000000000000007e-05,0.21808125000000003,0.0001648655686632198,0.2486973390139263,0.00013232966187395643,0.24795014493562498,0.0001436944412765394,0.24894527549808956
110231926589098351804293174455681788984678095258631881563984268486591441074567,30.0,0.0505,30.0,0.047949750000000006,0.00133975,0.005747499999999999,0.0007111381369486802,0.08498059989970137,0.0006570968551831822,0.09393490262553077,0.0007258454862818519,0.09700136995885503
94981467988081931464138634629987873301479150128376353123003912234243549924468,3.0,0.335,3.0,0.22277500000000003,0.0003140624999999998,0.1113890625,0.00015970993266389052,0.22559147621795594,0.00010794605569389874,0.2205721507564647,0.0001431579399413643,0.22626580615751096
67830867801389194442100793267977037311043107496177501609705639561566636920683,30.0,0.45,27.0,0.24750000000000003,0.0018499999999999988,0.2474,0.0014520226758028376,0.255755028866597,0.0011027870907186139,0.2494731294774407,0.0014176382319143715,0.24822837682161744
67830867801389194442100793267977037311043107496177501609705639561566636920683,14.0,0.43,14.0,0.2451,0.0009249999999999994,0.239225,0.0008027221346378229,0.24630948302683361,0.0005749016662336141,0.2518404086135273,0.0007083368676732857,0.24718324087969
67830867801389194442100793267977037311043107496177501609705639561566636920683,7.0,0.49,7.0,0.2499,0.0005749999999999988,0.235225,0.0003820754758964376,0.24831772681593228,0.0002489176535422154,0.2496946779242389,0.0003174580921563222,0.2513925274158319
67830867801389194442100793267977037311043107496177501609705639561566636920683,3.0,0.465,3.0,0.24877499999999997,0.00019999999999999925,0.235225,0.00015646193636020868,0.2498985698535705,0.00010194550056045364,0.24967223371492545,0.00013205733515389876,0.24873101801777023
96581242105925530720067597798293176070850090828087280834387218365384943182684,30.0,0.14,30.0,0.12040000000000001,0.0015357500000000002,0.01231275,0.0012374899029694549,0.16038102147496616,0.0011381213692140707,0.17389952266070474,0.0012371739957281178,0.16058592442564623
96581242105925530720067597798293176070850090828087280834387218365384943182684,3.0,0.0545,3.0,0.05152975,3.600000000000002e-05,0.0011702499999999998,7.875255399365448e-05,0.07484995978865483,9.516301568552787e-05,0.07025739907529067,9.024231881279921e-05,0.06505547414400571
83179568795763809221087047886460646888755192722768890848153956207046075375116,14.0,0.41,12.0,0.24190000000000003,0.0009749999999999984,0.20742500000000003,0.0006195171027561608,0.24327617141044855,0.0004750247738522312,0.245372687236717,0.0006367410328078582,0.24228108016336702
83179568795763809221087047886460646888755192722768890848153956207046075375116,7.0,0.405,7.0,0.240975,0.00029999999999999943,0.20742500000000003,0.00038449299949543965,0.24226464650701846,0.0003050473902840421,0.24148496865040195,0.00032855626244885527,0.24092770615001416
83179568795763809221087047886460646888755192722768890848153956207046075375116,3.0,0.445,3.0,0.24697499999999997,0.00010000000000000018,0.20702500000000001,0.00017135771806135925,0.24720172645802613,0.00010469119339205368,0.24707163973621846,0.00013188130082627397,0.24659672118798473
107523475693608637509453401459892993158537164689695637979966351332802559089268,14.0,0.565,14.0,0.245775,0.00013725000000000065,0.75532725,0.0007598027203558677,0.248838883600886,0.0005246643887321397,0.25302259335741956,0.0007661962189743367,0.2473301340408198
107523475693608637509453401459892993158537164689695637979966351332802559089268,7.0,0.31,7.0,0.21389999999999998,0.00013725000000000065,0.23225225,0.0003567470747937007,0.21485588882172857,0.00027084757820197534,0.21673574972935447,0.00033615644101272335,0.21634978083357287
107523475693608637509453401459892993158537164689695637979966351332802559089268,3.0,0.83,3.0,0.14110000000000003,0.00011225000000000059,0.024027250000000007,0.00014281333886453264,0.14530841110736045,0.00013823698254423878,0.1465765713503434,0.00018029621035975252,0.14451967203360722
59266083370178875282124191940686913388686921997545132180129524954487833756236,7.0,0.06,7.0,0.05639999999999999,1.700000000000003e-05,0.7744665000000001,0.00023023093462647346,0.08792535744483228,0.00016166241679280955,0.08414491679755884,0.0002032568948064181,0.0967177089065692
33518219919519083245397251818234558168623600309593411462228253729168809408566,14.0,0.495,13.0,0.249975,0.0010250000000000007,0.5104455000000001,0.0007038568552839615,0.2501171290254931,0.0005040770496057704,0.24949064455376976,0.0006283733429782767,0.24906066770230087
33518219919519083245397251818234558168623600309593411462228253729168809408566,7.0,0.645,7.0,0.22897499999999998,0.0007000000000000001,0.4963205,0.000374237868669747,0.23464387981262058,0.00029620756398565597,0.2284784876395735,0.00035775559744971575,0.22840219377856474
33518219919519083245397251818234558168623600309593411462228253729168809408566,3.0,0.685,3.0,0.21577499999999997,0.00024999999999999935,0.4963205,0.00016526051588323687,0.21889554732555758,0.00010336218027797071,0.22077486848539554,0.00013428848423560519,0.21587617203427364
70922483843415788586443240147533631789183190460574093423160375340827513163224,14.0,0.39,13.0,0.2379,7.5e-06,0.1204125,0.0007160141477809654,0.23708681675026444,0.0004990814608989183,0.24561021408915537,0.000683304510844375,0.23816187592196286
74613028027513134128955311548776374441793397100774125435275515858595795089143,30.0,0.945,30.0,0.05197500000000004,0.0023027499999999914,0.016566750000000005,0.0011818564293731711,0.16244856319535006,0.0010047624821942923,0.16629609292856287,0.0015265582835820818,0.16444114110976923
74613028027513134128955311548776374441793397100774125435275515858595795089143,7.0,0.9435,7.0,0.053307749999999994,0.0009464999999999952,0.01327725000000001,0.00024226829467078513,0.1008728448808587,0.00017561571423929242,0.08917794614264896,0.0003261100564485039,0.09986239632181229
74613028027513134128955311548776374441793397100774125435275515858595795089143,3.0,0.8355,3.0,0.13743975,0.000631249999999999,0.009724999999999998,0.0001717895608217451,0.14278578569216552,0.00012208307700343926,0.143333240249796,0.00020600183518582358,0.14123820393051179
108749336458408553368792986541835444297133235728578472729457377468389003986147,14.0,0.48,10.0,0.2496,0.00047500000000000087,0.18792499999999998,0.0005451465420171369,0.25334257812079497,0.00037160931786572724,0.2537592745007591,0.0005092028284745622,0.24898311538890877
108749336458408553368792986541835444297133235728578472729457377468389003986147,7.0,0.485,7.0,0.249775,0.00015000000000000026,0.18792499999999998,0.00038864986505996276,0.25154030053562587,0.00029022735701673757,0.24974874686410622,0.00034217372237090065,0.24677711373981487
108749336458408553368792986541835444297133235728578472729457377468389003986147,3.0,0.49,3.0,0.2499,2.5000000000000045e-05,0.18792499999999998,0.00019882118561125698,0.24974082885171797,0.00012447280547963794,0.2534545562660004,0.00011620194084510333,0.25031114259264514
2373171113481420188172421609695981388987238078561291090755743560262815731854,7.0,0.815,7.0,0.15077500000000002,0.00022499999999999956,0.2623165,0.0003405703827002672,0.15651966619422758,0.0002566294318325501,0.15732585197284019,0.0004218108902728422,0.15657075358963599
2373171113481420188172421609695981388987238078561291090755743560262815731854,3.0,0.2225,3.0,0.17299375,0.0,0.026367250000000002,0.0001538842093282508,0.17726971869013533,0.00010741465113906993,0.17594997476843288,0.00016222743312936533,0.1776997724682157
26743053013371365007476551740114280533872198414218154821939946443052738700427,30.0,0.355,30.0,0.22897499999999998,0.0015404999999999996,0.058121499999999986,0.001448318985669535,0.23297244448032495,0.001207736124283963,0.24441589200631206,0.001507611425849089,0.23522842240531594
26743053013371365007476551740114280533872198414218154821939946443052738700427,14.0,0.07,14.0,0.0651,0.0009154999999999994,0.0030215000000000003,0.00047460555623733187,0.09417515213585417,0.00042081750789483256,0.08833249123105126,0.0004653752330538724,0.10293881162303326
26743053013371365007476551740114280533872198414218154821939946443052738700427,7.0,0.095,7.0,0.08597500000000001,9.049999999999999e-05,0.0030215000000000003,0.0002075675542285461,0.11073874938245484,0.00020891845793299924,0.1085126753454676,0.00023160273456198665,0.11747191712397903
113229921631902659890984694908643214056105499940067909211093656733726413480082,7.0,0.645,7.0,0.22897499999999998,0.00030000000000000057,0.0680845,0.0003767451280005943,0.230338492221855,0.00027042905896260816,0.23110925860091644,0.00034388621005517443,0.22751462909054115
113229921631902659890984694908643214056105499940067909211093656733726413480082,3.0,0.795,3.0,0.16297499999999998,0.00010000000000000018,0.045584500000000014,0.00017076790563349737,0.16752514876523017,0.00013510553464440538,0.16775472432774272,0.00018399441752386863,0.16270052353723435
113363077069015448538122512240711174749559162563733049209873259809066273054395,14.0,0.76,13.0,0.1824,0.000600000000000001,0.07730000000000001,0.0006740865172611099,0.1967552236450341,0.0004755662042036306,0.18820479466374684,0.0007609655191794698,0.19103937299038576
113363077069015448538122512240711174749559162563733049209873259809066273054395,7.0,0.705,7.0,0.20797500000000002,0.0004250000000000008,0.0737,0.0003634953186192581,0.2134748019524772,0.0002667886423382082,0.20911377678110923,0.0003870013241751543,0.21138508546088575
113363077069015448538122512240711174749559162563733049209873259809066273054395,3.0,0.725,3.0,0.199375,0.0002250000000000004,0.0733,0.0001771098015565387,0.1980524342634376,0.00011520066154687355,0.20644100944955995,0.0001550249595910302,0.19940266405222645
59604729988189742685001202438224752824740811130446610488783261212435524657460,7.0,0.34,5.0,0.2244,2.5000000000000045e-05,0.08782499999999999,0.00027006207014541823,0.23012490666941082,0.00020341141722639476,0.22690010726782098,0.0002587211580863936,0.22676544489650743
59604729988189742685001202438224752824740811130446610488783261212435524657460,3.0,0.335,3.0,0.22277500000000003,0.0,0.08782499999999999,0.00016464751300336735,0.22412756748656779,0.00011785613084257347,0.22331589690537912,0.00014217158284749403,0.22005188000064554
10127485596146788190022715162162490005929142831190335412854285290235849822876,30.0,0.115,30.0,0.101775,0.00040000000000000013,0.011024999999999998,0.0011642751805773183,0.16654199361806007,0.0011520544571602962,0.15546427522591105,0.0010870791540941913,0.1520075849684372
10127485596146788190022715162162490005929142831190335412854285290235849822876,14.0,0.095,14.0,0.08597500000000001,9.99999999999999e-05,0.011024999999999998,0.0005410274180408791,0.12221783976827272,0.0004924022445918232,0.1270074278202852,0.0005628329383517789,0.12126722285218722
10127485596146788190022715162162490005929142831190335412854285290235849822876,7.0,0.095,7.0,0.08597500000000001,9.99999999999999e-05,0.011024999999999998,0.0002598149152825904,0.1236499482376567,0.00021770883310834362,0.1176867540854819,0.0002488615602893882,0.11536106415316126
10127485596146788190022715162162490005929142831190335412854285290235849822876,3.0,0.105,3.0,0.093975,0.0,0.011024999999999998,0.00010155932349013441,0.10601835949032648,7.585389970032927e-05,0.10944138696898616,8.291343129155988e-05,0.11434719520016344
27057169367348546369390537394834822471718976618594822114237756875683431444856,30.0,0.1,30.0,0.09000000000000001,0.001742,0.011995500000000003,0.001078836421870868,0.13660891356275975,0.0009759314008527553,0.16159445422571758,0.0010767847099154657,0.13611005863304357
27057169367348546369390537394834822471718976618594822114237756875683431444856,14.0,0.0635,14.0,0.05946775,0.0009809999999999999,0.0042997500000000015,0.0004199395413021969,0.09214851840502945,0.0004073491402147376,0.07909461108891548,0.00042071986973896055,0.0874811377499962
304223829867910478181460849192477530685410813637096841629263146254608207526,30.0,0.355,30.0,0.22897499999999998,0.001491249999999997,0.10114424999999998,0.0014720254681350792,0.24036881408594746,0.0011976517360173821,0.2389208607413455,0.0015861913870942584,0.23219396629860753
304223829867910478181460849192477530685410813637096841629263146254608207526,14.0,0.275,14.0,0.199375,0.0002662500000000002,0.08781924999999997,0.0005889808120659568,0.21212797952019918,0.000527309557061688,0.21544980410392442,0.0006006476664907816,0.21952655652584518
304223829867910478181460849192477530685410813637096841629263146254608207526,7.0,0.195,7.0,0.156975,0.00019125000000000034,0.08404874999999998,0.0003618370909826368,0.16724592671564756,0.00025931372628614375,0.1583903630565094,0.0003680847471141859,0.16534162747418385
304223829867910478181460849192477530685410813637096841629263146254608207526,3.0,0.229,3.0,0.17655900000000002,4.9000000000000087e-05,0.08194249999999997,0.00015758249071426273,0.17850130749089177,0.0001353631409402384,0.18171449205029502,0.00016028165637230107,0.17545045097795525
4346367793387296689955086868039283511495920935610729116101802489907571522545,30.0,0.42,18.0,0.2436,0.00027800000000000253,0.1717205,0.0009175825802552868,0.2445654181840704,0.0006747310222687848,0.24361857587563493,0.000921555869748427,0.245186533239829
4346367793387296689955086868039283511495920935610729116101802489907571522545,14.0,0.825,14.0,0.14437500000000003,0.00027800000000000253,0.007295500000000007,0.0006769348250075032,0.15110372218799145,0.0004944515579878735,0.15545892774254302,0.0008715012793212301,0.1615331212390384
5708561660601459805512817131601230493971589760294984590237789749933853841330,30.0,0.645,27.0,0.22897499999999998,0.0014,0.0669125,0.0014641067286817377,0.23789358438457583,0.0010626023357950126,0.24870419578702269,0.0015102529035364238,0.24466545335040252
5708561660601459805512817131601230493971589760294984590237789749933853841330,14.0,0.165,14.0,0.137775,0.0008,0.018112500000000004,0.0006247454361932956,0.16442313894250385,0.0005224067741622642,0.17206351146280102,0.0005630684583325877,0.16948840891795633
5708561660601459805512817131601230493971589760294984590237789749933853841330,7.0,0.085,7.0,0.07777500000000001,0.00010000000000000018,0.015612500000000003,0.00022858868691349714,0.10940130689235936,0.00022562309109470908,0.11051120789582654,0.0002362404359738491,0.10641419441637122
5708561660601459805512817131601230493971589760294984590237789749933853841330,3.0,0.195,3.0,0.156975,0.0,0.0106625,0.0001626624059751526,0.16086818291953897,0.00010356583073541026,0.15724341902252043,0.0001548393118228847,0.16055066866596468
11237287642444246356221471945301925747098521118615029478674880625766930500441,30.0,0.115,30.0,0.101775,0.0009822500000000003,0.05642625,0.0011509953982219302,0.1468014313516096,0.001117600312722201,0.14640372138962113,0.0011213927667278905,0.15606182766287785
11237287642444246356221471945301925747098521118615029478674880625766930500441,14.0,0.24,14.0,0.1824,0.00063225,0.019951249999999993,0.00062911190513191,0.19373094104234606,0.0005371063938377108,0.18933841124941483,0.0006272177375517865,0.19806210844523595
98727966476838206491348199530730121211708620447743349807965088295587584128693,7.0,0.24,6.0,0.1824,9.999999999999963e-05,0.030250000000000006,0.0003129446655739318,0.18932085541721122,0.00023970567942626267,0.18402882731273387,0.00035599151415457027,0.18895829573046327
98727966476838206491348199530730121211708620447743349807965088295587584128693,3.0,0.23,3.0,0.1771,9.999999999999963e-05,0.02615,0.00017097922423627972,0.1796338731884046,0.00011401555449481866,0.17877761353974836,0.00014877090214098716,0.1769690504216728
93649474745035786731233919003082633017639813911207879453624389467235918905276,30.0,0.155,30.0,0.130975,0.0010162500000000004,0.00513225,0.0011838515971580963,0.16199783085625483,0.0010892764861035833,0.17986354445802583,0.0012537933826107061,0.17283122306373225
84057101118437441476678466228608775314828035112201576925111457624324490621113,14.0,0.52,13.0,0.2496,0.0007250000000000013,0.23474050000000005,0.0007404460026200747,0.25638650818525816,0.0005091903059938687,0.25119591722769796,0.0006579350704422359,0.2501505211276426
84057101118437441476678466228608775314828035112201576925111457624324490621113,7.0,0.515,7.0,0.249775,0.0004000000000000007,0.23474050000000005,0.00037132264207974776,0.24868506319914388,0.0002403000479934582,0.25310309172853773,0.0003326987158974181,0.2502473227292622
84057101118437441476678466228608775314828035112201576925111457624324490621113,3.0,0.51,3.0,0.2499,0.00012500000000000022,0.23474050000000005,0.00016142195829014342,0.2491716996615655,0.0001020786245789752,0.25232388148731183,0.0001387217009584467,0.2501306341857537
102539381863820595453914184353392426226309485938039175532585211338089762822889,7.0,0.255,6.0,0.189975,0.0,0.462175,0.0003229414223678229,0.19325385915761864,0.00022262006965143193,0.19606713856794167,0.0003064734406296695,0.19597248726439367
102539381863820595453914184353392426226309485938039175532585211338089762822889,3.0,0.09,3.0,0.0819,0.0,0.44125,8.380601542545749e-05,0.09844226217213435,7.157870986311197e-05,0.09538468188103445,8.459433010830005e-05,0.10896647155302067
42750054381142639205639663180818682570869285140532640407891991570656047928885,30.0,0.375,30.0,0.234375,0.001049999999999999,0.13226050000000003,0.0015245131534649251,0.23709165367146667,0.0012089168498484466,0.251182608724123,0.0016025815863467533,0.24620266167295057
42750054381142639205639663180818682570869285140532640407891991570656047928885,14.0,0.21,14.0,0.1659,0.0006249999999999995,0.0286605,0.0005571242524605905,0.1819570872916296,0.000513667640583599,0.17873396739434483,0.0005842411402620105,0.16995770469781563
42750054381142639205639663180818682570869285140532640407891991570656047928885,7.0,0.165,8.0,0.137775,0.0,0.0270605,0.00036651989826047527,0.15656496504561837,0.00027860642201511863,0.15849606705022767,0.0003157753107344317,0.15941170211384623
8302857577487262619465241612431111067530795734977892295404358340954376887308,30.0,0.43,27.0,0.2451,0.0012250000000000004,0.199625,0.0014401487919860245,0.24816271774420884,0.001050385773939911,0.25109834832260014,0.0014079732494660035,0.24797849458090862
8302857577487262619465241612431111067530795734977892295404358340954376887308,14.0,0.425,14.0,0.24437499999999998,0.0004999999999999993,0.199625,0.0007739915832796079,0.2428827011533784,0.0005465485114107622,0.2535083004880134,0.0007429816302466764,0.24270756710493205
8302857577487262619465241612431111067530795734977892295404358340954376887308,7.0,0.41,7.0,0.24190000000000003,0.0003249999999999989,0.199625,0.00037337248142480287,0.2395688345506742,0.0002593006775986749,0.2465589987641156,0.0003316680923569379,0.24512800105451527
8302857577487262619465241612431111067530795734977892295404358340954376887308,3.0,0.405,3.0,0.240975,0.0,0.199625,0.00015784147625889602,0.23936594766685024,0.0001283165620746444,0.24174547097772772,0.0001221414311764415,0.2407173168622009
89969054941820905260983372139923320038115693660830083208242956669285748681379,30.0,0.835,30.0,0.13777500000000004,0.0020999999999999895,0.019525000000000004,0.0013931030682085039,0.1757860940636634,0.0010758216747184146,0.19107364310755062,0.0017951947994196793,0.1890543747982872
89969054941820905260983372139923320038115693660830083208242956669285748681379,14.0,0.825,14.0,0.14437500000000003,0.0012999999999999934,0.019525000000000004,0.0006598274084441237,0.14798326467662576,0.0005303420293831017,0.1583598320929908,0.0009182874281262346,0.151552563055447
89969054941820905260983372139923320038115693660830083208242956669285748681379,7.0,0.825,7.0,0.14437500000000003,0.0008999999999999927,0.019525000000000004,0.00037008480659507444,0.15379886130170545,0.00024297837212765557,0.15556636479690428,0.0003623979760359437,0.15056355997640605
89969054941820905260983372139923320038115693660830083208242956669285748681379,3.0,0.825,3.0,0.14437500000000003,0.00010000000000000018,0.019525000000000004,0.00016487865735992743,0.14441044354483476,0.00010227901218650529,0.14891156143892972,0.00017703001062425162,0.14547820003489387
99386075280254527148064635673463087863170499896517089212987524610555920898232,30.0,0.0525,30.0,0.049743749999999996,0.0016370000000000007,0.021254749999999996,0.0007349626569270193,0.08949396143357578,0.0006807361278494118,0.08854720111636595,0.0007058061048603475,0.08009849504702261
99386075280254527148064635673463087863170499896517089212987524610555920898232,14.0,0.0765,14.0,0.07064775,0.0006747500000000002,0.019976499999999998,0.0004982712294577942,0.10589186024429108,0.0004522145147535768,0.101940917475286,0.00047752950416617493,0.10953838262693011
99386075280254527148064635673463087863170499896517089212987524610555920898232,7.0,0.0645,7.0,0.060339750000000004,0.00031525000000000005,0.019976499999999998,0.00023085823139835156,0.08352381624483436,0.0001889955005034903,0.08685672567989922,0.00024237450768037214,0.08903231617248507
99386075280254527148064635673463087863170499896517089212987524610555920898232,3.0,0.0735,3.0,0.06809775,0.0,0.016985249999999997,8.052415609658716e-05,0.09377531028663313,9.797871020261402e-05,0.09487546547323225,7.88544503302599e-05,0.08902811092996701
88458672007514219171605090869548159546185169218791748266793909997093690233909,7.0,0.535,6.0,0.248775,0.0,0.19252499999999992,0.00030344110533386934,0.2509963377295908,0.00021644226085479454,0.2508625818421305,0.00027220386160482725,0.24798218648596781
88458672007514219171605090869548159546185169218791748266793909997093690233909,3.0,0.395,3.0,0.238975,0.0,0.16872499999999993,0.00017659587963894183,0.2403076187463935,0.00011665168695516493,0.2388708061270668,0.00013013671474378628,0.23897631224714444
83860106261910837565537392575497295468697734736207343417141603211568752124676,3.0,0.775,3.0,0.17437499999999997,0.00020000000000000036,0.6006250000000001,0.00016420634760637608,0.17736871165321952,0.00013449297408640176,0.18073962723495446,0.00016876001716187945,0.17769729090459485
28088894793576591365754110852221855247039189241642877116427486810082128427600,14.0,0.5,12.0,0.25,0.0005000000000000009,0.30715000000000003,0.0006723673184667392,0.24886289472982986,0.00047868755477034673,0.25325711032202713,0.0005927576117841858,0.24897920439976054
28088894793576591365754110852221855247039189241642877116427486810082128427600,7.0,0.595,7.0,0.240975,0.00037500000000000066,0.29905000000000004,0.00041502096366803534,0.24407871938913686,0.00026120192705572057,0.2446041410299394,0.00037362517700827364,0.24170866929961515
28088894793576591365754110852221855247039189241642877116427486810082128427600,3.0,0.55,3.0,0.2475,0.0003250000000000006,0.29702500000000004,0.00016480258215715172,0.24747797590531675,0.00011039942559675456,0.25016077762129435,0.00015038759520238421,0.24670041985703006
91369545689078304909539644951352215280046945283642895387373198375379734843974,7.0,0.5,6.0,0.25,0.00010000000000000018,0.6078500000000001,0.0003208234026074596,0.25109758635568036,0.00022307506142801457,0.25470475009549604,0.00028479923313038194,0.25008969939441184
91369545689078304909539644951352215280046945283642895387373198375379734843974,3.0,0.53,3.0,0.2491,0.00010000000000000018,0.5233500000000001,0.00015628970045772093,0.2498859009283302,0.0001236575995901682,0.250162731009958,0.00012504354677901053,0.24896685234062305
57190870533976897357709589849687654021197375622357445190506502751411247787741,7.0,0.515,5.0,0.249775,0.00010000000000000018,0.17302500000000004,0.00024394579132300405,0.2504307607560679,0.00019365306840247686,0.2506447376015424,0.00023143132206114987,0.24957067157360377
57190870533976897357709589849687654021197375622357445190506502751411247787741,3.0,0.495,3.0,0.249975,0.0,0.17212500000000003,0.00015481481354900786,0.2515432740849166,0.0001053564379477183,0.24850094273617387,0.00013460558665397859,0.24967188922674122
71624664368058423293833663038414177534979167493942556659492324098910037944781,14.0,0.65,13.0,0.22749999999999998,0.0004000000000000007,0.3788355,0.0006810708454155639,0.23199903558009738,0.0004895229260606575,0.23294796823351194,0.0007357320441939729,0.229687811574018
71624664368058423293833663038414177534979167493942556659492324098910037944781,7.0,0.61,7.0,0.2379,0.0002750000000000005,0.3776105,0.00042136450674742936,0.24048548159611144,0.00025152640348839045,0.24179389486922298,0.0003331085419438702,0.23775509492769753
71624664368058423293833663038414177534979167493942556659492324098910037944781,3.0,0.625,3.0,0.234375,0.00010000000000000018,0.3776105,0.00015666535363568546,0.23473103304563334,0.00011570336853408979,0.2366905842147067,0.00013151446067146373,0.23662880085670912
8994673147195894692764520060295243879759240464987352607004674840537432920255,7.0,0.4,6.0,0.24,0.0005499999999999976,0.18164999999999998,0.0003339224096309796,0.24049847013202574,0.00024540996170676976,0.2428750136033984,0.0003021037898240766,0.24142614008980728
8994673147195894692764520060295243879759240464987352607004674840537432920255,3.0,0.435,3.0,0.24577499999999997,0.00042499999999999857,0.18124999999999997,0.00015084219392679285,0.2458413233162505,0.00010389219868017674,0.24572745775175087,0.00013699176669726098,0.24629029627039498
233862900569678670114671632450111183743595845606473713868607676664796499148,30.0,0.39,27.0,0.2379,0.0008999999999999994,0.22977550000000002,0.0014304359059701438,0.24598766581631637,0.0010352792608571396,0.24628775938032915,0.0014278345724389482,0.24224658127423485
233862900569678670114671632450111183743595845606473713868607676664796499148,14.0,0.48,14.0,0.2496,0.0004250000000000008,0.22555050000000004,0.0007620358749362896,0.2548013165425693,0.0004915629222707926,0.2554534897734906,0.0007260496704984015,0.25344782556525663
233862900569678670114671632450111183743595845606473713868607676664796499148,7.0,0.495,7.0,0.249975,0.00030000000000000057,0.22555050000000004,0.0003786161725474149,0.24966299191195948,0.0002752899987418426,0.25340800709780614,0.0003155701221903431,0.24805467261943093
233862900569678670114671632450111183743595845606473713868607676664796499148,3.0,0.525,3.0,0.24937499999999999,0.00020000000000000036,0.22515050000000003,0.00016034643513183395,0.2501170586702854,0.00010524259085118697,0.24908085191739773,0.00013396665123084563,0.24967213515994996
105953956915150002522974165882693825582092111865946642103065245868242929489995,30.0,0.1,29.0,0.09000000000000001,0.0021425000000000007,0.0092315,0.0010085104278621923,0.13892121200344687,0.0009959359638341402,0.14273187585585906,0.0011533425289814573,0.13992162393193255
105953956915150002522974165882693825582092111865946642103065245868242929489995,14.0,0.07,14.0,0.0651,0.0008175000000000001,0.004106499999999999,0.0004510967416326846,0.09890049464153051,0.0004297132305951595,0.0934350263752668,0.00045799156901862425,0.08730920752077691
105953956915150002522974165882693825582092111865946642103065245868242929489995,7.0,0.102,7.0,0.091596,0.0005187500000000001,0.002146249999999999,0.0002526147901586058,0.1196266939526966,0.00022203483876887892,0.1228203381586654,0.0002825458953032423,0.12338472819023562
31335564527155177318544135513783493075328451393660649396114225549873718295223,30.0,0.575,30.0,0.244375,0.001260999999999998,0.09152750000000001,0.0015243727885286816,0.24741386775973717,0.0012152250952095895,0.25275718296255417,0.0016859469405987005,0.24827043955554515
31335564527155177318544135513783493075328451393660649396114225549873718295223,14.0,0.685,14.0,0.21577499999999997,0.0004110000000000008,0.0633275,0.0007746820019237546,0.22079606373032035,0.0005036004161141333,0.22462420714904066,0.0008131252098587823,0.21200027892450046
31335564527155177318544135513783493075328451393660649396114225549873718295223,7.0,0.665,7.0,0.222775,1.100000000000002e-05,0.0379275,0.00037398789372658476,0.22911452979014332,0.00024994634815785825,0.22502278643173723,0.0003734658201805256,0.2207154943024568
113410960838036610177054042201506207817797370827970598802492258356512540837137,14.0,0.125,14.0,0.109375,0.0007689999999999995,0.399492,0.000655881556287249,0.14168522166917158,0.0005313013395816413,0.14299732886712158,0.0005576162389362711,0.1402378646251694
113410960838036610177054042201506207817797370827970598802492258356512540837137,3.0,0.4845,3.0,0.24975975000000003,0.0,0.27625925,0.00016130509652383996,0.2505483087480482,0.00011343959823457189,0.25158662077910016,0.00012026546890273348,0.24948004786051128
115184700985085475516813820828473437416980978923711632701196663408041036380201,30.0,0.065,30.0,0.060775,0.0003464999999999999,0.022110500000000005,0.0009579596465155786,0.12587882910295384,0.0008582860671974364,0.11045438495730434,0.0008374024684439408,0.09955833982704643
106421420997567331154928145134345171536002132387398066094504839176677088790706,30.0,0.0505,30.0,0.047949750000000006,0.0015854999999999995,0.055612249999999995,0.0006913395982814965,0.07788363974645049,0.0006283770528055033,0.08321740762597159,0.0006622130230830422,0.08091723509460369
106421420997567331154928145134345171536002132387398066094504839176677088790706,14.0,0.2645,14.0,0.19453975,0.0010249999999999994,0.03716174999999999,0.0005987458078820557,0.20751714759656253,0.0005368614215065832,0.2023138141960196,0.0006152419832513683,0.20256996765976581
106421420997567331154928145134345171536002132387398066094504839176677088790706,7.0,0.1205,7.0,0.10597974999999998,0.0006884999999999999,0.004519250000000001,0.00028674626516013614,0.1455422164862399,0.00027061211244674673,0.13603481510975013,0.00029391084268964927,0.12916095569557057
79290738821633012952251194646343347843753407986785745774809464443278141510795,30.0,0.3,30.0,0.21,0.0016749999999999985,0.11968550000000001,0.001402508332595886,0.22010544948745978,0.0011483963587562726,0.22801271065398268,0.0014168281721190282,0.22452177360418102
79290738821633012952251194646343347843753407986785745774809464443278141510795,14.0,0.26,14.0,0.19240000000000002,0.0004750000000000008,0.11718550000000001,0.0006218824232268013,0.20476302818808084,0.0005256738596839852,0.19827446905202695,0.0006573007893022817,0.2123561528057286
79290738821633012952251194646343347843753407986785745774809464443278141510795,7.0,0.265,7.0,0.194775,0.0,0.11718550000000001,0.0003592540103949643,0.19772161993579893,0.00024410316762498043,0.20114591707643695,0.00035828758619170243,0.20334335045475915
79290738821633012952251194646343347843753407986785745774809464443278141510795,3.0,0.295,3.0,0.20797500000000002,0.0,0.11628550000000001,0.0001642152555641323,0.2105766124530269,0.00011349170334717116,0.2081255076262482,0.00014332694961633431,0.20782634290902685
58760091109513372926464062508873763877271003238358019370937067994996707250806,3.0,0.435,3.0,0.24577499999999997,1.562500000000072e-06,0.19031406250000002,0.0001442890466222972,0.24636896592819282,0.00010264929950520015,0.24487884063342683,0.00010638804290134963,0.24584957760056533
75082758571928648388994620953818770642472525287748260375879714018933222579981,7.0,0.735,6.0,0.194775,0.00020000000000000036,0.08202500000000001,0.00035597459482329815,0.2022122066813584,0.0002242997961667333,0.1961722797624189,0.0003058264043131866,0.19598411460697945
75082758571928648388994620953818770642472525287748260375879714018933222579981,3.0,0.715,3.0,0.203775,0.00020000000000000036,0.08162500000000002,0.00019914897006569724,0.20290449423690363,0.00012790775265636857,0.20798048961111237,0.00014759949457934354,0.2045169749511113
64201192916939186728710154123335415178213056105291088830522804214489485899662,7.0,0.5,6.0,0.25,0.0,0.47190000000000004,0.0003544505400104019,0.24699375898571901,0.0002265217518003946,0.2527801931148373,0.00029795576460701554,0.2505666251255818
64201192916939186728710154123335415178213056105291088830522804214489485899662,3.0,0.375,3.0,0.234375,0.0,0.444375,0.00018576716294026448,0.23328338325298098,0.00010838849620373864,0.2359253832988881,0.0001390123859688641,0.23964046093948468
53269980891619216076985963453730298176659723958539933565864687356081976355828,7.0,0.365,5.0,0.231775,0.00020000000000000036,0.18222499999999997,0.00027333071118773047,0.23286597298194459,0.00019800415126182934,0.23090676198962964,0.0002335091080151254,0.23425501846945182
53269980891619216076985963453730298176659723958539933565864687356081976355828,3.0,0.375,3.0,0.234375,0.00010000000000000018,0.18222499999999997,0.00016379902228024106,0.2365372577827403,0.00011773542254327349,0.23601210802874434,0.00014566413473563798,0.23740153711790604
107154750017039479627806321209191561791590708792912758685752548513021435172590,7.0,0.585,6.0,0.24277500000000002,0.00010000000000000018,0.212625,0.00034940999085462997,0.24494123093271117,0.00023401551255992055,0.24407050384274767,0.00028152093282558105,0.2436565872242914
107154750017039479627806321209191561791590708792912758685752548513021435172590,3.0,0.515,3.0,0.249775,0.0,0.210625,0.00016113719021603528,0.2497026622729637,0.00011952794257798094,0.2493400632589639,0.00010518526820554281,0.25065266616846593
9116770648672617954873502150906669109632013173266181691206825621739241400461,30.0,0.345,30.0,0.22597499999999998,0.0015499999999999986,0.389475,0.0014363615709299087,0.22738950671182928,0.0011563136447648441,0.24220233888228088,0.001514884840964212,0.2455583099529413
9116770648672617954873502150906669109632013173266181691206825621739241400461,14.0,0.265,14.0,0.194775,0.0007499999999999975,0.379675,0.0006481582037552936,0.20926698145354636,0.0005151442678666126,0.21168343931255215,0.0005618610313361928,0.20023300177763134
9116770648672617954873502150906669109632013173266181691206825621739241400461,7.0,0.385,7.0,0.236775,0.0005499999999999972,0.369675,0.000364585748254625,0.23988964181203232,0.0002767108405166808,0.24230832650592646,0.0003672662897111604,0.23695851096199771
9116770648672617954873502150906669109632013173266181691206825621739241400461,3.0,0.345,3.0,0.22597499999999998,2.499999999999949e-05,0.36905,0.00017524584335215876,0.2247644766921956,0.0001309031545974065,0.22876698781832538,0.00014606371124002972,0.22807512424714038
36766798367202771726496934710695585664404710044281280179485079769014538286722,30.0,0.08,30.0,0.0736,0.0001839999999999999,0.006642499999999998,0.0009834239554953664,0.12818355741991613,0.0009119771697389398,0.11642088451210066,0.0009560917297736268,0.109179620172952
31745794822427939221000500525069462799835287786020998802005124576041545282141,7.0,0.44,6.0,0.24640000000000004,0.00047499999999999756,0.15312500000000004,0.00030674974979651875,0.24513860000979912,0.00021433464615075844,0.24590557344654435,0.0002794402112090928,0.245979246894565
31745794822427939221000500525069462799835287786020998802005124576041545282141,3.0,0.805,3.0,0.15697499999999998,0.00034999999999999734,0.030625000000000017,0.0001514065763797946,0.15982301847033192,0.00010926450959629889,0.1609786835514506,0.00018520907802880237,0.15959028029438335
46185177974835489503656778461714584268517771724277019479563458670040409977028,30.0,0.065,28.0,0.060775,0.0001807499999999999,0.008414250000000002,0.0008412900359021414,0.11237366480817457,0.0007878371836556906,0.10514114702863511,0.000815374139469337,0.10751087986300839
85118905458287769053489994126772626035871828111952855426890913089381038973168,30.0,0.1,28.0,0.09000000000000001,0.0014892500000000001,0.011855250000000003,0.0010404485177425826,0.14595092659828116,0.000937005281650087,0.14691446378674028,0.0010435023152657293,0.14965138020628937
75262277240576503541125200255351734877619831936165222710769956674779076695947,30.0,0.415,30.0,0.24277499999999996,0.00122725,0.10068724999999999,0.00157705848171607,0.2410933620727639,0.0012168515342819244,0.25305793519306513,0.0016171718546779637,0.25764416393883044
75262277240576503541125200255351734877619831936165222710769956674779076695947,14.0,0.395,14.0,0.238975,0.00040225000000000026,0.09731225,0.0007777348900761022,0.24890865908168658,0.0005353476766002723,0.24530485854004602,0.000687150615537198,0.24160370245249269
75262277240576503541125200255351734877619831936165222710769956674779076695947,7.0,0.055,7.0,0.051975,0.00030225000000000006,0.00081225,0.00017856806367376834,0.0722949781313877,0.00017337604939668755,0.06965035528978673,0.00019927550535970396,0.07138787647876851
37405026747674368854621798171565533089163709763804629084614654573694228513617,30.0,0.59,25.0,0.2419,0.0008249999999999992,0.226525,0.001352261392364395,0.2437433850591844,0.0009473002362543609,0.25199026760616744,0.0013177246371259537,0.2460696603112129
37405026747674368854621798171565533089163709763804629084614654573694228513617,14.0,0.595,14.0,0.240975,0.00039999999999999856,0.226525,0.0007362646327832875,0.24194605781263626,0.0005371342027586692,0.24136983614065322,0.0006581474983874619,0.2445064755969483
37405026747674368854621798171565533089163709763804629084614654573694228513617,7.0,0.575,7.0,0.244375,0.00019999999999999814,0.226525,0.00038239712472779784,0.24451043735716088,0.0002571822941727076,0.2500871942299454,0.00033632131336158743,0.24596285183191172
37405026747674368854621798171565533089163709763804629084614654573694228513617,3.0,0.565,3.0,0.245775,9.999999999999796e-05,0.226525,0.0001631173530035255,0.2455229533881221,0.00012262137319170958,0.24454361077026326,0.00013123256634226346,0.2453861951247456
20526341283472765145712620878899102243965466931927215857611275014018771545170,7.0,0.53,7.0,0.2491,0.00019999999999999868,0.25845,0.00037029451518073755,0.25011288674956894,0.0002552168242498272,0.2491333375014075,0.00034256981108095276,0.25157178122755774
20526341283472765145712620878899102243965466931927215857611275014018771545170,3.0,0.475,3.0,0.24937499999999999,5.000000000000009e-05,0.255425,0.0001500582020049633,0.24987060579382622,0.00013253341988604214,0.24903528840743225,0.00014755374727991322,0.24975523072084566
73977667114740983033861414628143690541540536673279110758577059595436106238763,7.0,0.495,7.0,0.249975,7.325e-05,0.22157524999999997,0.00039300114436601646,0.24964057166849216,0.00026716183842182743,0.24952413943429982,0.0003384778016388659,0.2509651169236193
73977667114740983033861414628143690541540536673279110758577059595436106238763,3.0,0.355,3.0,0.22897499999999998,7.325e-05,0.11902524999999997,0.00016520439196345877,0.22709495169883984,0.00011148799435356619,0.228516552069075,0.00013424438977171116,0.23043871188569448
42732666566615324810487840547538773808217520832406624513917058955766826446525,14.0,0.414,14.0,0.24260400000000001,0.00044974999999999784,0.21204225000000007,0.0008164538807659192,0.24473570884895646,0.0005705423237160785,0.2509649729343908,0.0007368490768988245,0.24438875555040035
42732666566615324810487840547538773808217520832406624513917058955766826446525,7.0,0.808,7.0,0.15513599999999997,0.0002057499999999992,0.12445625000000002,0.0003357185131796785,0.16527940624219664,0.00026341804806094527,0.17395316669377972,0.00041157131395904795,0.16868086145616926
42732666566615324810487840547538773808217520832406624513917058955766826446525,3.0,0.857,3.0,0.12255100000000001,0.00020249999999999937,0.06666400000000001,0.00010114029992526805,0.12943529441298637,8.525692522145105e-05,0.12466412042624031,0.00013383314795538986,0.1172584613603332
94742454704773778167568688948405770414791647129006368131301932311609594298387,30.0,0.54,30.0,0.2484,0.0009750000000000016,0.276025,0.0015773566202487578,0.2535462221286452,0.0011695243643216674,0.25911478369246776,0.0015360961938516659,0.2524053170358651
94742454704773778167568688948405770414791647129006368131301932311609594298387,14.0,0.535,14.0,0.248775,0.0005000000000000009,0.276025,0.0007692586226752791,0.2501943934965055,0.0005414623116983005,0.25211210403847156,0.0007064016555533168,0.2485211443688132
94742454704773778167568688948405770414791647129006368131301932311609594298387,7.0,0.535,7.0,0.248775,0.00030000000000000057,0.276025,0.00036940512737084375,0.25369731623989167,0.0002821102070655077,0.2525480459164693,0.0003193594155737411,0.25021685354914863
94742454704773778167568688948405770414791647129006368131301932311609594298387,3.0,0.545,3.0,0.247975,0.00020000000000000036,0.276025,0.0001722617550774472,0.24725051533174547,0.00011326295452757939,0.24777661509516136,0.00014719165886227772,0.2465452416719371
25275258976601860306151056759609321158827361858594627600120521769056579627932,30.0,0.1475,30.0,0.12574375,0.0009497500000000003,0.0092325,0.0012115764677229969,0.16191566382179606,0.0010838688892639194,0.17786535435777936,0.001179156686777843,0.17072722494935674
58916319606160469683227737891665099942427919201493113614380365533625040883210,7.0,0.355,6.0,0.22897499999999998,2.5000000000000045e-05,0.24184999999999998,0.00030491028938919396,0.22989451537336256,0.00020605863373743177,0.2288737356352332,0.00029962240043311206,0.2308178352082089
58916319606160469683227737891665099942427919201493113614380365533625040883210,3.0,0.38,3.0,0.2356,2.5000000000000045e-05,0.240425,0.00019126535133374726,0.2383363264506741,0.00010290234987985692,0.23725988439436527,0.00013422559315707833,0.2360041444286587
64642655948358223575571547425018249231349946777377000631442573122880572365370,30.0,0.215,30.0,0.168775,0.0015000000000000002,0.010165500000000001,0.0013268850152571338,0.19594116777745774,0.0011331961505723811,0.20869780349877431,0.0012317675388040048,0.18058571753872535
64642655948358223575571547425018249231349946777377000631442573122880572365370,14.0,0.115,14.0,0.101775,0.0008250000000000004,0.0057405,0.000615009166323757,0.14191923156362266,0.0005524147725189065,0.15390064794886987,0.0005864921421505239,0.13865639985129477
64642655948358223575571547425018249231349946777377000631442573122880572365370,7.0,0.095,7.0,0.08597500000000001,0.00047500000000000005,0.0044405,0.00024388423484765636,0.11650569503744211,0.00023310069794154516,0.11221097102852695,0.00025263554455166973,0.11683480919326403
64642655948358223575571547425018249231349946777377000631442573122880572365370,3.0,0.065,3.0,0.060775,2.5000000000000045e-05,0.0035404999999999994,8.15510160295555e-05,0.07570748565052916,8.713481038566172e-05,0.07938713092670441,8.457166595391651e-05,0.07978448625822299
4149251664517640299965130273628133325857680891787528454768893425877314791040,30.0,0.105,30.0,0.093975,0.0012277499999999997,0.9835892500000001,0.0010712346002096681,0.13966562871440902,0.0011094106513560643,0.1482046861767948,0.0011323528786269879,0.14208477200912475
4149251664517640299965130273628133325857680891787528454768893425877314791040,14.0,0.052,14.0,0.04929599999999999,0.00072875,0.9831892500000001,0.00035385171673934986,0.08352512497649123,0.00037295216701807186,0.07873962920829652,0.00037945761666055523,0.08427514981441324
4149251664517640299965130273628133325857680891787528454768893425877314791040,7.0,0.924,7.0,0.07022399999999997,0.0,0.16555300000000003,0.0002684891885642944,0.09728760062492654,0.00021603851795026947,0.09253426580805363,0.0003524026262702452,0.09709759374047476
52362237758244131007266450909467103020831932461982376471839200028772278583671,30.0,0.465,18.0,0.24877499999999997,0.00028100000000000005,0.1063975,0.00099487441041242,0.2516643881374901,0.0007359792175480734,0.2526879918329524,0.0009147041963575811,0.2525737741990944
52362237758244131007266450909467103020831932461982376471839200028772278583671,14.0,0.5,14.0,0.25,0.00028100000000000005,0.08267250000000002,0.0007565712894913813,0.2515221569627971,0.0005498351313706489,0.25124347598543084,0.0006933797506707506,0.2505912307444088
52362237758244131007266450909467103020831932461982376471839200028772278583671,7.0,0.175,7.0,0.14437499999999998,0.000256,0.0266725,0.0003422909294295442,0.16695638212908964,0.00025800583442540313,0.160845143476522,0.0003407615127172697,0.15975450263734192
52362237758244131007266450909467103020831932461982376471839200028772278583671,3.0,0.115,3.0,0.101775,0.000256,0.004872500000000001,0.00010096779205263977,0.10949125577345921,8.421210904693679e-05,0.11477613676483658,0.00011049833004347296,0.12660404528168268
40512903650903203824278145524113142909188769810770228240152159808513175906536,7.0,0.795,6.0,0.16297499999999998,0.00015000000000000026,0.03392500000000001,0.000318376880176158,0.1677145086658858,0.00023635470684421172,0.16767912577840477,0.00037254036697845086,0.16705771939969555
40512903650903203824278145524113142909188769810770228240152159808513175906536,3.0,0.855,3.0,0.12397500000000002,5.000000000000009e-05,0.031025000000000018,0.00010815105625495333,0.1278124152810603,9.629564176208018e-05,0.12852477816980312,0.00014313743628380118,0.12939934625060331
47270884544902187710532732045488098581735089212206395717548237797985049565017,30.0,0.115,30.0,0.101775,0.0007250000000000002,0.0131455,0.001130209251424864,0.14768075837466912,0.0010942073045761794,0.16432701299125463,0.001167028832302731,0.15761751974350444
47270884544902187710532732045488098581735089212206395717548237797985049565017,14.0,0.145,14.0,0.12397499999999999,0.0005500000000000001,0.0109205,0.0006202424263094221,0.1534375864301856,0.0005542124420140615,0.1445697346339223,0.0006357954375885491,0.1655498903461352
47270884544902187710532732045488098581735089212206395717548237797985049565017,7.0,0.135,7.0,0.116775,0.00025000000000000017,0.0109205,0.00031282872519694126,0.13379602226231951,0.00026023429919071883,0.1417807335300091,0.0002714400982849707,0.14642235582891328
47270884544902187710532732045488098581735089212206395717548237797985049565017,3.0,0.115,3.0,0.101775,0.00010000000000000018,0.0109205,9.653741633565183e-05,0.10973557488493292,8.66541216122677e-05,0.12269389246813259,0.00011654149108445581,0.11657069006675252
83370556534339446290134186231428325107251352288130944588445447223324686004938,3.0,0.47,3.0,0.2491,0.0,0.14536349999999998,0.00015323959970555814,0.24792964168426793,0.00011739106662604847,0.2505338815063277,0.00013332468298993513,0.24902465465143186
45343480653694577807177505914664405669209636932459044719445554137639656106379,30.0,0.225,30.0,0.174375,0.0024184999999999996,0.0077294999999999985,0.0013659431131363426,0.19983333528399835,0.0011487140748361441,0.19734912010343472,0.0013294576933273344,0.18489596557690954
45343480653694577807177505914664405669209636932459044719445554137639656106379,14.0,0.0705,14.0,0.06552975,0.00096225,0.0011454999999999998,0.00046075398890114207,0.09339410700156023,0.0003779884299739356,0.0869689557012409,0.00043690439130491187,0.09868900552493615
76563067682631227603609066044534706683559659816004868232381337856810074987695,30.0,0.055,30.0,0.051975,0.0012000000000000003,0.002025,0.0007449183399620768,0.08637714118386565,0.000665958697465365,0.08921011732262624,0.00072169214235383,0.08107012137401678
76563067682631227603609066044534706683559659816004868232381337856810074987695,14.0,0.075,14.0,0.069375,0.0003,0.002025,0.0004313417014949817,0.10577346758135377,0.0004151609934164738,0.10313182081296066,0.0005026700398057384,0.11068241820220061
76563067682631227603609066044534706683559659816004868232381337856810074987695,7.0,0.075,7.0,0.069375,0.0003,0.002025,0.0002420897330936435,0.10538090758698694,0.00019070305619821697,0.09713509616025609,0.00023834518635248888,0.10323895877367657
76563067682631227603609066044534706683559659816004868232381337856810074987695,3.0,0.055,3.0,0.051975,0.00010000000000000005,0.002025,9.183123629356929e-05,0.08092210798976295,8.062045668183575e-05,0.07265040145358899,8.342691948118357e-05,0.07334237645412639
66355217819996301870018340976831404026816536367613482179944896815064300650031,7.0,0.345,5.0,0.22597499999999998,2.5000000000000045e-05,0.3329500000000001,0.00028076769771690695,0.22714456155798518,0.0002035978174102239,0.2328052169069114,0.00023142491823316028,0.2267817564627326
66355217819996301870018340976831404026816536367613482179944896815064300650031,3.0,0.32,3.0,0.2176,0.0,0.33205000000000007,0.00015548206609743306,0.2194294145663668,0.00011083975493776465,0.22385605875991388,0.0001415170934862776,0.21698747794606923
83010834356009693736846003252955599554886522616641260733956564642177058214525,30.0,0.235,22.0,0.179775,0.000974999999999999,0.26770000000000005,0.0009982029977839066,0.19905880631723363,0.0008713545226851727,0.20065675120129847,0.000934292015760656,0.1930397676597725
83010834356009693736846003252955599554886522616641260733956564642177058214525,14.0,0.185,14.0,0.150775,0.0008499999999999987,0.261625,0.0005543044073763469,0.16934424050781946,0.00046822210822302106,0.17475438749987773,0.0006178714869557036,0.17837591259771243
83010834356009693736846003252955599554886522616641260733956564642177058214525,7.0,0.195,7.0,0.156975,0.00019999999999999925,0.25312500000000004,0.00033784036147172224,0.16528318461563563,0.0002603983218461299,0.1644382287468924,0.0003643515022370933,0.16411617193837758
83010834356009693736846003252955599554886522616641260733956564642177058214525,3.0,0.255,3.0,0.189975,0.0,0.24632500000000002,0.00017950151853107028,0.19077711280387405,0.00011787374037289725,0.19374385986567966,0.00013187955869545018,0.1910968428581503
14420550271873046127766367979887785932669484631259710420812785695571641998437,7.0,0.63,6.0,0.2331,0.00025000000000000044,0.04419999999999999,0.00032117178553009895,0.23106844174122781,0.0002453200334761066,0.23963045738354333,0.00029928632766903335,0.231339460947161
14420550271873046127766367979887785932669484631259710420812785695571641998437,3.0,0.685,3.0,0.21577499999999997,0.0,0.042974999999999985,0.00015531982011265659,0.21914666824600437,0.00011672163173780456,0.21967671082872284,0.00016484714335732842,0.21190841038348004
108033353226497084319519030976409224579318213608795178945851866298695743869654,30.0,0.375,20.0,0.234375,0.0009999999999999996,0.16492500000000004,0.0010126947595779495,0.23846608529169033,0.0007742669148490023,0.24221101767321243,0.0009746708075260138,0.23605338531973655
108033353226497084319519030976409224579318213608795178945851866298695743869654,14.0,0.38,14.0,0.2356,0.0009249999999999994,0.16492500000000004,0.0007988317793732517,0.24197204207723894,0.000543034914489089,0.24103468399245054,0.0006843135169952331,0.24103490915970638
108033353226497084319519030976409224579318213608795178945851866298695743869654,7.0,0.405,7.0,0.240975,0.0004999999999999987,0.16492500000000004,0.00037962389452259005,0.2418369804800356,0.00024931469887540296,0.24206223740923785,0.00033131724194125005,0.24258212977947594
108033353226497084319519030976409224579318213608795178945851866298695743869654,3.0,0.405,3.0,0.240975,0.0004999999999999987,0.16492500000000004,0.0001773660007876561,0.24127425452943682,0.00010538255837563085,0.24042683027559655,0.0001418243162720322,0.24066868561598376
86255069788054401001410235574609972397532509074163607443298886063446696622457,7.0,0.66,6.0,0.2244,0.00025000000000000044,0.44595000000000007,0.0003436635277533365,0.22693999219835065,0.00025460565535259335,0.2275613136426774,0.00030336525097733635,0.22580139565595472
86255069788054401001410235574609972397532509074163607443298886063446696622457,3.0,0.635,3.0,0.231775,0.0,0.443925,0.00015923689555342012,0.23543239466999732,0.00011727791091879776,0.2339274513197227,0.0001437898062242944,0.23241902950613136
98887866198292073150367726181890783875684459618704490275180611766628774252411,14.0,0.4,13.0,0.24,0.0005249999999999996,0.05702500000000001,0.0007083190362672575,0.2407848125947232,0.0005049812258243998,0.2518815956397521,0.0006218009619943921,0.23858183230964614
98887866198292073150367726181890783875684459618704490275180611766628774252411,7.0,0.12,7.0,0.1056,0.000225,0.006124999999999999,0.0002705040305489851,0.13394239158323212,0.00023689514353418767,0.12098979577587828,0.0003017604473252095,0.13746485358737467
98887866198292073150367726181890783875684459618704490275180611766628774252411,3.0,0.105,3.0,0.093975,0.0,0.006124999999999999,9.083098479264075e-05,0.11107952485286124,8.599144216623864e-05,0.12101134067998733,8.870510410365576e-05,0.10709296991461609
33840526626337047500586248090261233206603264143489308245833216226146267965373,7.0,0.5,6.0,0.25,2.5000000000000045e-05,0.21227500000000002,0.000352843127580926,0.24910784428172655,0.00024031446506356013,0.24914343030135652,0.0002500138411944894,0.25010672578426063
33840526626337047500586248090261233206603264143489308245833216226146267965373,3.0,0.65,3.0,0.22749999999999998,0.0,0.17025000000000004,0.00014386200020903065,0.2287464280769576,0.00010842814973913155,0.23295290943490155,0.00012394570556838248,0.22507413815997673
39408250058331356583513319482175723310543231295440838114252107700352722448539,7.0,0.62,7.0,0.2356,2.5000000000000045e-05,0.6397250000000001,0.00038045316917023294,0.23750456738106443,0.00023303729749235723,0.24140474002019752,0.0003338353881478964,0.23852336152471026
39408250058331356583513319482175723310543231295440838114252107700352722448539,3.0,0.605,3.0,0.238975,0.0,0.6295250000000001,0.0001519499564045962,0.23951128607603617,0.00011196586284292126,0.23734553631013988,0.0001571654931666076,0.2391170783118744
16413003290202899297205500846719318681068073417853523834803679649631976960511,14.0,0.595,13.0,0.240975,0.0002250000000000004,0.37270000000000003,0.0007330698204987482,0.24551991444947635,0.0005208840059758848,0.2455949444318259,0.0006560335413013699,0.24150391202203203
16413003290202899297205500846719318681068073417853523834803679649631976960511,7.0,0.64,7.0,0.2304,0.00010000000000000018,0.34745000000000004,0.000376624577437068,0.2313952605714561,0.0002695332195602913,0.23184731164090444,0.000372406877514679,0.23489464456049575
16413003290202899297205500846719318681068073417853523834803679649631976960511,3.0,0.695,3.0,0.21197500000000002,0.00010000000000000018,0.33682500000000004,0.00016683788772609942,0.21218820586546308,0.00012195059875391077,0.21292683434639925,0.00012973484360930795,0.21102553194806298
99807787656977522625963684964523586977251697133563219219420832774433952057314,30.0,0.133,30.0,0.11531100000000001,6.424999999999991e-05,0.014541749999999999,0.001174009567266077,0.1643229774609815,0.0010654762351799548,0.1724611338508383,0.0012093941854099293,0.16819609127159374
24577773509300358817327680170546846259151744300648018180120742538153285610470,30.0,0.57,30.0,0.2451,0.0009750000000000017,0.15272499999999997,0.0016344098014048098,0.2507778448119315,0.0012025131440986283,0.2625333454356314,0.0016459034679599015,0.2478265832453588
24577773509300358817327680170546846259151744300648018180120742538153285610470,14.0,0.525,14.0,0.24937499999999999,0.00045000000000000075,0.15112499999999998,0.0007356848718562245,0.2511607405495503,0.0005305710156358798,0.25563700522242855,0.0007497967493558555,0.2459351956761592
24577773509300358817327680170546846259151744300648018180120742538153285610470,7.0,0.545,7.0,0.247975,0.00020000000000000036,0.15112499999999998,0.00038639299819043265,0.24922314328867742,0.0002606609971071502,0.25060807652458417,0.00034010747134133627,0.24885729797273218
24577773509300358817327680170546846259151744300648018180120742538153285610470,3.0,0.555,3.0,0.246975,0.00010000000000000018,0.15112499999999998,0.0001751705798176073,0.25144832055704014,0.0001173379270687461,0.24888203680720644,0.00011584510240988423,0.24595974507133156
37378293575639948939383680576790144901733747479916956906009630524575348484336,14.0,0.69,12.0,0.2139,0.0007250000000000013,0.04822499999999999,0.0006200415287010179,0.21804479734299975,0.0004407738449496667,0.2215726991859759,0.0006109953515168727,0.2125452251974513
37378293575639948939383680576790144901733747479916956906009630524575348484336,7.0,0.715,7.0,0.203775,0.0005000000000000009,0.04822499999999999,0.000393308391075043,0.20836912657756806,0.00026892434965329994,0.2073288710351369,0.0003759018335921665,0.20860532067427967
37378293575639948939383680576790144901733747479916956906009630524575348484336,3.0,0.715,3.0,0.203775,0.00010000000000000018,0.04822499999999999,0.00016157842377660151,0.20522898254926894,0.00010916631977907792,0.2050793705563421,0.0001445186972256191,0.20435670291797123
4473601759659346027187678581617246224408414343914363938974110238241063546608,7.0,0.325,6.0,0.21937500000000001,0.00042499999999999857,0.11914999999999999,0.0003030106373216317,0.22153166865590607,0.00022853856881879157,0.22002076545771918,0.0003076371244735321,0.22383433769303004
4473601759659346027187678581617246224408414343914363938974110238241063546608,3.0,0.32,3.0,0.2176,0.00042499999999999857,0.067325,0.00014745273594942538,0.2146678083837164,0.0001300990304072295,0.22000833434976536,0.0001496107741643086,0.2213804111827538
56338886685007420821018355669613200135199758478419061555726058906518966956681,7.0,0.595,6.0,0.240975,0.0,0.413625,0.00032703713711208673,0.24255136905419136,0.0002168689977671254,0.24137219164571339,0.00030364164696626247,0.2426091915726318
56338886685007420821018355669613200135199758478419061555726058906518966956681,3.0,0.375,3.0,0.234375,0.0,0.39477500000000004,0.00017238309098798542,0.2330493303123076,9.562705159417267e-05,0.2353766444074089,0.00012802452361808196,0.23285342850222895
43316042420532542168140438864501868551184980388178338105513819372697332591887,3.0,0.705,3.0,0.20797500000000002,0.00024999999999999713,0.46922500000000006,0.0001695601855642096,0.20618030474445628,0.00012542589768292964,0.21215724995950944,0.0001546870453680654,0.20753132903041382
108926326251100996852584630903308960749305638164475858958096631270744194554891,7.0,0.685,6.0,0.21577499999999997,2.5000000000000045e-05,0.35594999999999993,0.0003251541863228421,0.21875076336704585,0.00022710429424059519,0.21989944921237992,0.0002886807039834511,0.2201993730775205
108926326251100996852584630903308960749305638164475858958096631270744194554891,3.0,0.62,3.0,0.2356,0.0,0.35234999999999994,0.00017337438882505197,0.23499369413483237,0.00012743048653102878,0.23534628594552814,0.00014574481693530885,0.23688690933556839
102968663560634667043909545491309234246832831946631416862608896961455442151222,30.0,0.055,28.0,0.051975,0.00016600000000000002,0.0023805,0.0007283344476777956,0.10336188412590333,0.0007394728884909943,0.10433576500986447,0.0007057419567358375,0.09560121386330596
78323008020328440534445904698526900436573991706035782552200043416433638632347,7.0,0.51,6.0,0.2499,0.00015000000000000029,0.43625,0.0003498801575200033,0.25266048016051323,0.00023331021706848282,0.25039798578475514,0.00030548788731461595,0.2503664759298296
78323008020328440534445904698526900436573991706035782552200043416433638632347,3.0,0.4,3.0,0.24,0.00012500000000000022,0.43062500000000004,0.00017233089311839158,0.24134241160611464,0.00010553138146270932,0.24075610405703876,0.00012390421024711343,0.24122054389765551
59588078473230407458731138699251469410389579817641830753095899317796768229533,30.0,0.055,30.0,0.051975,0.0011887500000000001,0.004329750000000001,0.000734244656478972,0.08681217026490266,0.0006868509870921797,0.09241454109917659,0.0007244607356117407,0.07995341098864099
96351650250139397447438653380483970772060142397849794315678720298272472897874,30.0,0.05,30.0,0.0475,0.00046850000000000114,1.2574105,0.0006188034844858681,0.06424900760454758,0.0006377122134700275,0.0829698354214332,0.0006987592955511246,0.08686611507630754
96351650250139397447438653380483970772060142397849794315678720298272472897874,14.0,0.215,13.0,0.168775,0.00046850000000000114,0.9474855,0.0005995663148862906,0.20400562790793622,0.0004374469617232678,0.19265208449294435,0.0005101077755245288,0.19166205348484078
96351650250139397447438653380483970772060142397849794315678720298272472897874,7.0,0.0805,7.0,0.07401975,0.000418500000000001,0.93212525,0.0002329483088428845,0.09822126274293534,0.00020221841151381862,0.10338358137818716,0.0002508425952267869,0.10005020380849321
20884324184865911631310536704425311566048592566985957688819961173659419874255,14.0,0.425,14.0,0.24437499999999998,0.0008500000000000015,0.31522500000000003,0.0007402207960764069,0.24560102703818734,0.000529162754134555,0.24851014091273615,0.0007462021117922936,0.24298657880303154
20884324184865911631310536704425311566048592566985957688819961173659419874255,7.0,0.435,7.0,0.24577499999999997,0.0005250000000000009,0.31400000000000006,0.0003986243273117714,0.24260846255039692,0.00022852232135541409,0.24825965380892734,0.00036605750578386014,0.24539142403865136
20884324184865911631310536704425311566048592566985957688819961173659419874255,3.0,0.425,3.0,0.24437499999999998,0.0004250000000000008,0.31360000000000005,0.0001531977474897528,0.2439581763516383,0.00010741382507785217,0.24659053905399048,0.00012539626548433916,0.2450803655394632
87463472219622008305238353375053095763486103522943895739006440335317118495978,30.0,0.079,30.0,0.072759,0.0004720000000000001,0.038598000000000014,0.0009880611319850734,0.13124970429345248,0.0009078254324928576,0.12599187124536385,0.0010048113376934314,0.12645084128152065
56376983210299225977305014667740328585989302707107105671983766213490111952696,14.0,0.32,10.0,0.2176,0.0005000000000000009,0.28425,0.0005490137893872333,0.22212626235576904,0.00038037886603948715,0.2250373057347524,0.00048652815694277726,0.22370458917750635
56376983210299225977305014667740328585989302707107105671983766213490111952696,7.0,0.53,7.0,0.2491,0.00045000000000000075,0.23585,0.0004041362801603682,0.2521901296157388,0.0002534243227738272,0.24893508191854405,0.0003472851486176594,0.24950812450868162
56376983210299225977305014667740328585989302707107105671983766213490111952696,3.0,0.505,3.0,0.249975,0.00010000000000000018,0.235225,0.000170177821758705,0.24791123839640755,0.00012664870051579558,0.2522158679558165,0.00013487715881385683,0.2502367515697968
983137493718963665192767906842736914343952132532497170991527453744018937229,7.0,0.61,6.0,0.2379,2.5000000000000045e-05,0.21997500000000006,0.00036314390657583265,0.2358837992964246,0.00022914091330829598,0.24033693596712113,0.00029981907458834895,0.23974981371678072
983137493718963665192767906842736914343952132532497170991527453744018937229,3.0,0.61,3.0,0.2379,0.0,0.21785000000000004,0.00015407177848522776,0.23852671104338927,0.000140573261438201,0.24073337199749936,0.0001235949389524438,0.23983809348533974
44451530426323388595351525249352358152886744823249763513394253575629698884232,30.0,0.165,20.0,0.137775,0.0007999999999999986,0.6338750000000001,0.0008043501104601855,0.16981644551237743,0.0007430123172258352,0.18078635297373347,0.0008453121447052059,0.16752115224610642
44451530426323388595351525249352358152886744823249763513394253575629698884232,14.0,0.165,14.0,0.137775,0.0007499999999999988,0.6320250000000001,0.0005199664981934665,0.1567734828092867,0.0005340060359124439,0.15447031480891554,0.0005604120681369138,0.1576667070555783
44451530426323388595351525249352358152886744823249763513394253575629698884232,7.0,0.185,7.0,0.150775,0.00019999999999999982,0.6320250000000001,0.00035700384919084465,0.15917560695548683,0.0002364364642511018,0.16326408219628644,0.0003302310792449739,0.15797626981080473
44451530426323388595351525249352358152886744823249763513394253575629698884232,3.0,0.195,3.0,0.156975,9.999999999999963e-05,0.6320250000000001,0.00017461955454577675,0.16091737926547076,0.00010568527518745526,0.15700950952044213,0.00016083021355887934,0.16491115283507177
46130022848920611732202507184264902690726361824951579816156441452797397798181,30.0,0.145,30.0,0.12397499999999999,0.0009229999999999997,0.051366,0.0012139708646066291,0.16961861805874165,0.0011776907801532542,0.16971472999147508,0.0012575402700974675,0.16429381030969087
46130022848920611732202507184264902690726361824951579816156441452797397798181,14.0,0.065,14.0,0.060775,0.000323,0.004966000000000002,0.0004614732863700625,0.09495185578633043,0.00038395468009391954,0.08869115568924257,0.0003986690377798334,0.08659946487779024
54614601139630243784954147924158345636800070313383972710283600656556101162488,30.0,0.555,21.0,0.246975,0.000899999999999995,0.33062499999999995,0.0011301322281943714,0.2504447268217527,0.0008219316204939707,0.25422968164178406,0.0011469760406026895,0.25054751819714355
54614601139630243784954147924158345636800070313383972710283600656556101162488,14.0,0.56,14.0,0.24639999999999998,0.0007249999999999946,0.33062499999999995,0.0007679469589307725,0.24922156884761687,0.0005585329942782355,0.24874374577437167,0.0007428555403086913,0.24972870332036387
54614601139630243784954147924158345636800070313383972710283600656556101162488,7.0,0.575,7.0,0.244375,0.0003999999999999963,0.33062499999999995,0.0003559049330947983,0.24571458693206424,0.0002931580814974164,0.24656200733175632,0.0003529086829514575,0.2448512693340141
54614601139630243784954147924158345636800070313383972710283600656556101162488,3.0,0.565,3.0,0.245775,0.0002999999999999961,0.33062499999999995,0.00016744650751683874,0.2435805926279314,9.970911470992587e-05,0.24494352221014537,0.00013904910928280002,0.2451767362719672
30168111082092353507856372214898102346250937806026289704244038451510990908286,7.0,0.485,5.0,0.249775,0.0002250000000000004,0.23354999999999998,0.00028662286790134107,0.2510022533296902,0.0002031488075217581,0.24794483845879395,0.00019310399192018254,0.24732033372741924
30168111082092353507856372214898102346250937806026289704244038451510990908286,3.0,0.655,3.0,0.22597499999999998,0.0,0.20952499999999996,0.00015547667865115143,0.22541659901856545,0.00013122367025545837,0.22560850678553557,0.00014493246181263565,0.2235353103036869
85970303123749888147773900206745877960943749598565334089487300520517508353158,7.0,0.505,6.0,0.249975,0.00044999999999999527,0.19707500000000006,0.0003201287390493105,0.24814400658044833,0.0002266882707076847,0.25340581162127607,0.00027216399945461506,0.24860234506262827
85970303123749888147773900206745877960943749598565334089487300520517508353158,3.0,0.565,3.0,0.245775,0.0003999999999999963,0.19347500000000006,0.00017334989816921275,0.24505095088672704,0.00011353863817478462,0.24759171571239083,0.0001384599282910144,0.24498413787953743
45907344849959016411507099685345918340336113777949461359450849299920020315133,3.0,0.26,3.0,0.19240000000000002,2.5000000000000045e-05,0.5542805000000001,0.00015120820614624415,0.19439280824660687,0.00012589312379460176,0.1944501913741247,0.00016518540442442669,0.1967201378451065
59803053574942479009986274959130001666363146451057215245850391546627272430327,7.0,0.35,6.0,0.22749999999999998,0.0003250000000000006,0.035675,0.00033017827653166533,0.2273110323697502,0.0002130213059522873,0.23275211619399327,0.00032151156553912716,0.22613884172636972
59803053574942479009986274959130001666363146451057215245850391546627272430327,3.0,0.22,3.0,0.1716,0.0003250000000000006,0.029725,0.000162788164059064,0.17353094609679767,0.00010166124273614942,0.17654986475358467,0.00018874506743875405,0.17186541604132075
67613685408917637991826910249385903024104916322977984918515227735403430428130,7.0,0.4,6.0,0.24,0.0,0.16360000000000002,0.00032433877243304995,0.23992065717816136,0.00021873304114166658,0.24029394439170393,0.00030042395911430005,0.2440266660625861
67613685408917637991826910249385903024104916322977984918515227735403430428130,3.0,0.375,3.0,0.234375,0.0,0.162175,0.00016992712401364546,0.23308619842044911,0.00011053821559383587,0.23546555362724908,0.00014462155323380894,0.23348283694062702
56739734546936349248370588145366668384334188642136389127094118320204540503732,3.0,0.185,3.0,0.150775,0.00010000000000000018,0.038025,0.0001421052628763432,0.15237757755723597,0.00010929317055016089,0.15363441398175381,0.00016703356623074865,0.15133981058148374
79556419900577322611626767862690562089176805129072624901443226554922952966745,30.0,0.185,30.0,0.150775,0.0014499999999999988,0.021425,0.0012718366426980598,0.19497125163781617,0.0011156572812714804,0.1801069424117183,0.0012345454212424726,0.17802447268517238
79556419900577322611626767862690562089176805129072624901443226554922952966745,14.0,0.145,14.0,0.12397499999999999,0.0009499999999999991,0.021025,0.0006388701561856652,0.15951433799532036,0.0005815553892537339,0.1500110497214667,0.0005739587073760687,0.1563427533159738
79556419900577322611626767862690562089176805129072624901443226554922952966745,7.0,0.125,7.0,0.109375,0.0006,0.021025,0.00027761047543952067,0.14247876853731292,0.00024219173747106807,0.13138716593579108,0.000284634451989961,0.14228841338822296
79556419900577322611626767862690562089176805129072624901443226554922952966745,3.0,0.155,3.0,0.130975,0.00010000000000000018,0.021025,0.0001456734040400376,0.13570243862470238,9.867474539657904e-05,0.13284322417685246,0.0001462217207885812,0.1384859368254077
57301498276970257025109591078431189727442302532145853906375186182281603517458,30.0,0.115,33.0,0.101775,0.0,0.09557500000000001,0.0012329925139308432,0.15623142090560557,0.001247958162008226,0.1588386115738097,0.0011917368485027636,0.1415358604312007
57301498276970257025109591078431189727442302532145853906375186182281603517458,14.0,0.22,13.0,0.1716,0.0,0.07955000000000001,0.0005421255202530255,0.18607220833711963,0.00045614510249941757,0.18816078880018838,0.00048473620266856145,0.18765389913724395
57301498276970257025109591078431189727442302532145853906375186182281603517458,7.0,0.295,7.0,0.20797500000000002,0.0,0.06922500000000001,0.000355566823041147,0.2141721974920756,0.00027368937632750364,0.21140835503036443,0.00031421265409132854,0.21087700146673957
57301498276970257025109591078431189727442302532145853906375186182281603517458,3.0,0.33,3.0,0.2211,0.0,0.06075,0.00015663867907024411,0.2227580895352235,0.00012052112439488841,0.22106709330716526,0.0001207656676051659,0.2239488565582986
73210623348179094273085409461750642637352547099464155329401469507785567728229,30.0,0.25,30.0,0.1875,0.0010000000000000002,0.34509999999999996,0.0013885773538075805,0.20550430440842732,0.0011837579731694792,0.21157025338520385,0.001299699164437324,0.2134405468714694
73210623348179094273085409461750642637352547099464155329401469507785567728229,14.0,0.335,14.0,0.22277500000000003,0.0004000000000000007,0.3353749999999999,0.0007225514545535734,0.2228133466742087,0.0005267869096898539,0.2245775158462176,0.0006841381866225212,0.22831587284013907
73210623348179094273085409461750642637352547099464155329401469507785567728229,7.0,0.345,7.0,0.22597499999999998,0.00020000000000000036,0.33172499999999994,0.0003981456231852708,0.22714111223202288,0.00022551578406656913,0.23038350048033907,0.000333066284061957,0.22521001201834445
73210623348179094273085409461750642637352547099464155329401469507785567728229,3.0,0.435,3.0,0.24577499999999997,0.00020000000000000036,0.3192249999999999,0.0001433282826997321,0.24729207808831327,0.00011363620726941727,0.24629302165477404,0.00012760872642732249,0.2458723284631328
114227892770680257892005417678412526129417636123523652374203243614381928583640,30.0,0.68,18.0,0.2176,0.0004980000000000003,0.5262594999999999,0.0009541224439267898,0.22918625200268714,0.0006963102586374903,0.23475160780904042,0.0010290656920599866,0.21899600469125635
114227892770680257892005417678412526129417636123523652374203243614381928583640,14.0,0.87,15.0,0.1131,0.00039800000000000013,0.48625949999999996,0.0006628089481897626,0.13924415951865324,0.0005268330483692046,0.15289614987907935,0.0008750470646840322,0.15088414960392316
114227892770680257892005417678412526129417636123523652374203243614381928583640,7.0,0.255,7.0,0.189975,0.00039800000000000013,0.3090345,0.00032717257812730274,0.19307754747378272,0.0003003474834764122,0.18730109306154646,0.0003515860138115,0.1958431227458731
114227892770680257892005417678412526129417636123523652374203243614381928583640,3.0,0.085,3.0,0.07777500000000001,0.0002979999999999999,0.0040345,0.00010071496048478554,0.09991918069771763,9.132044319587174e-05,0.10350289004222163,0.00010593195195348551,0.0985394773385001
67399009651248931128484970624141355422398090617680818427428637927246754082167,30.0,0.072,22.0,0.066816,7.124999999999986e-05,0.00971925,0.0007019134508952391,0.11447469425146703,0.000648829849008562,0.11095316513082355,0.0006812105055940534,0.11881386639289572
67399009651248931128484970624141355422398090617680818427428637927246754082167,14.0,0.065,9.0,0.060775,2.224999999999997e-05,0.00971925,0.00026130491890453527,0.08693025462335782,0.00023865957277813152,0.09957540654004252,0.0002836494965464877,0.08361943677518942
67399009651248931128484970624141355422398090617680818427428637927246754082167,7.0,0.0775,7.0,0.07149375,2.224999999999997e-05,0.003970000000000001,0.00024061995163492702,0.0981105256451203,0.00019858252954197398,0.08967170387147412,0.0002544020302359313,0.1221008501511702
79605660806991457811890435537160628976099500543939220857753925926896831621219,30.0,0.26,30.0,0.19240000000000002,0.0003335000000000004,0.7613430000000001,0.001379278187361812,0.21671208526921137,0.001220041219165309,0.21317658208367668,0.0013880354466017397,0.21440190444150636
79605660806991457811890435537160628976099500543939220857753925926896831621219,14.0,0.7615,14.0,0.18161775000000002,0.00030850000000000034,0.4194447499999999,0.0007611226421093048,0.18452684652598983,0.0005132409230559464,0.1929007110395329,0.0008261950713407359,0.1912453631414388
79605660806991457811890435537160628976099500543939220857753925926896831621219,7.0,0.384,7.0,0.236544,0.00030625000000000053,0.25727824999999993,0.0004107053238792008,0.23577746257717372,0.00025620059861431886,0.24062768304719506,0.00035163133300142785,0.24048572378765123
79605660806991457811890435537160628976099500543939220857753925926896831621219,3.0,0.7885,3.0,0.16676775000000002,0.0,0.031309250000000025,0.00015372076532125248,0.1676334382825467,0.00011360233650650529,0.1664429725889291,0.00016880156998083878,0.16906352988165296
78771345622136547130138396449178196686240213972005767721760421551826572397898,30.0,0.245,30.0,0.184975,0.00122275,0.023479249999999997,0.001367135567006521,0.21030205356549606,0.0011897181179472045,0.21183979935032496,0.0013212146073604792,0.20510484147377858
78125611062518072206160052180161168888476545977546668691305642705283034463320,7.0,0.075,5.0,0.069375,0.0005565,0.0015325,0.00016412615733292778,0.0922453674280299,0.00015070841255739249,0.10626459473348039,0.00012975877254021594,0.09511926140156249
78125611062518072206160052180161168888476545977546668691305642705283034463320,3.0,0.0525,3.0,0.049743749999999996,0.00030025000000000006,0.0015325,9.135997995361885e-05,0.06869623602356782,6.932390700328995e-05,0.06526559832296114,8.71464934890747e-05,0.07511712722929587
32853656584937659933459997176423433234862528446865968234895335030063768824701,7.0,0.31,6.0,0.21389999999999998,0.0,0.6594499999999999,0.00032197277781025616,0.21706863645706306,0.00021843560732525357,0.22008786486010984,0.00031999031142224105,0.2151248995622812
32853656584937659933459997176423433234862528446865968234895335030063768824701,3.0,0.285,3.0,0.203775,0.0,0.6557249999999999,0.00015624392164948064,0.20247812229408724,0.00010903059937559136,0.20528163302660357,0.000141080519579493,0.20785227225758326
31906544652465104117376250966025995310236766009718542774203388074688953384570,30.0,0.24,30.0,0.1824,0.0012000000000000023,0.39199999999999996,0.0014001038248556263,0.2101339203097847,0.001140125967486403,0.2079432899992004,0.0013522430212399338,0.21631333271358982
31906544652465104117376250966025995310236766009718542774203388074688953384570,14.0,0.255,14.0,0.189975,0.0004250000000000008,0.39015,0.0006202965597596353,0.20259283331967687,0.0005135428355166868,0.19043559596236626,0.0006295981331955322,0.20594498091342445
31906544652465104117376250966025995310236766009718542774203388074688953384570,7.0,0.25,7.0,0.1875,0.0,0.39015,0.0003702057799638658,0.18908051088584024,0.00025471680944402607,0.20028227898198847,0.00038310031703833557,0.18487390896226205
31906544652465104117376250966025995310236766009718542774203388074688953384570,3.0,0.355,3.0,0.22897499999999998,0.0,0.379125,0.00016766557323280029,0.23033572463822005,0.00012393969460227497,0.2304023975455092,0.00011923380652321876,0.22855977711609435
39296145995635021791944507425831065188555372645669782645968052851588435283455,14.0,0.0595,14.0,0.055959749999999996,0.00022524999999999997,0.0036604999999999997,0.00041434109607316026,0.07832209626661926,0.00042640838840437683,0.09562432922503891,0.00039719422684802855,0.08024120059991036
39296145995635021791944507425831065188555372645669782645968052851588435283455,7.0,0.062,7.0,0.058156,0.00014100000000000007,0.0036604999999999997,0.0002253929246440299,0.09748583951238954,0.00017941011651965739,0.08755528780790023,0.00019697148045480964,0.08801137679101244
39296145995635021791944507425831065188555372645669782645968052851588435283455,3.0,0.0695,3.0,0.06466975000000001,5.1250000000000094e-05,0.0036604999999999997,6.691674895113281e-05,0.08655242117477042,7.573349852474276e-05,0.09081777210724376,7.635260896978518e-05,0.08830910828059149
48091266447550986992094575115784155874811038414785459075614757877884250192154,30.0,0.49,19.0,0.2499,0.00022499999999999875,0.47544050000000004,0.0010745435917546042,0.25017307213182194,0.0006986590463571638,0.25783254469475636,0.0009457625287507837,0.2510520735614884
48091266447550986992094575115784155874811038414785459075614757877884250192154,14.0,0.395,14.0,0.238975,0.0,0.42819050000000003,0.0007406541515251702,0.24121725718489664,0.000531658385502652,0.23930788355839339,0.000715945747289584,0.241519351359294
48091266447550986992094575115784155874811038414785459075614757877884250192154,7.0,0.64,7.0,0.2304,0.0,0.22511549999999997,0.0003998933114913707,0.22957298278160812,0.00028917945480492276,0.2292750057745982,0.0003592827925008161,0.23384435126957143
48091266447550986992094575115784155874811038414785459075614757877884250192154,3.0,0.225,3.0,0.174375,0.0,0.027490500000000005,0.00015949836319297225,0.1769704245463371,0.00012589243570540668,0.17832999682614784,0.0001656114138070927,0.17712780512724818
84317838341548518890483114460509081388373631447961519857517678607306651005749,30.0,0.24,30.0,0.1824,0.0009,0.24315200000000003,0.0013195302597989135,0.21042945926137752,0.0012018575593241757,0.20976117990935145,0.001345488774962373,0.21083131411528605
84317838341548518890483114460509081388373631447961519857517678607306651005749,14.0,0.235,14.0,0.179775,2.4999999999999767e-05,0.231752,0.0006160011129664814,0.18276881501362702,0.0004959019517916006,0.1923552517630531,0.0006449864094238022,0.1889357398093037
84317838341548518890483114460509081388373631447961519857517678607306651005749,7.0,0.265,7.0,0.194775,0.0,0.202527,0.00033599260805435493,0.1996406157071562,0.00023893123637751395,0.19945640046713117,0.00035057917694301347,0.19706551131237915
84317838341548518890483114460509081388373631447961519857517678607306651005749,3.0,0.605,3.0,0.238975,0.0,0.149877,0.00017091424657464442,0.2407173420016928,0.00013577049068871412,0.23929029174802288,0.00013504997213109675,0.24034070098985313
15199655422885538869216775944506222854163999909658056791314180222946388831973,30.0,0.28,30.0,0.2016,0.0016249999999999973,0.31487499999999996,0.0014098945589789134,0.21900131457753566,0.0011308169325352899,0.22424742892295746,0.0013501374696995455,0.22545422039048732
15199655422885538869216775944506222854163999909658056791314180222946388831973,14.0,0.31,14.0,0.21389999999999998,0.0007749999999999987,0.31302499999999994,0.0007085127696435006,0.21846014869770813,0.0005488725497464141,0.21488615971051722,0.0006398229793017954,0.2269264840417118
15199655422885538869216775944506222854163999909658056791314180222946388831973,7.0,0.335,7.0,0.22277500000000003,0.0005999999999999989,0.31052499999999994,0.000381489289898312,0.22998514468708173,0.0002784271392209176,0.22560805593822642,0.00036207929106561975,0.227142089154042
15199655422885538869216775944506222854163999909658056791314180222946388831973,3.0,0.395,3.0,0.238975,0.00010000000000000018,0.30962499999999993,0.0001516341076915553,0.24019484256168575,0.00012699750419869124,0.2378250348325141,0.00012998598195955457,0.23751635582298444
86989765000750155883097827320609652927052275812009422751609183177638176999827,14.0,0.078,14.0,0.07191600000000001,0.0008180000000000002,0.0040965,0.0005010736891011319,0.11035532061308694,0.0004594380507321741,0.10694980845850395,0.0004872373420950807,0.10667505189637147
96646254317691918591607218090538891959482888267817137302488372475577859453924,30.0,0.185,30.0,0.150775,0.0017250000000000008,0.5962500000000001,0.001247506424970414,0.1893807378970777,0.0011442179027299107,0.18578110438552295,0.001241667925162611,0.1794374332473413
96646254317691918591607218090538891959482888267817137302488372475577859453924,14.0,0.19,14.0,0.1539,0.0008000000000000014,0.52795,0.0005899645524967867,0.16393950339510102,0.0005209337814778647,0.1688692648153295,0.000586647141666184,0.18052478302694538
96646254317691918591607218090538891959482888267817137302488372475577859453924,7.0,0.275,7.0,0.199375,0.00012500000000000022,0.5243500000000001,0.00035033903489662717,0.20351118140140695,0.0002569855085512277,0.21176298756861217,0.0003163749111951547,0.20558472738057282
96646254317691918591607218090538891959482888267817137302488372475577859453924,3.0,0.455,3.0,0.24797499999999997,0.0,0.504125,0.00017178734253565892,0.24835233977308757,0.0001163681507666003,0.24951094863064494,0.00014438796307946465,0.24854160292618527
101855562831265107203442419096879190899859816025360403919576363159629903511162,30.0,0.485,30.0,0.249775,0.0007330000000000007,0.22443650000000004,0.0016219304385792115,0.2603819764594021,0.0011492367110696275,0.26005984188971504,0.001659661749257646,0.2529955164101473
20418950622474877871998290475550447794330398752341502069657858344933830878458,7.0,0.915,7.0,0.07777499999999997,0.0004999999999999964,0.02331450000000001,0.0002565470808657479,0.11543209743681788,0.00020453915051502427,0.11853482295358322,0.00031696400696982227,0.10921254244247097
20418950622474877871998290475550447794330398752341502069657858344933830878458,3.0,0.915,3.0,0.07777499999999997,0.00010000000000000018,0.003114499999999997,9.112172495530355e-05,0.08480272088874123,8.609307222907987e-05,0.0947651269100691,0.00013746428382639604,0.08647938137573083
35629444424911540854033833805581282525894865134562240313992824142991452360546,30.0,0.0545,30.0,0.05152975,0.0010192500000000002,0.004422500000000001,0.0007272514136356323,0.09027145593707657,0.0007622709107326385,0.08906502654988442,0.00077993294681453,0.10201323016762831
35629444424911540854033833805581282525894865134562240313992824142991452360546,14.0,0.053,14.0,0.050191,0.0007195000000000001,0.004422500000000001,0.00041234797612076183,0.08268594867931683,0.000405764198640446,0.07641223304627719,0.00036704900729860073,0.07406112160232624
39915773731521537948114000644491548929308581016386236699032977684925966778417,30.0,0.51,26.0,0.2499,0.0005739999999999988,0.401862,0.0013874863582439545,0.2504516571312228,0.0010140374189125763,0.2585060217009466,0.0013486782350683817,0.251725828088879
39915773731521537948114000644491548929308581016386236699032977684925966778417,14.0,0.585,14.0,0.24277500000000002,0.0003490000000000006,0.335812,0.0007266279919035335,0.24765444493597386,0.0005022531985887444,0.2481823701673061,0.0007325081069074374,0.24560828430174916
39915773731521537948114000644491548929308581016386236699032977684925966778417,7.0,0.58,7.0,0.2436,0.00032400000000000056,0.26061199999999995,0.00038084344121235876,0.24762092830043048,0.0002800296797521659,0.2427019107013999,0.00031385328214910107,0.24504088762470372
39915773731521537948114000644491548929308581016386236699032977684925966778417,3.0,0.835,3.0,0.13777500000000004,0.00032400000000000056,0.01033700000000001,0.00016757718446949718,0.13695779339853914,0.00011159792819795289,0.14163430520940046,0.0001842031320347788,0.1439472978574016
104422628167008936761369987037644290616132270285833438344290407852434763283031,30.0,0.18,30.0,0.1476,0.001252000000000001,0.5676645000000001,0.0012780643976370192,0.18844680787905474,0.0010963732859261863,0.18549633037964214,0.001212107739592694,0.19510325432421535
104422628167008936761369987037644290616132270285833438344290407852434763283031,14.0,0.105,14.0,0.093975,0.0006020000000000001,0.5626395000000001,0.0005721181247803729,0.12902569482671455,0.0005154040279698694,0.12784283359738413,0.00058107515922502,0.1318305015709379
104422628167008936761369987037644290616132270285833438344290407852434763283031,7.0,0.075,7.0,0.069375,2.6999999999999908e-05,0.5579145000000001,0.00023244550927043362,0.10250753322107162,0.0001933332585655787,0.09171553785574982,0.00019173875998359667,0.0906497575282102
7134893884586794575348639408964620663590755481469596913962609362477980582931,7.0,0.49,5.0,0.2499,0.00025000000000000044,0.80945,0.0002949727613930134,0.2486584719682743,0.0001949611622838028,0.24874410444434603,0.00024259919647151836,0.25012092354971605
7134893884586794575348639408964620663590755481469596913962609362477980582931,3.0,0.82,3.0,0.14760000000000004,0.0002250000000000004,0.697225,0.0001634375164795505,0.15108643071437158,0.00010990864974663202,0.15280185939935712,0.00017668516355495758,0.15014197389552833
97738289848450488297763027547275619371606557963137023790940218654157116963791,30.0,0.35,30.0,0.22749999999999998,0.00245,0.3404695000000001,0.0015292831734652788,0.23347111713926252,0.0011267225910151744,0.24164646583642713,0.0015598414339364655,0.23903357341089418
97738289848450488297763027547275619371606557963137023790940218654157116963791,14.0,0.355,14.0,0.22897499999999998,0.0010499999999999997,0.3350945000000001,0.0007250550542363812,0.23659005335870198,0.0005506287892983917,0.2392108585650417,0.0007180596715385266,0.23035702167441577
97738289848450488297763027547275619371606557963137023790940218654157116963791,7.0,0.485,7.0,0.249775,0.0002250000000000004,0.32096950000000013,0.00037023072882543765,0.24961950240157768,0.0002788730850312614,0.25085619166445705,0.0003734725942279218,0.24959209868245857
97738289848450488297763027547275619371606557963137023790940218654157116963791,3.0,0.395,3.0,0.238975,0.0002250000000000004,0.30566950000000004,0.00017774334046042898,0.24018898981404768,0.0001175873906338265,0.23983790414850056,0.00014726534150958617,0.24004177666869636
97089789776171914487169399867179172223005109284642552503321870132481307952967,7.0,0.4,7.0,0.24,0.00020000000000000036,0.26055,0.0003579845605662091,0.2389032342518503,0.0002777135538387512,0.24387857148195735,0.0003143589890821432,0.24281276391084192
97089789776171914487169399867179172223005109284642552503321870132481307952967,3.0,0.455,3.0,0.24797499999999997,0.0,0.257525,0.0001531890840596377,0.2471162879560011,0.0001160558277006056,0.246673182037697,0.00011828281090860131,0.24655255909262727
15461670030269596072172127340496163534572905073644815010778053425331247529047,30.0,0.115,30.0,0.101775,0.0022702499999999997,0.00387125,0.0011404223409703154,0.15273219622044315,0.001116110198310078,0.16226279341250596,0.0010807332017265146,0.1472888604521298
87174293490112529998913581015460784091668285134964562963484251070427507993480,3.0,0.185,3.0,0.150775,0.0,0.020115624999999998,0.00016105382188148838,0.15526415386948866,0.00011826846671546994,0.15304188054059542,0.00015921567482878838,0.15190789158509077
55177338345205600810745478040444717610689274926726402515626371893009305876425,7.0,0.305,6.0,0.21197500000000002,0.00020000000000000036,0.09272049999999998,0.0003130689023382964,0.2141929320747522,0.00022355385714354422,0.21314657046467503,0.0003285407048436742,0.2132789139637338
55177338345205600810745478040444717610689274926726402515626371893009305876425,3.0,0.31,3.0,0.21389999999999998,0.00012500000000000022,0.09272049999999998,0.00015507219659067415,0.2187486099021058,0.000132912042215312,0.2131712464173397,0.00013882194415244591,0.2158450885310578
63284803361703132321048739956780460363879925620696486229140595548329650415109,30.0,0.35,30.0,0.22749999999999998,0.0006210000000000007,0.3411735,0.0014934291863982474,0.2358429563704064,0.0011802252322097504,0.23900637444908263,0.0015868439026645031,0.23478391607226234
63284803361703132321048739956780460363879925620696486229140595548329650415109,14.0,0.175,14.0,0.14437499999999998,0.00022099999999999995,0.29264850000000003,0.0005800672608214639,0.1731556925274246,0.0004804757013918652,0.15630762325209457,0.0005744613174523198,0.16986531778986538
63284803361703132321048739956780460363879925620696486229140595548329650415109,7.0,0.335,7.0,0.22277500000000003,0.00022099999999999995,0.0485985,0.00038849908347373367,0.22504964894817533,0.0002899521413738816,0.22618678236103684,0.0003429497090663014,0.22318538193414658
63284803361703132321048739956780460363879925620696486229140595548329650415109,3.0,0.065,3.0,0.060775,0.00022099999999999995,0.0018985000000000002,9.644641083996511e-05,0.07788484194550424,6.995303353205338e-05,0.07533901930918226,8.975485503206416e-05,0.08212264960787127
92211847866036284178115262117996225131130400931576952813579819530679958860633,7.0,0.555,7.0,0.246975,0.0008499999999999993,0.2173605,0.0003799312541430193,0.24636721579131296,0.0002566078778442109,0.24720915574458083,0.0003334963895084746,0.24821662875903244
92211847866036284178115262117996225131130400931576952813579819530679958860633,3.0,0.525,3.0,0.24937499999999999,0.0003999999999999985,0.2173605,0.00014886901988000166,0.24981884144948738,0.00012045191947862344,0.25004968708187253,0.00011561344979387756,0.25025155238222047
89262722133387845193166560202808972424089924545438804960915341631492994906283,30.0,0.065,30.0,0.060775,0.0018142499999999999,0.0007692500000000001,0.0008578155930416606,0.08957961222214837,0.0007675107032018888,0.09023067465617479,0.000838886811449035,0.10264477764162949
55958836263606977559718392614296122222017017739103942039630390156504843811835,30.0,0.145,30.0,0.12397499999999999,0.0015499999999999995,0.020425000000000002,0.0012610430934224504,0.17661631564976446,0.001098106389123434,0.1700501235851362,0.0011889918225752784,0.16907015718911345
55958836263606977559718392614296122222017017739103942039630390156504843811835,14.0,0.135,14.0,0.116775,0.0001499999999999999,0.011775000000000004,0.0006028237769754165,0.14412300624663474,0.00051939212390624,0.14136888429607566,0.0006032223388830277,0.1401245383184592
55958836263606977559718392614296122222017017739103942039630390156504843811835,7.0,0.085,7.0,0.07777500000000001,5.000000000000002e-05,0.0059250000000000014,0.0002568711210183008,0.12053186563307715,0.0002112968357132037,0.09996682854026552,0.00026418286180512326,0.12624796173660927
55958836263606977559718392614296122222017017739103942039630390156504843811835,3.0,0.065,3.0,0.060775,0.0,0.005025000000000001,6.526355953066093e-05,0.08248301550287242,6.349663596687457e-05,0.07439683744455831,8.65181144876833e-05,0.06929193053465933
600941350809213734051490659961341421090269400088670222262461051922237189620,30.0,0.066,30.0,0.061644,0.0006805000000000001,0.09653850000000001,0.0008514067879731682,0.1071802360477135,0.0008035320598097482,0.10307755785970084,0.0009146929017716982,0.11259566730047066
600941350809213734051490659961341421090269400088670222262461051922237189620,7.0,0.135,7.0,0.116775,2.5000000000000047e-07,0.08844625,0.0002946172221244785,0.14972030999698652,0.00023180932401676224,0.13555454762278557,0.0002923235366635061,0.1501482239431641
98945477733637858465450962476891912492157644608695960144630357224784270311308,30.0,0.27,30.0,0.1971,0.0013759999999999977,1.2770895000000002,0.001369465073683539,0.21503165448060357,0.0011491768351865803,0.21542448501146536,0.0013791593986716888,0.21673859378684
98945477733637858465450962476891912492157644608695960144630357224784270311308,14.0,0.525,14.0,0.24937499999999999,0.0004009999999999996,1.0962395,0.0007410368396360476,0.25901783731617584,0.0005818546500293568,0.2543407543578738,0.0007252380298979122,0.25417791785170707
98945477733637858465450962476891912492157644608695960144630357224784270311308,7.0,0.145,7.0,0.12397499999999999,1.0000000000000019e-06,1.0188395000000001,0.0002792055743994549,0.1553090761311009,0.0002691536466928779,0.15086463769646255,0.0003435114533188797,0.15435190406663735
15353185604353847122370324954202969073036867278400776447048296624042585335546,30.0,0.062,30.0,0.058156,0.00048724999999999994,0.0008212499999999998,0.0008035957809318589,0.09340484034862313,0.0008155986035286315,0.10004725697136486,0.0008510285274148566,0.1098390345768183
50126410203778007142503549338936271387140662701828838552454333525503628755261,7.0,0.4,6.0,0.24,0.0006999999999999979,0.18985,0.00032314406651341666,0.24418902512152027,0.000261957293182683,0.24166849916423924,0.00028539955948421794,0.24025497941449245
50126410203778007142503549338936271387140662701828838552454333525503628755261,3.0,0.415,3.0,0.24277499999999996,0.00020000000000000036,0.189225,0.0001582811711862681,0.24396178161724763,0.0001294628135230183,0.24305706348902206,0.00013812729868858877,0.24281201233086858
75397511535346845817947383797557495468867612646845977458827634218090068963748,7.0,0.415,7.0,0.24277499999999996,0.0004249999999999981,0.09225,0.00036929751808653503,0.2487776902365424,0.00027726402888497595,0.24626668665207582,0.00033857437478953964,0.24376571900565414
75397511535346845817947383797557495468867612646845977458827634218090068963748,3.0,0.42,3.0,0.2436,5.000000000000009e-05,0.09225,0.00016327910289212007,0.24322209417955853,0.00011724021634456513,0.2442688546844133,0.0001405300444310439,0.24521215155500925
36012711478417072712158480953248378662079539119761324779218525992714494571029,3.0,0.1355,3.0,0.11713975000000001,2.250000000000004e-06,0.0139115,0.00011092388918176321,0.1221167838115625,8.908495233947878e-05,0.13239069560194086,0.00010027481585778684,0.12598302405901232
16894424691858208925745474726543713759924126381815674402361002638388880101929,30.0,0.315,30.0,0.21577500000000002,1.4499999999999993e-05,0.0951725,0.0014573430930684753,0.23257521951208487,0.001163521322761403,0.23592684657975993,0.0014468453862607619,0.2268299613732467
16718041887881762329859205887704087070587186248220606272297433440108449709696,3.0,0.49,3.0,0.2499,7.325000000000108e-05,0.25000025,0.00014254927233323223,0.24948190345213084,0.00010719723190524541,0.2511626017635624,0.00012616439790650964,0.2495712475231974
34124572068052077909406302056995239675264911172488920973407960367842984448300,30.0,0.13,30.0,0.1131,0.001674999999999999,0.23494650000000003,0.0011601859349231654,0.15813822389350254,0.0010710690535380108,0.14486169902249638,0.001191988292586836,0.1748337298719934
34124572068052077909406302056995239675264911172488920973407960367842984448300,14.0,0.125,14.0,0.109375,0.0007499999999999989,0.22584650000000003,0.000601343397085395,0.1434992545258153,0.0005270312576134034,0.13466689606504054,0.000538292516161166,0.15353392105540709
34124572068052077909406302056995239675264911172488920973407960367842984448300,7.0,0.32,7.0,0.2176,0.0,0.2072215,0.000390938347517333,0.2169868832450635,0.0002667079913118812,0.22004110795002021,0.00036596206238987,0.21642279806406556
34124572068052077909406302056995239675264911172488920973407960367842984448300,3.0,0.075,3.0,0.069375,0.0,0.1594965,9.439762077079779e-05,0.07886306516511786,6.463475225035408e-05,0.09638834769263342,8.600117977126785e-05,0.08720541531452121
71381398286186623698847628272853897173396862961818142904715553987713933051887,7.0,0.45,6.0,0.24750000000000003,0.0002250000000000004,0.245825,0.0003293991448002674,0.24801956974349137,0.00022276602473695424,0.24906300005864238,0.00029746812465542054,0.24694855514010952
71381398286186623698847628272853897173396862961818142904715553987713933051887,3.0,0.465,3.0,0.24877499999999997,0.0,0.245825,0.00014103033436716373,0.248603463067168,9.459244895230765e-05,0.2488243544292427,0.00014634829006789765,0.2492885748754788
113575947344702991323223447752604645066262694843576298874524902811228579544185,30.0,0.17,30.0,0.1411,0.0007249999999999998,0.748225,0.001196355813014287,0.17554393504707153,0.001148973532452695,0.19372951652619746,0.0011889715827181353,0.1863883769817859
113575947344702991323223447752604645066262694843576298874524902811228579544185,14.0,0.165,14.0,0.137775,0.0003,0.748225,0.000576103482351054,0.14817099759988633,0.0004865301017121838,0.15517872388402926,0.000579877493132707,0.17213816725888934
113575947344702991323223447752604645066262694843576298874524902811228579544185,7.0,0.165,7.0,0.137775,0.0003,0.748225,0.00030425072575570987,0.15505024355803673,0.00024338999823957617,0.15710805654781285,0.0003339971813111235,0.15236943861421276
113575947344702991323223447752604645066262694843576298874524902811228579544185,3.0,0.145,3.0,0.12397499999999999,9.999999999999963e-05,0.748225,8.949415333331675e-05,0.12991985244638407,8.226835239470149e-05,0.127698616895799,0.00011115684697401453,0.13680227956240357
55443738818158231803517291185008080654932985451404315852703585757411667902597,30.0,0.215,30.0,0.168775,0.0007500000000000008,0.034225,0.0013327916711683558,0.19706503629216388,0.001200825014544097,0.2049477252999783,0.001268632928076078,0.194060718493309
55443738818158231803517291185008080654932985451404315852703585757411667902597,14.0,0.195,14.0,0.156975,0.0005000000000000009,0.034225,0.0006279742747271535,0.17318606014381552,0.0004752880588368364,0.18583692466566368,0.0005647989552388731,0.18331719820778425
55443738818158231803517291185008080654932985451404315852703585757411667902597,7.0,0.185,7.0,0.150775,0.00020000000000000036,0.034225,0.0003315268766353356,0.16283913268274708,0.0002487626167817383,0.15484778661369655,0.0003218347040102697,0.15546238709726004
55443738818158231803517291185008080654932985451404315852703585757411667902597,3.0,0.185,3.0,0.150775,0.0,0.034225,0.00014281404172314458,0.15431977125713123,0.00012314810802714786,0.15410098571421282,0.00019355823568560851,0.14968804818530226
95047670164958340277111777643825971965059782358468932324606496632183052684085,30.0,0.17,30.0,0.1411,0.0019212499999999996,0.011701750000000004,0.0012441932413295603,0.18115316049354996,0.0011186783696840782,0.1837873835830105,0.0011917641419862124,0.18278337765047112
95047670164958340277111777643825971965059782358468932324606496632183052684085,14.0,0.0565,14.0,0.05330775,0.00022775000000000003,0.0007565,0.000431726309833253,0.0798629942427731,0.000379400512060428,0.08169988748183943,0.00037932023155571795,0.0855557027018803
99566541619640652317512639709808184120400767516277184685355777020179304540844,30.0,0.495,30.0,0.249975,0.0010339999999999998,0.3418724999999999,0.0016336396100514183,0.25131959965659867,0.001265601816640477,0.2530994633393099,0.0016291655933986502,0.25373967025705624
99566541619640652317512639709808184120400767516277184685355777020179304540844,14.0,0.375,14.0,0.234375,0.0001090000000000002,0.1683475,0.0007097934204856405,0.24014446023869226,0.000560680534814233,0.2326124361420248,0.0007076229232880206,0.23538253748266022
99566541619640652317512639709808184120400767516277184685355777020179304540844,7.0,0.295,7.0,0.20797500000000002,9.000000000000015e-06,0.15064750000000002,0.000350593793927835,0.21054580957531321,0.0002490791684077558,0.20767929339080723,0.000339430600627928,0.20893399578311822
99566541619640652317512639709808184120400767516277184685355777020179304540844,3.0,0.945,3.0,0.05197500000000004,9.000000000000015e-06,0.001347500000000005,8.368919440589784e-05,0.06936432047337666,6.88022973964094e-05,0.06822257978071596,0.0001192823908015208,0.06507549028759124
70444212281991590599094514137034136177745706304387610267344349187424422414774,30.0,0.225,30.0,0.174375,0.0012169999999999991,0.0617625,0.0012849892704982968,0.1984257151755249,0.0011883492143743664,0.19762903768834858,0.0012963144898482304,0.19508968192009035
70444212281991590599094514137034136177745706304387610267344349187424422414774,14.0,0.15,14.0,0.1275,0.00041700000000000005,0.006387499999999999,0.0005860770068576306,0.15634006601824252,0.0004895913618952699,0.15186932567901099,0.0005591260879950739,0.15106687470349495
55729187700220621940979114092031096586154133673216433038757883725632922111626,14.0,0.395,12.0,0.238975,0.0004009999999999996,0.41862249999999995,0.0006727693360700247,0.2421685206257104,0.00048396770200255594,0.24370284664613923,0.0006254355724079887,0.23842995505083406
55729187700220621940979114092031096586154133673216433038757883725632922111626,7.0,0.24,7.0,0.1824,0.0004009999999999996,0.3509475,0.0003121644725040071,0.18432369351274833,0.00022454648816601323,0.18901867973782827,0.0003680228845242433,0.18341753758659007
55935183786009449883683540312350046975246300613283087403691731856990327029236,7.0,0.0535,7.0,0.05063775,0.0002085000000000001,0.0018922499999999998,0.0001885871572352024,0.07812425416330404,0.00020013431455763887,0.06818973914312165,0.00018239865524580766,0.07299588291135346
55935183786009449883683540312350046975246300613283087403691731856990327029236,3.0,0.0575,3.0,0.054193750000000006,0.00015800000000000015,0.0018922499999999998,7.914700970094821e-05,0.07905961235787454,8.922480187702691e-05,0.07545363552644066,8.451318450827798e-05,0.0660057427193643
82294265279517788069388087838037305194656998172027244775425123449776048199682,30.0,0.062,29.0,0.058156,0.00135,0.031731,0.0007923558223371285,0.09193938600829936,0.0006922905917194651,0.10858057543861749,0.0009034391264334252,0.10324286098086218
82294265279517788069388087838037305194656998172027244775425123449776048199682,14.0,0.1915,14.0,0.15482775000000001,0.0005514999999999999,0.02970875,0.0005574138989407558,0.16337723831964904,0.0005294091933017423,0.16599893904094146,0.0005971471068468878,0.17872477329035102
82294265279517788069388087838037305194656998172027244775425123449776048199682,7.0,0.1215,7.0,0.10673775,5.3000000000000096e-05,0.02582425,0.0002884422516547685,0.13286203341069078,0.00024263608357629675,0.13822927721504855,0.0002842254649183123,0.14846826047635203
82294265279517788069388087838037305194656998172027244775425123449776048199682,3.0,0.1395,3.0,0.12003975000000001,0.0,0.006771250000000001,0.00010588221059980207,0.13496588267937198,9.849674673969588e-05,0.13973118320441388,9.41179977702597e-05,0.1403054625712452
15016060705430323555006107982280679620383241246791893454769976587306015432770,30.0,0.1225,30.0,0.10749374999999999,0.0013974999999999992,0.00678775,0.0012265784568749735,0.13650514136145234,0.0010587529225911385,0.15995955232464504,0.0011515120263162924,0.15770588073369576
15016060705430323555006107982280679620383241246791893454769976587306015432770,14.0,0.1665,14.0,0.13877775,0.0006844999999999996,0.00678775,0.0006163845372713563,0.17095376604684787,0.000500681767994806,0.15174036222570003,0.0005711838079696116,0.16285078362620356
15016060705430323555006107982280679620383241246791893454769976587306015432770,7.0,0.1085,7.0,0.09672775,0.0001997500000000001,0.0048955,0.00028267656999629657,0.11987354320707304,0.00020932587450168144,0.11530155166458628,0.0002692413435553355,0.12795023446657808
61279076457440366836121661527984122684092982431203671489429701128573592434537,14.0,0.825,10.0,0.14437500000000003,0.000550000000000001,0.008524999999999998,0.0004587913811777759,0.16006466305439357,0.00034064399057959633,0.15251922806918924,0.0005991991150920796,0.15948760487112004
61279076457440366836121661527984122684092982431203671489429701128573592434537,7.0,0.835,7.0,0.13777500000000004,0.00020000000000000036,0.008524999999999998,0.0003344481751765542,0.14671437561661319,0.00025482438207888113,0.14404666903822164,0.0003612002518818911,0.14619334526462993
61279076457440366836121661527984122684092982431203671489429701128573592434537,3.0,0.865,3.0,0.116775,0.00010000000000000018,0.008124999999999999,0.0001018841277226514,0.1262569698144498,8.206992798422942e-05,0.12302518439695533,0.00014686861395551734,0.12473038886518834
105899810932776231806924552169917745568781300665841654826556502087018109434318,14.0,0.775,12.0,0.17437499999999997,0.00025000000000000044,0.05102499999999999,0.0006309068818083735,0.1841401940114177,0.00043009374695726914,0.18808590445293627,0.0007211073942820611,0.185363628363044
105899810932776231806924552169917745568781300665841654826556502087018109434318,7.0,0.76,8.0,0.1824,0.00012500000000000022,0.05102499999999999,0.00041914010443913017,0.1819227672190115,0.0003036775524931832,0.1873662576839212,0.00044358336153067275,0.18546236943515543
105899810932776231806924552169917745568781300665841654826556502087018109434318,3.0,0.765,4.0,0.179775,0.00010000000000000018,0.05102499999999999,0.00023902755261167718,0.18447863266127196,0.0001373209590440342,0.18237866742557599,0.00020072181666618344,0.1822512711395089
41327534651669663500678727870045938317064003252794209966689260793317659086531,7.0,0.825,7.0,0.14437500000000003,2.0000000000000037e-06,0.4246815,0.0003413911990788872,0.14854063831071465,0.0002450206438150729,0.15025838881132259,0.00040151335098642145,0.15728086919489956
41327534651669663500678727870045938317064003252794209966689260793317659086531,3.0,0.56,3.0,0.24639999999999998,2.0000000000000037e-06,0.1914065,0.00015134118672766478,0.2435335779094067,0.00011197504412593869,0.24812484850293778,0.00011427737225655341,0.24626064303577735
83940955148650869725264436905852234119369363717380708304966992569071142558954,7.0,0.295,6.0,0.20797500000000002,0.0002999999999999983,0.08094049999999998,0.0003154045385560425,0.21249033450550198,0.00025867781098976543,0.2134417879450138,0.00030321728020531755,0.2113835260967601
83940955148650869725264436905852234119369363717380708304966992569071142558954,3.0,0.275,3.0,0.199375,9.999999999999907e-05,0.08094049999999998,0.00015474601708644154,0.20373530427059663,9.885378151873163e-05,0.2041322803353556,0.00012538408499816438,0.19687885264921223
20943190611234549882277960944338616300224262497644018554698026621641409906110,3.0,0.505,3.0,0.249975,0.00020000000000000036,0.226025,0.00017480140702836805,0.25141701278628387,0.00011929067883412768,0.2512699780867266,0.00011946568557770699,0.25022765993621987
57432398322388797866261896877760843636951520216173777034299621389930279606279,14.0,0.765,13.0,0.179775,0.0006750000000000012,0.5873855000000001,0.0006312634004385083,0.19630436290544598,0.00046573118648443997,0.19079419130450365,0.0007780537232826148,0.19306044420486693
57432398322388797866261896877760843636951520216173777034299621389930279606279,7.0,0.765,7.0,0.179775,0.0004000000000000007,0.5844605000000002,0.0003638906864821957,0.18875135377599656,0.00025901189959159037,0.18427095156020282,0.0003990647086525231,0.18497655621623732
57432398322388797866261896877760843636951520216173777034299621389930279606279,3.0,0.755,3.0,0.184975,0.00010000000000000018,0.5844605000000002,0.00016305739341897338,0.1832031414497378,0.0001101274119057399,0.18939968644808416,0.00014859012090239293,0.1891511115770162
47811543153529297547516518439947986586365327534171632260235619908916561221661,14.0,0.455,13.0,0.24797499999999997,0.0007499999999999957,0.334175,0.0007223180811276051,0.2523358981696944,0.0005201502671928164,0.2516928425166762,0.0006479169654871203,0.2457294005352707
47811543153529297547516518439947986586365327534171632260235619908916561221661,7.0,0.6,7.0,0.24,0.0007499999999999957,0.28685,0.0003905140295017465,0.24075775144553369,0.00029437327234739004,0.2397463834600054,0.0003448783105413449,0.2414105577882313
47811543153529297547516518439947986586365327534171632260235619908916561221661,3.0,0.57,3.0,0.2451,0.00042499999999999743,0.286225,0.00018090117889042477,0.24536852953490024,0.00010462391510278106,0.24743986662426715,0.0001329300577398741,0.2450692418137549
75771817078472080882207303024349440209183684662422891257718386385240666521405,3.0,0.235,3.0,0.179775,0.0,0.046140625,0.0001639805780955379,0.18472163868568764,0.00010706651316002544,0.17988526029662252,0.00016686561650032763,0.18459552735825382
45105978043736940399020460688923720821814878879331783138334562105702459648812,30.0,0.245,30.0,0.184975,0.0008000000000000013,0.5394905000000001,0.0013222438888869557,0.20829536806275087,0.001214520648320215,0.21457903480197796,0.0013184881287175365,0.21329671286430263
45105978043736940399020460688923720821814878879331783138334562105702459648812,14.0,0.255,14.0,0.189975,0.0005000000000000009,0.5394905000000001,0.0006088793181098801,0.20065065331446852,0.0005058566891279135,0.1999174315508154,0.0005864173379789055,0.20255188762316556
45105978043736940399020460688923720821814878879331783138334562105702459648812,7.0,0.265,7.0,0.194775,0.00020000000000000036,0.5394905000000001,0.0003481686046012931,0.20029998529500084,0.0003007820414489496,0.19937633250479056,0.00036814077169084955,0.1995407838109784
45105978043736940399020460688923720821814878879331783138334562105702459648812,3.0,0.275,3.0,0.199375,0.00010000000000000018,0.5394905000000001,0.00018055371065756092,0.2053215698780743,0.0001232941971626161,0.20349787342647643,0.00014149586456866796,0.2010085738787791
8813777423781933953062350245455690156930294117347624404860363705640506030434,7.0,0.56,6.0,0.24639999999999998,0.0002250000000000004,0.19927500000000004,0.0003318603855758402,0.24573601368338466,0.00022163309861650838,0.24510526166562296,0.0002296932376455815,0.2447804314207128
8813777423781933953062350245455690156930294117347624404860363705640506030434,3.0,0.635,3.0,0.231775,0.0002250000000000004,0.19735000000000005,0.00019590877969445823,0.22996677929049547,0.00010851216464883323,0.23562118783710836,0.00012607222902633527,0.2321685553216094
20403398307334234131402204643675486921930048779742580789086247611446319828926,7.0,0.4,6.0,0.24,0.000550000000000001,0.3062499999999999,0.0003264584152367812,0.24454246041647,0.00021058570733612533,0.2401882002826791,0.00026110077052868036,0.24085769359511133
20403398307334234131402204643675486921930048779742580789086247611446319828926,3.0,0.44,3.0,0.24640000000000004,0.0002250000000000004,0.30202499999999993,0.00018599571217246355,0.24841016820644513,0.00012884162971737873,0.24766528921606493,0.0001396405537048997,0.2456210024167332
56831000532202254811410354120402056896323359630546371545035370679912675847818,30.0,0.715,30.0,0.203775,0.0015999999999999916,0.05752500000000005,0.0016291169485973872,0.215718347939466,0.001204735703174186,0.23013842879490728,0.001753308752318401,0.21763241249086726
56831000532202254811410354120402056896323359630546371545035370679912675847818,14.0,0.825,14.0,0.14437500000000003,0.0005999999999999966,0.014025,0.0006858373259419834,0.16003343464929368,0.00045876769545760373,0.17075595996109472,0.0009006505293837633,0.16246873739902878
56831000532202254811410354120402056896323359630546371545035370679912675847818,7.0,0.815,7.0,0.15077500000000002,0.00010000000000000018,0.007825000000000006,0.00034453000577730654,0.15103874047889793,0.00024743505154894123,0.1530928985466429,0.0003972495454015745,0.16299288244254614
56831000532202254811410354120402056896323359630546371545035370679912675847818,3.0,0.905,3.0,0.08597499999999998,0.0,0.004625,0.00010222295801086816,0.09682514072973236,8.21091956509481e-05,0.09208299160149391,0.00012264025869466387,0.09139016685887155
866370305411260885620344443432925550941005016614412438009174244566837236043,3.0,0.525,3.0,0.24937499999999999,3.906250000000028e-05,0.2665140625,0.000158969851067822,0.2519511239709376,0.00011183469463506097,0.24991428784117353,0.00011273583376824766,0.2489277624180658
51545532861486385873692934524720384955493736271416969951012544640145812214434,30.0,0.795,34.0,0.16297499999999998,0.0008955000000000005,0.03973250000000002,0.0016483779977353394,0.19641924283091883,0.0013719355487966944,0.2056061492869493,0.0019048896639571311,0.21677491970335738
51545532861486385873692934524720384955493736271416969951012544640145812214434,14.0,0.725,14.0,0.199375,0.00042049999999999965,0.01680750000000001,0.0007231024620430668,0.21072026060923815,0.0005360337117385855,0.2112827116273409,0.0008181412265537559,0.20626615840696558
51545532861486385873692934524720384955493736271416969951012544640145812214434,7.0,0.925,7.0,0.06937499999999996,7.049999999999902e-05,0.0043075000000000006,0.00026572608382972293,0.10488058522216889,0.00021975061221833853,0.1123390577783529,0.0003185722408331278,0.11500808854999671
101175845957085174081677730787700247847123458912177865400247406662139569237645,7.0,0.475,6.0,0.24937499999999999,0.0,0.18002500000000002,0.00032041157528902767,0.24985539941329704,0.00020859885657353066,0.2515440437546891,0.00026447308452384397,0.2494930171347071
101175845957085174081677730787700247847123458912177865400247406662139569237645,3.0,0.565,3.0,0.245775,0.0,0.17172500000000002,0.0001701682962727408,0.24612032379932067,0.00010871373927157764,0.24517204888250135,0.0001366335572398653,0.2466423881532404
102288487407446333940435352021503500929750754425176682203842733973342287480536,7.0,0.77,6.0,0.17709999999999998,0.0003250000000000006,0.05482500000000001,0.00029038536776481756,0.184061469102746,0.0002296291644389402,0.18101726189381298,0.00034582308365010495,0.1756473369892921
102288487407446333940435352021503500929750754425176682203842733973342287480536,3.0,0.7,3.0,0.21000000000000002,0.0002250000000000004,0.048424999999999996,0.00017454778966794976,0.21084358073477105,0.00011589975997811539,0.213544183215964,0.0001581974253915927,0.21345789889697792
628665179139314011766782141417743072883047577028624636866301712747985452384,14.0,0.17,13.0,0.1411,0.0006999999999999985,0.038865500000000004,0.0005202789561684301,0.16001682627230046,0.0004725291396318004,0.1565545675100111,0.0005619586484203107,0.16884576804749776
628665179139314011766782141417743072883047577028624636866301712747985452384,7.0,0.27,7.0,0.1971,0.0004999999999999993,0.028215500000000008,0.00036156857315475683,0.20213029021744267,0.0002643769370588935,0.19859843236545227,0.0003455354478618486,0.20068351566297918
628665179139314011766782141417743072883047577028624636866301712747985452384,3.0,0.225,3.0,0.174375,9.999999999999963e-05,0.024490500000000005,0.0001537722819442061,0.17066925916433107,0.0001152368073646045,0.18084391503999192,0.00014950699171010758,0.1770101591288603
104071616575689490708756996503755160411785604144351427331378560378097635400347,30.0,0.285,29.0,0.203775,0.0008999999999999982,0.5149250000000002,0.0014264369472869703,0.23347162377776043,0.0010578331285656713,0.21905743510143963,0.001361901761912951,0.22695342114932668
104071616575689490708756996503755160411785604144351427331378560378097635400347,14.0,0.255,14.0,0.189975,0.0008999999999999982,0.5140250000000002,0.0006744047067206457,0.19620653392625848,0.0005262463628004425,0.20227433893417804,0.0005678157582367247,0.20254452159414277
104071616575689490708756996503755160411785604144351427331378560378097635400347,7.0,0.315,7.0,0.21577500000000002,0.00030000000000000057,0.5124250000000001,0.000362003445755002,0.21900999133645357,0.0002556926255996575,0.21788769862081633,0.00037994280612663,0.21693358427504186
104071616575689490708756996503755160411785604144351427331378560378097635400347,3.0,0.295,3.0,0.20797500000000002,0.00010000000000000018,0.5120250000000002,0.00015607977595249515,0.2141521414618129,0.00010772680266688175,0.20927405663285378,0.00012738163579451828,0.2100547644537878
90044343820630031456729213931568588592334997977779552543717083517976160910103,3.0,0.27,3.0,0.1971,0.0001249999999999991,0.093425,0.00015723873770969777,0.20193013895483425,0.00011279962613228227,0.19681835931354782,0.00015622024469553336,0.20125003594486146
84622337225923971667543390025202237459542894380445135038857655043890030217262,30.0,0.525,30.0,0.24937499999999999,0.001000000000000002,0.27892500000000003,0.0016191185483484727,0.254855863057397,0.0012292960936283728,0.2600977056428287,0.0016597465548956916,0.2501987915895971
84622337225923971667543390025202237459542894380445135038857655043890030217262,14.0,0.535,14.0,0.248775,0.00030000000000000057,0.27892500000000003,0.0008056842300257245,0.2489583324320075,0.0005583107116424594,0.2537377305873702,0.0007056156872904212,0.24992553001617085
84622337225923971667543390025202237459542894380445135038857655043890030217262,7.0,0.525,7.0,0.24937499999999999,0.00020000000000000036,0.278525,0.0003968873473969825,0.2516654283823498,0.0002639052923796266,0.2508874530563454,0.0003393410678361793,0.2474235405470068
84622337225923971667543390025202237459542894380445135038857655043890030217262,3.0,0.485,3.0,0.249775,0.00010000000000000018,0.275625,0.00016186897194996416,0.24913039730979705,9.807687786433654e-05,0.2509181659799524,0.0001514136693696574,0.24946814001350995
7496871387824498705150337097986995704782987980926026827618928384721521953608,30.0,0.705,30.0,0.20797500000000002,0.0008500000000000015,0.129625,0.0015741550053984708,0.21785355942254048,0.0011314793587488012,0.22359116136857068,0.001799158755180132,0.22277996955644105
7496871387824498705150337097986995704782987980926026827618928384721521953608,14.0,0.695,14.0,0.21197500000000002,0.00030000000000000057,0.129625,0.0007360260134723127,0.21785951373752335,0.0005220524415766549,0.22503273969416746,0.0008299647863771822,0.2169413794487003
7496871387824498705150337097986995704782987980926026827618928384721521953608,7.0,0.695,7.0,0.21197500000000002,0.00010000000000000018,0.129625,0.0003824649444913163,0.214742222588612,0.00024887876022167707,0.21457010474141974,0.000356695927637293,0.21995738577205223
7496871387824498705150337097986995704782987980926026827618928384721521953608,3.0,0.705,3.0,0.20797500000000002,0.0,0.129625,0.0001783952604883774,0.21001933527581668,0.00011019702982037341,0.21192859957975047,0.00013257691092663704,0.20812915326278403
113193810186498785023909756254972975776141089538451081107489451008186203923927,30.0,0.105,23.0,0.093975,0.0008672499999999992,0.6471092500000001,0.0008750148491734602,0.14332546747777863,0.0008292752810591362,0.14124469392214892,0.000877535893453735,0.12636287568080046
113193810186498785023909756254972975776141089538451081107489451008186203923927,14.0,0.6,14.0,0.24,4.225000000000008e-05,0.57925925,0.0007425656764165162,0.24143678286043058,0.0005234358280716346,0.24464000557575005,0.0007527240081896655,0.24134375678126005
113193810186498785023909756254972975776141089538451081107489451008186203923927,7.0,0.3815,7.0,0.23595775000000002,0.0,0.43133075,0.0003666371972625504,0.23680163102251406,0.000257114520411906,0.23875238588474873,0.0003562108498359773,0.23698931012041044
113193810186498785023909756254972975776141089538451081107489451008186203923927,3.0,0.699,3.0,0.21039900000000003,0.0,0.15634550000000003,0.00016061365571869705,0.21184762045797836,0.00010526559048545738,0.20869395061293022,0.00014668166418636174,0.2107493250985776
12114007747517340384640770826667371719468965613575901863343538277669045189268,30.0,0.145,30.0,0.12397499999999999,0.00236525,0.002606250000000001,0.0011900541535548896,0.17909038402374328,0.0011098872515459166,0.16782813630193757,0.0012979118571288628,0.17983866360829995
12114007747517340384640770826667371719468965613575901863343538277669045189268,14.0,0.065,14.0,0.060775,0.0010152499999999999,0.0018062500000000003,0.0004438061886251635,0.09033122584378742,0.0004136421554079589,0.0925996215752522,0.00043439739584351616,0.09657342906965044
12114007747517340384640770826667371719468965613575901863343538277669045189268,7.0,0.055,7.0,0.051975,0.0007652499999999998,0.0018062500000000003,0.0002062293470991937,0.0794891679524622,0.00016722972928784295,0.07892494287131596,0.0001843596162489473,0.073630712694639
12114007747517340384640770826667371719468965613575901863343538277669045189268,3.0,0.0655,3.0,0.06120975,0.00046449999999999964,0.0018062500000000003,8.351323630751969e-05,0.0775310488422834,6.912721619783137e-05,0.08182665375915343,0.000100186801571908,0.08285484507241156
81737096193980495090392291442340258132452797890728738571009494597928347481572,7.0,0.485,6.0,0.249775,0.00020000000000000036,0.249025,0.00031920701555439827,0.2503758020044715,0.0002184155513864837,0.25048100059351674,0.000252719742346068,0.24929899866888405
81737096193980495090392291442340258132452797890728738571009494597928347481572,3.0,0.525,3.0,0.24937499999999999,0.00020000000000000036,0.245025,0.00015903012173650046,0.2502977306309574,0.00011268245487880947,0.2505587039947122,0.00013070789672101375,0.24963432734725038
14230316651357472861107836669681359625157523607494075427178466310578549055442,7.0,0.69,6.0,0.2139,0.0002250000000000004,0.315075,0.0003026553537163794,0.2213918261321389,0.00023968670536019893,0.21344129248037,0.0003445375187492741,0.21348840945282277
14230316651357472861107836669681359625157523607494075427178466310578549055442,3.0,0.64,3.0,0.2304,0.0,0.30535,0.00014401705554429532,0.2312398345926494,0.0001486731878423373,0.22879118418112765,0.00016370772563928444,0.23097981460487838
61495332530348640979262423024840451050068932850211347033029490398010647228646,7.0,0.315,6.0,0.21577500000000002,5.000000000000009e-05,0.44262500000000005,0.00032445576965581713,0.21889793277020927,0.00022982837292446996,0.22203333031807002,0.00032842031787118657,0.2203236610845297
61495332530348640979262423024840451050068932850211347033029490398010647228646,3.0,0.31,3.0,0.21389999999999998,2.5000000000000045e-05,0.44262500000000005,0.00014811015614963217,0.21654731509795205,0.0001296375378852179,0.217587385111245,0.00015293852797183577,0.21484646472230928
106428415972306440805659798821565836957352710901932544423124141186478841559835,30.0,0.275,30.0,0.199375,0.0009239999999999993,0.0332815,0.0014664503300093343,0.23531194816364306,0.001138538907253595,0.23407047107067744,0.0013452282952411399,0.2123728831943791
106428415972306440805659798821565836957352710901932544423124141186478841559835,14.0,0.165,14.0,0.137775,0.0004489999999999996,0.031356499999999995,0.0005798867460108392,0.17594001887160965,0.00048653443073640943,0.16532669808502531,0.0005484238315818994,0.16903485069300683
106428415972306440805659798821565836957352710901932544423124141186478841559835,7.0,0.175,7.0,0.14437499999999998,0.0001489999999999996,0.031356499999999995,0.0003231229949115476,0.16479048299456595,0.00022665737933729154,0.1600037167497202,0.00033829502831078396,0.16049368420774116
106428415972306440805659798821565836957352710901932544423124141186478841559835,3.0,0.195,3.0,0.156975,4.899999999999999e-05,0.028456499999999996,0.00016874784893481078,0.1560893834815974,0.00011318745690099364,0.16130066286022177,0.00016566373990005442,0.16127915115850783
10451124928493844849355057703558222404087423201197729105477623039880661055484,30.0,0.65,30.0,0.22749999999999998,0.0016852499999999969,0.020025249999999994,0.001585334788977037,0.23386236197283405,0.0011930018639177713,0.24050159623229206,0.0017381281386042334,0.24154599077002598
68786128710811325549820972869194142716865180296775695577952910315061460142209,7.0,0.5,6.0,0.25,0.00010000000000000018,0.23083550000000003,0.0003110937603313737,0.25083402544305017,0.00022785378119617736,0.2552603765354154,0.000252591138413172,0.24927753083539156
68786128710811325549820972869194142716865180296775695577952910315061460142209,3.0,0.475,3.0,0.24937499999999999,0.0,0.22861050000000002,0.00015816124026388353,0.24997322824650858,9.299766832388586e-05,0.2501250365464876,0.00010777098541007883,0.24958761878866334
96960274267773372131583647731391642541817323912358042961702119095512805226258,7.0,0.325,6.0,0.21937500000000001,0.0002499999999999996,0.065475,0.0003196426428204042,0.21748069078917395,0.0002252044152676173,0.22188104920559304,0.00028492036814436414,0.22121208940612397
96960274267773372131583647731391642541817323912358042961702119095512805226258,3.0,0.245,3.0,0.184975,2.5000000000000045e-05,0.05645000000000001,0.0001446543960782737,0.1849220680540041,0.00010525578174747797,0.19163815154276279,0.00015564718942702842,0.19269617848698758
67044318499994712064109988308237618254832029882233414790755517483383764496170,30.0,0.325,30.0,0.21937500000000001,0.0012940000000000004,0.25073549999999994,0.0014442780948504769,0.2261884175475371,0.0011884894010506016,0.23347002013816615,0.0015890487907188862,0.23730771000194018
67044318499994712064109988308237618254832029882233414790755517483383764496170,14.0,0.4405,14.0,0.24645975,0.0005800000000000011,0.13423225,0.0007701182232233367,0.24955590358542026,0.000552703752750326,0.24830993288941955,0.0006972377351014259,0.24774958156041735
67044318499994712064109988308237618254832029882233414790755517483383764496170,7.0,0.34,7.0,0.2244,0.0,0.11350899999999998,0.0003383940127915619,0.22397881628223248,0.00026900416927079534,0.2280543167129332,0.00035073341023601144,0.22642418084114735
67044318499994712064109988308237618254832029882233414790755517483383764496170,3.0,0.282,3.0,0.20247599999999996,0.0,0.07924249999999998,0.00016057926609182319,0.20727998280561383,0.00012636911891513708,0.2036919359403188,0.00016749528140704955,0.20110863802723386
111519420618871164251112302999509726350134402105717611956598292330635341133378,7.0,0.3,6.0,0.21,0.0004499999999999997,0.03765,0.00035079523284914745,0.21239510170892448,0.00022358664947046895,0.2125970540074416,0.00032712579270144864,0.2137373445394741
111519420618871164251112302999509726350134402105717611956598292330635341133378,3.0,0.14,3.0,0.12040000000000001,0.00012499999999999995,0.013625000000000002,0.00011424613168366376,0.1305925206076276,9.578153341062972e-05,0.14054060973880347,0.00010472656312333931,0.14099282680628428
5533407621462204419366790705917923676675270766779491181055620828944815843041,7.0,0.505,5.0,0.249975,0.00042499999999999857,0.22865,0.000256246115928818,0.25026888514685647,0.0002207340618649415,0.2516734292531171,0.00023119945594013652,0.2501610152354872
5533407621462204419366790705917923676675270766779491181055620828944815843041,3.0,0.455,3.0,0.24797499999999997,0.0003999999999999985,0.225625,0.00016440300518487654,0.24923395227070627,0.0001030010945574557,0.24829664628090392,0.00014634904580356837,0.24755946928786807
102227184035967850089766981958743064457339118173548431660886438726896222843254,30.0,0.2165,30.0,0.16962775,0.0010229999999999987,0.4242697499999999,0.0012832603662733106,0.21536699342109786,0.00112718336937056,0.1919068808084515,0.0013238308164972006,0.18785208521135874
102227184035967850089766981958743064457339118173548431660886438726896222843254,14.0,0.2695,14.0,0.19686974999999998,0.00032349999999999897,0.3330207499999999,0.0006366155254184569,0.20238227527028058,0.0005428451641825626,0.20904427585146862,0.000619234823259935,0.2157064984768007
102227184035967850089766981958743064457339118173548431660886438726896222843254,7.0,0.2115,7.0,0.16676775,0.00010525000000000019,0.0926625,0.0003548385818660265,0.17239892148414118,0.00023780257851139207,0.17911530737914944,0.0003627654960104418,0.17984416355152016
102227184035967850089766981958743064457339118173548431660886438726896222843254,3.0,0.3745,3.0,0.23424974999999998,4.625000000000009e-05,0.0670625,0.00017285650030808856,0.23493976888797236,0.00010264943281650156,0.23537929802792004,0.00015302908982187582,0.2363570490520418
56547095651364690723637523202901254978281882262069988263172165588505993952880,3.0,0.665,3.0,0.222775,0.00013906249999999992,0.1147515625,0.00014609859692404304,0.22236280932479155,0.00011312795435277266,0.22747605676936583,0.00014288474381703712,0.22356434489117863
110105962709742756399914071345068468355063301951920723493736436405184596241376,14.0,0.46,14.0,0.24840000000000004,0.00024999999999999935,0.34725,0.0006835055902208923,0.25410970435671354,0.0005435247050156785,0.2513172873734838,0.0007413023320754255,0.24697774261296057
110105962709742756399914071345068468355063301951920723493736436405184596241376,7.0,0.715,7.0,0.203775,2.4999999999998934e-05,0.23260000000000003,0.0003563935389141569,0.20544093629437676,0.00028059353308702026,0.2105711215153385,0.0003484858913162521,0.20501747639511428
110105962709742756399914071345068468355063301951920723493736436405184596241376,3.0,0.685,3.0,0.21577499999999997,0.0,0.218325,0.00015647720392471885,0.21701112688146154,0.00011728920926839314,0.21769979153893118,0.0001289318779082263,0.21865047672532734
69346400964404183285488689638264340789910324753548562565735153576318942751353,14.0,0.135,9.0,0.116775,9.999999999999963e-05,0.14527750000000003,0.00040934201259795934,0.15648232765750994,0.00036070170639854106,0.14511691703952423,0.00041579879701217495,0.13754968765111245
69346400964404183285488689638264340789910324753548562565735153576318942751353,7.0,0.24,7.0,0.1824,0.0,0.13625250000000003,0.0003324447149519671,0.18955488914742014,0.00028525291292745954,0.18594888942252066,0.00035614707417328916,0.18798677451727136
69346400964404183285488689638264340789910324753548562565735153576318942751353,3.0,0.84,3.0,0.13440000000000002,0.0,0.022902500000000024,0.00014177467777832506,0.13889919991407704,9.910067419267185e-05,0.1378646856427107,0.0001835276947492552,0.13830087903277266
5052978505742109596729920389479817407677796482555237481771010048052329486595,30.0,0.102,30.0,0.091596,0.0013165,0.017941499999999996,0.00112158181291845,0.15375304990291044,0.0010131878738397948,0.15658716508464093,0.0011283052243708793,0.14497780517173653
5052978505742109596729920389479817407677796482555237481771010048052329486595,14.0,0.1445,14.0,0.12361975,0.0006012499999999999,0.0029724999999999994,0.0005512459091565583,0.15454813802794448,0.0005308734393610011,0.15445298940791127,0.0006229094117457842,0.14098060504272372
105205367319912766756211155071759105081171661504364198483571345012161084474949,14.0,0.79,12.0,0.1659,0.00045000000000000075,0.24794999999999995,0.0006544335088760786,0.18197361258196068,0.00044982444103176794,0.1829675362325689,0.0007090847572715101,0.17692806822870807
105205367319912766756211155071759105081171661504364198483571345012161084474949,7.0,0.74,7.0,0.19240000000000002,0.00010000000000000018,0.24754999999999994,0.00039382346421972756,0.19341158842556327,0.0002622491891302303,0.19423543983930552,0.0003699123464408088,0.19961598814256448
105205367319912766756211155071759105081171661504364198483571345012161084474949,3.0,0.545,3.0,0.247975,0.00010000000000000018,0.21622499999999997,0.00016227075381226966,0.24896901136596405,0.00012124684391398948,0.2491407712651798,0.00014880126268821602,0.24824357941158048
112937628087331697317065233168528083229287804207100901534711974468554098083004,30.0,0.71,28.0,0.20590000000000003,0.0008844999999999998,0.13008350000000002,0.0015178891216796053,0.22090191213203325,0.0010500274631120967,0.2256886095661492,0.0016493053560009568,0.21798487098087604
112937628087331697317065233168528083229287804207100901534711974468554098083004,14.0,0.155,14.0,0.130975,0.00045949999999999984,0.0106835,0.0005782259898638075,0.15760245790306152,0.0005313570709697226,0.164082577803551,0.0005555129588457243,0.15384743969712145
112937628087331697317065233168528083229287804207100901534711974468554098083004,7.0,0.072,7.0,0.066816,0.0003312499999999998,0.00658125,0.00026039542414877585,0.10034185463105097,0.00019768236543962512,0.1007941625722854,0.00021120067342796588,0.09621963061500999
112937628087331697317065233168528083229287804207100901534711974468554098083004,3.0,0.0895,3.0,0.08148975,0.00012099999999999999,0.0026522499999999997,8.45708133685177e-05,0.11575585016399739,6.847721384563112e-05,0.10553940239567584,8.292846376186797e-05,0.1030801837861852
63957841176310458702286552159959952234388484157909642882859219680981645009047,7.0,0.605,6.0,0.238975,0.0,0.306825,0.0003471408916167558,0.23976219002781093,0.00024315780636149012,0.24089027525848966,0.00028388951378627286,0.2391437889656158
63957841176310458702286552159959952234388484157909642882859219680981645009047,3.0,0.855,3.0,0.12397500000000002,0.0,0.271525,0.00011413545705190243,0.13052482425710754,8.521194829792362e-05,0.135954327968577,0.00016606984141542504,0.1309150379534328
85324706404898418733124688475544132829833150847063731129342470870679237865517,30.0,0.41,30.0,0.24190000000000003,0.001925,0.652575,0.0015849124502929962,0.24874090489555742,0.0011270228362345413,0.24931733835244835,0.0016464897468659642,0.2454821926757961
85324706404898418733124688475544132829833150847063731129342470870679237865517,14.0,0.085,14.0,0.07777500000000001,0.0008249999999999998,0.61505,0.00047700339387549926,0.1066120142615911,0.0004498268243814378,0.11933376803728013,0.0005236453607826865,0.1267550064875332
85324706404898418733124688475544132829833150847063731129342470870679237865517,7.0,0.155,7.0,0.130975,0.00019999999999999982,0.604125,0.00030694880824746676,0.14622119728949143,0.00023563349248754465,0.15564571157818494,0.0003240479290399764,0.1436939370260922
85324706404898418733124688475544132829833150847063731129342470870679237865517,3.0,0.135,3.0,0.116775,0.0,0.604125,9.108187978377126e-05,0.12971032614394035,7.048042118928374e-05,0.1299597578900166,9.329766059071201e-05,0.13055244516466855
107928370782866384352393308470448074487232209143841431481520161337861243389626,30.0,0.21,30.0,0.1659,0.0011250000000000001,0.04202499999999999,0.0012904880606799051,0.19612309055690313,0.001185639768725909,0.21284413984803063,0.0012574886951963876,0.20695678343682236
107928370782866384352393308470448074487232209143841431481520161337861243389626,14.0,0.215,14.0,0.168775,0.00010000000000000018,0.04202499999999999,0.0005929968140711852,0.18606456429465618,0.0005021402289035899,0.19088371957123315,0.0005573667144056218,0.18251311355831096
107928370782866384352393308470448074487232209143841431481520161337861243389626,7.0,0.205,7.0,0.162975,0.0,0.04202499999999999,0.00031354525429665186,0.1729421364896221,0.0002598113572548387,0.175382157796592,0.00034919195430231886,0.16682653433235
107928370782866384352393308470448074487232209143841431481520161337861243389626,3.0,0.205,3.0,0.162975,0.0,0.04202499999999999,0.00016423881587686437,0.16912819976752047,0.00012885123304317558,0.1643865937970439,0.00018661029849612574,0.16713670791861104
94377630068241553980148889920412058537829752889162910590642299110375960113435,7.0,0.095,6.0,0.08597500000000001,0.0,0.48507500000000014,0.00018660710587444128,0.12125186637173918,0.00017602439621771185,0.10284530271738959,0.00019527598543543225,0.11386665076915758
94377630068241553980148889920412058537829752889162910590642299110375960113435,3.0,0.465,3.0,0.24877499999999997,0.0,0.4271250000000001,0.00016512812102131773,0.24938646534076445,0.00011950046409112668,0.2504017385852106,0.00012519811191499645,0.24827431118382756
25765184634765339363827807992411986670067641678875992164214223288175352348465,14.0,0.195,9.0,0.156975,0.0003802500000000001,0.028881249999999994,0.00038471972578690687,0.17527178943366928,0.00034616027424024497,0.16484331585951628,0.0004006130297381827,0.16407231300751243
25765184634765339363827807992411986670067641678875992164214223288175352348465,7.0,0.19,7.0,0.1539,0.0003802500000000001,0.026056249999999993,0.00032356395352260947,0.15851111905835125,0.0002507508678532377,0.1610843358983107,0.0003584060956032146,0.16870802417710007
25765184634765339363827807992411986670067641678875992164214223288175352348465,3.0,0.075,3.0,0.069375,0.0003802500000000001,0.017431249999999995,8.61462399332871e-05,0.09153502666321167,7.343481787221664e-05,0.08959832991692845,8.487069399723046e-05,0.08355549450049544
27072675915285915455116137912884489109876947142577610372904917850067886308458,30.0,0.053,30.0,0.050191,2.3999999999999997e-05,0.0041625,0.0007812480205627842,0.09329454017884606,0.0006557384037479394,0.08687525360384886,0.0007891346172758502,0.09571399727212469
65885644957074421656512068246806636427766547184549275790575586045095304152979,3.0,0.69,3.0,0.2139,0.0004250000000000008,0.49702499999999994,0.00016021501066355908,0.21501178731524234,0.0001095880702912595,0.21429794764981583,0.0001327500363834651,0.21582345601447542
15188919936253802816117227770415416690675420537782784887775174067509274453451,3.0,0.505,3.0,0.249975,5.000000000000009e-05,0.16602500000000003,0.00016341058337298703,0.24984961407388173,0.00011537295959652804,0.2500610014734291,0.00012128210053746146,0.25071043823018396
93834105121059909449530638903147554128879253414032203157926003266276302838051,7.0,0.35,6.0,0.22749999999999998,0.00022499999999999875,0.47647500000000004,0.00035100155401981747,0.23082017965758708,0.0002408165090456832,0.23141724703585104,0.0002977868172666437,0.22863089272576978
93834105121059909449530638903147554128879253414032203157926003266276302838051,3.0,0.295,3.0,0.20797500000000002,0.00022499999999999875,0.47045000000000003,0.00016168638376237775,0.2086956714729773,0.00010635283441974181,0.21285810688369797,0.00013888689901673027,0.20847706633561075
93838758485682196196905291300375162467135643283271312557929851459086376825083,30.0,0.475,30.0,0.24937499999999999,0.0009722500000000007,0.16944824999999994,0.0016068772680628484,0.24912859989689232,0.0011431134811262914,0.2610079520545824,0.0016309814798839445,0.25426903690953717
93838758485682196196905291300375162467135643283271312557929851459086376825083,14.0,0.725,14.0,0.199375,0.0008722500000000006,0.10344825000000002,0.000704395754246411,0.20619185267772736,0.0005723276061444393,0.21229921444136807,0.0007956252066728115,0.20200417881126612
93838758485682196196905291300375162467135643283271312557929851459086376825083,7.0,0.245,7.0,0.184975,0.0006722500000000001,0.018848249999999997,0.00032999176435945574,0.1929426932887877,0.0002613963539021557,0.19055472577066326,0.00033993585318317724,0.1926242543604898
43065699114218738643061430368238869232700747238329067809024727726995177258597,30.0,0.067,30.0,0.06251100000000001,0.0013812499999999999,0.0020402500000000004,0.0009488340277702248,0.10668411263444302,0.0008804062447092049,0.12039236610735222,0.0009067615857476508,0.10155649197317261
107968591323106278367665655742307705452190612363508117328460265642342810950484,14.0,0.59,13.0,0.2419,0.00012500000000000022,0.14525050000000003,0.0006782638674232888,0.24645091230054994,0.0005495289053139726,0.245378115724821,0.0006794060414108945,0.24597226585781726
107968591323106278367665655742307705452190612363508117328460265642342810950484,7.0,0.615,7.0,0.236775,0.00010000000000000018,0.14025050000000006,0.0003644043218129282,0.23909278127704126,0.0002788827763350479,0.24241052433744412,0.0003610355274657312,0.23759383933959854
107968591323106278367665655742307705452190612363508117328460265642342810950484,3.0,0.625,3.0,0.234375,0.0,0.14025050000000006,0.00018240235630032816,0.23263715032324864,0.0001244603067480837,0.23569398171744538,0.00013845551608824763,0.2345224942479483
16754375222233973989954094649431109282368408854808102040230156977754673841406,30.0,0.3285,30.0,0.22058775,0.0007832500000000012,0.11694750000000001,0.0014348420164091492,0.23131115129628682,0.001149898366000047,0.2319625576541421,0.0015320358006096885,0.2348337770733081
93660049023161729618980420311349216064348038118707807789985983237126842058882,30.0,0.405,30.0,0.240975,0.0015499999999999973,0.2158305,0.0015580175512078702,0.24468871342440388,0.0011540831618675135,0.25615761146560173,0.0015430396450970619,0.2377606896982975
93660049023161729618980420311349216064348038118707807789985983237126842058882,14.0,0.47,14.0,0.2491,0.00032499999999999836,0.2117805,0.0007350997165912984,0.2508004567645605,0.0005578186455758034,0.25162512065961856,0.0006908982522730523,0.25025344103923186
93660049023161729618980420311349216064348038118707807789985983237126842058882,7.0,0.405,7.0,0.240975,0.00010000000000000018,0.2073305,0.00039276996384422184,0.24224883145995854,0.00024466342862059355,0.24208621237808367,0.00032079734600964986,0.2406664852431416
93660049023161729618980420311349216064348038118707807789985983237126842058882,3.0,0.44,3.0,0.24640000000000004,0.0,0.2012055,0.00017272677023600413,0.24768245967359626,0.00013102003605560946,0.2465609531993989,0.00011302090840668516,0.24820393827312107
90597327262250836004646033934453860417100833449408628755662053427096482500586,30.0,0.165,30.0,0.137775,0.001175,0.028250000000000004,0.0012422326404487977,0.18327039571675466,0.001110442134757134,0.1676537927413737,0.0012107815248115575,0.18545189887358332
90597327262250836004646033934453860417100833449408628755662053427096482500586,14.0,0.145,14.0,0.12397499999999999,0.0007499999999999996,0.027225000000000003,0.0005782232876420633,0.1525769614775473,0.0005398203338144899,0.1547980711473734,0.0005791002469175707,0.163890197939278
90597327262250836004646033934453860417100833449408628755662053427096482500586,7.0,0.155,7.0,0.130975,0.0004999999999999993,0.027225000000000003,0.00030108287518104346,0.15315949408305052,0.00022463879408543072,0.13282697809579275,0.00032060464775777396,0.14733422606578878
90597327262250836004646033934453860417100833449408628755662053427096482500586,3.0,0.175,3.0,0.14437499999999998,9.999999999999963e-05,0.027225000000000003,0.0001721674956770574,0.14659200991118765,0.00010685805393033112,0.15107900449773604,0.000163564798036527,0.14916660471366153
68110647781535190797837703927589470479832774174814667833732459898847586979826,30.0,0.12,30.0,0.1056,0.0002750000000000005,0.015625,0.001149574690516365,0.1572370255636659,0.0010731289955336109,0.1499607733232343,0.001167181748283196,0.15944507409368636
68110647781535190797837703927589470479832774174814667833732459898847586979826,14.0,0.125,14.0,0.109375,0.0,0.015625,0.0006259910008337569,0.15282384272763122,0.0005893247907072263,0.14916725386952837,0.0005678671750401629,0.14949592035120968
68110647781535190797837703927589470479832774174814667833732459898847586979826,7.0,0.125,7.0,0.109375,0.0,0.015625,0.00030338121706882827,0.13834607659713963,0.0002391687340893388,0.14064463441517824,0.00026046359800381937,0.1293064671919752
68110647781535190797837703927589470479832774174814667833732459898847586979826,3.0,0.125,3.0,0.109375,0.0,0.015625,9.007883837381948e-05,0.11963771732555005,8.544262854411191e-05,0.12389693283162913,8.93399345899271e-05,0.1255201427470649
89985317983195116196847912662733840736741033181969862249321821942712441807494,30.0,0.16,30.0,0.1344,0.0015065000000000007,0.15916250000000004,0.0012261626955488852,0.1710500476395785,0.0011311527480085716,0.16838323423600343,0.0011955628308243582,0.16882473909353596
89985317983195116196847912662733840736741033181969862249321821942712441807494,14.0,0.385,14.0,0.236775,0.0007314999999999996,0.037762500000000004,0.0007341952293473933,0.23893214828569456,0.0005171435268647796,0.2402442021276622,0.0007370316566249099,0.2452729225594316
89985317983195116196847912662733840736741033181969862249321821942712441807494,7.0,0.075,7.0,0.069375,0.00023149999999999988,0.0021625,0.00022702013379905292,0.09207613609790784,0.000221479684404229,0.10615186643876004,0.0002295143903750669,0.09136358157960625
83864485229102369229361373963526851303324863263182272372449177896769073039959,30.0,0.0965,30.0,0.08718775,0.0007140000000000001,0.09219574999999999,0.0010918549104777463,0.12446287947892966,0.0010491988006238809,0.1424694184946139,0.001110812965427884,0.14953846354229372
62121495060005574333625341327181642598967822642300895099998806651289726931892,30.0,0.485,27.0,0.249775,0.0012749999999999988,0.30335000000000006,0.0014246043262857873,0.25425098572543825,0.0010512532624824484,0.2582591305144791,0.001369453067302791,0.2547477338867072
62121495060005574333625341327181642598967822642300895099998806651289726931892,14.0,0.47,14.0,0.2491,0.0006500000000000001,0.30255000000000004,0.0007253129701354607,0.2509588359435587,0.0005637610401097058,0.24841230060062527,0.0006879996406972522,0.25209003729494756
62121495060005574333625341327181642598967822642300895099998806651289726931892,7.0,0.475,7.0,0.24937499999999999,0.00032499999999999944,0.30255000000000004,0.0004198105413296868,0.25003641952623246,0.00025529814575126256,0.25102772121915823,0.0003431683422866755,0.25057003414293605
62121495060005574333625341327181642598967822642300895099998806651289726931892,3.0,0.465,3.0,0.24877499999999997,9.999999999999907e-05,0.30192500000000005,0.00017185788657805054,0.2516249892120433,9.879269176956943e-05,0.25116592083235145,0.00013202606636704005,0.2492937788577816
11623537110608332206947328315780424144647790309918005485060705974102254952128,14.0,0.5,9.0,0.25,0.0007250000000000013,0.226025,0.0005270123336725773,0.25068386729645636,0.00035329887879949963,0.24881080700235475,0.00039805052229757574,0.2496319117397516
11623537110608332206947328315780424144647790309918005485060705974102254952128,7.0,0.525,7.0,0.24937499999999999,0.0004000000000000007,0.226025,0.0003965321436220666,0.24912195643112522,0.0002450300049045575,0.25072251984118504,0.00036494431567270935,0.25057504491315097
11623537110608332206947328315780424144647790309918005485060705974102254952128,3.0,0.51,3.0,0.2499,0.0002250000000000004,0.226025,0.00015348290646389484,0.2496733662900333,0.00010462723151791271,0.24782847165971653,0.00010443742778197331,0.2493606720521273
48266155784016844137166283546442505319002353733298913457784203021568892550163,14.0,0.295,9.0,0.20797500000000002,0.00010000000000000018,0.093025,0.0004080765776210222,0.2070676681976773,0.00032982417670561286,0.21652465582810823,0.0004017656750074162,0.20975326132637576
48266155784016844137166283546442505319002353733298913457784203021568892550163,7.0,0.295,7.0,0.20797500000000002,0.00010000000000000018,0.093025,0.0003491102685735062,0.2126943038792766,0.00025920366097570576,0.2087630363454096,0.00031637635407014684,0.20968612610128287
48266155784016844137166283546442505319002353733298913457784203021568892550163,3.0,0.305,3.0,0.21197500000000002,0.0,0.093025,0.0001680210154005947,0.214950444609714,0.00011415205209989874,0.2133535486268297,0.00015080292191810426,0.21251361168351524
79194124852890002646717720190105509244589305417913201074065175083411752069875,30.0,0.072,30.0,0.066816,0.0015257500000000004,0.016672750000000007,0.0009379577319649679,0.114913261335365,0.000900288525773415,0.11943696095525577,0.0009429614316800132,0.11843831051122951
74665183466937138303449248928990747963399513166091722005949689800010577768663,14.0,0.325,12.0,0.21937500000000001,0.0006499999999999995,0.356525,0.0006692905781336436,0.2228493409210445,0.0004873223967776699,0.2243152896259792,0.0005933071847434265,0.22514372253872053
74665183466937138303449248928990747963399513166091722005949689800010577768663,7.0,0.35,7.0,0.22749999999999998,0.0003250000000000006,0.356525,0.0003555455360636603,0.23056177666194508,0.00028855105043997046,0.2339681307210345,0.0003723214801639665,0.2262780710654323
74665183466937138303449248928990747963399513166091722005949689800010577768663,3.0,0.355,3.0,0.22897499999999998,0.0,0.356525,0.00014693787305733138,0.22925641619610282,0.00013186985829175197,0.23166619453780712,0.00016111315080400944,0.23212562900963118
97796117892879267999529585208850319437940042224125437716419476078305594023215,7.0,0.59,6.0,0.2419,0.0002750000000000005,0.390775,0.00035911382048647443,0.24075902620982845,0.00024375915503390306,0.2426594324694713,0.00028670512666971926,0.24176437767757825
97796117892879267999529585208850319437940042224125437716419476078305594023215,3.0,0.535,3.0,0.248775,2.5000000000000045e-05,0.38875,0.0001557744475742317,0.24896163701206114,0.00011833936116348111,0.24927614568757087,0.0001539637017722716,0.24824121070134644
72094069823942324362885404801938332659316240217382754851102758232469673300092,30.0,0.225,30.0,0.174375,0.0009249999999999983,0.6404205,0.0013560583942980708,0.2002122453054072,0.0011444430501670116,0.19651520313314588,0.0012538188130471473,0.19640142152899706
72094069823942324362885404801938332659316240217382754851102758232469673300092,14.0,0.075,14.0,0.069375,0.00022500000000000005,0.5972204999999999,0.0004834381137159456,0.10782561329310546,0.00042943394518583005,0.103272572875494,0.0004761874109710991,0.09764964519376114
72094069823942324362885404801938332659316240217382754851102758232469673300092,7.0,0.235,7.0,0.179775,0.00022500000000000005,0.03522050000000001,0.00033046076452218013,0.18604173911654484,0.00027495584537042905,0.18278413794402007,0.0003757762527024901,0.18356357493068706
72094069823942324362885404801938332659316240217382754851102758232469673300092,3.0,0.115,3.0,0.101775,0.00022500000000000005,0.004820500000000001,9.546938712430473e-05,0.1164051935933157,7.940711943254832e-05,0.12123887618553653,8.405198497642704e-05,0.12552385974512464
104510220350712683638324057138337438666546691080996862248324351110206545999142,30.0,0.13,30.0,0.1131,0.0015687499999999996,0.031225750000000004,0.0011928657219078679,0.15790006392657385,0.0010806732370761247,0.14805853265702523,0.0012016166020831845,0.15248783130274485
104510220350712683638324057138337438666546691080996862248324351110206545999142,14.0,0.1925,14.0,0.15544375,0.0006937499999999999,0.011519999999999997,0.0005897674819210174,0.17723012182654402,0.0004550229032721706,0.17540953075706367,0.0006000941078640738,0.17746087980216033
104510220350712683638324057138337438666546691080996862248324351110206545999142,7.0,0.0505,7.0,0.047949750000000006,0.0006915,0.0005822500000000002,0.0001875571958100547,0.06667372061897177,0.00015336197463208253,0.06974260931532558,0.0001951711685196364,0.06988939210316446
82202994941777288823087700378947997402758931782856358751785693028970403111094,7.0,0.625,6.0,0.234375,0.00025000000000000044,0.140625,0.0003309563235602152,0.2352955188819635,0.00022676404859545683,0.23104105688999885,0.00029965193598155204,0.2365226961404436
82202994941777288823087700378947997402758931782856358751785693028970403111094,3.0,0.625,3.0,0.234375,5.000000000000009e-05,0.140625,0.0001633613594119113,0.23557648368340622,0.00012047459202082461,0.23806421523123988,0.00012354545302444293,0.23475890894190637
98112736458547480603091274224571644185791534370105465167113865730671714383668,3.0,0.51,3.0,0.2499,2.5000000000000045e-05,0.265225,0.00013597768311793233,0.2495522185040048,0.00011084334847447314,0.25287051590242415,0.0001339755070355631,0.2507437196896398
98861221941952098410661779464520326542627371393679468645396942578853799448969,30.0,0.67,30.0,0.2211,0.0012249999999999913,0.09747499999999999,0.001604348589099615,0.23558351470658018,0.0011326980096466974,0.2531738567642742,0.0017055580712811947,0.23979375050379254
98861221941952098410661779464520326542627371393679468645396942578853799448969,14.0,0.635,14.0,0.231775,0.0006249999999999967,0.05180000000000001,0.000766761094239576,0.2305554027035123,0.0005874155606253789,0.23777200870997853,0.0007630641286170345,0.2280781919629734
98861221941952098410661779464520326542627371393679468645396942578853799448969,7.0,0.705,7.0,0.20797500000000002,0.00020000000000000036,0.04707500000000002,0.000393408318981107,0.20947376526576675,0.00027850121642852593,0.21268461068131772,0.00034796399190367076,0.20381808112312977
98861221941952098410661779464520326542627371393679468645396942578853799448969,3.0,0.795,3.0,0.16297499999999998,0.0,0.04457500000000002,0.0001602314320900732,0.17153679421984258,0.00011672063382991205,0.16828432305763247,0.00015979313989250788,0.1660324683136064
93412763384956760609840008433641888134668300818027333882176986089385768496241,30.0,0.45,21.0,0.24750000000000003,0.00032499999999999944,0.14691149999999997,0.0011923562622755345,0.25399205864933583,0.0007832519024228605,0.2531961699791009,0.001063880486653006,0.2486670825039947
93412763384956760609840008433641888134668300818027333882176986089385768496241,14.0,0.765,14.0,0.179775,0.00012500000000000022,0.03848650000000001,0.0007304904290616366,0.19115129945603215,0.0005501440471312235,0.18948847484404271,0.0008380294836395096,0.18588810685056578
93412763384956760609840008433641888134668300818027333882176986089385768496241,7.0,0.885,7.0,0.10177499999999999,0.00010000000000000018,0.012311500000000017,0.00028227888656823333,0.12066381357694929,0.0002155409567737046,0.11280616307302012,0.00033514717637683446,0.12945602142930557
93412763384956760609840008433641888134668300818027333882176986089385768496241,3.0,0.915,3.0,0.07777499999999997,0.0,0.004311500000000001,8.462233220015048e-05,0.09095268743662648,8.10260906576183e-05,0.08884192672807771,0.00014528795692535782,0.0889219311396645
46624220931236200146764216211260664534880387976574799044898986678450384828259,7.0,0.42,7.0,0.2436,0.00042499999999999743,0.1337605,0.00038779056500897363,0.24822191009834355,0.00027165382646413433,0.24270035515325822,0.00030648087749111154,0.24324290067133567
46624220931236200146764216211260664534880387976574799044898986678450384828259,3.0,0.405,3.0,0.240975,0.00010000000000000018,0.1337605,0.00017104288283481282,0.24191500010468356,0.00011949648229537778,0.2439293659265505,0.000146023278379776,0.2407813122609223
31255455575626736360089577247304299425195542170986803538802529437359491211690,30.0,0.165,30.0,0.137775,0.0019999999999999987,0.037050500000000014,0.001239469157697632,0.16780267876863192,0.0011266173102929824,0.17832513420302906,0.0012105908046668773,0.17250053535843474
31255455575626736360089577247304299425195542170986803538802529437359491211690,14.0,0.19,14.0,0.1539,0.0007499999999999997,0.0168755,0.0006174540029356795,0.17055753553381123,0.0004985423923277251,0.1595252543911637,0.0006060706663402115,0.18176674288775957
31255455575626736360089577247304299425195542170986803538802529437359491211690,7.0,0.085,7.0,0.07777500000000001,9.99999999999999e-05,0.010450500000000003,0.0002447131145461591,0.09853358973158736,0.00020899135015021325,0.10959233874543649,0.0002893864973792996,0.10642750943330763
31255455575626736360089577247304299425195542170986803538802529437359491211690,3.0,0.095,3.0,0.08597500000000001,9.99999999999999e-05,0.0063505,8.319112790380865e-05,0.09735750622666808,7.354331436394623e-05,0.09954819412958535,9.033350013156759e-05,0.09918880333971966
27576533317283401577758999384642760405921738493660383550832555714312627457443,30.0,0.0825,30.0,0.07569375,0.0004714999999999999,0.00409625,0.001029016661045021,0.13422198634443094,0.0009284706532133655,0.12415631730992584,0.0010395124946652678,0.14494408484110038
27576533317283401577758999384642760405921738493660383550832555714312627457443,14.0,0.0575,14.0,0.054193750000000006,0.0002564999999999999,0.00409625,0.0003835054532811599,0.0746819817401499,0.00034017309862811456,0.07323091057517749,0.0003971782229789511,0.07850612252768766
27576533317283401577758999384642760405921738493660383550832555714312627457443,7.0,0.0595,7.0,0.055959749999999996,0.0002084999999999999,0.00409625,0.00021803501532311663,0.06869426678025864,0.00018453008283498358,0.08008993656556823,0.0002089287071374203,0.07392690154127676
27576533317283401577758999384642760405921738493660383550832555714312627457443,3.0,0.0655,3.0,0.06120975,5.050000000000009e-05,0.00409625,7.229186777259864e-05,0.07710733808966821,7.400533226972471e-05,0.08273542208805373,8.48203829516525e-05,0.07492684370804704
76185677145354178549678410812003208305674324422781761419122961736705023584042,30.0,0.113,30.0,0.100231,0.0017690000000000004,0.0048625000000000005,0.0011824757952942162,0.1467107912491168,0.0011064289329395989,0.1458093660371592,0.0011071542171615714,0.14352239379810744
61497926347159340515916412011433557980493036491840003936381198224728244754640,14.0,0.505,14.0,0.249975,0.0008250000000000015,0.20719550000000003,0.0007573563447419773,0.2503780063530419,0.0005072313906970108,0.25838472267307927,0.0007033913682972173,0.24872717301964922
61497926347159340515916412011433557980493036491840003936381198224728244754640,7.0,0.53,7.0,0.2491,0.00037500000000000066,0.20657050000000002,0.0003763859053332852,0.25093427929601053,0.0002681469827917023,0.24864518191704632,0.00033942839155245877,0.25036663322806973
61497926347159340515916412011433557980493036491840003936381198224728244754640,3.0,0.54,3.0,0.2484,0.00012500000000000022,0.20657050000000002,0.00018403808087692305,0.24822102352266712,0.000100569061644015,0.2490672367070974,0.0001357611707064919,0.24880166207681975
23564590554163913447114087669479368719905671801677471789406280149309533182922,7.0,0.51,6.0,0.2499,7.500000000000014e-05,0.100775,0.00033338052999562734,0.2506062813088572,0.00023115154039738789,0.25017773836006363,0.00029201227812557863,0.24955669881755072
23564590554163913447114087669479368719905671801677471789406280149309533182922,3.0,0.27,3.0,0.1971,7.500000000000014e-05,0.065025,0.00016323955902732473,0.2043204369142964,9.79602751591828e-05,0.20080615073295707,0.00016391433188809578,0.20023205490587143
7079595983448256774998692261246256964535880004732387005017898482275441988994,30.0,0.785,30.0,0.16877499999999998,0.0010499999999999997,0.7183249999999999,0.0015174763264257638,0.1970373400053299,0.0011734579361477606,0.19099876006869793,0.0018642010187929663,0.19363166131911322
7079595983448256774998692261246256964535880004732387005017898482275441988994,14.0,0.81,14.0,0.15389999999999995,0.00022499999999999818,0.7174249999999999,0.0007259508837923667,0.16965669873412473,0.0005188285108851131,0.169498705880595,0.0008724366817153058,0.1687734559038917
7079595983448256774998692261246256964535880004732387005017898482275441988994,7.0,0.815,7.0,0.15077500000000002,0.00010000000000000018,0.7174249999999999,0.000373631281852395,0.16064643902944778,0.0002546836339378406,0.1579316884675224,0.00042447509526021416,0.1570853296506445
7079595983448256774998692261246256964535880004732387005017898482275441988994,3.0,0.885,3.0,0.10177499999999999,0.00010000000000000018,0.7149249999999999,0.00010354157246534625,0.10869023091094439,8.289028508800018e-05,0.10697686597921394,0.0001612976664280131,0.11021943054535278
21212784061998732060753310583727616688784929823373352237868078199791664491531,30.0,0.615,30.0,0.236775,0.0015000000000000029,0.20122500000000007,0.0015944106627655433,0.2439248574010872,0.0011582020573451081,0.2495143696181296,0.0017686247731423161,0.2404210087789771
21212784061998732060753310583727616688784929823373352237868078199791664491531,14.0,0.595,14.0,0.240975,0.0005000000000000009,0.20122500000000007,0.0007338898450702697,0.24271959601396445,0.0005103908786631777,0.24622438121123102,0.0006973487069741097,0.24348017683289785
21212784061998732060753310583727616688784929823373352237868078199791664491531,7.0,0.635,7.0,0.231775,0.00030000000000000057,0.19962500000000008,0.00039449359590523243,0.2309579635000397,0.00024868857762371503,0.2298011394248813,0.00035950770484256204,0.23175454017331149
21212784061998732060753310583727616688784929823373352237868078199791664491531,3.0,0.645,3.0,0.22897499999999998,0.0,0.19962500000000008,0.0001542287047440235,0.23110355612588937,9.947954958189083e-05,0.2267445164188684,0.00012926157633417392,0.22649752456216007
70057563029181740383351302880667691057440355307732969897975148615486334142598,7.0,0.945,7.0,0.05197500000000004,0.00019549999999999957,0.0014440000000000026,0.00025706890256867453,0.10250627047277198,0.0001913121400075475,0.10634157789129581,0.0003171916884264692,0.09564648776502839
40329416464427335447726529882514860761387941285708228805997623392308004238568,14.0,0.5,13.0,0.25,0.0010999999999999977,0.51925,0.0007015780277478,0.25342041226644196,0.0004940617071011465,0.2522985524762025,0.000657369848412933,0.24824987569086526
40329416464427335447726529882514860761387941285708228805997623392308004238568,7.0,0.265,7.0,0.194775,0.000649999999999999,0.46962500000000007,0.00036027537940839046,0.19870039996215255,0.00027936838114178296,0.19488670413089662,0.0003354606736723515,0.20310186467057798
40329416464427335447726529882514860761387941285708228805997623392308004238568,3.0,0.29,3.0,0.20589999999999997,0.00012500000000000022,0.46962500000000007,0.00016805987509719674,0.20614517900155338,0.00011791851941640032,0.20490479445183218,0.00014432192321720181,0.20518902997668242
72694124641274932882200626543149578267721455356147469547452575814170241772944,30.0,0.46,30.0,0.24840000000000004,0.001274999999999998,0.09206699999999997,0.0015475049385098943,0.25621542975938655,0.001140094453977514,0.2592053605906946,0.0016203381728479762,0.24696283021879326
72694124641274932882200626543149578267721455356147469547452575814170241772944,14.0,0.57,14.0,0.2451,0.0002499999999999971,0.07179199999999998,0.0007949920126508381,0.24247137685778442,0.0005550260788324483,0.25588609230077164,0.0006735122099494131,0.2481637125070205
72694124641274932882200626543149578267721455356147469547452575814170241772944,7.0,0.705,7.0,0.20797500000000002,0.00010000000000000018,0.06681699999999997,0.00038232410360202385,0.21191726881575654,0.0002625475847165919,0.21151772123244353,0.00036936060702143393,0.21201319378453154
72694124641274932882200626543149578267721455356147469547452575814170241772944,3.0,0.785,3.0,0.16877499999999998,0.0,0.05906699999999998,0.00015433509546131297,0.17192057927059484,0.00014169500675419354,0.17541039702213004,0.00017649197966955438,0.17315963567948528
47959944460657228985055674449790383802464381124119024576562949363346901336433,30.0,0.485,30.0,0.249775,0.0012000000000000001,0.34472499999999995,0.0016996004442699402,0.25692903608418916,0.0012056111954943053,0.2594456199249853,0.0016015798444850788,0.25163067211185053
47959944460657228985055674449790383802464381124119024576562949363346901336433,14.0,0.445,14.0,0.24697499999999997,0.0008000000000000003,0.34472499999999995,0.0007673784230551408,0.2503624910002034,0.0005762787183999565,0.25456508356819796,0.0006693596728177363,0.249544043873006
47959944460657228985055674449790383802464381124119024576562949363346901336433,7.0,0.455,7.0,0.24797499999999997,0.00029999999999999943,0.34472499999999995,0.00038924153885997706,0.24815437538868573,0.00024376816877671868,0.250819202747042,0.00032706971652853923,0.2463837718528599
47959944460657228985055674449790383802464381124119024576562949363346901336433,3.0,0.395,3.0,0.238975,0.00019999999999999925,0.34222499999999995,0.00016918132492659306,0.24046580527268324,0.00010665049668140384,0.23890373816094976,0.00012336372649515348,0.23712271309833016
22937169088387273646567077219521484319524987197850393906841693606486645345509,30.0,0.42,30.0,0.2436,0.0008750000000000015,0.266525,0.001555525295222391,0.24972680324813623,0.0010910414407993686,0.25118355133981934,0.001609212527437652,0.2508094447042691
22937169088387273646567077219521484319524987197850393906841693606486645345509,14.0,0.43,14.0,0.2451,0.00037500000000000066,0.266525,0.0007686600213617351,0.2524583553655374,0.0005693473686717951,0.2529775327924772,0.0007155268083897709,0.24581307999564683
22937169088387273646567077219521484319524987197850393906841693606486645345509,7.0,0.42,7.0,0.2436,0.0002250000000000004,0.266525,0.0003807329884248872,0.24270774806424722,0.00027430148084976383,0.24697653614190124,0.00035032498932787483,0.24110862488456072
22937169088387273646567077219521484319524987197850393906841693606486645345509,3.0,0.435,3.0,0.24577499999999997,0.00020000000000000036,0.266125,0.0001564754544735827,0.2466734591478459,0.00012724158918795482,0.24858019003830611,0.00013543778260329006,0.24515930815383277
60514755160018317470776227841735743023080003914910752509977713760249738053993,30.0,0.06,30.0,0.05639999999999999,0.00138075,0.00054125,0.0008133946080053082,0.09873529334878338,0.0007843541926380034,0.10859948563976228,0.000789829733357689,0.10368556831951281
2242068176400298492061418352715563914061114187773762813780136124238064181894,30.0,0.05,30.0,0.0475,0.0007432500000000007,0.85966525,0.0006309750906950233,0.07369015661045385,0.0006688670232749044,0.08503039933033527,0.0006304352735720405,0.07644247336840787
2242068176400298492061418352715563914061114187773762813780136124238064181894,14.0,0.05,14.0,0.0475,0.0001432500000000005,0.85806525,0.00034837310950916857,0.0664757055730361,0.0003220911080635334,0.07093932744319627,0.0003472263635370892,0.07438178256196211
6515232425079086197502208726000546536850098650052731194667103051736900905832,30.0,0.575,30.0,0.244375,0.00017324999999999952,0.10608125000000003,0.0015886168084513503,0.25385435992641675,0.001131397652574716,0.24849605925284876,0.0016165579444339495,0.24190898055875215
82217519770356329016575074180915423709787654078325574175371380456084152665514,30.0,0.145,19.0,0.12397499999999999,0.0003250000000000002,1.0841100000000001,0.0007636384225868354,0.16201731414803558,0.0007518374917920152,0.15439424265307147,0.0008041050926180083,0.14631570114978312
82217519770356329016575074180915423709787654078325574175371380456084152665514,14.0,0.115,14.0,0.101775,0.000225,1.0747100000000003,0.0005728324356798451,0.133271790775041,0.0005044904412968735,0.1354027647308458,0.0006202908776198628,0.14790972414835452
82217519770356329016575074180915423709787654078325574175371380456084152665514,7.0,0.7305,7.0,0.19686974999999998,0.0,0.6195897500000002,0.00034644777246082404,0.20574555101083278,0.00026409729942157583,0.19919303082866435,0.00035942452516733015,0.20160594614225427
82217519770356329016575074180915423709787654078325574175371380456084152665514,3.0,0.3595,3.0,0.23025975,0.0,0.4123567500000001,0.00016938085917636073,0.23212686284958509,0.00011311443750786125,0.23241692935247765,0.0001470167471880405,0.2313752998701478
82671332712438601623898606514793361883852486963515230281508609791543009728162,7.0,0.315,6.0,0.21577500000000002,5.2000000000000004e-05,0.0266505,0.0003125045130464953,0.2221494156101871,0.00025701763726752755,0.21358996362510255,0.0002813484013721418,0.22321121290199236
60511065036794107467880141443140278606515298899799427424283391894514211046888,30.0,0.465,18.0,0.24877499999999997,0.0007484999999999991,0.19815649999999999,0.0010316533246841968,0.2486475450500212,0.0006625111769222234,0.25483449134477004,0.0009504269119827259,0.24813341200930353
60511065036794107467880141443140278606515298899799427424283391894514211046888,14.0,0.615,14.0,0.236775,0.0006484999999999989,0.18030649999999998,0.000753291274583168,0.2390665883600512,0.0005623862543959212,0.23762881965424218,0.000745371382576149,0.23965375704689879
4420961220287356291202173783096569514322787009042558321927678396316723122188,7.0,0.37,5.0,0.2331,0.0002250000000000004,0.45812500000000006,0.00028582160643727427,0.23220461328750489,0.00018360297301131458,0.23356203291099178,0.00024173658058771461,0.23525571434380338
4420961220287356291202173783096569514322787009042558321927678396316723122188,3.0,0.375,3.0,0.234375,0.00020000000000000036,0.45812500000000006,0.000144424434098342,0.2339976532608163,0.00011066595599492104,0.23815856904657529,0.0001269050985155843,0.2340812795871329
42699080635179861375280720242213672850141860123562672932351602811041149946128,30.0,0.2765,30.0,0.20004775000000002,0.0027624999999999954,0.5240997500000002,0.0013530812209489728,0.22020072082415112,0.0011770294064362347,0.20694575136239002,0.001351149214740098,0.22385755524695367
42699080635179861375280720242213672850141860123562672932351602811041149946128,14.0,0.419,14.0,0.24343899999999996,0.0009102500000000001,0.5173212500000002,0.0007807080475936068,0.24794108187725886,0.0005306350909621306,0.2521041319340824,0.000712016835660484,0.24921727543860328
42699080635179861375280720242213672850141860123562672932351602811041149946128,7.0,0.2565,7.0,0.19070775,0.0004647499999999993,0.5098050000000002,0.000366518781860467,0.19619229339372854,0.0002668711307733976,0.19287485733713283,0.0003411757619564658,0.1962401289999994
38880531420851293294206408195662191626124315938743706007994446557347938404169,30.0,0.295,30.0,0.20797500000000002,0.000550000000000001,0.2864749999999999,0.0014731233026346192,0.2198979272005421,0.0011439965807444983,0.22647165950556394,0.0013991414248498673,0.21974899097272554
38880531420851293294206408195662191626124315938743706007994446557347938404169,14.0,0.555,14.0,0.246975,0.00010000000000000018,0.175375,0.0007595736708805286,0.25017060074214653,0.0005624838122042935,0.2496543083422641,0.0007409741551121335,0.2481232911010835
38880531420851293294206408195662191626124315938743706007994446557347938404169,7.0,0.42,7.0,0.2436,0.00010000000000000018,0.1542,0.00044680589050591563,0.24628950629494045,0.0002710695945663374,0.24520625455980877,0.00035143839083358395,0.24400722625021806
38880531420851293294206408195662191626124315938743706007994446557347938404169,3.0,0.55,3.0,0.2475,0.00010000000000000018,0.14495,0.00015007008942980802,0.24697901685365078,0.00011134950792651996,0.24751692431670605,0.00013914398469746508,0.24714993794187584
70759975564091634685024506185235325851817607610247288413693878140706469440676,3.0,0.245,3.0,0.184975,0.00010000000000000018,0.08212499999999999,0.00017911802092144733,0.18712635708322253,0.00011186327720981548,0.18921035214234988,0.0001313314093788004,0.18945742735972196
107905288986725759364628467868935863204165770093314583686666939183810151334943,7.0,0.685,6.0,0.21577499999999997,2.5000000000000045e-05,0.029249999999999998,0.00031609071134914825,0.21867695918636773,0.00026284774822971926,0.22018244683226168,0.00029175552096810236,0.2197129715692596
107905288986725759364628467868935863204165770093314583686666939183810151334943,3.0,0.705,3.0,0.20797500000000002,0.0,0.028625000000000005,0.000159751032402368,0.21184365772766195,0.00010555962713754381,0.21053446642111048,0.00015230137658589875,0.21322738475939307
78701775620178553180471269810733093797908221696367375902847334236432735815765,14.0,0.685,12.0,0.21577499999999997,0.00039999999999999736,0.10562499999999997,0.0006588521596534436,0.22374293661578118,0.00045316516816202093,0.2187092447988735,0.0006612287439524162,0.22066770877067438
78701775620178553180471269810733093797908221696367375902847334236432735815765,7.0,0.695,7.0,0.21197500000000002,0.00029999999999999943,0.10562499999999997,0.0003841058096736247,0.21244369233317129,0.00026954823160214457,0.2246920940191579,0.00041130253057382495,0.21539865984621154
78701775620178553180471269810733093797908221696367375902847334236432735815765,3.0,0.675,3.0,0.219375,0.00020000000000000036,0.10562499999999997,0.00014360724633011258,0.21761629595971285,0.00013040530113552995,0.22200121942310708,0.0001361630931268173,0.21923802860988914
81158099902982127767655382821085776846834135588627211437287604861607234240992,7.0,0.385,7.0,0.236775,0.00010000000000000018,0.271725,0.00038331430699544534,0.23798196450486592,0.00026460205447217814,0.23897535352647423,0.00033748275553310755,0.24071158736433493
81158099902982127767655382821085776846834135588627211437287604861607234240992,3.0,0.455,3.0,0.24797499999999997,0.00010000000000000018,0.266825,0.00015983783457049143,0.2489915186471412,9.804471593325949e-05,0.2491888523961432,0.00013451712869864626,0.24847993831564047
52806825294833981547111617649595023418528736212191630507797690699224259160344,30.0,0.207,30.0,0.164151,0.0015110000000000082,0.6606850000000002,0.0012732979528314611,0.18876951398891464,0.001204171370923364,0.20769646307737355,0.0012030047514313173,0.1807193875518126
52806825294833981547111617649595023418528736212191630507797690699224259160344,14.0,0.6195,14.0,0.23571974999999998,0.000479249999999999,0.2896915000000001,0.0007422032460445096,0.2404731674724581,0.0005558735322351971,0.23942278974799577,0.0007469425275148081,0.2380287938729763
52806825294833981547111617649595023418528736212191630507797690699224259160344,7.0,0.4505,7.0,0.24754975,2.5000000000000045e-05,0.24928675000000006,0.00040921188033001254,0.24755234069602858,0.00024326405723040372,0.25422823910149284,0.0002842624714320847,0.24769822617184
52806825294833981547111617649595023418528736212191630507797690699224259160344,3.0,0.459,3.0,0.24831899999999998,0.0,0.24771050000000006,0.0001599527615793439,0.2485101456968739,0.00011331272922812083,0.24862772810789185,0.0001371782040853561,0.24946007034141196
13229801966874457726368305119787236506546999793927979059081656505964462838865,7.0,0.51,6.0,0.2499,0.0,0.4003,0.0003311216905607672,0.25072873186776634,0.00025322418372826787,0.2503295949944364,0.0003014010387991062,0.2506867601909553
13229801966874457726368305119787236506546999793927979059081656505964462838865,3.0,0.44,3.0,0.24640000000000004,0.0,0.36855000000000004,0.0001457835651509415,0.24856210744729615,0.00010301169188849373,0.24880306190945373,0.00012128227104865887,0.24833289343274834
88996768914755589030273472569780758869780921699118294118437910728260537946424,30.0,0.62,20.0,0.2356,0.0009000000000000015,0.030449999999999998,0.0010755275714393379,0.2425305877317971,0.0008383508198984953,0.23974763664415893,0.001077431660077459,0.24417964851191876
88996768914755589030273472569780758869780921699118294118437910728260537946424,14.0,0.83,14.0,0.14110000000000003,0.0007750000000000014,0.017624999999999995,0.0006203280626228176,0.1511449417292977,0.0004929438818713637,0.16213238501521843,0.0008611078581041876,0.1592373149821049
88996768914755589030273472569780758869780921699118294118437910728260537946424,7.0,0.845,7.0,0.130975,0.0004250000000000008,0.015150000000000005,0.00029269872085803226,0.13818346786969446,0.0002525599578467084,0.13705791064491238,0.0003953784256105962,0.15287496528358754
88996768914755589030273472569780758869780921699118294118437910728260537946424,3.0,0.835,3.0,0.13777500000000004,0.00020000000000000036,0.011524999999999999,0.00015492603517363096,0.13813029042285424,0.00010774916064309029,0.1391471882348898,0.00017934320492354197,0.1443558076685836
33064224357523449786613480102704635026181428303479305990935387590344871823925,30.0,0.86,30.0,0.12040000000000001,0.0006250000000000011,0.3992625,0.0013972331572638256,0.16960936112481284,0.0010434702556552024,0.1959510069661875,0.0017095456872884256,0.18680680457983256
33064224357523449786613480102704635026181428303479305990935387590344871823925,14.0,0.615,14.0,0.236775,0.00010000000000000018,0.37846250000000003,0.000781783784752241,0.24085756555412846,0.0005521528035595159,0.2451082536249504,0.0007029139909857962,0.23928459612118724
33064224357523449786613480102704635026181428303479305990935387590344871823925,7.0,0.745,7.0,0.189975,0.0,0.36226250000000004,0.00036753701383259623,0.1910976095905365,0.0002672286508962647,0.1932629960487195,0.00041078339304053535,0.1948526510465015
33064224357523449786613480102704635026181428303479305990935387590344871823925,3.0,0.575,3.0,0.244375,0.0,0.3277625,0.0001776379554415475,0.24426964210458071,0.00011966746456383033,0.2434474631878104,0.00015528758242346248,0.24433523889101372
39507026378610635127679995284600413015003619057436481380216352505046956765480,30.0,0.075,30.0,0.069375,0.0011807500000000002,0.0004412500000000002,0.0009827511262372815,0.12209772454432583,0.0008662154648906784,0.11205659121517929,0.0009715306355087173,0.10985696773173753
3544747547225867259138178781913934171255697196708144729174720787129127288449,14.0,0.495,13.0,0.249975,0.0004000000000000007,0.294275,0.0006997138110825578,0.2522953006744801,0.0004792934440896551,0.2559072185683357,0.0006378382343246575,0.2469935064623425
3544747547225867259138178781913934171255697196708144729174720787129127288449,7.0,0.46,7.0,0.24840000000000004,0.0004000000000000008,0.2916,0.00034863954401641436,0.25019341368625875,0.00029134012158473844,0.2483612519351716,0.00031050000591106375,0.2493749379718267
3544747547225867259138178781913934171255697196708144729174720787129127288449,3.0,0.45,3.0,0.24750000000000003,5.000000000000009e-05,0.2916,0.00017467781944095406,0.2474890778930453,0.00011932759633202889,0.24764318632716623,0.00012599851063412404,0.24782879570193614
43456878767945280970650160648663035360756131789534577706790459269909777535061,7.0,0.855,6.0,0.12397500000000002,0.00020000000000000036,0.7301705000000001,0.0002403311682806269,0.148993624047057,0.000175352846209794,0.15328372403507873,0.0002764566036699063,0.14233188239478103
43456878767945280970650160648663035360756131789534577706790459269909777535061,3.0,0.845,3.0,0.130975,0.00010000000000000018,0.7301705000000001,0.00014263334074979226,0.1360548086672305,0.00012267474500046044,0.13998569328901098,0.00018480665144604468,0.1354831711605226
60561627760165737508115128719081450929284195423420376549887420810076954490283,30.0,0.78,30.0,0.17159999999999997,0.000674999999999999,0.03404050000000004,0.0015034166695179455,0.19439941519199644,0.001108054662855484,0.19867920528892932,0.001803193601467086,0.20564594284833945
60561627760165737508115128719081450929284195423420376549887420810076954490283,14.0,0.805,14.0,0.15697499999999998,0.0002999999999999983,0.03404050000000004,0.0006427776990304887,0.16351451840014825,0.0005616034238436038,0.16740979023563013,0.0008574767673387747,0.16054188454011478
60561627760165737508115128719081450929284195423420376549887420810076954490283,7.0,0.805,7.0,0.15697499999999998,0.0002999999999999983,0.03404050000000004,0.00034946009628963464,0.16868461301959467,0.0002793018561326585,0.1595223300375469,0.00040798866883285463,0.16401642426382423
60561627760165737508115128719081450929284195423420376549887420810076954490283,3.0,0.825,3.0,0.14437500000000003,0.00010000000000000018,0.03404050000000004,0.00013049140006395434,0.14765344165565467,0.00011984559660580988,0.14991676657076766,0.0001925054108216831,0.14762215070574491
77450761796138565165466113177317944862649837498271012465925143263031743367129,14.0,0.175,13.0,0.14437499999999998,0.0005000000000000009,0.6798005,0.0004972424414523737,0.168730717913872,0.00044396191072323997,0.17439492469054216,0.0005446700932556191,0.1713262909936826
77450761796138565165466113177317944862649837498271012465925143263031743367129,7.0,0.19,7.0,0.1539,0.0003250000000000006,0.6798005,0.00032992177010651014,0.16104902127558524,0.0002601894271448703,0.1696883905650943,0.00032843015808426426,0.16480647893498482
77450761796138565165466113177317944862649837498271012465925143263031743367129,3.0,0.175,3.0,0.14437499999999998,0.00020000000000000036,0.6798005,0.00016256581153644564,0.15017239940224594,0.00012673643090361941,0.14897822673729735,0.00016663484970911365,0.14137832937491962
4633569295739345295929299496370398790000429459208303788658430774702495448690,7.0,0.705,5.0,0.20797500000000002,0.00030000000000000057,0.08122500000000002,0.000277232207392221,0.20778750026587403,0.0001666252507586634,0.21745924884449647,0.0002680951616974602,0.21043678196374646
4633569295739345295929299496370398790000429459208303788658430774702495448690,3.0,0.715,3.0,0.203775,0.00020000000000000036,0.08122500000000002,0.00016441849320652645,0.20184429583343125,0.00011390321864500473,0.20722552670590777,0.00011178412118360898,0.20598870560603907
71300512229176476537974214949657184637916412084275602679689570299848416784559,14.0,0.63,13.0,0.2331,0.0007750000000000014,0.2897955000000001,0.0007150061692742564,0.23320374078034242,0.0005185095421401847,0.24411814815103747,0.000689209984681505,0.230480353999252
71300512229176476537974214949657184637916412084275602679689570299848416784559,7.0,0.535,7.0,0.248775,0.0005250000000000009,0.2803705000000001,0.0003925019119400125,0.24794111954567516,0.00027100302263910844,0.24965239684454887,0.0003111318464045573,0.24854923978896712
71300512229176476537974214949657184637916412084275602679689570299848416784559,3.0,0.555,3.0,0.246975,0.0003250000000000006,0.2803705000000001,0.00016863917790461473,0.24698090693017996,0.00011150632677974276,0.24733802493325763,0.00011035594350850041,0.24613741521655302
105090431466795848420500177147419402976010608107899033764467865695481603432708,30.0,0.375,30.0,0.234375,0.0008000000000000013,0.11438749999999999,0.0015488793356216925,0.24684727989196886,0.0011957065604968483,0.2506895425119293,0.0015583184247583523,0.2386384565600893
105090431466795848420500177147419402976010608107899033764467865695481603432708,14.0,0.32,14.0,0.2176,0.0003250000000000006,0.0566375,0.0007167955485445379,0.2283439751333004,0.0005027680462777327,0.23074573395754727,0.0006484171463127331,0.2254160880528712
105090431466795848420500177147419402976010608107899033764467865695481603432708,7.0,0.265,7.0,0.194775,0.0,0.0411375,0.0003778177439297582,0.1916804039000156,0.000249379633057891,0.19853903353096314,0.00032535208671828083,0.1981401458215309
105090431466795848420500177147419402976010608107899033764467865695481603432708,3.0,0.225,3.0,0.174375,0.0,0.036337499999999995,0.00014817232187204927,0.1749336559537914,9.438201078409491e-05,0.17790672947998135,0.0001704300433115114,0.17872775550982112
6513270381960802253012683151666357505132664786332053561142044868772233342467,14.0,0.585,11.0,0.24277500000000002,0.0007750000000000014,0.41765,0.0006428112514858312,0.243240544042515,0.00041716853606548425,0.24522649936680985,0.0005480921450348944,0.24193478484156422
6513270381960802253012683151666357505132664786332053561142044868772233342467,7.0,0.635,7.0,0.231775,0.0005500000000000009,0.41642500000000005,0.00039421215450390214,0.2312204403624591,0.00023435523584516775,0.237602537559029,0.0003423693354436878,0.2341107259724158
6513270381960802253012683151666357505132664786332053561142044868772233342467,3.0,0.635,3.0,0.231775,0.00010000000000000018,0.41642500000000005,0.00014841088755784747,0.23418344831614837,0.00010637516694322413,0.235830514788143,0.00012615318675288228,0.23360595117637611
105493243911415328186853135427180882742964878728761632341401884622809951441015,30.0,0.675,30.0,0.219375,0.0007369999999999969,0.24125799999999997,0.0015919987410103224,0.22810323904501664,0.0012082929219372795,0.22222194028729675,0.0017065016597157872,0.2354175225212144
105493243911415328186853135427180882742964878728761632341401884622809951441015,14.0,0.715,14.0,0.203775,6.200000000000004e-05,0.23218299999999997,0.0007768903436115484,0.20965108896849688,0.0005515354533310376,0.21794114883400334,0.0007348964499327873,0.20888854503177717
105493243911415328186853135427180882742964878728761632341401884622809951441015,7.0,0.765,7.0,0.179775,3.7e-05,0.21685799999999997,0.0003720227597686537,0.18601911877831598,0.0002780543729669075,0.1850960829915572,0.0003775791092444515,0.18639436870606246
105493243911415328186853135427180882742964878728761632341401884622809951441015,3.0,0.34,3.0,0.2244,3.7e-05,0.107633,0.00017719906627703278,0.22785031550393,0.00011153048595783009,0.22324112576669816,0.00012539060339872304,0.22660246537054823
115180637744426942159949058418963829633982406336900072654493212005540109120116,30.0,0.09,30.0,0.0819,0.0009087499999999999,0.0015632500000000002,0.0010690682491264242,0.12871163424184748,0.0009904397698398224,0.12155604625206742,0.0010107562034954987,0.12543584117017265
53318090283597351227821817715895354369488632688451622367962782212055936598914,30.0,0.071,30.0,0.065959,0.0010322499999999993,0.21714175,0.0009429446890009669,0.12606677260185994,0.0008567321038201531,0.10188083258392197,0.0008580892479256805,0.10800666696588669
53318090283597351227821817715895354369488632688451622367962782212055936598914,14.0,0.2505,14.0,0.18774975000000002,0.00015775000000000023,0.09604449999999998,0.000596277070666675,0.19866802303658368,0.0005030850451166708,0.20370479065896457,0.0005916370816917156,0.19813370809439348
53318090283597351227821817715895354369488632688451622367962782212055936598914,7.0,0.1145,7.0,0.10138975,6.42500000000001e-05,0.04407,0.0002929765075440582,0.1356392635521585,0.00027827763248311705,0.13258721928582745,0.00028320899528987684,0.13331187739973083
53318090283597351227821817715895354369488632688451622367962782212055936598914,3.0,0.154,3.0,0.13028399999999998,8e-06,0.0235625,0.00013396635716531052,0.13526164080153075,8.282663803943443e-05,0.131007962190441,0.00015354515224391837,0.13625333969912312
23522010053796928314095406008924900761833610419543982088160250459540934114445,30.0,0.57,30.0,0.2451,0.0015499999999999963,0.21904999999999997,0.00158769899428778,0.24985991769779836,0.0011491609451095852,0.26302832836357093,0.0016720378211335673,0.2525295735733438
23522010053796928314095406008924900761833610419543982088160250459540934114445,14.0,0.605,14.0,0.238975,0.0008999999999999972,0.21842499999999998,0.0008094111541904698,0.23889743470271108,0.000547212465269143,0.24474365352904798,0.000690090744266374,0.2403026831613083
23522010053796928314095406008924900761833610419543982088160250459540934114445,7.0,0.595,7.0,0.240975,0.0004999999999999964,0.21712499999999998,0.0003694178226762648,0.2463383938586918,0.00025217848460786093,0.24895039030014285,0.00033842611136915,0.24373847147501337
23522010053796928314095406008924900761833610419543982088160250459540934114445,3.0,0.565,3.0,0.245775,0.0004999999999999964,0.21622499999999997,0.00016624807831560958,0.24483193031680014,0.00012006916912647267,0.24410108515986154,0.00013784487512064796,0.24692836104418917
87406562398979962299468279520190492088871692967284999093076550605890113634903,30.0,0.1255,30.0,0.10974975000000001,0.0007362500000000001,0.251572,0.0011934151820568275,0.15985673651286664,0.0011246296683890134,0.15017181697331156,0.0012249658486678655,0.17095434778673405
87406562398979962299468279520190492088871692967284999093076550605890113634903,14.0,0.142,14.0,0.12183599999999999,5.62500000000001e-05,0.24179825000000002,0.0005821163580793464,0.15288875592133241,0.0005647565265738099,0.16190220216208878,0.0006592585563649439,0.16251379008142963
87406562398979962299468279520190492088871692967284999093076550605890113634903,7.0,0.2725,7.0,0.19824375000000002,5.62500000000001e-05,0.21003650000000004,0.0003687526838192945,0.2007990294328089,0.00024507085393084347,0.20364673390342208,0.0003260889016360351,0.20267450712923157
87406562398979962299468279520190492088871692967284999093076550605890113634903,3.0,0.433,3.0,0.24551099999999998,0.0,0.19990650000000004,0.00014834069366017233,0.24490635433324015,0.00012165992329796969,0.24850261263067264,0.0001324373857306963,0.24475186338659133
61329423403258718865520065423477646734746215825414612058431614589236294556849,7.0,0.49,6.0,0.2499,0.0,0.21564999999999998,0.0003675259137674847,0.25212984140521477,0.00022419469611540473,0.2504585754782314,0.00031152674077899897,0.24936964762388658
61329423403258718865520065423477646734746215825414612058431614589236294556849,3.0,0.42,3.0,0.2436,0.0,0.20234999999999997,0.00016122174352976463,0.24443906539967744,9.754539992943155e-05,0.24205906287820858,0.0001459059997283545,0.24403759911235007
92338023949892178944669766466918011858071833335063600591564160751176113496073,30.0,0.08,31.0,0.0736,0.0006249999999999999,0.8785250000000001,0.000963086541005258,0.12329995485058909,0.0009613030199313111,0.11731528202262358,0.0009509234201189765,0.10138971721315036
92338023949892178944669766466918011858071833335063600591564160751176113496073,14.0,0.075,14.0,0.069375,0.0001999999999999998,0.8785250000000001,0.0004523092267495347,0.09153782755661677,0.00048536981661967654,0.10727684769724151,0.0004634975482986435,0.09274403607557913
92338023949892178944669766466918011858071833335063600591564160751176113496073,7.0,0.135,7.0,0.116775,0.0001999999999999998,0.8767250000000001,0.00030851718064499144,0.14403412505846966,0.00021686087985696095,0.14771962835235133,0.00030842875574062684,0.14052493949107425
92338023949892178944669766466918011858071833335063600591564160751176113496073,3.0,0.105,3.0,0.093975,9.99999999999999e-05,0.8751250000000002,8.118527058831917e-05,0.11080564031111355,9.079915759694035e-05,0.1113829333897373,9.001266824700365e-05,0.1173414273812154
6109596608740989656723901480203653431324776769040200079836311830414255457448,30.0,0.28,21.0,0.2016,0.001399999999999998,0.4875500000000001,0.0009755316099225214,0.21246766115372565,0.0008263460869651921,0.21042895872200862,0.0009170459324927954,0.21469566536746837
6109596608740989656723901480203653431324776769040200079836311830414255457448,14.0,0.34,14.0,0.2244,0.001024999999999999,0.4847250000000001,0.0007731476986921962,0.22888816240468526,0.0005056050500317701,0.23633767570446337,0.0006981746512098675,0.22481550835181335
6109596608740989656723901480203653431324776769040200079836311830414255457448,7.0,0.285,7.0,0.203775,0.00025000000000000044,0.4834250000000001,0.00036481107045956514,0.2028702902596129,0.0002595868523210051,0.21156884007853763,0.000377537572890866,0.20304230694795614
6109596608740989656723901480203653431324776769040200079836311830414255457448,3.0,0.285,3.0,0.203775,5.000000000000009e-05,0.4834250000000001,0.0001611252261217181,0.2068986290853785,0.00010901827748992525,0.20757256484781073,0.00017004144542163903,0.20805512607650584
25171384998427926505053526496513189095685459516417423267324964823173161094044,7.0,0.68,6.0,0.2176,0.0002250000000000004,0.046674999999999994,0.00033549971072532864,0.22075199026237474,0.0002538621988432104,0.22527350370390814,0.00028179080647586533,0.22169574173951023
25171384998427926505053526496513189095685459516417423267324964823173161094044,3.0,0.805,3.0,0.15697499999999998,0.0002250000000000004,0.04024999999999999,0.00017417419372145603,0.15629484532763088,0.00013682154635212855,0.1636038955348062,0.00019168308848471391,0.15723253990934305
56814725870179920615881424393027028330166672775619196396436430486653645555698,30.0,0.085,30.0,0.07777500000000001,0.0012464999999999998,0.0035165000000000005,0.0009961448785182762,0.11351275572828394,0.0009438841605206885,0.12328423451698615,0.0010719272629917385,0.13869307776947049
56814725870179920615881424393027028330166672775619196396436430486653645555698,14.0,0.085,13.0,0.07777500000000001,0.0004465000000000004,0.0035165000000000005,0.0004594768158131117,0.11635190133189881,0.00041219166603725856,0.11086401471118201,0.0004885928238536366,0.10997442030372861
56814725870179920615881424393027028330166672775619196396436430486653645555698,7.0,0.085,7.0,0.07777500000000001,0.0002465,0.0035165000000000005,0.0002293424625472118,0.09864595741722867,0.00023528457835314716,0.11319528363728423,0.00024143639806946477,0.09843328773680232
68080778697884921540335032370654180051222428162809511382222697646266365598353,14.0,0.49,11.0,0.2499,0.00011700000000000021,0.16047550000000002,0.0005842261928048434,0.24930047368988537,0.0004346873591166583,0.2523600308692702,0.0005283365649530553,0.25018649709223334
68080778697884921540335032370654180051222428162809511382222697646266365598353,7.0,0.795,7.0,0.16297499999999998,0.00011700000000000021,0.0392505,0.0003798843670004794,0.1662000383832647,0.0002795848633828649,0.1658404775884876,0.00040953205378714303,0.17219961365186406
68080778697884921540335032370654180051222428162809511382222697646266365598353,3.0,0.895,3.0,0.09397499999999999,1.700000000000003e-05,0.009900500000000007,0.00010956140338960921,0.10386489987349433,7.954415901317921e-05,0.11216310067336056,0.00013494234370209306,0.10348886345473188
2902055187984709817213626425979152143535006862959074584390262030341212359301,7.0,0.385,5.0,0.236775,0.00010000000000000018,0.1402505,0.000305647131302268,0.23747479094166202,0.0001944100945707705,0.2385733836640798,0.00024084974742096655,0.23885071743456848
2902055187984709817213626425979152143535006862959074584390262030341212359301,3.0,0.375,3.0,0.234375,0.0,0.1402505,0.0001748625182084454,0.23554404606164397,0.0001212324987296494,0.23370463625683072,0.0001322932109104023,0.235853669215827
62328573194489040093456647864295976641300875388193491938691863794276955114961,14.0,0.39,13.0,0.2379,0.0007749999999999959,0.35343050000000004,0.0007187500433753053,0.24241830215572166,0.0005092124082992907,0.24130079023785456,0.0006992618782543128,0.2335475268106841
62328573194489040093456647864295976641300875388193491938691863794276955114961,7.0,0.405,7.0,0.240975,0.0002499999999999982,0.35343050000000004,0.0004073504931319703,0.2425195423124614,0.00022313283685383795,0.24477026057953005,0.000338338541317368,0.24216975342857133
62328573194489040093456647864295976641300875388193491938691863794276955114961,3.0,0.4,3.0,0.24,2.5000000000000045e-05,0.35343050000000004,0.00015900020176412338,0.2387726103472,0.000125846906630426,0.24360988309024204,0.00013964039977769056,0.24145137624754975
71267051241725967237636537095647587537051689898773468502504987174307418929503,7.0,0.545,6.0,0.247975,0.00010000000000000018,0.19802499999999995,0.00030457482651768286,0.24729375636488313,0.0002357472757895919,0.24867952697643747,0.00026676296992294885,0.24767726624041178
71267051241725967237636537095647587537051689898773468502504987174307418929503,3.0,0.555,3.0,0.246975,0.0,0.19802499999999995,0.00017719189441949075,0.24897351001342144,0.0001265675777077086,0.24755236418550436,0.00010646087939569887,0.24730641428786806
59742411602053785892348440048778056320272639465974092140970920277782290781360,14.0,0.0525,14.0,0.049743749999999996,0.0013504999999999995,0.00148225,0.0003184463714991414,0.06041258095450438,0.00034976865850446236,0.08483663957158528,0.0003759945414710959,0.07437631499570681
59742411602053785892348440048778056320272639465974092140970920277782290781360,7.0,0.0535,7.0,0.05063775,0.000765,0.00148225,0.00020581114533332228,0.0766089846909474,0.000171544075399733,0.08650358200209521,0.00018132042371835305,0.06550448709345864
42975555429520824857081821790162352379317854666195783215671231165894029794521,7.0,0.5,6.0,0.25,0.0,0.17370000000000002,0.00035696668056339753,0.2499424311994421,0.00023129012238076122,0.2502414701244138,0.0002930193580276014,0.24908517989272083
42975555429520824857081821790162352379317854666195783215671231165894029794521,3.0,0.555,3.0,0.246975,0.0,0.158375,0.00016543202477232468,0.24578085785540382,9.285328950045468e-05,0.24687350787639395,0.00013576049839333817,0.24700066623805753
65495901320205705759936558828379630200280477222105194934948746302263744793368,30.0,0.255,30.0,0.189975,0.001075000000000002,0.09165549999999999,0.001430047326009735,0.2186654895469328,0.001156173748929803,0.2193234738825104,0.0013914914987843386,0.21964406769552952
65495901320205705759936558828379630200280477222105194934948746302263744793368,14.0,0.315,14.0,0.21577500000000002,0.0005000000000000009,0.08923049999999999,0.0006534491409775307,0.2172921351347487,0.0005206026439354495,0.22074610945042983,0.0006824573404324996,0.22518832106942782
65495901320205705759936558828379630200280477222105194934948746302263744793368,7.0,0.34,7.0,0.2244,2.5000000000000045e-05,0.08923049999999999,0.00039335724922773165,0.22451271170484013,0.00029016062432212533,0.22597683153286974,0.00033154866910015894,0.2253637601410285
65495901320205705759936558828379630200280477222105194934948746302263744793368,3.0,0.295,3.0,0.20797500000000002,0.0,0.08673049999999999,0.00016779917264798111,0.21061011160497103,0.00010908261343617569,0.2103735931878937,0.00014084953514196182,0.2098114680043665
59971444048982820090749128753331211858318529324980291176754797725178535217659,3.0,0.485,3.0,0.249775,0.00010000000000000018,0.31442500000000007,0.00015922844581414014,0.25104062288290513,0.00010773349147941165,0.2519778804681133,0.00014408191715742111,0.24866866981302033
45684115051063786369424575671570278148366024330058665274769842376099284186094,30.0,0.4825,31.0,0.24969375000000002,0.0006380000000000016,0.17799175000000003,0.001592487911397454,0.25920751978670964,0.0011607788129274369,0.2569919816348137,0.001669278921403007,0.2540695683526628
45684115051063786369424575671570278148366024330058665274769842376099284186094,14.0,0.7075,14.0,0.20694374999999998,0.0004987500000000021,0.02562850000000001,0.0007585697843757128,0.20931008637590406,0.0005010933239357446,0.21511461874161025,0.0008111165247328564,0.21391808692755754
45684115051063786369424575671570278148366024330058665274769842376099284186094,7.0,0.864,7.0,0.11750400000000001,0.0004402500000000011,0.012493250000000022,0.00027549137269660827,0.13466876613056136,0.0002733607883469559,0.13684994435689757,0.0003329334146188296,0.13462444256199987
45684115051063786369424575671570278148366024330058665274769842376099284186094,3.0,0.8935,3.0,0.09515775000000003,0.0002890000000000005,0.010644250000000018,0.00010937905059134272,0.10294356350672587,6.820289022311473e-05,0.09656015597099135,0.0001189447425178479,0.09597832424367535
73817598408230683831072353847770809458837920203753987347670649717002095543451,30.0,0.134,30.0,0.11604400000000001,0.00147525,0.40019724999999995,0.0011805310408524914,0.15475482396133278,0.0010815789806436324,0.15043497042601284,0.0012471661373199047,0.17214726873914887
73817598408230683831072353847770809458837920203753987347670649717002095543451,14.0,0.3805,14.0,0.23571974999999998,0.0007685000000000004,0.38233875,0.0007384397297463808,0.2344650197551449,0.0005447430098323595,0.23509088670240352,0.0007032999568328902,0.23597198643954953
73817598408230683831072353847770809458837920203753987347670649717002095543451,7.0,0.2385,7.0,0.18161775,0.00015400000000000025,0.36590174999999997,0.0003643570311089113,0.18862100548702457,0.00026971923018705347,0.19016815458938197,0.00036022382411880316,0.19286439048107776
73817598408230683831072353847770809458837920203753987347670649717002095543451,3.0,0.42,3.0,0.2436,1.0000000000000018e-05,0.3324085,0.00015425728878865947,0.24165364464118386,0.00013154378660620744,0.24374206634250764,0.000162780739925687,0.24348179477884774
32552908362152202574710059261355824048490400381441183386556948364520626197704,7.0,0.225,6.0,0.174375,0.0004499999999999986,0.091275,0.0003105077023815258,0.17895449108725295,0.00021645654948888572,0.18121244314517626,0.0003425107485523664,0.18528324197474055
32552908362152202574710059261355824048490400381441183386556948364520626197704,3.0,0.325,3.0,0.21937500000000001,0.00042499999999999857,0.07145000000000001,0.00016672831091436835,0.2222186223545786,0.00012303880623682593,0.22102225229019745,0.00016012127567442612,0.21979967538577047
64575112906857627673396031002364315784778510108272214779568803819416675082435,30.0,0.19,22.0,0.1539,0.0005019999999999996,0.02716150000000001,0.0009641382663675326,0.19036580973579084,0.0008481884601307315,0.18244653482332054,0.000880014518960697,0.20043979682181978
64575112906857627673396031002364315784778510108272214779568803819416675082435,14.0,0.275,19.0,0.199375,0.0005019999999999996,0.019936500000000006,0.0008794877282388072,0.21306630151221262,0.000729720841119447,0.2197871863384357,0.0008478519618003769,0.20468018550778674
64575112906857627673396031002364315784778510108272214779568803819416675082435,7.0,0.075,7.0,0.069375,0.00010200000000000001,0.0037365,0.00025463069380396946,0.10391559785943287,0.0002022583243799254,0.08946758187909051,0.0002431862812788286,0.09657223205182146
20997923443157238057314792262127288326422203506234479919644854685825478421945,30.0,0.0775,30.0,0.07149375,0.001104,0.04047575000000001,0.0009878631357754407,0.11590707522500608,0.0009055732750438934,0.11000852341830893,0.0009730559289097373,0.13740109837647746
38038812947260421559974255627554719283669560612350715696982404136465373971402,30.0,0.424,30.0,0.24422400000000002,0.0004187499999999999,0.11408225000000001,0.0015588627324108256,0.24308391197066156,0.001129077334388436,0.26185798644669117,0.0016164917240955533,0.2499230196098367
89554529686790149860709360339217087366879909570421288123495549756757394876531,14.0,0.67,13.0,0.2211,0.0009000000000000016,0.11930550000000001,0.0007358405595298051,0.22189955186937887,0.0004811892354871511,0.23252401915162482,0.0007232523051388151,0.2273875248158638
89554529686790149860709360339217087366879909570421288123495549756757394876531,7.0,0.675,7.0,0.219375,0.000550000000000001,0.11868050000000001,0.00037690212573255987,0.22477734650349185,0.00025965926630289367,0.22748989241452627,0.00036581521119768035,0.2198022742434941
89554529686790149860709360339217087366879909570421288123495549756757394876531,3.0,0.665,3.0,0.222775,0.00025000000000000044,0.11868050000000001,0.00016402491047676565,0.22263806269529934,0.00011799210049668842,0.2257032163451912,0.00013318406492824825,0.22680573095504342
58575343295555789534609969683206622928796143869115034144906527157638961962944,7.0,0.37,6.0,0.2331,0.00012500000000000022,0.5082750000000001,0.00034176953837614153,0.2364373362432789,0.00022353848285705497,0.23574339088077736,0.00027235724145009867,0.23354255467722293
58575343295555789534609969683206622928796143869115034144906527157638961962944,3.0,0.4,3.0,0.24,0.00010000000000000018,0.50765,0.00016817850461595232,0.2417854451953253,0.00010207697638045652,0.24098292553204154,0.00014410004388488537,0.24142061304156961
11068723484479694457364069159236368049178051945614461819464592420812199597948,7.0,0.375,6.0,0.234375,0.00025000000000000044,0.634375,0.00031520263072499355,0.2340928379868072,0.00021343856978281317,0.23910954483500063,0.0002898502326678897,0.23621011081166532
11068723484479694457364069159236368049178051945614461819464592420812199597948,3.0,0.35,3.0,0.22749999999999998,0.0002250000000000004,0.597725,0.00018095628414545474,0.23030327135440232,0.00010626204589398385,0.22829007591607142,0.0001420791976044201,0.22869536369002144
24809423528124284224090069515582587237857005059059577506414057066347413921482,30.0,0.13,30.0,0.1131,0.0009249999999999971,0.015625,0.0011823653397885381,0.15179899740267028,0.0010939364861025098,0.16433431391424658,0.0011241497293388285,0.1619505062209202
24809423528124284224090069515582587237857005059059577506414057066347413921482,14.0,0.145,14.0,0.12397499999999999,0.0003999999999999991,0.015625,0.00060628331848555,0.14498252376548829,0.0005424089811569942,0.1654616014729818,0.0005800994487492655,0.15392363523182945
24809423528124284224090069515582587237857005059059577506414057066347413921482,7.0,0.135,7.0,0.116775,0.00010000000000000018,0.015625,0.00030096728776135676,0.14974255661271094,0.00026178243265572826,0.1439738222864402,0.0003321933358593096,0.14692547148257779
24809423528124284224090069515582587237857005059059577506414057066347413921482,3.0,0.135,3.0,0.116775,0.00010000000000000018,0.015625,9.615987659240478e-05,0.14073394589678173,8.059230374812793e-05,0.13013717220010945,9.522498492012813e-05,0.11727168253872207
67002593218190822532665099166898408129313819429898582664969051678894195427511,30.0,0.21,30.0,0.1659,0.0005750000000000011,0.37442500000000006,0.0012919022107147331,0.19972774241158356,0.0010780093760778826,0.18832557474529066,0.0013381325442444073,0.20688279059917997
67002593218190822532665099166898408129313819429898582664969051678894195427511,14.0,0.205,14.0,0.162975,0.00020000000000000036,0.37442500000000006,0.0005608464683136558,0.1886121859860583,0.00047002675692098153,0.1845870907084296,0.0005750061680162145,0.18408975375736691
67002593218190822532665099166898408129313819429898582664969051678894195427511,7.0,0.205,7.0,0.162975,0.00020000000000000036,0.37442500000000006,0.0003226147134992419,0.17000148622954672,0.0002506303451748406,0.17508414739213302,0.00032245139578548123,0.16416132010813234
67002593218190822532665099166898408129313819429898582664969051678894195427511,3.0,0.225,3.0,0.174375,0.0,0.37442500000000006,0.0001688178824650208,0.18061528006547703,0.0001266700703595461,0.17770641919246558,0.00016192355286679346,0.17742746176420476
48275460989962092386996511574659453037699330707120151102470507870295837618587,14.0,0.625,10.0,0.234375,0.00010000000000000018,0.16442500000000004,0.0005323729495279311,0.2395454528028638,0.00038494975420958464,0.23754864040222626,0.0004921298885732324,0.23324973371706437
48275460989962092386996511574659453037699330707120151102470507870295837618587,7.0,0.625,7.0,0.234375,0.00010000000000000018,0.16442500000000004,0.0003519397125772757,0.2376097003501621,0.0002702338644599238,0.23237376159454187,0.0003366755678120308,0.2354177035519867
48275460989962092386996511574659453037699330707120151102470507870295837618587,3.0,0.605,2.0,0.238975,0.00010000000000000018,0.16402500000000003,0.00010722978713627692,0.23821990371851598,6.990045797304385e-05,0.23972475791647738,9.367842017942419e-05,0.23671178683378627
53863955088779009407284117389566755030873972976669059506982181398453613577969,14.0,0.49,13.0,0.2499,0.0007250000000000014,0.151475,0.0006966765963165064,0.2518849656113217,0.0004931045699914715,0.2561941109137595,0.0006807507075397923,0.25077866016569494
53863955088779009407284117389566755030873972976669059506982181398453613577969,7.0,0.375,7.0,0.234375,0.000500000000000001,0.140625,0.0003894919079944753,0.23669163532873774,0.00025625487307860803,0.2354219946365621,0.0003637011431754383,0.23493749338466557
53863955088779009407284117389566755030873972976669059506982181398453613577969,3.0,0.385,3.0,0.236775,0.00015000000000000029,0.140625,0.00018279729367598647,0.23716910473375585,0.00012244977009818952,0.2341582619473632,0.00013990361338531024,0.23638112805515518
78140458432174397862436707256368409182467606418188760097873260862383336868084,30.0,0.575,28.0,0.244375,0.0006749999999999999,0.09741549999999999,0.0014775505668233057,0.24617995342408164,0.0011159985381927015,0.25333439088555776,0.0015141839687013692,0.2510725788988506
78140458432174397862436707256368409182467606418188760097873260862383336868084,14.0,0.205,14.0,0.162975,0.00019999999999999982,0.045790500000000005,0.000594469569401708,0.18795649926497368,0.0005002029331262204,0.17899150800681127,0.0005807365575964715,0.18031800599164338
78140458432174397862436707256368409182467606418188760097873260862383336868084,7.0,0.145,7.0,0.12397499999999999,0.00010000000000000018,0.0212905,0.00031485747112768595,0.1355419428015811,0.00025061995854566216,0.15887616516589118,0.0003227875049178626,0.15000553881810033
78140458432174397862436707256368409182467606418188760097873260862383336868084,3.0,0.175,3.0,0.14437499999999998,0.0,0.0196905,0.00017269306312355062,0.1480524427563438,0.0001123565931303188,0.14624973148842046,0.0001658918768958047,0.14776631557322825
88736458521247574387152947472706546697817406137062652637225575559648384114740,7.0,0.405,6.0,0.240975,0.0,0.311275,0.00032898064841450756,0.2423149142672176,0.00023314478798496665,0.24303625753030997,0.0002748462794221805,0.2438531417778826
88736458521247574387152947472706546697817406137062652637225575559648384114740,3.0,0.445,3.0,0.24697499999999997,0.0,0.30967500000000003,0.000156923998513852,0.24774162128354418,0.00011554358468361548,0.24541533773170646,0.00014158686985024337,0.2462606698252354
38602650628892500834876599060290673077726505734523980242156912034787777435574,30.0,0.075,25.0,0.069375,0.0009009999999999992,0.021784500000000005,0.0008157431099872213,0.11689005563520116,0.0007248134692783718,0.11585294784879828,0.0008125953727513206,0.12865859901476318
38602650628892500834876599060290673077726505734523980242156912034787777435574,14.0,0.0775,14.0,0.07149375,0.000337,0.0023842499999999997,0.00046904346959222675,0.09300795671489226,0.0004447651395034759,0.09180759945980156,0.00043159016041033094,0.0854137316651737
20073127481301940440253184290961200116366977526370778317980285842646959096697,3.0,0.495,3.0,0.249975,0.0,0.09857499999999998,0.00017709624318533581,0.25023939680571816,0.00010217904967038313,0.24914462576407145,0.00012650239549027683,0.24935037574204252
72169238921197925373760655508554204363420378094004568451083033336165979963995,14.0,0.215,14.0,0.168775,0.00032500000000000004,0.24865,0.0006006139052663123,0.18044065188673017,0.0005300750383824448,0.17736683263579447,0.0005937158275855807,0.19238918836223584
72169238921197925373760655508554204363420378094004568451083033336165979963995,7.0,0.55,7.0,0.2475,0.00012500000000000022,0.227275,0.00042701989742643845,0.25408184493666,0.0002613871658615216,0.246092864453706,0.0003329458036434349,0.2485856295557798
72169238921197925373760655508554204363420378094004568451083033336165979963995,3.0,0.515,3.0,0.249775,0.0,0.218025,0.0001597810720541072,0.25023592458047317,0.00010993495082004704,0.24891335457726338,0.0001469425910135239,0.2494853213799604
19165851215407134086264878404868477335229661577693324749321152643356423889292,14.0,0.5,13.0,0.25,0.0008750000000000005,0.150675,0.0007110253474026415,0.255030947852748,0.0005014044853037692,0.2529567957745043,0.0006820241616689171,0.25257797581385555
19165851215407134086264878404868477335229661577693324749321152643356423889292,7.0,0.545,7.0,0.247975,0.00044999999999999966,0.14702500000000002,0.0003891094684299995,0.2522514898753322,0.000269086756369616,0.24956031030828982,0.0003041165782474232,0.24917789493033368
19165851215407134086264878404868477335229661577693324749321152643356423889292,3.0,0.465,3.0,0.24877499999999997,9.999999999999907e-05,0.140625,0.0001425284023340103,0.2484457575249771,9.363864635734254e-05,0.2493508872245961,0.0001387174324434318,0.24810631155163315
81680331983186046997381955280648457847630354885398475637844800869325464253779,30.0,0.28,30.0,0.2016,0.001024999999999995,0.525625,0.0013556824406568114,0.22138296864418414,0.0011777640226640549,0.2318573129275639,0.0013651061415604203,0.23506928286230902
81680331983186046997381955280648457847630354885398475637844800869325464253779,14.0,0.275,14.0,0.199375,0.0003999999999999963,0.525625,0.0006352941936201016,0.21550035977184895,0.0005002162522391317,0.21390756766312102,0.0006146303604063066,0.20584350760124623
81680331983186046997381955280648457847630354885398475637844800869325464253779,7.0,0.285,7.0,0.203775,0.0002999999999999972,0.525625,0.00035526357841158954,0.2081582538348375,0.0002458873158535062,0.20674206152374247,0.00033218039373107607,0.2078027069834898
81680331983186046997381955280648457847630354885398475637844800869325464253779,3.0,0.275,3.0,0.199375,0.00019999999999999814,0.525625,0.00017621570815409916,0.20197195622040695,0.00011245354450619281,0.20179203230151266,0.00014695845590206383,0.19852830866321852
114248353339288476395516704859280406139740194553592209059241667781908210476009,14.0,0.093,14.0,0.084351,0.0005427499999999993,0.016421750000000002,0.0005322156110594335,0.11338830510406694,0.00047143273628336076,0.12073863116954964,0.0005519143668592881,0.11460584035746178
114248353339288476395516704859280406139740194553592209059241667781908210476009,7.0,0.1845,7.0,0.15045975,0.0005172499999999992,0.008207500000000001,0.00032131836105836774,0.16511060788954565,0.0002735947092075369,0.1745694602388115,0.0003348310479323703,0.16641829445216438
114248353339288476395516704859280406139740194553592209059241667781908210476009,3.0,0.0765,3.0,0.07064775,0.00013000000000000002,0.0040662499999999996,7.705958206029767e-05,0.09535074457637659,9.06011872853921e-05,0.0999451634440325,7.021573119452576e-05,0.09072553640073608
2573721445147198402794802928157427663327297748733430491619487131647218857169,30.0,0.655,20.0,0.22597499999999998,0.0011499999999999987,0.6044555,0.0010612258570712445,0.23660702088016627,0.0008156623684506915,0.23611645553980046,0.001156629243502713,0.22993867390587056
2573721445147198402794802928157427663327297748733430491619487131647218857169,14.0,0.355,14.0,0.22897499999999998,0.0011499999999999987,0.45425550000000003,0.0007414422624062339,0.2361118975031573,0.0005259756432895682,0.23882070441402503,0.0007146693687589242,0.23927382084446086
2573721445147198402794802928157427663327297748733430491619487131647218857169,7.0,0.13,7.0,0.1131,0.00012500000000000008,0.4347055,0.0002913192153646259,0.14326618967283752,0.0002710720229980421,0.1328530385432529,0.0002760520520623778,0.14498316913538273
2573721445147198402794802928157427663327297748733430491619487131647218857169,3.0,0.265,3.0,0.194775,0.0,0.3970055,0.00016594448296306872,0.198519034042445,0.00011830796452512262,0.194665339294682,0.00013394996217776396,0.19676508428311762
52335115661507669937500398867166390130810167185602394357268431071732949701471,7.0,0.52,6.0,0.2496,2.5000000000000045e-05,0.283175,0.00032358443870530453,0.25008853973474954,0.00021305784205484805,0.2511490863007964,0.0002777266372310447,0.250779159496248
52335115661507669937500398867166390130810167185602394357268431071732949701471,3.0,0.545,3.0,0.247975,2.5000000000000045e-05,0.28255,0.00016439073986506837,0.24780043373099286,0.00011093686581088812,0.24607195065998397,0.00013762030454768218,0.24895872160877708
46910559540293522428842970203067298950552022214084580869957877134507037219226,14.0,0.48,12.0,0.2496,0.0006500000000000013,0.27705,0.0006582778323807184,0.25050851247221023,0.00045420408580614636,0.2561996653176856,0.0005621147296713977,0.2505871259958963
46910559540293522428842970203067298950552022214084580869957877134507037219226,7.0,0.495,7.0,0.249975,0.0002750000000000005,0.27705,0.0003736682935582085,0.25325856510972566,0.00023939024885173438,0.25254322470898566,0.00035587013278678866,0.2490055559984115
46910559540293522428842970203067298950552022214084580869957877134507037219226,3.0,0.53,3.0,0.2491,2.5000000000000045e-05,0.27642500000000003,0.00016470299686617313,0.2485548264784669,0.00011619236556681433,0.250545888283902,0.00014695266027920674,0.24972079720028062
40135088852577506765736307766772396056651758567375095423306467127997710326025,7.0,0.5,5.0,0.25,0.0,0.2415000000000001,0.0002715089512451313,0.251173702853131,0.00019204165539049264,0.24861820227512296,0.00021845170041582244,0.250994588833239
40135088852577506765736307766772396056651758567375095423306467127997710326025,3.0,0.675,3.0,0.219375,0.0,0.2108750000000001,0.00018234840947315846,0.21927663788411678,0.0001341842843096196,0.2190766892874723,0.0001357309393560137,0.22047282698894743
32203747233944015438487799675613943430837031417969455986362970409671575279826,30.0,0.38,30.0,0.2356,0.0005249999999999976,0.613225,0.001618952225852175,0.24295943044675464,0.0011123436887739235,0.24848536541405522,0.0015195937803257112,0.23491329934822075
32203747233944015438487799675613943430837031417969455986362970409671575279826,14.0,0.405,14.0,0.240975,0.00010000000000000018,0.611625,0.0007338875828619986,0.24403492578474192,0.0005385748250000021,0.24601673352133432,0.0006921742841209305,0.24388210934291496
32203747233944015438487799675613943430837031417969455986362970409671575279826,7.0,0.465,7.0,0.24877499999999997,0.00010000000000000018,0.608025,0.0003828063555411661,0.2495537086174113,0.0002517142592629626,0.2510668571528512,0.0003231257295346323,0.25010659800733104
32203747233944015438487799675613943430837031417969455986362970409671575279826,3.0,0.545,3.0,0.247975,0.00010000000000000018,0.604025,0.00015380780432860573,0.2512334040982895,0.00011382849255147219,0.2477887094812523,0.00012868866421693185,0.2482663597330533
11011989236331164054844679338128881575446679057930991995271488699513863012857,30.0,0.8765,30.0,0.10824775000000005,0.0010957499999999978,0.05121900000000001,0.0013222783191341023,0.1714828681319679,0.0010565172061923137,0.16548053123056014,0.001687879502756672,0.17071183029305062
11011989236331164054844679338128881575446679057930991995271488699513863012857,14.0,0.725,14.0,0.199375,0.00033749999999999796,0.03342250000000001,0.0007213922729207453,0.21104594417631742,0.0004737915665262203,0.20853851518357025,0.0007738209126294999,0.21036411660235985
11011989236331164054844679338128881575446679057930991995271488699513863012857,7.0,0.7845,7.0,0.16905975,3.7000000000000066e-05,0.02162174999999999,0.0003741004186871439,0.17862780789654614,0.00026719654452868937,0.17757770337907494,0.00041825963776340793,0.17398592898243578
83888144161982434624713758161351397840111189037781380864796269813575735454772,30.0,0.41,26.0,0.24190000000000003,0.0004999999999999993,0.20855,0.0013883655259140314,0.2561845832710992,0.0009804574385030285,0.24906248956191987,0.0013780354486746527,0.2468548299872967
83888144161982434624713758161351397840111189037781380864796269813575735454772,14.0,0.405,14.0,0.240975,0.00022499999999999986,0.20855,0.000723659345101092,0.24455924649407051,0.0005861487933322033,0.24793716023445944,0.0007140979049040529,0.24347316711435202
83888144161982434624713758161351397840111189037781380864796269813575735454772,7.0,0.41,7.0,0.24190000000000003,0.00010000000000000018,0.20855,0.00038541789668741013,0.24100665440796282,0.0002729379812192042,0.2421704419779547,0.00032270089216608204,0.24423340225404291
83888144161982434624713758161351397840111189037781380864796269813575735454772,3.0,0.465,3.0,0.24877499999999997,0.00010000000000000018,0.20702500000000001,0.0001638017035691405,0.2500516377205907,9.109097273598811e-05,0.24900281920188794,0.00012443363946890493,0.24843161366789943
55967247602586075622194066715639476769739937290480392734882753272229618363087,30.0,0.34,27.0,0.2244,0.0005750000000000003,0.18242500000000006,0.0013719534299834624,0.22888621046011678,0.001032469714661639,0.24035425370664704,0.001381471869505866,0.23637433077820894
55967247602586075622194066715639476769739937290480392734882753272229618363087,14.0,0.175,14.0,0.14437499999999998,0.00022500000000000026,0.027749999999999997,0.0005946833948248583,0.16217767476921094,0.0005313330797273208,0.1739352727303342,0.0005859019864334485,0.18161177050623614
55967247602586075622194066715639476769739937290480392734882753272229618363087,7.0,0.13,7.0,0.1131,0.00020000000000000023,0.009350000000000002,0.00028647607612959766,0.14507574468190815,0.0002593110192783131,0.13160004777297515,0.000322519514150951,0.14485219554752346
55967247602586075622194066715639476769739937290480392734882753272229618363087,3.0,0.065,3.0,0.060775,0.00010000000000000005,0.0038250000000000003,9.141262855829776e-05,0.08467763089995213,7.199416127599488e-05,0.08826856106033495,8.223096722242252e-05,0.08785108646834917
45753367743673777110916066518250620373171499530928405388663259167920621764003,14.0,0.395,12.0,0.238975,0.0009750000000000006,0.17285,0.0006296201083927206,0.24316766445133445,0.00045598874252622074,0.2421795462590357,0.0006453507816275128,0.24154873437384425
45753367743673777110916066518250620373171499530928405388663259167920621764003,7.0,0.385,7.0,0.236775,0.0005499999999999998,0.172225,0.0003584116409925045,0.2403620936164918,0.0002650122164328884,0.23711437252483003,0.0003788015999885028,0.23987103166465062
45753367743673777110916066518250620373171499530928405388663259167920621764003,3.0,0.395,3.0,0.238975,0.00019999999999999925,0.172225,0.00017574437339084185,0.242736347447522,0.00012148580239884731,0.23834205498508695,0.00014702635103200292,0.23742882684103037
12418380889098506404224663481882515144927540302705275879685382281536621490200,7.0,0.32,6.0,0.2176,0.0,0.0807,0.00035839540533758887,0.21900297655491166,0.00025842908731515507,0.22008849635923425,0.00029212768371886374,0.2229071682419388
12418380889098506404224663481882515144927540302705275879685382281536621490200,3.0,0.175,3.0,0.14437499999999998,0.0,0.055874999999999994,0.00015052948137560213,0.1493626932340037,0.00012008317001771587,0.1510069166731317,0.0001744984959080412,0.15186903233469878
6042449724272362592986881924092001737916662384945352851572775887883722571643,3.0,0.535,3.0,0.248775,0.00010000000000000018,0.34382499999999994,0.00015910811918962278,0.24993873675329792,9.551340027603091e-05,0.2503306610339567,0.00013212464211340643,0.24876808612142767
8940258762526787663692261857718573943191344130291288304585620531825317607974,14.0,0.745,14.0,0.189975,0.0003487499999999999,0.3110712500000001,0.0007358797271088317,0.19696300533171132,0.0004978981169118488,0.19932464096130303,0.0008056833096941169,0.19835413301679453
8940258762526787663692261857718573943191344130291288304585620531825317607974,7.0,0.175,7.0,0.14437499999999998,0.0003487499999999999,0.011521249999999999,0.0003176692527139414,0.15945361389999868,0.00023862784041371612,0.15581439295552385,0.0003367854737775604,0.15731847178713054
17729640410767428830891271907670356081389789554536307716651081291770350315708,3.0,0.8215,3.0,0.14663774999999998,0.0,0.22484575,0.0001661376928739492,0.14499869700663603,9.864656861506624e-05,0.14920873036637017,0.00019120908041700204,0.14979417413414844
52378310446953465163845338048369876961360578335284428810587513450420811578746,30.0,0.195,30.0,0.156975,0.0016789999999999965,0.42213,0.0013768397652958203,0.2016244950170979,0.0011644286055656956,0.18792113595421467,0.0013025744353672675,0.1826290420201674
52378310446953465163845338048369876961360578335284428810587513450420811578746,14.0,0.405,14.0,0.240975,0.000753999999999998,0.39520500000000003,0.0007259714491113359,0.24693946250776655,0.0005782518454291699,0.24222127711659308,0.0007069405830799461,0.2441653678779555
52378310446953465163845338048369876961360578335284428810587513450420811578746,7.0,0.39,7.0,0.2379,4.0000000000000074e-06,0.38408,0.0003967358947636671,0.2338713083894654,0.00023866028991249724,0.236491387241491,0.0003351807992974365,0.2388096345142781
52378310446953465163845338048369876961360578335284428810587513450420811578746,3.0,0.335,3.0,0.22277500000000003,0.0,0.378741,0.00017753926792089822,0.22791633215830817,0.00012638983751325764,0.22431719340931874,0.00013918421389303438,0.22661263334525855
15150201125006927303530925266095302188276354307820114493059773825564127445663,30.0,0.105,30.0,0.093975,0.002407749999999999,0.004417750000000001,0.0011376904918367087,0.13243137789747192,0.001115771283832208,0.13885725195288645,0.001123863598024829,0.1397343759725226
15150201125006927303530925266095302188276354307820114493059773825564127445663,14.0,0.0555,14.0,0.05241975,0.0010830000000000002,2.5e-07,0.00035287090113297323,0.0812058921674382,0.0003543056095066964,0.0711217773889822,0.00036960688324407686,0.08057876556404123
102631063218637100177348751175973919935465374162774766098903110892066878224102,3.0,0.4,3.0,0.24,0.0,0.14125000000000001,0.00015289806816035691,0.24024682618831825,0.00010463592193337135,0.24132096687329502,0.00015421831404555724,0.24107031558801165
55954094346759063594882554456572178663387691206618113097510839560547795312182,14.0,0.175,14.0,0.14437499999999998,0.0002372500000000009,0.99153175,0.0005778755963303136,0.17813086889582294,0.0005207756468076645,0.16599374943177977,0.0006065060431115509,0.16284649430851783
55954094346759063594882554456572178663387691206618113097510839560547795312182,3.0,0.5,3.0,0.25,8.500000000000459e-06,0.24750850000000008,0.00017421336846082567,0.24897408519264502,0.00010967399728038764,0.2496093702177639,0.00014688413651415928,0.25058202368382354
43034738100990888504256976288531884909924706582954838094278101637680237553662,30.0,0.805,20.0,0.15697499999999998,0.0003999999999999963,0.24092449999999999,0.0009510799806522756,0.17090379269202743,0.0007041505913727322,0.17468718706697145,0.0012528914182510452,0.18100998151763967
43034738100990888504256976288531884909924706582954838094278101637680237553662,14.0,0.625,14.0,0.234375,0.0003999999999999963,0.20737450000000004,0.0007439921652814389,0.2435451341154102,0.0004892969688690366,0.2393375270903787,0.0007740591478386916,0.2357672429695667
43034738100990888504256976288531884909924706582954838094278101637680237553662,7.0,0.425,7.0,0.24437499999999998,0.0003999999999999963,0.18217450000000002,0.00038378695087519163,0.2479443879871351,0.0003043154090885909,0.24679167647722572,0.00033513800743743556,0.24382348486404815
43034738100990888504256976288531884909924706582954838094278101637680237553662,3.0,0.695,3.0,0.21197500000000002,0.0003999999999999963,0.053274500000000016,0.0001687290838541821,0.21477577031594905,0.00011138958125804604,0.21147533914143996,0.00014708775092126084,0.21324862014579846
9961817888390398859475483082791074482132620461530312143029966060096630245314,7.0,0.425,7.0,0.24437499999999998,0.00030000000000000057,0.4050905000000001,0.0004000342925790885,0.24509943647121119,0.00026461230415230773,0.25049759738732463,0.00033222651037060675,0.24503537841435963
9961817888390398859475483082791074482132620461530312143029966060096630245314,3.0,0.365,3.0,0.231775,0.00020000000000000036,0.4025905000000001,0.00017174042544222854,0.23098823452552444,0.00012045236381963785,0.23093466433035598,0.00014056117657236408,0.23117824802677897
102982370594795926465551165513338503688720151395360838811850524398055739613847,30.0,0.35,30.0,0.22749999999999998,0.0011249999999999988,0.149125,0.0015849392669073192,0.23887728140036713,0.0011530452003718577,0.24330510898424274,0.001505636692603858,0.2348027559921025
102982370594795926465551165513338503688720151395360838811850524398055739613847,14.0,0.415,14.0,0.24277499999999996,0.0004999999999999975,0.147125,0.0007622512860405803,0.24506740254942663,0.0005800308113445267,0.24890641116806542,0.000705083624647778,0.24386749677342373
102982370594795926465551165513338503688720151395360838811850524398055739613847,7.0,0.345,7.0,0.22597499999999998,0.00019999999999999925,0.145125,0.000369404292715437,0.22783218626233873,0.0002712549259186359,0.23027809373703717,0.0003681966380098072,0.2298284963344496
102982370594795926465551165513338503688720151395360838811850524398055739613847,3.0,0.395,3.0,0.238975,0.0,0.142625,0.00017534633881322175,0.23983634374217924,0.00010816610883135031,0.2394717121526469,0.00013281497319119498,0.23994427861095835
73021242247669814768467797047971454826736709631839288182980031709359799310807,14.0,0.445,12.0,0.24697499999999997,0.0006250000000000011,0.30904999999999994,0.0006672601337210798,0.24703293040533303,0.00045306075519427856,0.24741036370603453,0.0005787827867853167,0.24535706405918245
73021242247669814768467797047971454826736709631839288182980031709359799310807,7.0,0.43,7.0,0.2451,0.0005250000000000009,0.30842499999999995,0.0004269151724633055,0.2458500946742369,0.00026692539711212134,0.2528420027243682,0.00032199961957227256,0.24408978034666176
73021242247669814768467797047971454826736709631839288182980031709359799310807,3.0,0.445,3.0,0.24697499999999997,0.00020000000000000036,0.30802499999999994,0.0001410155406418119,0.2474289367347098,0.00011813978059346785,0.2465700313272153,0.0001330296650278975,0.24672615419111557
115398480700108494801153059742450217770464747356385312544248721773516157633342,7.0,0.27,6.0,0.1971,0.0007250000000000002,0.6888749999999999,0.00034524759838667124,0.19776221070605668,0.00021461449974737105,0.20275918368003062,0.00032388188602315305,0.19782339229702373
115398480700108494801153059742450217770464747356385312544248721773516157633342,3.0,0.205,3.0,0.162975,0.000625,0.68185,0.00015374965380308728,0.16937208664346998,0.00011447381008294788,0.16801333687355494,0.00015882538890889578,0.16742528198084122
86896598091113340523909402671658927695445861946609552648697714247307211319099,14.0,0.61,14.0,0.2379,0.0003250000000000006,0.39040050000000004,0.0007645106433070281,0.2433664557860286,0.0005367525876320827,0.2473855244084342,0.0007221918022025994,0.23807733428117303
86896598091113340523909402671658927695445861946609552648697714247307211319099,7.0,0.625,7.0,0.234375,0.00020000000000000036,0.3900005,0.0004411037989652033,0.23687237868655994,0.0002660234638337102,0.23598963130596445,0.0003650427181638856,0.23420136466924582
86896598091113340523909402671658927695445861946609552648697714247307211319099,3.0,0.635,3.0,0.231775,0.00010000000000000018,0.3900005,0.00016263068772680766,0.2329910004096353,0.00010330924593986313,0.23472031027933604,0.00017396774729268308,0.23152666938091968
99320318717171949757885130056643709957488056150061908961155755965257732853123,14.0,0.505,9.0,0.249975,0.0001750000000000003,0.17654999999999998,0.0005055366813604686,0.25154785892899545,0.0003460880817154738,0.24828112974945454,0.00047541695754174646,0.2506789991451932
99320318717171949757885130056643709957488056150061908961155755965257732853123,7.0,0.5,7.0,0.25,0.00015000000000000026,0.17654999999999998,0.0003779667275815678,0.2525501191410655,0.00026815707184057715,0.2527695044358882,0.00035194394609897717,0.2504030348681554
99320318717171949757885130056643709957488056150061908961155755965257732853123,3.0,0.475,3.0,0.24937499999999999,2.5000000000000045e-05,0.17614999999999997,0.00017842789244513864,0.24906516556572755,9.836042404667303e-05,0.2514296639714314,0.00011938222356701873,0.24886453002689232
38690377450870300120890577674260360535964272471508582812751825175396161817947,30.0,0.285,29.0,0.203775,0.0011684999999999994,0.06906050000000002,0.001349009462474648,0.21603265451954357,0.001073930529718479,0.21670422179676385,0.0012625545375985247,0.22481173325317877
38690377450870300120890577674260360535964272471508582812751825175396161817947,14.0,0.085,14.0,0.07777500000000001,0.0006685000000000003,0.03686049999999999,0.0004922251431760549,0.11465055747725249,0.0004946821836573618,0.1266149628730818,0.000498144518446651,0.11773580998867467
38690377450870300120890577674260360535964272471508582812751825175396161817947,7.0,0.07,7.0,0.0651,0.0004434999999999999,0.0026105,0.00020679673761157133,0.08976351208486072,0.00018910132945852573,0.09480819119579657,0.00022842137426108217,0.09666193389658458
32918153951387922947576940063260034292998768161845656903772877315628059109154,30.0,0.18,21.0,0.1476,0.0010790000000000005,0.013031500000000003,0.000857959967435818,0.1676516578136784,0.0007824316755984517,0.1814844099439496,0.000842578883327345,0.18269735555137573
32918153951387922947576940063260034292998768161845656903772877315628059109154,14.0,0.185,14.0,0.150775,0.00045400000000000025,0.011181500000000002,0.0006034865461275695,0.17186240937470934,0.0004955370078923204,0.18383510774268091,0.0005577479217394964,0.17425383317284196
32918153951387922947576940063260034292998768161845656903772877315628059109154,7.0,0.145,7.0,0.12397499999999999,0.00010399999999999963,0.010281500000000002,0.0003079626605047519,0.1490847149262271,0.0002872869560765644,0.1451909867640683,0.00029458115836730454,0.1533815977209246
32918153951387922947576940063260034292998768161845656903772877315628059109154,3.0,0.135,3.0,0.116775,4.0000000000000074e-06,0.009481500000000002,9.397695731357268e-05,0.12244667116010063,9.554536732445093e-05,0.12728489112168265,0.00010648704448817416,0.13963148917109194
73510205866448375978164321647457824822309414197359016110940718743916953674850,30.0,0.88,30.0,0.1056,0.0006500000000000012,0.01575,0.0013133860571965222,0.18393823330244966,0.0011296358467909867,0.18501897461800304,0.0016724985011402807,0.1767876402529156
73510205866448375978164321647457824822309414197359016110940718743916953674850,14.0,0.875,14.0,0.109375,0.0005000000000000009,0.013624999999999998,0.0006453868550406808,0.137629374047603,0.000459397416140682,0.15239507680612152,0.0008381546415679362,0.1402048077660899
73510205866448375978164321647457824822309414197359016110940718743916953674850,7.0,0.895,7.0,0.09397499999999999,0.00030000000000000057,0.013224999999999997,0.00026121156281264357,0.13159296016408567,0.0002079076401242415,0.12046488862317688,0.0003307363522645695,0.1209608440557462
73510205866448375978164321647457824822309414197359016110940718743916953674850,3.0,0.885,3.0,0.10177499999999999,0.0,0.013224999999999997,0.0001295230300691968,0.10521301092127526,7.882563020993117e-05,0.112066930847226,0.00010718252548957315,0.10338097243829053
2765219539092768833930001997202398530905127581487671105066083508647807292016,7.0,0.51,6.0,0.2499,0.00012500000000000022,0.22437500000000002,0.00032405617690121235,0.24983421423879584,0.00020906972894873198,0.251971196740278,0.00028248375264861936,0.24974199820779347
2765219539092768833930001997202398530905127581487671105066083508647807292016,3.0,0.43,3.0,0.2451,0.0,0.21875,0.00015040099912377823,0.2449087238299802,0.00012045995036363537,0.24664533816963335,0.00012370002263511817,0.24551688023017385
82297909384979125519654589141914943464614108339688586695577741342335994750456,7.0,0.5,6.0,0.25,0.00020000000000000036,0.35675550000000006,0.0003161584820573054,0.2490840810796438,0.0002278494466159791,0.25246728223149373,0.0002766515396069229,0.24918700094818952
82297909384979125519654589141914943464614108339688586695577741342335994750456,3.0,0.585,3.0,0.24277500000000002,0.00010000000000000018,0.35383050000000005,0.00015355797989540673,0.24277601107950514,0.0001064753897708682,0.24533503919182237,0.00013305420798305758,0.24424921829721835
32269731385104526712828299940639433708722816496644661619223382543040598610510,7.0,0.5,6.0,0.25,2.5000000000000045e-05,0.45847499999999997,0.0003182607027085739,0.25269590985687884,0.0002599654728885619,0.25143663578138087,0.0002961937276832796,0.25008368722910296
32269731385104526712828299940639433708722816496644661619223382543040598610510,3.0,0.685,3.0,0.21577499999999997,2.5000000000000045e-05,0.39485000000000003,0.00014972200503391285,0.21483956058793158,0.000130758780264509,0.21939285650450407,0.00014546089977435854,0.21882295106560967
28774665463932631392072718054733378944250725021214679767633993409918492440355,30.0,0.77,30.0,0.17709999999999998,0.0017910000000000055,0.012401500000000003,0.001545631395600354,0.19806970688041223,0.001132459469299476,0.19670739839322166,0.0017910212655100797,0.2047074502750825
28774665463932631392072718054733378944250725021214679767633993409918492440355,14.0,0.895,14.0,0.09397499999999999,0.0005410000000000034,0.004126499999999998,0.0005445729196757944,0.13331708588355176,0.00045859446805275524,0.13518954039918532,0.0008395924688181496,0.12762929111127877
83527644927648970835156950007024690327726158617181889316317174894904268227846,30.0,0.745,30.0,0.189975,0.0008500000000000015,0.21582500000000002,0.0015223767217338558,0.21201046900202358,0.0012251197775755146,0.2226576971410369,0.0018193753756253416,0.2168820365028467
83527644927648970835156950007024690327726158617181889316317174894904268227846,14.0,0.745,14.0,0.189975,0.0004250000000000008,0.1937,0.0007760519958963158,0.19880546958622752,0.0005325517441967228,0.1967994615064289,0.000799961152524608,0.19544005197825698
83527644927648970835156950007024690327726158617181889316317174894904268227846,7.0,0.805,7.0,0.15697499999999998,0.0004250000000000008,0.14210000000000006,0.00039752752486716655,0.16408677895854004,0.0002586961791105818,0.16696890883588933,0.0003960825158325615,0.1713034147842152
83527644927648970835156950007024690327726158617181889316317174894904268227846,3.0,0.915,3.0,0.07777499999999997,0.0002250000000000004,0.13000000000000006,9.200202320777587e-05,0.08197872908096919,7.578813597869754e-05,0.09059665836102021,0.00013446978497565107,0.0917458059057229
47060861968389645577251408086188258199430417779776802737050665875266354301946,30.0,0.095,31.0,0.08597500000000001,0.0005122499999999998,0.006377249999999999,0.0011170482221957222,0.14268993664595345,0.0010516141823012437,0.15424085050472747,0.0011262664437408807,0.13388022242168499
47060861968389645577251408086188258199430417779776802737050665875266354301946,14.0,0.105,14.0,0.093975,1.2250000000000022e-05,0.00597725,0.0005806697033300165,0.13809805950897894,0.0005062584761757442,0.14712814729408363,0.0005710615256163715,0.14731429048817785
47060861968389645577251408086188258199430417779776802737050665875266354301946,7.0,0.105,7.0,0.093975,1.2250000000000022e-05,0.00597725,0.00027860946853970473,0.13569690803601311,0.000245597823289042,0.11758537992576258,0.0002780599938352254,0.11949135255635646
77794124883872795123205870307960584388653263576208757179922401452737988727574,7.0,0.725,6.0,0.199375,0.00020000000000000036,0.06047500000000001,0.00033408132267483446,0.20024290246518248,0.00023942653903727098,0.20793306607103343,0.00031789994822118426,0.2026515080926279
77794124883872795123205870307960584388653263576208757179922401452737988727574,3.0,0.775,3.0,0.17437499999999997,0.0,0.057975,0.00016268672655075022,0.17456997926588452,0.00010394504655404534,0.17918284365003984,0.00015078547213715466,0.17528972661054176
31973687607106606328532719297320986653385741832896208360942101167750266344121,30.0,0.18,30.0,0.1476,0.001025000000000001,0.06617499999999998,0.001163645338875343,0.17659760407284794,0.0011033305753489597,0.1863008434193917,0.0012387608650369997,0.17413421980885657
31973687607106606328532719297320986653385741832896208360942101167750266344121,14.0,0.17,14.0,0.1411,0.0005750000000000003,0.013075000000000003,0.0005651908723097267,0.16633563916941213,0.0004913873239842685,0.16487249764742493,0.000601745401914584,0.17799384214182296
31973687607106606328532719297320986653385741832896208360942101167750266344121,7.0,0.125,7.0,0.109375,0.00030000000000000024,0.008125000000000002,0.0002771673604469319,0.14021933780961543,0.0002687142060617407,0.12871894988297897,0.0003012394484743431,0.138588153694144
31973687607106606328532719297320986653385741832896208360942101167750266344121,3.0,0.105,3.0,0.093975,0.00010000000000000018,0.008125000000000002,9.136132462802269e-05,0.10809826704873561,7.366396831207873e-05,0.10226996548119165,7.30295561191929e-05,0.10879769422455303
103177127930055330392441373349372732434896433945295434937281341249293735506094,30.0,0.255,30.0,0.189975,0.0007297500000000004,0.19247725000000007,0.0013773918821356334,0.21141115201947677,0.0012196656692604704,0.20984171926056694,0.0013455070215510543,0.20470739307656075
103177127930055330392441373349372732434896433945295434937281341249293735506094,14.0,0.415,14.0,0.24277499999999996,0.0006047500000000001,0.04085225,0.0007945308093753327,0.2449857851976346,0.0005641234425369421,0.24697539636049734,0.0006703113787336505,0.24275622456810897
112161997404354990363022967662407961042412027168520117029513197324952973126791,7.0,0.245,6.0,0.184975,3.2500000000001726e-06,0.20019425000000002,0.0003028085321466488,0.18963214068327716,0.00023950899702597248,0.1881827473233106,0.00032597530302170207,0.19119973607870072
112161997404354990363022967662407961042412027168520117029513197324952973126791,3.0,0.81,3.0,0.15389999999999995,3.2500000000001726e-06,0.03496924999999998,0.00015734780933607907,0.15523831457741166,0.0001139597991349843,0.15589918448262272,0.0001726644464662466,0.1578121021797535
19596013706545243172004925194426210512996682054818484708705241910288403326488,7.0,0.325,7.0,0.21937500000000001,0.00039999999999999964,0.13322499999999998,0.0003971048139742879,0.22403425843087382,0.0002958546812539083,0.2241560432581948,0.0003428190218659048,0.2154144515522562
19596013706545243172004925194426210512996682054818484708705241910288403326488,3.0,0.355,3.0,0.22897499999999998,0.00010000000000000018,0.13322499999999998,0.0001609267610886431,0.22915881249568432,9.303919357933601e-05,0.2344517848819929,0.00012009029792803062,0.22831497144972357
55077078407168892309623445418506413734096656675625332543892705124420249768538,30.0,0.445,21.0,0.24697499999999997,0.0006249999999999984,0.24031050000000004,0.0010877177285419184,0.24970096438447162,0.0008545333562477325,0.24951958264368732,0.0011004841700797588,0.24666499357271277
55077078407168892309623445418506413734096656675625332543892705124420249768538,14.0,0.34,14.0,0.2244,0.00012499999999999968,0.20038550000000002,0.00072368932356147,0.22990513837413765,0.0005678630620142837,0.22786946485685683,0.0006761348312390313,0.2272862312556152
55077078407168892309623445418506413734096656675625332543892705124420249768538,7.0,0.44,7.0,0.24640000000000004,5.000000000000009e-05,0.1931605,0.00037912447907041013,0.24755243129470622,0.0002816393427134464,0.24978350557826068,0.0003404943852321286,0.2492822155023896
71234839178991605382801314059946316250218609059082410958894693704291672758572,30.0,0.081,30.0,0.074439,0.00098225,2.25e-06,0.000990152982026552,0.1246976538130225,0.0009225562401028453,0.11679615216106738,0.0009867972486212499,0.12918339707350174
38395918010520978899797626761091167898729265315430312016987396474553128603767,7.0,0.65,6.0,0.22749999999999998,0.0002250000000000004,0.04497500000000001,0.00032438022764191333,0.227681368189452,0.00024615513175353887,0.231865593449883,0.00027908093981171913,0.2265217004541715
38395918010520978899797626761091167898729265315430312016987396474553128603767,3.0,0.77,3.0,0.17709999999999998,0.0,0.03945000000000001,0.00016131663081943691,0.1806343828574257,0.00011085445383027399,0.18203089210848425,0.0001658417326210284,0.18048852178502892
107390049390358131192470382018885046753276046579323899532999151577054727204097,30.0,0.095,30.0,0.08597500000000001,0.0015344999999999994,0.026547000000000005,0.001096293003014449,0.13386798719188386,0.0010225917746532782,0.1287970068255069,0.0010679149967562707,0.13625366566141892
107390049390358131192470382018885046753276046579323899532999151577054727204097,14.0,0.105,14.0,0.093975,0.0011844999999999998,0.026547000000000005,0.000540776631337361,0.13058901983515053,0.000489464058765581,0.1256586528405116,0.0005859778398010219,0.13641231117358232
107390049390358131192470382018885046753276046579323899532999151577054727204097,7.0,0.135,7.0,0.116775,3.4500000000000046e-05,0.026547000000000005,0.00032680625604904467,0.13714898393971178,0.0002654937314369704,0.14846387621367588,0.0002728328221054755,0.1254340884489541
76430088308493460494891335845203272510723451292248221729565378437032576762940,30.0,0.225,30.0,0.174375,0.0009250000000000007,0.05585,0.0012532030777904963,0.19119932614169027,0.0011802713081254584,0.20720985544499815,0.0012854166596647234,0.2022938818816084
76430088308493460494891335845203272510723451292248221729565378437032576762940,14.0,0.235,14.0,0.179775,0.00020000000000000036,0.055224999999999996,0.000596160642355667,0.18799568713735076,0.0005062594092392605,0.19832036230026082,0.0006248656414136032,0.1938156460948949
76430088308493460494891335845203272510723451292248221729565378437032576762940,7.0,0.235,7.0,0.179775,0.00020000000000000036,0.055224999999999996,0.00033351361358066454,0.1855384234074327,0.00027582284513652663,0.18243768871920327,0.0003374455119283617,0.1856235535495854
76430088308493460494891335845203272510723451292248221729565378437032576762940,3.0,0.245,3.0,0.184975,0.00010000000000000018,0.055224999999999996,0.00014484847894309535,0.18342265612184805,0.00014126837408741925,0.19056642694187015,0.0001620113565927694,0.1860280036665417
92488220621909882531791113518945145991276504934055990507865455181231063950386,30.0,0.125,24.0,0.109375,0.0004000000000000002,0.7436655000000001,0.0009764178321106069,0.1550133407095298,0.000913987506366877,0.1694041543542025,0.0009883455215929282,0.16101358139228134
92488220621909882531791113518945145991276504934055990507865455181231063950386,14.0,0.145,14.0,0.12397499999999999,0.00010000000000000018,0.6430655000000002,0.0006013607846001593,0.15727208174992408,0.0004862960600166366,0.16515455625015588,0.0006013499983491907,0.16452246708006663
92488220621909882531791113518945145991276504934055990507865455181231063950386,7.0,0.67,7.0,0.2211,0.0,0.5618905000000001,0.00037427727629213176,0.2218431708439497,0.00028751500085332215,0.22459241243094524,0.00034483585786564483,0.23031898374988713
71469751855570813499129995308172213702469681864570251763930878987927770993809,7.0,0.395,6.0,0.238975,0.0002250000000000004,0.1011,0.0002956015799203642,0.2406033848147256,0.00022952005988367038,0.24022601026011153,0.00028214952435603286,0.2394036621625503
71469751855570813499129995308172213702469681864570251763930878987927770993809,3.0,0.325,3.0,0.21937500000000001,0.00010000000000000018,0.098075,0.00016450424251480335,0.2183454011582571,0.00010908690330513653,0.22094508140381172,0.00014609332252044506,0.22120581563058134
32824586942886977118705545511095691538640461803676032246448220550592225994189,7.0,0.79,6.0,0.1659,0.0004250000000000008,0.014074999999999992,0.00033405289414299195,0.17003264114648345,0.00025867725977400116,0.17512591849398768,0.00033021625752713404,0.16986835528639294
32824586942886977118705545511095691538640461803676032246448220550592225994189,3.0,0.84,3.0,0.13440000000000002,0.00010000000000000018,0.012049999999999998,0.00018203198816007127,0.13615159406110552,0.0001199396994695344,0.1430602269714855,0.00019204037938385092,0.13694820725130555
57836021651272201024395061362837544032492071651209432270165274711479547136494,7.0,0.345,5.0,0.22597499999999998,0.00019999999999999925,0.10562500000000001,0.00023840120648805654,0.2262463404576846,0.00019455525321230454,0.22816324417182926,0.0002454711930436363,0.22629058457671697
57836021651272201024395061362837544032492071651209432270165274711479547136494,3.0,0.335,3.0,0.22277500000000003,0.00010000000000000018,0.10562500000000001,0.0001719677137506407,0.2243466388909188,9.96501763559773e-05,0.22336681100695485,0.00013162090990389484,0.2231110155040824
109027609951989526893628757693490068717900103024949393927658066962316915180001,30.0,0.62,30.0,0.2356,0.0010250000000000018,0.266725,0.0016023013299804876,0.2496426617724711,0.0011675628368118807,0.2614139366379557,0.0016835022438377735,0.24293265066715897
109027609951989526893628757693490068717900103024949393927658066962316915180001,14.0,0.635,14.0,0.231775,0.00045000000000000075,0.265025,0.0008404761222435361,0.24232362921652975,0.0005137752347645794,0.245006004258929,0.0007394443142432965,0.2337269967036625
109027609951989526893628757693490068717900103024949393927658066962316915180001,7.0,0.625,7.0,0.234375,0.00020000000000000036,0.265025,0.00038227250866906565,0.23772213014982735,0.00028072033970157545,0.23624933453361932,0.00034929534772464683,0.236834323664966
109027609951989526893628757693490068717900103024949393927658066962316915180001,3.0,0.635,3.0,0.231775,0.00010000000000000018,0.265025,0.0001530378635782274,0.23399593558797208,0.00010042876445863334,0.23382926407295543,0.00015561036003549077,0.23178967911855325
67690680751849665494092550253588806561736664761188308181080530798193480370395,7.0,0.605,5.0,0.238975,0.0002250000000000004,0.36,0.00029781198136317756,0.24101777217014209,0.00017820173903901584,0.2432099515549868,0.00020489901933709795,0.23900725398006628
67690680751849665494092550253588806561736664761188308181080530798193480370395,3.0,0.615,3.0,0.236775,0.00012500000000000022,0.36,0.00017812287035782508,0.23862593164177304,0.00013692908884510566,0.23640328188388146,0.0001403812603359687,0.2363925447873519
30129433382671659617443775893233310525995405130386793481517058306210847037287,30.0,0.07,30.0,0.0651,0.0011585000000000002,0.0006250000000000001,0.0009108359123333964,0.10970172344749429,0.0007844568211220596,0.11203619600490153,0.0008653457948419903,0.10499419439946919
6799005276435682712623693239755396269681578810890663972085927426153228804882,30.0,0.255,26.0,0.189975,0.00042499999999999916,0.034253500000000006,0.001188362147897216,0.19547708779380407,0.0010006781494924055,0.2156636761196934,0.0012069866104272191,0.20780623692530178
6799005276435682712623693239755396269681578810890663972085927426153228804882,14.0,0.255,14.0,0.189975,0.00030000000000000003,0.022478500000000002,0.0006450557934791697,0.19677767219707007,0.0004751680569826712,0.19915272251552246,0.0006100068637101474,0.19194087458473966
6799005276435682712623693239755396269681578810890663972085927426153228804882,7.0,0.06,7.0,0.05639999999999999,0.000225,0.0037285,0.00019255172629811232,0.07026202959054915,0.0001738931941357274,0.08020432692217465,0.00020977796766701967,0.07745400054765525
6799005276435682712623693239755396269681578810890663972085927426153228804882,3.0,0.075,3.0,0.069375,0.0,0.0029284999999999997,8.86091896829897e-05,0.09350470897711087,7.672584055648391e-05,0.08550085853333991,9.306061473544436e-05,0.09738250198612487
25788984364015292223605977307142748201985724991469784186655292374059222006895,7.0,0.0745,7.0,0.06894974999999999,0.00025300000000000046,0.32968474999999997,0.00023275656926414993,0.09737929985969482,0.0002116988133894311,0.10167743877370194,0.00021145848351240826,0.09733278048834874
67568137424141056250558274728822395908557717387256327310879509847670732094952,7.0,0.575,6.0,0.244375,0.00025000000000000044,0.14552500000000002,0.0003672309790729085,0.24262458357638678,0.00019593503477802795,0.2448246395398833,0.0002673246588398017,0.24569271494328176
67568137424141056250558274728822395908557717387256327310879509847670732094952,3.0,0.575,3.0,0.244375,0.00020000000000000036,0.14552500000000002,0.00018088479242338502,0.2441053369472536,0.00010524315453510189,0.24301599861357062,0.00014793277706441618,0.2443916031118988
26732297900734713331000658095838470993110776495638167995294641483174223246359,7.0,0.65,6.0,0.22749999999999998,2.5000000000000045e-05,0.462375,0.00034096445037873016,0.229890795858557,0.00023347692489133663,0.2274894879982463,0.0003116277024724632,0.22620396876631055
26732297900734713331000658095838470993110776495638167995294641483174223246359,3.0,0.64,3.0,0.2304,2.5000000000000045e-05,0.455475,0.00015945461497547244,0.23455550646982723,0.0001202183911163568,0.23635213002269215,0.00013798242024417353,0.2285777092143996
33402623887713499464637381593495383528874963126704601554073373188920614128317,7.0,0.5,6.0,0.25,0.0,0.23515,0.0003294940323716353,0.24968926716257334,0.0002342788071603183,0.24984745047007484,0.0002737061685786871,0.24849355268280215
33402623887713499464637381593495383528874963126704601554073373188920614128317,3.0,0.51,3.0,0.2499,0.0,0.23025,0.0001802577504020504,0.24984594763039625,0.00011458865270276438,0.25167737533996326,0.00013503004865768496,0.24976924987252075
94162102329418717973462361294908900639437688033844555384445599824447775159975,7.0,0.36,6.0,0.2304,0.0004999999999999976,0.5187500000000002,0.0003413896520410087,0.23193767246853342,0.00023943232435619366,0.23499527529155462,0.0002982110192019018,0.231020264770245
94162102329418717973462361294908900639437688033844555384445599824447775159975,3.0,0.335,3.0,0.22277500000000003,0.0004999999999999976,0.5128250000000002,0.0001577370986164377,0.2238246495652629,0.00010593239166670719,0.2216225279658558,0.0001497940811872415,0.2255249953906379
112434828665041337854033745240098052999773438249964130665844574663228374653496,30.0,0.465,33.0,0.24877499999999997,0.0006519999999999997,0.13080150000000004,0.0017605687100955996,0.24736088175912882,0.001302958004952027,0.2555238645995723,0.001797089517751832,0.258618292802738
112434828665041337854033745240098052999773438249964130665844574663228374653496,14.0,0.51,13.0,0.2499,0.0006519999999999997,0.11927650000000001,0.000749798537515895,0.25663864802787634,0.0005357774295115517,0.2536196060812522,0.0005841662115891536,0.2547240432115746
112434828665041337854033745240098052999773438249964130665844574663228374653496,7.0,0.065,7.0,0.060775,0.0004270000000000001,0.002626500000000001,0.00019343743359565883,0.08650785020057164,0.0002029019646655917,0.09057290934530204,0.00022333522749341196,0.09224259046879082
54394745064456808468111046627692120964341489000255950997683259677845835157368,7.0,0.3,6.0,0.21,0.0006499999999999985,0.22544999999999998,0.00031379043725823026,0.21653734116510723,0.00024269042059397018,0.2120528164134382,0.0003480406798345788,0.2107291822134745
54394745064456808468111046627692120964341489000255950997683259677845835157368,3.0,0.285,3.0,0.203775,0.0003999999999999985,0.22422499999999998,0.000177538946976242,0.20681362926406618,8.206870806701226e-05,0.20438933623952704,0.0001398081127369572,0.20620023265666262
21484687121848686656655589707363818796614714096018493290756372403371180191710,30.0,0.19,30.0,0.1539,0.0004224999999999999,0.21940549999999995,0.0012975193804625105,0.18210880829014114,0.001203687283168626,0.19161137569462888,0.001273746490718351,0.1812756833935757
65764753688143016983294497100440298277585437652399725714764558979814196484842,14.0,0.74,12.0,0.19240000000000002,0.0002250000000000004,0.07652500000000001,0.0006026607244181945,0.19939404537816918,0.00044195411177248964,0.1998127448687817,0.0006689276860558352,0.19822357484661587
65764753688143016983294497100440298277585437652399725714764558979814196484842,7.0,0.75,7.0,0.1875,0.00012500000000000022,0.07652500000000001,0.0003877463805695945,0.18955279764755986,0.0002509863807239482,0.19265396161351453,0.00039783906052059676,0.19035816284764187
65764753688143016983294497100440298277585437652399725714764558979814196484842,3.0,0.745,3.0,0.189975,0.00010000000000000018,0.07652500000000001,0.00017533976117153145,0.19257573771291503,0.00012738830269671332,0.19318593028481376,0.00015311527869826987,0.1946772436943548
52847255866370915113405937303009521237118122072352357309212933266137594556449,14.0,0.43,13.0,0.2451,0.0003250000000000006,0.44819050000000005,0.0007679579434174509,0.24864733013010076,0.0005120056694177031,0.24602954011551215,0.0006810329973300857,0.2453457417494623
52847255866370915113405937303009521237118122072352357309212933266137594556449,7.0,0.61,7.0,0.2379,0.0003250000000000006,0.4029905000000001,0.0003675721655749105,0.23694203041532141,0.0002483164346253081,0.2410578269665089,0.0003321554778768469,0.23823653536663245
52847255866370915113405937303009521237118122072352357309212933266137594556449,3.0,0.605,3.0,0.238975,0.00010000000000000018,0.4029905000000001,0.00015763341109088032,0.23831252742645512,0.00011805384175023413,0.23826746859226308,0.00012987391135472638,0.2383217634053575
51982724881285094739009623786153507099259754353883058632205314962929331504224,7.0,0.415,7.0,0.24277499999999996,0.00045000000000000075,0.392225,0.00039699432376443097,0.24575877520323025,0.0002818241085295011,0.244383931603358,0.00031932403370295943,0.24319287856155852
51982724881285094739009623786153507099259754353883058632205314962929331504224,3.0,0.395,3.0,0.238975,0.00020000000000000036,0.390625,0.00015854539615236442,0.23969296505874532,9.257784183433346e-05,0.24123976926671006,0.00015428943281496152,0.23902171153556012
53871633335167331381496610223935454092870300767345148980378687384833698626530,7.0,0.28,6.0,0.2016,0.0,0.332,0.00035119450681816934,0.2028263748600164,0.0002304993093959537,0.2055969175660352,0.00030161419321426925,0.20101364348878853
53871633335167331381496610223935454092870300767345148980378687384833698626530,3.0,0.435,3.0,0.24577499999999997,0.0,0.32377500000000003,0.00015080377374538628,0.245085110574057,9.799087167915446e-05,0.24756666590843449,0.00013797817932251325,0.2450799731599121
16750430841750281964633473509969688050218091484828573447113986659081710343189,30.0,0.155,27.0,0.130975,0.0013047500000000001,0.01108125,0.0010972084132175634,0.17597466096742814,0.0010037319257797462,0.16735276191927614,0.0010678538249480382,0.16156612690284378
109097593723834860977466902606780660853528686081320280860347028728942311685209,14.0,0.46,12.0,0.24840000000000004,0.00015000000000000029,0.156,0.000655112273766736,0.24557326394149556,0.00046337640369017454,0.2521403256049057,0.0006252492745774188,0.25145676057439537
109097593723834860977466902606780660853528686081320280860347028728942311685209,7.0,0.545,7.0,0.247975,0.00012500000000000022,0.15034999999999998,0.0003774406513438633,0.24744995656360622,0.0002708357592184619,0.25161275834910274,0.0003203659973973855,0.2472284856562861
109097593723834860977466902606780660853528686081320280860347028728942311685209,3.0,0.575,3.0,0.244375,0.00010000000000000018,0.149125,0.0001711899797360703,0.24694342810668757,0.00011434645713469782,0.24573538357801808,0.00013718997531548548,0.2455694685555334
110685453135299924591630149473529665994132772243041725681323799510474856345343,7.0,0.39,7.0,0.2379,0.0,0.07551949999999998,0.0003992385674109364,0.24117408942381555,0.00022107359850127444,0.23678824354358372,0.0003482585643875556,0.23597309645539247
110685453135299924591630149473529665994132772243041725681323799510474856345343,3.0,0.315,3.0,0.21577500000000002,0.0,0.0364945,0.00017490463111470645,0.21878204025335285,0.00010811214955988832,0.21766612353431028,0.00014484972777540196,0.2207575105819048
62714570878257649619659356909770618496133386495527296744337304814607638065503,14.0,0.5,13.0,0.25,0.0005250000000000009,0.24453050000000007,0.0007163968604687568,0.24950285380591666,0.000499512239336959,0.2590094496146799,0.0006656360639932499,0.2494656213015878
62714570878257649619659356909770618496133386495527296744337304814607638065503,7.0,0.495,7.0,0.249975,5.000000000000009e-05,0.24453050000000007,0.0003974170928557758,0.2533408945079109,0.0002564500863540658,0.25300952358188655,0.0003104753619273425,0.2501692983121862
62714570878257649619659356909770618496133386495527296744337304814607638065503,3.0,0.495,3.0,0.249975,5.000000000000009e-05,0.24453050000000007,0.00015741780365091846,0.2502591216334736,0.00010561078350954926,0.24995355687371007,0.00012077372595276529,0.2504185202366988
83560106452762344873795945254468734912699674577206871865592843350659918891945,7.0,0.075,6.0,0.069375,0.00017425000000000166,0.36165825,0.0001575323671487032,0.11192737209200804,0.0001517796278954788,0.08082716382313433,0.0001850634881541578,0.09258097109706281
83560106452762344873795945254468734912699674577206871865592843350659918891945,3.0,0.5925,3.0,0.24144374999999998,1.800000000000003e-05,0.16080125000000003,0.0001760632843325786,0.24140754334358847,0.0001135664248945598,0.24068978298917748,0.00013822484387950476,0.2404365410107539
31702779952643711436403003744164975686840841256098598378973796807241370636110,7.0,0.585,6.0,0.24277500000000002,1.82500000000002e-05,0.5228312500000001,0.000310745678767647,0.2471290434152121,0.00023373498715368714,0.24379840423039617,0.0002801831513188654,0.24455065501764914
31702779952643711436403003744164975686840841256098598378973796807241370636110,3.0,0.885,3.0,0.10177499999999999,1.82500000000002e-05,0.011881249999999998,0.00010353769926322512,0.1129259615685929,9.987074665231431e-05,0.1056765329466526,0.00013508940685576576,0.10664002994752096
14075342455256696343142948571883368804633522201826006566199713974792649219257,7.0,0.51,6.0,0.2499,0.00012500000000000022,0.17527500000000001,0.000331797420673094,0.25166192333384374,0.0001966543831753264,0.24997553442455403,0.0002812627432231561,0.25013475122880807
14075342455256696343142948571883368804633522201826006566199713974792649219257,3.0,0.52,3.0,0.2496,2.5000000000000045e-05,0.174875,0.00016743424136924514,0.2491007573891109,9.992107666043852e-05,0.2503290273664503,0.00013775620973365246,0.2497534391116642
55817201584479912312720142395564785578289458474649701906804924088458846885928,3.0,0.685,3.0,0.21577499999999997,0.00029999999999999385,0.4830249999999999,0.00017088542814772684,0.21681452074638016,0.00010330844827922142,0.21631776491286697,0.00014128549818434542,0.21768460336403675
20099240131435270101243886986764622431137880237564542574320666248714205282967,30.0,0.135,30.0,0.116775,0.0018157500000000003,0.010799750000000002,0.0011906765300010785,0.15809745864945712,0.0010959267647509853,0.16173403280214424,0.001182816274492283,0.17470777989996733
14199212569863976541165240497836603109354451747519471965245480949207679185215,3.0,0.285,3.0,0.203775,0.0003999999999999985,0.07022500000000001,0.00019147114187968495,0.20599941977024838,0.00010835537543646591,0.20387629787000644,0.0001586686943659276,0.20635592325898344
90136725712515143196414609721582845740574932050949368617965803462978935329084,30.0,0.075,30.0,0.069375,0.0004000000000000001,0.060024999999999995,0.0009667884338089033,0.12141034160063785,0.0008773388520378364,0.11759038720590889,0.000930037521053052,0.12052700998199394
90136725712515143196414609721582845740574932050949368617965803462978935329084,14.0,0.065,14.0,0.060775,0.0002500000000000001,0.060024999999999995,0.00040407100163585593,0.09566797377440416,0.0004004147585418853,0.08413349511227043,0.000420562233010744,0.07380442195490161
90136725712515143196414609721582845740574932050949368617965803462978935329084,7.0,0.055,7.0,0.051975,0.00015000000000000007,0.060024999999999995,0.00020948221061232162,0.07867175746332392,0.0001783834942702323,0.07642654744794744,0.00019716380458522772,0.07701405302109028
90136725712515143196414609721582845740574932050949368617965803462978935329084,3.0,0.165,3.0,0.137775,0.0,0.047924999999999995,0.0001418659905144069,0.1437408164802879,0.00010643242725923183,0.14021161598756884,0.00015880386957414907,0.14835551195924837
8191778217740805061157528874525072296012094457901803572928378141170226694615,30.0,0.065,22.0,0.060775,0.0008537500000000001,0.010593749999999999,0.0006929193342278441,0.11191870075443894,0.0006708948035579938,0.09937557994595222,0.0006262622638517668,0.09341851148127624
8191778217740805061157528874525072296012094457901803572928378141170226694615,14.0,0.0635,14.0,0.05946775,0.00043599999999999997,0.0013022500000000002,0.00042448816740714847,0.0837256756521165,0.0003889611320749549,0.0877916072723946,0.0004379740459154678,0.08539529985102763
115716410038051954858122996383598541941611892010761741648786542765667470135972,30.0,0.325,21.0,0.21937500000000001,0.0008815000000000003,0.029354500000000002,0.00101935681460129,0.22488635496253423,0.0007580287992751094,0.22515665683957978,0.001005395640936148,0.23565311118836094
115716410038051954858122996383598541941611892010761741648786542765667470135972,14.0,0.155,14.0,0.130975,0.0008815000000000003,0.007054500000000002,0.000550415579836691,0.14221008900688448,0.000550768040104303,0.15388910229646008,0.0005530556912529637,0.1556376817593685
15412820879320391858156333987829300649781722500373210651234182584484133033259,30.0,0.075,30.0,0.069375,0.0015597499999999995,0.05613175,0.0009258393644011932,0.1256422530908959,0.000967344756950811,0.13465846586429564,0.0009908658365229523,0.1156695071548296
15412820879320391858156333987829300649781722500373210651234182584484133033259,14.0,0.085,14.0,0.07777500000000001,0.0011717499999999996,0.05613175,0.0005327073225177359,0.1217364575749216,0.0004623780851255241,0.12342847888160477,0.0005065932176003853,0.11490371754338105
15412820879320391858156333987829300649781722500373210651234182584484133033259,7.0,0.092,7.0,0.083536,0.0004335,0.055579500000000004,0.0002575700056317807,0.12361711666123565,0.0002369982150174144,0.10995942042018918,0.0002515667515831574,0.10141332465633056
15412820879320391858156333987829300649781722500373210651234182584484133033259,3.0,0.075,3.0,0.069375,4.899999999999989e-05,0.055579500000000004,7.874968774045255e-05,0.08828593505015349,8.046452461872431e-05,0.08350544189462474,8.654748376793665e-05,0.08578290822597623
73247571006255574285385183553023235681702880602976519365262465179094676130340,30.0,0.675,30.0,0.219375,0.0012499999999999935,0.45562500000000006,0.0015659884405700682,0.23509994913513352,0.0011227216044901811,0.22743373203879094,0.0017305737216006146,0.2292338388563867
73247571006255574285385183553023235681702880602976519365262465179094676130340,14.0,0.695,14.0,0.21197500000000002,0.0007499999999999936,0.45562500000000006,0.000773773478430615,0.22017739940580067,0.0005414959562820981,0.22572501658849958,0.0007516227275875956,0.21969009978823045
73247571006255574285385183553023235681702880602976519365262465179094676130340,7.0,0.695,7.0,0.21197500000000002,0.00014999999999999915,0.45562500000000006,0.00036984421220036213,0.21436352992222404,0.0002540115076638218,0.21433005189293197,0.0003255669222391891,0.20768860709010412
73247571006255574285385183553023235681702880602976519365262465179094676130340,3.0,0.685,3.0,0.21577499999999997,0.00010000000000000018,0.45562500000000006,0.00016449760001740747,0.22014919807395397,0.00011778855257281173,0.21853524779514907,0.00014810023285200658,0.21847495207614892
5179050416810972233190180128962430176367584751120567361371718193501469856190,7.0,0.675,6.0,0.219375,0.00010000000000000018,0.267575,0.00034534093407665193,0.22463917818327708,0.00021498474861654044,0.22252579679126597,0.0003100153760597006,0.22302177510088284
5179050416810972233190180128962430176367584751120567361371718193501469856190,3.0,0.63,3.0,0.2331,0.00010000000000000018,0.26555,0.00015002273563885277,0.23388040368321694,0.00012730310756815027,0.2380481073324193,0.00013026439612189163,0.23399482505942817
27338537769277492800208867034767005297800264460304054658171050325198222001675,14.0,0.145,11.0,0.12397499999999999,0.0009499999999999993,0.35282300000000005,0.0005055647712371856,0.15802902936899607,0.00038157979658957864,0.14825904187805666,0.0005106960398093205,0.15713478423649785
27338537769277492800208867034767005297800264460304054658171050325198222001675,7.0,0.125,7.0,0.109375,0.0004999999999999998,0.35282300000000005,0.00028203427828592953,0.14629100325082306,0.00023018582774549898,0.14791986173469546,0.00030794010624175263,0.14302281648536194
27338537769277492800208867034767005297800264460304054658171050325198222001675,3.0,0.17,3.0,0.1411,0.0,0.350598,0.00015401213465528985,0.14487059758428342,0.00010154097640507026,0.14208804634609004,0.0001469771097382101,0.14706808296897425
79705436636321200807560966867198687618363914541417061977757621554406837778296,14.0,0.0715,14.0,0.06638775,0.0007357500000000001,0.309796,0.0004564804191140291,0.09713434159793641,0.000462037641377121,0.1017956886107197,0.00046971280344913644,0.09248153398703138
79705436636321200807560966867198687618363914541417061977757621554406837778296,7.0,0.053,7.0,0.050191,0.0001542499999999999,0.30856775000000003,0.0001745067529547796,0.06420693858420529,0.00018830463754183107,0.0790350664951684,0.0001973118192697839,0.07553624740243721
79705436636321200807560966867198687618363914541417061977757621554406837778296,3.0,0.19,3.0,0.1539,0.0,0.2983465,0.00017677654665340748,0.1561702753408851,0.00011380212674275668,0.154309575113913,0.00016776677464924294,0.16286685303050105
5031084282167950494806674428243037744881029417420880897305642929037077494331,3.0,0.054,3.0,0.051084,0.00030350000000000006,0.0017640000000000002,6.704418096564472e-05,0.06294367920883795,7.289749997875999e-05,0.07453992757916046,7.971239907829232e-05,0.0660100208492225
71478424707380487699025895098550370420510667058289851133693351951484982032805,30.0,0.23,26.0,0.1771,0.0005999999999999989,0.4137695,0.0011476520866104008,0.1969538725994775,0.00099845383327314,0.20007935830563664,0.0011775571687517804,0.21451638434896061
71478424707380487699025895098550370420510667058289851133693351951484982032805,14.0,0.115,14.0,0.101775,0.00044999999999999863,0.3935945,0.0005605895942068798,0.14109655806588525,0.0005154422503331191,0.12716634840426658,0.0005761451289479386,0.14065397371610808
71478424707380487699025895098550370420510667058289851133693351951484982032805,7.0,0.4,7.0,0.24,0.00042499999999999857,0.36769450000000004,0.0003745406330483414,0.24520078355386254,0.0002871002547112691,0.24247803557294556,0.0003087639161270179,0.24363065945015927
71478424707380487699025895098550370420510667058289851133693351951484982032805,3.0,0.3,3.0,0.21,0.0,0.3583695,0.000169289594175472,0.21076025215820202,0.00011435029789231475,0.2101042274361092,0.0001445039554039068,0.21199750484652838
12502520854540172115841697234430430832879691227208438610016613580542855718173,7.0,0.33,6.0,0.2211,0.00012500000000000022,0.3441405,0.0003040288490811041,0.22157147600240093,0.00022523239209796202,0.22183082526356696,0.0002821187929383856,0.2241107746718673
12502520854540172115841697234430430832879691227208438610016613580542855718173,3.0,0.375,3.0,0.234375,0.0,0.3432405,0.000171552841760057,0.2339157788282882,0.00012018300676224042,0.23586743183005685,0.0001330436033979247,0.23581884598563313
82930050367767323602185033959522193504232064039705778455362784267890724471276,30.0,0.28,30.0,0.2016,0.001049999999999998,0.08325,0.001443511374152393,0.22722894866623847,0.0011104558975581452,0.2289757796365968,0.0014254456603018692,0.22991218219347906
82930050367767323602185033959522193504232064039705778455362784267890724471276,14.0,0.255,14.0,0.189975,0.0006,0.082625,0.0005900650953803622,0.19663271515294245,0.0004999444572646886,0.20385739201393335,0.0005773071037052252,0.20782841957068293
82930050367767323602185033959522193504232064039705778455362784267890724471276,7.0,0.305,7.0,0.21197500000000002,0.0003999999999999996,0.08012500000000002,0.00037248739895865947,0.20915695526699615,0.0002481383922463314,0.2126005987318785,0.0003645777011271765,0.21773469121172617
82930050367767323602185033959522193504232064039705778455362784267890724471276,3.0,0.245,3.0,0.184975,0.0003999999999999996,0.07812500000000001,0.00017778859308464068,0.19108200739000977,0.0001175518880301734,0.18776364170354384,0.00019728812014455451,0.18858375868314994
51075287145885284726826563655008107537493492582183584508879591646722583710577,7.0,0.35,6.0,0.22749999999999998,0.00042499999999999965,0.07197499999999998,0.000323154111278485,0.23305022248909169,0.00021989978882006338,0.22959502796369904,0.00030228960666083395,0.22717741150903037
51075287145885284726826563655008107537493492582183584508879591646722583710577,3.0,0.315,3.0,0.21577500000000002,0.00042499999999999965,0.06724999999999999,0.00016625569608579656,0.21658354207185937,0.00011202923269192249,0.21672633655992604,0.0001397902700941563,0.21845479664304693
111988170415833137223993164914752115023405351105653801105892274022608251350523,7.0,0.535,7.0,0.248775,0.0,0.2408405,0.00039751361141504365,0.25107191546456503,0.0002818535477411639,0.2531786064993976,0.0003553802074721178,0.24797445861891285
111988170415833137223993164914752115023405351105653801105892274022608251350523,3.0,0.515,3.0,0.249775,0.0,0.2356405,0.00017603133531215784,0.2510415584337819,0.00011996106719578018,0.2510683913256237,0.00010330769854654337,0.24930456057740358
13344531169554341249252311262751736745000694406600896838150670048808999584974,7.0,0.2,6.0,0.16000000000000003,0.0005499999999999996,0.01565,0.0003079485173190391,0.17121344435946864,0.00022117607335831499,0.16436444000435257,0.00034841617692658823,0.1724713290812871
13344531169554341249252311262751736745000694406600896838150670048808999584974,3.0,0.165,3.0,0.137775,0.00045,0.013625000000000002,0.0001381043243068559,0.144515933833354,9.70333940904517e-05,0.14219206306767337,0.00016600639607024464,0.1419127660619835
4960072122879914031540087398045925546763584182114633893203762140348078315559,30.0,0.5725,30.0,0.24474375,0.0014604999999999996,0.15907724999999998,0.0015883799713369868,0.25435284789780055,0.0011704599359551302,0.259785486895332,0.0016874626675473072,0.2515142960084863
4960072122879914031540087398045925546763584182114633893203762140348078315559,14.0,0.3755,14.0,0.23449975000000003,0.000941,0.04124125,0.0007667652826066152,0.23995419324758416,0.000544324624826559,0.24443096816047752,0.0007209026236146401,0.23339599708566297
4960072122879914031540087398045925546763584182114633893203762140348078315559,7.0,0.1025,7.0,0.09199374999999999,0.00046975000000000006,0.0025225000000000004,0.0002452907169545778,0.12869242204230422,0.00023601510479895623,0.11850699543961536,0.0002788222857852233,0.12272645401581052
21271000291843361249209065706097167029083067325856089903026951915683588703117,30.0,0.724,30.0,0.199824,0.0019032499999999954,0.5388592500000001,0.0015540277543086617,0.21087058911188053,0.0012356173829926327,0.2166540930016314,0.00185514907402631,0.21144564160905394
21271000291843361249209065706097167029083067325856089903026951915683588703117,14.0,0.5705,14.0,0.24502975,0.0005599999999999963,0.5320807500000001,0.0007751123721489827,0.25103483534186366,0.0005356394347689356,0.2467517821760827,0.0007227452499819289,0.2495949765658378
21271000291843361249209065706097167029083067325856089903026951915683588703117,7.0,0.7265,7.0,0.19869774999999998,5.7500000000000025e-06,0.5249005000000001,0.0004130925606355748,0.2009927256447357,0.00023700856320247655,0.20726939840676184,0.00037735063863910816,0.20849152252762015
12975641280332913765361083240103757870434481724884622075762050226392680586754,14.0,0.185,13.0,0.150775,0.0007132500000000002,0.019001249999999994,0.0005376803085803815,0.17436805507959194,0.0004652129718679159,0.17918372534249946,0.0005360976501415613,0.15550589184518432
12975641280332913765361083240103757870434481724884622075762050226392680586754,7.0,0.115,7.0,0.101775,0.00061325,0.0028012500000000004,0.0002810117991124759,0.13282001388358078,0.00025072826833387636,0.1355097860712309,0.00029376811830103577,0.13170694887665566
75368773924796889692244095268680530845326674028335428890799102675233506021923,14.0,0.61,14.0,0.2379,0.0001360000000000002,0.12070249999999998,0.000815785163977975,0.24384852708635343,0.0005722862730986898,0.24302740825479874,0.0007553211131989374,0.24097346383090604
75368773924796889692244095268680530845326674028335428890799102675233506021923,7.0,0.245,7.0,0.184975,0.0001360000000000002,0.014527500000000002,0.0003629678307100256,0.1913434459431565,0.000255616355790289,0.1915035675437835,0.0003615419650618572,0.18985710923087587
75368773924796889692244095268680530845326674028335428890799102675233506021923,3.0,0.065,3.0,0.060775,3.6e-05,0.0014275000000000002,8.872405743953956e-05,0.0844307303326303,7.042842407485803e-05,0.08073097567661197,8.232465856431177e-05,0.08299427217728249
49675008083918171505137582837949064531166050861222917473777213367353739315061,7.0,0.52,6.0,0.2496,0.0002750000000000005,0.42092500000000005,0.00031337679131484604,0.2506492576444018,0.00024679544296541734,0.25163266503905113,0.0002758431633378461,0.24889494667420894
49675008083918171505137582837949064531166050861222917473777213367353739315061,3.0,0.6,3.0,0.24,2.5000000000000045e-05,0.41732500000000006,0.00017613345586927316,0.24029282776094552,0.00011103321606491582,0.23919289218030365,0.00015261419481225034,0.2418164029768287
108752939681377150687334949550002966716999203606653030120268820072820568683592,7.0,0.725,5.0,0.199375,0.0,0.15096549999999997,0.0002685982013480547,0.20204215932809255,0.00019583161939495846,0.20388286854633186,0.00025790306330579266,0.2030619575456068
108752939681377150687334949550002966716999203606653030120268820072820568683592,3.0,0.28,3.0,0.2016,0.0,0.0414405,0.0001623973562596541,0.20261635915652257,0.00011247850619781461,0.20124110230268863,0.00015152525716917513,0.20535217224693503
38626814705428225741064648663612466527718565732790255796111777117845264840448,30.0,0.51,29.0,0.2499,0.0005250000000000009,0.286225,0.0015286900582763521,0.25602870586452114,0.00115776522403759,0.25585195246575004,0.001550669186602634,0.2566082192851659
38626814705428225741064648663612466527718565732790255796111777117845264840448,14.0,0.51,14.0,0.2499,0.0003250000000000006,0.286225,0.0008113319152029747,0.2498727590356177,0.0005472208748911874,0.24811681999129767,0.0007104081156691133,0.2527198926107194
38626814705428225741064648663612466527718565732790255796111777117845264840448,7.0,0.51,7.0,0.2499,0.0002250000000000004,0.286225,0.0003921406523317654,0.2496423304633591,0.0002853819311169948,0.2512251323478845,0.0003371881160189749,0.250026354104008
38626814705428225741064648663612466527718565732790255796111777117845264840448,3.0,0.515,3.0,0.249775,0.00020000000000000036,0.286225,0.000180930817906732,0.2492640307880211,0.00012669469634152397,0.2484259808717965,0.00012501371919155922,0.25007124175061324
87037476560262355019736573472997730954875286944171789280729969665019434635807,30.0,0.605,30.0,0.238975,0.0011504999999999953,0.05645450000000003,0.0016481284017298428,0.2513147219849744,0.0011395737189544,0.2545258984280373,0.001675593987252136,0.2375233889081727
87037476560262355019736573472997730954875286944171789280729969665019434635807,14.0,0.845,14.0,0.130975,0.00035050000000000055,0.01970450000000002,0.0006716878949301425,0.1463454593805715,0.0005020287809525784,0.1510559630472187,0.0008780204788980703,0.1604553494419541
87037476560262355019736573472997730954875286944171789280729969665019434635807,7.0,0.875,7.0,0.109375,5.049999999999998e-05,0.019304500000000016,0.00030850904443876267,0.14159468570736167,0.00021079576843016943,0.13290100013749892,0.00035103221353115173,0.12754292345669274
87037476560262355019736573472997730954875286944171789280729969665019434635807,3.0,0.855,3.0,0.12397500000000002,5.049999999999998e-05,0.017304500000000014,0.00010635744707089427,0.13310251990174146,0.00010333229740194891,0.13139496205732992,0.00014257302021794104,0.1208115140529758
861586397072783222068578459136344818294524173595685599330054385937994682182,14.0,0.585,12.0,0.24277500000000002,0.00015000000000000026,0.354425,0.0006522083047901384,0.24100371904703694,0.0004804205735237248,0.24675930235904361,0.0005876172087316508,0.24440796368579346
861586397072783222068578459136344818294524173595685599330054385937994682182,7.0,0.58,7.0,0.2436,7.500000000000014e-05,0.354425,0.0003778879213819747,0.24474086631623812,0.00027229642616320954,0.2437644152426275,0.0003297919339932638,0.24619025664829666
861586397072783222068578459136344818294524173595685599330054385937994682182,3.0,0.58,3.0,0.2436,2.5000000000000045e-05,0.354425,0.0001490877781811754,0.24235317059885092,0.00012540370905750185,0.2435574239220218,0.0001105448092364087,0.24320245869082535
1455516093280115266726125015118886836497350270272083258816253748264172151708,30.0,0.325,30.0,0.21937500000000001,0.0007100000000000003,0.04795949999999998,0.0015151407146209279,0.23433847622493617,0.0011551070633799476,0.23115202757033854,0.0015101711547287817,0.2388312645486699
1455516093280115266726125015118886836497350270272083258816253748264172151708,14.0,0.205,14.0,0.162975,0.00040999999999999994,0.031059499999999997,0.0005871443163801976,0.1781833512342576,0.00047557748250494526,0.18488233743667026,0.000568734677001027,0.18137271750605408
1455516093280115266726125015118886836497350270272083258816253748264172151708,7.0,0.065,7.0,0.060775,0.00040999999999999994,0.006859500000000001,0.00019851727059289872,0.08390544318241862,0.00018766932837237804,0.07845943522782398,0.00023253234660923318,0.08201441714956775
1455516093280115266726125015118886836497350270272083258816253748264172151708,3.0,0.1105,3.0,0.09828975,1.6e-05,0.005716250000000001,8.083312073990868e-05,0.11315202123500331,7.335819190031351e-05,0.11409897255248136,8.655168137741631e-05,0.11456798368198745
82855088893985825781350466813737280564000275725006328179621744619327480699369,14.0,0.26,14.0,0.19240000000000002,0.000225,0.8022905000000001,0.000670351055932094,0.202492363223772,0.000496417649285917,0.2059723431752593,0.0006201167209200438,0.20410173484138874
93692722989213351173361815917458043993462938840975694832055439393851213747823,7.0,0.375,6.0,0.234375,0.0002250000000000004,0.13704999999999998,0.00031277320264348486,0.23553735969674305,0.0002192908971910882,0.23640138076826,0.00028276224795209634,0.23878022242799568
93692722989213351173361815917458043993462938840975694832055439393851213747823,3.0,0.38,3.0,0.2356,0.0,0.13704999999999998,0.00018364525529057164,0.2361389436323779,0.00011070768055349483,0.23796371425016358,0.00014224401095020632,0.2374367996755101
76018684495672907293972579038657312280524447899213220717960084627380959769440,30.0,0.925,30.0,0.06937499999999996,0.0007217499999999974,7.224999999999918e-05,0.0012587146300174924,0.1705096265198952,0.0010491203044072364,0.1618427658904668,0.001591902725308082,0.17441645954402576
46299907269453217640174781152774353513755040033088982659742867388017617023193,7.0,0.67,6.0,0.2211,0.0,0.3414999999999999,0.0002984520397732815,0.22620885295771076,0.00019702609621612057,0.22500892631809116,0.0003084810539293542,0.22292124026369906
46299907269453217640174781152774353513755040033088982659742867388017617023193,3.0,0.64,3.0,0.2304,0.0,0.3338499999999999,0.00017715328488337228,0.23017581351123223,9.15081662922292e-05,0.23275007793006963,0.00015901168777158464,0.23081581462893802
75426118790615600884706845933427146354864211195995645345528102216770334829169,30.0,0.295,30.0,0.20797500000000002,0.0031499999999999918,0.41852500000000004,0.0013587650945758529,0.21687847430638782,0.0010948614972664701,0.21722399368249076,0.0014634359238651115,0.2230557686829477
75426118790615600884706845933427146354864211195995645345528102216770334829169,14.0,0.285,14.0,0.203775,0.0013499999999999957,0.41852500000000004,0.0006487149732989466,0.21370667846996128,0.0004724667937913125,0.21348560935636215,0.0005973392365619747,0.21118544601027303
75426118790615600884706845933427146354864211195995645345528102216770334829169,7.0,0.285,7.0,0.203775,0.0011499999999999976,0.41852500000000004,0.0003562528751869709,0.21231005489254684,0.00025354731760780596,0.2059085590372218,0.0003597093988026448,0.20820255048384056
75426118790615600884706845933427146354864211195995645345528102216770334829169,3.0,0.305,3.0,0.21197500000000002,0.000799999999999997,0.41852500000000004,0.00016078975337453915,0.21562073471689408,0.00010743199211828822,0.21385251845532122,0.00014243484735832764,0.21203400302758468
109071856992017339072775527011682316907624194036746810671976693235074222368845,7.0,0.5,6.0,0.25,0.0,0.3121,0.0003309250373512266,0.250847424815772,0.00021703164744696663,0.24881659524960625,0.0002595842988421476,0.24784040492019158
109071856992017339072775527011682316907624194036746810671976693235074222368845,3.0,0.32,3.0,0.2176,0.0,0.28745,0.0001644435435029807,0.21894922999362862,0.00011599031669727426,0.218094576675735,0.00014363076553381427,0.217469603478429
23452090462928163585257733383879365528898800849298930788345778676568194082451,30.0,0.515,30.0,0.249775,0.0007512500000000008,0.22153925000000002,0.0016842034613689402,0.2535019581949961,0.00114702749053142,0.25717203342887257,0.0015993633369882632,0.2521157691397149
23452090462928163585257733383879365528898800849298930788345778676568194082451,14.0,0.345,14.0,0.22597499999999998,0.0004762500000000003,0.21521425000000002,0.0006905948018596261,0.22717826895693827,0.0005619351005058916,0.22782140272091617,0.0006783084179807776,0.22687121047037828
23452090462928163585257733383879365528898800849298930788345778676568194082451,7.0,0.365,7.0,0.231775,0.00025125000000000044,0.21398925000000002,0.00038837669428620563,0.2301928573686709,0.00027690136930595336,0.23155392609321296,0.0003791697613459711,0.23426140674120974
23452090462928163585257733383879365528898800849298930788345778676568194082451,3.0,0.46,3.0,0.24840000000000004,1.2499999999999999e-06,0.20976425,0.00016575003169800643,0.2478631500348716,0.00012064800560493,0.2483079230118776,0.00011085582336834218,0.24842147388695537
34949477535476026489714414939200175816336848313521000211837354783838790884040,30.0,0.185,30.0,0.150775,0.0005249999999999999,0.02525,0.0013124309894873474,0.1737461764203564,0.0010886416100886493,0.18648155030338281,0.0012359688862884034,0.19077626903394973
34949477535476026489714414939200175816336848313521000211837354783838790884040,14.0,0.16,14.0,0.1344,0.00032499999999999944,0.024025,0.0005417282049909425,0.1561304285363845,0.000556658006772964,0.1598857826948293,0.0005311325993350513,0.14715224004600225
34949477535476026489714414939200175816336848313521000211837354783838790884040,7.0,0.175,7.0,0.14437499999999998,0.00019999999999999982,0.024025,0.00030115356565313086,0.15129907256183828,0.00023752662230976205,0.15825047051050078,0.0003102836493576549,0.16161360073015266
34949477535476026489714414939200175816336848313521000211837354783838790884040,3.0,0.165,3.0,0.137775,0.00010000000000000018,0.024025,0.000152512800145679,0.13241901351881835,0.00011015527061649202,0.14095091051520414,0.00017090276354486702,0.14139129476387413
77191186536909014586922022659322569099273509749066699749214305589630021269429,30.0,0.335,30.0,0.22277500000000003,0.0009999999999999924,0.099625,0.001513532253887116,0.22988140493519005,0.0011222323557062857,0.2481624512575662,0.0014937586969302088,0.2300099540946265
77191186536909014586922022659322569099273509749066699749214305589630021269429,14.0,0.345,14.0,0.22597499999999998,0.0004999999999999975,0.099625,0.000783248906632892,0.2265836640192675,0.0005376998478148929,0.2329330583218085,0.0006866926098916893,0.22879745638111212
77191186536909014586922022659322569099273509749066699749214305589630021269429,7.0,0.345,7.0,0.22597499999999998,0.00029999999999999943,0.099625,0.00035540909081706334,0.22914295610522623,0.00024742575225397657,0.22825520314036452,0.00036928366793177926,0.22374192933222634
77191186536909014586922022659322569099273509749066699749214305589630021269429,3.0,0.325,3.0,0.21937500000000001,0.00010000000000000018,0.099625,0.00015575340248373277,0.21835016148558928,0.00011925124423205758,0.22186051967831372,0.00013199359890347462,0.22069661684066538
5771873010156235629414496169298306261816804761699629522506844964407152529192,7.0,0.455,7.0,0.24797499999999997,0.0007749999999999937,0.58245,0.00039422750578890336,0.24875059650723916,0.0002480463727492167,0.24951954049145822,0.0003514960214712136,0.24692630432842422
5771873010156235629414496169298306261816804761699629522506844964407152529192,3.0,0.69,3.0,0.2139,0.000124999999999998,0.527225,0.0001604485585136672,0.21441008251764296,0.00010339100095863294,0.21344359567483784,0.0001485976950793938,0.210944737990634
45301572277273019418161216329855635270565637139964678220897397681825184356822,30.0,0.105,30.0,0.093975,0.0010134999999999996,0.007104499999999998,0.0010809711463612628,0.14111552467199678,0.0010743685807605258,0.1503044242679263,0.0011381666984524002,0.13615403037876297
64667957397757546515164546892040938377941653520792639389355873870925841226189,30.0,0.47,20.0,0.2491,0.00025524999999999956,0.16429425000000003,0.0010997737252519467,0.25056449545467663,0.0007806490407459408,0.25444331593387803,0.0010558574994175712,0.25071622532951887
64667957397757546515164546892040938377941653520792639389355873870925841226189,14.0,0.525,14.0,0.24937499999999999,0.00025524999999999956,0.09601925000000003,0.0007160367946762472,0.250234363631184,0.0005431364907083861,0.24998383272978686,0.0007143554973401475,0.2510771869633494
64667957397757546515164546892040938377941653520792639389355873870925841226189,7.0,0.235,7.0,0.179775,0.00025524999999999956,0.029769250000000004,0.00036303643345539827,0.18233065302950152,0.0002525286326471277,0.18648077663219753,0.0003721673642540864,0.18016373167185715
64667957397757546515164546892040938377941653520792639389355873870925841226189,3.0,0.085,3.0,0.07777500000000001,3.0249999999999997e-05,0.00309425,0.00010035938408134443,0.10704324417381898,7.793118645151358e-05,0.09636302135613192,8.29624705686337e-05,0.0892290243493079
62814752101380528889017644258083775394838933358312561200531519282828387456409,30.0,0.0755,30.0,0.06979975,0.0014082500000000004,0.0038575000000000007,0.0009554332409496927,0.11796259334494197,0.0008819181295869209,0.11723014107121589,0.0009695788411330574,0.11358756650356568
266331342055107111386556725373341478624117674826896613696954251734769518422,14.0,0.49,13.0,0.2499,0.0003250000000000006,0.4215505,0.0007211975483810104,0.25547776206312417,0.0004932158251648916,0.2519627450179224,0.0006589929829504181,0.25223383298625673
266331342055107111386556725373341478624117674826896613696954251734769518422,7.0,0.625,7.0,0.234375,0.00030000000000000057,0.40300050000000004,0.00041537698214012597,0.23551212194633422,0.00026965868601401587,0.23977006246015498,0.0003318986400250291,0.23427913665407665
266331342055107111386556725373341478624117674826896613696954251734769518422,3.0,0.635,3.0,0.231775,0.00025000000000000044,0.3900005,0.00016389193333302777,0.2316062139679873,0.00010716706047551882,0.23467471277166146,0.00011837008745164344,0.23187074040952524
79761102707167849139903719303497187106868978462484620857403822669760382458192,7.0,0.775,7.0,0.17437499999999997,0.000550000000000001,0.616225,0.0003525918242686442,0.17784819099559881,0.00027717374192583985,0.17919581155388356,0.0004016376408579232,0.18149924607325704
79761102707167849139903719303497187106868978462484620857403822669760382458192,3.0,0.775,3.0,0.17437499999999997,0.0003500000000000006,0.616225,0.0001722029200307898,0.18054826983215677,0.00011594302479071738,0.18241208673421366,0.00014551121467803595,0.17857068983623045
106089330606463390094979723214198773666329550032574650943275002629872541877548,7.0,0.21,6.0,0.1659,0.00012500000000000022,0.7548750000000001,0.00032722981370126593,0.17503416650871909,0.0002374760117671989,0.17074357424220932,0.00033148831619585857,0.17692154168047247
106089330606463390094979723214198773666329550032574650943275002629872541877548,3.0,0.105,3.0,0.093975,0.00010000000000000018,0.748625,8.045129634324736e-05,0.11223638290641219,8.81427376864042e-05,0.11170284454267605,8.274054852425123e-05,0.10979568403289554
107252287464378185480339300277791815889919330201891674919771186169934663184025,30.0,0.075,30.0,0.069375,0.0005967500000000003,0.0014442500000000004,0.0008857817530262265,0.10710911681278766,0.0009430759451432724,0.12054413920801191,0.0009175753776643916,0.10694139277086495
702228480252267168099580361838733230912132470477600287682625329862330979526,30.0,0.08,27.0,0.0736,1.7500000000000002e-05,0.0028375,0.0008865520071745536,0.11908881872389421,0.0008254385348934984,0.12999989232248904,0.0008712587009154465,0.12151807625587058
27342241640436643866418288781609275624111431824500621505320709375705941634077,30.0,0.055,30.0,0.051975,0.0007282500000000004,0.12874975,0.0007836163039510449,0.0976071184359936,0.0007380381379953218,0.09065553978298692,0.0007133515263758311,0.09185178392212215
27342241640436643866418288781609275624111431824500621505320709375705941634077,7.0,0.065,7.0,0.060775,2.8250000000000043e-05,0.12874975,0.00019510508407162734,0.07840808319436783,0.00020658257502588216,0.08973572080746166,0.00018061193822269366,0.07646106171721428
91882959557077986206360079185370037618383834179859904199045807600717043152693,7.0,0.51,6.0,0.2499,0.00012500000000000022,0.313375,0.0003136632467368933,0.24789654190952817,0.0002169011154255767,0.2517752747449942,0.00028357102288877105,0.249344785817838
91882959557077986206360079185370037618383834179859904199045807600717043152693,3.0,0.63,3.0,0.2331,0.0,0.29515,0.00015255627667591138,0.2337948104586399,0.00012011093392630864,0.23350458855427525,0.0001373814839862616,0.23330845585637916
53671238023336753615794811648977096790943735046645002820165614709925892034655,7.0,0.63,6.0,0.2331,0.0,0.08785000000000001,0.0003559034760273033,0.2307237484803202,0.000215564754056401,0.2350651351431948,0.00030324776940701155,0.23909642344337173
53671238023336753615794811648977096790943735046645002820165614709925892034655,3.0,0.635,3.0,0.231775,0.0,0.08502500000000002,0.00015475922487585708,0.23377514842092417,0.00012219887505455056,0.23286083816786848,0.00013542315756437208,0.23191265472821804
17446216351113598897508590865321199197538163775602961072950110472131448366659,14.0,0.45,13.0,0.24750000000000003,0.00037500000000000066,0.15005300000000002,0.0006876796014264472,0.24836971286716278,0.0005166718685101003,0.254101433744589,0.0006596196175228017,0.24363513928928412
17446216351113598897508590865321199197538163775602961072950110472131448366659,7.0,0.395,7.0,0.238975,0.00015000000000000026,0.138453,0.0003879485451934597,0.2423626155978714,0.0002643990973437501,0.23739359093615328,0.0003274174380255701,0.23616897200111267
17446216351113598897508590865321199197538163775602961072950110472131448366659,3.0,0.425,3.0,0.24437499999999998,5.000000000000009e-05,0.132653,0.00017536198955002972,0.24497920415083754,0.00010589992461309115,0.24548563067667387,0.00013481944580311187,0.24471064042318477
98258440478094610167729510800284333090952142769785486649204893493792445830714,30.0,0.53,30.0,0.2491,0.0018750000000000034,0.287925,0.0016773476332092125,0.25434058246833907,0.0011905348110556253,0.2651094163179252,0.0015964202376246345,0.24986485461647917
98258440478094610167729510800284333090952142769785486649204893493792445830714,14.0,0.515,14.0,0.249775,0.0005000000000000009,0.287925,0.000726376110348507,0.2464830781696759,0.0005203690494122087,0.2528947914562983,0.0006476770609852802,0.254238639544523
98258440478094610167729510800284333090952142769785486649204893493792445830714,7.0,0.505,7.0,0.249975,0.00020000000000000036,0.28752500000000003,0.00041916463051641385,0.25069433927984586,0.00026069373332418457,0.25615627033300875,0.0003103371395348807,0.24856450843894742
98258440478094610167729510800284333090952142769785486649204893493792445830714,3.0,0.525,3.0,0.24937499999999999,0.0,0.28752500000000003,0.00017014814048020506,0.24909539912260176,0.00011903262277776368,0.2484045735275585,0.00011663836150097488,0.2492502933667518
63365792541984261818771186538429323051219489150384722014435240122932233519100,3.0,0.058,3.0,0.054636,6.225000000000006e-05,0.00245025,8.305837227586801e-05,0.07455154640977388,8.02986509348631e-05,0.07587713860160562,7.986491655857759e-05,0.08571544889291918
19333297445966345229903273147240166048979391925664335366992949724639616240961,7.0,0.505,6.0,0.249975,0.00010000000000000018,0.209575,0.0003381784765090827,0.24942915205480795,0.00024956090376706576,0.2507499025555887,0.000295609083965953,0.2511911793254879
19333297445966345229903273147240166048979391925664335366992949724639616240961,3.0,0.22,3.0,0.1716,0.0,0.17145000000000002,0.00015766289805431964,0.17527632750977495,0.00011935392994273319,0.1746400337798561,0.00016277551607128958,0.17453982048801442
19099961760028233102119031484096521013925041190968931306165953839204613573447,7.0,0.66,6.0,0.2244,0.0,0.2133605,0.00032988389049471453,0.224464080472721,0.00023311758290239904,0.22530989450819347,0.00029847013931435043,0.2278242012776671
19099961760028233102119031484096521013925041190968931306165953839204613573447,3.0,0.59,3.0,0.2419,0.0,0.2046105,0.00018060852551666763,0.2407128202462421,0.0001169873885478253,0.24387148241047413,0.0001390504538634795,0.242892792448942
61258386738752034883021787820681214187032126013622890628264043921307455056756,7.0,0.51,6.0,0.2499,2.5000000000000045e-05,0.30047500000000005,0.00035202394985611523,0.2497491120816062,0.00021880559349408797,0.24975463567379194,0.0002894157181949456,0.2505508570360851
61258386738752034883021787820681214187032126013622890628264043921307455056756,3.0,0.515,3.0,0.249775,0.0,0.30047500000000005,0.00015826740317566348,0.24833474104484768,0.00013961611259540515,0.25062388633964167,0.0001348249477717276,0.24901946902158356
6308246834299809644599996350028819065720794060706840760707195752509814012860,30.0,0.058,28.0,0.054636,0.0014070000000000011,0.221695,0.0007443336681528437,0.09467589840181993,0.000717836188359173,0.10148130238644684,0.000743039361611918,0.09498489426321953
6308246834299809644599996350028819065720794060706840760707195752509814012860,14.0,0.073,14.0,0.067671,0.0007032500000000002,0.00454075,0.0004898085478807757,0.09917783327278994,0.0004202420913297715,0.09884232783853687,0.0004923351726300748,0.08539069991444062
52345319584298671384241333674201063268836142597903677481641810116870044724915,30.0,0.715,30.0,0.203775,0.0012249999999999978,0.08376550000000003,0.0015556600820693788,0.219327988125155,0.0011970954920321494,0.2149095185447426,0.001847781267003113,0.21607095705582188
52345319584298671384241333674201063268836142597903677481641810116870044724915,14.0,0.675,14.0,0.219375,0.0007999999999999969,0.08134050000000004,0.0007690474413416321,0.22295003432443145,0.0005525436295371289,0.2295012813698213,0.0007648782826015068,0.22119229172459362
52345319584298671384241333674201063268836142597903677481641810116870044724915,7.0,0.695,7.0,0.21197500000000002,0.00020000000000000036,0.08134050000000004,0.00038263250315989455,0.2091507092007353,0.00026976093334758614,0.216669290548754,0.00035686919287240257,0.21624283243417972
52345319584298671384241333674201063268836142597903677481641810116870044724915,3.0,0.695,3.0,0.21197500000000002,0.0,0.08134050000000004,0.0001494452274214514,0.2138821539658297,0.00010643149909311246,0.21794201885374057,0.0001435065425735996,0.2129374133484166
12216008272459034343527670918889556537582181019487901591587576311887828823830,7.0,0.74,6.0,0.19240000000000002,5.000000000000009e-05,0.09799999999999999,0.0003505637150184783,0.19385847686832888,0.0002253449433807279,0.19774666373917,0.0003090037763632055,0.19007078269308011
12216008272459034343527670918889556537582181019487901591587576311887828823830,3.0,0.665,3.0,0.222775,0.0,0.092375,0.00017212235117873337,0.22558859161442818,0.00012846699338777033,0.2249802663778406,0.00015931287242266918,0.2258525306004357
5699266164849713169703648234886411053444418385408086203990916861286572010447,30.0,0.585,30.0,0.24277500000000002,0.0007500000000000013,0.36542050000000004,0.0016115914715789954,0.24718861887482557,0.0011689922709664897,0.2590313971298541,0.0017102876890129064,0.24407345113415851
5699266164849713169703648234886411053444418385408086203990916861286572010447,14.0,0.595,14.0,0.240975,0.00030000000000000057,0.36542050000000004,0.0008175659847502797,0.24513916669778982,0.0005233821071273306,0.2522182485825216,0.0007124410832777151,0.24916227447098166
5699266164849713169703648234886411053444418385408086203990916861286572010447,7.0,0.585,7.0,0.24277500000000002,0.00020000000000000036,0.36542050000000004,0.0003731466890119686,0.24690400380436558,0.0002772819402960971,0.24614267348779464,0.0003232157880480187,0.24341321923640635
5699266164849713169703648234886411053444418385408086203990916861286572010447,3.0,0.605,3.0,0.238975,0.0,0.36542050000000004,0.00016016915650913098,0.24013765662703712,0.00011332303118915236,0.24001470533855948,0.00012805671580127682,0.2389625307962489
70232451628885130337868272779219337639195906086930266379410875484558732695821,7.0,0.5,6.0,0.25,0.0002250000000000004,0.160375,0.0003464242664563569,0.2520478069190817,0.00023534747377671912,0.2488638056756168,0.0002854151365448472,0.2490181231307918
70232451628885130337868272779219337639195906086930266379410875484558732695821,3.0,0.5,3.0,0.25,0.0002250000000000004,0.159125,0.000166966122111947,0.2509621294585118,0.000126550889333832,0.2493874670288062,0.00011069889258867982,0.25018127092875686
81787581842959478106686478412092867548627543992356819047601036246939457346128,14.0,0.1,10.0,0.09000000000000001,0.00045124999999999994,0.00397125,0.0003916753025198793,0.12589884173945004,0.0003793605221567659,0.12157027969821789,0.0003821234533820373,0.12851081701321343
64539118803846104209698996280892555425909200641020944342381273555576502989518,7.0,0.5,6.0,0.25,0.00019999999999999925,0.6819999999999998,0.0003335648285729613,0.2516702614102356,0.000217177887272628,0.25131284352835076,0.0002866339174280628,0.24904254679525892
64539118803846104209698996280892555425909200641020944342381273555576502989518,3.0,0.275,3.0,0.199375,9.999999999999907e-05,0.6522749999999998,0.00016548320163327238,0.20125213124702282,0.00010743750422383142,0.20191499622740863,0.00015514607701268081,0.2040416165784601
34271668533863462163091162759276348653328438638221635267078346380930024319002,14.0,0.095,14.0,0.08597500000000001,0.000287,0.051976,0.0005029025405441436,0.11272183806549765,0.00047950049574173147,0.13219837528797018,0.0005254121150676528,0.1179611981395454
66485420522892497058747540584233041508166845493954393293856727385185345251173,30.0,0.525,30.0,0.24937499999999999,0.0013500000000000027,0.23474050000000005,0.0015688210205758763,0.2546272604292995,0.001187689632065325,0.26061742490760503,0.0016187113192161536,0.24726447383011096
66485420522892497058747540584233041508166845493954393293856727385185345251173,14.0,0.525,14.0,0.24937499999999999,0.0007000000000000012,0.23474050000000005,0.0007642310905279973,0.24876236008960703,0.0005646993023759215,0.25130746796568515,0.0007302218185985047,0.2507855264179975
66485420522892497058747540584233041508166845493954393293856727385185345251173,7.0,0.53,7.0,0.2491,0.000575000000000001,0.23474050000000005,0.00041031305306744084,0.2513119188675904,0.0002598113154806082,0.2510224524403869,0.00033276721102423637,0.24972554469040406
66485420522892497058747540584233041508166845493954393293856727385185345251173,3.0,0.515,3.0,0.249775,0.00020000000000000036,0.23474050000000005,0.00017122334440817364,0.24935277078712736,0.00011869668136104037,0.24962937631667756,0.0001485753196633383,0.24939384005694215
115744004241615826068373834065815885045802138463705964527622590795637356148787,30.0,0.7,30.0,0.21000000000000002,0.0020249999999999812,0.289325,0.0016154768578206297,0.23180126639966278,0.0011923107169791195,0.22310560077585673,0.0017210630107228246,0.22438047380166057
115744004241615826068373834065815885045802138463705964527622590795637356148787,14.0,0.685,14.0,0.21577499999999997,0.0010999999999999888,0.289325,0.0007996809230655898,0.2237388896047908,0.0005296959012909949,0.2188580607476729,0.0007689012727748759,0.22067666763753901
115744004241615826068373834065815885045802138463705964527622590795637356148787,7.0,0.685,7.0,0.21577499999999997,0.00010000000000000018,0.289325,0.00038168306172587497,0.21780698856917483,0.00025273265481508267,0.21941867272311175,0.0003793456233415645,0.217230399492775
115744004241615826068373834065815885045802138463705964527622590795637356148787,3.0,0.665,3.0,0.222775,0.00010000000000000018,0.287325,0.00015803145284782724,0.22389135504684066,0.00010893208640942235,0.22627856423379794,0.0001495286785672438,0.22363919465560805
40073700561695212653451049120779209383948898865772011302940523990213422296817,30.0,0.4125,30.0,0.24234375,0.00022724999999999989,0.0330245,0.0016025989769209606,0.24898942771392718,0.001207528267882206,0.24428997360181107,0.0015699646267853737,0.2532751257769834
113406814782104466557788238831146520705884504943006493168474281166758936883325,7.0,0.65,6.0,0.22749999999999998,0.00010000000000000018,0.401,0.00031902505873728025,0.2280153590207393,0.00022838074875261696,0.23602576039842,0.000283929075109181,0.22836321966800216
113406814782104466557788238831146520705884504943006493168474281166758936883325,3.0,0.785,3.0,0.16877499999999998,0.00010000000000000018,0.389075,0.0001552508896891628,0.17058286771808107,0.0001242528332119785,0.16884564861153897,0.0001666125380169627,0.16761301870889256
66762004966397611229182756120748854338843747454842586789364529758459067623076,7.0,0.48,6.0,0.2496,0.00019999999999999925,0.25695,0.0002829186169692519,0.24957939578400506,0.0002274640914619095,0.24926709972576952,0.0002910017346972485,0.24999140823320792
66762004966397611229182756120748854338843747454842586789364529758459067623076,3.0,0.46,3.0,0.24840000000000004,0.0,0.25695,0.00016598603542612028,0.2483141935324746,9.338392462239487e-05,0.2498515379017626,0.00014048104669920044,0.24768365119895036
31106972377729249756271678877015949454510043903048048974584357734906116780568,30.0,0.18,30.0,0.1476,0.0025749999999999966,0.124325,0.0012338225158805016,0.17868078388724137,0.0010902274756416064,0.18582887798204908,0.0011718100473619764,0.16783276522228682
31106972377729249756271678877015949454510043903048048974584357734906116780568,14.0,0.215,14.0,0.168775,0.0002499999999999996,0.11547500000000001,0.0006300643322743768,0.19050583958533804,0.0005181213135468803,0.17537656331344637,0.0005926563847882381,0.18983391512707398
31106972377729249756271678877015949454510043903048048974584357734906116780568,7.0,0.275,7.0,0.199375,0.0,0.10922500000000002,0.000357155085542896,0.20128510182728312,0.0002834062425272718,0.20030702935305136,0.00035993267095604955,0.20981387635359552
31106972377729249756271678877015949454510043903048048974584357734906116780568,3.0,0.0505,3.0,0.047949750000000006,0.0,0.08521475,6.680147249167457e-05,0.05503035525917801,6.443631407116422e-05,0.06543421881435207,7.003799166999542e-05,0.07351244912234137
44402468516519605483129636570131714863777270847197484393079078937844008771518,3.0,0.34,3.0,0.2244,2.499999999999949e-05,0.100125,0.000157624961728636,0.22787869342049955,0.00010541483845222208,0.2242249589468518,0.00014503960296647337,0.22575962407958644
84120294776633858418680721063577651501092735503330720547857557332236828827217,7.0,0.51,6.0,0.2499,5.000000000000009e-05,0.36724999999999997,0.0003184642151988956,0.25303332833015973,0.0002252681312741766,0.25206910439982094,0.00026036034416609033,0.24952388371445536
84120294776633858418680721063577651501092735503330720547857557332236828827217,3.0,0.57,3.0,0.2451,2.5000000000000045e-05,0.34262499999999996,0.0001887895949566886,0.2447316184895371,0.00011380352831743789,0.244553358769381,0.0001241665600700089,0.24493561063762911
41392614298000463401905331293667246525040634243024518983131759225598733102923,7.0,0.65,6.0,0.22749999999999998,0.0002250000000000004,0.299275,0.00033529591866832326,0.227309171086247,0.0002159545505987978,0.2303831101954112,0.0003146448789295648,0.23231550091670627
41392614298000463401905331293667246525040634243024518983131759225598733102923,3.0,0.715,3.0,0.203775,0.0,0.283275,0.00016700548788544517,0.20537718222144455,0.00010430027971030813,0.2052392412506969,0.00012803853214502251,0.20800877662925862
74465184772301188489011024618947583704857068259629739095253675726347456742213,7.0,0.245,5.0,0.184975,0.0004999999999999998,0.046224999999999995,0.0002568907334386419,0.188845008040973,0.00016664951472515136,0.1868127061357833,0.00029362424044125445,0.18946420741405717
74465184772301188489011024618947583704857068259629739095253675726347456742213,3.0,0.245,3.0,0.184975,0.0004999999999999998,0.046224999999999995,0.00015951446518735514,0.1834808999483451,0.00011338358765030683,0.19103404305814023,0.00016897324624499485,0.18868989335260966
65258068860409153178277721554954999999947952766187272896464267572724452509050,7.0,0.51,6.0,0.2499,0.0,0.09448200000000001,0.00035795138475124775,0.2523645470402678,0.0002249551258831315,0.24905184585207552,0.0002609398474712502,0.24860324047282867
65258068860409153178277721554954999999947952766187272896464267572724452509050,3.0,0.135,3.0,0.116775,0.0,0.016357000000000003,9.353707279753252e-05,0.1327708749607196,9.809788330820523e-05,0.12575452515337712,9.914496011302374e-05,0.13072183197788254
75631772728082152045995273010156228891642777672785626239073182113068891010410,14.0,0.51,13.0,0.2499,0.0007250000000000013,0.22515050000000003,0.0006695635071096614,0.25065792704614387,0.0005050787659031515,0.2532992627587454,0.0006799751344274234,0.24809844861696398
75631772728082152045995273010156228891642777672785626239073182113068891010410,7.0,0.53,7.0,0.2491,0.00037500000000000066,0.22515050000000003,0.0003705157394655159,0.25141162917245113,0.0002751483435446019,0.2494620758641711,0.00032097874052479055,0.24863628923108258
75631772728082152045995273010156228891642777672785626239073182113068891010410,3.0,0.54,3.0,0.2484,0.0002250000000000004,0.22515050000000003,0.00015473227677103945,0.24817985779325852,0.00010522965784306586,0.2501730972519173,0.00012697590837252413,0.24760276379118198
41491748259665324426776679045538388626476403955988401104969021388788385722132,7.0,0.0515,7.0,0.048847749999999995,0.00026525000000000024,0.2662155,0.00020812724654147252,0.06978342146882328,0.0001632595132349946,0.06911008950237175,0.00017835553759549503,0.0662118369701444
41491748259665324426776679045538388626476403955988401104969021388788385722132,3.0,0.6665,3.0,0.22227775,2.5000000000000045e-05,0.10309725000000003,0.0001730009706711931,0.22131033715967743,9.767964933535263e-05,0.22794302678350375,0.0001541537877629953,0.22443765004215238
32808458875366467745777044160603661512817861173859925631005519080722962618453,3.0,0.405,3.0,0.240975,9.999999999999907e-05,0.31962499999999994,0.00016245295912191115,0.24103031426765453,0.00012021127940473885,0.2409327349540993,0.0001513733166343801,0.24089752710993687
20410623149283998616153276289336066700514462940280635650658271273771488780668,7.0,0.53,6.0,0.2491,0.0,0.19300000000000003,0.0003460558769651791,0.24909015045551663,0.00023246079918996733,0.250914536593645,0.00029660808117335316,0.24875201071515285
20410623149283998616153276289336066700514462940280635650658271273771488780668,3.0,0.74,3.0,0.19240000000000002,0.0,0.019850000000000013,0.00016980600561573766,0.19570090197697732,0.00011900768068776308,0.19894360180779372,0.00016635429719038936,0.19598303861264682
101738487887518832481587379955535423775326921556438741919099866785354159699479,30.0,0.2825,30.0,0.20269374999999998,0.0013619999999999984,0.06855875000000002,0.001399188300094335,0.2199462285188454,0.001150354152864546,0.2206684329728386,0.0013936811661246595,0.23048102036651824
101738487887518832481587379955535423775326921556438741919099866785354159699479,14.0,0.402,14.0,0.240396,0.0006599999999999993,0.05716500000000001,0.0007496229659510131,0.2420165230410997,0.0005317996383532649,0.24434169108773773,0.000699618433016068,0.2441830012878865
101738487887518832481587379955535423775326921556438741919099866785354159699479,7.0,0.3965,7.0,0.23928775,0.0004042499999999989,0.055956500000000006,0.0003815879907235387,0.23903735748634192,0.00026356623764327096,0.24227127844490923,0.00032179717264388885,0.2392913402247362
101738487887518832481587379955535423775326921556438741919099866785354159699479,3.0,0.185,3.0,0.150775,0.00014825000000000022,0.022714250000000005,0.00015583976646253218,0.15549882428620684,0.00011168739067087399,0.1536177424102022,0.00017040294620548817,0.15530351736882886
13164372356925933356979447315918064902553122237830705795175302616479966749205,7.0,0.5,6.0,0.25,0.0,0.33479999999999993,0.0003301366487599346,0.24880410380125426,0.00020982194436405138,0.25119460905932606,0.0002607829073491376,0.25186504067571397
13164372356925933356979447315918064902553122237830705795175302616479966749205,3.0,0.605,3.0,0.238975,0.0,0.3289749999999999,0.00016593355957269425,0.23994953486279808,0.0001173240900216701,0.23767491544586455,0.00014209899835848964,0.23874836240132066
80353163166779155702849225386540660631582848663867592546663430403729921532764,14.0,0.43,13.0,0.2451,0.0005250000000000009,0.263975,0.0006835476244234054,0.2477377823112667,0.0005251918705330463,0.24784272411317523,0.0006831993789019198,0.24676534229933375
80353163166779155702849225386540660631582848663867592546663430403729921532764,7.0,0.47,7.0,0.2491,0.0003250000000000006,0.246325,0.0004169298772701988,0.24989504266999155,0.0002791609497433209,0.25128997921927493,0.0003417982199109288,0.2471842375015303
80353163166779155702849225386540660631582848663867592546663430403729921532764,3.0,0.5,3.0,0.25,0.00012500000000000022,0.245425,0.00016942982475954245,0.2507038088003137,9.659203592479466e-05,0.250713606916802,0.0001233378150483137,0.25051409694748195
47581242576233831747274285853656933189233893963158067360773642391873753654951,30.0,0.105,30.0,0.093975,0.00130175,0.025049250000000006,0.001093803372364211,0.14492592013956876,0.0011302095453718643,0.13569339823343787,0.0011008564839298648,0.15651633489578173
38051066100669287710937413765390822745717123057362754050229446584106565464038,30.0,0.495,28.0,0.249975,0.0022817499999999995,0.10008025,0.0014635079784756026,0.2558833048012307,0.0010759786672815664,0.2605066689015116,0.0015015007618581508,0.2524832948986754
38051066100669287710937413765390822745717123057362754050229446584106565464038,14.0,0.145,14.0,0.12397499999999999,0.00175675,0.003455250000000001,0.000601147549322745,0.15534677314873696,0.0005744018870476009,0.15860365911085247,0.0006093447505064614,0.15640177140739897
29763725280755533853228704213586000655160583839125347030858041807759211842058,7.0,0.345,7.0,0.22597499999999998,0.00032799999999999995,0.029958499999999992,0.0003437256202866747,0.22412390200421256,0.00028579807589190396,0.22795809680730308,0.0003838304782174258,0.23028697458373812
57636847040376201710607191452061282118195291250340228514204049688060641422073,7.0,0.55,6.0,0.2475,0.0,0.5829000000000001,0.00031790228924818845,0.24907840548035198,0.000212980296725934,0.2481421318068272,0.0002819210868884182,0.24851078452348468
57636847040376201710607191452061282118195291250340228514204049688060641422073,3.0,0.43,3.0,0.2451,0.0,0.18955,0.0001822628432382487,0.24617787587060114,0.00011449182449140635,0.24635842174478445,0.0001379861361766271,0.24629975675993657
31524837162853106914970927937023324859549972142712837947307466091892225261466,14.0,0.49,12.0,0.2499,0.00030000000000000057,0.27665,0.0006664216457736119,0.2478176411826557,0.0004721092418584871,0.25442548038657387,0.0006021929735869544,0.2516687777394173
31524837162853106914970927937023324859549972142712837947307466091892225261466,7.0,0.505,7.0,0.249975,0.00020000000000000036,0.276025,0.0003794300630230562,0.24871568750123785,0.00027232473354619373,0.2520215494179007,0.00036549451235610276,0.25053100938280887
31524837162853106914970927937023324859549972142712837947307466091892225261466,3.0,0.525,3.0,0.24937499999999999,0.0,0.275625,0.00017331711332781,0.2497520191374168,0.00011612084960443697,0.2489636842950065,0.00014516168048386507,0.2492492564439543
12549329439768723757447473126270265958222737753602490443241853753834835964774,14.0,0.875,11.0,0.109375,0.0002250000000000004,0.7405905000000002,0.00046034663073499775,0.13123572583956755,0.00034647769445380076,0.14292580929847937,0.000664349170286374,0.13070685494848294
12549329439768723757447473126270265958222737753602490443241853753834835964774,7.0,0.685,7.0,0.21577499999999997,0.0002250000000000004,0.5743405000000001,0.0003702117371179237,0.21565541309600977,0.00027941324051959746,0.2212208979227396,0.00035448431510950936,0.2187847330088641
12549329439768723757447473126270265958222737753602490443241853753834835964774,3.0,0.805,3.0,0.15697499999999998,0.0,0.012065500000000002,0.0001512162895344402,0.1587484396851922,0.00010513736113104528,0.16854839508792932,0.0001728649964912292,0.16295816482704054
62845506174961568779423218011850779853667713528074100549531530598438196023187,7.0,0.65,6.0,0.22749999999999998,0.00012500000000000022,0.10387500000000002,0.00033135340277537685,0.22715349570360815,0.0002416551409552075,0.2268904544115803,0.00027993196224256745,0.22758740993000776
62845506174961568779423218011850779853667713528074100549531530598438196023187,3.0,0.78,3.0,0.17159999999999997,0.00010000000000000018,0.08825000000000004,0.00014597584686312415,0.1753531533107507,0.0001051222254470123,0.1728580139853512,0.0001621068392972862,0.17288270325504784
39741468584944427961625620706633894157832774130077499570942932667452099381474,14.0,0.58,13.0,0.2436,0.000550000000000001,0.09645000000000001,0.0006972794371075353,0.24802001339344404,0.00048686979546077474,0.25064246520958217,0.0006766451913798619,0.24470570212059184
39741468584944427961625620706633894157832774130077499570942932667452099381474,7.0,0.66,7.0,0.2244,0.0003250000000000006,0.05057499999999999,0.00039098727631544316,0.22592562379824208,0.00028089372566044064,0.22604622179776063,0.0003805928674540275,0.2276404773580623
39741468584944427961625620706633894157832774130077499570942932667452099381474,3.0,0.67,3.0,0.2211,0.0002250000000000004,0.04812499999999999,0.0001549380285855371,0.2246536533499409,0.00012168341692145016,0.22462069388629338,0.00012880923351029375,0.22509965079598276
9985510571211594606436989364549728150268400968429116207816527248582274291346,30.0,0.795,30.0,0.16297499999999998,0.0008040000000000013,0.42574149999999994,0.0014739933310059744,0.1872395604450117,0.0011342480295987766,0.18871362578015094,0.0018622558555879787,0.20569343355244393
9985510571211594606436989364549728150268400968429116207816527248582274291346,14.0,0.595,14.0,0.240975,0.00030400000000000056,0.39904149999999994,0.0007529030246471031,0.2437693188638828,0.0005438441957504201,0.2485185194048615,0.0007447435277082864,0.24275986287102966
9985510571211594606436989364549728150268400968429116207816527248582274291346,7.0,0.615,7.0,0.236775,4.0000000000000074e-06,0.3869415,0.00041161762091564087,0.24090281821231138,0.0002539245688036596,0.23895319646068336,0.00035624282147681804,0.23890567240580787
9985510571211594606436989364549728150268400968429116207816527248582274291346,3.0,0.6645,3.0,0.22293975000000002,0.0,0.38180525,0.00015896149430609424,0.2253973804726177,0.00013372419008506541,0.2236535265933469,0.00013418106360616272,0.2242546885298397
82119958237081758677918439470819050029950877296378968244354582356342459672280,30.0,0.425,30.0,0.24437499999999998,0.0002615000000000004,0.49543049999999994,0.0015764681259982738,0.2526523697887295,0.001177595569818001,0.25497167781358576,0.001545829014295136,0.25471563356424104
76933537925012734145765275699601048762126632349350063097961046011216440685536,7.0,0.4,6.0,0.24,0.00032499999999999917,0.790075,0.0003259796236176404,0.24382002771967046,0.0002371061829851126,0.24102907768370205,0.00027994848920114126,0.23872056793612345
76933537925012734145765275699601048762126632349350063097961046011216440685536,3.0,0.235,3.0,0.179775,9.999999999999963e-05,0.771425,0.00015928497013708838,0.17996678043648348,0.00013146115160739922,0.18077525503388692,0.0001828566282882205,0.1855343762128034
68046695472248272727543027597015771748863497493648721835081384395985280231101,30.0,0.895,30.0,0.09397499999999999,0.00144825,0.0006722499999999995,0.0013020731829193033,0.16853113548763177,0.0011263475296327133,0.17573080891375095,0.0016812549123485104,0.18006495767134015
36983600554365577850917051019051094208107094324057250177743040919797354737778,30.0,0.375,19.0,0.234375,0.0008025,0.1893475,0.0009925253060785058,0.24224069842756663,0.0007771813744653946,0.23780591916178836,0.0009289857767083715,0.23579250404225974
36983600554365577850917051019051094208107094324057250177743040919797354737778,14.0,0.35,14.0,0.22749999999999998,0.0005774999999999997,0.16039750000000003,0.0007207215427740897,0.22749321931886418,0.000538728113884208,0.23503558691882706,0.0007236573618533996,0.23717577210544596
36983600554365577850917051019051094208107094324057250177743040919797354737778,7.0,0.36,7.0,0.2304,0.0001525,0.029872499999999996,0.0003631674210787157,0.23301486504129976,0.00027264157443392735,0.23396414022147682,0.0003652507240884922,0.2348078378260709
50056291296373013403053264672448796961558656386670931029485176637893947669174,30.0,0.225,30.0,0.174375,0.001524999999999993,0.49849999999999983,0.0013105392154618713,0.20728653568698635,0.0010963588874363698,0.19408039691833792,0.0013262664606741926,0.2149714346512431
50056291296373013403053264672448796961558656386670931029485176637893947669174,14.0,0.675,14.0,0.219375,0.0010249999999999918,0.45039999999999986,0.0007808623572378609,0.22918278007332968,0.0005727098369613865,0.22296861886518266,0.000758089284391651,0.2233805907301492
50056291296373013403053264672448796961558656386670931029485176637893947669174,7.0,0.535,7.0,0.248775,2.4999999999998934e-05,0.42254999999999987,0.0003966599083784537,0.24870464952335353,0.0002738091873310418,0.2527092620041735,0.0003265728452020128,0.25019435282910896
50056291296373013403053264672448796961558656386670931029485176637893947669174,3.0,0.635,3.0,0.231775,0.0,0.34922499999999995,0.00017285446196039822,0.23154032129464197,0.0001235765173089177,0.23799407997820574,0.00013051299991739796,0.23266489257274808
99535854150125584073372680075762028968693385870149483240170023512322890475476,30.0,0.055,30.0,0.051975,0.0014702500000000002,0.039721750000000014,0.0007874415552957237,0.08615352289898617,0.0006573174509347904,0.09012995036689495,0.0007666662966196037,0.0968656841620583
99535854150125584073372680075762028968693385870149483240170023512322890475476,14.0,0.1125,15.0,0.09984375,0.0005522499999999999,0.0028625000000000005,0.0005797047496877641,0.1266431152481999,0.000562533986525337,0.135467351240136,0.0006146534840292347,0.13559253664948268
39443918324442602525428223041257410658707746510045404761868651946682646297702,30.0,0.575,28.0,0.244375,0.0016547500000000004,0.23468275000000002,0.0015278678524864875,0.25827215418127397,0.0010699618357306088,0.2561411092581434,0.0015822034081067326,0.25128242674432466
39443918324442602525428223041257410658707746510045404761868651946682646297702,14.0,0.095,14.0,0.08597500000000001,0.0015547499999999997,0.0025827500000000004,0.0005097995985357209,0.12092941373094744,0.00043339487338846586,0.11772664391272386,0.0004967132032848834,0.11644581124783157
16581159092118702962412590502551978746865251171601054389828093232030979416235,14.0,0.155,11.0,0.130975,0.0007084999999999992,0.022396,0.00046503318587853696,0.15064599309533513,0.0004036374422859887,0.14761304652529023,0.0004517533424818197,0.15676902329438194
16581159092118702962412590502551978746865251171601054389828093232030979416235,7.0,0.225,7.0,0.174375,0.0007084999999999992,0.017495999999999998,0.00033267228435249885,0.17409080692790382,0.00025738020463852816,0.17536227780055882,0.0003432261192664473,0.180469776891751
16581159092118702962412590502551978746865251171601054389828093232030979416235,3.0,0.135,3.0,0.116775,5.85e-05,0.009396000000000002,7.810421811955766e-05,0.1251653050950584,0.0001020348581287593,0.12882362844422265,9.687643308874412e-05,0.12814608358778348
45856089317502547038877160995978623235234395797478733770184338813414738814133,14.0,0.5,13.0,0.25,0.0005250000000000009,0.24493050000000008,0.0006787545601820839,0.251308172720634,0.0005418233657334815,0.2529332393134165,0.0006065332437446817,0.25147415296785547
45856089317502547038877160995978623235234395797478733770184338813414738814133,7.0,0.5,7.0,0.25,0.0002250000000000004,0.24493050000000008,0.00040948253254597755,0.25055702711791683,0.000269630159308653,0.25889642361207144,0.000334699867384149,0.2498949647407133
45856089317502547038877160995978623235234395797478733770184338813414738814133,3.0,0.495,3.0,0.249975,0.00010000000000000018,0.24493050000000008,0.00016065900349656212,0.25116293086462216,0.00011422937802276982,0.24919360734355978,0.00014633488593936682,0.25007498336784145
52359056386318674274700947714564813468057007010943077759310317618217714862148,7.0,0.49,7.0,0.2499,0.00030000000000000057,0.56935,0.00040746701386425556,0.2525832484772982,0.0002615995483306069,0.25405526499566955,0.00034367944314982294,0.2499422948586268
52359056386318674274700947714564813468057007010943077759310317618217714862148,3.0,0.405,3.0,0.240975,0.0,0.560325,0.00017165926899026418,0.24193163451043895,0.00011910771096760447,0.23873059596674384,0.00011947256690109125,0.24005301042296925
67468426477709602554310208148215284365777653659253739974001179907439821099486,7.0,0.0585,7.0,0.05507775,0.0001640000000000002,0.012210249999999999,0.00021739993205215262,0.07736561508961125,0.00018342116384826212,0.08123526310587917,0.000185334674777032,0.07010491757773392
67468426477709602554310208148215284365777653659253739974001179907439821099486,3.0,0.074,3.0,0.068524,0.0001640000000000002,0.005132500000000002,8.364093526287548e-05,0.09310609418155881,6.883733691142658e-05,0.0849323341124066,8.056473055110725e-05,0.0945888916372558
96356855469354545871156619640805425995192269981885912633483310168891595359056,14.0,0.455,9.0,0.24797499999999997,0.00024999999999999935,0.27692500000000003,0.00047419050886853063,0.2506139604531654,0.00034984036464992416,0.2542057598054405,0.0004855789520338074,0.24833915417801158
96356855469354545871156619640805425995192269981885912633483310168891595359056,7.0,0.46,7.0,0.24840000000000004,0.0002249999999999993,0.27692500000000003,0.00040371280075560497,0.2477050997892018,0.00028533388446587817,0.248211877120644,0.0003678675955073121,0.2487503961507963
96356855469354545871156619640805425995192269981885912633483310168891595359056,3.0,0.435,3.0,0.24577499999999997,9.999999999999907e-05,0.276525,0.0001626967353299847,0.24607610331542987,0.00011848080263924969,0.2458141901120043,0.00012696862287051692,0.246066965553626
40323545806742244825805736034437368571548913358107596720995770224513902828242,7.0,0.31,7.0,0.21389999999999998,9.999999999999963e-05,0.38942550000000004,0.00035128749693292925,0.21916903163561202,0.0002767282341662797,0.21663931366865818,0.00037115125680744376,0.21827804554941074
40323545806742244825805736034437368571548913358107596720995770224513902828242,3.0,0.475,3.0,0.24937499999999999,0.0,0.2751005000000001,0.00017931187375175504,0.24849829745479596,0.00011306358132915614,0.2506869533735451,0.00014609194881225104,0.2498806116748197
72555056357153189253688576179029472137869412636873618920673852647910756044795,30.0,0.625,30.0,0.234375,0.0015999999999999918,0.2990125,0.0016025078996703935,0.2420787207715584,0.0010924346445721066,0.23969052072234057,0.0017699011548668094,0.240836982361785
72555056357153189253688576179029472137869412636873618920673852647910756044795,14.0,0.585,14.0,0.24277500000000002,0.0008499999999999971,0.2509125,0.0007507235554545627,0.24960676635022364,0.0005391127473894179,0.24616731273579368,0.0007250691157094978,0.24247194200411887
72555056357153189253688576179029472137869412636873618920673852647910756044795,7.0,0.685,7.0,0.21577499999999997,0.00020000000000000036,0.2340125,0.0003937854431786708,0.21853525580993016,0.000244912590187501,0.22295126760044182,0.000368898697905987,0.2160415863201176
72555056357153189253688576179029472137869412636873618920673852647910756044795,3.0,0.51,3.0,0.2499,0.0,0.2176875,0.00016468749483867216,0.2507468353140341,0.00011411236335975,0.24839596093704797,0.0001273344955605892,0.25022334645003785
64608332692655386624219169603174714750740291631647562666654835455208498486268,30.0,0.296,30.0,0.20838399999999999,0.0008965000000000004,0.049486499999999996,0.0014203370871475635,0.23145368509228653,0.001136662257226559,0.22783236241526805,0.0014723952791543618,0.23676048955856532
64608332692655386624219169603174714750740291631647562666654835455208498486268,14.0,0.183,14.0,0.14951099999999998,0.00032849999999999996,0.0114045,0.0005942947122364601,0.17172519455574822,0.0004437821130630497,0.17097387711388365,0.000618385053861612,0.17204204481634086
83072215710101175871081563765894926731657038656927257285040774204247563097609,30.0,0.0625,30.0,0.05859375,0.0008769999999999998,0.87890625,0.0008081780136519284,0.08702677929700933,0.0007854460786325814,0.10720420478327938,0.0008196671854770885,0.10189485800864435
83072215710101175871081563765894926731657038656927257285040774204247563097609,14.0,0.0745,14.0,0.06894974999999999,0.00016200000000000012,0.87890625,0.0004902328334480282,0.09959021890139116,0.00047470959917562966,0.12037469269159691,0.0004174421499720593,0.09827676835879062
83072215710101175871081563765894926731657038656927257285040774204247563097609,7.0,0.0715,7.0,0.06638775,8.45e-05,0.87890625,0.000225526076914944,0.07998249648913779,0.00018350774416271272,0.09233903295619823,0.00022243214504649906,0.0994093266199011
83072215710101175871081563765894926731657038656927257285040774204247563097609,3.0,0.069,3.0,0.064239,2.725000000000005e-05,0.87890625,8.970195445640095e-05,0.08684077788854873,8.67521082171982e-05,0.08343702799234397,7.993397618609777e-05,0.0896669285521892
79326079492570155881905150013619207802596812201952303547979497986019106100171,7.0,0.5,6.0,0.25,0.0002250000000000004,0.420125,0.0003189516112917376,0.2483711544867421,0.00022571667995662404,0.25454694835739633,0.00028608411607135645,0.24918851098052539
79326079492570155881905150013619207802596812201952303547979497986019106100171,3.0,0.365,3.0,0.231775,0.00020000000000000036,0.403225,0.00016045360856020284,0.23305172444749467,0.00010952539170995952,0.23352091550122736,0.00014655810659247625,0.23129667425349484
68397300146154670309816036090172676633892911639618244997323832346051103420886,7.0,0.235,6.0,0.179775,0.0005249999999999999,0.19885000000000003,0.0003178192250861991,0.18621972386230504,0.00023557402531942912,0.17670478050549313,0.00035460749377278145,0.19043072408502418
68397300146154670309816036090172676633892911639618244997323832346051103420886,3.0,0.225,3.0,0.174375,0.0004999999999999998,0.18162500000000004,0.00016299492895874572,0.17626615257390646,0.00013072044679296306,0.1792831589556523,0.00015895768954595085,0.1768993676593734
97503642261724785867170248516772631906389718468911934099041617819193390684815,14.0,0.5,12.0,0.25,0.0005250000000000009,0.111125,0.000678390406804174,0.24849643581377734,0.0004789387950088519,0.2582900747241055,0.0005695449682958742,0.24803457979269275
97503642261724785867170248516772631906389718468911934099041617819193390684815,7.0,0.78,7.0,0.17159999999999997,0.0002750000000000005,0.065025,0.00035727679284801696,0.1775997770446535,0.0002511159497618317,0.18430450276666577,0.00044765474586411816,0.18464533536227198
97503642261724785867170248516772631906389718468911934099041617819193390684815,3.0,0.76,3.0,0.1824,0.00012500000000000022,0.065025,0.000177223746317361,0.1886621365012976,0.00010912276428605074,0.18710484737633287,0.0001798452437468618,0.18658992442218472
71072033942543358092746595783705192338853499264598489041523740805922382816481,30.0,0.155,30.0,0.130975,0.0017262499999999995,0.007727249999999999,0.0011812592563812297,0.1713986236294894,0.0011092627969164501,0.189526062099111,0.0012485730149430435,0.17980700548281803
79257664732028887069117405366594466999618297202017979557044642464534957221675,14.0,0.142,14.0,0.12183599999999999,9.500000000000002e-05,0.03909150000000001,0.0006126050927601529,0.1498079635176749,0.0005386350496688616,0.15289063877740802,0.0005823011744216208,0.15303910370421206
66451749030190016203154517296658639831480600099694317572921696703605797937879,7.0,0.475,6.0,0.24937499999999999,0.0002250000000000004,0.22404999999999997,0.00033471857868284493,0.24998453286280836,0.0002080052345282438,0.25081425575994276,0.00026968757491127945,0.24909677742571582
66451749030190016203154517296658639831480600099694317572921696703605797937879,3.0,0.47,3.0,0.2491,0.0,0.22365,0.0001724576652487657,0.249309994377103,0.00012451454114087792,0.2498183689176712,0.00012658809614542448,0.24867960547402682
43214578783650551565050661228964951748905800335334196004410896101999020930160,30.0,0.14,25.0,0.12040000000000001,0.0007537500000000007,0.89080225,0.0010122712017875237,0.16035271199735845,0.000929702047127943,0.174568548302789,0.0010449754418768108,0.16522510791433637
43214578783650551565050661228964951748905800335334196004410896101999020930160,14.0,0.072,14.0,0.066816,0.0002950000000000008,0.88745,0.0004444080690673176,0.1047836835507967,0.0004117381160453489,0.08793293909167665,0.00045855601603362966,0.0955409694572539
44991324596525075439012612019518635320653905608020534178986690337400886983700,3.0,0.505,3.0,0.249975,0.0002250000000000004,0.18814999999999996,0.00017707416195818676,0.2503333752278946,0.00010920677431114936,0.25081937432862794,0.0001115808804963293,0.25016896092396945
45606492399475272060439017490274166563451148442894552070307922953611763751649,30.0,0.165,30.0,0.137775,0.00066225,0.00361525,0.0012979077135676397,0.1892992987431984,0.0011014637884295083,0.16958789113033956,0.0013049901683308501,0.17812459503089642
76809761131255305174563085621337434197956510341263600982501995457278117669614,7.0,0.31,6.0,0.21389999999999998,0.00012500000000000022,0.12122499999999997,0.0003183192958265155,0.21530749079413714,0.0002442381282045691,0.21635902857028433,0.00033576573576233476,0.2149685446428279
76809761131255305174563085621337434197956510341263600982501995457278117669614,3.0,0.325,3.0,0.21937500000000001,0.00010000000000000018,0.11992499999999998,0.0001512559341446208,0.21769527399733135,0.00012047546430745516,0.21984760070165646,0.00014650032369807316,0.2209299293549006
25909761165078452929889432790805073482028042602165635505156754809356023936939,14.0,0.32,13.0,0.2176,0.0002772499999999991,0.33917074999999997,0.0007068094682350248,0.21859046898519857,0.00047238093006328306,0.22150313196530966,0.0006337072964676198,0.2309126605082355
25909761165078452929889432790805073482028042602165635505156754809356023936939,7.0,0.863,7.0,0.118231,0.0002772499999999991,0.08200174999999996,0.00029811980895259557,0.14068984389407443,0.0002298402539212953,0.13887086611535607,0.0003456143870824514,0.1373433591859051
25909761165078452929889432790805073482028042602165635505156754809356023936939,3.0,0.7335,3.0,0.19547774999999998,0.0001562499999999989,0.041610499999999995,0.0001811561574166028,0.1954604083147138,0.00011201139063792841,0.19522789921958314,0.00014355011326389665,0.20009237736453422
17238294662764195883464448241802068880380045382813699564876711751505804625212,30.0,0.085,30.0,0.07777500000000001,0.0010377499999999998,0.0013022500000000005,0.0009966107585653026,0.12736596370979603,0.0010007901832015185,0.1331724344396725,0.0010135818860520511,0.12250337647641871
111098511815305333461136150460272626183935263570250422706652341149027899261464,7.0,0.615,6.0,0.236775,0.0003250000000000006,0.21175,0.0003118142863525867,0.23870053005153413,0.00022864516838258224,0.2379322642245766,0.0002935857965115538,0.23912438273317413
111098511815305333461136150460272626183935263570250422706652341149027899261464,3.0,0.375,3.0,0.234375,0.00010000000000000018,0.170125,0.00019334241766540028,0.2353330635769431,0.00010839609757807341,0.23513852772928773,0.00014009933151613665,0.237900808750047
28508563298912772074214719307109307518904085025750423135797235005006783326548,30.0,0.42,30.0,0.2436,0.0010249999999999947,0.099825,0.001620296750744211,0.25260839138559676,0.0011724575470651443,0.24973981481302976,0.0016241013580891614,0.25900302648026596
28508563298912772074214719307109307518904085025750423135797235005006783326548,14.0,0.415,14.0,0.24277499999999996,0.0004999999999999975,0.099825,0.0007402719425196236,0.2452223311551676,0.0005632378826627404,0.25132749944795657,0.0007215894688608371,0.24345465716086723
28508563298912772074214719307109307518904085025750423135797235005006783326548,7.0,0.395,7.0,0.238975,0.00010000000000000018,0.099825,0.00039658221209918856,0.24069856717189844,0.0002945799465515719,0.24340507049919882,0.0003229871959134197,0.24281518203576324
28508563298912772074214719307109307518904085025750423135797235005006783326548,3.0,0.395,3.0,0.238975,0.00010000000000000018,0.099825,0.00018677064147581,0.23890664812842244,0.00011428131814348962,0.23967284410029033,0.00010979021122537238,0.23795756925169795
92206458231325096769152348269441704588222763710040504959674288895806154976594,30.0,0.054,30.0,0.051084,0.00062625,0.010245750000000003,0.0007152885295886512,0.08822797088462316,0.0006577164655718609,0.09121835510874753,0.0007348895122080031,0.07992570836551613
92206458231325096769152348269441704588222763710040504959674288895806154976594,14.0,0.0575,13.0,0.054193750000000006,0.0004344999999999999,0.010245750000000003,0.0003706777283630748,0.08016267649375813,0.00034911114328666946,0.07064656071966768,0.00034300448566723163,0.07985952472265265
92206458231325096769152348269441704588222763710040504959674288895806154976594,7.0,0.066,7.0,0.061644,0.0004142499999999999,0.00472525,0.00021200434609720456,0.08522164496049545,0.00019737003690042173,0.0815672180658048,0.00018939347078534806,0.08920834079991088
92206458231325096769152348269441704588222763710040504959674288895806154976594,3.0,0.0825,3.0,0.07569375,0.00028999999999999984,0.00472525,7.083220520803165e-05,0.09036482277882112,8.704968510675524e-05,0.10135362784346771,0.00010328999427325541,0.10605365266335486
113967255285729983096369270222893793194300185054195401492031449617986822928022,30.0,0.355,18.0,0.22897499999999998,0.0010755,0.0694925,0.001002542520207338,0.23584232585148354,0.0006912793144725052,0.23611974340624223,0.0008772956573474749,0.23756912518959436
113967255285729983096369270222893793194300185054195401492031449617986822928022,14.0,0.445,14.0,0.24697499999999997,0.0009754999999999998,0.0541425,0.0007426210376347706,0.2511733595192702,0.0005830474904817303,0.24822251823122465,0.0007076130217163363,0.2473464009761224
113967255285729983096369270222893793194300185054195401492031449617986822928022,7.0,0.115,7.0,0.101775,0.0007755,0.006492500000000001,0.00025409976652661365,0.12377064096453651,0.0002071147267572536,0.12390600182090657,0.00025935193327278035,0.12135382005273204
18656969280055807953635292837576315441426790968558545464539221658071637340592,14.0,0.345,12.0,0.22597499999999998,7.499999999999957e-05,0.14925,0.0006049102009089373,0.2312766402850767,0.0004625702782810318,0.2258149191012101,0.0006021066886059713,0.23395057981569728
18656969280055807953635292837576315441426790968558545464539221658071637340592,7.0,0.335,7.0,0.22277500000000003,2.5000000000000045e-05,0.14925,0.0003544569648864488,0.22770062999393828,0.0002703070129217032,0.2317281946993977,0.00031219245009466367,0.22569966840599487
18656969280055807953635292837576315441426790968558545464539221658071637340592,3.0,0.365,3.0,0.231775,0.0,0.148625,0.00017300470395314825,0.2348257665312213,0.00010985494215688094,0.23535256066680055,0.0001434841378228725,0.23072108648813583
9150172187999749270028515736853734790361197935118480975845332252523455886710,14.0,0.64,12.0,0.2304,0.00024624999999999994,0.03126675000000002,0.0006689903049382932,0.23561078625216658,0.0004878013851966094,0.2405644224501371,0.0006346155327041454,0.23126249335512156
9150172187999749270028515736853734790361197935118480975845332252523455886710,7.0,0.93,7.0,0.06509999999999996,2.1249999999999537e-05,0.008791750000000011,0.00022921009767216737,0.10480238506419931,0.0002101231706500651,0.11495933829821442,0.00035023848431495127,0.10119432890433291
18725052319254497351373308163041547203867030963277585355159278276895060381013,7.0,0.5,6.0,0.25,0.00010000000000000018,0.5802999999999999,0.00035400539217380955,0.25004348971853063,0.00022271887683324347,0.25546194893317,0.0002885349739830845,0.25074586096215495
18725052319254497351373308163041547203867030963277585355159278276895060381013,3.0,0.695,3.0,0.21197500000000002,0.00010000000000000018,0.5534749999999999,0.00015192326890770675,0.21526097845855727,0.00010521946937353862,0.21663457549296772,0.00016084714899269672,0.2096818109285576
85757990385932534706988299079078754922989820036885446531805601375736781656061,7.0,0.055,7.0,0.051975,0.00029399999999999983,0.9409415000000002,0.0002260579699094473,0.08119296742312641,0.0001810219025467536,0.07766975991454837,0.0001860609202930413,0.0822212624302356
72726689376057766525913283428546969410626574455705147130029244269300743847897,3.0,0.245,3.0,0.184975,0.0,0.023794499999999996,0.00016246166479478227,0.18958545219703432,0.00011031954774695638,0.18675009423424374,0.00015911570473819026,0.18960256247505455
34264767528799095092721184890314240284913433712903162694603714880864452578901,7.0,0.405,6.0,0.240975,0.000649999999999999,0.1887905,0.00033051538889053054,0.2428040268204038,0.00023758470489476413,0.24321023364014252,0.0002890581074521301,0.242139905981441
34264767528799095092721184890314240284913433712903162694603714880864452578901,3.0,0.415,3.0,0.24277499999999996,0.00020000000000000036,0.1887905,0.00017791970857474642,0.24288267109179634,0.00012193912197109681,0.2474618984190991,0.00012957220843155373,0.24255541368290526
50687121186974660238195004657827181523184490118804827930288776035885523498962,30.0,0.0515,30.0,0.048847749999999995,0.0010912499999999998,0.0038655,0.0007142106045175548,0.09119470711785915,0.0006472832292706071,0.08822047155226154,0.0006688132107708486,0.07784235524070769
50687121186974660238195004657827181523184490118804827930288776035885523498962,3.0,0.059,3.0,0.055519,0.00032125000000000003,0.00344525,7.001932557094256e-05,0.06959904504269053,6.780636890311035e-05,0.06757044301973018,8.847166757352726e-05,0.07420194673040643
105492577477219588134242978490999229511934661984574714868659540712157271273221,30.0,0.615,30.0,0.236775,0.0008500000000000016,0.238125,0.0016135450191759467,0.24984490254422867,0.001145833935585722,0.2606744405590465,0.0016736122780491762,0.23763449402942805
105492577477219588134242978490999229511934661984574714868659540712157271273221,14.0,0.605,14.0,0.238975,0.0004000000000000007,0.238125,0.000732695647762996,0.24302127011033098,0.0005217791604694919,0.24152496017287065,0.0007394582941101313,0.235285711541336
105492577477219588134242978490999229511934661984574714868659540712157271273221,7.0,0.605,7.0,0.238975,0.00020000000000000036,0.238125,0.00040443341912781595,0.2409356792845555,0.0002756664344728724,0.2449227118366201,0.0003309427491747079,0.2394863205827667
105492577477219588134242978490999229511934661984574714868659540712157271273221,3.0,0.585,3.0,0.24277500000000002,0.00020000000000000036,0.237725,0.000153860676885048,0.24096749182636423,0.00011763716699919168,0.24326740692764312,0.00014074842252342304,0.24283713199211665
60447443643099453130956385288904175887233107411078568881602330835010340506057,3.0,0.0595,3.0,0.055959749999999996,4.999999999999967e-06,0.0036002499999999997,7.227578699938655e-05,0.07049214562922552,7.888342418521383e-05,0.060506840044826656,7.292338488207212e-05,0.07412769317682995
97954339861337592198517897825570585108397895633529524888621528267394350049120,30.0,0.275,30.0,0.199375,0.001100000000000002,0.555425,0.0013996259594060802,0.20564748289794868,0.001130963405819371,0.21335704190662164,0.0013516116933591238,0.22118244682234092
97954339861337592198517897825570585108397895633529524888621528267394350049120,14.0,0.255,14.0,0.189975,0.00020000000000000036,0.555425,0.0005988174085412887,0.20898769056499522,0.0005374767950472371,0.20320623599426463,0.000618384633611169,0.19843519996281195
97954339861337592198517897825570585108397895633529524888621528267394350049120,7.0,0.265,7.0,0.194775,0.00010000000000000018,0.555425,0.00037078998915421714,0.20286327979767388,0.0002617940070703432,0.1985888444659441,0.0003123967689757825,0.20237119262932596
97954339861337592198517897825570585108397895633529524888621528267394350049120,3.0,0.265,3.0,0.194775,0.00010000000000000018,0.555425,0.00015523705668717223,0.19713320512516877,0.00012422406619912174,0.19890406918998021,0.00016311211921444765,0.1970956345010373
85591360014553901122639944470433955734619827824747060905139752605613055473491,30.0,0.235,30.0,0.179775,0.0006987500000000008,0.10933525,0.0012970935090110163,0.20628976310102065,0.001156665617624321,0.20545975653238757,0.0012753086501530917,0.21042540593622217
85591360014553901122639944470433955734619827824747060905139752605613055473491,14.0,0.2135,14.0,0.16791775,0.0001375000000000002,0.01294375,0.0006195474004308998,0.18883544412903214,0.0005161159175120291,0.18898828907036674,0.0005887902280802553,0.19473827863477763
34035488952879944798183380521056943784932549445337288781019879017442446241801,14.0,0.455,13.0,0.24797499999999997,0.0007999999999999936,0.22247499999999998,0.0006946555918373229,0.25070314463133625,0.0004892451526647956,0.2548678171820932,0.0006656096985825637,0.25116830693730946
34035488952879944798183380521056943784932549445337288781019879017442446241801,7.0,0.575,7.0,0.244375,0.0005499999999999966,0.21622499999999997,0.00041361891774717566,0.2447148762230299,0.0002797136758414573,0.24824343575263647,0.0003581545405789892,0.24387823785274357
34035488952879944798183380521056943784932549445337288781019879017442446241801,3.0,0.54,3.0,0.2484,2.5000000000000045e-05,0.21622499999999997,0.0001683877458792815,0.2484781602137505,0.00012606773779008022,0.24821692267000398,0.00013008230525203996,0.2472484180733516
103921367649237605886104535173979078531662655072769163320410011491550422861515,30.0,0.285,30.0,0.203775,0.0007302499999999958,0.36919325000000003,0.0014309166473269336,0.22350745024432186,0.0011572124656243888,0.2349909763861463,0.0013612580077324255,0.22163365794104287
103921367649237605886104535173979078531662655072769163320410011491550422861515,14.0,0.275,14.0,0.199375,0.00043024999999999634,0.36919325000000003,0.000627368972095568,0.2080678423324327,0.000488997218653045,0.20841332537113264,0.0006120715002683642,0.2085521695003385
103921367649237605886104535173979078531662655072769163320410011491550422861515,7.0,0.275,7.0,0.199375,0.0002302499999999982,0.36919325000000003,0.00040547490895448,0.2029826695233966,0.0002629920183055051,0.2026088588835804,0.000320908965795354,0.206865105844349
103921367649237605886104535173979078531662655072769163320410011491550422861515,3.0,0.275,3.0,0.199375,3.0250000000000054e-05,0.36919325000000003,0.00015326098982649204,0.19884097797727102,0.0001140196886965399,0.2018093811964261,0.0001325855646880973,0.20396293772637228
66727432484386897976769439442978467842003919047162428967676349618599289059350,14.0,0.865,10.0,0.116775,0.00025000000000000044,0.624325,0.00041239047015431565,0.13556791342009938,0.00038232756312257815,0.14913376358385955,0.0006160448149146986,0.14172295891563208
66727432484386897976769439442978467842003919047162428967676349618599289059350,7.0,0.885,7.0,0.10177499999999999,0.00010000000000000018,0.624325,0.00023293174551000485,0.12647859380935794,0.0002288070553156324,0.12588900870853423,0.000307815137893241,0.12654312512441168
66727432484386897976769439442978467842003919047162428967676349618599289059350,3.0,0.795,3.0,0.16297499999999998,0.00010000000000000018,0.616225,0.00014988971581525166,0.17005836347023728,0.00010277650996414624,0.16703114649731127,0.00017017050529292535,0.1644245106684586
31867385211987925701696042012772036156561382644688734856312468506547392739862,30.0,0.355,30.0,0.22897499999999998,0.0006090000000000005,0.5697265000000001,0.0015074511203337431,0.24335336227610413,0.001149295542070729,0.2401960004271926,0.0014988459395617565,0.240637488792934
31867385211987925701696042012772036156561382644688734856312468506547392739862,14.0,0.255,14.0,0.189975,0.0004090000000000002,0.24472650000000004,0.0006584904289607876,0.20751481407083916,0.0005085842814427787,0.19304371401166825,0.0005975862528005642,0.2032388838957955
31867385211987925701696042012772036156561382644688734856312468506547392739862,7.0,0.155,7.0,0.130975,9.000000000000015e-06,0.2389265000000001,0.0002504335501979349,0.14992934215230258,0.00023867166545436274,0.1477931068240802,0.0003007767902032366,0.14133435027936397
31867385211987925701696042012772036156561382644688734856312468506547392739862,3.0,0.925,3.0,0.06937499999999996,9.000000000000015e-06,0.0026764999999999996,0.00011775370370656304,0.08123341140892021,7.160188950599824e-05,0.08213000814907007,0.0001311798350018485,0.0840247094986297
96534169166152854096329454744792001362581823994670367681021101858895578293045,30.0,0.235,29.0,0.179775,0.0014749999999999987,0.06795,0.0012432671939216424,0.1979637483594255,0.0010779584880783967,0.19809130834720726,0.0012720343411534126,0.2119796097903343
96534169166152854096329454744792001362581823994670367681021101858895578293045,14.0,0.23,14.0,0.1771,0.0008749999999999982,0.060024999999999995,0.0005821052262326524,0.18624299726512283,0.00046322525211971963,0.18676364736975276,0.0006116160887637077,0.1934103444339928
96534169166152854096329454744792001362581823994670367681021101858895578293045,7.0,0.23,7.0,0.1771,0.0005749999999999988,0.060024999999999995,0.0003353415717734913,0.17750543491511145,0.0002581413709867088,0.18204746557837534,0.0003719274865578144,0.1880629793782336
96534169166152854096329454744792001362581823994670367681021101858895578293045,3.0,0.245,3.0,0.184975,0.0,0.060024999999999995,0.000166840987626688,0.1872583268602625,0.0001311154034388623,0.19055331002996131,0.00015156322269458837,0.1842547023388289
106678571937457455958809864387370801964981219059432043784081301442916714846578,30.0,0.195,30.0,0.156975,0.00035774999999999967,0.02391875,0.0012890108063571349,0.19283793919276476,0.001123043816938887,0.1963914804509368,0.001280748715462846,0.1970873494440256
106678571937457455958809864387370801964981219059432043784081301442916714846578,14.0,0.185,14.0,0.150775,0.00010775,0.02391875,0.0005764095342437222,0.17596840555244275,0.0004929859417354025,0.16815681175630837,0.0005891582183268672,0.1778216229563498
45513813860398961340723481590130352932611791552209098368268600222240572304551,30.0,0.565,30.0,0.245775,0.000249999999999996,0.18922500000000006,0.0015995615138791558,0.253359408967884,0.0010848410416488211,0.266067371748884,0.00163649421778914,0.25450617930933
45513813860398961340723481590130352932611791552209098368268600222240572304551,14.0,0.565,14.0,0.245775,0.0,0.18922500000000006,0.0007464344983981816,0.2434633564633012,0.0005813485506184979,0.2519887528049694,0.0007151517501427419,0.24345169090965288
45513813860398961340723481590130352932611791552209098368268600222240572304551,7.0,0.565,7.0,0.245775,0.0,0.18922500000000006,0.0003744151093709673,0.24704983700431873,0.00026577848283801815,0.24824753963912155,0.0003563156462690551,0.2464409543934179
45513813860398961340723481590130352932611791552209098368268600222240572304551,3.0,0.565,3.0,0.245775,0.0,0.18922500000000006,0.000169663573716955,0.24582011768770745,0.0001045378829598294,0.24641510349850215,0.00012363928431231988,0.24598951898857307
103413914712036228924063773109954427325178628441071237874092051422860026932077,30.0,0.1165,30.0,0.10292775,0.0021974999999999994,0.01209475,0.0011229747931311566,0.14849521292815507,0.0010695353637400506,0.15468472365877928,0.0011951998372115571,0.15601116668259815
103413914712036228924063773109954427325178628441071237874092051422860026932077,14.0,0.0615,14.0,0.05771775,0.0009622499999999998,0.0091825,0.00038749934297112575,0.09002854023408936,0.00041767218377005056,0.08731298694279298,0.00041121486517952825,0.08283344105779017
103413914712036228924063773109954427325178628441071237874092051422860026932077,7.0,0.089,7.0,0.081079,0.00035775000000000005,0.00467525,0.0002285899428253911,0.10773459200759138,0.00021286703096789353,0.09933359100942125,0.000253195453662062,0.11748201800379919
92913318940777622630100028051362244419895100824181288774723539472960047282084,30.0,0.295,30.0,0.20797500000000002,0.0012362500000000002,0.14852525000000003,0.0013948488346199669,0.23024396156280416,0.001148659321384756,0.21551733219272967,0.001387086332521078,0.21394704872829684
92913318940777622630100028051362244419895100824181288774723539472960047282084,14.0,0.065,14.0,0.060775,0.00098625,0.0016252499999999997,0.0004579243584974396,0.09834869709865127,0.00041812977795069854,0.0827693639129606,0.0003751673653054005,0.08736247364021502
49345015435454771138193007403379547139527408154753724638074878108441566235712,14.0,0.505,12.0,0.249975,0.0002750000000000005,0.3165,0.0006961309572226665,0.24766362213789847,0.00045554825443438714,0.2548760636404184,0.0006115372533386704,0.2514973785607625
49345015435454771138193007403379547139527408154753724638074878108441566235712,7.0,0.765,7.0,0.179775,0.00025000000000000044,0.256075,0.00037328483702325657,0.18475184302242506,0.0002713811559622999,0.18144168918287387,0.0003661946659899095,0.17870179742619272
49345015435454771138193007403379547139527408154753724638074878108441566235712,3.0,0.54,3.0,0.2484,2.5000000000000045e-05,0.226025,0.00016152703461764432,0.25134048980961315,0.00011240860279171881,0.2475764560329746,0.00013653872830689988,0.24855266152368344
14729379386817258537354006783786102068178286988322042272817558435233867171838,30.0,0.25,30.0,0.1875,0.0001750000000000003,0.04712499999999999,0.0013392597483660106,0.21058857240704376,0.0012205450996446779,0.21612124440192107,0.0013234808053330343,0.19761125071460658
14729379386817258537354006783786102068178286988322042272817558435233867171838,14.0,0.245,14.0,0.184975,0.0,0.04712499999999999,0.000597926310065456,0.2084898113620022,0.0005036879337982742,0.19813439926946166,0.0006214850417179979,0.19928140564353786
14729379386817258537354006783786102068178286988322042272817558435233867171838,7.0,0.245,7.0,0.184975,0.0,0.04712499999999999,0.0003597094272135929,0.1888587051425808,0.00024876188462613077,0.18826617486679265,0.00035383684412370746,0.20021827585583196
14729379386817258537354006783786102068178286988322042272817558435233867171838,3.0,0.215,3.0,0.168775,0.0,0.046224999999999995,0.00015383047762940758,0.17328884019483834,0.000131193766672175,0.16922283541809705,0.00017423925318721143,0.1704955636000377
25742247876332768458781360292043764039507900813404980298479194684402595556451,30.0,0.085,30.0,0.07777500000000001,0.0011845000000000002,0.0012290000000000003,0.001063203411678425,0.12646267475300296,0.0009656129494018198,0.11883251551533808,0.0010264593007884354,0.14259092813796087
21073036183306482646419153837020651878528650973078673187749994751010291706748,7.0,0.5,5.0,0.25,2.5000000000000045e-05,0.26692499999999997,0.0002703814533478245,0.2491479389544794,0.00015760444138365374,0.2508047214321788,0.00020645864428278868,0.2496018191357435
21073036183306482646419153837020651878528650973078673187749994751010291706748,3.0,0.505,3.0,0.249975,0.0,0.26692499999999997,0.00016272811318015191,0.25040277758052815,0.0001153662581409184,0.2493894447628769,0.00012742368414934115,0.2503545328180154
81739002353269632749850710185641576213562066971072676369728657545679630163887,30.0,0.0515,30.0,0.048847749999999995,0.00031900000000000016,0.00144425,0.0006345505035593038,0.0766709106475409,0.0006774173898402211,0.08008271970477993,0.0007375288588361842,0.08977216896785092
81739002353269632749850710185641576213562066971072676369728657545679630163887,14.0,0.0635,14.0,0.05946775,0.00019899999999999999,0.00144425,0.0004022644841290458,0.09336939077475029,0.00037420347899690294,0.0956480259920094,0.00042615959557159975,0.08252885465000565
81739002353269632749850710185641576213562066971072676369728657545679630163887,7.0,0.0565,7.0,0.05330775,0.000128,0.00144425,0.00018549952103653994,0.07227194478724691,0.00019261015713731066,0.07719757674343829,0.00021956719262005098,0.0829811766180933
37580951153608291671752361319409812357181320282746009124994024655129888100388,7.0,0.675,6.0,0.219375,2.5000000000000045e-05,0.35274999999999995,0.00032563165375597226,0.21991980721904014,0.00023443520487846656,0.22182472342965587,0.00029035504575085325,0.21714424560423246
37580951153608291671752361319409812357181320282746009124994024655129888100388,3.0,0.59,3.0,0.2419,0.0,0.34824999999999995,0.00014626295289950112,0.2423735414515469,0.00010244059927311528,0.2445879375742259,0.00012077775602787548,0.2411354400207481
106375474957950325216310574475758720040204960312813504402765125784564118556875,7.0,0.395,6.0,0.238975,0.0,1.1305055,0.00032162458156157197,0.24259313876149202,0.00023602728439448654,0.2416926907252656,0.000299328848793755,0.24189028781462768
106375474957950325216310574475758720040204960312813504402765125784564118556875,3.0,0.59,3.0,0.2419,0.0,1.1164304999999999,0.00015766785512458944,0.2421287711461639,0.00011239561991196807,0.24174982315389681,0.00011578718389195186,0.2426085966601966
76739654636861628702156148330377173013795965846089610283369527946345444479181,30.0,0.48,30.0,0.2496,0.0009112499999999998,0.19244225,0.0016097867834111484,0.25885711333374695,0.0011291879655055028,0.25935382232486787,0.0016504030668934343,0.254055763971039
76739654636861628702156148330377173013795965846089610283369527946345444479181,14.0,0.31,14.0,0.21389999999999998,0.0007862499999999995,0.03596724999999999,0.0006972520874499856,0.21673227585885674,0.0005298071563967179,0.21544474755285026,0.0007256189451450968,0.22016890922869467
76739654636861628702156148330377173013795965846089610283369527946345444479181,7.0,0.142,7.0,0.12183599999999999,0.0001112499999999999,0.00574825,0.0003251598282039419,0.14832663626377596,0.0002469894127105587,0.15544295325357899,0.0003294908286860125,0.14732435434110885
5281664714662552554784229907628307736097721364941102951436794410498697584740,7.0,0.785,6.0,0.16877499999999998,9.999999999999796e-05,0.6646249999999999,0.0003014228341978174,0.16910913172089162,0.0002488096040898968,0.17295144274587293,0.000369598368028468,0.1775430394960888
5281664714662552554784229907628307736097721364941102951436794410498697584740,3.0,0.815,3.0,0.15077500000000002,0.0,0.664225,0.00016419299290596122,0.15640631473531547,0.00013704463003252993,0.1514865784762991,0.00015818307977599226,0.15406111402809827
40542708558078600758985136170565228055469895957059336909850805111683458816409,14.0,0.52,13.0,0.2496,0.00032499999999999836,0.20008050000000002,0.0007195296483467983,0.25881196301398535,0.0004807404606007646,0.25191175068649035,0.0007348006047123677,0.2504907528974344
40542708558078600758985136170565228055469895957059336909850805111683458816409,7.0,0.525,7.0,0.24937499999999999,0.00019999999999999814,0.20008050000000002,0.00038735676937237743,0.249972035476351,0.0002601791921888635,0.25783735931628526,0.0003200297666405424,0.2485354814091359
40542708558078600758985136170565228055469895957059336909850805111683458816409,3.0,0.575,3.0,0.244375,0.00019999999999999814,0.19758050000000002,0.0001596598889084414,0.24087610913429397,0.0001029316129700554,0.24433614730637415,0.000127192966197948,0.24473902711194861
71049853524333739156597726917603515961045695500750972072951572008071761456953,30.0,0.5,30.0,0.25,0.0019449999999999988,0.399376,0.001590375766467772,0.2527654603886776,0.0011906003880246888,0.26044714600396157,0.0016212037049008242,0.25715049505344384
71049853524333739156597726917603515961045695500750972072951572008071761456953,14.0,0.0715,14.0,0.06638775,0.00040224999999999907,0.274741,0.00044287958585716836,0.10091558532330197,0.00042943949890704935,0.09664992550255694,0.0004312049388467164,0.09854448914061624
71049853524333739156597726917603515961045695500750972072951572008071761456953,7.0,0.145,7.0,0.12397499999999999,0.0001439999999999996,0.24075550000000004,0.0002981690998972649,0.15740809852795248,0.0002747060575292574,0.15116029008768694,0.0003290440510520588,0.1546456083992366
71049853524333739156597726917603515961045695500750972072951572008071761456953,3.0,0.373,3.0,0.233871,0.0,0.15861500000000003,0.00015647014067008796,0.23322610791618728,9.756759848960856e-05,0.23971245232694663,0.00015341983337428222,0.23564525195457073
63073763662086612636405249367296500960550581639549005912496048924744046136400,30.0,0.175,25.0,0.14437499999999998,0.00178175,0.010594749999999998,0.001017793113361548,0.17846046796816786,0.0009232599825472959,0.18050060029391926,0.0010723107650291092,0.1800942730087282
63073763662086612636405249367296500960550581639549005912496048924744046136400,14.0,0.055,14.0,0.051975,0.0015817499999999994,0.0022447500000000002,0.00039484014072646583,0.07356369716359691,0.000382340771646483,0.08720965636733861,0.00042500108398449004,0.07962039969500129
63073763662086612636405249367296500960550581639549005912496048924744046136400,7.0,0.0565,7.0,0.05330775,0.0008527499999999998,0.0011225000000000002,0.00019784460316687595,0.08445480287109436,0.00020223426936823808,0.09074318431379741,0.00021516414879016105,0.07300207283422129
96953777232453381662255512939826773527069966082445028673688509704455566689209,14.0,0.475,12.0,0.24937499999999999,0.0002250000000000004,0.22625,0.000636565269701362,0.2504924092549599,0.0004706896969596346,0.2522289308907386,0.0005811241592107933,0.251309491849088
96953777232453381662255512939826773527069966082445028673688509704455566689209,7.0,0.47,7.0,0.2491,0.00020000000000000036,0.22625,0.00034510913360811157,0.2532731238423977,0.00028467295234068166,0.2521292191642292,0.00035219348578557495,0.2476280291712313
96953777232453381662255512939826773527069966082445028673688509704455566689209,3.0,0.49,3.0,0.2499,0.00012500000000000022,0.225625,0.00017735326575824155,0.2501023480315183,0.00010816042644261404,0.2503156013326817,0.0001400497089510992,0.25032142243337874
14493211428202416340481439449377404958458702441850790271590982074267004013721,30.0,0.51,28.0,0.2499,0.0007914999999999985,0.22900549999999997,0.0015737421739156505,0.25705624757916384,0.0010776150969896983,0.25927702293406285,0.001575731020863612,0.2580362348630303
14493211428202416340481439449377404958458702441850790271590982074267004013721,14.0,0.195,14.0,0.156975,0.00044149999999999956,0.06658049999999999,0.0005713330151624451,0.1751928978185738,0.0005230833118342158,0.1809329264822766,0.0005744295532615451,0.17680437797319834
14493211428202416340481439449377404958458702441850790271590982074267004013721,7.0,0.19,7.0,0.1539,4.1500000000000006e-05,0.0084055,0.0003076321202276798,0.1565509342319566,0.0002297273965669448,0.16690970880241207,0.0003108570345938858,0.1641486329881138
73348592430926237939145499087674836852947768215971800694544367449834873510352,14.0,0.455,12.0,0.24797499999999997,0.00030000000000000057,0.201175,0.0006833905610805665,0.24341392707628726,0.00048341134010949737,0.25598007673794604,0.0005825687594883102,0.24877809070094814
73348592430926237939145499087674836852947768215971800694544367449834873510352,7.0,0.69,7.0,0.2139,0.00025000000000000044,0.17825000000000002,0.00036993108297234226,0.219370983022774,0.0002489389591743609,0.22025967142235323,0.0003990691087319674,0.2204829826766886
73348592430926237939145499087674836852947768215971800694544367449834873510352,3.0,0.605,3.0,0.238975,0.0,0.17262500000000003,0.00014888384125526347,0.2403418556895789,0.00012231944905588402,0.2388473400658983,0.00014131353080254903,0.2407646278409598
80466862227762400456474037114326989569691448086113369690204721936360568404468,30.0,0.265,30.0,0.194775,0.0009249999999999972,0.44155,0.0013902452072744502,0.2032688238677659,0.001148793397582484,0.21979657781929582,0.0013826763619774406,0.21960277072996195
80466862227762400456474037114326989569691448086113369690204721936360568404468,14.0,0.575,14.0,0.244375,0.00022499999999999707,0.35340000000000005,0.0007801296901801824,0.24382201239438853,0.0005638650557513188,0.24647446140452622,0.0007367557650969716,0.2476029952801443
80466862227762400456474037114326989569691448086113369690204721936360568404468,7.0,0.445,7.0,0.24697499999999997,0.0,0.24782500000000002,0.00037596158673908463,0.24940124306987202,0.00026805416782641394,0.24997846907134202,0.0003050391478930725,0.2470743302484355
80466862227762400456474037114326989569691448086113369690204721936360568404468,3.0,0.61,3.0,0.2379,0.0,0.15055000000000002,0.0001799805045235965,0.23602723726139943,0.00011360966654339124,0.2376300385178672,0.00010869947822904534,0.23945911696009425
40374828728556401897123405667318202986560858057991807205936503296617019557660,7.0,0.34,6.0,0.2244,0.0008249999999999971,0.12087499999999998,0.0003595495476063811,0.2265190651288502,0.00023187815635552093,0.22566976629352226,0.0003338600745145666,0.22539695043713678
40374828728556401897123405667318202986560858057991807205936503296617019557660,3.0,0.34,3.0,0.2244,2.5000000000000045e-05,0.12087499999999998,0.00015313971989514542,0.2217843796165201,0.00011914513585757722,0.22498672314328957,0.00014082433037894778,0.22746220431992387
57378114416584071989038741124646063594166340424936627263702810314920490780576,7.0,0.44,6.0,0.24640000000000004,0.0005249999999999988,0.29362499999999997,0.00032634648685783566,0.24700993713283279,0.0002369194073770567,0.24859429781443265,0.0003147722912930345,0.24630149194677728
57378114416584071989038741124646063594166340424936627263702810314920490780576,3.0,0.475,3.0,0.24937499999999999,0.0,0.29362499999999997,0.00016798185639206126,0.2492202471136428,0.00010793485773200124,0.24921845274797483,0.0001212961769906488,0.2495285805469105
61484911442819768993545660574386252436777760898468221779909064575380505264046,7.0,0.225,7.0,0.174375,0.0003499999999999995,0.04202499999999999,0.0003379027745186593,0.18000200753031892,0.0002585614719535826,0.1805050409310493,0.0003821976502119253,0.1752561203508497
61484911442819768993545660574386252436777760898468221779909064575380505264046,3.0,0.22,3.0,0.1716,0.00012500000000000022,0.04202499999999999,0.0001766458745004374,0.17154766734933546,0.00010111329694451878,0.17130721113287678,0.00018897409438772868,0.1729435919612316
21742633143463906290569050155826241533067272736897614950488156847949938836455,30.0,0.5075,30.0,0.24994375,0.0019152500000000027,0.18667050000000002,0.0015833348261580825,0.25777764081935756,0.0011770303644654517,0.2653796371787815,0.0016605009952433856,0.2541715278217948
21742633143463906290569050155826241533067272736897614950488156847949938836455,14.0,0.6475,14.0,0.22824375000000002,0.0008055000000000023,0.18163425000000002,0.0007164388450439305,0.22928878715195153,0.000538034811773463,0.23247362835433905,0.0007752019208087549,0.22951231911016015
21742633143463906290569050155826241533067272736897614950488156847949938836455,7.0,0.6655,7.0,0.22260975,0.0006042500000000017,0.17996000000000004,0.0003920070976067459,0.2239327055120116,0.00027419511946945356,0.2210220908800531,0.000393271759430788,0.22606794920018264
21742633143463906290569050155826241533067272736897614950488156847949938836455,3.0,0.5585,3.0,0.24657775,5.5250000000000706e-05,0.17688400000000004,0.00017810481209921998,0.24681446106724844,0.00012017169802794252,0.24670589390723058,0.00010960398541493967,0.24597993247544253
103864131794756285503734468197278890131080300305704085735435172616220564121629,30.0,0.075,30.0,0.069375,0.0019537499999999993,0.021519249999999997,0.000954556943581639,0.115774324875255,0.0009088788491300248,0.12353512960945455,0.000987262312312795,0.12207041839878134
103864131794756285503734468197278890131080300305704085735435172616220564121629,14.0,0.12,14.0,0.1056,0.0010429999999999994,0.016001,0.0005585172093956447,0.13847666815526644,0.0005180300858198885,0.14231027205814034,0.0005945277664195655,0.13535112069654465
41363179555803964193865225014057621561864035628882209196629573070642914610300,7.0,0.645,7.0,0.22897499999999998,0.00020000000000000036,0.275025,0.00040634183268676335,0.22761202539829856,0.000280341609318221,0.22556140911638192,0.0003272462149543539,0.2313749652849056
41363179555803964193865225014057621561864035628882209196629573070642914610300,3.0,0.665,3.0,0.222775,0.0,0.275025,0.00014068133123568518,0.2246227698887763,0.000139178129043949,0.22354170206726987,0.00013516694020901008,0.22204562264093614
39108014906147153132558864303811863989716119429482110734018531773663181557097,30.0,0.56,30.0,0.24639999999999998,0.0006249999999999956,0.16132500000000002,0.001585041792441487,0.24869904335119933,0.0012281701800793392,0.2600980953610076,0.0016411838977919075,0.2529461046465228
39108014906147153132558864303811863989716119429482110734018531773663181557097,14.0,0.545,14.0,0.247975,0.0002999999999999983,0.16132500000000002,0.0007707876571870845,0.2479406926790125,0.0005523253746596562,0.2547439790216724,0.0006911085833590175,0.24861013728611148
39108014906147153132558864303811863989716119429482110734018531773663181557097,7.0,0.565,7.0,0.245775,0.00010000000000000018,0.16132500000000002,0.00036866568730381456,0.2452726417936999,0.00026435292207910755,0.24889627044244209,0.00031426658520514574,0.24296552521107417
39108014906147153132558864303811863989716119429482110734018531773663181557097,3.0,0.615,3.0,0.236775,0.00010000000000000018,0.15602500000000002,0.00017665534896677348,0.2372090971330975,0.00012369493012145938,0.23654819157848073,0.00016453716152641122,0.23648850135109614
50143980393435996217714022897965886420387298227054033598176282877756178368402,30.0,0.285,22.0,0.203775,0.0007999999999999981,0.11642499999999999,0.0010214523220441615,0.21561861002562696,0.0007996961594065941,0.2230980212731712,0.0010161414161300585,0.2105339038776445
50143980393435996217714022897965886420387298227054033598176282877756178368402,14.0,0.305,15.0,0.21197500000000002,0.0003999999999999996,0.07922499999999999,0.0007090948919026252,0.2116657988668386,0.0005411804171933813,0.2228994007619888,0.0006829795934526761,0.21921603658093405
50143980393435996217714022897965886420387298227054033598176282877756178368402,7.0,0.085,7.0,0.07777500000000001,0.0003999999999999996,0.030825000000000005,0.0002455996641498598,0.1071843621358725,0.0002073312755116991,0.10604314662963243,0.00023771788287009203,0.10852491852820957
50143980393435996217714022897965886420387298227054033598176282877756178368402,3.0,0.105,3.0,0.093975,0.0,0.030825000000000005,9.382709710994012e-05,0.10112191795771697,7.414711158786776e-05,0.11015119017615398,9.816652133299692e-05,0.11922958901299228
96373820678872994374405098344491569878006070440643082823767886644208304598447,7.0,0.575,6.0,0.244375,0.0,0.676675,0.00035260032262932463,0.2488411660960331,0.00023296825837981034,0.24617427645694825,0.0002617342498762819,0.2459644844550376
96373820678872994374405098344491569878006070440643082823767886644208304598447,3.0,0.85,3.0,0.1275,0.0,0.6373500000000001,0.00012959360186947847,0.13379423841995283,9.586505126966392e-05,0.13401965124160065,0.0001524424827699513,0.12477582928339245
66708449127205163895905714691226347000740223837659556194887036210715316720594,7.0,0.34,5.0,0.2244,1.0000000000000019e-06,0.32955750000000006,0.0002844038878973232,0.22441023466971818,0.00016591846136257353,0.22652274841555667,0.000261900381550385,0.22713020345522922
66708449127205163895905714691226347000740223837659556194887036210715316720594,3.0,0.935,3.0,0.060774999999999954,1.0000000000000019e-06,0.0040325000000000005,7.707927760783353e-05,0.07823980308901458,7.432996137500624e-05,0.07170200809845446,0.00012336833926215933,0.06983551742202954
46057387741351405101467618572506222587481846397503150276396678936624442925907,3.0,0.44,3.0,0.24640000000000004,9.999999999999907e-05,0.11704999999999999,0.00017281374772577668,0.24637831887228429,0.00011495658344907291,0.24815695581442024,0.00012460629575455743,0.2463704384290829
2222237658694561623137798292003148933038666782480344196213274856537100474798,7.0,0.355,6.0,0.22897499999999998,0.0006499999999999974,0.255725,0.0003196139594824998,0.2330715178691215,0.00022702137891800713,0.2310786080162027,0.0002996914237671126,0.2299605278472221
2222237658694561623137798292003148933038666782480344196213274856537100474798,3.0,0.275,3.0,0.199375,0.0003999999999999985,0.252125,0.00014514681364958493,0.2006768067317551,0.00010291284340415288,0.1983465762078098,0.00013465117706655354,0.2009253784760805
85975130767219596412057108166141445703777898379611360487270296100474119092646,14.0,0.835,9.0,0.13777500000000004,0.0007749999999999969,0.58895,0.0004246060550036911,0.1476633461787345,0.00035359901692700506,0.15344056971638298,0.0005298841625185255,0.15481601405460957
85975130767219596412057108166141445703777898379611360487270296100474119092646,7.0,0.815,7.0,0.15077500000000002,0.00037500000000000066,0.58735,0.00035338066496490544,0.16225318429125252,0.00024133010892290408,0.1598609010475077,0.0004079515237859161,0.15969923587050316
85975130767219596412057108166141445703777898379611360487270296100474119092646,3.0,0.81,3.0,0.15389999999999995,0.00010000000000000018,0.58645,0.00015438241305220832,0.16402264405876213,0.00012540987995510134,0.15905351991005495,0.00018847176794597575,0.156282182928545
27413838353174106032543688429086466524477590332994852162615655865819795164419,30.0,0.73,21.0,0.1971,0.0006652500000000022,0.08893824999999993,0.0011175811351013967,0.20551155259740667,0.00075819211396515,0.20876960883683804,0.0012448886525045979,0.20838958231002558
27413838353174106032543688429086466524477590332994852162615655865819795164419,14.0,0.655,14.0,0.22597499999999998,0.0003152500000000016,0.03231325,0.0007861736279400915,0.23132282060748588,0.0005073403698148723,0.23634194887215032,0.0007971982118275653,0.22708756641486288
27413838353174106032543688429086466524477590332994852162615655865819795164419,7.0,0.875,7.0,0.109375,0.0003152500000000016,0.009263250000000002,0.00023546792677428207,0.1361807025951972,0.00023247169353928163,0.14531504574254592,0.00037615325333304085,0.1276618535270378
27413838353174106032543688429086466524477590332994852162615655865819795164419,3.0,0.895,3.0,0.09397499999999999,9.025000000000122e-05,0.005388249999999995,0.00011003520151680698,0.10083372306602477,7.252556726801316e-05,0.09876419240408002,0.00015693405811391875,0.09990852683859121
28361600040624623099177233767485439434038685821530406230501166593248182856762,30.0,0.25,29.0,0.1875,0.00027499999999999996,0.370925,0.0013018213717612944,0.21767938511713528,0.0010785822865170451,0.22039049933952787,0.0013233164724746438,0.214613938005281
28361600040624623099177233767485439434038685821530406230501166593248182856762,14.0,0.27,14.0,0.1971,0.00012499999999999968,0.370525,0.0006129811015925961,0.2126117383226906,0.0005396178662222229,0.20913454785842014,0.0006057067962667681,0.21124698253594282
28361600040624623099177233767485439434038685821530406230501166593248182856762,7.0,0.285,7.0,0.203775,0.0,0.370525,0.0003319413802075435,0.20653333699218066,0.00024612850245516333,0.20895240730600836,0.00033004333197919497,0.21035672553167928
28361600040624623099177233767485439434038685821530406230501166593248182856762,3.0,0.355,3.0,0.22897499999999998,0.0,0.367625,0.00016276017660968886,0.23283122736332815,0.00011822716392282578,0.22767835389264696,0.0001484550376710808,0.22648623155696318
108824041756334265932712542158056184231093783052694469659834059673122066748832,7.0,0.65,6.0,0.22749999999999998,0.0003250000000000006,0.11907499999999997,0.00035118402497921324,0.2290390285903188,0.0002093444606675031,0.22927206617962234,0.0003027697478905474,0.22577492768023405
108824041756334265932712542158056184231093783052694469659834059673122066748832,3.0,0.675,3.0,0.219375,0.0,0.11657499999999997,0.0001739295483006934,0.2175459384115047,0.00010366970265268505,0.21975200780703225,0.00014493242836611711,0.22340318322527417
56298843173176165286659806487260545841523516277139567496842895494478628197975,14.0,0.435,10.0,0.24577499999999997,0.0004999999999999998,0.354025,0.0005542100039340007,0.24859013523129367,0.0004066823230670733,0.2509169949607431,0.0004848090945210002,0.24801757922173961
56298843173176165286659806487260545841523516277139567496842895494478628197975,7.0,0.425,6.0,0.24437499999999998,0.00039999999999999964,0.354025,0.0003289813644637077,0.24517183069999432,0.00023422090580832954,0.24702064047338682,0.00027007449141265246,0.2456761222427416
56298843173176165286659806487260545841523516277139567496842895494478628197975,3.0,0.425,3.0,0.24437499999999998,0.00019999999999999925,0.354025,0.00015510642864299508,0.2451916993409428,0.00012059794985705783,0.24571915177600992,0.00010073316327066875,0.24369569641090463
39789421119498288508857488270426483855925597411458015308718893464089565830559,3.0,0.105,3.0,0.093975,0.0,0.011024999999999998,0.00011003429610370094,0.1026593596043967,7.694863791938276e-05,0.11222070054139151,0.00010468239264882799,0.11179225728555867
25444892959365321587914349806872345232082796336723950538669137058165381427284,30.0,0.195,21.0,0.156975,0.0004499999999999997,0.3711555,0.0008840304013456932,0.18272778802531664,0.0007778317275106013,0.18372383191331632,0.0008317612057229773,0.1819424671806327
25444892959365321587914349806872345232082796336723950538669137058165381427284,14.0,0.21,14.0,0.1659,2.5000000000000045e-05,0.35290550000000004,0.000608300312091558,0.1953103351595523,0.00046448509397394635,0.19431406360856912,0.000599478733992126,0.1951104122365375
25444892959365321587914349806872345232082796336723950538669137058165381427284,7.0,0.45,7.0,0.24750000000000003,0.0,0.22983050000000005,0.00041500665761128193,0.24655454378007546,0.000256067311379769,0.25044379036196884,0.0003381652453737488,0.24696878711887038
25444892959365321587914349806872345232082796336723950538669137058165381427284,3.0,0.625,3.0,0.234375,0.0,0.15365550000000003,0.00018735041532535343,0.2340630545890007,0.00012731722037686273,0.23403471750378446,0.00014152232114755545,0.23387212387632966
72434460309427898004674696764153066565237298072408402131497058701161364650505,30.0,0.665,30.0,0.222775,0.0008500000000000015,0.05739050000000001,0.001532084581636262,0.22105137513742523,0.0011666142024977606,0.24066059701096457,0.0017513705722170148,0.2300589973719446
72434460309427898004674696764153066565237298072408402131497058701161364650505,14.0,0.735,14.0,0.194775,0.0005000000000000009,0.05499050000000002,0.0007508600425578982,0.1981413197858053,0.0005145123459049462,0.20521809808400845,0.0008128265777389849,0.21209448372902248
72434460309427898004674696764153066565237298072408402131497058701161364650505,7.0,0.745,7.0,0.189975,0.0004000000000000007,0.05499050000000002,0.0003612194146845054,0.19879146635163117,0.00029234754208891687,0.19275154337503586,0.00035689845560331725,0.19828871005776874
72434460309427898004674696764153066565237298072408402131497058701161364650505,3.0,0.765,3.0,0.179775,0.00020000000000000036,0.05499050000000002,0.00015576702792163176,0.18602830728203426,0.00010422548177944908,0.18108923510355923,0.00017593302011105851,0.1824818885415281
926377706175971731068420551849041218012736398250875962020506643091812084572,30.0,0.405,30.0,0.240975,7.499999999999957e-05,0.6088045,0.001530762286721948,0.24861575575891912,0.0011227812204481532,0.2504418671314494,0.0015673797300368225,0.25277731679576215
926377706175971731068420551849041218012736398250875962020506643091812084572,14.0,0.175,14.0,0.14437499999999998,0.0,0.5262795,0.0005485535392597353,0.1717152972256455,0.00048397718814221363,0.16118892775609323,0.0005839970273521983,0.17119201262232805
926377706175971731068420551849041218012736398250875962020506643091812084572,7.0,0.315,7.0,0.21577500000000002,0.0,0.08797949999999997,0.00035846951581889106,0.2165172667295088,0.000248905450100243,0.22284596033110707,0.0003781766220512081,0.21557759699610343
926377706175971731068420551849041218012736398250875962020506643091812084572,3.0,0.16,3.0,0.1344,0.0,0.07240449999999998,0.00016669017550385593,0.1393183088009079,0.00010096903883150782,0.14131925931437841,0.00016079864363535034,0.1309230155548833
68651215661669695672235506829747686724194100790999648420763714425224567728520,30.0,0.055,30.0,0.051975,0.0007604999999999998,0.0060675,0.0007659664061490479,0.09448721514969881,0.0007436919301346209,0.10187090717813244,0.0007812239456157674,0.08410437070248034
70563299267515386481251787764905458483722161674933642786238649081287869119194,30.0,0.71,30.0,0.20590000000000003,0.0019769999999999996,0.6870005000000001,0.001559651464670599,0.22230999279892905,0.0012022587415054977,0.2228520191157245,0.0017312609273547825,0.22343687017929334
70563299267515386481251787764905458483722161674933642786238649081287869119194,14.0,0.665,14.0,0.222775,0.000776999999999997,0.6629755,0.0007414358226564236,0.2311001694119821,0.0005415589840592234,0.2311893571525207,0.0008012690968945582,0.22321894433634262
70563299267515386481251787764905458483722161674933642786238649081287869119194,7.0,0.73,7.0,0.1971,0.0002270000000000004,0.6610505000000001,0.000402816126852074,0.19970075911214838,0.00026156850645329326,0.20464775134263083,0.0004019721061002406,0.1995129016118725
70563299267515386481251787764905458483722161674933642786238649081287869119194,3.0,0.275,3.0,0.199375,2.0000000000000037e-06,0.5249005000000001,0.00016994818366143638,0.2023925596374413,0.00011123817430620339,0.20059329651103494,0.0001539391905042647,0.2016680211532206
12898067406022240831687197484725127129967516016135107123130563413806456531540,30.0,0.275,30.0,0.199375,0.0018749999999999932,0.37324999999999997,0.0014078305237512879,0.23249717928818897,0.0011552633430976548,0.22296020497587768,0.0013620528426327525,0.2236746283742777
12898067406022240831687197484725127129967516016135107123130563413806456531540,14.0,0.29,14.0,0.20589999999999997,0.0007999999999999986,0.37324999999999997,0.0006385780140014066,0.2136375723677697,0.0004897786246824389,0.22298029963682653,0.0006148693689983287,0.21270200068368794
12898067406022240831687197484725127129967516016135107123130563413806456531540,7.0,0.295,7.0,0.20797500000000002,0.0003250000000000006,0.37324999999999997,0.0003335806688323021,0.21002680428885495,0.00026096914406204994,0.21376241643454094,0.000351174591394196,0.21353779579556878
12898067406022240831687197484725127129967516016135107123130563413806456531540,3.0,0.31,3.0,0.21389999999999998,0.00020000000000000036,0.37324999999999997,0.0001716215059945971,0.2156475431133374,0.00011256877605558577,0.21321773577397538,0.00014434842978677326,0.2156646478928738
80584188659728989976401390075910998615858756886040658458309838322015683173745,30.0,0.175,30.0,0.14437499999999998,0.001824999999999999,0.0267,0.0012156984741246953,0.1795908381354402,0.0011866033839239652,0.17838216546041002,0.0012807775749633962,0.17801909059965929
80584188659728989976401390075910998615858756886040658458309838322015683173745,14.0,0.085,14.0,0.07777500000000001,0.0008999999999999993,0.025174999999999996,0.0005255222558764553,0.1119145418598266,0.0004970090871679673,0.11371982238307604,0.0004989846614252252,0.11936843669840982
80584188659728989976401390075910998615858756886040658458309838322015683173745,7.0,0.085,7.0,0.07777500000000001,0.0004999999999999998,0.025174999999999996,0.00024074988591310374,0.10322158805991095,0.00018911518192954061,0.10470380419969166,0.0002498800296501141,0.1047470065458425
80584188659728989976401390075910998615858756886040658458309838322015683173745,3.0,0.22,3.0,0.1716,0.00010000000000000018,0.01575,0.00014550734617230175,0.17526754845849662,0.00012614667928203218,0.17744581686746586,0.00017012348885874016,0.17743843583151864
96862890109178096455851493719167165851624465904666998636429401260108897381878,7.0,0.44,7.0,0.24640000000000004,0.0002249999999999993,0.246325,0.0003797966274198085,0.2477490059788817,0.00029252954596855626,0.2520052104389586,0.0003429901105388853,0.24656875152962407
96862890109178096455851493719167165851624465904666998636429401260108897381878,3.0,0.475,3.0,0.24937499999999999,0.00010000000000000018,0.245425,0.0001553441681046866,0.2490358753701588,0.00011217244392660135,0.2502615885269318,0.0001269057409248418,0.24966086250127667
73686282727313648870418464663601032970752942706133369297526579912528356075306,7.0,0.415,7.0,0.24277499999999996,0.00012500000000000022,0.25290050000000003,0.0003942713405516833,0.24793233413448446,0.00028250573122244523,0.24189933334041766,0.0003400771355760889,0.24162264670736733
73686282727313648870418464663601032970752942706133369297526579912528356075306,3.0,0.49,3.0,0.2499,0.00010000000000000018,0.24950050000000007,0.00018719918779352854,0.2502108685750883,0.00010480618374854954,0.24955301493022944,0.00012144140158053994,0.2504987672892112
33690533086272099926930770221742179271016151283027586457539901363045379147582,30.0,0.5,27.0,0.25,0.0011749999999999977,0.159175,0.0014956714601459687,0.25511813399012534,0.001039525763111851,0.2611518552883569,0.001448344486682266,0.24896375058209805
33690533086272099926930770221742179271016151283027586457539901363045379147582,14.0,0.505,14.0,0.249975,0.0005499999999999988,0.14282499999999998,0.0007596991053878949,0.25097068208695233,0.0005057690370149985,0.2549205634664702,0.0007262902938814319,0.2492899950431902
33690533086272099926930770221742179271016151283027586457539901363045379147582,7.0,0.345,7.0,0.22597499999999998,0.00022499999999999818,0.12355,0.0003713969577879975,0.2316573950622211,0.00028193616499663126,0.22853163360512313,0.0003352874062510101,0.23080203806897365
33690533086272099926930770221742179271016151283027586457539901363045379147582,3.0,0.39,3.0,0.2379,0.00019999999999999814,0.12104999999999998,0.000170227066333362,0.24072508254862615,9.832706474694032e-05,0.2364002510281672,0.0001562396859337773,0.2368032476800318
103129598327320833094153238353989718216399579546782217077338017725266975735219,14.0,0.725,10.0,0.199375,6.225000000000084e-05,0.5276362499999999,0.0005276452874894834,0.2048713169523541,0.0003930864486282422,0.20512379220781773,0.0005576015671944521,0.20471539899038935
103129598327320833094153238353989718216399579546782217077338017725266975735219,7.0,0.395,7.0,0.238975,6.225000000000084e-05,0.4381862499999999,0.0003562822863904067,0.23973485068207437,0.00023973154011509276,0.24251405018769032,0.00037515835234806067,0.23898572621518382
80683675731510456248139626451349746383703996709618622135269487159056371210374,7.0,0.425,6.0,0.24437499999999998,0.00015000000000000029,0.12222500000000001,0.0003212682668366371,0.2440041157415117,0.0002539570370168403,0.24622070023908724,0.0002761787571211371,0.24773986132601053
80683675731510456248139626451349746383703996709618622135269487159056371210374,3.0,0.435,3.0,0.24577499999999997,0.0,0.12222500000000001,0.00015536979077847526,0.24541752666666994,0.0001301333770232093,0.24560399406705724,0.0001413829577140324,0.2457315905232303
1695215349928671243344999351502140335726593419457848711650326512058710392429,30.0,0.94,32.0,0.05640000000000005,0.00044749999999999933,0.0018064999999999993,0.0012107423610594656,0.16321055148355398,0.0010254029325626895,0.16601473711576267,0.0016686870091057531,0.16782098030728845
9582457452124876970491702012602654966458667596959660948687161390487436717790,3.0,0.375,3.0,0.234375,5.000000000000009e-05,0.15642500000000004,0.00017970377101899485,0.23555264220345584,0.00010169020098626434,0.23528955312882793,0.00011577999287087241,0.23349611041440596
98021166935117039411751630581502824091054448039251810280365647472625878604011,30.0,0.855,30.0,0.12397500000000002,0.0012749999999999923,0.0031605000000000045,0.001363992032562688,0.17365603611227282,0.001137888519856462,0.18479367162631807,0.0017578112719807526,0.18475015996790106
98021166935117039411751630581502824091054448039251810280365647472625878604011,14.0,0.935,14.0,0.060774999999999954,0.0007749999999999914,0.0018605000000000021,0.0005172519474510194,0.11876077349808416,0.0004389947755859839,0.11097293515408628,0.0008002157659174128,0.12173292527001248
98021166935117039411751630581502824091054448039251810280365647472625878604011,7.0,0.945,7.0,0.05197500000000004,0.0006249999999999956,0.0018605000000000021,0.00023467196441751472,0.08627726132236184,0.0001998517784671213,0.10066986700062726,0.0003076789083922424,0.09753898752744
98021166935117039411751630581502824091054448039251810280365647472625878604011,3.0,0.935,3.0,0.060774999999999954,0.0003249999999999973,0.0018605000000000021,8.682935840812488e-05,0.0702893936164155,5.950648950736994e-05,0.07641627444850432,0.00012329310554426312,0.0799481620891947
75153795433255397954364392370254909445351765396945509274877503457182682318715,30.0,0.185,30.0,0.150775,0.001049999999999997,0.015324999999999998,0.001189247749858953,0.16602948809734103,0.001163119470283037,0.1943776574884305,0.0012394012297809748,0.18614487448046468
75153795433255397954364392370254909445351765396945509274877503457182682318715,14.0,0.175,14.0,0.14437499999999998,0.0003499999999999995,0.015324999999999998,0.0005881880157077662,0.16626640577871576,0.00048694870725245654,0.16325054766300454,0.0005921448426406247,0.16422409265234503
75153795433255397954364392370254909445351765396945509274877503457182682318715,7.0,0.165,7.0,0.137775,9.999999999999963e-05,0.015324999999999998,0.0003268120140068147,0.14656950024115212,0.00026771863504232804,0.15782375923791686,0.0003463908609091595,0.1601617196864668
75153795433255397954364392370254909445351765396945509274877503457182682318715,3.0,0.175,3.0,0.14437499999999998,0.0,0.015324999999999998,0.00014427741628106303,0.14484915447688512,0.0001019961050243638,0.15373087671480531,0.0001573123689290596,0.14686522957585918
91794669593887681293828357648076848183245668541220436507598289201097864435857,14.0,0.49,13.0,0.2499,0.0007000000000000012,0.13029549999999998,0.0006943350414449171,0.2508634151479803,0.0005021655021383363,0.2521963805368182,0.0006627598136045483,0.25179813153756564
91794669593887681293828357648076848183245668541220436507598289201097864435857,7.0,0.44,7.0,0.24640000000000004,0.00015000000000000029,0.12779549999999998,0.00037693506072286614,0.2482675101324569,0.00024814317483097406,0.2515737594153531,0.0003232936164540828,0.24755819909362603
91794669593887681293828357648076848183245668541220436507598289201097864435857,3.0,0.37,3.0,0.2331,0.00012500000000000022,0.1256705,0.00017230891326799457,0.23634648093920368,0.00010818362628319032,0.23369241467990406,0.0001383308356034006,0.23603495254829723
13689393741027779813840434297856122590360803048059505899834082936957632248186,30.0,0.555,30.0,0.246975,0.0013499999999999914,0.14982499999999999,0.001618608204252793,0.2494298355089297,0.0012321039860575531,0.2578182940398736,0.0017500973595603138,0.2518288988048477
13689393741027779813840434297856122590360803048059505899834082936957632248186,14.0,0.565,14.0,0.245775,0.0004999999999999986,0.14982499999999999,0.0007816597563201406,0.2442838364619214,0.0005396336415370641,0.24762234250010895,0.000724360626965541,0.24842496448136828
13689393741027779813840434297856122590360803048059505899834082936957632248186,7.0,0.555,7.0,0.246975,0.00020000000000000036,0.14982499999999999,0.0003821074304540846,0.2461429399283626,0.00026936609671116007,0.24681926655177283,0.0003060655768219603,0.24756944283452895
13689393741027779813840434297856122590360803048059505899834082936957632248186,3.0,0.605,3.0,0.238975,0.00010000000000000018,0.148225,0.00017832532085515336,0.23719219697491353,0.00012095838876942822,0.23833092949033627,0.00014816660343976062,0.24106424864814172
106429879401127449245414939826469134949458502294821449777925784894484403690443,14.0,0.665,13.0,0.222775,0.00032500000000000064,0.12665,0.000724800088403732,0.22790829465564982,0.000463121645499162,0.22464112609334244,0.000723210632101655,0.22712703603072446
106429879401127449245414939826469134949458502294821449777925784894484403690443,7.0,0.66,7.0,0.2244,0.00010000000000000018,0.12665,0.00040053463647438017,0.22645216753772676,0.0002744177741554719,0.22765059953602715,0.0003393693507551883,0.2236243464976601
106429879401127449245414939826469134949458502294821449777925784894484403690443,3.0,0.65,3.0,0.22749999999999998,2.5000000000000045e-05,0.126025,0.00016180539862165652,0.2282801691872735,0.00011310482421669637,0.2292985406164502,0.00013905636861476337,0.2296699255603087
102417412720401702234183332944271660572881423492809217792563626330537078392667,7.0,0.51,6.0,0.2499,2.5000000000000045e-05,0.202275,0.0003331863841569597,0.2505823546102326,0.00024406353650235557,0.2500367628163423,0.00026267948316626333,0.2484283085892332
102417412720401702234183332944271660572881423492809217792563626330537078392667,3.0,0.415,3.0,0.24277499999999996,0.0,0.19417500000000001,0.00016937281278493207,0.24217028004892008,0.00012143056118234951,0.2427882473418019,0.00014272623187366721,0.2435005989385114
12499846012492085186775396258523809624066358696158615948225912841397742758986,14.0,0.64,12.0,0.2304,0.0003250000000000006,0.151775,0.0006731537598092635,0.2355168255044564,0.00046673864117080033,0.24102612732645232,0.000635174678458646,0.23444102246609477
12499846012492085186775396258523809624066358696158615948225912841397742758986,7.0,0.6,7.0,0.24,0.00012500000000000022,0.149525,0.0004062206767439937,0.23995345899925996,0.00028195433838513405,0.2421621935225372,0.00031773440993321863,0.23836487042670437
12499846012492085186775396258523809624066358696158615948225912841397742758986,3.0,0.575,3.0,0.244375,0.00010000000000000018,0.149125,0.00014959155208774474,0.24436869952865556,0.00011379565737249268,0.24394651941233092,0.00013572911515559007,0.24393323567632932
85290267909911820861145083593378862676389642289651946031594690199915872220140,30.0,0.415,22.0,0.24277499999999996,0.0007749999999999976,0.2362545,0.0011658506322239578,0.24400700349654614,0.000822874407893108,0.24453099199563735,0.0011172014380572443,0.252379897873158
85290267909911820861145083593378862676389642289651946031594690199915872220140,14.0,0.265,14.0,0.194775,0.0005499999999999988,0.1765295,0.0006081548149299654,0.20786810885777843,0.0004986120649683634,0.2155880458723385,0.0006490280461772971,0.20735103122515258
85290267909911820861145083593378862676389642289651946031594690199915872220140,7.0,0.3,7.0,0.21,2.5000000000000045e-05,0.1681295,0.00038509852994977515,0.20608356686650758,0.0002512878740502216,0.2161011839112315,0.0003715835447631488,0.20843126971019912
85290267909911820861145083593378862676389642289651946031594690199915872220140,3.0,0.895,3.0,0.09397499999999999,0.0,0.009679500000000004,9.28169734275551e-05,0.10257316162303054,9.199176170114929e-05,0.09731227981215593,0.0001224827351539156,0.09740947112488026
104468264438118085465761163263611745362235161579898771567536629365715258090512,30.0,0.225,30.0,0.174375,0.0010139999999999986,0.1666565,0.0013420456750306475,0.20835621423915568,0.0011355888681372213,0.21119387774899462,0.0012981157430747054,0.19052581226202275
104468264438118085465761163263611745362235161579898771567536629365715258090512,14.0,0.345,14.0,0.22597499999999998,0.0007889999999999981,0.14383150000000003,0.0007185190560248592,0.22740013326664182,0.0005296224547031695,0.23445875876610764,0.0007171460992460487,0.22636688648544187
104468264438118085465761163263611745362235161579898771567536629365715258090512,7.0,0.44,7.0,0.24640000000000004,0.0002890000000000005,0.11210650000000003,0.00039213941203352336,0.24714450422300419,0.00026472980374727875,0.24828508352738454,0.0003284223528039442,0.2477862031952491
104468264438118085465761163263611745362235161579898771567536629365715258090512,3.0,0.845,3.0,0.130975,0.0001640000000000003,0.022656500000000024,0.00014420578154462004,0.1329416300220494,0.00011109704937751011,0.13300524157643562,0.00020526189331378653,0.13120339286864346
71024639177808530372627664170029316332458108553814747772617852406937418640923,7.0,0.65,6.0,0.22749999999999998,0.00020000000000000036,0.17645000000000005,0.0003260626577602797,0.22759445651411195,0.00022458556779935773,0.23259750467823673,0.0003028877258186707,0.22756969570103439
71024639177808530372627664170029316332458108553814747772617852406937418640923,3.0,0.625,3.0,0.234375,0.00010000000000000018,0.16802500000000004,0.00015546036773345242,0.23580248004739102,9.911813229063364e-05,0.2343775202545573,0.00011564234031310799,0.2367671005020469
23404603268363585875539009478350327753022007691866821707011968560530625316156,7.0,0.44,6.0,0.24640000000000004,0.0003249999999999989,0.40397500000000003,0.000343559813578498,0.24963470724055106,0.0002309331798876486,0.249165901387057,0.00027187065882061363,0.24614894444471871
23404603268363585875539009478350327753022007691866821707011968560530625316156,3.0,0.48,3.0,0.2496,0.0003249999999999989,0.400625,0.00017299801944393878,0.25153134339980776,0.00012194641199256017,0.24978000930529973,0.0001613699943908293,0.24861712447998507
67792722355142458543405804667173576496727766412314185614681981725121852085429,7.0,0.7,6.0,0.21000000000000002,0.0003250000000000006,0.20707499999999995,0.0002989556192657583,0.21413994411304407,0.0002212684153951751,0.21827432230366234,0.0002704437138690948,0.21281386106568703
67792722355142458543405804667173576496727766412314185614681981725121852085429,3.0,0.55,3.0,0.2475,0.0003250000000000006,0.19892499999999996,0.00018633825304747797,0.24855595109901088,0.00011952548550431467,0.2496690997001499,0.00013889516870214732,0.24663477186937768
7317570394658929543950187060522864400071290481021499158014297549243573640501,30.0,0.295,24.0,0.20797500000000002,0.001259,0.146733,0.001093358815784701,0.2232026415402724,0.0008967703052220502,0.22857180024366477,0.0010649471534573067,0.20908617692671477
7317570394658929543950187060522864400071290481021499158014297549243573640501,14.0,0.111,14.0,0.098679,0.000893,0.1295705,0.0005952516424159255,0.14117682576709134,0.0004928936405828977,0.12737161815286793,0.0005514527120947931,0.1377460134672135
7317570394658929543950187060522864400071290481021499158014297549243573640501,3.0,0.0505,3.0,0.047949750000000006,0.00011300000000000009,0.0012252499999999998,8.364006487965494e-05,0.08600340050161413,7.336330474660479e-05,0.06795109239404949,8.156098577823661e-05,0.07458252011995745
23102146416485852439758793112909967183319639847646393071767359411448615747651,30.0,0.335,21.0,0.22277500000000003,0.00115,0.842475,0.0010733246105918358,0.2384286752806332,0.0008389319479035272,0.22790235861207223,0.001031158722052817,0.23528503933258413
23102146416485852439758793112909967183319639847646393071767359411448615747651,14.0,0.29,14.0,0.20589999999999997,0.0007000000000000012,0.83045,0.000603029158022063,0.21578743787028207,0.0004977423367648114,0.21720394168267876,0.0006304405999487683,0.21158607464784937
23102146416485852439758793112909967183319639847646393071767359411448615747651,7.0,0.17,7.0,0.1411,0.0002250000000000004,0.825825,0.0002946690935514274,0.15210220771327643,0.00023347789879261287,0.1581313977286913,0.0003316036012354927,0.1620633520383025
23102146416485852439758793112909967183319639847646393071767359411448615747651,3.0,0.115,3.0,0.101775,0.0,0.807775,9.450974499060512e-05,0.12485341118661575,8.005685687222418e-05,0.12429426860023654,0.00010782816255124956,0.12246616143464674
83723975923165835008525905491690092591784814181150430498971361513206559812229,30.0,0.095,30.0,0.08597500000000001,0.0003999999999999996,0.016525,0.0011316880672156745,0.13880507888921534,0.0010057231941136653,0.14442923591502616,0.0010878056413997621,0.12725566720658926
83723975923165835008525905491690092591784814181150430498971361513206559812229,14.0,0.105,14.0,0.093975,0.0002999999999999997,0.016525,0.0005678870583596543,0.12719825123518633,0.0005440586217129301,0.12344664741625752,0.0005714529986412411,0.12797105900246794
83723975923165835008525905491690092591784814181150430498971361513206559812229,7.0,0.105,7.0,0.093975,9.99999999999999e-05,0.016525,0.00025757516756699106,0.12306353932760215,0.0002577129827126038,0.12392498196142533,0.00029786174784319185,0.12926444947759255
83723975923165835008525905491690092591784814181150430498971361513206559812229,3.0,0.095,3.0,0.08597500000000001,0.0,0.016525,9.359461435308799e-05,0.11529229951050315,9.040989571482734e-05,0.11551184738137862,9.842360242160708e-05,0.12191469280763503
92409457450515886266711433858851371967891381898369546972453153880029708124291,3.0,0.36,3.0,0.2304,2.4250000000000542e-05,0.40576924999999997,0.0001669082850373034,0.23264795478497238,0.00012761724362973862,0.23202945581757553,0.00013515095502659557,0.23102852514648753
39383831352965773237267016866904652603311680449547294631286963720409752115839,30.0,0.385,30.0,0.236775,0.0012500000000000024,0.378625,0.001502943903716273,0.2453343237947992,0.0011381232710469741,0.24986700995055272,0.0015921823897938464,0.24468343328605588
39383831352965773237267016866904652603311680449547294631286963720409752115839,14.0,0.395,14.0,0.238975,0.0007000000000000012,0.378625,0.0007420240312614422,0.24319916161697358,0.0005531666935715467,0.24400085725521478,0.0006898625278919844,0.2424197030325292
39383831352965773237267016866904652603311680449547294631286963720409752115839,7.0,0.375,7.0,0.234375,0.00030000000000000057,0.378625,0.00038857541693240364,0.23304553846827067,0.0002609481714326882,0.23363804754252573,0.0003346610250053829,0.23768524424049522
39383831352965773237267016866904652603311680449547294631286963720409752115839,3.0,0.375,3.0,0.234375,0.00010000000000000018,0.378625,0.00017204795197873436,0.2327063848807419,0.00012255487012808903,0.23518449358331567,0.00012363519031618353,0.23575573112304865
92703761682322480664976766247614127878023988651992837287050266308961660624165,30.0,0.125,30.0,0.109375,0.0009002499999999997,0.00508775,0.001166796226121647,0.14336062574918695,0.0010888060660379285,0.16890491409003275,0.001194006109007319,0.15737698029361188
27087363386694674049005402437888440764538397638814511740652870655708130928058,30.0,0.115,30.0,0.101775,0.0006000000000000001,0.018225,0.001134757700979922,0.14414586830449397,0.0011207418555674183,0.16142397526890107,0.001149733865859701,0.15257397067501344
27087363386694674049005402437888440764538397638814511740652870655708130928058,14.0,0.115,14.0,0.101775,0.0005500000000000002,0.018225,0.0005869893801729928,0.14720747454477803,0.0005440067855558354,0.1296767496303212,0.0005808384373728055,0.12996974603807385
27087363386694674049005402437888440764538397638814511740652870655708130928058,7.0,0.125,7.0,0.109375,0.00030000000000000057,0.018225,0.0002900613235177443,0.14772925556705402,0.00022916861120366477,0.13169415051785724,0.00028401190908477743,0.13975421885484787
27087363386694674049005402437888440764538397638814511740652870655708130928058,3.0,0.125,3.0,0.109375,0.00010000000000000018,0.018225,0.00010050028662515256,0.12420927543173764,8.609067751748027e-05,0.12322119259119128,0.00010351945916545709,0.12487683545183006
104323795219482755518144268228031432844910229461966467824082511757051209697616,30.0,0.54,30.0,0.2484,0.0010499999999999995,0.22765,0.0016210439935870507,0.2598671708001211,0.0012099477991803565,0.26015885003302786,0.001643949557345687,0.25113958861117164
104323795219482755518144268228031432844910229461966467824082511757051209697616,14.0,0.59,14.0,0.2419,0.0005999999999999989,0.20729999999999998,0.0007342561524925876,0.242740216725454,0.0005239370807910574,0.2442911985520411,0.00074377723905443,0.24333122811529623
104323795219482755518144268228031432844910229461966467824082511757051209697616,7.0,0.595,7.0,0.240975,0.0003499999999999984,0.199425,0.0003841958348270015,0.23657824479753098,0.0002556562144457315,0.24476971451888907,0.0003441281221779978,0.24329125655274844
104323795219482755518144268228031432844910229461966467824082511757051209697616,3.0,0.565,3.0,0.245775,9.999999999999796e-05,0.193325,0.0001702537717632734,0.24745425281065853,0.00011289109444186396,0.24616171316605537,0.00010888529431239497,0.24587421484416302
10541943766977992250149902475024620982770128161688998706490955791758263657916,30.0,0.685,30.0,0.21577499999999997,0.0010999999999999964,0.11222499999999998,0.0015432168853980349,0.21896777351570176,0.0011380790836404851,0.23270559647975808,0.0017671695926625797,0.22743981801433294
10541943766977992250149902475024620982770128161688998706490955791758263657916,14.0,0.685,14.0,0.21577499999999997,0.00020000000000000036,0.11222499999999998,0.0007344663369581742,0.2186715785448651,0.0005475821672063262,0.23034884892179747,0.000809513363027184,0.22284022523427868
10541943766977992250149902475024620982770128161688998706490955791758263657916,7.0,0.665,7.0,0.222775,0.0,0.11222499999999998,0.000400494163602642,0.21983121607074377,0.0002614334670574977,0.22682143849066022,0.00035839001541129956,0.22427904348550814
10541943766977992250149902475024620982770128161688998706490955791758263657916,3.0,0.665,3.0,0.222775,0.0,0.11222499999999998,0.00015060817666059725,0.2215115952224781,0.00012480201370730894,0.22179364831826007,0.00015485294799922098,0.2240798104223428
58928083379586687546313037980189051468005007749671917254111043647303299821864,3.0,0.465,3.0,0.24877499999999997,0.00020000000000000036,0.266825,0.00015898239848996393,0.24836547275727788,0.00012414791095975448,0.25085190832634613,0.00011915764708295735,0.24916019491026162
3109457852846752249033108874039158826560100606171171798422919230059617165695,14.0,0.28,11.0,0.2016,0.00032499999999999917,0.3593155,0.0004978129627037617,0.2145495964926379,0.0004004727694642351,0.2099163689348564,0.0004884364747386571,0.21209320296075382
3109457852846752249033108874039158826560100606171171798422919230059617165695,7.0,0.215,7.0,0.168775,0.00032499999999999917,0.3492905,0.0003480035826350453,0.17389873068655873,0.0002762368236913484,0.17490413424767545,0.000362373669424903,0.1801234307907354
3109457852846752249033108874039158826560100606171171798422919230059617165695,3.0,0.395,4.0,0.238975,0.0,0.3150655,0.00021042436905485532,0.24071871308277992,0.0001367379649378339,0.2395430628021838,0.00016026969077959297,0.24022563141143338
95577979648711137561778638101766617213130581085760544385254830392377913395624,30.0,0.23,27.0,0.1771,0.0014500000000000003,0.420012,0.001124257108741815,0.2007476074633343,0.0009921282573130755,0.19869198533333665,0.001150362921168051,0.1997035349851884
95577979648711137561778638101766617213130581085760544385254830392377913395624,14.0,0.535,15.0,0.248775,0.0002250000000000004,0.331512,0.0008443415481656424,0.24514165820191408,0.0005607516530454718,0.2585686422846173,0.0007701233850555331,0.2471140386114288
95577979648711137561778638101766617213130581085760544385254830392377913395624,7.0,0.725,7.0,0.199375,0.0,0.02983699999999999,0.00035294072749419877,0.1994802515097637,0.0002755771867673185,0.19390714061715564,0.00037205518057649065,0.2072456455972299
95577979648711137561778638101766617213130581085760544385254830392377913395624,3.0,0.865,3.0,0.116775,0.0,0.004836999999999999,0.0001202822804908273,0.11992635193835283,0.00010609083445126104,0.12120824256248856,0.0001602917948329034,0.1306481970952567
23108802207086798801173033667711295391410673134835650507670472347957366091390,30.0,0.0835,30.0,0.07652775,0.0005057500000000009,0.1315705,0.0009102452824675221,0.1245600955696478,0.0009634041631916978,0.14105431581308736,0.0010189983793496634,0.12571510350788612
23108802207086798801173033667711295391410673134835650507670472347957366091390,14.0,0.352,14.0,0.228096,0.00013825000000000024,0.09742325,0.0006928207056529955,0.23409554893539608,0.0005212814517453906,0.23438736157558115,0.0006786093475863517,0.23319217483218363
23108802207086798801173033667711295391410673134835650507670472347957366091390,7.0,0.3165,7.0,0.21632775,6.425000000000011e-05,0.096721,0.0003982023155105146,0.22040775830122755,0.00029639346231596046,0.22262035581381404,0.00033340719945564186,0.22099968245910978
23108802207086798801173033667711295391410673134835650507670472347957366091390,3.0,0.317,3.0,0.216511,5.75000000000001e-05,0.096721,0.00017071967382709818,0.22002056112728396,0.00010624292798104543,0.2173095550613889,0.00014611569781761843,0.2178066164284817
84455986553231783484004493796796163763072739538940527173028153992346042419876,30.0,0.275,30.0,0.199375,0.001049999999999997,0.046224999999999995,0.0014279181578820883,0.21812656467209224,0.0011150748359550014,0.21730326395220145,0.0013297918239166826,0.2175090173054121
84455986553231783484004493796796163763072739538940527173028153992346042419876,14.0,0.265,14.0,0.194775,0.0005000000000000003,0.046224999999999995,0.0006206531888335746,0.21071885040831093,0.0004977765185678908,0.197376264101908,0.0006307747764545983,0.20476299014448776
84455986553231783484004493796796163763072739538940527173028153992346042419876,7.0,0.255,7.0,0.189975,0.0004000000000000002,0.046224999999999995,0.000344508648369371,0.19555539374212116,0.00027621963831639954,0.20098669468019992,0.0003454684461452563,0.1996816458538897
84455986553231783484004493796796163763072739538940527173028153992346042419876,3.0,0.225,3.0,0.174375,0.00010000000000000018,0.046224999999999995,0.00015822089739505384,0.1802099804045591,0.00011669898938433749,0.17730286347265078,0.0001832483819457513,0.17578761713680344
80701145234451928266425540148659125148864395031451392227963144092132918005667,14.0,0.23,11.0,0.1771,0.00023399999999999994,0.035701500000000004,0.0004898791961858724,0.19059828654673983,0.00040375008057356694,0.19976173188263474,0.0005218951100112861,0.19670032887770467
80701145234451928266425540148659125148864395031451392227963144092132918005667,7.0,0.27,7.0,0.1971,0.00023399999999999994,0.0211515,0.00033538381666821837,0.20009206623854756,0.00026965207302985847,0.20362707532094063,0.0003367686876476959,0.20713347548922748
17903029841550754588158468564197784782221223501312289634518249177723567254003,7.0,0.505,6.0,0.249975,0.00030000000000000057,0.102925,0.000329476966525288,0.2504939755605546,0.00021843162244183646,0.25244673948007007,0.00029850345511842595,0.2489920798686512
17903029841550754588158468564197784782221223501312289634518249177723567254003,3.0,0.485,3.0,0.249775,0.00010000000000000018,0.102525,0.0001624695908720133,0.2508783108375884,0.00010357614279400053,0.24978112659778298,0.00012550544982039581,0.24998227068115167
7068218132311248436154052090166004729570937091510878113885281729178238173376,30.0,0.335,30.0,0.22277500000000003,0.0007000000000000012,0.10942499999999998,0.0014276828150674061,0.22632962884583144,0.001160927480250198,0.24478984349466806,0.0014916621314636162,0.22600210075155794
7068218132311248436154052090166004729570937091510878113885281729178238173376,14.0,0.825,14.0,0.14437500000000003,0.0002250000000000004,0.05944999999999999,0.0006846483079046312,0.15462856170199693,0.0004993426991049743,0.1573721745800441,0.0009101973295029486,0.1593977464793227
7068218132311248436154052090166004729570937091510878113885281729178238173376,7.0,0.845,7.0,0.130975,0.0,0.049574999999999966,0.00032431897346013323,0.14307929284864643,0.00022899431050285604,0.14173954515481982,0.00037557455957389324,0.14064895809302258
7068218132311248436154052090166004729570937091510878113885281729178238173376,3.0,0.845,3.0,0.130975,0.0,0.02202499999999999,0.00015586574563220345,0.1326932084738103,0.00011244126639216134,0.13367059070016796,0.00021697173522776495,0.13688203733316026
112157595552502425360311365480557346272967836691353340001604809204498706086576,7.0,0.875,8.0,0.109375,5.00000000000001e-06,0.05133350000000003,0.00032456668661805,0.12830002673563723,0.00027226810897784665,0.1421166453073288,0.0004236073870104125,0.12839214346588768
112157595552502425360311365480557346272967836691353340001604809204498706086576,3.0,0.82,3.0,0.14760000000000004,5.00000000000001e-06,0.031508500000000036,0.00019519370635312893,0.1453838804626408,0.00012379837670585173,0.15092372221702374,0.0001884706464008585,0.14789103237030057
50359548234039960292196003199462920229740483405247698708858122753748162136710,30.0,0.07,30.0,0.0651,0.0001020000000000002,0.0035404999999999994,0.0009082736492108254,0.10711934874486147,0.000881928153947335,0.11474140095973556,0.0009127858584125342,0.11478401292255327
37005314859048726898779825465316653816506760625587636277026357315052111971182,30.0,0.305,30.0,0.21197500000000002,0.0006,0.35622499999999996,0.0014449347385179223,0.21861714648154482,0.00111824438882002,0.23486544468885767,0.0013873523713274095,0.22122542370148107
37005314859048726898779825465316653816506760625587636277026357315052111971182,14.0,0.305,14.0,0.21197500000000002,0.0006,0.35622499999999996,0.0007036109689744843,0.22192769122631406,0.0005153997392470604,0.2195657014837262,0.0006752209406420881,0.218230360134733
37005314859048726898779825465316653816506760625587636277026357315052111971182,7.0,0.285,7.0,0.203775,0.00039999999999999964,0.35622499999999996,0.00035358932313645826,0.21039550843809074,0.00028924558687087344,0.206391626750842,0.00036650972574482133,0.2102179342519607
37005314859048726898779825465316653816506760625587636277026357315052111971182,3.0,0.435,3.0,0.24577499999999997,0.00010000000000000018,0.33062499999999995,0.00017274216069277398,0.24630305753271373,0.00010886933778476945,0.24582120805051047,0.00012327301574367077,0.24648967298664926
66082363086129436758717356734409386098434296298245994554723904267522414056476,3.0,0.425,3.0,0.24437499999999998,0.00010000000000000018,0.189225,0.00014507840153718925,0.24447176244038762,0.00010923275374479454,0.24514972353789788,0.00012775508792413202,0.24459305265740242
15000351215224082283839472681741898844582331311319999463538828652964784048895,7.0,0.575,7.0,0.244375,0.00010000000000000018,0.22512500000000002,0.000387639265032456,0.24761552113995827,0.0002573009837164798,0.2502513242585436,0.00033340376499004247,0.24370995845281862
15000351215224082283839472681741898844582331311319999463538828652964784048895,3.0,0.505,3.0,0.249975,0.0,0.21847500000000003,0.00014436113512667224,0.24959665608534884,0.0001234550729346311,0.2508986607497444,0.00012978998057213852,0.25030173221476376
81815859564833232067418429769748750951647625301215674803998539055248247596298,7.0,0.5,6.0,0.25,0.0004500000000000008,0.2641,0.0003419959529935904,0.24971691406202332,0.00021682781498215335,0.2543319971447551,0.0002827137015268673,0.25045834908490683
81815859564833232067418429769748750951647625301215674803998539055248247596298,3.0,0.6,3.0,0.24,0.0002250000000000004,0.259475,0.00016038925517750774,0.242174665877043,0.00011944055345953852,0.23982157492307116,0.00010783808225511315,0.24127537747971517
46311132436247057531640786989767599791913611864664511200336530652307752906151,30.0,0.075,30.0,0.069375,0.0009500000000000008,0.5545249999999999,0.0009246533941693136,0.11529274328224623,0.0008850917981468964,0.1181127887485024,0.0009209684757734532,0.12071072679998593
46311132436247057531640786989767599791913611864664511200336530652307752906151,14.0,0.26,14.0,0.19240000000000002,0.00015000000000000026,0.3896,0.0006124831098128222,0.20818862484839595,0.000503729432216391,0.2038231059830001,0.0005846532040982503,0.1982891430180544
46311132436247057531640786989767599791913611864664511200336530652307752906151,7.0,0.34,7.0,0.2244,2.5000000000000045e-05,0.366125,0.00035592081166230455,0.22456619740969938,0.000261670347162433,0.2205634116799826,0.00034634489885387393,0.2247621100032275
46311132436247057531640786989767599791913611864664511200336530652307752906151,3.0,0.725,3.0,0.199375,0.0,0.252375,0.00015216788728842612,0.20115291367746976,0.00013475028497113398,0.2030889739344034,0.00015322372312278249,0.19765259964703982
15324028873648377759960334021292105255512294266676635600320628238100567938015,30.0,0.585,19.0,0.24277500000000002,0.0005499999999999993,0.6922250000000001,0.0010450592903129782,0.24441226753168332,0.0007227076316460444,0.2532031393387526,0.0010285801616011123,0.24327577032653008
15324028873648377759960334021292105255512294266676635600320628238100567938015,14.0,0.24,14.0,0.1824,0.0003249999999999989,0.658375,0.0006162216736233709,0.19519431820479136,0.0005308961408439504,0.19412261690585253,0.0006274878969972394,0.19301837122093524
15324028873648377759960334021292105255512294266676635600320628238100567938015,7.0,0.34,7.0,0.2244,0.00022499999999999875,0.5972750000000001,0.0003659511755256402,0.22285073267033387,0.0002758274287127981,0.23303336640196007,0.0003506840180872927,0.2282091306115754
15324028873648377759960334021292105255512294266676635600320628238100567938015,3.0,0.68,3.0,0.2176,0.0,0.2916500000000001,0.0001589811144785136,0.21859401005198045,0.00011453365034232499,0.2173691899658879,0.0001469514157273869,0.21487911373484103
110251828161543119357013227499774714771527179764174739487025581227481937033858,14.0,0.687,14.0,0.21503099999999997,0.0005172500000000013,0.17314974999999996,0.0007356883948239276,0.21897535046897068,0.0005277242624127175,0.21085141690282896,0.0008170955582869646,0.2212119807880636
110251828161543119357013227499774714771527179764174739487025581227481937033858,7.0,0.4075,7.0,0.24144374999999998,0.00010000000000000018,0.12542674999999998,0.00035287952994679837,0.24419451953390897,0.00025425140706197765,0.24643079574722657,0.00031841100856021585,0.24232227424518285
110251828161543119357013227499774714771527179764174739487025581227481937033858,3.0,0.5395,3.0,0.24843975000000001,0.00010000000000000018,0.08659474999999998,0.00017820683854360986,0.24812088020027773,0.00011529496407380525,0.24920176227226315,0.0001447227987100998,0.24904615270599437
33763435274344711680333791519220790866142225638825493994926085362300812735031,30.0,0.865,29.0,0.116775,0.0006370000000000005,0.3225185,0.001310903593919212,0.16778290271495222,0.0011031662172734699,0.17631204662459915,0.0017057650696257736,0.18555878925951036
33763435274344711680333791519220790866142225638825493994926085362300812735031,14.0,0.095,14.0,0.08597500000000001,0.00031199999999999994,0.0022434999999999994,0.0005153899175733202,0.11167576261880675,0.0004837346476179761,0.1269311105145374,0.0005354233297461914,0.11034759792824732
43500183810420434214434922033961329447569725470864337039914206563213507925510,30.0,0.72,30.0,0.2016,0.0012249999999999913,0.08962500000000002,0.001540565460084744,0.21547334331837717,0.0011436390795724737,0.21819396690682968,0.0017505609586977299,0.22267136393330758
43500183810420434214434922033961329447569725470864337039914206563213507925510,14.0,0.725,14.0,0.199375,0.000949999999999994,0.05067499999999999,0.0007355289648707481,0.20675788114060084,0.0005481588155035634,0.20385092452176726,0.0008022030800492544,0.2098144393827728
43500183810420434214434922033961329447569725470864337039914206563213507925510,7.0,0.825,7.0,0.14437500000000003,0.0006499999999999935,0.033525000000000006,0.0003325703462715683,0.15093158084192748,0.00023356292493107377,0.15122147405497188,0.00039604905103493793,0.1511823184599631
43500183810420434214434922033961329447569725470864337039914206563213507925510,3.0,0.795,3.0,0.16297499999999998,0.00024999999999999713,0.02262500000000001,0.00015488006235358644,0.16732919856613823,0.00011000005965925717,0.16814325214243675,0.00015740103367744993,0.16443634026650195
15091760884604171309203489618212539770109612407760305338364320626709285790409,30.0,0.125,30.0,0.109375,0.0006500000000000007,0.10912700000000002,0.0011565145513956084,0.15471204510939565,0.0010795154355042727,0.145351518965234,0.0012187398713056196,0.16540551621526065
15091760884604171309203489618212539770109612407760305338364320626709285790409,14.0,0.205,14.0,0.162975,0.0003250000000000006,0.016252,0.0005661324748805014,0.17508999772965736,0.0004984969721138334,0.180032246257487,0.0005676463484452844,0.182989897098447
15091760884604171309203489618212539770109612407760305338364320626709285790409,7.0,0.195,7.0,0.156975,0.00010000000000000018,0.007877000000000002,0.00033507135652072027,0.16572671252786655,0.00022820463678280528,0.16658673162580737,0.0003960547773581309,0.17212603050081107
15091760884604171309203489618212539770109612407760305338364320626709285790409,3.0,0.075,3.0,0.069375,0.00010000000000000018,0.0028770000000000007,8.127464793734269e-05,0.09073585468390345,8.583572868839015e-05,0.0963533607185267,8.72958157031169e-05,0.09119053554689335
3056478011660943904461466382920934987843622145282294244222474838030938303402,30.0,0.185,26.0,0.150775,0.0007687500000000001,0.03463325000000001,0.0010581705524766428,0.17807124473575725,0.0009925741917606937,0.19466709870018092,0.0010836213434339552,0.19049405477148174
3056478011660943904461466382920934987843622145282294244222474838030938303402,7.0,0.052,7.0,0.04929599999999999,0.0005552500000000001,0.004634749999999999,0.00020544692027736036,0.05999434956033765,0.00016112478510492723,0.06571305009377713,0.00019643600780737077,0.0800470944785478
108932351289991216795172468561847065073393410619817970192254198768695981046497,30.0,0.71,27.0,0.20590000000000003,0.0010250000000000018,0.07575050000000004,0.0014013319430050985,0.21115936374677502,0.0010604543157550943,0.21570384601385365,0.0015782575116711135,0.22314583481138933
108932351289991216795172468561847065073393410619817970192254198768695981046497,14.0,0.74,14.0,0.19240000000000002,0.0004250000000000008,0.07535050000000004,0.0007367140738148293,0.19442657752781942,0.0005432785006644406,0.20139153953409128,0.000861673654294743,0.20211813331926126
108932351289991216795172468561847065073393410619817970192254198768695981046497,7.0,0.73,7.0,0.1971,0.0002250000000000004,0.07535050000000004,0.0003783719693530613,0.19954178054973412,0.0002843769495016409,0.20415897987267123,0.00039123035142493793,0.20546695232368378
108932351289991216795172468561847065073393410619817970192254198768695981046497,3.0,0.735,3.0,0.194775,0.00010000000000000018,0.07535050000000004,0.0001685356684200337,0.19623962764264802,0.00010435713470461197,0.1941241219307606,0.000124425612016477,0.19501331514146267
105184348976114274990683066782141725521410345945023353024053078695238621958578,30.0,0.475,30.0,0.24937499999999999,0.0013250000000000002,0.39198550000000004,0.0016329348302732691,0.2530989600306314,0.0011451560009223532,0.2565786798397282,0.0016074363936737757,0.2510932044538459
105184348976114274990683066782141725521410345945023353024053078695238621958578,14.0,0.555,14.0,0.246975,0.0005000000000000009,0.3881105,0.0007187933638676916,0.24958885199084094,0.0005117842504466206,0.2539240704048927,0.000730127013147883,0.24519709868713627
105184348976114274990683066782141725521410345945023353024053078695238621958578,7.0,0.49,7.0,0.2499,0.0,0.3861855,0.00040977640972879466,0.24947420139499443,0.00028080192712742514,0.25221771245380065,0.00032667845670045247,0.249942703314321
105184348976114274990683066782141725521410345945023353024053078695238621958578,3.0,0.405,3.0,0.240975,0.0,0.3780105,0.00015851152373326784,0.23921025423958447,0.0001163123786350303,0.23999257336936758,0.00014091284102972108,0.24231497034157223
14860143520873282073445221751011407862132426753173491683455307995186982743928,7.0,0.6,6.0,0.24,2.5000000000000045e-05,0.4236955000000001,0.0003117992244112942,0.2417301902025664,0.00020692613199090143,0.24084203863509365,0.0002661741498220017,0.23994395192284798
14860143520873282073445221751011407862132426753173491683455307995186982743928,3.0,0.555,3.0,0.246975,0.0,0.4178955000000001,0.00016173394639411198,0.24749416387281195,0.00011841020219629131,0.2487039824653414,0.0001259707152119109,0.24641002140631568
39173285935529550465982567445513767538746560153430878864546268443208472299355,7.0,0.67,6.0,0.2211,0.0003249999999999973,0.133375,0.00032922466436115195,0.2235333499539254,0.00022679020978338813,0.22569109757162098,0.0003329324276899037,0.22154028066999004
39173285935529550465982567445513767538746560153430878864546268443208472299355,3.0,0.69,3.0,0.2139,0.00010000000000000018,0.13185,0.00019146374672588092,0.2144240769171175,0.00010075965868678482,0.21576159384093535,0.00016611733323278405,0.21678931930535966
61327632403367261314832668259215553263335602377997174130320561710666270266066,30.0,0.11,30.0,0.0979,0.0014999999999999994,0.0257295,0.0010453057494717016,0.13425536892035672,0.0010442857182335478,0.15258874620415164,0.001096527203395124,0.1469609384824203
61327632403367261314832668259215553263335602377997174130320561710666270266066,14.0,0.105,14.0,0.093975,0.00027499999999999996,0.0257295,0.0005648952874158078,0.1280834693910171,0.0005204995750339998,0.12714491328261157,0.0005690400118423486,0.13885347647276397
61327632403367261314832668259215553263335602377997174130320561710666270266066,7.0,0.085,7.0,0.07777500000000001,4.9999999999999955e-05,0.0218545,0.00020805781568997695,0.09086555395419114,0.0002141858141204909,0.11187726897719007,0.0002451914587304735,0.11080257260621114
61327632403367261314832668259215553263335602377997174130320561710666270266066,3.0,0.12,3.0,0.1056,2.4999999999999906e-05,0.0177045,0.00010360409566854086,0.12042156622992436,7.755629946145226e-05,0.11837732182427847,0.00010207919342219388,0.12546201767721954
96129533479290084912987354809178597671083133281086864691000389746090342748653,30.0,0.55,30.0,0.2475,0.0014492500000000054,0.08701375000000003,0.0016389144027393215,0.2551784422305289,0.001192477156487734,0.25540644917240335,0.0015968270185407417,0.2564379918564672
5804117712718824526360935244619031510281853004612755054379091563773322801838,7.0,0.51,6.0,0.2499,0.00012500000000000022,0.22202500000000003,0.00034419256681520247,0.25221534363565795,0.00019748159411635358,0.25072503397071977,0.00026539046785482205,0.25027595724543555
5804117712718824526360935244619031510281853004612755054379091563773322801838,3.0,0.535,3.0,0.248775,0.0,0.22112500000000004,0.00017843496584729919,0.2487903005149421,0.00011830098785410719,0.24766061863975392,0.0001115062348560779,0.2492342682322414
56919576321692543804120333477806892227587677219602902701553511079254437421526,30.0,0.785,30.0,0.16877499999999998,0.0007999999999999991,0.03222500000000002,0.0015288217232143938,0.18893466275249543,0.001146185261660898,0.1925937554088687,0.0018093871724938668,0.19681507469950268
56919576321692543804120333477806892227587677219602902701553511079254437421526,14.0,0.775,14.0,0.17437499999999997,0.0004999999999999986,0.03182500000000002,0.0007320250357799819,0.18066437008955552,0.0005323880139193708,0.190579153541306,0.0008645930506943008,0.1835197428090957
56919576321692543804120333477806892227587677219602902701553511079254437421526,7.0,0.785,7.0,0.16877499999999998,0.00039999999999999845,0.031025000000000018,0.00034865975620480843,0.16909371822869318,0.00023031715682573958,0.17665554519434123,0.00042670239076986015,0.17528783900745623
56919576321692543804120333477806892227587677219602902701553511079254437421526,3.0,0.815,3.0,0.15077500000000002,0.00030000000000000057,0.030625000000000017,0.00014963599855641842,0.1487121056412334,0.00011178362792668733,0.1520589219606368,0.00017429338913838892,0.1525943464435335
60720538161240990659234923982622361377385745090272390916565599300167487760347,7.0,0.68,6.0,0.2176,0.0002250000000000004,0.28592500000000004,0.0003205729432107581,0.2180465463590685,0.0002180505344923568,0.21693661924140664,0.00030192626534148803,0.21299861773645418
60720538161240990659234923982622361377385745090272390916565599300167487760347,3.0,0.575,3.0,0.244375,0.0,0.281875,0.0001623569966832749,0.2452338246413427,0.00012127196276773431,0.24600647135696302,0.0001190715120002164,0.24475114638610715
86228082547704455868943264689744040673317380951841171293667392373578239310896,7.0,0.635,7.0,0.231775,0.0,0.10642499999999996,0.0003969172733927892,0.2383165009941667,0.00028338827453739274,0.23555313382479512,0.00035275185210109617,0.23393553259505406
86228082547704455868943264689744040673317380951841171293667392373578239310896,3.0,0.655,3.0,0.22597499999999998,0.0,0.10602499999999997,0.00015436662996490624,0.22820272753399468,0.00012283990872318857,0.22705896707147447,0.00013091149720820386,0.22953606492174508
100433101264378236069000247135272907542057739338912274235485451543106117550318,7.0,0.36,7.0,0.2304,0.00020000000000000036,0.12259999999999999,0.0003934065098637417,0.23457025281760732,0.00026909100023434564,0.233829203104128,0.00033090421787934323,0.2325446731308085
100433101264378236069000247135272907542057739338912274235485451543106117550318,3.0,0.21,3.0,0.1659,0.00020000000000000036,0.09864999999999999,0.00016098496190741947,0.17187461308761498,0.00011815864942152761,0.16611087423051413,0.0001875461271879103,0.1686224425207482
12798189081977348457950166820095196774971384751276482337211565596630214270849,30.0,0.405,24.0,0.240975,0.001174999999999996,0.13865,0.00124898123162065,0.2426809008654601,0.0009459403084933907,0.24591711544840422,0.0012336316695688281,0.24357163827516864
12798189081977348457950166820095196774971384751276482337211565596630214270849,14.0,0.395,14.0,0.238975,0.0006999999999999974,0.138025,0.0007365977377652764,0.23991739741313026,0.0005619362740891626,0.25066188026317265,0.0007155597151742929,0.24134632545702267
12798189081977348457950166820095196774971384751276482337211565596630214270849,7.0,0.41,7.0,0.24190000000000003,0.00022499999999999818,0.138025,0.0003516813854352907,0.24307713885728277,0.00027518131347873087,0.24843942730090787,0.000374202878180174,0.241638464466896
12798189081977348457950166820095196774971384751276482337211565596630214270849,3.0,0.405,3.0,0.240975,9.999999999999907e-05,0.138025,0.00015691119257537145,0.2410831348623396,0.0001114184563510032,0.24238242140755836,0.000142021617157052,0.2407910440184387
87358219091534453152338230880854583403039643157289332809785953175985830998952,7.0,0.18,6.0,0.1476,0.00032499999999999944,0.016925,0.00031703069947976197,0.15159323895910787,0.00020501993281378116,0.15698545989559126,0.0003473665617674884,0.1561630004767399
87358219091534453152338230880854583403039643157289332809785953175985830998952,3.0,0.135,3.0,0.116775,9.99999999999999e-05,0.016025,9.964906795946944e-05,0.12814238791116778,8.840354437710602e-05,0.11714981288093694,0.00011233342969718996,0.12118352204627693
15990086221769768745102648273379252183275281935473029762614525384156455150624,7.0,0.095,6.0,0.08597500000000001,0.0005062499999999999,0.17006775,0.0002046872323951568,0.11822097033212665,0.00017433188447669925,0.11749944350779551,0.00020547379763467095,0.10718482864719299
98787006152320761811798607481686168525551752574583108841982899511109091268658,30.0,0.82,30.0,0.14760000000000004,0.0010250000000000018,0.040575,0.00144181184700255,0.18344119923246638,0.0011598136696346268,0.19271535745882148,0.001817770844017964,0.1941220499462856
98787006152320761811798607481686168525551752574583108841982899511109091268658,14.0,0.84,14.0,0.13440000000000002,0.0002750000000000005,0.030875,0.0006408996694789413,0.1453450023692528,0.000483416218230117,0.1473058370053993,0.0009540600483602496,0.15483521960740596
98787006152320761811798607481686168525551752574583108841982899511109091268658,7.0,0.88,7.0,0.1056,0.00010000000000000018,0.028949999999999997,0.0002668554635087581,0.13752143565219727,0.00023341846700604692,0.12047903269244437,0.0003362614998421129,0.1289186867948464
98787006152320761811798607481686168525551752574583108841982899511109091268658,3.0,0.845,3.0,0.130975,0.0,0.023525000000000008,0.00015330621968177464,0.1315301867144181,0.00012179176128552376,0.13308946632028262,0.00018405593872341172,0.13502352338289053
11945055302217621784910045410746746975726300882345977028546086393834748493487,30.0,0.255,30.0,0.189975,0.0006500000000000012,0.5692705000000001,0.0013399167972426814,0.2190096012507843,0.0011704581902241544,0.20866194423028617,0.0012507082322547026,0.19370665041057714
11945055302217621784910045410746746975726300882345977028546086393834748493487,14.0,0.235,14.0,0.179775,0.00010000000000000018,0.5692705000000001,0.0006368411496720891,0.2017758446767863,0.000511548181954803,0.18962054364743786,0.0005864001359234972,0.20058191556644453
11945055302217621784910045410746746975726300882345977028546086393834748493487,7.0,0.245,7.0,0.184975,0.0,0.5692705000000001,0.00037261440983860414,0.18895146142827993,0.0002434938973671158,0.19002789323356226,0.0003704111675752204,0.19153776205157969
11945055302217621784910045410746746975726300882345977028546086393834748493487,3.0,0.245,3.0,0.184975,0.0,0.5692705000000001,0.00016955476418086397,0.18528441503881887,0.00011938675565926448,0.18131850859564602,0.00015321115834797578,0.1864319314724856
110552230042207377373769436375815103661291329913875427644565116020841414815329,30.0,0.56,28.0,0.24639999999999998,0.0010515000000000004,0.32076450000000006,0.0014870938796864863,0.248868998937628,0.001060194620499318,0.25521978405410445,0.0015184380658955694,0.2454884403680495
110552230042207377373769436375815103661291329913875427644565116020841414815329,14.0,0.09,14.0,0.0819,0.0007514999999999999,0.04096450000000001,0.0005077658356702207,0.11521394386418811,0.0005181297768075535,0.1255259576424136,0.0004790852186589422,0.12205719513349968
110552230042207377373769436375815103661291329913875427644565116020841414815329,7.0,0.125,7.0,0.109375,0.0005015,0.023339500000000003,0.00028703724438685073,0.1246975297556477,0.00025258577783216787,0.13709517656611114,0.0002820216018516182,0.1330874071524594
106964416084686399090077880107069398948535925166333969255201754549955493894838,7.0,0.535,7.0,0.248775,0.0006249999999999945,0.32164999999999994,0.0003715286658130222,0.25194353842096523,0.0002901214991947837,0.25236180280139986,0.0002898927776582052,0.24813835771800227
106964416084686399090077880107069398948535925166333969255201754549955493894838,3.0,0.57,3.0,0.2451,0.0005249999999999943,0.3192249999999999,0.00017878344456938314,0.24557649906064521,0.00012300001566817453,0.24368839186827512,0.00011354316215958026,0.24494498995821723
92772662362278961564503892441528169295723683486682937846804974953615046185185,30.0,0.7655,29.0,0.17950975000000002,0.0004882499999999988,0.29403099999999993,0.0013579194013093661,0.19223949333819332,0.0011152615448256067,0.2067897368543575,0.0018475130143184564,0.2039406974699621
92772662362278961564503892441528169295723683486682937846804974953615046185185,14.0,0.587,16.0,0.242431,0.0004882499999999988,0.26893225,0.0008960044613276297,0.24432609677977396,0.0006337794163565869,0.24521961584025093,0.000846055421112573,0.24552993881351448
92772662362278961564503892441528169295723683486682937846804974953615046185185,7.0,0.5185,7.0,0.24965775,0.00014600000000000027,0.24781874999999998,0.0003978271610304715,0.2524594848623799,0.0002653754012967674,0.2497192749276047,0.00030376471901275107,0.24936023303607385
92772662362278961564503892441528169295723683486682937846804974953615046185185,3.0,0.5175,3.0,0.24969375,8.200000000000014e-05,0.24150624999999998,0.00017271636152470463,0.25058223302011884,0.00012051862074563907,0.25123576196300534,0.00012551781351166709,0.2488557877159758
70771354585365381988139008309072205730081182435161568795508496003376222185889,30.0,0.215,30.0,0.168775,0.004150999999999998,0.5009925000000001,0.00126978608337926,0.200563501823331,0.0011447115008441323,0.197703407360232,0.00131363314556113,0.19382581630317441
70771354585365381988139008309072205730081182435161568795508496003376222185889,14.0,0.165,14.0,0.137775,0.0014009999999999986,0.4993925,0.0005574145669951177,0.1571291934448146,0.00051674712273348,0.16809091241742982,0.0005666350713138757,0.14410504522084688
70771354585365381988139008309072205730081182435161568795508496003376222185889,7.0,0.205,7.0,0.162975,1.0000000000000019e-06,0.4973925,0.00037107904201296696,0.17257070956743487,0.00022895636693789461,0.16817001831088646,0.0003580295688921308,0.17187395215968757
65857958869910546114183119357707342163209296208878534808083359061397202503113,7.0,0.37,6.0,0.2331,0.0003250000000000006,0.10367499999999999,0.00029886694343850224,0.23218605209605436,0.00023501206673573035,0.23626161044071345,0.00025877155179716073,0.23435690928531044
65857958869910546114183119357707342163209296208878534808083359061397202503113,3.0,0.405,3.0,0.240975,0.00010000000000000018,0.10327499999999999,0.00016457176090923343,0.24225197580160546,0.00010554169501519034,0.24372497025594278,0.00014942239251136826,0.24118709001975724
30970983861359869193459616615999746460572744520905006545629816054794875558355,30.0,0.4455,30.0,0.24702975,0.0011400000000000021,0.15264224999999998,0.0016182438011824469,0.24464558637521386,0.001202164605360207,0.2521575962120718,0.0015677016346118172,0.24963133247316985
30970983861359869193459616615999746460572744520905006545629816054794875558355,14.0,0.4575,14.0,0.24819375,0.0005187500000000023,0.13292799999999996,0.0007677094026305492,0.2521499217173348,0.0005319339011158594,0.25694120505387386,0.0007479738391265776,0.25065281656768373
30970983861359869193459616615999746460572744520905006545629816054794875558355,7.0,0.4715,7.0,0.24918774999999999,0.00015150000000000184,0.10807224999999997,0.0003983955218561958,0.24995729394049712,0.0002581953565962932,0.24965876616563765,0.000310311557539098,0.24922071141841237
30970983861359869193459616615999746460572744520905006545629816054794875558355,3.0,0.728,3.0,0.198016,0.00012125000000000116,0.06278624999999996,0.00018866397054194113,0.19777849763720148,0.00012787101170293845,0.20153315101053426,0.0001384716815645751,0.20262922739389658
6298732416107490713680335020449168539250319212303915046550831399984902858177,14.0,0.26,9.0,0.19240000000000002,2.5000000000000045e-05,0.065025,0.00042901850905380673,0.20225070069515283,0.0003228030684770237,0.19741140262859488,0.00039422673233398183,0.1940548101407145
6298732416107490713680335020449168539250319212303915046550831399984902858177,7.0,0.255,7.0,0.189975,0.0,0.065025,0.00037055261267212854,0.19475815456838994,0.00026699055270536183,0.20200151395433685,0.000330211002751474,0.19338911525464839
6298732416107490713680335020449168539250319212303915046550831399984902858177,3.0,0.255,3.0,0.189975,0.0,0.065025,0.0001590487378474293,0.1909057310392198,0.00011448756803994157,0.1937925798783039,0.00016264108075670955,0.19273732872585028
34523777569717412486079829083221613352783431812341266998118815593138999201307,30.0,0.675,25.0,0.219375,0.0003025000000000005,1.0470555,0.0012606983264726063,0.23271464129016883,0.0009414315886296437,0.23536880381708639,0.0014171601711611928,0.22809123667658626
34523777569717412486079829083221613352783431812341266998118815593138999201307,14.0,0.545,14.0,0.247975,0.00029850000000000053,0.827844,0.0007421298690385718,0.2500228568102962,0.0005461410324819887,0.2523332771579521,0.0006667126011062009,0.24745601424733324
34523777569717412486079829083221613352783431812341266998118815593138999201307,7.0,0.17,7.0,0.1411,0.00024025000000000042,0.67486625,0.0003123700292135097,0.14612191896028912,0.00022763377570159078,0.1613399276168579,0.0002939408707377198,0.15337276927764049
34523777569717412486079829083221613352783431812341266998118815593138999201307,3.0,0.4465,3.0,0.24713775,0.0,0.62237375,0.0001621002449778107,0.25003197389094445,0.00012071227802504432,0.24783601028909338,0.00012504417329166315,0.24793574599387114
11061727421185440847487418954134894124700065830461897075888420759890392900382,3.0,0.053,3.0,0.050191,0.00024024999999999993,0.01263125,0.00010320025688069747,0.07433119737240224,8.800377655088035e-05,0.06367274295052659,7.738598747356325e-05,0.07966814742185896
13974700985240075332118756604045908736371738526924981600158142606410215481417,7.0,0.735,6.0,0.194775,0.00020000000000000036,0.22027500000000005,0.0003393464155808146,0.2032810021972349,0.0002527489341734651,0.2022356498233761,0.0003457534969923346,0.1963300948070905
13974700985240075332118756604045908736371738526924981600158142606410215481417,3.0,0.535,3.0,0.248775,0.00010000000000000018,0.19502500000000006,0.0001808805500199714,0.24864402534396832,0.00010701017087460744,0.2498785533961872,0.0001358781281355092,0.24951831785463752
54104250230532995953571265532080237494817780862487185399303030604058076042245,14.0,0.41,14.0,0.24190000000000003,0.0008749999999999948,0.21892499999999998,0.0007626355036671513,0.24271277842455063,0.0004940997621216331,0.24615271894579982,0.0006809661133913357,0.24392664991066648
54104250230532995953571265532080237494817780862487185399303030604058076042245,7.0,0.68,7.0,0.2176,0.0006249999999999977,0.13482499999999997,0.00036589858368711223,0.2172418515398083,0.00025948154050230577,0.22639042723261407,0.0003669199495687779,0.2196854084758118
54104250230532995953571265532080237494817780862487185399303030604058076042245,3.0,0.655,3.0,0.22597499999999998,0.00020000000000000036,0.13322499999999998,0.00017105266165758749,0.22909595727465257,0.00011306815564251497,0.22926083092666188,0.00015220631679442316,0.2250824913507226
62446510551119788095477835528576672715047217994292762496431912510269665561591,30.0,0.056,30.0,0.052864,0.00039400000000000004,0.0012615000000000003,0.0007539310855389949,0.0921871513530152,0.0007497528256587727,0.10633537375869388,0.000736067193955957,0.08852673266334701
57177903863826566306752697109837644393358365258322938979837272577619601832971,7.0,0.49,6.0,0.2499,0.0003999999999999996,0.23848800000000006,0.00031505297095589356,0.2503968729629265,0.0002479820812681182,0.2550644896221242,0.00031036702444205795,0.2504103521459336
57177903863826566306752697109837644393358365258322938979837272577619601832971,3.0,0.185,3.0,0.150775,0.0,0.16786300000000004,0.000143822986438767,0.15357947366472635,0.00010025738693440415,0.1491237420020565,0.00015610478713461151,0.15848904028971705
33982069727714559228613640542553959722814245008182061746055194466505822089643,30.0,0.124,29.0,0.108624,0.0021267499999999997,2.5e-07,0.0011729746548295487,0.16353944572774345,0.0010160439446248028,0.16110828914158026,0.0011425311935479264,0.15217919045610973
33982069727714559228613640542553959722814245008182061746055194466505822089643,14.0,0.0725,14.0,0.06724374999999999,0.0015534999999999993,2.5e-07,0.0004675479338792904,0.0933411325426425,0.00041425643651092734,0.1029602752659576,0.00046786318231827593,0.11272397085697515
33982069727714559228613640542553959722814245008182061746055194466505822089643,7.0,0.0765,7.0,0.07064775,0.001202,2.5e-07,0.00023665587160188363,0.10133584575864382,0.00020689111586144648,0.0977359744007936,0.0002102409532303796,0.09597451914759361
27895187191157954107919857931929220243923249200769070400616709237433290351619,14.0,0.475,13.0,0.24937499999999999,0.0011999999999999951,0.2973805,0.0007052292009887646,0.24870327522787605,0.0004883686127557419,0.2524651289776129,0.0006187998080465931,0.2532129802816238
27895187191157954107919857931929220243923249200769070400616709237433290351619,7.0,0.465,7.0,0.24877499999999997,0.0006499999999999974,0.2964805,0.00038870714369690124,0.2499073152501778,0.0002527517982963544,0.24952596472891816,0.0002938141232817991,0.24943487945948603
27895187191157954107919857931929220243923249200769070400616709237433290351619,3.0,0.48,3.0,0.2496,0.00042499999999999857,0.2964805,0.00015220706150815327,0.2494197446074095,0.00010909986253021245,0.2504567368573513,0.00011790125346200253,0.24893588428268565
89167187546438007357730822412813426023499340525151796165046011645238324335426,30.0,0.9485,30.0,0.04884774999999999,0.000514500000000002,2.4999999999994493e-07,0.001163407095046163,0.15991617039480674,0.0010133121543581024,0.16305903497870133,0.001385745947842914,0.17135233558839005
41054916495347957510087691174345858426588337259427885853416998968409113903196,7.0,0.65,6.0,0.22749999999999998,0.0,0.5480999999999999,0.00031047875110400147,0.23328044596827865,0.00022597587397863738,0.23280789814879735,0.00029091178194316325,0.22923068234916305
41054916495347957510087691174345858426588337259427885853416998968409113903196,3.0,0.6,3.0,0.24,0.0,0.51845,0.00017708207870543335,0.24058462248744378,0.00010940093384675533,0.24166817196730342,0.00012266762867559156,0.24078147181636225
47236739815607347436394828740644657912816815268002585518946427187074399713739,30.0,0.37,30.0,0.2331,0.00135,0.30805000000000005,0.0015793344224198634,0.24052965746278276,0.001221104526180467,0.23918802758143975,0.0015108440455817045,0.24836730068335044
47236739815607347436394828740644657912816815268002585518946427187074399713739,14.0,0.375,14.0,0.234375,0.0006249999999999989,0.30805000000000005,0.0007564540368977955,0.2365882241918123,0.0005669467972347917,0.24104676607760694,0.0007459419242714228,0.23711636264975097
47236739815607347436394828740644657912816815268002585518946427187074399713739,7.0,0.425,7.0,0.24437499999999998,0.0,0.30602500000000005,0.0004038091581226423,0.24817060038793176,0.00026615022343287777,0.24730649970528865,0.0003306885349645758,0.24576986588039604
47236739815607347436394828740644657912816815268002585518946427187074399713739,3.0,0.495,3.0,0.249975,0.0,0.29832500000000006,0.00016859261853818648,0.24920087967128496,0.00011118123788571145,0.2493872584438069,0.00012579979415414696,0.2501515767941763
23551730123892278697379547167568603886677384341614560282810343960930100700107,14.0,0.35,13.0,0.22749999999999998,0.0006250000000000011,0.148625,0.0006673848902652929,0.23491179390167724,0.0005012630885384055,0.22660120133020833,0.0006221339429266784,0.23114251220837836
23551730123892278697379547167568603886677384341614560282810343960930100700107,7.0,0.365,7.0,0.231775,0.0004000000000000007,0.148625,0.0004116273705247584,0.23300081598796296,0.0002772056547276264,0.23004678677589807,0.00034238208572488565,0.23118480030575334
23551730123892278697379547167568603886677384341614560282810343960930100700107,3.0,0.37,3.0,0.2331,0.00012500000000000022,0.148625,0.00016119593988022794,0.23393480071291478,0.00011440386192749466,0.23442062511740352,0.00013724439942356667,0.23189349004102297
114204009666480126498598988068661353227729994027245908284047317118776729508729,7.0,0.675,6.0,0.219375,0.0006750000000000012,0.1321,0.0003542218533920642,0.21850731908369922,0.0002507403166365564,0.22254502541442672,0.00027050303873575653,0.22220558593231668
114204009666480126498598988068661353227729994027245908284047317118776729508729,3.0,0.65,3.0,0.22749999999999998,0.0003500000000000006,0.1296,0.00018084548709401286,0.22670917878913663,0.00011508301292808292,0.2302929797744437,0.00014283526048812996,0.22957907919775855
12788708700359176380862092378573240532797315538185102859615773934992086648634,30.0,0.505,29.0,0.249975,0.001456249999999998,0.10841925000000002,0.0015566619623888617,0.2497017132946972,0.0011148622298481137,0.25545670072723914,0.0015365339268202233,0.24953073811117768
12788708700359176380862092378573240532797315538185102859615773934992086648634,14.0,0.355,14.0,0.22897499999999998,0.0007312499999999997,0.048194249999999994,0.0007811306039352073,0.2382487953518981,0.0005264795849188591,0.23567773686155735,0.0006659978076281167,0.23827265125414857
12788708700359176380862092378573240532797315538185102859615773934992086648634,7.0,0.085,7.0,0.07777500000000001,0.00038124999999999997,0.004044249999999999,0.00023577200026611531,0.10977223474375773,0.00022555638871362104,0.10412288609819349,0.00021629008937077684,0.10797253834258948
13737316123253484262859369976049955771699723238283286818794730128676447243740,7.0,0.795,5.0,0.16297499999999998,0.0005999999999999966,0.03422500000000002,0.0002714628151414785,0.1677459529908237,0.00018726269672066954,0.17037159897310128,0.0002978314139608302,0.17005395216683197
13737316123253484262859369976049955771699723238283286818794730128676447243740,3.0,0.805,3.0,0.15697499999999998,0.0004999999999999964,0.03422500000000002,0.00015051645600875293,0.16001280929864303,0.00012124779154454673,0.1654496886020499,0.00018598017945367106,0.15725969577992063
18008867159313570769262912171658897336337384293159822028565187451480762621316,30.0,0.335,30.0,0.22277500000000003,0.0013250000000000024,0.26875000000000004,0.0015056314025989443,0.23303484966642837,0.0011086905372774756,0.24131840563217677,0.0015199754068727805,0.2368631089793285
18008867159313570769262912171658897336337384293159822028565187451480762621316,14.0,0.315,14.0,0.21577500000000002,0.0003500000000000006,0.267525,0.0007308294176457248,0.21892062572856433,0.0005495913074975893,0.22369097327511456,0.0006273645150198708,0.22080353165764063
18008867159313570769262912171658897336337384293159822028565187451480762621316,7.0,0.285,7.0,0.203775,0.00020000000000000036,0.267125,0.000375127486540777,0.2072046356141092,0.00029845344524332817,0.20925654711903874,0.000307984774988552,0.20588994515868564
18008867159313570769262912171658897336337384293159822028565187451480762621316,3.0,0.215,3.0,0.168775,0.00020000000000000036,0.264625,0.00014897284924297156,0.17103396903130424,0.00011119011448999756,0.17078207562812672,0.0001667894463013266,0.1668444677667928
79957837730049901631649483186001311436950405704460050502953203906200478829723,7.0,0.205,6.0,0.162975,0.0002250000000000004,0.018049999999999997,0.00028409354693989037,0.16683156245190495,0.00021880522379159696,0.1685459523395575,0.00032141724103964696,0.16160625034919865
79957837730049901631649483186001311436950405704460050502953203906200478829723,3.0,0.14,3.0,0.12040000000000001,0.00010000000000000018,0.011649999999999999,0.00010551812270594901,0.1329795412253898,9.162747014850564e-05,0.1288321465775638,9.270238136657602e-05,0.13549417322683316
104384626333890484417631221426453974917579250857486058586575825503557175219318,30.0,0.235,30.0,0.179775,0.0004662500000000001,0.06845024999999999,0.0013106999306388605,0.1994294929450602,0.001064194924616831,0.20498995868393544,0.001339730099455221,0.2054941835228302
104384626333890484417631221426453974917579250857486058586575825503557175219318,14.0,0.16,14.0,0.1344,0.00036624999999999993,0.007225250000000001,0.0005277134426772208,0.16395264625452094,0.00047116290511148225,0.15522814159457968,0.0005569338529428391,0.15975477680978487
34554555827438551101000555305203609600029621153428996114009350892614396532498,30.0,0.295,30.0,0.20797500000000002,0.0007999999999999998,0.21402500000000002,0.0013914528370463789,0.2162376875425932,0.001211060537837783,0.2134847110215048,0.001421699687928859,0.2270067065622136
34554555827438551101000555305203609600029621153428996114009350892614396532498,14.0,0.115,14.0,0.101775,0.0003750000000000001,0.20010000000000003,0.000563659798077628,0.13205242420882868,0.0005435361806317698,0.1334448456849543,0.0005799783013047148,0.14168582289485848
34554555827438551101000555305203609600029621153428996114009350892614396532498,7.0,0.205,7.0,0.162975,0.0,0.19797500000000004,0.0003573492027643309,0.1700510297618064,0.00025460797520461786,0.17255753690310724,0.00035927250342392814,0.1823930825888668
34554555827438551101000555305203609600029621153428996114009350892614396532498,3.0,0.305,3.0,0.21197500000000002,0.0,0.18817500000000004,0.00015948287914566712,0.21194542611460782,0.00014505738595301177,0.21311511723836915,0.00015532040773085597,0.21186851938959336
21983527212471052224875082671700179613829711769969995449816956409301838612892,30.0,0.48,30.0,0.2496,0.0010250000000000018,0.255425,0.0016214155576306601,0.26008266699619226,0.001109775576085487,0.25910952325332426,0.0016685582480864237,0.25649401070158584
21983527212471052224875082671700179613829711769969995449816956409301838612892,14.0,0.505,14.0,0.249975,0.0007000000000000012,0.255025,0.0007489886585407578,0.25159586421738495,0.0005313984853722834,0.25319419592940834,0.0007311449181714016,0.2499145096908032
21983527212471052224875082671700179613829711769969995449816956409301838612892,7.0,0.495,7.0,0.249975,0.0004000000000000007,0.255025,0.0003813920571982768,0.2482462360587979,0.0002692604223992322,0.2485870254711265,0.0003319401991956633,0.25219576343417854
21983527212471052224875082671700179613829711769969995449816956409301838612892,3.0,0.495,3.0,0.249975,0.00020000000000000036,0.255025,0.00017505742700385431,0.25045651578004374,0.00010965000836307484,0.2512505765296949,0.00014716073276763365,0.24952190525254597
45668841020533558878058431264255444612420443086293898941905939792694888997711,30.0,0.0655,30.0,0.06120975,0.0007060000000000005,0.0018062500000000003,0.0008630263910319486,0.11132944881393884,0.0008619645211644205,0.11323223399161851,0.0007256642905884009,0.08489826071787702
45668841020533558878058431264255444612420443086293898941905939792694888997711,14.0,0.0695,14.0,0.06466975000000001,0.00044750000000000036,0.0018062500000000003,0.00048331858074802497,0.10491320317760325,0.00044344177444507473,0.08763749632483045,0.00046340838134294226,0.10960541003227914
45668841020533558878058431264255444612420443086293898941905939792694888997711,7.0,0.0615,7.0,0.05771775,0.00038100000000000026,0.0018062500000000003,0.00022395643806588102,0.08836070330335177,0.00018855646135619046,0.09958383499953669,0.0002028713492147232,0.09392997182108231
45668841020533558878058431264255444612420443086293898941905939792694888997711,3.0,0.0555,3.0,0.05241975,0.00011349999999999991,0.0018062500000000003,6.656967713881676e-05,0.0698297075496515,7.948991807657193e-05,0.07780356599982147,6.906632799983116e-05,0.07368985538158192
88367287191881225139620787713565692597802556472947648475077029086743269748668,30.0,0.0595,30.0,0.055959749999999996,0.00235175,0.009541000000000001,0.0007765402421305286,0.0861691108862289,0.0007522034953850116,0.0900109498616518,0.0009015020591274425,0.10601244217935082
88367287191881225139620787713565692597802556472947648475077029086743269748668,7.0,0.0895,7.0,0.08148975,0.0007672499999999999,0.0023245,0.00020893767926894472,0.10194639933089274,0.0002548917496525222,0.10671521209761853,0.0002448594278009452,0.10397273805341875
2789161844726902174013772179998168626464142596496773372879458268499305714240,14.0,0.055,9.0,0.051975,0.0005999999999999996,0.0223945,0.00027340761798302655,0.07521024345782784,0.00022365078316363606,0.06970305593711093,0.0002649615460440745,0.08338000255500294
2789161844726902174013772179998168626464142596496773372879458268499305714240,7.0,0.065,7.0,0.060775,0.00034999999999999945,0.0223945,0.0001964333965176577,0.09527510301674309,0.00019768327458141103,0.07777906695260127,0.00020926729238229463,0.09822154427315624
2789161844726902174013772179998168626464142596496773372879458268499305714240,3.0,0.15,3.0,0.1275,2.500000000000001e-05,0.0205445,0.0001315701578430316,0.13188119462719805,0.00010091220388544132,0.13536856326795885,0.00015521750059337367,0.13534987511101154
9332005471507058800134311787232306610179601726848926059386980878138380623145,30.0,0.051,30.0,0.048399,0.00129275,0.0015487500000000002,0.0006753756317570242,0.09641801397951123,0.0006980405151175103,0.08823032383020618,0.000596368669707165,0.06894889272621345
24918067747661759048720135607687934209172945708698786072564741153847301974566,30.0,0.195,21.0,0.156975,0.0029999999999999966,0.8688250000000001,0.0009497661275460067,0.187408369579439,0.0008182341298978754,0.19352064247138961,0.0008654179648234638,0.1756697827164334
24918067747661759048720135607687934209172945708698786072564741153847301974566,14.0,0.145,14.0,0.12397499999999999,0.0020999999999999973,0.8602250000000001,0.0005807958417980555,0.15626400767050558,0.0006142972698184872,0.1622421069261165,0.000585514634661508,0.1452456275067765
24918067747661759048720135607687934209172945708698786072564741153847301974566,7.0,0.145,7.0,0.12397499999999999,0.0005999999999999996,0.8577250000000001,0.0002977938649425116,0.14630500012106296,0.00027141322989561895,0.14128867584470306,0.0002973413864001356,0.1620697096492915
24918067747661759048720135607687934209172945708698786072564741153847301974566,3.0,0.075,3.0,0.069375,0.0005,0.8565250000000001,7.116748465555e-05,0.08555184884856659,6.27982511534036e-05,0.08612394060253994,9.341688682556909e-05,0.08974534765510706
86960243408482463446813999345263072561280516246429155873240774618158609278919,30.0,0.4205,30.0,0.24367975,0.0003969999999999971,0.17894074999999998,0.0015953663817639043,0.2556987957759788,0.0011734394531687244,0.259318826387858,0.0016331085958972218,0.24890946818846246
86960243408482463446813999345263072561280516246429155873240774618158609278919,14.0,0.585,14.0,0.24277500000000002,0.0002502499999999982,0.16362024999999997,0.0007333352328424161,0.2440171522169423,0.0006159401508952302,0.24218253010503793,0.0007104279863751898,0.24190538363761996
86960243408482463446813999345263072561280516246429155873240774618158609278919,7.0,0.5865,7.0,0.24251775,0.00022799999999999817,0.16362024999999997,0.0003896839470376011,0.24167472603091672,0.00025625189114255204,0.24141442254573214,0.00031109764173604726,0.2414594794057674
86960243408482463446813999345263072561280516246429155873240774618158609278919,3.0,0.59,3.0,0.2419,3.9249999999999904e-05,0.16362024999999997,0.00017149520547605934,0.24107138747761442,0.0001247130123769805,0.2460419763265184,0.00013702785580144963,0.2412670533945994
38443965280599800667130420323190826586345509194175252284670224641086767088319,14.0,0.405,12.0,0.240975,0.0007999999999999993,0.34222499999999995,0.0006543139837613205,0.2424214691096664,0.0004439348285622928,0.24568177073761635,0.0006361027566785299,0.23847595638183827
38443965280599800667130420323190826586345509194175252284670224641086767088319,7.0,0.385,7.0,0.236775,0.000699999999999999,0.34222499999999995,0.0003882523451507154,0.23427081580034387,0.0002575217408198382,0.2430013484737297,0.00032103310421927153,0.23882328105756556
38443965280599800667130420323190826586345509194175252284670224641086767088319,3.0,0.395,3.0,0.238975,0.0005999999999999989,0.34222499999999995,0.00016604466887439807,0.23958977304165074,9.605135331598933e-05,0.24463067570040636,0.0001433221512920336,0.24018351702759055
34008882006586743025917171327631517196178656707550483813538223911544374700637,7.0,0.425,6.0,0.24437499999999998,0.00010000000000000018,0.142625,0.0003548024565204953,0.24345420761319694,0.0002160789059512378,0.24639669270739428,0.0002769153074492886,0.2462134311853186
34008882006586743025917171327631517196178656707550483813538223911544374700637,3.0,0.385,3.0,0.236775,0.00010000000000000018,0.141025,0.0001885664117517013,0.23708936557642077,0.00011850719932519252,0.23765950376083603,0.00012314861803645226,0.24098447116074737
1306356719094689346313063714841373579985151911129925593045086113492724507979,7.0,0.305,7.0,0.21197500000000002,0.00010000000000000018,0.578575,0.0003819632758378933,0.2151023148047762,0.0002646740892249546,0.21712749423962535,0.00034011232555454973,0.21054873087082526
1306356719094689346313063714841373579985151911129925593045086113492724507979,3.0,0.21,3.0,0.1659,0.0,0.5670499999999999,0.00015637152198413212,0.16979566715101135,0.00011761650128741218,0.16869131751589556,0.00016450475908538946,0.16849175304473504
98890730828846700658433593675743013751893649764967000647782308048829605871107,7.0,0.515,6.0,0.249775,0.0,0.21617500000000003,0.00034631496380222164,0.2496629420377522,0.0002412645680392971,0.2596311404255949,0.00029857186345690566,0.24919209311094206
98890730828846700658433593675743013751893649764967000647782308048829605871107,3.0,0.295,3.0,0.20797500000000002,0.0,0.18342500000000003,0.00015692467026966257,0.20764637681783554,9.350921669659666e-05,0.20958700877428427,0.00015006322010352205,0.21093193936283403
22471558306651652872466078310631242311193420682401150664391221946940394371562,7.0,0.77,6.0,0.17709999999999998,0.0007250000000000013,0.03842499999999998,0.0003294261560050891,0.18435581833226855,0.0002178797999735313,0.18230193927751054,0.000332717928283435,0.18309074548700313
22471558306651652872466078310631242311193420682401150664391221946940394371562,3.0,0.795,3.0,0.16297499999999998,0.00025000000000000044,0.03842499999999998,0.00017537291122639816,0.16632344291787465,0.0001147477156607828,0.16787672029738157,0.00017471081278627967,0.1640337974093515
9169228021915607833095877513695806059737089528651886236778300941039475279280,14.0,0.435,13.0,0.24577499999999997,0.0004499999999999986,0.17468050000000002,0.0007245948793187301,0.24902800465817124,0.0004790195586506583,0.2550009248314702,0.0006542855893689542,0.2506076791138961
9169228021915607833095877513695806059737089528651886236778300941039475279280,7.0,0.375,8.0,0.234375,0.0003999999999999985,0.15723050000000002,0.0004294381584146463,0.23587875584476323,0.0002905343151514446,0.2349640874376717,0.0003904057519938178,0.238295949818999
9169228021915607833095877513695806059737089528651886236778300941039475279280,3.0,0.415,4.0,0.24277499999999996,0.0003999999999999985,0.15563050000000003,0.00021715214951287324,0.24512347801636722,0.0001581244370363718,0.2452522774722462,0.00018256194315086432,0.24452237922102438
99408034609361006788528589740892909844904707136814100700161584581762295653436,7.0,0.51,7.0,0.2499,0.0003250000000000006,0.265625,0.00035783798263304704,0.24738782515821128,0.00025133800164948,0.24981045152027076,0.0002818292453733702,0.2503980523667474
99408034609361006788528589740892909844904707136814100700161584581762295653436,3.0,0.5,3.0,0.25,0.0002250000000000004,0.265225,0.0001543262290074561,0.2511399659619808,0.00010484704085959971,0.2505559714303678,0.0001257341947909839,0.2506244847774658
64982649349833799070726872985810077351223251203012444487225704868921642973394,30.0,0.165,27.0,0.137775,0.00022400000000000002,0.0044505000000000005,0.001094048048792948,0.19117739745962198,0.0010244522457098415,0.15614164486580637,0.0010843312537271192,0.18102769326907361
83813243658255294021547628613822890249701167579262640295576150495795882892114,7.0,0.445,5.0,0.24697499999999997,0.0,0.08160350000000001,0.0002915520534111845,0.24706634796916865,0.00018807443492878547,0.24712949402091286,0.00021609642787428295,0.24702943023826035
83813243658255294021547628613822890249701167579262640295576150495795882892114,3.0,0.18,3.0,0.1476,0.0,0.011378499999999998,0.00016039084097307693,0.149398051198693,9.873273625282054e-05,0.153032411876162,0.00016188595686729478,0.15081305786205473
70235644432412964121917864255900359382638971100146813592379821470215190007259,30.0,0.462,30.0,0.24855600000000003,0.0009535000000000021,0.248058,0.0015787692037292978,0.2564445564418603,0.0011786579858340885,0.25979883125742637,0.0016194008475185345,0.25825824651141843
96400213210341981954324436606697259824999481324870657229982851203901602585752,14.0,0.645,10.0,0.22897499999999998,0.00012500000000000022,0.37850000000000006,0.0005806343143157074,0.23137364591027257,0.00038019779966327535,0.23511599729007318,0.0005042030871429522,0.2262142281797614
96400213210341981954324436606697259824999481324870657229982851203901602585752,7.0,0.65,7.0,0.22749999999999998,0.00012500000000000022,0.249425,0.00036706312477867583,0.22898224236480402,0.00024390487362006653,0.22876911780918405,0.0003145768536471838,0.22822174188865993
96400213210341981954324436606697259824999481324870657229982851203901602585752,3.0,0.6,3.0,0.24,2.5000000000000045e-05,0.05847500000000001,0.00018198780901221948,0.2393589678192221,0.00011709149253812744,0.24174915700394575,0.00012692464744511528,0.24121402470418155
103478423334723150136394826934062205470239113570126621965691871419217475037345,7.0,0.615,6.0,0.236775,0.0005499999999999988,0.35272500000000007,0.0003330243662265861,0.2439884430798329,0.000240814877474715,0.23741758577444463,0.0002946500170632608,0.23735398901115146
103478423334723150136394826934062205470239113570126621965691871419217475037345,3.0,0.41,3.0,0.24190000000000003,0.00042499999999999857,0.31662500000000005,0.00015688820854695953,0.2430244099734171,0.00012470244834644208,0.24508099763319058,0.00014917868399779463,0.24284640611234562
65206879169809471684171181962606426355936771076631263853333189016369249957120,30.0,0.21,30.0,0.1659,0.000724999999999998,0.6320250000000001,0.0012635595433353702,0.1920834555721008,0.0011061713747265722,0.19230001830375293,0.001334070237127825,0.2002636556656347
65206879169809471684171181962606426355936771076631263853333189016369249957120,14.0,0.2,14.0,0.16000000000000003,0.00017499999999999975,0.6320250000000001,0.0005517700427678295,0.16695366614863974,0.0005022264018819741,0.17945878724171466,0.000574228878357735,0.1816546397591703
65206879169809471684171181962606426355936771076631263853333189016369249957120,7.0,0.195,7.0,0.156975,9.999999999999963e-05,0.6320250000000001,0.00031085765563477336,0.16533204645255115,0.0002534898094064552,0.16706107767939657,0.00036439785197417494,0.17648865766929986
65206879169809471684171181962606426355936771076631263853333189016369249957120,3.0,0.205,3.0,0.162975,0.0,0.6320250000000001,0.00015523714418278197,0.16716407805350503,0.00012138046471322509,0.1696029472814443,0.00016557600958714565,0.16721026652925466
61003951089663694388119533834355134215149416373713301455955955612523119298488,30.0,0.121,30.0,0.106359,0.00190075,0.0023857499999999994,0.0011678922689309556,0.14901595767483974,0.0010931819025694002,0.1465296604383948,0.0011184372767064858,0.15276791847567506
98368261953053617625152654837706746008489674886097180183732337317673277734263,7.0,0.335,6.0,0.22277500000000003,0.0003250000000000006,0.36424999999999996,0.0003229332455094661,0.22585886152571574,0.00021597924921542,0.22561013414404119,0.00030485993220224133,0.22611160248519596
98368261953053617625152654837706746008489674886097180183732337317673277734263,3.0,0.26,3.0,0.19240000000000002,0.0,0.35784999999999995,0.0001523766764683507,0.19205277092953824,0.00011670152154847325,0.19572500654852154,0.00016561052055203362,0.19041203780542687
55549274640733017542163520774439582975615803348529796706457461980106954184828,30.0,0.395,29.0,0.238975,0.0010212499999999996,0.08947125,0.001522453751391048,0.25482077281099935,0.0011232128575188462,0.25207893798374026,0.0014750270557894244,0.24533182544220103
55549274640733017542163520774439582975615803348529796706457461980106954184828,14.0,0.095,14.0,0.08597500000000001,0.00067125,0.005971249999999998,0.00048524466369888363,0.1111880988234834,0.0005526084844898916,0.11694850879610592,0.0005731809541104148,0.12521905805586664
101266486163222737709956940578503433808154635178180053553811451280530203608604,7.0,0.73,5.0,0.1971,0.00017500000000000032,0.5692705000000001,0.0002555994152915075,0.20128056706422806,0.00016656342005670827,0.2009316346363748,0.00028876519208329216,0.19950592158439798
101266486163222737709956940578503433808154635178180053553811451280530203608604,3.0,0.74,3.0,0.19240000000000002,0.00012500000000000022,0.5692705000000001,0.00017037694731620475,0.19339175368849118,0.00011949204464666355,0.19535132483820486,0.00014986702672347473,0.1957099948653963
10543796747987526217726719445503113036676541789761379932363198740436075720933,30.0,0.138,30.0,0.118956,0.0008202499999999995,0.05895725,0.0011597366117190224,0.15892054849449067,0.0010725918374873305,0.16781716427769333,0.001268722850655723,0.16896563453194247
10543796747987526217726719445503113036676541789761379932363198740436075720933,14.0,0.1465,14.0,0.12503775,0.00019650000000000028,0.05895725,0.0005982548837118677,0.16360517032717298,0.0005527328617139248,0.16306240025265403,0.0005790395724616509,0.1658046694103003
10543796747987526217726719445503113036676541789761379932363198740436075720933,7.0,0.1405,7.0,0.12075975,0.00010400000000000018,0.05895725,0.00029452022362072734,0.142386156667397,0.00027214083785322943,0.1395269224456492,0.00032879631458084495,0.154012829097716
10543796747987526217726719445503113036676541789761379932363198740436075720933,3.0,0.274,3.0,0.19892400000000002,1.125000000000002e-05,0.039636250000000005,0.00015947283294222357,0.2029512123785596,0.00012024131030145553,0.20105093580685032,0.00015799395147932427,0.19833465766927003
99778030920638574238360047884286613831827282452910365077884527458522284110888,30.0,0.845,30.0,0.130975,0.0018672500000000015,0.7232022500000002,0.0013379069190642438,0.18047618839838606,0.0011138920254601748,0.1820370021690376,0.0016995432909840131,0.1850554361986331
99778030920638574238360047884286613831827282452910365077884527458522284110888,14.0,0.825,14.0,0.14437500000000003,0.0016172500000000008,0.7232022500000002,0.0006940270294149742,0.15147756782388064,0.0004920402111678774,0.16144763701617587,0.0009230915387626721,0.15659862804105062
99778030920638574238360047884286613831827282452910365077884527458522284110888,7.0,0.8075,7.0,0.15544375,0.0004084999999999989,0.7232022500000002,0.00037054801275622875,0.15986406809774226,0.0002528631866994084,0.16166155374374291,0.00039450499054441125,0.16260899954045258
99778030920638574238360047884286613831827282452910365077884527458522284110888,3.0,0.7945,3.0,0.16326975000000002,3.600000000000006e-05,0.7232022500000002,0.00014661319495570598,0.16769689640728325,0.00010504566332304922,0.1659205340784855,0.000157150961455346,0.16607460690386774
66645018399244327793816970436640892806720466803924622381310200425167561934656,30.0,0.255,30.0,0.189975,0.0017249999999999978,0.07795,0.0013733839169314665,0.209450697542531,0.0011337974533626137,0.20450981097882612,0.0013270190938129583,0.2084023010295595
66645018399244327793816970436640892806720466803924622381310200425167561934656,14.0,0.265,14.0,0.194775,0.001049999999999998,0.07732500000000002,0.0006602925652529678,0.21143132694423927,0.000519159367804134,0.20367297134434678,0.0006266052720607831,0.20565914447548933
66645018399244327793816970436640892806720466803924622381310200425167561934656,7.0,0.265,7.0,0.194775,0.00019999999999999982,0.07732500000000002,0.00033495906963113453,0.19562868683665108,0.00024697640259582787,0.20375668805668298,0.00034748855570007197,0.19275163959092098
66645018399244327793816970436640892806720466803924622381310200425167561934656,3.0,0.235,3.0,0.179775,9.999999999999963e-05,0.07692500000000001,0.00013407138599778943,0.1767449413579343,0.00012602406875025833,0.18252661302964024,0.00016539639249784258,0.18095915476570837
69805959553710901603069575477389014051105774283916985387747017549077971626966,7.0,0.325,6.0,0.21937500000000001,0.00020000000000000036,0.3908705,0.00035139904784858226,0.22247468429114087,0.00021464499683876648,0.21982968620623033,0.00033661135380554845,0.22496066334370746
69805959553710901603069575477389014051105774283916985387747017549077971626966,3.0,0.445,3.0,0.24697499999999997,0.0,0.37647050000000004,0.0001643058786720006,0.24850666154570455,0.00011013414066673846,0.2459489369845346,0.0001495366887405866,0.24752517230838175
80712420758383921582936584763126351359250932707204568764353087094189787249591,30.0,0.075,30.0,0.069375,0.002374,0.045146,0.0009477916487606745,0.12789446382058225,0.0009056956470233081,0.114566530322941,0.0009607467964013708,0.12582192379595106
80712420758383921582936584763126351359250932707204568764353087094189787249591,14.0,0.158,14.0,0.133036,0.0010667499999999998,0.025782249999999996,0.0005787257454472565,0.16488138626500298,0.000508655655169864,0.15932155015122976,0.0005904814584703046,0.15766093403491913
80712420758383921582936584763126351359250932707204568764353087094189787249591,3.0,0.0845,3.0,0.07735975,6.249999999999977e-06,0.0034065,9.179216463569233e-05,0.09921441646776634,6.867142579921404e-05,0.1048119294839297,8.612080153892529e-05,0.10247661541680803
60396150294056475674860934419619480139938118116601719506967369709790058295210,30.0,0.07,30.0,0.0651,0.0016460000000000008,0.058315500000000006,0.0008617426871758143,0.10415205901769851,0.0008432501182804267,0.10586576368448901,0.0009005323124109868,0.10890474421814635
60396150294056475674860934419619480139938118116601719506967369709790058295210,14.0,0.154,14.0,0.13028399999999998,0.0011214999999999997,0.011005500000000001,0.0005848891164998188,0.14964834388218812,0.0005179642360852897,0.15634873879836456,0.0006022785345159142,0.16065971399121245
60396150294056475674860934419619480139938118116601719506967369709790058295210,7.0,0.135,7.0,0.116775,0.0003812499999999999,0.007395250000000001,0.0002863845386722297,0.13903683464270278,0.0002949171173209053,0.1484960515107442,0.0003092621204691411,0.13439334604572234
60396150294056475674860934419619480139938118116601719506967369709790058295210,3.0,0.0675,3.0,0.06294375,0.0003812499999999999,0.0024625,8.466940651238154e-05,0.08158786805665813,7.413062099306618e-05,0.0881140643371327,7.93026989829557e-05,0.08515690655425778
62516949205730668430138255140150438665483187962069999240136080804116109915287,30.0,0.215,30.0,0.168775,0.0007000000000000001,0.014525000000000001,0.0012475364028446741,0.19049090611202307,0.001201932695284238,0.20822763547011888,0.0012867170649526083,0.2093430066670335
62516949205730668430138255140150438665483187962069999240136080804116109915287,14.0,0.175,14.0,0.14437499999999998,0.00030000000000000003,0.014525000000000001,0.0005718467569652973,0.16989174663904258,0.0004554744562627248,0.1619551487372534,0.0005858164359399679,0.17580515041225198
62516949205730668430138255140150438665483187962069999240136080804116109915287,7.0,0.155,7.0,0.130975,0.00010000000000000018,0.014525000000000001,0.00027163656945408915,0.15165637094391196,0.00022561480197006223,0.14895322786249837,0.00029502095687557444,0.15772500545935803
62516949205730668430138255140150438665483187962069999240136080804116109915287,3.0,0.125,3.0,0.109375,0.00010000000000000018,0.013625000000000002,9.04647667212735e-05,0.12413261884894186,8.034847154539261e-05,0.12930832032929532,9.962519669909726e-05,0.1344162745067398
105725962544656434499219407707860987545196129466178717206445293046502222676953,14.0,0.445,13.0,0.24697499999999997,0.0005749999999999999,0.13754999999999998,0.000740640950337158,0.24665739803603262,0.0005025304849871808,0.24782866484951413,0.0006631192845787264,0.24646415682509548
105725962544656434499219407707860987545196129466178717206445293046502222676953,7.0,0.425,7.0,0.24437499999999998,0.0002750000000000005,0.13624999999999998,0.0003929689334003375,0.24482542059529522,0.0002726422489358713,0.2451858665754373,0.00031826651343376457,0.2466883434416305
105725962544656434499219407707860987545196129466178717206445293046502222676953,3.0,0.385,3.0,0.236775,0.00015000000000000029,0.13322499999999998,0.00016779434640098144,0.23594664598234122,0.0001221847864986788,0.23820946119450007,0.0001471536284654838,0.23516159292111338
13244681086321087932946246027856416106585284024824496763706748621681543444582,30.0,0.824,30.0,0.14502400000000004,0.002479499999999997,0.012522999999999996,0.0014294286045882804,0.1790571633074473,0.0011531768102014661,0.19279552634842187,0.0018400857426218037,0.19341915386658823
13244681086321087932946246027856416106585284024824496763706748621681543444582,14.0,0.8935,14.0,0.09515775000000003,0.002016999999999996,0.005404750000000002,0.0005609344636039019,0.1334114454237559,0.00047942079295146137,0.13261279990553235,0.0008576029176158959,0.11824428653208492
13244681086321087932946246027856416106585284024824496763706748621681543444582,7.0,0.948,7.0,0.04929600000000004,0.001533749999999998,0.0031002500000000027,0.00023051146808794745,0.08858588896941746,0.00020723846055038269,0.09076112832184116,0.00034266238827081267,0.08753970534971181
13244681086321087932946246027856416106585284024824496763706748621681543444582,3.0,0.9325,3.0,0.06294375,0.0007022499999999996,0.0025000000000000044,7.67688666433427e-05,0.07744587919284768,5.601747064569551e-05,0.08168709522142233,0.00010894059762898474,0.07934647822139902
72685162394098505217895638060393901041260225434938300730127268362092284806692,30.0,0.1305,30.0,0.11346975,0.0013485000000000005,0.01180025,0.0012706561237524159,0.16224240596038336,0.0010470678714763148,0.16079019051199137,0.0012625051153837925,0.17680021364918147
72685162394098505217895638060393901041260225434938300730127268362092284806692,14.0,0.066,14.0,0.061644,0.0007492500000000005,0.01028725,0.0004097186381651382,0.09922213099456441,0.00040140832213487977,0.09583087253025893,0.00045191463532526135,0.09419860984083868
72685162394098505217895638060393901041260225434938300730127268362092284806692,7.0,0.1165,7.0,0.10292775,0.0002475000000000003,0.007002749999999999,0.0003041810611729125,0.14873736329205936,0.0002584902318761181,0.13660346920634234,0.00029640360822586484,0.12079788484149237
72685162394098505217895638060393901041260225434938300730127268362092284806692,3.0,0.0625,3.0,0.05859375,2.5000000000000047e-07,0.004552499999999999,7.343847366376898e-05,0.08147523755152199,7.541653912804463e-05,0.08312146854327995,7.33786424685494e-05,0.07903132457749923
20625862746193915425610023902214391561742716871364821883096250999201092648059,7.0,0.37,6.0,0.2331,0.00010000000000000018,0.44115000000000004,0.000325398192399631,0.23480375470712553,0.0002195984592003769,0.23328560986464808,0.0002747313698546976,0.23383635585200652
20625862746193915425610023902214391561742716871364821883096250999201092648059,3.0,0.37,3.0,0.2331,0.00010000000000000018,0.44115000000000004,0.00017852517938771496,0.2343807575404403,0.00011246623693301218,0.2352566732414374,0.0001610398381578697,0.2339040424594775
3458579677480418407462245282172328323357098371506388156545148696750943551593,7.0,0.425,6.0,0.24437499999999998,0.00025000000000000044,0.49157500000000004,0.0003460855980434963,0.24731435210031427,0.00027171886685731456,0.2431662202789786,0.00028260955406878664,0.2451573804847387
3458579677480418407462245282172328323357098371506388156545148696750943551593,3.0,0.585,3.0,0.24277500000000002,0.0002250000000000004,0.44705000000000006,0.00015423217812322466,0.2439929099387112,0.00011577558964189726,0.24367800689643573,0.00012317694672799923,0.24290756899597704
53341029133628210827715115794248113050006295642427658029277755679184190850682,7.0,0.055,6.0,0.051975,0.0006437499999999999,2.25e-06,0.00017237790127465623,0.08321219214723541,0.00012259488692376616,0.07723687778428732,0.0001459751155359619,0.0714438637172816
80714873928933762733817803756865731731310221274307953523977687180323147037924,30.0,0.385,29.0,0.236775,0.0011385000000000073,1.1636284999999997,0.001447301623788773,0.2378628783799904,0.0011067435840658307,0.24465068284046532,0.0015117185406193147,0.23916781073417476
80714873928933762733817803756865731731310221274307953523977687180323147037924,14.0,0.928,14.0,0.06681599999999996,0.000548250000000004,0.003054750000000006,0.0005352167148394138,0.11772821634151548,0.00046110091708158123,0.12888240989398161,0.0008429252016367943,0.12163240709726952
80714873928933762733817803756865731731310221274307953523977687180323147037924,7.0,0.9205,7.0,0.07317975000000002,0.00020150000000000202,0.003054750000000006,0.000243233058842788,0.11314900875923399,0.00020709836457590662,0.11651984323845094,0.0003225304120134246,0.1065832519036439
80714873928933762733817803756865731731310221274307953523977687180323147037924,3.0,0.949,3.0,0.04839900000000004,6.500000000000012e-05,0.0017225000000000077,7.05646578154316e-05,0.05982177722805062,5.958902208789525e-05,0.06800975616765198,0.00012757782235332696,0.06740306904026847
57412940763264379879744550530590190368873063906839354927556618677151005038270,7.0,0.72,6.0,0.2016,0.0003500000000000006,0.03655000000000001,0.0003291531848517408,0.20239802918206223,0.00022768166133407084,0.2082306945217077,0.00030864715350407246,0.20211429668385
57412940763264379879744550530590190368873063906839354927556618677151005038270,3.0,0.76,3.0,0.1824,0.0003250000000000006,0.03552500000000001,0.00017573333426738536,0.18965768894919496,0.00013138151131326375,0.18271418235271716,0.00015745208801401031,0.18770030564377818
62176861686421375641008326482266482846235719710412165030881860547339969332278,30.0,0.38,30.0,0.2356,0.0015257499999999998,0.09769525,0.0015640213851556722,0.2424023155713699,0.0011770283987176295,0.2522070484498121,0.001527836533899061,0.24811823418998216
62176861686421375641008326482266482846235719710412165030881860547339969332278,14.0,0.445,14.0,0.24697499999999997,0.0009257499999999995,0.061620249999999994,0.0007713371741908581,0.24548384246246902,0.0005536276351417813,0.25419393174629035,0.0007132795437267557,0.24850708802457958
62176861686421375641008326482266482846235719710412165030881860547339969332278,7.0,0.085,7.0,0.07777500000000001,0.0004257500000000003,0.0008702499999999998,0.00023563983069717153,0.10933802532207683,0.00022836219444799597,0.11200479003755529,0.00023176076206931766,0.11092812044433603
18812649149814341758733697580460697418474693998558159483117100240528657629879,30.0,0.1175,30.0,0.10369375,0.0023169999999999974,0.22657875,0.0011412914741573993,0.14397055737864947,0.0010407439836837928,0.15776273498085702,0.0012156828461960764,0.15049294154783774
18812649149814341758733697580460697418474693998558159483117100240528657629879,14.0,0.1745,14.0,0.14404975,0.001442999999999998,0.22020625,0.0005705932240986314,0.17167249370439458,0.0005237715645002026,0.151335276486893,0.0005610679757288583,0.16303473610030292
18812649149814341758733697580460697418474693998558159483117100240528657629879,7.0,0.1825,7.0,0.14919374999999999,0.0005399999999999994,0.21972224999999998,0.0003182780437711863,0.16066058644159675,0.00024121151564288667,0.16331441341569428,0.0003598084597216875,0.1608907111737395
18812649149814341758733697580460697418474693998558159483117100240528657629879,3.0,0.4155,3.0,0.24285974999999999,0.00011599999999999866,0.16728125,0.00016191488801625602,0.24397334020415073,0.00012320255200728132,0.24441428344257762,0.0001401600997852033,0.24307674153781186
6401184781566973761539479744513550095006211334801446950190560539997943025585,30.0,0.74,22.0,0.19240000000000002,0.0006999999999999996,0.36285,0.0011281029538163427,0.20931261997431558,0.000876312586346096,0.20283459890008984,0.001369662598114366,0.20105287030223212
6401184781566973761539479744513550095006211334801446950190560539997943025585,14.0,0.57,14.0,0.2451,0.0004499999999999991,0.27179999999999993,0.0007881323299138322,0.2475094330005475,0.0005658252813743086,0.2522660862987323,0.0007152560930990754,0.2514031693140628
6401184781566973761539479744513550095006211334801446950190560539997943025585,7.0,0.51,7.0,0.2499,0.0003249999999999989,0.18372499999999997,0.00038891456677617344,0.2502660044509565,0.00024279927622922876,0.2524240312971564,0.00034028435544359887,0.2480815643377001
6401184781566973761539479744513550095006211334801446950190560539997943025585,3.0,0.405,3.0,0.240975,0.00022499999999999875,0.13699999999999998,0.00015373101190634282,0.24198204803595302,9.647160603163181e-05,0.24629076121651047,0.00013342580135282658,0.24031304146019467
112165227742342790816614520312092947420861337398279265432656445292580690894446,30.0,0.75,30.0,0.1875,0.0007562500000000016,0.031231249999999995,0.0015314138028277044,0.1948231874713956,0.001209987933148561,0.20574514598726018,0.0018441820048991592,0.21195813471813993
112165227742342790816614520312092947420861337398279265432656445292580690894446,14.0,0.785,14.0,0.16877499999999998,0.0006062500000000013,0.027306249999999987,0.0007024317423090939,0.17781863611508783,0.0005501936075871998,0.18003978858618092,0.0008500656535400313,0.17876141296859754
112165227742342790816614520312092947420861337398279265432656445292580690894446,7.0,0.855,7.0,0.12397500000000002,0.00020625000000000065,0.026406249999999992,0.0002901613256513037,0.14184180067117824,0.00021842126998726977,0.13960407103455147,0.0003642185070984938,0.14017351134353714
112165227742342790816614520312092947420861337398279265432656445292580690894446,3.0,0.845,3.0,0.130975,0.00010625000000000047,0.026406249999999992,0.00015843761829989383,0.13238160338983332,0.00012116281866551192,0.1328558599280359,0.00020703605959374141,0.13051047647431574
105999601513560278968876871354011816371662460306447522911118766757022097746482,7.0,0.5,6.0,0.25,2.0000000000000037e-06,0.16300650000000005,0.00030707288262218804,0.24937968757837012,0.0002213540863611463,0.2517492647472096,0.0002814315572223912,0.2505987559449688
34140083985124988913181401094747733456045973903209911469677368847777179758601,7.0,0.695,5.0,0.21197500000000002,9.999999999999796e-05,0.44262500000000005,0.00025434338454850787,0.2144901616299144,0.00020726749837207673,0.21051321685157323,0.00026997628587911596,0.2156623018887673
34140083985124988913181401094747733456045973903209911469677368847777179758601,3.0,0.685,3.0,0.21577499999999997,0.0,0.44262500000000005,0.00016375016477794665,0.21493342759285344,9.265878085343925e-05,0.21792141126786965,0.00013982988898461103,0.2174668283846219
10941081591300181699750371173224077143006238150019210682727492628846716482576,30.0,0.165,30.0,0.137775,0.0004499999999999988,0.034225,0.0012184451979527014,0.17399564612568583,0.0011060148966876072,0.17145971747048633,0.001277802085952316,0.18494218995004474
10941081591300181699750371173224077143006238150019210682727492628846716482576,14.0,0.175,14.0,0.14437499999999998,0.00029999999999999943,0.034225,0.0005793882532680067,0.16697967607439781,0.000530780873918038,0.16100843749390045,0.0006313900847489708,0.16869621058667747
10941081591300181699750371173224077143006238150019210682727492628846716482576,7.0,0.165,7.0,0.137775,0.00019999999999999982,0.034225,0.00026541866620051577,0.15487786510713886,0.00024316512910291574,0.1451562147628213,0.0003181938770364044,0.15372385561273766
10941081591300181699750371173224077143006238150019210682727492628846716482576,3.0,0.175,3.0,0.14437499999999998,0.00010000000000000018,0.034225,0.00015370067389786356,0.14377041019166933,0.00010463153138187346,0.14882087820003032,0.00013714764367853144,0.1549746115405361
55689044028128278672494108251217443782536678376777545334307559186551480418539,14.0,0.0935,14.0,0.08475774999999999,0.00012849999999999998,0.3091437500000001,0.0005466840706817372,0.11632033333560593,0.0005093009908074407,0.1313163064706202,0.0005169213465772603,0.11581378345847312
55689044028128278672494108251217443782536678376777545334307559186551480418539,7.0,0.7145,7.0,0.20398975,7.224999999999989e-05,0.15874550000000004,0.0004127182649909401,0.20797370530476375,0.0002505821326784913,0.21680985355755159,0.00037108246451622926,0.20454100850002355
55689044028128278672494108251217443782536678376777545334307559186551480418539,3.0,0.0725,3.0,0.06724374999999999,7.224999999999989e-05,0.0032,9.202183320976182e-05,0.0898379616030132,7.778602221697505e-05,0.09749268713823948,9.115348911164047e-05,0.0878269558768196
85428155105283547758620702357453959938773035649999032832428269941984274965411,30.0,0.52,21.0,0.2496,0.0010749999999999998,0.3192249999999999,0.0011606559048027223,0.25201845923236704,0.0007966291364641545,0.2522034531075916,0.0011209393382468284,0.24654455752580395
85428155105283547758620702357453959938773035649999032832428269941984274965411,14.0,0.535,14.0,0.248775,0.0004999999999999986,0.3192249999999999,0.0007556851488156051,0.2509874730236744,0.0004999202681514717,0.2529599700780291,0.0007022354256854878,0.24875250055534687
85428155105283547758620702357453959938773035649999032832428269941984274965411,7.0,0.565,7.0,0.245775,0.00020000000000000036,0.3192249999999999,0.0003640102655878732,0.24573651998090615,0.00027537303823572506,0.24792778569416932,0.0003286215576995785,0.2477408843335278
85428155105283547758620702357453959938773035649999032832428269941984274965411,3.0,0.575,3.0,0.244375,0.00010000000000000018,0.3192249999999999,0.00016331472471374422,0.24526582327419522,0.00011835826440171465,0.24418600733440876,0.00012482330696924563,0.24547845124714449
104479244870959316805625935456137218808436714333128693781814593156949546293998,30.0,0.325,29.0,0.21937500000000001,0.0011032499999999968,0.3271942500000001,0.0013921756678294428,0.2242016327965216,0.001125562693096687,0.2316585922586453,0.0014842572030971807,0.24600647811516338
104479244870959316805625935456137218808436714333128693781814593156949546293998,14.0,0.335,14.0,0.22277500000000003,0.00047824999999999826,0.31846925000000004,0.0006964267134057929,0.23121057575406403,0.0005348224041814753,0.23196686868837066,0.0007213720816313486,0.22976828962253115
104479244870959316805625935456137218808436714333128693781814593156949546293998,7.0,0.23,7.0,0.1771,0.00010325000000000035,0.30596925,0.00033909705794587754,0.18371971043034002,0.00025572336875047467,0.1844843024425092,0.00038456395065865616,0.18690281931785854
40327433085184331887594157486694635751889799113916680824117843679130968900140,30.0,0.185,29.0,0.150775,0.0010244999999999994,0.18383150000000004,0.0011936809214061856,0.18266016854742667,0.0010532053746501882,0.18087668374968024,0.001260668016714146,0.19306360703800027
40327433085184331887594157486694635751889799113916680824117843679130968900140,14.0,0.095,14.0,0.08597500000000001,0.0007495000000000001,0.0009065000000000002,0.0005381991657642086,0.12291934042551106,0.0004917875111632585,0.11787310294796711,0.0006032064964962062,0.11785204866032689
3485527574732787936912024452124432320769152521602862541331994969625729645537,30.0,0.605,18.0,0.238975,0.00045000000000000075,0.17328050000000006,0.0009404102979289144,0.24029343201468584,0.0007013713278076303,0.24660751542639642,0.00098292904543063,0.23734381688348108
3485527574732787936912024452124432320769152521602862541331994969625729645537,14.0,0.615,14.0,0.236775,0.0003250000000000006,0.16875550000000006,0.0008034581278611949,0.24091806800174062,0.0005449043477478516,0.2388248408065185,0.0007122551599294209,0.23766090185716202
3485527574732787936912024452124432320769152521602862541331994969625729645537,7.0,0.355,7.0,0.22897499999999998,0.0,0.13598050000000003,0.0003503803707301349,0.22902649711073977,0.00027016831106113393,0.23179835237867694,0.00036346439652748823,0.230694383883392
40922340517839022813001905664510476169678214584479624807877120485998517603763,30.0,0.47,30.0,0.2491,0.0008249999999999987,0.19452500000000003,0.0016279448940959291,0.25312840859059704,0.0011465082634905246,0.2602668752575513,0.0016472501684429116,0.2480881541392477
40922340517839022813001905664510476169678214584479624807877120485998517603763,14.0,0.455,14.0,0.24797499999999997,0.00065,0.19452500000000003,0.0007320920745402438,0.24998049306087416,0.0005250181680063154,0.253593834347454,0.0007242216651740939,0.24878165719107265
40922340517839022813001905664510476169678214584479624807877120485998517603763,7.0,0.485,7.0,0.249775,0.00030000000000000057,0.19452500000000003,0.0003563994614855226,0.2522547386345739,0.00025610837219193624,0.2500437818496106,0.0003173977185542272,0.2487999485455875
40922340517839022813001905664510476169678214584479624807877120485998517603763,3.0,0.545,3.0,0.247975,0.0,0.19202500000000003,0.00017146098297040683,0.24853108873841748,0.0001346032550764924,0.24774706417293088,0.00012383104644090757,0.24804849533697287
77891685052397355147816140430897431230743681776824155461036740561521945442239,30.0,0.515,30.0,0.249775,0.0010500000000000019,0.235225,0.0016381764765508702,0.24831803006311737,0.0012059451338925476,0.2719405031467952,0.0016573375638722267,0.2552199375817403
77891685052397355147816140430897431230743681776824155461036740561521945442239,14.0,0.5,14.0,0.25,0.0004250000000000008,0.235225,0.0007487180390115092,0.251994723220584,0.0005191310168385082,0.25277028841197735,0.0007060284400701902,0.25275414965530874
77891685052397355147816140430897431230743681776824155461036740561521945442239,7.0,0.505,7.0,0.249975,0.00030000000000000057,0.235225,0.0003791358595260229,0.25047445771811677,0.0002675495797375214,0.24959722990717204,0.0003496026157140687,0.2498971088283396
77891685052397355147816140430897431230743681776824155461036740561521945442239,3.0,0.505,3.0,0.249975,0.00010000000000000018,0.235225,0.00016935393824877125,0.24997915509139673,0.00012293095349345372,0.24909154243147216,0.0001247163163368565,0.24970769647717325
12139729454468563435866182993439751428567886932411837293138927707380050881900,7.0,0.665,6.0,0.222775,0.0004500000000000008,0.279775,0.0003353021323229613,0.22562467622674656,0.0002339085681892615,0.2276674330109726,0.00028148338928410464,0.22616867046659395
12139729454468563435866182993439751428567886932411837293138927707380050881900,3.0,0.655,3.0,0.22597499999999998,0.0002250000000000004,0.27735,0.0001543297073722691,0.22765645599047304,0.00012798788547850379,0.22705502749781445,0.00013514453521289326,0.22451964382640566
105262774424181384217235131243691991570142517830871094752215145840362445762087,30.0,0.82,30.0,0.14760000000000004,0.000652250000000001,0.10688025000000002,0.0014625232724906406,0.17980631614003598,0.0011056744133394985,0.19212709362441602,0.0018111086997208775,0.1878989982968341
105262774424181384217235131243691991570142517830871094752215145840362445762087,14.0,0.745,14.0,0.189975,0.00010225000000000002,0.04605525000000001,0.0007631890178718532,0.20400393112647477,0.000533616898695907,0.20145273916034115,0.000824279376934469,0.19894021538640025
105262774424181384217235131243691991570142517830871094752215145840362445762087,7.0,0.765,7.0,0.179775,0.00010225000000000002,0.021305249999999994,0.00038118546919202267,0.18289492318480247,0.00028928359312952644,0.18140241370773388,0.0003989624487838323,0.18337133745466516
44415163829923249020831995622732632588558594150443447062878643825812551136380,7.0,0.5,6.0,0.25,2.5000000000000045e-05,0.279225,0.00037176371561294737,0.251332022303002,0.0002184417052974147,0.25058386343067796,0.0002670680640405671,0.24967097873434566
44415163829923249020831995622732632588558594150443447062878643825812551136380,3.0,0.505,3.0,0.249975,0.0,0.279225,0.0001662905748119943,0.24878696011524531,0.00011196364377139424,0.25010266223713207,0.00011319684881571629,0.24889507384311188
69821066132768145123325026951088973920164203826490601599171416230627485942213,7.0,0.53,6.0,0.2491,2.5000000000000045e-05,0.21489299999999995,0.0003483979255827815,0.25075300070892476,0.0002108188087125161,0.24908692605270505,0.0003057943736197671,0.24974352635976985
69821066132768145123325026951088973920164203826490601599171416230627485942213,3.0,0.61,3.0,0.2379,2.5000000000000045e-05,0.19549299999999994,0.00018409733115456195,0.23880260558681804,0.00010983269268254786,0.23989655440077381,0.0001444564451244957,0.2389653333384594
17651557284397707993557359640263009882500804259757138715870075895952122722542,7.0,0.7,6.0,0.21000000000000002,0.00042499999999999634,0.29637499999999994,0.000323535499709377,0.21084528564177327,0.00024072507246909985,0.2133173819786548,0.0003329856204712467,0.21165975825402186
17651557284397707993557359640263009882500804259757138715870075895952122722542,3.0,0.65,3.0,0.22749999999999998,2.5000000000000045e-05,0.20347499999999996,0.00016797544466669285,0.22631445070475942,0.00011919069925076882,0.2256371532811952,0.00013858053513983654,0.22704235791051708
41930089063350985947862731419890010434785444099646248504603617327938872632756,7.0,0.5,6.0,0.25,0.0,0.1643,0.000329934917807154,0.25027915554352165,0.0002314055495110607,0.25001298946840506,0.0002749128900902649,0.2521496387692547
41930089063350985947862731419890010434785444099646248504603617327938872632756,3.0,0.565,3.0,0.245775,0.0,0.10377499999999999,0.0001886022942127255,0.24575508695268564,0.00010050146699183743,0.24591861261039782,0.00013778308008391126,0.24578782876547497
100702422365522242237695692985848417771629401460918766588002045898312216731279,30.0,0.35,26.0,0.22749999999999998,0.0005572500000000006,0.31062425000000005,0.0012973524335364937,0.2340531431034723,0.0010363947684049564,0.24173403335849197,0.0013605847352390881,0.22843307221280063
100702422365522242237695692985848417771629401460918766588002045898312216731279,14.0,0.375,14.0,0.234375,0.0003072500000000001,0.26679925000000004,0.000724626557121478,0.23901822046406668,0.0005233627054661189,0.24703087323493506,0.0007187167166369421,0.24347705644579531
100702422365522242237695692985848417771629401460918766588002045898312216731279,7.0,0.13,7.0,0.1131,0.00028225000000000006,0.029899250000000002,0.0002731042320040582,0.14141415804265084,0.00024154143169803014,0.1553655645976138,0.00027117201212951774,0.15035632842705524
10537282468337683656232201799083713220271992406300823961462143820719320919769,7.0,0.485,6.0,0.249775,0.00010000000000000018,0.551075,0.000336511662538575,0.24974042950964834,0.00022473708730611324,0.2498975215644355,0.00027034784853296475,0.2488388826723442
10537282468337683656232201799083713220271992406300823961462143820719320919769,3.0,0.295,3.0,0.20797500000000002,0.0,0.5212749999999999,0.00015705372636798596,0.20945689826236055,0.00012445182766164468,0.20551207108016853,0.00015216343061828227,0.2077097251313817
34488754660743973785163117528849782088109689425152468962781085374918372307154,7.0,0.605,6.0,0.238975,0.00010000000000000018,0.117625,0.0003307226584682233,0.23898193378580068,0.00022892448761079856,0.2395396885268647,0.0002924383236654152,0.2403095397320937
34488754660743973785163117528849782088109689425152468962781085374918372307154,3.0,0.615,3.0,0.236775,0.0,0.117225,0.00016507894110862113,0.24090515493312992,0.00012018360679355175,0.23904232523329885,0.0001620959911391764,0.23760259170479792
105698626207188362137224559516875335051389535882173153619615964622033134253951,30.0,0.23,30.0,0.1771,0.0023999999999999976,0.11145,0.001337855850575962,0.18918571327157746,0.0011309823894113129,0.20542757997381814,0.001332013876905867,0.20669493108442338
105698626207188362137224559516875335051389535882173153619615964622033134253951,14.0,0.305,14.0,0.21197500000000002,0.0015999999999999964,0.10282499999999999,0.0006081538506625709,0.215544330190057,0.0005106627880504356,0.2294464809699087,0.0006725541614637851,0.22098910699186647
105698626207188362137224559516875335051389535882173153619615964622033134253951,7.0,0.305,7.0,0.21197500000000002,0.0008249999999999971,0.10129999999999999,0.00037823517793959024,0.2118162865255006,0.00025888661182719985,0.21703776714267142,0.00035942879870186557,0.2142626893885705
105698626207188362137224559516875335051389535882173153619615964622033134253951,3.0,0.29,3.0,0.20589999999999997,0.0,0.10089999999999999,0.00017793861220296976,0.20809120554693636,0.00010306849030251423,0.20976149753687687,0.0001427032633880619,0.2063076895854453
95411093744734370915792410998151956108686985086137534199369379281549794538611,7.0,0.5,6.0,0.25,9.999999999999907e-05,0.2842255000000001,0.00033510260732540583,0.25200035422712724,0.0002380052969430803,0.2512857826104407,0.0002730488340503748,0.2493782417826656
95411093744734370915792410998151956108686985086137534199369379281549794538611,3.0,0.535,3.0,0.248775,9.999999999999907e-05,0.2800005000000001,0.00016474851990511084,0.24902419517423965,0.00011391620975368107,0.25019171309404187,0.00011353529637587293,0.24914342995062255
92837230145827111699047765291253116935174408333713428554327237019578844028510,7.0,0.215,7.0,0.168775,4.2249999999999983e-05,0.04378275000000001,0.00031472555313460433,0.17204867550719535,0.00025740904650499967,0.1774726221807038,0.00037708490482209943,0.17455306757350442
92837230145827111699047765291253116935174408333713428554327237019578844028510,3.0,0.095,3.0,0.08597500000000001,4.2249999999999983e-05,0.00478275,7.812238887485927e-05,0.10306220807500105,8.75682303789511e-05,0.10164677399571094,7.719917953842267e-05,0.1058214907301424
104718292808309433767402444061650910790437726449955521731268760928480423099204,30.0,0.685,30.0,0.21577499999999997,0.0010020000000000018,0.1338315,0.0015835375348513044,0.2274510489655613,0.0011922051925324082,0.2323275532619536,0.0017256807414637923,0.22889819658247695
104718292808309433767402444061650910790437726449955521731268760928480423099204,14.0,0.735,14.0,0.194775,0.0009020000000000017,0.03743150000000001,0.00071609504561751,0.20414252900933313,0.0005273379069424166,0.20643399509869012,0.0008163032267002735,0.20716581323817856
104718292808309433767402444061650910790437726449955521731268760928480423099204,7.0,0.665,7.0,0.222775,0.0006020000000000011,0.03543150000000001,0.00040183800118621493,0.2288417205422409,0.00027162499854082483,0.2170143181128348,0.0003494437208860901,0.22631200337856164
84231719543918739949168851674300755560834986369681132700288399153648639346683,30.0,0.3,30.0,0.21,0.0015249999999999994,0.292773,0.0013084993382963352,0.22025008902287013,0.0011337034123994577,0.23857636660450154,0.001446478870528347,0.2248876508114484
84231719543918739949168851674300755560834986369681132700288399153648639346683,14.0,0.445,14.0,0.24697499999999997,0.0006500000000000012,0.274473,0.0008096378870566934,0.2479748352079556,0.0005249290454913079,0.2525255006042487,0.0006852883697068898,0.24912049406941336
84231719543918739949168851674300755560834986369681132700288399153648639346683,7.0,0.56,7.0,0.24639999999999998,0.000550000000000001,0.264698,0.00037893195529015795,0.24641676307806754,0.0002589926437858515,0.2445412342630261,0.000331178082462759,0.2466085270685954
84231719543918739949168851674300755560834986369681132700288399153648639346683,3.0,0.56,3.0,0.24639999999999998,0.0002250000000000004,0.264073,0.00016477109760710317,0.24513082618358098,0.00011178283764047236,0.24734902606516182,0.00011965245373572849,0.2464241812249405
101491499269793539765890729500440478078979559571972876836355209033272846559170,30.0,0.465,30.0,0.24877499999999997,0.000772249999999996,0.16805625000000002,0.0016270409893454196,0.2507563670340438,0.0011890674694034027,0.2549338444529779,0.001660318395189673,0.255838744176126
101491499269793539765890729500440478078979559571972876836355209033272846559170,14.0,0.475,14.0,0.24937499999999999,0.0003722499999999986,0.16805625000000002,0.0007669958830089283,0.25114411109600776,0.0005062340812984096,0.2566745566292279,0.0007421175665311419,0.2502114798519632
101491499269793539765890729500440478078979559571972876836355209033272846559170,7.0,0.455,7.0,0.24797499999999997,0.00017224999999999936,0.16805625000000002,0.0004026291535549677,0.24848679846402516,0.0003135390903659999,0.24878820492854392,0.0003337204916328615,0.24802845521324046
101491499269793539765890729500440478078979559571972876836355209033272846559170,3.0,0.515,3.0,0.249775,7.224999999999918e-05,0.16475625,0.00015091566930948287,0.25138525402625006,0.00012540976172907705,0.25049726537961353,0.00014150093220305314,0.24972392255572629
77888176678720060596595785704561867851638990901352765132303721825934989281472,30.0,0.335,30.0,0.22277500000000003,0.0011269999999999984,0.03818149999999999,0.0014990465063189828,0.22862651326152097,0.001149076511376423,0.23398905060163422,0.0015072201903246684,0.23337758296021263
77888176678720060596595785704561867851638990901352765132303721825934989281472,14.0,0.265,14.0,0.194775,0.00032700000000000063,0.036331499999999996,0.0006066597338229468,0.1988355185201759,0.0005209374994763319,0.206768462180795,0.0006003463579284669,0.21686304158294764
77888176678720060596595785704561867851638990901352765132303721825934989281472,7.0,0.255,7.0,0.189975,7.700000000000008e-05,0.036331499999999996,0.00038428259535206485,0.18941127044010833,0.00025941204032113547,0.19302289074812887,0.00035431034175004275,0.1912043795831589
67987395510317512691808452556846479650140447681921231570668523107587946046381,30.0,0.525,30.0,0.24937499999999999,0.0023499999999999966,0.39136050000000006,0.0016704073774799911,0.25260167423695656,0.0011662636535769177,0.26702230211205896,0.001611788897006195,0.2575362622885585
67987395510317512691808452556846479650140447681921231570668523107587946046381,14.0,0.445,14.0,0.24697499999999997,0.0010999999999999966,0.38846050000000004,0.000797686799245933,0.2508285627352737,0.0006034680752302281,0.2513269569983875,0.0006455968371490571,0.24916518152274178
67987395510317512691808452556846479650140447681921231570668523107587946046381,7.0,0.51,7.0,0.2499,0.00020000000000000036,0.3868355,0.0003927641740166898,0.2528754875542798,0.00024160545580170328,0.2519075666214246,0.0003137203582906612,0.2481496932144291
67987395510317512691808452556846479650140447681921231570668523107587946046381,3.0,0.595,3.0,0.240975,0.00020000000000000036,0.3776105,0.00016501343666231385,0.23940465970412056,0.00012072276642805755,0.2405036915228303,0.0001123088591396975,0.24138533697622297
93320332124999747203356838766183249400983580913731153318561555477528481141967,30.0,0.8,30.0,0.15999999999999998,0.0008250000000000014,0.03352500000000001,0.0015156652919999943,0.19566385259267857,0.0011357159560875104,0.19240878552159202,0.0018359786571658754,0.19770156491200935
93320332124999747203356838766183249400983580913731153318561555477528481141967,14.0,0.765,14.0,0.179775,0.0005000000000000009,0.03192500000000001,0.0007321411347107798,0.18579069227385545,0.0005142765323741092,0.1804844639057061,0.000865607615612018,0.19168299598492275
93320332124999747203356838766183249400983580913731153318561555477528481141967,7.0,0.795,7.0,0.16297499999999998,0.00020000000000000036,0.03152500000000001,0.0003342089358362377,0.17143544138670008,0.0002710959470163482,0.17447989744424386,0.000411043826929116,0.16804793702234538
93320332124999747203356838766183249400983580913731153318561555477528481141967,3.0,0.825,3.0,0.14437500000000003,0.00020000000000000036,0.030625000000000017,0.00015993958429540565,0.14553209316000768,0.00011820649925590683,0.15069657995376898,0.00017949114012551503,0.14879850227907923
25089802996206269791293816795455332767688527444980700504845557899367427677434,7.0,0.29,6.0,0.20589999999999997,0.00022499999999999902,0.033325,0.00033636217322178196,0.21149560409833545,0.000244537824588857,0.20907443201195577,0.0003322415158140676,0.20682821634107312
25089802996206269791293816795455332767688527444980700504845557899367427677434,3.0,0.235,3.0,0.179775,9.999999999999963e-05,0.030825,0.00017488158613094873,0.18137272915561894,0.00011526661336757928,0.18411843686062399,0.0001384753397829222,0.1828712329040184
106460375348087586438382310909053532899138606404651373173508288579791434874856,30.0,0.48,30.0,0.2496,0.0004750000000000008,0.235225,0.0016068997499676932,0.2525307798591255,0.0011176935938941733,0.26158488119144274,0.0016304281856640611,0.25064041767633577
106460375348087586438382310909053532899138606404651373173508288579791434874856,14.0,0.49,14.0,0.2499,0.00037500000000000066,0.235225,0.0007790150955161609,0.25368793556197894,0.0005482459194471042,0.2541357170521014,0.0006889569917219585,0.25280130027478687
106460375348087586438382310909053532899138606404651373173508288579791434874856,7.0,0.485,7.0,0.249775,0.00020000000000000036,0.235225,0.000366494925964411,0.24862110629151196,0.0002540106607466873,0.2522807994695324,0.0003132117396095489,0.2484896534943576
106460375348087586438382310909053532899138606404651373173508288579791434874856,3.0,0.485,3.0,0.249775,0.0,0.235225,0.00017150720295356332,0.24935203683778176,0.0001069402042759178,0.250088634957566,0.00011521831172833978,0.2494675035438922
98045093822431547938365423095786421804452886266888528428746910959667685407691,30.0,0.15,28.0,0.1275,0.00022499999999999986,0.17193699999999998,0.0010444013398935826,0.15848687173258325,0.001081434194019283,0.17000672620599652,0.0010292796233841452,0.15855214831660958
98045093822431547938365423095786421804452886266888528428746910959667685407691,14.0,0.4,14.0,0.24,0.00020000000000000036,0.12471200000000002,0.000736643183597134,0.24074168034345855,0.0005492087280208116,0.250727708069895,0.0007004960025088379,0.23975196839990043
98045093822431547938365423095786421804452886266888528428746910959667685407691,7.0,0.67,7.0,0.2211,0.00010000000000000018,0.086462,0.00040982813538768397,0.22052886706928126,0.0002783020506264259,0.22516415588457211,0.0003773875802696945,0.2232939076259236
98045093822431547938365423095786421804452886266888528428746910959667685407691,3.0,0.695,3.0,0.21197500000000002,0.0,0.08273699999999999,0.0001499903227525462,0.21431508578598085,0.0001210661325873456,0.2138229323569286,0.000154282746113781,0.21637957699277138
39327269875426915204597944387916069897800289788920336317845465327697809453999,30.0,0.115,30.0,0.101775,0.00098225,0.00090225,0.0011253567253702275,0.1457065916489776,0.001097997991131245,0.15212641838071092,0.0012676385109373128,0.15088236443610026
45326561607107358633009692976302060981767920037494403470427452463447900404377,7.0,0.6,6.0,0.24,0.0,0.1157,0.0003276448117104099,0.24005879476990144,0.0002432350624892563,0.24377385308411423,0.000285890644507424,0.24258314262967112
45326561607107358633009692976302060981767920037494403470427452463447900404377,3.0,0.335,3.0,0.22277500000000003,0.0,0.038775000000000004,0.00014719103408294582,0.22523009539677555,0.00010423820460841206,0.22203359571963438,0.00011704223761157814,0.22276149887443544
57798819323817029409567254351342206694466587025755225164724763801594674674042,30.0,0.16,29.0,0.1344,0.0015124999999999995,0.11622950000000001,0.0012342097659410068,0.18165908764262897,0.0011126176441574836,0.1797523769793057,0.001184535210371999,0.18954619023086217
57798819323817029409567254351342206694466587025755225164724763801594674674042,14.0,0.053,14.0,0.050191,0.0011052499999999995,0.08271975000000001,0.00038839650480491277,0.07880535488766449,0.0003677867214674682,0.08677585040885301,0.0003416375270890641,0.08508595329504293
57798819323817029409567254351342206694466587025755225164724763801594674674042,7.0,0.256,7.0,0.190464,0.0006929999999999996,0.013388500000000001,0.0003373993434792824,0.19218058083553077,0.0002709988492560611,0.19395894388365734,0.0003401218129372617,0.19161412549509435
57798819323817029409567254351342206694466587025755225164724763801594674674042,3.0,0.0865,3.0,0.07901775,0.000293,0.00504125,7.836080326722535e-05,0.10196481288281566,8.019329624622662e-05,0.09232344768697304,9.602173560894864e-05,0.09988737174420875
50922941950383866720699661323157324892551354020000743677952468080157520287452,7.0,0.5,5.0,0.25,0.0002250000000000004,0.37817499999999993,0.000263340075834484,0.25058465925049167,0.00019570654233540437,0.2520594568871418,0.0002310986889494547,0.24941708141221902
50922941950383866720699661323157324892551354020000743677952468080157520287452,3.0,0.495,3.0,0.249975,0.0002250000000000004,0.37534999999999996,0.00016003957995874596,0.2508781814708736,0.00011893917207034286,0.25016177805271606,0.00013501339304486582,0.2496159863018308
91630032807502442875790586053657634522505350693553360884357849233158148980160,30.0,0.24,29.0,0.1824,0.0020122499999999997,0.03352525000000001,0.0013277512368294869,0.21099740154591345,0.0010656499154615578,0.204205679892656,0.0013399347148596692,0.2089557788786734
52495530769657433426315073623394145992266323233191674488787593449327803900186,30.0,0.585,30.0,0.24277500000000002,0.0007500000000000001,0.16337550000000003,0.0015716785539633474,0.2553131072970744,0.0011678047249931065,0.2544510537208843,0.0016611122670845432,0.24919012339298546
52495530769657433426315073623394145992266323233191674488787593449327803900186,14.0,0.265,14.0,0.194775,0.00039999999999999986,0.09297550000000003,0.0006288027214346462,0.20761917437933125,0.000547202430737602,0.20420340243080873,0.0006000632531013193,0.20600512599349124
52495530769657433426315073623394145992266323233191674488787593449327803900186,7.0,0.405,7.0,0.240975,0.00039999999999999986,0.06247550000000002,0.0003996230603195911,0.2391667367331243,0.0002649518640005783,0.2423811134644641,0.0003757832131105488,0.24068638385360647
52495530769657433426315073623394145992266323233191674488787593449327803900186,3.0,0.075,3.0,0.069375,0.0,0.005575500000000001,9.297533302018853e-05,0.1004201209854957,8.270925950382053e-05,0.09534457084930366,7.119920893289673e-05,0.09705665012547739
55009504405868236828305016624538772227980671959158282985464867325394644055437,7.0,0.33,7.0,0.2211,0.00032500000000000004,0.5015750000000001,0.00038293422923804064,0.22395775377966828,0.0002796843969539922,0.22419556012860384,0.00034857342167706737,0.22247395209606396
55009504405868236828305016624538772227980671959158282985464867325394644055437,3.0,0.255,3.0,0.189975,0.0,0.48932500000000007,0.00015965284650009044,0.19039768248291064,0.00010716303482406598,0.19512644830578613,0.00016981845257008855,0.1926893900920956
46774103795938026640576480242990130082519921155395673325844205571511601222303,14.0,0.505,12.0,0.249975,0.0005750000000000004,0.34645,0.0006192223406044961,0.24931609050226147,0.0004788700620052898,0.25616395800927483,0.0006665121130232033,0.2505616112951706
46774103795938026640576480242990130082519921155395673325844205571511601222303,7.0,0.48,7.0,0.2496,0.0005000000000000003,0.3444499999999999,0.00038669134454623317,0.2527367577572772,0.00029080279339553053,0.24891331659846438,0.0003286191355887681,0.24958291892212792
46774103795938026640576480242990130082519921155395673325844205571511601222303,3.0,0.465,3.0,0.24877499999999997,0.00025000000000000044,0.34382499999999994,0.00017234788812523722,0.24850250317488032,0.00013006223206896232,0.24858401727412477,0.00012293630686954147,0.24889553135466197
67725404666433555568518066011245937746455974844800713635030484522525394449095,30.0,0.24,30.0,0.1824,0.0013250000000000013,0.04202499999999999,0.0013767373663374216,0.21489176114571693,0.0010939806133133225,0.21187045562858167,0.0013050086105693484,0.20421241235835175
67725404666433555568518066011245937746455974844800713635030484522525394449095,14.0,0.265,14.0,0.194775,0.0009500000000000004,0.04202499999999999,0.0006306531878892656,0.19682402539709096,0.0005342713030761398,0.20409528051558185,0.0005882834233986062,0.2023358808906911
67725404666433555568518066011245937746455974844800713635030484522525394449095,7.0,0.245,7.0,0.184975,0.0008000000000000003,0.04202499999999999,0.0003567605008183683,0.19488338648529072,0.00025210710280625565,0.18696879287945703,0.0003683261871327094,0.18849963778702367
67725404666433555568518066011245937746455974844800713635030484522525394449095,3.0,0.235,3.0,0.179775,0.0004999999999999998,0.04202499999999999,0.00016010837987009264,0.1824728555247951,0.00012778648540759865,0.18247605313406354,0.00016788902801291084,0.18333145785749727
14621976022388339155866443939403907158807725281606484508612016632018100973573,30.0,0.185,30.0,0.150775,0.0013499999999999994,0.5915845,0.0012873593835391983,0.18666019320295987,0.0011441660323494459,0.18890140105370087,0.001259010149324732,0.19360736006564283
14621976022388339155866443939403907158807725281606484508612016632018100973573,14.0,0.205,14.0,0.162975,0.0008999999999999988,0.5915845,0.0005943306822991609,0.1832286559005317,0.0004960670585871703,0.17936779445560933,0.000577692919611145,0.19190493773709805
14621976022388339155866443939403907158807725281606484508612016632018100973573,7.0,0.195,7.0,0.156975,0.0006,0.5915845,0.0003078982814726436,0.1648667846534729,0.00023533101826185205,0.16413587321985823,0.00033696669320040074,0.17039169298470383
14621976022388339155866443939403907158807725281606484508612016632018100973573,3.0,0.265,3.0,0.194775,0.00010000000000000018,0.5879844999999999,0.00014962395908052953,0.19903161463966523,0.00011556152444937716,0.19683968234137822,0.00015068335771908594,0.19643145686109992
73944865497189956020473009332846663319150298915665167187595284444861787460857,7.0,0.675,6.0,0.219375,0.0003500000000000006,0.46922500000000006,0.0003371997969239246,0.2232974494496359,0.0002574972995453366,0.2242178955591953,0.0002914068641703564,0.22044958932025793
73944865497189956020473009332846663319150298915665167187595284444861787460857,3.0,0.67,3.0,0.2211,0.0002250000000000004,0.46922500000000006,0.0001626216683512819,0.22560238323877513,0.00011355627859198094,0.2212121262994392,0.00014119468463383577,0.2236798107463401
78800772768416362702534104256331809898383184630630926535335196936379657326265,7.0,0.625,7.0,0.234375,0.00017500000000000032,0.27704999999999996,0.00039475450594501015,0.23745000115316084,0.00027761004291572584,0.2405942548884885,0.00034567084122794203,0.2378285610450221
78800772768416362702534104256331809898383184630630926535335196936379657326265,3.0,0.44,3.0,0.24640000000000004,0.00012500000000000022,0.24752499999999994,0.00015457955027069103,0.24784168242274635,0.00012174797535594233,0.24697763961570293,0.00013854998196224203,0.24661859918810547
40876543978325190006945370412399191384138161338521232746809838247550265648605,7.0,0.39,6.0,0.2379,0.00010000000000000018,0.3991,0.0003729039724841086,0.23815266092167278,0.00020862508541814946,0.23758146621790707,0.0003085707387508677,0.2386897729376112
40876543978325190006945370412399191384138161338521232746809838247550265648605,3.0,0.53,3.0,0.2491,0.00010000000000000018,0.37805,0.00017609800129312193,0.2483779788068535,0.0001078599114427052,0.2508674623542959,0.00012667632229117665,0.2492332467645094
112838095111461683880944516726938163688341306245473734071798778736646352193304,30.0,0.865,30.0,0.116775,0.0010790000000000044,0.003731500000000001,0.001386379003907194,0.17727115840982507,0.001144702357113011,0.18062616079510177,0.0017973492101301428,0.17482824894625237
12449312449220028732329011560175624873500857403580896927070982513454645477597,30.0,0.145,30.0,0.12397499999999999,0.0006749999999999998,0.007765500000000002,0.0011405948527409358,0.1709049196730801,0.0011801820788856835,0.18161664559429638,0.0012204776153394304,0.17049576974407224
12449312449220028732329011560175624873500857403580896927070982513454645477597,14.0,0.085,14.0,0.07777500000000001,0.00035000000000000016,0.007140500000000001,0.0005308744839848907,0.11528692511876132,0.00045302047913883364,0.11479361444647124,0.0005121484419149581,0.1197280920148744
12449312449220028732329011560175624873500857403580896927070982513454645477597,7.0,0.085,7.0,0.07777500000000001,0.00020000000000000036,0.007140500000000001,0.0002470371774205194,0.10640102829716039,0.00020085907665495805,0.10431507995361253,0.00025770452954055966,0.09508272445360501
12449312449220028732329011560175624873500857403580896927070982513454645477597,3.0,0.085,3.0,0.07777500000000001,0.0,0.007140500000000001,0.00011838205943667861,0.09541804858819336,7.63988306597436e-05,0.103616111702981,8.049134350415489e-05,0.1128487206933133
31805165493235506470713179998208127363916219073686660966161028190262361597287,3.0,0.145,3.0,0.12397499999999999,0.00010000000000000018,0.024025,9.244700411699786e-05,0.14294501340977972,7.643121737174811e-05,0.13975783282513848,0.0001024469767818003,0.12658017805317467
24120579393151285531790392365655515414663383379081658053153655752666989210807,30.0,0.635,21.0,0.231775,0.0005859999999999995,0.10679550000000002,0.0011829435784488228,0.23573176981737098,0.0007993253430112887,0.23350729426549635,0.0011334606887798335,0.2354841668963722
24120579393151285531790392365655515414663383379081658053153655752666989210807,14.0,0.395,14.0,0.238975,0.0005859999999999995,0.042095499999999994,0.0007370400613929842,0.2404923880234043,0.0005206182279567152,0.24871794231220845,0.0007281788630217617,0.24225171735020867
24120579393151285531790392365655515414663383379081658053153655752666989210807,7.0,0.185,7.0,0.150775,0.0005859999999999995,0.012295500000000001,0.00033871508881886796,0.15673251128710164,0.00023863497623730434,0.16101571080402352,0.00033541989344139486,0.16533464843047718
111069986576671225164901620262860105822850865589493390385008918544670784067128,14.0,0.375,12.0,0.234375,0.0007500000000000013,0.368425,0.0006652921087555519,0.23704617424553853,0.0004672314705571339,0.24992840244786457,0.0005898588315602755,0.23762996755164573
111069986576671225164901620262860105822850865589493390385008918544670784067128,7.0,0.365,7.0,0.231775,0.0005000000000000009,0.366425,0.00035237964215614504,0.2327778089326836,0.00025531351243420516,0.23752927708749108,0.0003705801532056365,0.23507591401516736
111069986576671225164901620262860105822850865589493390385008918544670784067128,3.0,0.385,3.0,0.236775,0.00030000000000000057,0.366025,0.00016235781551236038,0.23654949515516424,0.0001144809427701512,0.2370855846326444,0.00015370229327930638,0.2382247063033624
70114736628977917093015144327069988704232903183346315520357402775756298872273,7.0,0.685,6.0,0.21577499999999997,0.00026900000000000047,0.05455949999999996,0.000317486582084536,0.21320176497949184,0.0002797962615869538,0.2198520126772609,0.0003118068913895952,0.21507926739508235
70114736628977917093015144327069988704232903183346315520357402775756298872273,3.0,0.755,3.0,0.184975,0.0001690000000000003,0.029309499999999992,0.0001599044367673221,0.19161532452596877,0.00011572802306044013,0.18784624042048897,0.00015326006064152523,0.1876056031493847
46788745865873849751895851580006231458025441200398102606849707486161173481896,30.0,0.795,30.0,0.16297499999999998,0.001424999999999998,0.033250000000000016,0.0014944408118944136,0.18930414789604857,0.0010779722331950453,0.1931867890063326,0.0018102303474331913,0.1867682541639974
46788745865873849751895851580006231458025441200398102606849707486161173481896,14.0,0.785,14.0,0.16877499999999998,0.0005999999999999989,0.030625000000000017,0.0007259404051480514,0.17283731565990856,0.0005441394342999664,0.19278249578070253,0.0009127427093036128,0.17524784114157144
46788745865873849751895851580006231458025441200398102606849707486161173481896,7.0,0.795,7.0,0.16297499999999998,0.0002999999999999983,0.030625000000000017,0.0003995486447385055,0.17005753289531902,0.00027293983210669256,0.17090468134227554,0.00044612474588271047,0.16719334778254244
46788745865873849751895851580006231458025441200398102606849707486161173481896,3.0,0.815,3.0,0.15077500000000002,0.00010000000000000018,0.030625000000000017,0.00014089016701446353,0.15238108931152794,0.00012061230324951852,0.16043850520521805,0.00019254716695036995,0.15417224447008332
89304018969478706955826928262531105076554788831692102728901257582906828056453,7.0,0.58,6.0,0.2436,0.0002250000000000004,0.11732499999999997,0.000335143366276246,0.24641170258925954,0.00024983502556030394,0.2435463048658454,0.0002509329239482369,0.24459540790073311
89304018969478706955826928262531105076554788831692102728901257582906828056453,3.0,0.455,3.0,0.24797499999999997,0.0,0.11082499999999997,0.00016744853470552712,0.2472034917009396,0.0001264734831839545,0.24844666511247696,0.0001051345783517951,0.24845106100250436
114685525251284192849243166589757282977015929729810490473148181460119477526193,14.0,0.455,12.0,0.24797499999999997,0.0007499999999999997,0.225625,0.0006392705138458681,0.2507453147447659,0.0004856159356491601,0.24857450252277608,0.0006051184609100394,0.24821593105886308
114685525251284192849243166589757282977015929729810490473148181460119477526193,7.0,0.475,7.0,0.24937499999999999,0.0005000000000000009,0.225625,0.0003618922283319251,0.24868386373497334,0.00025628820968319683,0.2517969566756331,0.00030808452795664224,0.25163415737914524
114685525251284192849243166589757282977015929729810490473148181460119477526193,3.0,0.505,3.0,0.249975,0.00020000000000000036,0.225625,0.00015324945048192468,0.25088895947278655,0.00011942236411288799,0.25118551202633904,0.00014198815203726967,0.24923627247651006
73881708885687277058194808757004341319813870656022980589935864316123570240151,30.0,0.51,30.0,0.2499,0.0013750000000000027,0.247025,0.0016753432121244356,0.260596041509652,0.001184317024972513,0.2551737319160129,0.001561474013527884,0.2530653099667912
73881708885687277058194808757004341319813870656022980589935864316123570240151,14.0,0.49,14.0,0.2499,0.0007250000000000013,0.24662499999999998,0.0008074047134661311,0.2546802016022459,0.0005288405150842939,0.25300805836768164,0.0007081544976021409,0.2514189648125605
73881708885687277058194808757004341319813870656022980589935864316123570240151,7.0,0.515,7.0,0.249775,0.0004000000000000007,0.24662499999999998,0.000359577206107949,0.25072864187333804,0.00027873267772350477,0.24890558048880373,0.00033960574938942734,0.24967257409387258
73881708885687277058194808757004341319813870656022980589935864316123570240151,3.0,0.515,3.0,0.249775,0.00020000000000000036,0.24662499999999998,0.0001599980847120769,0.25040069426762074,9.891790243222873e-05,0.24985650714100427,0.00011004553551485534,0.24969997769940463
4791204101120628997206367476803800366703795184051903623636618372228446723565,7.0,0.535,6.0,0.248775,0.0,0.22570700000000005,0.00033315707217001806,0.24844203394339195,0.00021655501936116637,0.24974330892932298,0.00024779741683960945,0.24991711753006485
4791204101120628997206367476803800366703795184051903623636618372228446723565,3.0,0.685,3.0,0.21577499999999997,0.0,0.20365700000000003,0.0001632758048626373,0.2157447605145447,0.00012332855908156224,0.2155039694471269,0.00013939245288127817,0.22038415873087358
64644103675962735734915542593453398540999981532055072408863345848993282346075,7.0,0.615,7.0,0.236775,0.0,0.16762500000000005,0.00038928960516573547,0.23932893319181223,0.00025246799156211386,0.23697015234862392,0.00036231113664265567,0.23834158880984405
64644103675962735734915542593453398540999981532055072408863345848993282346075,3.0,0.655,3.0,0.22597499999999998,0.0,0.16602500000000003,0.00015518424579998716,0.22729565832912435,9.724182320805977e-05,0.22681537619525044,0.00013993857247135243,0.22401947113213175
87420881416753183950847701965163525629817652213917429006273635360524465160861,3.0,0.475,3.0,0.24937499999999999,9.999999999999907e-05,0.26439062499999993,0.0001539506254469573,0.2509664266576747,0.0001052638514573636,0.2492398282823379,0.00013286145569157775,0.24915952650758955
36607076611861193285632026391589103222083494993648436533142652232600888406706,7.0,0.345,6.0,0.22597499999999998,0.0,0.279425,0.0003475941241768164,0.22735544315851114,0.00021855820894569784,0.23267002375034784,0.0002788415157212033,0.22849565717145168
36607076611861193285632026391589103222083494993648436533142652232600888406706,3.0,0.415,3.0,0.24277499999999996,0.0,0.268675,0.0001709994988273713,0.242445878381736,0.00011574012841766162,0.24277328534698525,0.00013736903978462027,0.24241411491068213
80490608991666608883237386217913374739973303042059736608678197505779737570449,7.0,0.74,6.0,0.19240000000000002,0.0,0.38604999999999995,0.00031031530985056635,0.19701717117662576,0.0002546301870958507,0.19486667158434376,0.0003278875635483091,0.2013454245113605
80490608991666608883237386217913374739973303042059736608678197505779737570449,3.0,0.525,3.0,0.24937499999999999,0.0,0.366025,0.0001764953379677195,0.24952692758643066,0.00012801123616563127,0.24998820218829743,0.00011917127626537928,0.2507458069148416
68803485030073596962715540294172682212192134248970512695855620898253368033218,30.0,0.124,30.0,0.108624,0.0012969999999999987,0.24030599999999994,0.0012151418052162677,0.1605466512774435,0.0011125708263187877,0.163598705544256,0.0011785470276371808,0.1396995829964646
68803485030073596962715540294172682212192134248970512695855620898253368033218,14.0,0.4135,14.0,0.24251775,0.0004935000000000002,0.21032374999999995,0.0007809021121397031,0.24904870005030616,0.0005079453462794459,0.2520438746055178,0.0006803930583863907,0.24263333790608804
68803485030073596962715540294172682212192134248970512695855620898253368033218,7.0,0.6295,7.0,0.23322975,0.00026924999999999985,0.1290525,0.00039616881787171243,0.23663246973107463,0.00028312606124754786,0.2386411158826392,0.00032970934784396226,0.23761807999768603
68803485030073596962715540294172682212192134248970512695855620898253368033218,3.0,0.421,3.0,0.24375899999999998,9.999999999999963e-05,0.0929525,0.00015766480711062818,0.24371910813437636,0.0001033706308265353,0.2465973052630537,0.0001458178537434711,0.24269301216122746
40791250908933508853723465614961035896557737979546129504169818299128524475478,30.0,0.475,30.0,0.24937499999999999,0.0007499999999999947,0.19998050000000003,0.0015296005846089052,0.26000598639870887,0.0011411518886270493,0.2564512833471191,0.0016328225330838428,0.25025156355737416
40791250908933508853723465614961035896557737979546129504169818299128524475478,14.0,0.495,14.0,0.249975,0.0003999999999999963,0.19958050000000002,0.0007757805378965177,0.25146425206338663,0.0005210832159516566,0.26200744894068095,0.0006729697962144807,0.25163799711522644
40791250908933508853723465614961035896557737979546129504169818299128524475478,7.0,0.495,7.0,0.249975,0.00019999999999999592,0.19958050000000002,0.0003975194712126075,0.25141895509350726,0.00027255932554718374,0.2541571071890532,0.00031532771382494345,0.24931176444871803
40791250908933508853723465614961035896557737979546129504169818299128524475478,3.0,0.565,3.0,0.245775,9.999999999999796e-05,0.19758050000000002,0.00016899522845635886,0.24563631376248027,0.0001409218545181714,0.24534775525093072,0.00014579534494479874,0.24587863702491358
41976020466050148414873367869098585225252695563679099592668981438632982042468,7.0,0.0855,7.0,0.07818975,0.00024125000000000042,0.7280289999999998,0.00022707692953447933,0.10848263976573637,0.00024162915293299156,0.10674193486268947,0.000262182233201845,0.1088617637137553
41976020466050148414873367869098585225252695563679099592668981438632982042468,3.0,0.1375,3.0,0.11859375000000001,3.925000000000068e-05,0.7251244999999998,0.00011014982193867059,0.13286567153549925,7.494056013445142e-05,0.13398774153164905,0.00011496197543935314,0.13437756141950774
66116768770500436996680795942890152577093889620284196419942949244192857287965,30.0,0.095,30.0,0.08597500000000001,1.1999999999999999e-05,0.0051685,0.0011153781426930113,0.14896180114728938,0.0010087981216575824,0.1402803727242828,0.0010963613157628763,0.14473060277697342
104388411846002642211950323407423945667181304427085395697715118826089726969395,30.0,0.485,22.0,0.249775,0.0016499999999999996,0.275625,0.0012459245546446924,0.2546357428798347,0.0009016846104216144,0.25327167970187825,0.0011261214929777876,0.25057602785112243
104388411846002642211950323407423945667181304427085395697715118826089726969395,14.0,0.485,14.0,0.249775,0.001249999999999999,0.275625,0.0007875700612255301,0.2529714555921062,0.0005576413423129061,0.25405158820550294,0.0006827848588429171,0.24751847456851864
104388411846002642211950323407423945667181304427085395697715118826089726969395,7.0,0.495,7.0,0.249975,0.0007999999999999981,0.275625,0.0003786233265105217,0.24986815840185642,0.00024001581987826253,0.24968813172598076,0.00033172410995665965,0.24875535662177867
104388411846002642211950323407423945667181304427085395697715118826089726969395,3.0,0.485,3.0,0.249775,0.0004999999999999976,0.275625,0.00018947111967486198,0.25003834977951483,0.00011480614684407942,0.2527829647813564,9.947767645267446e-05,0.2502667125484055
94921593216694718573094159321017799630733809831265785666590156275797026589349,14.0,0.585,9.0,0.24277500000000002,0.00045000000000000075,0.403625,0.000533983197196294,0.2425429995051034,0.00034749671157859394,0.24565252873413945,0.00044930247663402115,0.24435125118168852
94921593216694718573094159321017799630733809831265785666590156275797026589349,7.0,0.595,7.0,0.240975,0.00020000000000000036,0.403625,0.00037922094335512524,0.24343193702930813,0.00026330129980648554,0.2429644244340646,0.0003329752284164363,0.24327981121505363
94921593216694718573094159321017799630733809831265785666590156275797026589349,3.0,0.625,3.0,0.234375,0.00010000000000000018,0.403225,0.00015819317757988875,0.2333411354858944,0.00011000856756769043,0.23706677997922815,0.0001302891100936107,0.23652005488813377
21990437237634439641535931317392242133464382121486985420713435551817663743535,30.0,0.27,30.0,0.1971,0.0009749999999999971,0.049124999999999995,0.0013747261100685144,0.21086123950437966,0.0012253020459864663,0.22403130414193315,0.0013709385795066342,0.2175201890262609
21990437237634439641535931317392242133464382121486985420713435551817663743535,14.0,0.26,14.0,0.19240000000000002,0.0009249999999999972,0.049124999999999995,0.0006656800373740199,0.2000889674299212,0.0005386229717103575,0.20978274788480974,0.0005866236847421677,0.21221469184229286
21990437237634439641535931317392242133464382121486985420713435551817663743535,7.0,0.275,7.0,0.199375,0.000699999999999999,0.04872499999999999,0.00036946463367034597,0.20105316021229505,0.0002658526128393788,0.20328420324901053,0.0003038894150043336,0.19712693564718198
21990437237634439641535931317392242133464382121486985420713435551817663743535,3.0,0.245,3.0,0.184975,0.0004999999999999998,0.046224999999999995,0.00015436521671006193,0.18667862015706566,0.00011105768968187025,0.18912667956026702,0.0001509746704667445,0.18482345472623724
61811145798247368645026645370567079558813845010538494227283744629478563039430,30.0,0.31,30.0,0.21389999999999998,0.0014999999999999961,0.5195000000000001,0.0014241116901648726,0.21452788690832258,0.001160784137715623,0.23010610269037138,0.0014779310767495724,0.23065304302528694
61811145798247368645026645370567079558813845010538494227283744629478563039430,14.0,0.28,14.0,0.2016,0.0009249999999999967,0.49782500000000013,0.0006390011639645063,0.21535398223372318,0.0005003549727764611,0.22694408090733922,0.0006073924930514591,0.2143765539100955
61811145798247368645026645370567079558813845010538494227283744629478563039430,7.0,0.28,7.0,0.2016,0.00042499999999999905,0.4970250000000001,0.00032294071732741846,0.20271606916002738,0.0002442562697447823,0.1976666883117393,0.0003194563766456181,0.208609408072166
61811145798247368645026645370567079558813845010538494227283744629478563039430,3.0,0.285,3.0,0.203775,0.00010000000000000018,0.4970250000000001,0.00017525297216385214,0.20234041364026098,0.0001186856807281092,0.20172641059665,0.00015947841119712917,0.2028099802273256
43498758685492706455675325828168170818699954813221999251108236525146910175505,7.0,0.84,5.0,0.13440000000000002,0.00010000000000000018,0.03357550000000004,0.00025294560253102916,0.14391920406014125,0.00017762653781534695,0.1424102472502475,0.00030483495365030524,0.13440619484721966
43498758685492706455675325828168170818699954813221999251108236525146910175505,3.0,0.865,3.0,0.116775,0.00010000000000000018,0.03295050000000004,0.00013829698296805,0.11548301989873255,9.65490390983067e-05,0.12185574718999442,0.0001238886521295051,0.12119182616911653
35777665790563902506802203649380222742675902830842055826922730090014196978898,7.0,0.375,6.0,0.234375,0.0,0.08069150000000001,0.0003305417911463279,0.23347409639845018,0.0002296438480206886,0.236788014212029,0.00029200022029993714,0.23505653072035618
35777665790563902506802203649380222742675902830842055826922730090014196978898,3.0,0.335,3.0,0.22277500000000003,0.0,0.04929150000000001,0.0001827750673046949,0.22274600653208126,0.00010072510171212721,0.22199376192678838,0.00012079162644818017,0.22660088024242384
106232089679346873403842692667796318359762953512223258849097279668300062892149,14.0,0.525,13.0,0.24937499999999999,0.00015000000000000026,0.38466550000000005,0.0007412181299236634,0.2522538985178301,0.0005121196720504383,0.25274701178325576,0.000689285041151865,0.25157619612135973
106232089679346873403842692667796318359762953512223258849097279668300062892149,7.0,0.525,7.0,0.24937499999999999,5.000000000000009e-05,0.3773155000000001,0.0003601581499547427,0.2482119275922402,0.0002485962674382825,0.24959448152901564,0.00032901756676782427,0.24823522051099084
106232089679346873403842692667796318359762953512223258849097279668300062892149,3.0,0.63,3.0,0.2331,2.5000000000000045e-05,0.37211550000000004,0.00014929169355514037,0.23305496347246993,0.00010586780912145944,0.2322030550218253,0.00014528472366366933,0.23510696283508153
57693159868948449143717941832372805496788893801981201969497003439938087263209,14.0,0.1815,14.0,0.14855775,0.0004752500000000001,0.12327999999999999,0.0005946862871017394,0.17105292582550258,0.0004908736442159018,0.17402374584108954,0.0005561172532660733,0.1710889705988138
57693159868948449143717941832372805496788893801981201969497003439938087263209,7.0,0.3815,7.0,0.23595775000000002,0.000385,0.053857749999999996,0.0003489244367130663,0.24156675312888815,0.00028113811151261403,0.237428575372044,0.00034789113061604605,0.23911826361577035
57693159868948449143717941832372805496788893801981201969497003439938087263209,3.0,0.073,3.0,0.067671,0.00032399999999999985,0.005599499999999999,7.388099191206528e-05,0.08707951930249534,8.705186244711716e-05,0.09686523805531533,7.747600739629145e-05,0.09864692964562792
73224372181937245040328363057976014300027383934369596272096521782962481509354,7.0,0.125,6.0,0.109375,0.0006499999999999992,0.020725,0.00024693777889793543,0.14423740815590436,0.00021659163426577022,0.1390546394203792,0.00023388862947491102,0.1270196826250884
73224372181937245040328363057976014300027383934369596272096521782962481509354,3.0,0.175,3.0,0.14437499999999998,0.0006499999999999992,0.018225,0.00014117044233738493,0.1408280281200492,0.00012641623560851104,0.1488389971834284,0.00014303825818340313,0.15155614815250287
61589009001195241558796708472897936503409913017383866002372087826054686967938,14.0,0.5,12.0,0.25,0.00025000000000000044,0.21739999999999993,0.0006621395654465151,0.2508994975809098,0.0004739884716129115,0.25470605457231515,0.0005854093625702965,0.2515279149029805
61589009001195241558796708472897936503409913017383866002372087826054686967938,7.0,0.49,7.0,0.2499,0.00025000000000000044,0.20224999999999996,0.00041431383057150136,0.24989452369329507,0.00026739743096053755,0.2509550405195561,0.00033005648181731794,0.25054220125344717
61589009001195241558796708472897936503409913017383866002372087826054686967938,3.0,0.545,3.0,0.247975,0.00010000000000000018,0.19802499999999995,0.00015438253384182597,0.2489797058736115,0.0001159194045774289,0.2449263019533174,0.00014561817846655924,0.24836114106941984
54595594259998696133629351217336952211014407059086517543744307948610776455833,30.0,0.935,30.0,0.060774999999999954,0.0009042499999999944,2.2499999999998374e-06,0.0012159155832794997,0.16149624211629296,0.0010960542070240283,0.1603862743799889,0.0015161247873324755,0.16183775488803775
86076435751570733286369126634541849471627178793773765844822295389135259614946,3.0,0.83,3.0,0.14110000000000003,5.00000000000001e-06,0.027722500000000032,0.00016907550022658864,0.14803648137143352,0.00011020421673993301,0.14372060527509517,0.00019457519244091834,0.14630988619418756
109193359842614462649768714123661929746247460686168540872183774378497988296172,30.0,0.305,30.0,0.21197500000000002,0.0012032500000000055,0.37109425000000007,0.0014248699263362246,0.233816501901834,0.0010909133677407742,0.2334729331793583,0.0014190686169976163,0.21511986394029178
46118045327286643463479614908512136607324773588723756546332480247027286666715,30.0,0.485,30.0,0.249775,0.0017999999999999986,0.22515049999999998,0.0016411440016265827,0.25676346633871494,0.0011564788523583103,0.26394007710017503,0.0017145332288031501,0.24816854326698393
46118045327286643463479614908512136607324773588723756546332480247027286666715,14.0,0.485,14.0,0.249775,0.0010999999999999977,0.22515049999999998,0.0007620275997647929,0.24961452320056196,0.0005158078351370534,0.2573778878652851,0.0006975433759169095,0.25197902647901177
46118045327286643463479614908512136607324773588723756546332480247027286666715,7.0,0.485,7.0,0.249775,0.0008999999999999972,0.22515049999999998,0.00036956498176261604,0.2477216630284057,0.0002616464584978099,0.2533443985476439,0.00031788768774046716,0.2506106553689604
46118045327286643463479614908512136607324773588723756546332480247027286666715,3.0,0.485,3.0,0.249775,0.00010000000000000018,0.22515049999999998,0.00016480620177501974,0.24941112397817716,0.00012918789086001727,0.2505360283835081,0.0001309438889555176,0.24941260278044453
60725874250423703620094276151916802462347260149939877434146037169740775578517,30.0,0.76,30.0,0.1824,0.0006190000000000011,1.0884595,0.0015040544541594103,0.2025710964131213,0.0011166967939555024,0.20355952388326215,0.0018640169720489919,0.2057428268909063
60725874250423703620094276151916802462347260149939877434146037169740775578517,14.0,0.672,14.0,0.22041599999999997,0.0004505000000000008,0.7998354999999999,0.0007868981925841145,0.22378791942904042,0.0005639157411905026,0.2301236759791988,0.0007897566492503832,0.23024570844250022
60725874250423703620094276151916802462347260149939877434146037169740775578517,7.0,0.2525,7.0,0.18874375000000002,0.00024025000000000042,0.7400275,0.0003322353430893931,0.19147210605706116,0.0002523608379823379,0.19399727562104352,0.0003536241698554951,0.194248505498511
60725874250423703620094276151916802462347260149939877434146037169740775578517,3.0,0.167,3.0,0.139111,0.0,0.6867269999999999,0.00017726658149977602,0.14052081646148434,9.909525228075157e-05,0.14913038168125778,0.00015220210201055044,0.14377802498424797
74680496448298247353385025151752796770953684491292823223253245762045732163565,14.0,0.735,12.0,0.194775,0.0005000000000000009,0.07602500000000001,0.0006494269989421282,0.19990326760046578,0.00045342542289736137,0.1974301681380323,0.0007303288426563172,0.2022315359970125
74680496448298247353385025151752796770953684491292823223253245762045732163565,7.0,0.73,7.0,0.1971,0.00012500000000000022,0.07602500000000001,0.0003714738114410487,0.20523859775210962,0.0002682439981322214,0.20207302025053828,0.00042601707638350694,0.1984026344499879
74680496448298247353385025151752796770953684491292823223253245762045732163565,3.0,0.745,3.0,0.189975,0.0,0.07602500000000001,0.00017191975717932562,0.18919651381091654,0.00010461433294975457,0.19073021324320513,0.0001678476692521543,0.19084311473690804
87802393367452383138862280216321074465808274509651730558046316851197390494337,7.0,0.315,6.0,0.21577500000000002,0.0001750000000000003,0.5353999999999999,0.00032156144685468915,0.21464101720409678,0.00022237270598958323,0.22294569254362784,0.0003060535566013836,0.2147310942657432
87802393367452383138862280216321074465808274509651730558046316851197390494337,3.0,0.27,3.0,0.1971,5.000000000000009e-05,0.5328999999999999,0.00018891325637719676,0.20317625630544733,0.00010410127313141908,0.19792431520888398,0.00014429372845182494,0.19793868255690156
112291590669644520318733652318079267717867707441421636109796937594766664397273,7.0,0.495,6.0,0.249975,2.5000000000000045e-05,0.18335,0.00031921969494356063,0.2503414253003347,0.00022529183059991014,0.2532730703013039,0.00027934612082813865,0.2484933751855239
112291590669644520318733652318079267717867707441421636109796937594766664397273,3.0,0.755,3.0,0.184975,0.0,0.084225,0.00016904732861702405,0.1853900517334119,0.0001253518656040615,0.18766361250905184,0.0001527663811103186,0.18498254802119699
17591104758522950413326744526150502106648525094010529215394967309981213513392,30.0,0.43,30.0,0.2451,0.0012212500000000008,0.23888624999999997,0.001611774615667572,0.24474418146057317,0.0011807038676170756,0.254590388283467,0.0016087132475100044,0.25463454413815856
17591104758522950413326744526150502106648525094010529215394967309981213513392,14.0,0.44,14.0,0.24640000000000004,0.0006462500000000016,0.11936124999999996,0.0007492941467168595,0.25324511967895735,0.0005447649599615703,0.2532235789246364,0.0007139934244738647,0.25059850273988593
35819574986567063041610481895803311952212566085229880109455177860039836195470,30.0,0.275,30.0,0.199375,0.001090250000000004,0.07881024999999998,0.0014021090867205165,0.2261341767073146,0.0011156934912657033,0.21816099824613494,0.0013615322901014478,0.21540438674495088
35819574986567063041610481895803311952212566085229880109455177860039836195470,14.0,0.72,14.0,0.2016,0.0006902500000000031,0.018485249999999998,0.0007120974122204492,0.21135045777216252,0.000538672637497831,0.2071016284605809,0.0008694802394233422,0.20374194714591978
35819574986567063041610481895803311952212566085229880109455177860039836195470,7.0,0.875,7.0,0.109375,0.0003652500000000026,0.002885249999999997,0.0002908245745538024,0.1402685413237089,0.00020898407419536822,0.13144150073752323,0.0003216824077766521,0.12433902155910306
35819574986567063041610481895803311952212566085229880109455177860039836195470,3.0,0.935,3.0,0.060774999999999954,0.0003152500000000025,0.0010352499999999939,6.793639488051637e-05,0.07346470984640927,5.5473733193981374e-05,0.06770901604015768,0.00013398608599114452,0.0681775189791373
28747202356406941764039314112456173595580282212764464946364557006288495734253,30.0,0.063,30.0,0.05903100000000001,0.00219625,0.0019132499999999998,0.0008809789714236465,0.1050181522365694,0.0008257819281290112,0.12183580576034103,0.0008977564372361222,0.10462961455075032
74637894765143036943857071073757323687798697112955744029395329899045443250600,30.0,0.245,30.0,0.184975,0.0022749999999999953,0.2805,0.0013161935688729548,0.21661015717377388,0.0011696789896871835,0.20447523278868068,0.0013764904371432946,0.2087988370372382
74637894765143036943857071073757323687798697112955744029395329899045443250600,14.0,0.285,14.0,0.203775,0.0008749999999999983,0.27085,0.0006600893467394905,0.21947906432572148,0.0004987193180949446,0.20856119141596133,0.0006283135902989594,0.22729386624114678
74637894765143036943857071073757323687798697112955744029395329899045443250600,7.0,0.315,7.0,0.21577500000000002,0.00012500000000000022,0.26995,0.0003906870876081215,0.2216784118332312,0.0002500269044279167,0.22630505692696354,0.00038313292508455334,0.22042233280856485
74637894765143036943857071073757323687798697112955744029395329899045443250600,3.0,0.375,3.0,0.234375,0.0,0.263925,0.0001699512997235022,0.23533125458481993,0.00010767885367002159,0.2366051847526873,0.00014742444652691815,0.2358447294430463
88928613609571999516722032493167167478639979186333413756961110063095984150168,30.0,0.44,30.0,0.24640000000000004,0.001475000000000003,0.296875,0.0015942209510178406,0.25750053548658675,0.0011823962701251903,0.258832720474947,0.0016555585935494226,0.2522584265978428
88928613609571999516722032493167167478639979186333413756961110063095984150168,14.0,0.445,14.0,0.24697499999999997,0.0006500000000000012,0.29647500000000004,0.0007433906512855066,0.24578587348252712,0.0005496554616853095,0.2506100228935048,0.0007295639880876534,0.25369981633634137
88928613609571999516722032493167167478639979186333413756961110063095984150168,7.0,0.55,7.0,0.2475,0.0003250000000000006,0.291225,0.00037651778630735347,0.24957466306519105,0.0002768599816066989,0.24622639376875455,0.00034763634242902867,0.24645900893727016
88928613609571999516722032493167167478639979186333413756961110063095984150168,3.0,0.515,3.0,0.249775,0.00010000000000000018,0.290325,0.00015812651039489277,0.25126478054165313,0.00010232651144000109,0.2509798486429406,0.0001263813290433232,0.24965652186672813
83934436440748187609709512046534680994406576992946754046097830743892514665225,30.0,0.44,30.0,0.24640000000000004,0.002125000000000002,0.265625,0.0015859352405998707,0.2526600618457001,0.0012385502264288986,0.25860284647618026,0.0015533835093148496,0.24953085503996356
83934436440748187609709512046534680994406576992946754046097830743892514665225,14.0,0.44,14.0,0.24640000000000004,0.001275,0.265225,0.000758963840942781,0.24809846701960628,0.0005406221597259147,0.25352999245726754,0.0007109061732677733,0.2507398280428048
83934436440748187609709512046534680994406576992946754046097830743892514665225,7.0,0.44,7.0,0.24640000000000004,0.0008749999999999995,0.265225,0.00040321873814292477,0.24696029846246872,0.00024268524360874572,0.24684249361460167,0.00035745000705110844,0.24787088128447227
83934436440748187609709512046534680994406576992946754046097830743892514665225,3.0,0.455,3.0,0.24797499999999997,0.0004499999999999986,0.265225,0.0001516246073970794,0.2476073550865081,0.00013058291973659035,0.24773485539192575,0.0001335177961207547,0.2490476089199639
62571845134531844847528977543033414588471192141271203192728629167213583695518,30.0,0.18,30.0,0.1476,0.0014249999999999983,0.18632499999999996,0.001282928603984577,0.17528683119985353,0.0011220975438291703,0.18030383921096582,0.0012764354245806875,0.19246482588730096
62571845134531844847528977543033414588471192141271203192728629167213583695518,14.0,0.315,14.0,0.21577500000000002,0.0006499999999999979,0.14912499999999998,0.0006998241037738829,0.21987180143351104,0.0005322624905052388,0.21632761829554636,0.0006855615556297755,0.22214567591905465
62571845134531844847528977543033414588471192141271203192728629167213583695518,7.0,0.355,7.0,0.22897499999999998,2.5000000000000045e-05,0.13765,0.0003714017153719966,0.231394414085011,0.00027617572567050684,0.22771077149735588,0.00036700871905571183,0.23036395974621038
62571845134531844847528977543033414588471192141271203192728629167213583695518,3.0,0.585,3.0,0.24277500000000002,0.0,0.11412499999999999,0.00018509211112456163,0.24185467722707862,0.00013163033775776337,0.24297674238846872,0.00013479548920789143,0.24373829086109894
82084099493722841326424854053682115622937305216054831588899774334225620550718,7.0,0.385,6.0,0.236775,0.0,0.079375,0.0002941717306972543,0.23966836073735198,0.000277272127214924,0.24082905910908728,0.0002928857261833327,0.2366800062515503
82084099493722841326424854053682115622937305216054831588899774334225620550718,3.0,0.435,3.0,0.24577499999999997,0.0,0.072075,0.00018513032929697707,0.24651420366548002,0.00012340012622820675,0.24723303183929118,0.00014341908414086443,0.2462768377355748
78854409801874603446179921675470788414998490687479191963869825222632849111355,7.0,0.495,6.0,0.249975,0.00012500000000000022,0.25715,0.0003400669569917128,0.24816877054997402,0.00023219327791909646,0.25144422220109874,0.00028006397090571145,0.2489006108177162
78854409801874603446179921675470788414998490687479191963869825222632849111355,3.0,0.455,3.0,0.24797499999999997,0.0,0.254125,0.00015784021606356065,0.2480934748653378,0.00010007122283651932,0.24980366170232718,0.00014532583277325982,0.24802697013103445
95652252872024843825713085914706905833225534483648279159442211959732406584585,30.0,0.255,30.0,0.189975,0.0006999999999999996,0.351725,0.0013482581031122882,0.22012760749890298,0.0011532610570646317,0.20705976085228378,0.0013844010830302378,0.22239749022051336
95652252872024843825713085914706905833225534483648279159442211959732406584585,14.0,0.425,14.0,0.24437499999999998,0.0003250000000000006,0.28415,0.0007721618001411213,0.24284746345345753,0.0005344923619831854,0.2505445479341476,0.0007685504083198341,0.24690582375118958
95652252872024843825713085914706905833225534483648279159442211959732406584585,7.0,0.36,7.0,0.2304,0.0,0.2762,0.00038008044564357134,0.2325863769706986,0.00026729608236924823,0.2348651955757996,0.000359945598113915,0.23179042112810685
95652252872024843825713085914706905833225534483648279159442211959732406584585,3.0,0.32,3.0,0.2176,0.0,0.24114999999999998,0.00016489924720381605,0.21743439132976775,0.00010373833540137204,0.21432415137713443,0.00015523975912234568,0.2175583699585893
85691509969419455564267875788248198885436366819186202715164326237467975692313,30.0,0.5,27.0,0.25,0.0006750000000000012,0.33072499999999994,0.0014341749318091141,0.2521808627012373,0.0010447237647570834,0.2530311302789679,0.0014247926031370857,0.2499800196439374
85691509969419455564267875788248198885436366819186202715164326237467975692313,14.0,0.505,14.0,0.249975,0.00030000000000000057,0.32467499999999994,0.000762971738983509,0.2530137572561757,0.0005551086998200042,0.25060942069304315,0.000709214139947505,0.2496792688534991
85691509969419455564267875788248198885436366819186202715164326237467975692313,7.0,0.48,7.0,0.2496,0.00025000000000000044,0.30334999999999995,0.00038405375209869775,0.2503803812490265,0.0002714032724695734,0.24908301515056977,0.00032720724792158424,0.2509364608172484
85691509969419455564267875788248198885436366819186202715164326237467975692313,3.0,0.53,3.0,0.2491,2.5000000000000045e-05,0.29947499999999994,0.0001526853833901741,0.24989784864072098,0.00011598990271889073,0.2514205829328424,9.840805430111728e-05,0.24918872152574345
79584421575812181512651517122810974579123120437619107116102652274701841938908,14.0,0.415,11.0,0.24277499999999996,0.0006499999999999979,0.33102499999999996,0.0006400752626281421,0.24131809213321737,0.00039537726088229833,0.2473283981384043,0.0005312574116746063,0.24435656420148916
79584421575812181512651517122810974579123120437619107116102652274701841938908,7.0,0.405,7.0,0.240975,0.00019999999999999925,0.33102499999999996,0.0003817321626839367,0.2392528601423718,0.00026767553404707657,0.24406828552819948,0.00032854978142373515,0.24251869590102282
79584421575812181512651517122810974579123120437619107116102652274701841938908,3.0,0.415,3.0,0.24277499999999996,0.00010000000000000018,0.33102499999999996,0.00013852505742940297,0.24628217819308587,0.00011221971830368063,0.2443151754027293,0.00012067862703425952,0.2419817334214972
69300978015496262730271867203367857964959958777132878699223391097246445246075,7.0,0.625,6.0,0.234375,0.00025000000000000044,0.19372500000000006,0.0003549415792990256,0.23307053275531736,0.00022739777476016805,0.23706394166870823,0.0002725073245423422,0.23500650953829372
69300978015496262730271867203367857964959958777132878699223391097246445246075,3.0,0.64,3.0,0.2304,0.0002250000000000004,0.19122500000000006,0.00015534469619091213,0.23166641118872405,0.00010667745717895953,0.23205417554864455,0.00014568789693720496,0.23147466126518806
108150027309769549188092338358995062947567126898812133696496790931097007323946,14.0,0.505,13.0,0.249975,0.0004250000000000005,0.1216,0.0007339171970539218,0.25013240067515186,0.0005155019121336927,0.25512445475214734,0.0006396205961804687,0.25207413809073953
108150027309769549188092338358995062947567126898812133696496790931097007323946,7.0,0.165,7.0,0.137775,0.0002000000000000001,0.085525,0.00030731141068991046,0.1531281747878148,0.0002527474853843618,0.15000391282163658,0.0003070773125876657,0.1509255413559998
108150027309769549188092338358995062947567126898812133696496790931097007323946,3.0,0.12,3.0,0.1056,0.00012499999999999995,0.084625,8.82363339430707e-05,0.11354679945443244,8.557927379100274e-05,0.12617372185091053,0.00010225854670338406,0.12226090569618897
42651487770072584399780567111092653963782174358340706174105521278109948131465,30.0,0.61,30.0,0.2379,0.0001249999999999991,0.35008649999999997,0.0016587734031724049,0.24824850331137496,0.0011558087569710314,0.2423490965217906,0.0016563450762391832,0.23949935390405172
42651487770072584399780567111092653963782174358340706174105521278109948131465,14.0,0.335,14.0,0.22277500000000003,9.999999999999907e-05,0.23033649999999997,0.0007226356293489818,0.22140037193069317,0.0005450887401064504,0.23432399933160583,0.0006658922157453946,0.22257859077230613
42651487770072584399780567111092653963782174358340706174105521278109948131465,7.0,0.69,7.0,0.2139,0.0,0.1145615,0.0003889289297098551,0.21341252760001794,0.0002545205589925114,0.21319534094196818,0.00033345352643369394,0.21430407763057258
42651487770072584399780567111092653963782174358340706174105521278109948131465,3.0,0.9055,3.0,0.08556975000000003,0.0,0.07351124999999996,9.608636489482783e-05,0.09673222119369795,8.512349056152054e-05,0.09401194489996957,0.0001352890013470576,0.08817137667988874
71050426559855927155645347680711886453829378742645913933743200211179053347853,30.0,0.615,30.0,0.236775,0.00042025000000000076,0.8638482499999999,0.0015845133866115536,0.2472807349502274,0.0011231855602414388,0.25149529021896355,0.0017335410661821682,0.2411834479534785
71050426559855927155645347680711886453829378742645913933743200211179053347853,14.0,0.795,14.0,0.16297499999999998,2.0250000000000092e-05,0.7563982499999999,0.0007148298003069024,0.17302305999707676,0.0005512546703077227,0.17878100746694311,0.0008130606927335845,0.17724537216929853
71050426559855927155645347680711886453829378742645913933743200211179053347853,7.0,0.331,7.0,0.22143900000000002,2.0250000000000092e-05,0.40230474999999993,0.0003734216540869926,0.22400159735380457,0.0002709579295142303,0.22212522906554752,0.00034432944097754,0.22460933784574305
28088666467799043594281773489309632095246798023162600022406453292842172023628,14.0,0.44,10.0,0.24640000000000004,0.00010100000000000018,0.9698075,0.0005367449929079219,0.2469722207510731,0.00035934583215940867,0.2471863878076018,0.00048191527895242976,0.2477436818480929
28088666467799043594281773489309632095246798023162600022406453292842172023628,7.0,0.155,7.0,0.130975,0.00010100000000000018,0.9420825,0.00028665694874853025,0.14979290499910644,0.00021297425686923912,0.13531998364467562,0.0003328680452289823,0.14414643229758947
80130575915454393762270190304255091864220250441678918177971419939832105091265,14.0,0.425,12.0,0.24437499999999998,0.00020000000000000033,0.21742500000000003,0.0006555852319134068,0.245686502016623,0.00045048417465123447,0.2444897002302194,0.0005998754546529894,0.24915258328525985
80130575915454393762270190304255091864220250441678918177971419939832105091265,7.0,0.43,7.0,0.2451,7.500000000000014e-05,0.21702500000000002,0.00040565752713887207,0.24609255239497269,0.0002640240598888164,0.2504067089469924,0.000349594687399306,0.24680603888059374
80130575915454393762270190304255091864220250441678918177971419939832105091265,3.0,0.43,3.0,0.2451,2.5000000000000045e-05,0.21702500000000002,0.0001682256152255177,0.24613097929256716,0.00011107484977343223,0.24570928312780382,0.00014282184225297568,0.2454486670340151
1294301106000867191772806529332889741277848776146041262771462884723167975461,14.0,0.115,14.0,0.101775,0.00019599999999999997,0.212297,0.0005827609268667948,0.12533691366843414,0.0005236578410812106,0.13831586411809865,0.0005516335698768196,0.12274570336150216
1294301106000867191772806529332889741277848776146041262771462884723167975461,7.0,0.155,7.0,0.130975,0.00019599999999999997,0.16217900000000002,0.0002915177003205333,0.14937495499888928,0.00021717099361781035,0.13818305841530004,0.000320841307416298,0.15645410242634095
1294301106000867191772806529332889741277848776146041262771462884723167975461,3.0,0.2845,3.0,0.20355974999999998,0.00019599999999999997,0.10215075000000001,0.00016342265474507352,0.20559052312382547,0.00013649950908497976,0.20404917049439952,0.00015316853496673006,0.20420074839660743
88244443360063235221444316604590968694314258311386447899087521723508440858841,30.0,0.795,30.0,0.16297499999999998,0.0009500000000000017,0.33461700000000005,0.0014652591239873358,0.1899395980636392,0.0012071103548632594,0.19269464056071117,0.0019143686679489603,0.20436221004024194
88244443360063235221444316604590968694314258311386447899087521723508440858841,14.0,0.745,14.0,0.189975,0.00015000000000000026,0.328217,0.0007403725827161803,0.1872271910582226,0.0005632409352186701,0.1963674125265748,0.0008006326402293888,0.1977253634536919
88244443360063235221444316604590968694314258311386447899087521723508440858841,7.0,0.745,7.0,0.189975,2.5000000000000045e-05,0.302292,0.00037187405170643407,0.19462323201057397,0.00027903954152276133,0.19464399137150154,0.00037473780758165887,0.19526637571838287
88244443360063235221444316604590968694314258311386447899087521723508440858841,3.0,0.645,3.0,0.22897499999999998,0.0,0.237567,0.00014717525174058903,0.23024279687413995,9.400705362891397e-05,0.22940084666433763,0.00014857931600509414,0.22850255219814902
90345056428696674567561759010650746906099305502098450180256162219704645494002,7.0,0.655,6.0,0.22597499999999998,0.00017500000000000032,0.10295000000000003,0.00032116151223022323,0.22655642809136672,0.0002267642912355405,0.22547300438082124,0.0002914313833443382,0.22790410370446665
90345056428696674567561759010650746906099305502098450180256162219704645494002,3.0,0.665,3.0,0.222775,2.5000000000000045e-05,0.10295000000000003,0.00017002826150577002,0.22625743400103826,0.00011216657016857465,0.22550349354530091,0.0001279900914944226,0.22388079324213586
39765353778464750787631192721907889057482998132457144837307768128298789022189,30.0,0.49,30.0,0.2499,0.0013179999999999971,0.1354545,0.001601374567759658,0.2507394650555658,0.0011391954082470557,0.262917720210496,0.0016095593052943785,0.24865373203182956
39765353778464750787631192721907889057482998132457144837307768128298789022189,14.0,0.495,14.0,0.249975,0.00014299999999999968,0.06610450000000001,0.000804799005053072,0.2555716603568662,0.0005493914294126631,0.2521045398708383,0.0006964834389314136,0.2517741087184661
39765353778464750787631192721907889057482998132457144837307768128298789022189,7.0,0.305,7.0,0.21197500000000002,0.00011799999999999963,0.03847950000000001,0.0003775470549662165,0.21579115475887428,0.00025408175965879574,0.21521014670863642,0.0003391173618553617,0.21513993640351345
39765353778464750787631192721907889057482998132457144837307768128298789022189,3.0,0.0845,3.0,0.07735975,1.7999999999999997e-05,0.00608425,9.540014722452494e-05,0.1050480029867061,7.939644353958651e-05,0.1051450471148938,9.238749400321315e-05,0.1012760484159792
74396432617830205205692647182156674687262039702362245386430594405600411795991,30.0,0.465,18.0,0.24877499999999997,0.0006527499999999993,0.21130025,0.0009706213532252233,0.24905970324882198,0.0006964364461927733,0.25314774318028527,0.0009120594553622779,0.24684957185442624
74396432617830205205692647182156674687262039702362245386430594405600411795991,14.0,0.495,14.0,0.249975,0.0006277499999999998,0.17447525000000005,0.0007846439119508022,0.25219901674701867,0.000542280348453507,0.25275235027826093,0.0007156125088004527,0.25108504903946033
2575019569713867230163687809334189476608940225482792735183279931653015476505,7.0,0.485,6.0,0.249775,0.0001249999999999991,0.16995000000000005,0.00032721955025306963,0.24991280772228464,0.00024241631147936093,0.25375527023772654,0.00028361910971114114,0.24971801653851858
2575019569713867230163687809334189476608940225482792735183279931653015476505,3.0,0.455,3.0,0.24797499999999997,9.999999999999907e-05,0.16482500000000003,0.0001609077131435823,0.2478252424413801,0.00010055670197475303,0.24989749336891848,0.00014297794567487377,0.2488551460440025
70060007759742302808850203923230495967841006347410479320265457231119910877637,30.0,0.3,30.0,0.21,0.0004352500000000006,0.5371162500000001,0.001417546900347154,0.22622315549030034,0.0011435581419928745,0.22076759633520573,0.0014304128549491374,0.22844382709073316
70060007759742302808850203923230495967841006347410479320265457231119910877637,14.0,0.375,14.0,0.234375,0.00021025000000000015,0.32926625,0.0008195123067559054,0.24163856648390694,0.0005326287114540945,0.23669680121681436,0.000695748955952064,0.2373438879422155
70060007759742302808850203923230495967841006347410479320265457231119910877637,7.0,0.245,7.0,0.184975,0.00021025000000000015,0.14131625000000003,0.00034945343629588706,0.19753866482443358,0.0002233592014101861,0.18822608161869717,0.0003515770801267328,0.20186206651508964
70060007759742302808850203923230495967841006347410479320265457231119910877637,3.0,0.105,4.0,0.093975,0.00011024999999999998,0.0050662500000000004,0.00012003596841030927,0.11296886929158967,0.00011818357705357498,0.1055066712430899,0.00014447958998603134,0.12160770525754598
65531890960620521636722962602070636045391871664724162278228684734040995313321,30.0,0.785,30.0,0.16877499999999998,0.0013607499999999991,0.11667225000000002,0.001471628168062294,0.19064841788125908,0.0011128110315510465,0.1973218768463256,0.0017815377236608018,0.205750914424804
65531890960620521636722962602070636045391871664724162278228684734040995313321,14.0,0.695,14.0,0.21197500000000002,0.0008357500000000004,0.09624725000000002,0.0007453731543942758,0.21778836675812024,0.0005817239582327418,0.21972483225074874,0.000772886095589695,0.21984180639002698
65531890960620521636722962602070636045391871664724162278228684734040995313321,7.0,0.205,7.0,0.162975,0.0005107499999999998,0.01322225,0.0003522421473257251,0.1790764205907303,0.00025598032363753994,0.1702484216733677,0.0003763068738334321,0.16714854488323802
71187472356406154444387503956670040782654687843476396329288939829341552481928,3.0,0.09,3.0,0.0819,0.00038125,0.00793325,8.92407829788914e-05,0.09733309555885886,8.336372888044157e-05,0.10710030387200668,8.461584289191275e-05,0.09521601141307094
106250646873610217078090170154281986253419786192535695927313539447264576814478,30.0,0.075,30.0,0.069375,0.0017297499999999997,1.0739832500000002,0.000987766419770372,0.12211908957468999,0.0008820947637408141,0.11273371614212536,0.0009507094096047852,0.12298441096526062
84759855875787376013070966191829270380532139665613953557972586200540529795281,14.0,0.0685,14.0,0.06380775000000001,0.00041174999999999995,0.0044945,0.00045012731167526435,0.08889567027969546,0.000415263292851656,0.10314041809053463,0.00047401359716975496,0.10103109201059063
84759855875787376013070966191829270380532139665613953557972586200540529795281,7.0,0.1,7.0,0.09000000000000001,0.0001219999999999999,0.0044945,0.0002552402349925713,0.11584158629927135,0.0002380182101639914,0.11643791185869283,0.00025300349648546485,0.12468471905971602
85289626455286621741147466960306344849967684242945968219221967501261359418734,7.0,0.295,7.0,0.20797500000000002,0.00037500000000000066,0.05644999999999999,0.00034832118469922224,0.21126859333662673,0.00023981348367718342,0.20673078383605228,0.00032765346334549106,0.21353967545512412
85289626455286621741147466960306344849967684242945968219221967501261359418734,3.0,0.245,3.0,0.184975,0.00010000000000000018,0.055224999999999996,0.00015019756579631545,0.1858566836651623,0.0001118464511090712,0.1814085415265998,0.00015998766626428585,0.1887772904040699
77322359487680791001855534385112528711792526235598044866856534043241451876434,7.0,0.32,6.0,0.2176,0.0004999999999999987,0.05595,0.0003254243781632237,0.21658308153056907,0.00021902669196187562,0.22342136093528006,0.00028213422819703507,0.22128582650255893
77322359487680791001855534385112528711792526235598044866856534043241451876434,3.0,0.29,3.0,0.20589999999999997,0.0004999999999999987,0.048249999999999994,0.00018030996402877675,0.20622323294097009,0.0001152736538077025,0.20077776169080175,0.00015866676517844902,0.20335163428287126
41989576314736325341617948445508277860193406372180510249970994395154752011180,30.0,0.075,30.0,0.069375,0.0012720000000000001,0.00044050000000000003,0.000930285988899145,0.12317842734018437,0.000968769342856435,0.11170614096475497,0.0009347646748804886,0.10567720120147021
13074602576810380801040282699634023434828916276522050620955510477039962092517,7.0,0.55,6.0,0.2475,0.00012500000000000022,0.11602499999999998,0.0003280052982576594,0.24697580774644887,0.0002221908673825764,0.24908459333511604,0.000303295303330294,0.24835821079685957
13074602576810380801040282699634023434828916276522050620955510477039962092517,3.0,0.585,3.0,0.24277500000000002,0.0,0.11442499999999999,0.00017586637562695882,0.24286894747138527,0.00011452980820421617,0.24280191774265,0.00012269072946368196,0.2425362430724681
34383925480761295373249334853432831854579776750440588856580789986253062648428,30.0,0.08,30.0,0.0736,0.0003647499999999999,0.0006252500000000002,0.0009981705299116012,0.11632093684230047,0.0008787383397806263,0.11149049818859211,0.0009582485389252112,0.12408243385126032
67774796608614775510330421551587441938564657086533241488152712481897710792642,7.0,0.395,6.0,0.238975,0.00010000000000000018,0.075475,0.00032997263967967055,0.24055465190538514,0.0002364954277239846,0.2425838014223878,0.0002873071753421256,0.24052390422110292
67774796608614775510330421551587441938564657086533241488152712481897710792642,3.0,0.355,3.0,0.22897499999999998,0.0,0.074575,0.0001549571933606979,0.22984841685118976,0.0001215875253647828,0.22797204857595646,0.000136067824099507,0.22867155417700402
53697835971855645704437313930693601479955805641531514952659498985321347379532,3.0,0.585,3.0,0.24277500000000002,0.00010000000000000018,0.268825,0.0001811939303676123,0.2421021335627999,0.00010610092989943705,0.2434807979425339,0.00013898061577673028,0.2425114077518563
101891838585024925152360274893671147864423928993122882017337451422604701059227,3.0,0.805,3.0,0.15697499999999998,0.00020000000000000036,0.026825000000000005,0.00015340180411587721,0.15628344289934362,0.00012300409963062937,0.1584514205274887,0.00018340636888389852,0.1639273293321122
85229865481166262443616698813899475047082678584551624516576861283095641108073,14.0,0.49,13.0,0.2499,0.0008000000000000014,0.2304,0.0007526745925926698,0.251564467898387,0.0004685392004695221,0.25539458019485806,0.0006475022244769376,0.2498966687727416
85229865481166262443616698813899475047082678584551624516576861283095641108073,7.0,0.505,7.0,0.249975,0.0004250000000000008,0.2304,0.00039785224866587513,0.2504627001288343,0.00025981808957939846,0.2529686015518003,0.00033534809630712435,0.24941783027224687
85229865481166262443616698813899475047082678584551624516576861283095641108073,3.0,0.505,3.0,0.249975,0.0002250000000000004,0.2304,0.00018802861753533032,0.24941017397353335,0.00010989513065345529,0.2502405218187252,0.00011857480365535623,0.2501146022275351
16571355100327104454501190118689337347118543324830329817599252230759175472329,7.0,0.0935,7.0,0.08475774999999999,0.0003032500000000001,0.0107125,0.00026691349408124827,0.11310937597227724,0.00021491306530920892,0.12565361142324524,0.0002558145282950575,0.12115744424083763
16571355100327104454501190118689337347118543324830329817599252230759175472329,3.0,0.1055,3.0,0.09436974999999999,7.250000000000014e-06,0.0107125,8.309269474354165e-05,0.1153394472611831,7.368717432313142e-05,0.09537640715286878,9.864233767937118e-05,0.11013576879074537
71881462068360341862122310129791911298023735258994401167377841924837767345287,30.0,0.935,19.0,0.060774999999999954,0.00041324999999999847,0.25574275,0.0007630100194176288,0.14694038580972502,0.0006425583153539233,0.14559640470718851,0.0010012960185912549,0.1526928541756028
71881462068360341862122310129791911298023735258994401167377841924837767345287,7.0,0.807,7.0,0.15575099999999997,9.400000000000017e-05,0.2384065,0.0003841152455107565,0.1613366177507812,0.0002568894026646225,0.16555944845806347,0.00040197024511869225,0.15653580081467383
71881462068360341862122310129791911298023735258994401167377841924837767345287,3.0,0.924,3.0,0.07022399999999997,0.0,0.22424550000000001,8.883520135537507e-05,0.07787289390546323,6.108124334953394e-05,0.07509407105302056,0.00012422350229362487,0.08025892370400253
58992629418217336791150527105627726520951824426003479091735536985058036672428,7.0,0.645,5.0,0.22897499999999998,0.0,0.06962499999999999,0.00025562988537030913,0.2315950348909133,0.0001904125918489822,0.23345291295679604,0.00026169535737394494,0.22934959965097598
58992629418217336791150527105627726520951824426003479091735536985058036672428,3.0,0.645,3.0,0.22897499999999998,0.0,0.06962499999999999,0.00016336778485473018,0.2281448736909021,0.00010469036678289266,0.23325105788848272,0.000160561529489903,0.22724407305496397
56095110937473092933094824277964484084942972641750778050568282769752887796329,30.0,0.265,30.0,0.194775,0.0028624999999999983,0.19067,0.0014174891766160296,0.21304030155795373,0.0011347072471438841,0.21915421813327995,0.0013262105979817745,0.21648128141204281
56095110937473092933094824277964484084942972641750778050568282769752887796329,14.0,0.2705,14.0,0.19732975000000003,0.00024275000000000043,0.188645,0.0006519342995637437,0.20245460693302522,0.0004993182310446425,0.21397618921768355,0.000623305064871839,0.21226928901957962
56095110937473092933094824277964484084942972641750778050568282769752887796329,7.0,0.312,7.0,0.21465599999999999,0.0002225000000000004,0.17326149999999998,0.00036989691303138713,0.2205732062728411,0.000291111209062449,0.21649075514836064,0.0003514285878402418,0.21708274939781602
56095110937473092933094824277964484084942972641750778050568282769752887796329,3.0,0.34,3.0,0.2244,0.0,0.1717535,0.00017920150356323368,0.22557437473559594,0.00010512735904873772,0.2288171012640688,0.00012804198753545962,0.22430626418923663
14529148793127825511449975029286637677335749514748631099251078277932585217457,3.0,0.13,3.0,0.1131,0.00027499999999999964,0.021025,0.00011421738175498176,0.1287910888481209,9.527406073558373e-05,0.1257997547565993,0.0001289092764599522,0.13152633751956455
114073431155826730926052468626599502581519892859155799641358176120253844422606,30.0,0.585,30.0,0.24277500000000002,0.000550000000000001,0.19482499999999997,0.0015852439156140707,0.25101183533868066,0.0011603561742148034,0.2582613016028877,0.0017163285439239296,0.24135114505490357
114073431155826730926052468626599502581519892859155799641358176120253844422606,14.0,0.295,14.0,0.20797500000000002,0.00010000000000000018,0.14837499999999998,0.0006454047732590711,0.21348327472592665,0.0005100720483426587,0.21835905504418895,0.0006786105284161532,0.2214454431659722
114073431155826730926052468626599502581519892859155799641358176120253844422606,7.0,0.635,7.0,0.231775,0.0,0.12692499999999995,0.0003909443097334385,0.22830877163910998,0.00029036089406099996,0.2382831915288154,0.0003420458251631385,0.23007060587105635
114073431155826730926052468626599502581519892859155799641358176120253844422606,3.0,0.605,3.0,0.238975,0.0,0.12242499999999996,0.00015589595779493939,0.23802968622775822,0.00012303815291643183,0.24144677809312504,0.0001319886436239892,0.2397244649078012
42313299873851447026086141752318243609976340909316294247192152674572289921964,7.0,0.575,6.0,0.244375,0.0003250000000000006,0.21164999999999995,0.0003309167130711868,0.24559105832359698,0.0002107506233084235,0.24655996671074637,0.0002835105200024373,0.24618140771207064
42313299873851447026086141752318243609976340909316294247192152674572289921964,3.0,0.505,3.0,0.249975,0.00020000000000000036,0.20742499999999997,0.00017260865878836317,0.2503176842622903,0.0001135992658223222,0.2499904944415379,0.00011128370876997152,0.2504615173769071
72964978221398605522514751377428383911377976290846845653048953950250638951071,7.0,0.105,5.0,0.093975,0.0003999999999999996,0.5911245,0.00017874157078603067,0.11818937081073917,0.0001682817472161687,0.11881039589167837,0.00015109443903800663,0.11780152735638262
72964978221398605522514751377428383911377976290846845653048953950250638951071,3.0,0.63,3.0,0.2331,0.0,0.2940995,0.00017168294892240706,0.23274003283522834,0.0001111831948252941,0.2347017768738879,0.00013278862486298777,0.23333422965358344
74040111784769946109701733906901727797632517142135296601206293112863344791178,30.0,0.465,30.0,0.24877499999999997,0.001975000000000002,0.31310050000000006,0.0015908590590224597,0.24865746271298192,0.0011576300382844331,0.25046849288665796,0.0016082645819010387,0.25540466508734766
74040111784769946109701733906901727797632517142135296601206293112863344791178,14.0,0.47,14.0,0.2491,0.001100000000000002,0.30860050000000006,0.00078566921968917,0.25139842899893705,0.0005591523585890609,0.2494738858370633,0.000698460722986302,0.24899522673719637
74040111784769946109701733906901727797632517142135296601206293112863344791178,7.0,0.485,7.0,0.249775,0.0003250000000000006,0.30820050000000004,0.00037656679763890756,0.248493470176116,0.0002676909462894883,0.2500176548022451,0.000321920582406569,0.25112959188142525
74040111784769946109701733906901727797632517142135296601206293112863344791178,3.0,0.595,3.0,0.240975,0.0,0.30397550000000007,0.00017821953373061404,0.2420320331106707,0.00010120588338247256,0.2400425031381881,0.00011631470320450688,0.24249323985720572
90411933966132008930882381715777003408658720050767439038422565418872130756499,30.0,0.38,30.0,0.2356,0.001401000000000001,0.4667925000000001,0.0015348712341432006,0.2399915619556105,0.001247861133196544,0.24277044137873674,0.0015593280440589852,0.24893083334623825
90411933966132008930882381715777003408658720050767439038422565418872130756499,14.0,0.38,14.0,0.2356,0.0008759999999999999,0.4617675000000001,0.0007728903348413627,0.2411602503044276,0.0005648790231222539,0.24131151419442654,0.0006710817839766902,0.2415052074284038
90411933966132008930882381715777003408658720050767439038422565418872130756499,7.0,0.305,7.0,0.21197500000000002,0.00022599999999999874,0.4587425000000001,0.0003569675255454484,0.21773569810468438,0.0002542228758729973,0.21643140614606138,0.000364120694398722,0.21451424170540534
90411933966132008930882381715777003408658720050767439038422565418872130756499,3.0,0.33,3.0,0.2211,1.0000000000000019e-06,0.4468925000000001,0.00017349789033449176,0.22476546519592588,0.00011166410234756924,0.2227909252787255,0.00014301952077882169,0.22455389670745945
13956685932830942820984529200412542483017817009782056613417904667255563287990,7.0,0.525,5.0,0.24937499999999999,0.00020000000000000036,0.265625,0.0002642076635674374,0.24873085689757868,0.0002012438673044323,0.25138567826981684,0.00024492882123916906,0.24903896386078297
13956685932830942820984529200412542483017817009782056613417904667255563287990,3.0,0.505,3.0,0.249975,0.00020000000000000036,0.265225,0.00015957494836758696,0.24948729077922888,9.250453465904065e-05,0.25121900384771073,0.00013200187193434046,0.2499832766747272
68126774522872449376018363990164535926070223245835028703239407540620992669852,14.0,0.365,13.0,0.231775,0.0008249999999999992,0.2083955,0.0007013087855389014,0.2376500526559683,0.00047580713289353533,0.2382112539872481,0.000612328093694789,0.23507994147477526
68126774522872449376018363990164535926070223245835028703239407540620992669852,7.0,0.405,7.0,0.240975,0.0004999999999999987,0.20697050000000003,0.00037885733662417,0.24289172432060124,0.0002810873027275688,0.24339989800738743,0.00035397819740798093,0.24110123900773764
68126774522872449376018363990164535926070223245835028703239407540620992669852,3.0,0.455,3.0,0.24797499999999997,0.0,0.20657050000000002,0.00016214642983727767,0.2484720005397437,0.00011396332327283238,0.24938313262508707,0.0001454864819065317,0.24851842097742463
83292648388652828664327206811320236112874214245314560135586999600089789428166,30.0,0.38,30.0,0.2356,0.0010250000000000018,0.089225,0.0015948241288392159,0.24235018847150752,0.0011446019202329498,0.2404555524177683,0.0015646269415431756,0.23805255289124788
83292648388652828664327206811320236112874214245314560135586999600089789428166,14.0,0.355,14.0,0.22897499999999998,0.00045000000000000086,0.08832499999999999,0.0007674246076999755,0.2317773969829478,0.0005313803323147644,0.22727719977946037,0.0006937867059285342,0.2348428029368602
83292648388652828664327206811320236112874214245314560135586999600089789428166,7.0,0.355,7.0,0.22897499999999998,0.00020000000000000036,0.08832499999999999,0.0003980597956570967,0.23184531315350218,0.000238335777622828,0.23482494162414674,0.00036637863626677385,0.231649282368232
83292648388652828664327206811320236112874214245314560135586999600089789428166,3.0,0.375,3.0,0.234375,0.0,0.08832499999999999,0.00015910422127976404,0.23652916018764508,0.0001103450667167517,0.23482420454720304,0.0001557768313838802,0.23546392088093326
61818169216515152409825014521551448207788109103141434403938162619298245828983,30.0,0.265,30.0,0.194775,0.001699999999999999,0.055224999999999996,0.001286343780009737,0.2146302228471842,0.0011817623845775875,0.21077268783536207,0.0013669597169996331,0.22868976913822472
61818169216515152409825014521551448207788109103141434403938162619298245828983,14.0,0.245,14.0,0.184975,0.0010999999999999981,0.055224999999999996,0.0005907517901077641,0.1983966384814989,0.0005622466128246821,0.2087509986208397,0.0005659158060123717,0.2026206425711031
61818169216515152409825014521551448207788109103141434403938162619298245828983,7.0,0.225,7.0,0.174375,0.0002999999999999989,0.055224999999999996,0.000360289286481192,0.18088026551154412,0.0002567971287293457,0.1781449348546199,0.00035887282857802264,0.18844754674460565
61818169216515152409825014521551448207788109103141434403938162619298245828983,3.0,0.235,3.0,0.179775,0.00019999999999999925,0.055224999999999996,0.00014827924292105818,0.18021984188164972,0.00010250140184687241,0.18360212389524438,0.00013623061370535158,0.17915414338736427
39138843209711661965847440886374729606157055204795496509733128917866998580791,7.0,0.73,5.0,0.1971,9.999999999999796e-05,0.31980000000000003,0.0002880272217469377,0.1963874070345616,0.00020342242420074783,0.2040417787193363,0.0002618734563422515,0.1998005603137705
39138843209711661965847440886374729606157055204795496509733128917866998580791,3.0,0.69,3.0,0.2139,0.0,0.3173,0.00017105021938603596,0.21413122482816463,0.00010576852806604874,0.2171961005640447,0.0001501229642880589,0.21519155981487936
4053265010403135722623170267447599397180690994919260235009027300557922933785,30.0,0.055,30.0,0.051975,0.0010194999999999998,0.0008125000000000001,0.0007213893470181171,0.08347848122027632,0.000714611083403706,0.08267578388692971,0.0007316416118241416,0.08229028236666483
80438094594097678965318816351501632248243631678145790440985260136814389130635,30.0,0.535,30.0,0.248775,0.0009999999999999974,0.15742500000000004,0.001595419811217882,0.2493603930437891,0.0012394987377703655,0.26076841013344554,0.0017169906797004323,0.24872242710558715
80438094594097678965318816351501632248243631678145790440985260136814389130635,14.0,0.915,14.0,0.07777499999999997,0.000550000000000001,0.10477500000000003,0.000548764879819014,0.12474286293601163,0.00043053007739256223,0.12980399803991777,0.00084523249576867,0.12206145712031712
80438094594097678965318816351501632248243631678145790440985260136814389130635,7.0,0.8,7.0,0.15999999999999998,0.00010000000000000018,0.07665000000000002,0.0003613005202807655,0.17363365227841762,0.0002750740345365853,0.1681548152750375,0.00040284493497195844,0.17302219174293598
80438094594097678965318816351501632248243631678145790440985260136814389130635,3.0,0.725,3.0,0.199375,0.00010000000000000018,0.07022500000000001,0.0001564837838989368,0.20344563082053377,0.0001050944638736854,0.197215034743,0.00016794520571749425,0.19751675064085775
66581786403328670900354976753624410175196577607177076834389236263921375429170,30.0,0.942,31.0,0.054636000000000046,0.00022050000000000205,0.001482500000000007,0.001156472333084379,0.1515913008277902,0.0010439643458397395,0.16538556105211338,0.001593485908281629,0.1609937222001637
84888738552927367074645370589243532246434846262240067551074642775011167355434,30.0,0.135,30.0,0.116775,0.001671749999999999,0.0029002500000000005,0.0011537119865067443,0.15354579000791582,0.0010181830790827503,0.16390488615171744,0.0011442935170348208,0.1565867000586516
65967216251857507279243075042676806465110823124938912499390682307845642853507,30.0,0.345,30.0,0.22597499999999998,0.0015250000000000005,0.26994999999999997,0.0015341361312307005,0.23423799028076522,0.0011463351985806609,0.235333570490311,0.001558775731163013,0.23737247545627263
65967216251857507279243075042676806465110823124938912499390682307845642853507,14.0,0.445,14.0,0.24697499999999997,0.0009250000000000016,0.2609,0.0007900609737362762,0.24396373041285208,0.0005339196360101763,0.25731321247020794,0.0007098345593809813,0.24790604010460707
65967216251857507279243075042676806465110823124938912499390682307845642853507,7.0,0.47,7.0,0.2491,0.0004750000000000008,0.258875,0.0003706479624378818,0.2495503421516087,0.00029872395244669327,0.24969611085500545,0.0003101951174304136,0.24923422031510134
65967216251857507279243075042676806465110823124938912499390682307845642853507,3.0,0.505,3.0,0.249975,0.00025000000000000044,0.255425,0.0001612925728956955,0.25154273357355766,0.00011609954102099993,0.2503364044234059,0.00011654044204165159,0.25015690273930935
34999267410182663441586115553518943962188580583548745660828050477474485422496,30.0,0.67,30.0,0.2211,0.0009250000000000016,0.141025,0.0016080835440135536,0.22390655173929017,0.0011577989042101317,0.2369175877284686,0.0017401333084274234,0.23610685789515923
34999267410182663441586115553518943962188580583548745660828050477474485422496,14.0,0.665,14.0,0.222775,0.000600000000000001,0.141025,0.0007808798553178016,0.2261479025574303,0.0005445400284413478,0.23402618931397065,0.0007745913176154306,0.22624260938272756
34999267410182663441586115553518943962188580583548745660828050477474485422496,7.0,0.655,7.0,0.22597499999999998,0.00030000000000000057,0.140625,0.0003820975141009556,0.22544548788376206,0.00030064995330364214,0.22690965208204047,0.00034348392345398494,0.22853383219113169
34999267410182663441586115553518943962188580583548745660828050477474485422496,3.0,0.645,3.0,0.22897499999999998,0.00020000000000000036,0.140625,0.00017516191294263275,0.23125200115375255,0.00012131832184569546,0.23243062955009378,0.00015366918205640939,0.2304836338700397
62342734225130700617087466858715885390470637184625135986200041673551622078929,7.0,0.185,6.0,0.150775,0.0003500000000000007,0.6480249999999999,0.0002832722388821431,0.15348832418075065,0.00022257785738617037,0.15429006882844573,0.00034137995571695474,0.15141228669544712
62342734225130700617087466858715885390470637184625135986200041673551622078929,3.0,0.195,3.0,0.156975,5.000000000000009e-05,0.6480249999999999,0.00015543437453011003,0.15520192114959264,0.0001048825643755881,0.16264000811077664,0.00017735965974530128,0.1602791464584675
50275383633644719253389412495747849486228904621414058936414415835809185820411,30.0,0.29,30.0,0.20589999999999997,0.0011749999999999964,0.04782499999999999,0.0014211136018486387,0.21450126867431474,0.0011569665129882,0.21349953882903225,0.0013560247821703354,0.22892923909699928
50275383633644719253389412495747849486228904621414058936414415835809185820411,14.0,0.275,14.0,0.199375,0.0005999999999999994,0.04782499999999999,0.00061317494820839,0.20234969532900543,0.0004946060489115922,0.2123081784614813,0.0006038080944065231,0.20878327539381
50275383633644719253389412495747849486228904621414058936414415835809185820411,7.0,0.265,7.0,0.194775,0.0004999999999999993,0.04782499999999999,0.0003396096908298457,0.2021778591669208,0.000264110460138523,0.19994726793686315,0.00033596795808753493,0.20327742272169974
50275383633644719253389412495747849486228904621414058936414415835809185820411,3.0,0.235,3.0,0.179775,0.0003999999999999996,0.046224999999999995,0.0001626683036569881,0.18790144783085588,0.00010508320308743959,0.180740386529597,0.00018174771858699333,0.17825993954323494
113048801158702797031448601641687957438814333598003788408753366282079685568408,7.0,0.27,6.0,0.1971,0.00034999999999999924,0.07175000000000001,0.00032967109971700806,0.19483883188631004,0.00022371617586508212,0.19946255463854243,0.0003413974754263208,0.20004707373883626
113048801158702797031448601641687957438814333598003788408753366282079685568408,3.0,0.33,3.0,0.2211,0.00032499999999999917,0.053125000000000006,0.00016934155441339176,0.22499987044733694,0.00011982736100972946,0.22444613393978557,0.0001498174176844295,0.2221937169953247
77252770716032169427248210536603791716366460125006751242155179652569535874066,30.0,0.07,29.0,0.0651,0.00172225,0.003926250000000001,0.0008319448032483509,0.11024838048152563,0.000813033095397899,0.10693935929846506,0.0008768419858765353,0.10754720101096574
77252770716032169427248210536603791716366460125006751242155179652569535874066,14.0,0.0825,14.0,0.07569375,0.0007989999999999998,0.00240125,0.0005107036956232815,0.11717890122902458,0.0004785779460488084,0.10095031370392533,0.0005132618323272869,0.10740048393543083
96733851365887209729310489322162090079327519115395419427823458528201395967623,30.0,0.4,30.0,0.24,0.00017150000000000024,0.12353000000000006,0.001546698935497407,0.24278653413009102,0.001207544846942386,0.2591480564337131,0.0015598732827658485,0.2538953076423197
22816305708987177134315946054170267957623131204787944258064836185726713200523,3.0,0.305,3.0,0.21197500000000002,0.0,0.0532045,0.0001569029140296381,0.21413387246552637,0.00011554310738122093,0.210105406599438,0.00013067528803846414,0.21285738357331155
65289621611637263612880103958239624078182899749769408653117893208730665036543,30.0,0.205,25.0,0.162975,0.00031799999999999987,0.12079050000000001,0.001078672230274922,0.18813273582048648,0.0009390049911004044,0.18916668306903436,0.0010968772569314874,0.18991308599926154
65289621611637263612880103958239624078182899749769408653117893208730665036543,14.0,0.065,14.0,0.060775,0.0003179999999999999,0.010190500000000002,0.0004294207575264396,0.09236255793212486,0.00040572350891633196,0.08319072896108085,0.0004435795957804046,0.10214470084057183
90336172296941541975902989354519466006874640462386768562301005458330079131016,14.0,0.44,9.0,0.24640000000000004,0.0002000000000000001,0.6413355000000001,0.0005069989169763763,0.24968917800328674,0.00032863495833644857,0.25083120294412753,0.00041292650829943237,0.24528455706821967
90336172296941541975902989354519466006874640462386768562301005458330079131016,7.0,0.115,7.0,0.101775,9.99999999999999e-05,0.5421105,0.0002766247978695723,0.1367370693211112,0.0002455853557209694,0.1367711041957704,0.0002767305961966407,0.13006784611694974
90336172296941541975902989354519466006874640462386768562301005458330079131016,3.0,0.535,3.0,0.248775,0.0,0.21576050000000002,0.0001840403933992045,0.2492731041322819,0.00012207788335560213,0.2493073213386514,0.000113348636539,0.24931749702489953
101476574642106380857162088291654749689613369410532648902003042224413504318958,7.0,0.595,6.0,0.240975,0.00012500000000000022,0.3078499999999999,0.0003575616567724741,0.24229869696445328,0.00023699054408386406,0.241170775728261,0.0002768947062737257,0.23954588995480294
101476574642106380857162088291654749689613369410532648902003042224413504318958,3.0,0.62,3.0,0.2356,0.0,0.30744999999999995,0.00017523364123408548,0.23528518113592609,9.880528435206772e-05,0.2363372917383252,0.00013089816401455346,0.2359640013134095
4583065636155233526779653080435458405485537158452842777526478181105245518840,30.0,0.495,30.0,0.249975,0.0004999999999999998,0.566225,0.0016120037305808448,0.2601778064724093,0.001169462944747188,0.25689730266067756,0.0016117251496841074,0.2552129016257926
4583065636155233526779653080435458405485537158452842777526478181105245518840,14.0,0.475,14.0,0.24937499999999999,0.00029999999999999943,0.566225,0.0007900709450995976,0.2472109642648655,0.00056352352654298,0.2518143082677552,0.000698710539467737,0.25155376875141694
4583065636155233526779653080435458405485537158452842777526478181105245518840,7.0,0.465,7.0,0.24877499999999997,0.00020000000000000036,0.566225,0.0003797344520941261,0.24934831302019095,0.0002818808624119081,0.2513012358980605,0.00033563266708551366,0.24897702495461224
4583065636155233526779653080435458405485537158452842777526478181105245518840,3.0,0.435,3.0,0.24577499999999997,0.00010000000000000018,0.5658249999999999,0.00016248356755102768,0.2465820137819226,0.00011957669888617351,0.2457723017430186,0.0001268390793511746,0.24640791964404093
108315368637387262892957153811435904912510274825529229627147648105187493645849,30.0,0.135,30.0,0.116775,0.0004000000000000004,0.008125000000000002,0.0012049269427711683,0.1599676851447027,0.001132707988918267,0.16369702579452267,0.0012229806950551576,0.15583610244471685
108315368637387262892957153811435904912510274825529229627147648105187493645849,14.0,0.125,14.0,0.109375,9.99999999999999e-05,0.008125000000000002,0.0005730977496254348,0.16032511240667233,0.0005860779534779581,0.14804417306976045,0.0005736310392068428,0.14446999245748537
108315368637387262892957153811435904912510274825529229627147648105187493645849,7.0,0.115,7.0,0.101775,0.0,0.008125000000000002,0.0002730524046102068,0.12383344078939526,0.0002550721162517405,0.12895090899330477,0.0002660784206813626,0.13112409369072975
108315368637387262892957153811435904912510274825529229627147648105187493645849,3.0,0.115,3.0,0.101775,0.0,0.008125000000000002,9.90495556395201e-05,0.11384623328200309,8.253938566255073e-05,0.113060794314618,9.451168371331797e-05,0.12012515599025782
54646483567934544920182285415518057070162892401402399792355532045094039069738,30.0,0.19,30.0,0.1539,0.002325,0.180575,0.0013049076942377457,0.1907159138151239,0.00114153115569482,0.18768308295877983,0.0012358736925194354,0.17889304039277526
54646483567934544920182285415518057070162892401402399792355532045094039069738,14.0,0.16,14.0,0.1344,0.0007250000000000001,0.17812500000000003,0.000571070952002842,0.15388930617798813,0.000507691026197343,0.1606927085941322,0.0005908748333894937,0.16861620557622764
54646483567934544920182285415518057070162892401402399792355532045094039069738,7.0,0.145,7.0,0.12397499999999999,0.0,0.17812500000000003,0.0003122123826925464,0.1467011623620785,0.00024853122058828713,0.14428488023270472,0.00029069641593065245,0.1506433962975271
54646483567934544920182285415518057070162892401402399792355532045094039069738,3.0,0.275,3.0,0.199375,0.0,0.17362500000000003,0.00014848816637413239,0.20058118593237995,0.00011944303113171532,0.20122398568264138,0.00015620550643844473,0.20247766607837572
38484256995266976783423891875386013444504145592687500464358182429656203266059,30.0,0.13,30.0,0.1131,0.0006684999999999999,0.014123500000000002,0.001278724046641276,0.16320808023084502,0.001102004689913747,0.16671104830723796,0.001237850240476903,0.17818013872976152
38484256995266976783423891875386013444504145592687500464358182429656203266059,14.0,0.079,14.0,0.072759,0.00039624999999999996,0.00233775,0.0004679705199241592,0.11054952939650466,0.00047137134759601984,0.10466953950081591,0.00047466126729689146,0.1173589675872943
94757964743270149228522113189634683652272474785632160948391564775755006004229,30.0,0.935,30.0,0.060774999999999954,0.0012482499999999987,0.20430025000000004,0.0012233705553028485,0.16393194619315743,0.0010302737281758366,0.1860353623772325,0.001525603693480225,0.17137185174533912
94757964743270149228522113189634683652272474785632160948391564775755006004229,14.0,0.815,14.0,0.15077500000000002,0.00017324999999999998,0.19517525000000002,0.0006997946575195805,0.1687662214789917,0.0005427026763119915,0.16770713682516117,0.0008763665876043185,0.17401800546458696
94493286126193544349305533131058522163069336266087936018332136339753157647219,7.0,0.58,6.0,0.2436,0.0004500000000000008,0.2893499999999999,0.0003166696695320791,0.24504082847640343,0.0002411835148130289,0.2449739008123025,0.00027524966238266384,0.24336361110188448
94493286126193544349305533131058522163069336266087936018332136339753157647219,3.0,0.54,3.0,0.2484,0.0003250000000000006,0.2887249999999999,0.00017926228842366803,0.24861312128836272,0.00012489677268129513,0.2484184542501375,0.00013728388653554648,0.24875137925603652
34085627340173779739852257927806522084504845898033643186641801843142759514980,14.0,0.11,14.0,0.0979,0.0005200000000000004,0.08782550000000001,0.000580394497979363,0.14844322200811963,0.0005111322048649012,0.13158089890251204,0.0005972786265550141,0.13815414234160459
34085627340173779739852257927806522084504845898033643186641801843142759514980,7.0,0.121,7.0,0.106359,0.00023100000000000028,0.0236175,0.0002862222162767119,0.12985297937252113,0.00022749314738635884,0.13026104162185312,0.0002823879727381121,0.14393962277537362
34085627340173779739852257927806522084504845898033643186641801843142759514980,3.0,0.073,3.0,0.067671,2.4999999999999906e-05,0.0202535,7.93082922344935e-05,0.09364092379369744,8.599593007508656e-05,0.08805621589571436,8.939308618641208e-05,0.09497670709794029
7231900895782133430449075141606467459522150509350417345000521320850095487936,30.0,0.055,21.0,0.051975,0.0017919999999999995,0.0091315,0.0005696437348304534,0.08485489518717994,0.0005189924144576763,0.09283150086302687,0.0005874305341890402,0.09253398159147869
7231900895782133430449075141606467459522150509350417345000521320850095487936,3.0,0.0695,3.0,0.06466975000000001,0.00015624999999999998,0.003192500000000001,0.00010044475939535894,0.08117923789342008,7.177391553292998e-05,0.07645303918067041,8.709470774502142e-05,0.09213255164102568
56029829715818043351427260642691926802829909127414003969438111465260339510991,14.0,0.425,13.0,0.24437499999999998,0.00095,0.3900005,0.0007373607186658057,0.2481413485763807,0.000547354889996408,0.24587594951634217,0.0006026029835768332,0.24476649545178703
56029829715818043351427260642691926802829909127414003969438111465260339510991,7.0,0.405,7.0,0.240975,0.0003500000000000006,0.3900005,0.0003774868988217836,0.24235665747367777,0.00022635433344515865,0.2426436971008382,0.00034910228828121824,0.24033884751088336
56029829715818043351427260642691926802829909127414003969438111465260339510991,3.0,0.395,3.0,0.238975,0.00020000000000000036,0.3900005,0.00015921834061218346,0.2413331593356544,0.00011838523766835807,0.23956738310103654,0.00011334108785329214,0.24044530502797884
78970393675220813117457137074949547635027336958817818487077806376171274244367,30.0,0.805,30.0,0.15697499999999998,0.001200749999999997,0.005820249999999997,0.001474303438585644,0.1883303227456491,0.0010949675902959144,0.20032171911282892,0.001806949007985571,0.18830866195743481
78970393675220813117457137074949547635027336958817818487077806376171274244367,14.0,0.935,14.0,0.060774999999999954,0.0007007499999999961,0.0004202499999999985,0.000532975674125804,0.10576870186783101,0.00044820247454900705,0.11153237150334355,0.0008235365161116723,0.1140297604889029
21378823041037822360228766766364004400415831766367923313460565598489237257280,30.0,0.485,30.0,0.249775,0.0008750000000000016,0.36644999999999994,0.0016126351847776446,0.25469827168441195,0.0012166236164830586,0.25886421867619996,0.0015826042025392146,0.2536150998164411
21378823041037822360228766766364004400415831766367923313460565598489237257280,14.0,0.46,14.0,0.24840000000000004,0.0007500000000000013,0.36064999999999997,0.0007617305389558876,0.25019540915817784,0.0005115903595187274,0.24936982306238462,0.0007246983498581894,0.2496702656094126
21378823041037822360228766766364004400415831766367923313460565598489237257280,7.0,0.485,7.0,0.249775,0.00030000000000000057,0.360025,0.0004156882530225381,0.2470588939458871,0.0002636179279929961,0.252869050414483,0.0003251725671657407,0.2499096581553131
21378823041037822360228766766364004400415831766367923313460565598489237257280,3.0,0.535,3.0,0.248775,0.00010000000000000018,0.35912499999999997,0.00015637719547034274,0.24830028049418515,0.0001089500498800601,0.24690330049655215,0.0001155129739185691,0.24924827083687823
11567814642074862867749936284471148455273423515322037976014884555300111576108,30.0,0.635,30.0,0.231775,0.0014194999999999937,0.04146150000000002,0.0015790493934061112,0.23834919982890335,0.0011789376798491604,0.2515725357638793,0.0016909106078448416,0.23745935103900614
11567814642074862867749936284471148455273423515322037976014884555300111576108,14.0,0.705,14.0,0.20797500000000002,0.000519500000000001,0.033511500000000013,0.0007591261367138971,0.21753563534624681,0.0005555192567115478,0.21344471596742282,0.0008178063969393498,0.21861458096569863
11567814642074862867749936284471148455273423515322037976014884555300111576108,7.0,0.85,7.0,0.1275,0.00026950000000000053,0.009486500000000004,0.0002774233604563765,0.1395379779815609,0.0002209255403576479,0.14773498513914002,0.0004098679815230516,0.14747792342839128
109300041668043773810497762183349700955669034489580778910225371451535356799453,30.0,0.385,19.0,0.236775,0.0007000000000000013,0.366425,0.0010287507223461245,0.24362958098775003,0.0007475878469985711,0.23889581091934484,0.0010123308688315385,0.2409987611369737
109300041668043773810497762183349700955669034489580778910225371451535356799453,14.0,0.385,14.0,0.236775,0.00030000000000000057,0.366425,0.0007619909549375874,0.23809268957467986,0.0005056780927366769,0.24250934632243726,0.0007299975132630615,0.23997556524457908
109300041668043773810497762183349700955669034489580778910225371451535356799453,7.0,0.405,7.0,0.240975,0.00010000000000000018,0.366025,0.00039130701406692896,0.24027493063182123,0.0002762570461209952,0.24614771321455658,0.00033600867212610694,0.24320386070333386
109300041668043773810497762183349700955669034489580778910225371451535356799453,3.0,0.405,3.0,0.240975,0.00010000000000000018,0.366025,0.00017118061352894794,0.2423239777472429,0.0001064170753841508,0.24206572180566596,0.00014134583789935138,0.24116768334227723
76152964206618046112817555505028687810674419956056137017091281400049499261687,30.0,0.385,30.0,0.236775,0.0005634999999999999,0.19474949999999996,0.001559667253115553,0.23929207086019552,0.0012249729818836954,0.24458352953906096,0.0016308451295660947,0.24722627890434182
76152964206618046112817555505028687810674419956056137017091281400049499261687,14.0,0.095,14.0,0.08597500000000001,0.0005385000000000003,0.0026745,0.0005498327480812968,0.12389610774605973,0.0005049902586315142,0.12834675621854927,0.0005545265791885673,0.10999969078138218
