key,n_moves,mdt,still,p_ext,p_range,tot2,max2,t_res,p0,xstill,lam,kz,log_moves,log_tres,log_mdt,spend_lr,lump,dlam,f1,f2,f3,f4,ar1,ar1z,cluster
sim00000,113,1.0,0.504424778761062,0.38263932788550004,0.583551949200903,0.0394488138684203,0.005679031281790677,114.0,0.583651949200903,0.10595096413999666,-0.46740672670530303,1.2414030124484585,4.727387818712341,4.736198448394496,1.000088900581841e-12,-1.8180671396615153,2.7891645050982086,-0.7528632090231295,0.6753752641153054,0.20977487813135906,0.09790642403163477,0.015925802237416277,0.19922944158533737,-0.009341027324883705,0
sim00001,78,1.0,0.38461538461538464,0.32298149613759275,0.5925297177121733,0.07865211089630972,0.009586642210887222,79.0,0.572888928715804,0.0893544372240419,-0.42957246979032426,1.1370575724246486,4.356708826689592,4.3694478524670215,1.000088900581841e-12,-1.1349462085002489,2.252045050705525,-0.7027462928424082,0.4641096540595357,0.3525227054130096,0.16909569803841745,0.014270642221133702,-0.2282310507523269,-0.22912400774258795,0
sim00002,104,1.0,0.25961538461538464,0.2984738037801302,0.8891745301930873,0.12394556167318356,0.013397901636425605,105.0,0.7426434359185189,0.09113239914847715,-0.019226916746348428,1.0552667188013118,4.6443908991413725,4.653960350157523,1.000088900581841e-12,-0.43308083449005935,2.4196465483315994,-0.5393431769407446,0.15883858179264948,0.3262837045168246,0.3726184335445692,0.1300839519189885,0.07431293225748592,0.054127532627013565,1
sim00003,68,1.0,0.07352941176470588,0.21067345154609127,0.5556437019659553,0.3129281288989239,0.06800409588421749,69.0,0.3410159321088275,0.0033041170095890666,-0.18364834763606813,1.0532275301347476,4.219507705176107,4.23410650459726,1.000088900581841e-12,0.33110026708336704,2.693102097884899,0.10634659723585652,0.05625717705113951,0.07340618634809926,0.1651576423724949,0.1012183209079712,0.1254687680384712,0.07559802092125548,1
sim00004,96,1.0,0.13541666666666666,0.21305045960780533,0.7802187759224631,0.19332950146603484,0.015969666833153283,97.0,0.6737581250188974,0.012360142562884952,-0.21545307058120963,0.9769331548770346,4.564348191467836,4.574710978503383,1.000088900581841e-12,-0.12835896194661878,2.0706432963262777,-0.5639301915893931,0.13669635344902697,0.19863891384973498,0.25402110413102735,0.2718573182622245,-0.18350973287670147,-0.14802248726501102,1
sim00005,13,1.0,0.0,0.16485741900404038,0.6005886428953041,0.4073729925425778,0.2126740403757206,14.0,0.659998561277523,-0.030664425788384044,0.33397351141615844,0.961608264448524,2.5649493574615367,2.6390573296152584,1.000088900581841e-12,0.5962969840647399,1.9149808147649223,-0.08475489346085102,0.04822166139892884,0.2510686663894074,0.008997228788065434,0.5227565073432826,-0.38437032882753774,-0.30908651591924374,0
sim00006,33,1.0,0.6363636363636364,0.46828698874650737,0.1854074750612903,0.01300440597032351,0.002963488673071446,34.0,0.18550747506129028,0.1288416499427014,-0.626518272038029,1.2266632375726794,3.4965075614664802,3.5263605246161616,1.000088900581841e-12,-2.452616928689851,2.017586518524173,-4.523386052102933,0.681553590761087,0.3162053963292829,0.0022410128327330996,0.0,-0.020435669900070008,-0.2805935450311877,5
sim00007,105,1.0,0.780952380952381,0.4528783902257184,0.29969855214223007,0.00861711122450443,0.00146251743516728,106.0,0.29979855214223006,0.13180985352164562,-1.1352568218914054,1.6154082588517624,4.653960350157523,4.663439094112067,1.000088900581841e-12,-3.192973649705836,2.880369656449653,-2.0978314182768654,0.9140780569344364,0.052999997286599335,0.032489499678323625,0.00043244598459231485,0.08341656125112372,0.024230660696185697,0
sim00008,111,1.0,0.08108108108108109,0.2001681111051937,0.5847548173487154,0.2210592268897882,0.023702624453156323,112.0,0.48634908259078635,-0.03480294487264623,0.07666736874164884,1.2524388418555088,4.709530201312334,4.718498871295094,1.000088900581841e-12,-0.12228458914595337,2.4766853186928235,0.5096434832577235,0.12849867824737965,0.1649221186109077,0.25857707903933863,0.13393966481000477,-0.039136417236215644,0.04223592847847598,1
sim00009,41,1.0,0.07317073170731707,0.12640053592971365,0.5777869508203779,0.4004521134444591,0.06431414264030752,42.0,0.11704511834360404,0.022001867535633955,0.06825451329873748,1.1180342786565713,3.713572066704308,3.7376696182833684,1.000088900581841e-12,1.3545158814266431,1.884757428996285,-0.08569848547432145,0.07211986503807713,0.08109128343490113,0.11205922873165002,0.24946555681281074,-0.3189286737493388,-0.05256157846395624,1
sim00010,77,1.0,0.42857142857142855,0.3902607192588341,0.3988310688442774,0.04794325203695276,0.004698637082164209,78.0,0.39674398602585415,0.06914028865365436,-0.40924710303477,1.7827814709869223,4.343805421853684,4.356708826689592,1.000088900581841e-12,-1.6078595336734867,2.02105984233533,-0.3094894691296653,0.5073485022900381,0.348722023005685,0.13858532920814307,0.0053441454752758836,0.11762774704006575,0.09814972865210037,3
sim00011,119,1.0,0.5714285714285714,0.3970048886909747,0.45453870391262496,0.04142265192373214,0.005389550916224176,120.0,0.5912162711826412,0.11033853659187647,-0.5421203027126174,1.3985463428128597,4.77912349311153,4.787491742782046,1.000088900581841e-12,-1.7637849692260552,2.739757674802663,-1.1503949181954534,0.5483758087548577,0.4072860116007857,0.04108058103759821,0.0032575985826171026,0.09339836757120437,-0.052536555504377046,0
sim00012,114,1.0,0.2631578947368421,0.2793479884399016,0.7241041569019306,0.12896926744967144,0.008600020762306397,115.0,0.5050665613357082,0.029935358757768038,-0.1096008424772836,1.1593329991175836,4.736198448394496,4.74493212836325,1.000088900581841e-12,-0.6617840932569296,2.028388925950545,-0.11520206615824329,0.15988206279201303,0.32417880604434207,0.3443354221525328,0.1710785005304685,0.06341226680977329,0.04100577828393723,1
sim00013,41,1.0,0.21951219512195122,0.19380194581391438,0.5620068948081322,0.11771229172817906,0.03136852804271698,42.0,0.5621068948081321,0.08172692721286244,-0.6396830240051223,1.0198494612035534,3.713572066704308,3.7376696182833684,1.000088900581841e-12,-0.7376681441147178,2.3911337235304027,0.4174553587024506,0.11219981646749409,0.09092016704823112,0.30867277478825966,0.4854737814281004,-0.047139565296292124,0.020002145075616967,0
sim00014,20,1.0,0.05,0.12628167321850212,0.6325818564020634,0.2664848868250014,0.09087675554916091,21.0,0.5392647092424135,0.014035726579537522,-0.20700591707251964,1.3524273871484866,2.995732273553991,3.044522437723423,1.000088900581841e-12,0.0700425775324065,1.9199189952942246,-0.22877227906973108,0.06352270298125066,0.2886632031472227,0.049183244845673706,0.4937847067753221,0.23135540827345216,0.08809671216347985,1
sim00015,76,1.0,0.19736842105263158,0.3788971527711953,0.41758914903607414,0.06143146727046834,0.007798124785160494,77.0,0.39604931560649725,-0.015877362549059023,-0.21844464782331505,0.9014726272159325,4.330733340286331,4.343805421853684,1.000088900581841e-12,-1.3593538049791674,2.266694431676976,-0.08950481166012245,0.42382620563951123,0.19436875796910255,0.15732833568158527,0.08040527706051162,0.05170966088207039,0.203498774517424,1
sim00016,62,1.0,0.22580645161290322,0.26376034902861806,0.6817231140157085,0.1387610235998528,0.029408675614579376,63.0,0.5952800788303209,0.018637064449251867,-0.10692603056902479,1.3452892364591091,4.127134385045092,4.143134726391533,1.000088900581841e-12,-0.5517188128967352,2.575670905539097,-0.511387522993968,0.31539255245476727,0.3568970498403114,0.186400205890328,0.14128265624020697,-0.07013883727788484,0.03218663920359504,1
sim00017,60,1.0,0.4,0.3743799201300401,0.3954210942473576,0.07463874398494472,0.010340177257196489,61.0,0.13046701668059235,0.07229634246154051,0.05475871877701928,1.443365696129448,4.0943445622221,4.110873864173311,1.000088900581841e-12,-0.41866170806764474,2.1177218445531887,-0.6459439146992381,0.18191690807401456,0.4681325831259485,0.3420548808688144,0.007857894357088007,0.17918836880035618,0.16015509806107078,1
sim00018,27,1.0,0.18518518518518517,0.25765736142642437,0.6133616956885197,0.36669792529844486,0.09652558336909439,28.0,0.6154445669461907,0.040654426784565045,0.6009156792519449,1.0254601027080485,3.295836866004329,3.332204510175204,1.000088900581841e-12,0.4378608687914557,1.9611065344843088,-0.04604054584387984,0.22601312251600889,0.2308245761070742,0.48970306661892204,0.053459234755267836,-0.32295795033931934,-0.29455509793821616,0
sim00019,97,1.0,0.05154639175257732,0.10477719753494387,0.701689955184921,0.48353314840168743,0.07435681106928815,98.0,0.5259171940992001,-0.019121828929831206,0.17955960321547676,1.1048141883093061,4.574710978503383,4.584967478670572,1.000088900581841e-12,0.6623493736735578,2.702466383419289,0.2548024059670525,0.07147982476923984,0.08599734585914295,0.2237553174403823,0.19496253751411097,0.11112064707738953,0.032116031665391016,1
sim00020,104,1.0,0.6346153846153846,0.4649680224882777,0.2864528982227602,0.01736211855712233,0.005250222640562473,105.0,0.7134471017772398,-0.005081032375329985,-0.24426381957195864,1.7927831989828926,4.6443908991413725,4.653960350157523,1.000088900581841e-12,-2.465985432724087,3.448370638285397,-2.1544145242845953,0.8665671205442487,0.10196235832497375,0.03125063850622812,0.00021988256695295232,-0.10470741339617697,-0.20378425005737927,0
sim00021,116,1.0,0.45689655172413796,0.39438420597868457,0.41364273246434385,0.04450762718021841,0.006649781509028899,117.0,0.3552322785426343,0.04164528545859963,-0.5620156163608793,1.4809924937347734,4.7535901911063645,4.762173934797756,1.000088900581841e-12,-1.6382461606355898,2.8525136151996895,-0.9960131348418646,0.4310873823955885,0.3480076950394284,0.21741744853258632,0.003487474009928763,0.010486474322790037,0.0184349141932965,0
sim00022,69,1.0,0.391304347826087,0.4767225164172999,0.053489259081733395,0.005822689211555802,0.00045897482220986385,70.0,0.04632789824371678,-0.07041239601762773,-0.04254399849995539,1.3247409175455087,4.23410650459726,4.248495242049359,1.000088900581841e-12,-2.02654673900831,1.6935843520605225,-1.2014557089250628,0.27368525594363874,0.2521698522861243,0.36573687727437,0.10019267606615247,-0.13448474232239588,-0.11519983516466928,0
sim00023,10,1.0,0.2,0.25048872821289075,0.49431133516666775,0.14848344180303452,0.05917076950655518,11.0,0.6841431296775982,0.14417108869162784,-0.05455638525031507,0.9195449849681713,2.302585092994046,2.3978952727983707,1.000088900581841e-12,-0.3752275906063893,1.3825393055435915,-0.670564790809022,0.6337809372742529,0.08029247516910898,0.24505262563924435,0.040750570333378325,-0.5466873263205957,-0.5434395061149391,0
sim00024,32,1.0,0.09375,0.21372516620844978,0.8207977322806785,0.18526790356074166,0.028721791135992863,33.0,0.3989288927442545,0.021866246930827275,-0.11140490399144352,1.1553844928777408,3.4657359027997265,3.4965075614664802,1.000088900581841e-12,-0.2579382458805221,1.6015891054481164,-0.9894616569724403,0.2571839085095642,0.11109614508990721,0.21303123201357535,0.4048362454008792,0.048775662855137826,-0.021165956775104154,1
sim00025,98,1.0,0.46938775510204084,0.3741936016614348,0.6254893069849667,0.05010449595362129,0.005682178982127199,99.0,0.41702466745224365,0.10170810946155165,-0.5763864334514488,1.5212125294277619,4.584967478670572,4.59511985013459,1.000088900581841e-12,-1.5794242261717975,2.4081915160152247,-1.4821179474529695,0.46467803686029274,0.3592670910335035,0.1444723014500988,0.031582570636146695,-0.07996222356951661,-0.052434766610199156,0
sim00026,96,1.0,0.3541666666666667,0.3852916937350606,0.32886734484574853,0.06594059819230023,0.012995189847300642,97.0,0.23113848056555097,0.03557559300382268,-0.19441983366662385,1.2541658611296034,4.564348191467836,4.574710978503383,1.000088900581841e-12,-0.9914183000412146,2.9401731579639296,-0.5619137585863044,0.3116936793630922,0.1997366329540266,0.474331253548922,0.012753841415945986,0.15708215387641883,0.10723916690316654,1
sim00027,11,1.0,0.2727272727272727,0.3160425364647043,0.5073151300427843,0.07328941976657766,0.04481058405367661,12.0,0.6076501667648244,0.10984771324367087,-0.5014242416115843,0.9441878237639182,2.3978952727983707,2.4849066497880004,1.000088900581841e-12,-1.1795816703455626,1.9059233784324756,-1.3495800042026147,0.7020007086296465,0.2433714243050986,0.05459236325728085,3.550379432947318e-05,0.21037410687868838,0.24318331419142825,0
sim00028,31,1.0,0.12903225806451613,0.27850473530199377,0.49554381487028154,0.3843647405290812,0.17687480923445742,32.0,0.4039700724353956,0.059738587479360825,0.6926711458720481,1.5967513158387618,3.4339872044851463,3.4657359027997265,1.000088900581841e-12,0.46771554895243367,2.6578374473758575,0.8499815768490604,0.06966021194928262,0.04939373837283274,0.04039894319851214,0.04843808675803914,-0.5361684126895547,-0.2577322540364826,6
sim00029,102,1.0,0.27450980392156865,0.37019841277654286,0.4729968885736333,0.10793748144610861,0.014735792032705523,103.0,0.059230211135504446,0.04300909835091519,-0.15429552027181317,1.2119864818455828,4.624972813284271,4.634728988229636,1.000088900581841e-12,0.6611772635789452,2.6336999949355286,-0.33327521714622915,0.0452479851291322,0.12879210326799478,0.19343218950971255,0.6283790791770827,-0.11771735291362538,-0.08564704677508601,1
sim00030,16,1.0,0.25,0.4333161784947981,0.2340365849069561,0.03390859606630221,0.008935411023504949,17.0,0.2341365849069561,0.0643877787999162,0.765964529390838,1.6547124662714112,2.772588722239781,2.833213344056216,1.000088900581841e-12,-1.6654846532944636,1.4389423174246658,-0.7345125835044676,0.42433721735264346,0.4111274409956193,0.13774754715599385,0.02678666225673926,0.008287311647550626,-0.13321555537404886,6
sim00031,33,1.0,0.06060606060606061,0.21982944178026315,0.5603282047412097,0.34209261626630083,0.07825114942654642,34.0,0.5420955582566896,0.006774672584505918,0.20984770910558492,0.8312161453322882,3.4965075614664802,3.5263605246161616,1.000088900581841e-12,0.32073397466846815,2.0213495716553216,-0.205286346536535,0.17201325087028502,0.04038114512304383,0.09468089999283782,0.5560713071357317,0.03494758939979659,-0.010777188778917313,1
sim00032,57,1.0,0.07017543859649122,0.2730468001385672,0.41089108734228663,0.13595223608704288,0.015935123413291685,58.0,0.6761223860505756,-0.003294316175611974,-0.36343189186160174,0.8934415882773596,4.04305126783455,4.060443010546419,1.000088900581841e-12,-0.47668091602686663,1.8992733413045888,-0.24716847440589812,0.21986313515799108,0.17024375822713203,0.12547850703463231,0.3654625684878352,0.003791968428856418,0.043094195491178405,1
sim00033,51,1.0,1.0,0.4991012458370127,0.004715889454956937,1.4812119396259506e-05,7.572847774476817e-06,52.0,0.004815889454956937,0.13737766462980003,-2.8686099295398595,3.0746024574848025,3.9318256327243257,3.9512437185814275,1.000088900581841e-12,-5.7794027187018076,3.2609457867003773,-1.5933284997600508,0.6671986706818419,0.02142855038809255,0.1700758758879808,0.14129683552980604,0.10249277620992449,0.0845021555332549,4
sim00034,106,1.0,0.08490566037735849,0.21049400082485606,0.6054647447525756,0.2481764752300883,0.019235767986525678,107.0,0.6613045444045915,-0.015683277235770232,-0.12686146571651757,1.2270482764157509,4.663439094112067,4.672828834461906,1.000088900581841e-12,0.10257955663395824,2.106070468887694,0.47610397673238203,0.06780141283932178,0.082398899102601,0.2196995455222827,0.29048322250176356,0.13165851283356927,0.10868438681079294,1
sim00035,96,1.0,0.4166666666666667,0.4306250909005536,0.21005696954932057,0.0381344041098418,0.004018860469134664,97.0,0.09078952593851258,0.05090838561765181,-0.20224417639551717,1.4032474898297589,4.564348191467836,4.574710978503383,1.000088900581841e-12,-0.772248389167597,2.314229716569985,-0.913132824216965,0.06235146673008994,0.6074401340499549,0.3094025934143984,0.02069857065023257,-0.16935373610236729,-0.17868464987377786,0
sim00036,100,1.0,0.2,0.18959268050178502,0.6176388555848312,0.2115160546694589,0.03004582166083702,101.0,0.5683094701867388,0.0072827485834176,-0.14349732943105337,1.2319472826733946,4.605170185988092,4.61512051684126,1.000088900581841e-12,-0.14831889439416462,2.6535928864255416,-0.1581778680600056,0.18429765338658827,0.17392801595505486,0.2547457031264898,0.3863212804055643,-0.044685545393382924,-0.030114603777302927,1
sim00037,76,1.0,0.05263157894736842,0.19508976306282705,0.8690663739780579,0.33278411843287076,0.030313650326247058,77.0,0.7165049205507179,-0.03399355318800765,0.09131086085365438,0.9052013691883642,4.330733340286331,4.343805421853684,1.000088900581841e-12,0.4936693844297939,1.934837470222431,-0.1001574329169024,0.09182863279085042,0.12268842141039676,0.199810172637706,0.3342325578384221,-0.024940850242923744,-0.049648145447130476,1
sim00038,52,1.0,0.15384615384615385,0.4206857794955834,0.256275906394804,0.06328153340857767,0.01315985233227756,53.0,0.2381000328468234,-0.039380246325452437,-0.007922726335499607,0.9967994635364681,3.9512437185814275,3.970291913552122,1.000088900581841e-12,-1.0531573275353316,2.3808208674321683,-0.24331843511651563,0.15252490823951115,0.07316957081408362,0.08710246793035499,0.6145826939801807,-0.14982310450854316,-0.021506442187955083,1
sim00039,39,1.0,0.1794871794871795,0.27933977044588953,0.8003655349210366,0.14212957166461063,0.03822338401770482,40.0,0.7209441078158839,0.005340327571102332,0.04647666093470817,1.4132232095215116,3.6635616461296463,3.6888794541139363,1.000088900581841e-12,-0.3474793090375109,2.3502700032097064,-1.216766688841117,0.32909808085690007,0.39743050131440505,0.2437027829167075,0.02872000839040104,0.2650997279526718,0.19662275147359898,3
sim00040,23,1.0,0.08695652173913043,0.17221813141147993,0.8124916611736884,0.3936570072287916,0.10014099065593127,24.0,0.31961153024209005,0.04580478030945886,0.13222760158016142,1.0983913881735865,3.1354942159291497,3.1780538303479458,1.000088900581841e-12,0.5934650646571306,1.7665933253136328,0.9205171419811733,0.023603598679530227,0.08780665706855525,0.10782143843789668,0.6232125701777451,-0.2908505443540404,-0.1726863629100461,0
sim00041,83,1.0,0.12048192771084337,0.2720662751739425,0.4768728305262311,0.17422545744728374,0.019670448470143768,84.0,0.6674289151807056,-0.012049810173028029,0.14538985816095878,1.2585418933292347,4.418840607796598,4.430816798843313,1.000088900581841e-12,-0.24218104475202576,2.2376078462810507,-0.2865733185816786,0.09983756678143102,0.4140146397759244,0.2019223521144126,0.2593971238858407,-0.1847219414973726,-0.24960702402634713,1
sim00042,23,1.0,0.043478260869565216,0.3511053533375142,0.6762578894080384,0.2705047426922566,0.15060960956545066,24.0,0.49509238451405274,-0.07884952183032215,0.8274932428862309,1.468911469912648,3.1354942159291497,3.1780538303479458,1.000088900581841e-12,0.07892505672844154,2.5498957065253234,1.3274462459640641,0.11728986276243811,0.06713707723574742,0.026663180648762316,0.00877686412715967,0.3966524668598909,0.40551702385350746,6
sim00043,42,1.0,0.40476190476190477,0.3986578762306509,0.48311425038714945,0.04387956314099912,0.016744701009661828,43.0,0.4300754205443505,0.11247618104732167,-0.3781754474147444,1.3060034455079172,3.7376696182833684,3.7612001156935624,1.000088900581841e-12,-1.720260666659105,2.7743027883815112,-1.4011981121912132,0.6101582397499592,0.32707868409181634,0.037489472488363804,0.02527360364707111,-0.017383246868465922,-0.09414557512031183,0
sim00044,46,1.0,0.41304347826086957,0.4288323882948834,0.160091467340295,0.032508119274462746,0.00827307583604483,47.0,0.902028265086267,0.14831906021205082,-0.31556749258384553,1.704459008868602,3.828641396489095,3.8501476017100584,1.000088900581841e-12,-1.0000797124434762,2.460157880088663,0.7306188134712047,0.07301356693967974,0.32064993741570724,0.20560877032746727,0.40072772528638423,-0.4062342668321967,-0.30585978343779635,4
sim00045,100,1.0,0.31,0.27066601337854884,0.6520981208125871,0.15107011310554502,0.017033130766528477,101.0,0.39503622871022903,0.0951485057610709,-0.09729765551662183,1.5031080819162557,4.605170185988092,4.61512051684126,1.000088900581841e-12,-0.45864671978497734,2.4225864472280514,-0.880846517540216,0.4731297132036961,0.16418603228293918,0.2878550059556741,0.07413480995711826,0.008892960373515677,0.054338531083957496,0
sim00046,38,1.0,0.5,0.36664886912799854,0.5799617146609215,0.052475868006610436,0.012374625020669378,39.0,0.4747684024092166,0.16255360025274324,-0.5149509864265807,1.3006887048800593,3.6375861597263857,3.6635616461296463,1.000088900581841e-12,-1.5585577289402712,2.1928807588126986,-0.9613961392297252,0.47750402347963444,0.3472238136543583,0.175227441882018,4.472096493284498e-05,0.02252038431271067,0.006545853483313947,0
sim00047,74,1.0,0.24324324324324326,0.37398379283805583,0.40457383527197643,0.057095327433744875,0.00780131068672991,75.0,0.4046738352719764,0.038682353520597935,-0.25275017517134646,0.8248717245945449,4.30406509320417,4.31748811353631,1.000088900581841e-12,-1.4397132679739209,2.3136345663447955,-0.14909515671625193,0.423255962939384,0.19666144597744145,0.15730694240364387,0.174947967557738,0.009844966398403219,0.003953438915630272,1
sim00048,24,1.0,0.7083333333333334,0.4868559303170304,0.07738132111181542,0.0017941439136555828,0.0005601772449898131,25.0,0.07748132111181542,0.18348389421844094,-0.9402559878531935,1.5329090133406675,3.1780538303479458,3.2188758248682006,1.000088900581841e-12,-3.6848612538510332,2.0140238024871273,-2.4555152005512983,0.7179303133589504,0.27207856361923194,0.009978511246055479,1.2611218393229687e-05,0.18656420310397692,-0.11511909289293863,0
sim00049,19,1.0,0.15789473684210525,0.2588691754860829,0.5278946265874706,0.07478517365561797,0.011510388979436266,20.0,0.45191722592522365,0.10361788499467384,-0.2525668201684897,1.220775080157201,2.9444389791664403,2.995732273553991,1.000088900581841e-12,-1.1975504265364405,1.07306934390052,0.783310386177898,0.11276433856529883,0.39470072832509295,0.1822151108247995,0.20698680023641744,0.02116724921151871,-0.19376513770968518,0
sim00050,43,1.0,0.3023255813953488,0.2842951331101731,0.5485234658478118,0.09018542902906744,0.022776210244785745,44.0,0.4724835138911073,0.12367500332839985,-0.5172114511547218,1.3832464634811181,3.7612001156935624,3.784189633918261,1.000088900581841e-12,-1.0165598209271933,2.385048822851383,-0.3348055038867136,0.3901881340859157,0.25869037129876243,0.32778878616798085,0.022600608383170417,-0.0315180145491453,-0.1083521046145659,0
sim00051,98,1.0,0.07142857142857142,0.23478698766707945,0.5951582467395446,0.3101522082076208,0.027289984862281954,99.0,0.5546161257353796,-0.024086816882718146,0.07665065046644849,0.885384579613009,4.584967478670572,4.59511985013459,1.000088900581841e-12,0.22760569198233657,2.1544240872138785,-0.4332457866006816,0.13211879279926378,0.13179550322249367,0.19158922387270952,0.10977564336517626,-0.02122945322926217,-0.12005214910542318,1
sim00052,23,1.0,0.043478260869565216,0.24907405060285667,0.6409295512874232,0.26876149674442695,0.10095328987851754,24.0,0.7409679506861717,-0.007073932201060799,0.07864861353313571,1.7722289318592064,3.1354942159291497,3.1780538303479458,1.000088900581841e-12,0.3366704665979093,2.156327792158389,1.534445089303004,0.021776438131942383,0.019216482379702592,0.14956868491474357,0.43385216103523133,0.09184448638906363,-0.004301305726618972,3
sim00053,106,1.0,0.6886792452830188,0.4567180037662259,0.19839795097523638,0.013219546804519615,0.0019437463425744147,107.0,0.14163669401777856,0.10703302873894219,-0.30989929875501404,2.2361846529177165,4.663439094112067,4.672828834461906,1.000088900581841e-12,-2.2188408978081147,2.7463597491320257,-0.04576370160688281,0.8191710228835556,0.14469383961752577,0.01602490111283651,0.019833939135601327,0.12044590089584019,0.01630864576743257,3
sim00054,58,1.0,0.27586206896551724,0.36727648132275154,0.3185916245091741,0.06869725783304849,0.009265478895277686,59.0,0.7872874565607826,0.014632798855603351,-0.1165443621352543,1.4511235220162149,4.060443010546419,4.07753744390572,1.000088900581841e-12,-0.8910705684251158,2.057029273516839,-0.4020180643778557,0.21791097951500138,0.33819903122562706,0.40841447519603796,0.035475514048776906,-0.237653280400749,-0.22642268208341235,1
sim00055,16,1.0,0.125,0.4257589581581551,0.192940177407671,0.02386016040068115,0.007904161747967348,17.0,0.193040177407671,-0.018655821239928302,-0.4324922490515687,0.8921335526035618,2.772588722239781,2.833213344056216,1.000088900581841e-12,-1.8762068029947017,1.6677680067726792,-0.9086196570396488,0.5427656602747034,0.2238186336711881,0.20594827286237266,0.027078012939798883,-0.02644723042312216,-0.07846796034135387,0
sim00056,63,1.0,0.06349206349206349,0.2916188627351143,0.7001442281713119,0.420742105439056,0.07646306806130121,64.0,0.5682284597910155,-0.04403139337505054,0.301015423534244,1.0523809468438439,4.143134726391533,4.1588830833596715,1.000088900581841e-12,0.5393551867630307,2.4379225102490003,0.2276898532018042,0.061437210304950314,0.012220655966156362,0.06951820709315554,0.30097310620528406,0.12120814268991872,-0.03069353611929842,1
sim00057,86,1.0,0.05813953488372093,0.15751527001331464,0.5927339107248776,0.36892495194608005,0.05712070384067508,87.0,0.6207084065208358,-0.030597551714554336,0.039000309032666707,1.139396319144719,4.454347296253507,4.465908118654584,1.000088900581841e-12,0.4491818179359618,2.588920695038382,0.12156388000760003,0.0675949657321034,0.14430559500166343,0.14991881269582705,0.23568746171920021,0.011516641968422862,0.09635720032266236,1
sim00058,118,1.0,0.06779661016949153,0.09665788993112251,0.5429365253579683,0.6001967987451443,0.047691939809909684,119.0,0.36061963966914234,-0.008931938539202903,0.03841913687412,1.0041933116939745,4.770684624465665,4.77912349311153,1.000088900581841e-12,0.9566895848001922,2.2381894318295306,0.22972296541485157,0.04496358677177337,0.07711014598219107,0.09979015633519418,0.16502020912159787,-0.11388551409560203,-0.13823301298019952,1
sim00059,20,1.0,0.1,0.2548881926042929,0.43564534460979853,0.15016892869359724,0.041690370631419935,21.0,0.5819699950970215,0.039801685108599286,-0.15174705960556065,0.9063311709420645,2.995732273553991,3.044522437723423,1.000088900581841e-12,-0.48245597290552233,1.7142416037643529,-0.5854944497396324,0.350743427602842,0.13799735386652986,0.3345249207117884,0.16965042172368328,0.0011447375896011037,-0.12428852612385113,1
sim00060,47,1.0,0.6382978723404256,0.43695358410852264,0.3005629754057081,0.015964800232296003,0.0037594688128377365,48.0,0.241973207948736,0.2052302063169545,-0.9841594760614543,1.3207054147213648,3.8501476017100584,3.871201010907891,1.000088900581841e-12,-2.44140414752952,2.404038960037339,-1.6758404943746856,0.7039354083095768,0.2706781150873484,0.025141460578673804,0.00024501596176316456,0.024442988034088915,0.3162347358277854,0
sim00061,74,1.0,0.4594594594594595,0.4022382598870566,0.4668661841974615,0.05024669756995123,0.006722578272256437,75.0,0.5330338158025385,0.05354696680340234,-0.2949950636215267,1.2502565753622215,4.30406509320417,4.31748811353631,1.000088900581841e-12,-1.6001416069942367,2.2925920195203413,-1.3189746124949355,0.5487645455804511,0.18243476069414555,0.267800505885616,0.0010001878198855568,0.08547228523968302,0.05599284136421507,0
sim00062,96,1.0,0.125,0.285573682735165,0.5149405586615294,0.19071153910574434,0.019592661113576652,97.0,0.6195064659853946,0.00752099118089562,0.40652190714664144,1.9171154336668246,4.564348191467836,4.574710978503383,1.000088900581841e-12,-0.21187502324100257,2.288741234171049,0.4908208665048472,0.11375495977084722,0.21047267474299342,0.32177023916205066,0.04131737846539656,0.03955748064807323,-0.014594326352682869,3
sim00063,114,1.0,0.7631578947368421,0.4561774634404989,0.3896710827502397,0.02480370887869609,0.01036235541713356,115.0,0.3897710827502397,0.03587521691607633,-0.6995719044353442,1.7632925396212575,4.736198448394496,4.74493212836325,1.000088900581841e-12,-2.2606452878656222,3.8633848182012245,-6.052260911330755,0.9840994465508716,0.014129028334662503,0.0017715250741495107,0.0,0.2597089471491475,0.12061427788112192,5
sim00064,18,1.0,0.05555555555555555,0.4001637702172972,0.24690823648896593,0.043227384941157736,0.0117882580338513,19.0,0.28503791748294516,-0.029134586772740168,-0.16798377574048493,0.614811898090679,2.8903717578961645,2.9444389791664403,1.000088900581841e-12,-1.5506222409731547,1.5910015066480363,-1.3509797728152313,0.5020932373842354,0.18105174240816566,0.04894199557867701,0.11661507241084472,0.2596308436599175,0.03620840027609855,3
sim00065,30,1.0,0.2,0.4223394883781579,0.2889868234544851,0.040375607764778845,0.013461973177487709,31.0,0.20537262071206303,-0.023040146181257826,-0.1563751624845855,1.0735731738654726,3.4011973816621555,3.4339872044851463,1.000088900581841e-12,-1.3967181772514998,2.3028404556916366,-0.6638072020892544,0.5931245717479877,0.24458132968337945,0.020900747527763573,0.02720252105717177,-0.26276087739040366,0.010111890550049095,1
sim00066,21,1.0,0.09523809523809523,0.17773117793080212,0.6023800864016883,0.15933826870510798,0.03835572826691351,22.0,0.6282784823077763,0.05430167137026414,-0.4621619781611649,1.114909584232018,3.044522437723423,3.091042453358316,1.000088900581841e-12,-0.3823437794489182,1.6203969039036346,-0.8707115378815692,0.12571006454367006,0.2614110891594681,0.3114847180164963,0.12847750957871892,-0.26603528094955836,-0.19496625083250851,0
sim00067,59,1.0,0.05084745762711865,0.25360343862120377,0.6294079075501011,0.46810100269459853,0.13148500468290955,60.0,0.4685503467089441,-0.03369541044787894,0.1695689928897559,0.9344393265629964,4.07753744390572,4.0943445622221,1.000088900581841e-12,0.6311873422087071,2.807746165717427,0.2616756515507621,0.06542827816615633,0.11056945776010835,0.026918654436694233,0.13642154299690598,0.1738718223366127,0.031978997667502035,1
sim00068,41,1.0,0.04878048780487805,0.1259001266540155,0.6872719309324373,0.6939813724707631,0.16061595879119286,42.0,0.5569947723508889,0.0001127913686378976,0.5378703209736556,1.1751543274307257,3.713572066704308,3.7376696182833684,1.000088900581841e-12,1.0340629732512514,2.2501431137090813,0.6396206459402097,0.04683955017001534,0.08962420354763782,0.07721656763572468,0.22504269275292516,-0.015968419162212876,0.02292403488271724,1
sim00069,110,1.0,0.41818181818181815,0.34718127481607575,0.4407599190492066,0.0954414050700108,0.009213611072053918,111.0,0.3829508552492387,0.062433985387324385,-0.20856765330015226,1.278975961165744,4.700480365792417,4.709530201312334,1.000088900581841e-12,-0.9065875588464607,2.3626497201222203,-0.7964245841203476,0.3431969279871585,0.31917973178799247,0.30571782795155866,0.031728609471914464,0.019011628415053623,-0.016704058852998277,1
sim00070,54,1.0,0.0,0.1430504179095126,0.6468724313886025,0.3572086165207765,0.06649621102862166,55.0,0.48004045812726076,-0.058411996207498956,0.17201894056283484,1.428278198627117,3.9889840465642745,4.007333185232471,1.000088900581841e-12,0.3584538575181835,2.3078090443434953,-0.34314982409546496,0.09524789777195042,0.23031846077699059,0.16806885916816677,0.27284165369916796,0.12376725643852557,0.08082753099034973,3
sim00071,23,1.0,0.13043478260869565,0.3544810722827627,0.770523589835768,0.37377016536558527,0.12751852569748615,24.0,0.9509107396226698,-0.007502407243206185,0.25011965408690146,1.018876106797362,3.1354942159291497,3.1780538303479458,1.000088900581841e-12,2.080335876430646,2.0601147921022664,0.6095742751372194,0.0015202572492998472,0.005564085722782789,0.059893455159056974,0.5968845145561211,0.25964941691603366,0.14575062265304814,1
sim00072,40,1.0,0.6,0.4342666304107522,0.37616590263742955,0.023025543110749405,0.005855010182072481,41.0,0.34703097298808416,0.09292637669401507,-0.8475603185177082,1.1520547786983948,3.6888794541139363,3.713572066704308,1.000088900581841e-12,-2.2865842828557166,2.3195730188995163,-3.8912141025100104,0.881301236426467,0.11635045788558951,0.0022456695128219364,0.00010263613169154224,0.3331777513344414,0.18789677896598433,5
sim00073,104,1.0,0.18269230769230768,0.2857558558468161,0.5809792332922346,0.14502000031580953,0.016638862190846516,105.0,0.4189207667077654,0.00945974144770125,0.048934578834569066,1.2049290259297634,4.6443908991413725,4.653960350157523,1.000088900581841e-12,-0.5179419775488973,2.479260287464436,-0.3202792080316079,0.2756568323176347,0.2746647687148892,0.12489006951020323,0.1593817864392456,-0.12384176998775799,-0.08212298780465035,1
sim00074,66,1.0,0.12121212121212122,0.2484197420922773,0.7565700791255398,0.147465649874881,0.025092589328805762,67.0,0.2427441468701187,0.02289352176151085,-0.12488038784979923,1.8484821393722255,4.189654742026425,4.204692619390966,1.000088900581841e-12,-0.22035862901485778,2.418632031844094,-0.618844210919513,0.27511786151122686,0.10994970756977314,0.40073722283341623,0.14700764342995642,-0.02313892402302105,-0.01087032354504189,3
sim00075,29,1.0,0.4482758620689655,0.41248814131384515,0.379864515646057,0.04356386271475114,0.01681772278281469,30.0,0.3122846149936373,0.13229417563132706,-0.3135863781899203,1.1193795089333316,3.367295829986474,3.4011973816621555,1.000088900581841e-12,-1.5953068184223664,2.415501117430704,-1.4079815844483026,0.6912296570874189,0.2569293176879429,0.051245539468514505,0.0005954857331689911,-0.24026939793283128,-0.18385048578732036,0
sim00076,84,1.0,0.17857142857142858,0.22913916737629897,0.5664664485061893,0.13561554789744995,0.015701412909387598,85.0,0.4334335514938107,0.028215015032595187,-0.5502741574307666,1.0458984914577754,4.430816798843313,4.442651256490317,1.000088900581841e-12,-0.5937535629487628,2.2747434718771067,0.19211246515673402,0.14820155124108428,0.16832523764766075,0.1062862827905601,0.5572934615890407,-0.12645595716661254,-0.10544934210053764,1
sim00077,109,1.0,0.045871559633027525,0.18200526524354235,0.7626310649927659,0.34762057452813483,0.02821499659192657,110.0,0.5328957702177006,-0.04932195062940482,0.09366512278451714,1.0829610943025012,4.6913478822291435,4.700480365792417,1.000088900581841e-12,0.3339885860045492,2.180089930701095,0.3523597285325871,0.07738046515882589,0.12824574769582045,0.08693913941472707,0.4427709969491763,-0.046050647341243256,-0.00648782062968024,1
sim00078,101,1.0,0.1188118811881188,0.2654423788918947,0.6975282751573044,0.21475904581094374,0.02072243344519336,102.0,0.4379168652059456,-0.008659744100600615,0.2013768382499547,1.801597998442892,4.61512051684126,4.624972813284271,1.000088900581841e-12,-0.1364068910497488,2.276820688684372,0.3495132504880646,0.24019771714992755,0.13302696894086996,0.05564472828617623,0.0636230089683503,0.19748253456928952,0.012266999572035042,3
sim00079,27,1.0,0.3333333333333333,0.3657506018592578,0.3847726794216658,0.03835130818845433,0.011496493135196295,28.0,0.6294011299259371,0.0633188031912025,-0.7827613711504637,1.204209027277434,3.295836866004329,3.332204510175204,1.000088900581841e-12,-1.8053451267490919,2.091090270430277,-1.360026159082036,0.28997950475594997,0.6653708844251647,0.042772897693620096,0.0018767130991906137,-0.06756449795531212,-0.14761203579622734,0
sim00080,19,1.0,0.05263157894736842,0.17392077372302628,0.6143235485772882,0.22229154906920925,0.0450720995919088,20.0,0.24770188708614627,-0.002874653911225141,-0.04444003909984438,0.7648701998227291,2.9444389791664403,2.995732273553991,1.000088900581841e-12,0.1763864563046623,1.3487125954883394,0.0012383661745150598,0.20335166186447606,0.08695060938374204,0.14778869756441754,0.4082456287528227,-0.07675546043561758,-0.17651973556484618,1
sim00081,119,1.0,0.865546218487395,0.4849423231233524,0.12964689674835322,0.0048736807102956,0.0009218114004785106,120.0,0.12139658212962373,0.06042705804950178,-0.8826086149367754,1.5206061298539053,4.77912349311153,4.787491742782046,1.000088900581841e-12,-3.0857916226299227,3.1138593943386677,-3.5811450046490223,0.9612604806766608,0.03397362384913599,0.00466623822432395,9.965704469543225e-05,0.05360640570332049,0.05647067093059479,5
sim00082,99,1.0,0.1717171717171717,0.3583241177662784,0.3368719617186311,0.13543689631988448,0.014268940870608562,100.0,0.37134869134465415,0.03270109465590953,0.18936242649690885,1.5573720949450838,4.59511985013459,4.605170185988092,1.000088900581841e-12,-0.5444571337771236,2.344699235480878,0.07333603502369104,0.13029607285898542,0.09328436411502036,0.21193007601099118,0.19044425086753253,-0.028254426190863668,-0.04670008664926128,1
sim00083,63,1.0,0.07936507936507936,0.27521338454409494,0.3451599095917982,0.2505352145050756,0.0361439582019152,64.0,0.7175869640968433,0.00036678862729007145,0.10149916307992711,0.979205924231572,4.143134726391533,4.1588830833596715,1.000088900581841e-12,0.21208995620354348,2.2070450419490473,-0.39028394953634815,0.11586580618719512,0.13625245570180783,0.15429150079587972,0.3429252753219237,-0.1295025690871381,-0.1979619082495619,1
sim00084,103,1.0,0.3300970873786408,0.23947045430640929,0.6000243258356638,0.1312325573979952,0.011564678013156271,104.0,0.4416398241646199,0.1172617950461324,-0.4213592047047276,1.269283060897541,4.634728988229636,4.6443908991413725,1.000088900581841e-12,-0.6307726273767803,2.205713444711033,-0.5465274003698628,0.14541810452575907,0.3477126471642581,0.2966184866805578,0.210217200806251,0.09192889395329669,0.14118606420683683,0
sim00085,21,1.0,0.42857142857142855,0.39915445385795256,0.30500576808143365,0.03308335979959646,0.011858078633299508,22.0,0.7503315775188977,0.11990616467631329,-0.7708733331409389,1.1957495221695948,3.044522437723423,3.091042453358316,1.000088900581841e-12,-1.7338632297552625,2.018501382794198,-3.7408289146747213,0.46001266598958523,0.5223781197894181,0.017609189311661173,2.487910886679451e-08,0.1333889355438728,0.22495978727372573,5
sim00086,26,1.0,0.5,0.4368691501590318,0.18433298602522874,0.01410436754676774,0.004046512100268582,27.0,0.831820705395776,0.12403207693340626,-1.0537466262735893,1.1450997442651514,3.258096538021482,3.295836866004329,1.000088900581841e-12,-2.2944077758254626,2.009467332169378,-4.082101140355111,0.31774592098912585,0.6431763679080335,0.039077711031940555,0.0,0.3586701112895226,0.5133573714895742,5
sim00087,52,1.0,0.1346153846153846,0.25669370399941405,0.6717651661163793,0.2714320513887324,0.030213597978675746,53.0,0.6958834739287927,0.04086944564487785,0.33350708790515704,0.8671704397890992,3.9512437185814275,3.970291913552122,1.000088900581841e-12,0.2488739546956955,1.7558239687369417,-0.2621031649959774,0.2616449473498766,0.22488149995716838,0.1976733959638238,0.2547519033389216,0.2693613984625392,0.23733080811188995,1
sim00088,44,1.0,0.1590909090909091,0.20010981385976645,0.728409248565757,0.18973981676405108,0.036638938692988746,45.0,0.5328937946841952,0.02891714821343695,-0.11266096783772775,1.1903103793090632,3.784189633918261,3.8066624897703196,1.000088900581841e-12,-0.2714697697695569,2.1396474590543417,-0.20389230293198501,0.13788753570078718,0.2186659880132341,0.2666195318080901,0.3656298166414605,-0.09319048747376456,-0.05999169286110232,1
sim00089,46,1.0,0.06521739130434782,0.16553119470243988,0.7929688096885799,0.39058849152732344,0.05631504622128904,47.0,0.34108074561715657,0.007801726592434823,0.22550961899270916,1.1302986666572254,3.828641396489095,3.8501476017100584,1.000088900581841e-12,0.5526895939903562,1.8919485922189736,-0.17710694886628273,0.04492976089289552,0.21270542055532457,0.24432640586361576,0.2814859019926864,-0.11454098502726853,-0.12735301867596258,1
sim00090,84,1.0,0.08333333333333333,0.21472071287993882,0.6905234008389778,0.46434089570118103,0.07236356208770052,85.0,0.5320504239936502,-0.002917823531851377,0.023196690690815064,1.7012896113013425,4.430816798843313,4.442651256490317,1.000088900581841e-12,0.6232754371360519,2.5719007138099035,0.6720878051111123,0.044718154464688596,0.033135102800775466,0.037823848172101264,0.18234378308332563,-0.09922028265239845,-0.03177690392928647,3
sim00091,71,1.0,0.8450704225352113,0.484322527063849,0.09789387042920517,0.0029314352923079812,0.0006131576565409748,72.0,0.9267681500162467,0.12094613907681656,-1.3010607151851872,1.6845187564330668,4.2626798770413155,4.276666119016055,1.000088900581841e-12,-3.1420864185779487,2.6980545028809657,-7.3598988884079635,0.9536645340093827,0.04453364154614898,0.0018018241033384973,0.0,-0.391010517406837,-0.24547752461356379,5
sim00092,82,1.0,0.08536585365853659,0.20206558805577202,0.5790055752007246,0.30527008125920363,0.04488892837378269,83.0,0.6178160504280235,-0.011194213832467236,0.03823321938847596,1.0354689343408385,4.406719247264253,4.418840607796598,1.000088900581841e-12,0.2568593798740543,2.4897135301585007,-0.19949317920575077,0.11069961419635871,0.13866189865274903,0.1434405974513368,0.2341657496509217,0.0176084539623963,-0.06462322902862319,1
sim00093,71,1.0,0.38028169014084506,0.3170426320690727,0.6759379548029866,0.07475370651076227,0.02358784336030806,72.0,0.5141095160194982,0.12907781840753885,-0.40042803107125813,1.5875244430559063,4.2626798770413155,4.276666119016055,1.000088900581841e-12,-1.206465490387689,3.109212547128711,-0.31691251759491607,0.20386254321428438,0.6045043242050973,0.07819220572045552,0.11333365291803246,0.08568088075569835,0.012799240134018572,3
sim00094,39,1.0,0.8974358974358975,0.4948372022211497,0.05813672687732479,0.0007606154727912455,0.0002674101402956853,40.0,0.05823672687732479,0.14157174875969042,-1.090046657023907,1.4244102923326527,3.6635616461296463,3.6888794541139363,1.000088900581841e-12,-4.278142202831389,2.618217246204659,-9.277330096392205,0.9601040852734157,0.03956621086397598,0.00031106428869864485,1.8638259184894155e-05,0.6943381365212987,-0.07912713342889387,5
sim00095,35,1.0,0.2857142857142857,0.2855451411329524,0.5286944472190972,0.10857544507906508,0.034080553334147876,36.0,0.42952815783793946,0.10366246597783957,-0.37699100169401223,1.1070403326567129,3.5553480614894135,3.58351893845611,1.000088900581841e-12,-0.8139505538376234,2.3966297216662564,-0.5410740226719791,0.19604854160120522,0.23893084642469123,0.5422617802704414,0.022424330551951935,-0.3366923843471664,-0.33788140011095025,0
sim00096,16,1.0,0.3125,0.4560028970152089,0.12471368159668028,0.009573222477124783,0.004596759319450991,17.0,0.9000981806429785,0.05871579123710814,-0.6801586804715584,0.9626214067752117,2.772588722239781,2.833213344056216,1.000088900581841e-12,-2.239966589415634,2.0389704044784187,-1.2209555883330694,0.7599197109698449,0.12199571471132137,0.11285291147817748,0.0010338623559999656,-0.21684062594511974,-0.18562858294860787,0
sim00097,118,1.0,0.635593220338983,0.44455576672585606,0.20362482406306065,0.027017150586434148,0.003041486029039322,119.0,0.16323252865071336,0.040490464941977805,-0.32711048602476894,1.830214887839261,4.770684624465665,4.77912349311153,1.000088900581841e-12,-1.6204948100035121,2.586558970499898,-2.9822577052493235,0.4910170894064247,0.5017786804086095,0.007011277494971665,0.00019295265298058847,0.024145715979880234,0.044453701643282106,0
sim00098,105,1.0,0.18095238095238095,0.3674259529503577,0.37595130113513386,0.05675776195875974,0.004888566049105909,106.0,0.7875586269580969,0.011914875330040672,-0.009299796139339905,1.8578552402409951,4.653960350157523,4.663439094112067,1.000088900581841e-12,-1.081056172985353,2.2020669458911537,0.6996759416879297,0.2270489552948956,0.2580706077700333,0.11007870817874923,0.2204694845657855,-0.07873706828683633,-0.1059179653881318,3
sim00099,113,1.0,0.1592920353982301,0.23291564276160662,0.6444539739451958,0.1935956987483725,0.02491108588567371,114.0,0.3320501698091739,0.03428108808860316,-0.10337067934435641,1.2943252614718541,4.727387818712341,4.736198448394496,1.000088900581841e-12,-0.13597190122475472,2.6769287814653535,-0.12624304711760778,0.08446827774081524,0.24621432315178624,0.38197066979606153,0.23932176545639522,0.1512818051941227,0.16056752719691006,1
sim00100,92,1.0,0.10869565217391304,0.17479697874963285,0.6826043526071071,0.7662715491905381,0.15306139490056944,93.0,0.6152929930591005,0.03114576639985452,0.23693331841896967,1.3429992179727748,4.5217885770490405,4.532599493153256,1.000088900581841e-12,1.1747112992897883,2.9110910819200453,0.17400966503967158,0.08336658123698593,0.02166105318537179,0.08604964856521327,0.09006129327539938,-0.21539324332975596,-0.1504176096866051,1
sim00101,116,1.0,0.1206896551724138,0.1704953016843031,0.5439130980834623,0.22255774046325366,0.014562284600838145,117.0,0.4414094628855232,0.030638628356477095,-0.1902992873794479,0.9804707139113922,4.7535901911063645,4.762173934797756,1.000088900581841e-12,-0.10244779032216411,2.0268385548715817,0.041877863925815745,0.1265271552163945,0.1670862022766595,0.14627762277078638,0.3624334760671039,-0.10033392326506708,-0.10906273027807505,1
sim00102,113,1.0,0.09734513274336283,0.27325325596113126,0.5671348563820967,0.1676876079476905,0.012515552180150614,114.0,0.4274945698651686,-0.014921367312760097,-0.07513761854324791,1.251120575795875,4.727387818712341,4.736198448394496,1.000088900581841e-12,-0.3781057556485791,2.1322570915662213,0.00406868263374513,0.14697797758002296,0.18959706028465675,0.20550149143498364,0.16486143989287125,0.02154930122203871,0.05619739345020445,1
sim00103,19,1.0,0.631578947368421,0.46204597029140065,0.1471607580253736,0.005059488012603406,0.0027016266755244623,20.0,0.13436396347627505,0.21609385193637787,-1.3836284278965005,1.443740832716291,2.9444389791664403,2.995732273553991,1.000088900581841e-12,-3.1349962282372035,2.317027744894331,-4.9688828941872085,0.7152053112201793,0.28406996403693197,0.0005845852542432212,0.00013481784690036965,0.0009559760762026589,0.2941591992389259,5
sim00104,26,1.0,0.11538461538461539,0.17352198348953632,0.6175279899031809,0.22418232490454418,0.04069704866857023,27.0,0.48893122156379526,0.06522737727731298,-0.049971113712224124,0.7474125195362045,3.258096538021482,3.295836866004329,1.000088900581841e-12,-0.10851105506954448,1.5517924422198788,0.5855318748150387,0.2101482277957555,0.038800251043950115,0.2462411893226935,0.15076025461340534,0.15828093353606856,0.29008323054714746,0
sim00105,87,1.0,0.09195402298850575,0.2607382783956493,0.6100578415664902,0.17877969746464867,0.015620615881038554,88.0,0.7313129015339852,-0.0011606665061862256,-0.012654027577516774,1.0861074845137295,4.465908118654584,4.477336814478207,1.000088900581841e-12,-0.09447932744683651,2.028345383433133,0.12098985488763436,0.07397687196791929,0.2975287275250492,0.16607336590024083,0.3278750951989463,0.00402915443119526,-0.059266160699855734,1
sim00106,41,1.0,0.36585365853658536,0.39614704510119075,0.34194980129594765,0.042989895946020394,0.008491524265524908,42.0,0.3411463302158927,0.0967880343070385,-0.29204617169357755,1.1914072857695992,3.713572066704308,3.7376696182833684,1.000088900581841e-12,-1.654092577981854,2.0916754765698444,-0.8306682341239298,0.3400106344975482,0.47511472241204555,0.1731235315453163,0.01174755849353881,-0.13444489949627433,-0.13298149397126002,0
sim00107,87,1.0,0.6206896551724138,0.4376834527502374,0.3583923888022276,0.020276197878711648,0.005039862473229256,88.0,0.3584923888022276,0.05697456866433424,-0.9309098275869553,1.2265641544249601,4.465908118654584,4.477336814478207,1.000088900581841e-12,-2.4285255189636596,3.073839229395242,-2.409042864743482,0.9184916646876724,0.07174365257647394,0.009722596319545898,4.20863669890907e-05,0.17110225738243837,-0.01497403665635865,0
sim00108,28,1.0,0.03571428571428571,0.12143581801449509,0.5597366578842833,0.3647582152808374,0.09375827899443759,29.0,0.7291327802479969,-0.00506192071230223,0.11045375204736362,1.274018831518664,3.332204510175204,3.367295829986474,1.000088900581841e-12,0.6135053967001655,1.9736897701398621,-0.2283963635799761,0.15801113898915278,0.11456173030808525,0.1425218233056449,0.10962762034756637,0.03767126761710398,-0.06779641039253688,1
sim00109,110,1.0,0.44545454545454544,0.2894110159834869,0.6873856947152152,0.0964951929344763,0.009782681297248332,111.0,0.5685660957008594,0.13760778364850748,-0.4671357901944014,1.3280847070799204,4.700480365792417,4.709530201312334,1.000088900581841e-12,-0.9329834200119698,2.4116007795452425,-1.1683203507082442,0.43423574155386174,0.3350636248618852,0.22148546794673787,0.009110638172432694,-0.09143122732179333,-0.046852772942650826,0
sim00110,18,1.0,0.3333333333333333,0.41849576260889526,0.16872285183801916,0.016394896134698075,0.006235571887368778,19.0,0.8535228761084357,0.1606942290690238,-0.8649412555788358,0.8522407164409131,2.8903717578961645,2.9444389791664403,1.000088900581841e-12,-2.0315162558033526,1.9236719789015209,0.9834043239141184,0.1123599222494002,0.1743399195093568,0.6575109584429429,0.05578909452436965,-0.1693865816432956,-0.25450250343006386,5
sim00111,71,1.0,0.04225352112676056,0.21031069413307943,0.7143075417207341,0.4302893446161575,0.11037237995655184,72.0,0.3327748558025919,-0.030456589187533842,-0.13237865769395235,1.415784970254186,4.2626798770413155,4.276666119016055,1.000088900581841e-12,0.6616194667351956,2.902081921022946,0.27390022546280984,0.0659131331494636,0.0774629670324867,0.026799129784383362,0.14605394778176944,-0.023414949494855054,-0.17762009868064912,1
sim00112,80,1.0,0.4125,0.41552072561313097,0.3177366340923066,0.02320139536408922,0.0023037470727218135,81.0,0.29042574282803374,0.13506669874451804,-0.7266110978165804,1.25276352153342,4.382026634673881,4.394449154672439,1.000088900581841e-12,-2.184045376630754,2.072351169135584,-0.363110095747038,0.5144597627940257,0.20507409364878654,0.22750466055311874,0.05250426770174978,-0.15036226798167815,-0.11230429809168666,0
sim00113,68,1.0,0.1323529411764706,0.26174395048895766,0.40280604218293453,0.49120107707294103,0.25956922436228413,69.0,0.3698337934414969,0.05485790247694189,0.11604474552434171,0.9668900603459084,4.219507705176107,4.23410650459726,1.000088900581841e-12,0.7455715462233861,3.581677563052898,-0.058086310893116444,0.06982617924237047,0.050852344459947456,0.0804268093955696,0.06772643814873822,0.1297436738992015,-0.1786983785750824,1
sim00114,70,1.0,0.42857142857142855,0.4558703033456325,0.14192411734435106,0.01228679210198109,0.0011368484552813619,71.0,0.8889052511985173,0.0688512649071194,-0.29974236997841947,1.0343129903147448,4.248495242049359,4.2626798770413155,1.000088900581841e-12,-2.0840939291353675,1.8682302858228197,0.1398115967351381,0.3252121555806829,0.22890615059521713,0.09908334072286155,0.3002184275198499,-0.19175764498020428,-0.12065193208672113,1
sim00115,107,1.0,0.102803738317757,0.1407938234699629,0.8390110981059541,0.40252090060142626,0.02246061573099276,108.0,0.638534384015913,0.016107976048652363,0.13828847464198596,1.1115054665073458,4.672828834461906,4.68213122712422,1.000088900581841e-12,0.5561598539577916,1.7868451752634973,0.2484609824292156,0.051504604294338306,0.14779822892212557,0.11621635406569152,0.30661723152008147,0.12406195924083648,0.11029674818467278,1
sim00116,81,1.0,0.5925925925925926,0.47792653857347334,0.0848300190438676,0.007243377240781942,0.001530900279061902,82.0,0.04105297378915927,0.015934001077805078,-0.432010789873714,1.1046547922968015,4.394449154672439,4.406719247264253,1.000088900581841e-12,-1.6928562647089092,2.840217556829366,-1.3118553289467005,0.1816182871648319,0.6576046469475759,0.15280280916715813,0.007334719985544383,-0.12140003870341136,-0.059438588424179616,0
sim00117,40,1.0,0.3,0.3622059014385518,0.7386322996619852,0.06422178571291767,0.010172668285175476,41.0,0.2612677003380149,-0.020518948259777153,-0.283392585896487,0.6608718046726472,3.6888794541139363,3.713572066704308,1.000088900581841e-12,-1.100383388610884,1.8462415030391333,-0.6476901606949664,0.7153820732995376,0.24071544573645243,0.040792237131152397,0.0031102438172864876,0.19235053256620935,-0.07989904584002187,1
sim00118,71,1.0,0.352112676056338,0.4518906466605771,0.16420763883919864,0.019384702437484348,0.001731465178043454,72.0,0.8356923611608014,0.0174880095315521,-0.03932890388427203,1.273261636694179,4.2626798770413155,4.276666119016055,1.000088900581841e-12,-1.9577615736307994,1.8471636268904659,-0.078939555965514,0.18515869237708218,0.09498662187843265,0.5515071202132351,0.11372179955701897,-0.26728605541903777,-0.08035976051023039,1
sim00119,114,1.0,0.5087719298245614,0.2911018968097475,0.5842648345762135,0.08657334724343968,0.015017114876569388,115.0,0.43738124177617504,0.08182587942276318,-0.6017938895388278,1.673504498981493,4.736198448394496,4.74493212836325,1.000088900581841e-12,-1.044660180470291,2.984396989934966,-1.3913867512494087,0.4649420397586931,0.17942605184072302,0.35547543537044246,0.00014526297244021899,0.08330596016642754,0.07260980095684616,0
sim00120,18,1.0,0.3888888888888889,0.4495987570530813,0.13672408843478334,0.007182888787879481,0.0017244842855032043,19.0,0.8753220694288402,0.17836157973939792,-0.8930849265923182,0.9194617213125679,2.8903717578961645,2.9444389791664403,1.000088900581841e-12,-2.720868835419452,1.4635981565401954,-0.17389283162460223,0.3619447287405627,0.26044268107494145,0.22139868516601205,0.15621390487926398,-0.3792731704440082,-0.19002551273518495,0
sim00121,115,1.0,0.4956521739130435,0.3626464726448311,0.48746839249079255,0.04369070689621558,0.008646842331504954,116.0,0.5356979868193961,0.06995729315586546,-0.5909077870794813,1.5743864333498432,4.74493212836325,4.7535901911063645,1.000088900581841e-12,-1.7392150741561687,3.1249909091135373,-0.6468529949361553,0.4382017285657282,0.49121032115233604,0.06712847790642953,0.003456522684351768,0.13244772340265742,0.02500531819417482,0
sim00122,14,1.0,0.5,0.434776395319349,0.3051740207881631,0.022555892801929035,0.010019247656196559,15.0,0.30527402078816307,0.1815388472964818,-0.16290681855651637,1.340327665117627,2.6390573296152584,2.70805020110221,1.000088900581841e-12,-2.2409756629530695,1.8275689843167717,-3.1212565322102157,0.7999917945430003,0.1844556965366906,0.015328810801889315,0.00022369807408554655,0.5107867293022198,-0.2897984733991351,6
sim00123,58,1.0,0.05172413793103448,0.2877172225196452,0.48383517274094023,0.25564073065414666,0.10773850172267423,59.0,0.23310910372705845,-0.03205601022348537,-0.18960895653078927,1.39625605485331,4.060443010546419,4.07753744390572,1.000088900581841e-12,0.35767719770163436,3.1963769581528885,0.3007366380856269,0.05237606775702946,0.058719294206679894,0.08549875819121802,0.15688397374822316,-0.1679851729049723,-0.09240092684119029,1
sim00124,35,1.0,0.08571428571428572,0.20300577490292065,0.5021071153628607,0.7004102488897689,0.23408172261130158,36.0,0.41146455174035074,0.03441177192779208,0.3622787222626352,1.11764370795533,3.5553480614894135,3.58351893845611,1.000088900581841e-12,1.0620614799738968,2.459352124545216,0.4448545485446833,0.09754155302555466,0.008717827150049134,0.044556576705707875,0.1558849735646266,-0.16830864044934196,-0.12229384509190577,1
sim00125,31,1.0,0.0,0.20192690002257987,0.6792979108216198,0.2321272430606179,0.03131910079065979,32.0,0.5699699769407574,-0.056626964808783785,0.09727234518100494,0.8429779406944885,3.4339872044851463,3.4657359027997265,1.000088900581841e-12,-0.05439775295901718,1.4309296819218897,-0.6555153754289849,0.14247714092950783,0.2166260403327644,0.4595191825059359,0.1647118118826534,0.21514757870385023,0.13453085233697187,1
sim00126,38,1.0,0.10526315789473684,0.30981812313053253,0.42664432260831275,0.11204237751367625,0.024400326202068067,39.0,0.6746443964634141,0.0005985275798681893,-0.21566169268056185,0.9951469384199254,3.6375861597263857,3.6635616461296463,1.000088900581841e-12,-0.6724720315203416,2.113305490186428,-0.40857286774584556,0.1358269520754105,0.10644832740029471,0.49596799288419363,0.2307322661551604,0.01638662321483029,0.22074838528294066,1
sim00127,45,1.0,0.17777777777777778,0.26454853700252645,0.7223544942580902,0.11588262053607418,0.027496178386946006,46.0,0.5526711331323929,0.05903969981383688,0.029348754084753556,1.7536161313472993,3.8066624897703196,3.828641396489095,1.000088900581841e-12,-0.7577241069690028,2.368131729818859,0.41150563899026826,0.12313568206948466,0.4240360313837205,0.38010964832774047,0.04955174245244617,0.0677997889813078,0.19616361273834873,3
sim00128,83,1.0,0.40963855421686746,0.38997179379860636,0.356925985869476,0.07847398410778476,0.014069938817425513,84.0,0.2797850017981688,0.08919815958590438,0.017407310686520235,1.8873784545914405,4.418840607796598,4.430816798843313,1.000088900581841e-12,-0.9430487973398516,2.700113972265783,-0.9683064619405635,0.13345681400959528,0.17686536552454069,0.6543346938974687,0.035343116292795816,-0.2333809722743271,0.06859047943022516,3
sim00129,45,1.0,0.0,0.1958060767647079,0.8373624860381983,0.30238060651262194,0.04077683186171385,46.0,0.38894472234711913,-0.05948038850372702,0.18665770793747286,1.001521929346656,3.8066624897703196,3.828641396489095,1.000088900581841e-12,0.24081713187211506,1.8030900528974858,-0.2861407165749059,0.1133482916348787,0.19906039735919745,0.2183670261148842,0.09330840812644893,0.3875675228692982,0.23201864446745418,1
sim00130,106,1.0,0.3113207547169811,0.38137139091184924,0.5086301504085581,0.059497097016575566,0.006389614059643131,107.0,0.4977723623688302,-0.012916186054121875,0.2998562384483703,1.9452014357492995,4.663439094112067,4.672828834461906,1.000088900581841e-12,-1.4355135464508268,2.4321854397765286,0.5446189726182611,0.6017342756020554,0.14750284362248206,0.06351368638057452,0.12058285138961176,-0.04322616280894704,-0.10680979281739539,3
sim00131,39,1.0,0.20512820512820512,0.3148618691619808,0.8484793630986351,0.13562769597296007,0.05641583112863874,40.0,0.6263635259794917,0.05112270263969917,0.4577358784650944,2.2336625855095136,3.6635616461296463,3.6888794541139363,1.000088900581841e-12,-0.5455453638790376,2.7863978565081,0.39270591356520607,0.184592109253838,0.3304058979780003,0.4667068825743365,0.014395336276020975,0.29271983006319174,0.15050472957320404,3
sim00132,34,1.0,0.0,0.1391648017531479,0.5399245305368093,0.35111730712419553,0.07181454480066218,35.0,0.30093583104599,-0.04540643852654985,-0.14007606953236357,0.8111691702172115,3.5263605246161616,3.5553480614894135,1.000088900581841e-12,0.5122360597151153,1.9393271779357597,0.07523947697427308,0.0499824980390685,0.15296370094485282,0.08199697357001379,0.2837908410287039,-0.11377526644800218,-0.1481935648693499,1
sim00133,49,1.0,0.6530612244897959,0.45273160102885424,0.26818895787885816,0.0202363462707646,0.0052440662615109955,50.0,0.24132720828850251,0.1618396974569946,-0.4190233533670088,1.1287802980133719,3.8918202981106265,3.912023005428146,1.000088900581841e-12,-2.202488716423986,2.5414371894781356,-1.611191731864472,0.723769594217607,0.2561215136110666,0.015924659816873656,0.00040974100734644483,0.11468409258426547,0.0454354834840852,0
sim00134,107,1.0,0.5233644859813084,0.4456327739060511,0.23319521363500256,0.018482783928051586,0.0023859134201130294,108.0,0.23329521363500255,0.03559350637820563,-0.20049129913497862,1.3526403951239516,4.672828834461906,4.68213122712422,1.000088900581841e-12,-2.269811516896314,2.6255711651593403,-0.7023269165719634,0.5594812757633075,0.29113675460148636,0.1315932247595382,0.01756137953079441,-0.12237493536597654,-0.025415009792267587,1
sim00135,71,1.0,0.4507042253521127,0.4198208978459719,0.3643031686755605,0.026056356241688245,0.005698155509653424,72.0,0.28436737713467974,0.05134284992780477,-0.15046726899967036,2.635052192430633,4.2626798770413155,4.276666119016055,1.000088900581841e-12,-2.0554169033386915,2.74256066213057,0.6554723344685711,0.7216313545166959,0.20403188209712322,0.057568682589850595,0.016768080757951925,0.16719974504765356,-0.1644384510647285,4
sim00136,18,1.0,0.3333333333333333,0.3408703930260788,0.3631154308779672,0.04951378791631066,0.01785354821874201,19.0,0.30912061502656263,0.17867817289076882,-0.8432097457124206,1.130095341425634,2.8903717578961645,2.9444389791664403,1.000088900581841e-12,-1.461690344195241,1.8703228512692827,0.26530009712413993,0.1106527934530644,0.5047686978577153,0.36385719026995417,0.02033662713849987,-0.27073594048490673,-0.23555668054632303,5
sim00137,102,1.0,0.3137254901960784,0.4032698810943188,0.29916618015488866,0.0773439872210926,0.010163431569898263,103.0,0.27778330379649974,0.04853852253680891,-0.17336930285611724,1.2144056629432267,4.624972813284271,4.634728988229636,1.000088900581841e-12,-0.9531484358078565,2.5955061108319164,-0.4321918327746641,0.23801312087986873,0.13221597821174325,0.061446433700019114,0.006682449498472687,-0.12363667437012685,-0.017977306647191188,1
sim00138,14,1.0,0.07142857142857142,0.3410424857523508,0.3009272941232298,0.07657557018969592,0.02541780216694114,15.0,0.7832993405495474,0.016367356550487617,-0.29703333864232623,0.7396896626503225,2.6390573296152584,2.70805020110221,1.000088900581841e-12,-0.7959984963320097,1.5362290318628675,-1.1566514343295173,0.1368957420629255,0.5263632794320136,0.11661310202776987,0.06479949934547051,-0.07731962971060664,-0.17777454235093365,3
sim00139,43,1.0,0.18604651162790697,0.3726989922683231,0.3332980245984556,0.09281581064223789,0.01804620349668658,44.0,0.7256405189163146,0.03982466658990762,0.19667693280319623,1.1380217483319521,3.7612001156935624,3.784189633918261,1.000088900581841e-12,-0.7631216828792758,2.1235184467677897,-0.7963358222803587,0.23470900560036886,0.1845134809632779,0.2988874577731888,0.27828655793380036,0.009702675480892976,-0.06532870812018429,1
sim00140,100,1.0,0.41,0.44144737213787927,0.33093283478344704,0.041819032553546395,0.010060283636227779,101.0,0.668967165216553,0.06444310180843049,0.19819076654250647,2.187895150258952,4.605170185988092,4.61512051684126,1.000088900581841e-12,-1.6668457085775432,3.180413982276813,0.2213400350932474,0.37750967976527794,0.18129458471518617,0.031950842713360315,0.39361146498115585,0.12650758536996154,-0.04959603643963608,3
sim00141,97,1.0,0.44329896907216493,0.4180931468022367,0.385343978233206,0.04642075155802964,0.005958893061326973,98.0,0.677491724151485,0.07210192763903996,-0.1191154180814778,1.034452301442837,4.574710978503383,4.584967478670572,1.000088900581841e-12,-1.5490242647500052,2.5218491213360887,-0.226140898271987,0.8123219466831277,0.0998487131663588,0.02064608485733919,0.06258474793042929,-0.18913457382010046,-0.053661805215964586,1
sim00142,86,1.0,0.5232558139534884,0.4005177613127762,0.39841362736318786,0.04991300641640924,0.007039061774558249,87.0,0.7792159114945985,0.08209058646939424,-0.35924578645500427,1.3676904879876657,4.454347296253507,4.465908118654584,1.000088900581841e-12,-1.2374365238755647,2.4955405668801625,-0.9463816719673216,0.705662476053389,0.24847137099538066,0.04523253269912926,0.0006262605519453434,-0.08137731280036455,-0.055119864822017604,0
sim00143,26,1.0,0.46153846153846156,0.3832943030344586,0.39371927910642524,0.04992741034798888,0.015327695752933149,27.0,0.6061807208935748,0.16202395155726318,-0.5603765393214718,0.9898940559308025,3.258096538021482,3.295836866004329,1.000088900581841e-12,-1.5647448459937654,2.077187751978115,-1.323827329741943,0.5618559417096661,0.3967227633623104,0.04075852700734082,0.0006627679006536476,-0.012121149566909056,-0.09071313296416351,0
sim00144,47,1.0,0.14893617021276595,0.3909700016667907,0.32729583694991016,0.0732693118998112,0.008304530966927752,48.0,0.8549498842664498,-0.030886821208314173,0.028524611423835607,0.6885545447803223,3.8501476017100584,3.871201010907891,1.000088900581841e-12,-0.5262250249597366,1.6728070098396923,-0.5358789371184633,0.1941132368100592,0.56190362971938,0.13112528187823186,0.07883884010534234,0.14626276233201893,0.1087694937188765,1
sim00145,107,1.0,0.897196261682243,0.4886437777030538,0.08814682141859809,0.0019057982250209962,0.0007301920549789952,108.0,0.9117531785814019,0.08725046067044658,-1.1189850693333139,1.6692858385098528,4.672828834461906,4.68213122712422,1.000088900581841e-12,-3.7428507771006205,3.713480152682604,-5.024408838427386,0.9450434989227303,0.04556554674198695,0.009365919694888338,2.5034115679771668e-05,0.05500371628611304,0.08011542603536587,5
sim00146,24,1.0,0.041666666666666664,0.15078543583114518,0.39415674502907916,0.23675429033080073,0.046368093665967475,25.0,0.5086286338633654,0.001698675992342737,-0.3321742418756763,0.6588962714099161,3.1780538303479458,3.2188758248682006,1.000088900581841e-12,-0.05414020653805195,1.5476425627812116,1.4034316747013806,0.021611436742574562,0.08845744006893232,0.1439158541031877,0.30840355373640504,-0.5184163012892117,-0.4398282337720874,0
sim00147,23,1.0,0.043478260869565216,0.23862905790962574,0.6031868282074838,0.38228317660833727,0.07265397167077237,24.0,0.3778162818038329,-0.0038968435595619767,0.5072146010757496,1.0241439541544146,3.1354942159291497,3.1780538303479458,1.000088900581841e-12,0.4862734464837053,1.4750406389619815,0.3534230625572334,0.186877827404605,0.06418839520097232,0.07302470058032338,0.30887709286362397,0.3772963458544789,0.08804215308522856,1
sim00148,44,1.0,0.13636363636363635,0.3445962640268807,0.4409582112181384,0.21211549416915462,0.0440219616084823,45.0,0.5839482899214576,0.007305347645500984,0.5626406015727086,1.7817581019218245,3.784189633918261,3.8066624897703196,1.000088900581841e-12,-0.1357358007318901,2.2117473604466813,0.3188635415463586,0.14169837950217418,0.04113303172022174,0.12238164022643237,0.5191835756276215,-0.09367241791707519,-0.009897004301576551,3
sim00149,90,1.0,0.05555555555555555,0.19783548104794327,0.6629369587878542,0.2715523662875213,0.030614645682137388,91.0,0.46741913508687205,-0.0372117277864874,0.4538451504549669,1.8370464655115921,4.499809670330265,4.51085950651685,1.000088900581841e-12,0.08694917169078979,2.317133183106624,0.07528704580771423,0.100616736105853,0.3005284430616817,0.2320062580052581,0.21186698657603764,0.016337803598197437,-0.04146974209625474,3
sim00150,16,1.0,0.0,0.22872866834963698,0.5614801674713661,0.2526391723799399,0.06890730891464002,17.0,0.6237160217496664,-0.04201288864102794,0.4915012816527501,0.7777214501277359,2.772588722239781,2.833213344056216,1.000088900581841e-12,0.07367826253612031,1.473388700007711,-0.6244217008381813,0.3217941394232213,0.18618404558334162,0.3807786187964083,0.09604462719765049,-0.24038891129465767,-0.16267615044452038,0
sim00151,19,1.0,0.2631578947368421,0.396326908697035,0.2822827637053108,0.06678192991247674,0.021420826202424404,20.0,0.22474351683417432,0.07544193545997273,-0.20150120446452927,0.9984238763913338,2.9444389791664403,2.995732273553991,1.000088900581841e-12,-0.9589659347901035,1.8073700810902844,-0.9017879538021728,0.6601725985577168,0.051101437660565546,0.033456587422927855,0.2552693763438155,-0.3626376725549568,-0.2588385558271397,0
sim00152,100,1.0,0.06,0.2124947499101177,0.580501707902906,0.3423271421494101,0.03382822394674166,101.0,0.14024154154030222,-0.03637436723602825,-0.04138351206150149,1.087418745201034,4.605170185988092,4.61512051684126,1.000088900581841e-12,1.0435043945704316,2.2906988319357966,-0.1518685567650805,0.03780145624619608,0.04719810061488935,0.1537519423675939,0.31500283589405087,-0.15025645966700232,-0.07299487363740774,1
sim00153,57,1.0,0.14035087719298245,0.39148584350082066,0.2896078636562457,0.09474536044239865,0.018960914907660675,58.0,0.1978849973703965,-0.015487303550035305,-0.03432235587888335,1.1365649344399253,4.04305126783455,4.060443010546419,1.000088900581841e-12,-0.515989877534399,2.434238141115281,0.2879226862867852,0.13807656465608015,0.0729828596824264,0.06703629389980462,0.45353470617566793,0.04364646983098193,0.03386866087703374,1
sim00154,50,1.0,0.14,0.20614619300796008,0.5398332818456628,0.24984528835996633,0.045827027384886095,51.0,0.6770208435269365,0.05691213600146739,-0.04936493307750238,0.9656575085706423,3.912023005428146,3.9318256327243257,1.000088900581841e-12,0.13330730810824618,2.216055160155467,-0.05979247521921152,0.05098845293100613,0.17770700014111335,0.2533803654055327,0.43393171031891575,0.025100281885396022,-0.11223518281837971,1
sim00155,25,1.0,0.04,0.16865883080037725,0.6109544806835581,0.3777078867784763,0.09336455587972389,26.0,0.47137596018545774,-0.0008856089829355262,0.08610439687231301,0.8851064164272477,3.2188758248682006,3.258096538021482,1.000088900581841e-12,0.415942917573806,1.8212665000888404,0.44130009656127056,0.06002352876639002,0.05503952472159617,0.2662534518756308,0.35251161085648314,-0.13102497709183766,0.03737934100250692,1
sim00156,32,1.0,0.0625,0.18782902717647923,0.7262726845441915,0.1633294619453107,0.02261569972551353,33.0,0.6654264654350917,-0.004509326266999111,-0.15261929754085027,0.9022155469642271,3.4657359027997265,3.4965075614664802,1.000088900581841e-12,-0.30976014743539054,1.4886108460891623,-0.08634061117040005,0.1409383951553658,0.295435044684536,0.11344806319048346,0.4099976584911603,-0.23223601243619388,-0.3373052063910981,0
sim00157,53,1.0,0.09433962264150944,0.20382913548214893,0.6092446769589241,0.14116491406739987,0.013132319231865515,54.0,0.5674405314405956,0.011279955198762842,-0.26264104013457357,1.030894955352649,3.970291913552122,3.9889840465642745,1.000088900581841e-12,-0.5531716807055524,1.5954394118195359,-0.6111308375598269,0.29725322010149285,0.25188853466752237,0.1620042725720574,0.17210492772207445,-0.12759373220921347,-0.14805055048337612,1
sim00158,20,1.0,0.0,0.15106311605442527,0.4510771569170856,0.2866567277785445,0.053149010467572026,21.0,0.5344457962223013,-0.03692456532147782,0.2185399092848201,0.9167967603833108,2.995732273553991,3.044522437723423,1.000088900581841e-12,0.14158186134995934,1.3105463309477587,0.29852466607238126,0.08524931414009412,0.2135836407507402,0.10091055399870112,0.26573597340172284,-0.21468535120537172,-0.25640475297812265,1
sim00159,96,1.0,0.0625,0.22788760926175944,0.6788855074387256,0.37006232528856065,0.05890721154705044,97.0,0.22671682806812865,-0.026757542017694327,0.3446131988053444,1.2423660205493452,4.564348191467836,4.574710978503383,1.000088900581841e-12,0.7470796218310849,2.726640273341157,-0.17992118520850361,0.07670257660604028,0.11238936197646104,0.1491387486023528,0.4473336337694887,-0.05002424393859081,-0.03024491986418339,1
sim00160,75,1.0,0.16,0.3375164929890977,0.9609092400289876,0.21361837290161903,0.049307506179851135,76.0,0.23692121479826223,0.009086227013900678,0.3710043670239011,2.3095442317814943,4.31748811353631,4.330733340286331,1.000088900581841e-12,0.16685745586881573,2.851373318989954,-0.466785425439651,0.04133807809409598,0.025749407214226343,0.17133987800055764,0.729322357879862,-0.05906645279676047,0.03208841200326388,3
sim00161,22,1.0,0.18181818181818182,0.2918055151528112,0.7393250053661049,0.17202832352378558,0.05695232784732029,23.0,0.43090787955740334,0.047023880310812484,0.16044322189248061,1.3509863610442296,3.091042453358316,3.1354942159291497,1.000088900581841e-12,-0.3545222367095026,1.9855978826815088,-1.412286114566661,0.3011029935554107,0.5411921457371995,0.04562289582953701,0.11208048843786482,0.25463508820407066,0.18917622884700686,0
sim00162,51,1.0,0.21568627450980393,0.38097950859204033,0.4359264818286198,0.08280568073755172,0.012035786747889646,52.0,0.4261889656581792,0.05813976554115174,0.2635865818367446,0.9836544354064454,3.9318256327243257,3.9512437185814275,1.000088900581841e-12,-1.0829310169589426,2.0032134059674753,-0.7354354209566765,0.6018084948297243,0.10560814366626525,0.14343475315551915,0.11172294002437996,0.1611375278743838,0.045234053283134436,1
sim00163,37,1.0,0.02702702702702703,0.19494860447721676,0.5180830388903098,0.398760503337236,0.11032073602942571,38.0,0.33478840305680135,-0.024039794798389476,0.2781779293507346,1.3062925108609844,3.6109179126442243,3.6375861597263857,1.000088900581841e-12,0.582512392859198,2.3259488233813195,-0.0030874842596209096,0.061517705518214394,0.2125280972636517,0.09317423403550654,0.12882180184010752,-0.3594463233683962,-0.3128307038788634,3
sim00164,45,1.0,0.2,0.3672166818789053,0.3378471482070722,0.1796851858626938,0.04704388018094549,46.0,0.6764996100511697,0.0899944924629141,0.2667041964141113,0.9792044266827516,3.8066624897703196,3.828641396489095,1.000088900581841e-12,-0.1971705593211479,2.466536924337929,-0.2230298386790477,0.16715576885409897,0.06178406837336852,0.0694102666848808,0.11128598289184474,-0.2269488483125653,-0.008130401689904115,0
sim00165,80,1.0,0.2,0.32055519031801605,0.4802233181304848,0.09856913420956741,0.010373896003446027,81.0,0.5988427926295112,0.00815992585218581,-0.3290446164389286,1.3011916959525625,4.382026634673881,4.394449154672439,1.000088900581841e-12,-0.8908390516608078,2.1305611129768725,-0.31036631694246786,0.3880582811570112,0.10971253797106373,0.14954848452468425,0.3489758689011131,0.0033911680379513963,0.06598287323371832,1
sim00166,61,1.0,0.19672131147540983,0.27847723654102896,0.4574757328825594,0.10948922678607267,0.017180827704476695,62.0,0.7001728160303167,0.03851500774617896,-0.32198039267583684,1.1208884572362783,4.110873864173311,4.127134385045092,1.000088900581841e-12,-0.6509520019685652,2.258841798543549,-0.056961971418030166,0.1377659290836953,0.268046943585484,0.349414081800901,0.24080877062437397,0.03695510634998673,0.08890434609936275,1
sim00167,45,1.0,0.7333333333333333,0.4726412842589281,0.2002739592066321,0.014192342778618248,0.0077519298626423615,46.0,0.2003739592066321,0.15021815320909124,-0.7234005136718904,1.7527177357879185,3.8066624897703196,3.828641396489095,1.000088900581841e-12,-2.423871728791345,3.201901735407224,-2.8959724134371676,0.9840247953008033,0.013774375378851938,0.0021678794402383425,3.2949809645877996e-05,0.14794711450044176,-0.13504371331133497,0
sim00168,92,1.0,0.25,0.3324374273498842,0.37472078378662355,0.08898901658692963,0.011635392458141306,93.0,0.08562280541902689,0.06046711054739509,-0.17641850506492202,1.02561516656908,4.5217885770490405,4.532599493153256,1.000088900581841e-12,0.12807339399034115,2.487327150129899,-0.44466796256925334,0.16011901838986742,0.24389350542417126,0.2986014126161142,0.2906840552399987,0.054153786523441175,0.037302375871959045,1
sim00169,38,1.0,0.7105263157894737,0.4718078349226494,0.14565759815949986,0.005390670393686109,0.001242748201330235,39.0,0.8607071368655435,0.13008120205096688,-0.944051882508109,1.192022671154825,3.6375861597263857,3.6635616461296463,1.000088900581841e-12,-3.101907915592762,2.170241617649162,-5.289975027834174,0.7291660892351727,0.2648059372135791,0.006027430042414001,5.433233283609198e-07,0.2806646003620483,0.048662012295862936,5
sim00170,26,1.0,0.038461538461538464,0.20034498362256722,0.6706947716536573,0.2536956396666369,0.05652696982170883,27.0,0.6718853230512248,-0.02740471600842707,0.3004510392748438,0.7577319934243876,3.258096538021482,3.295836866004329,1.000088900581841e-12,0.14043971060993185,1.7566791246836027,-0.4993772447429342,0.17948757447423355,0.2363785364808763,0.22246378299911918,0.3542285393311948,0.19307210090498766,0.12109652895034499,1
sim00171,9,1.0,0.0,0.21978097416216816,0.6552643681507719,0.12930182075715968,0.0861892075518229,10.0,0.7348319074748383,-0.03146788547291868,-0.5242302978352255,1.128600440534337,2.1972245773362196,2.302585092994046,1.000088900581841e-12,-0.4101010657439734,1.7916201773671072,-1.7699301498428421,0.017913126745484072,0.1469871351487035,0.7913509161400302,0.029954352797444374,-0.06731663449695811,-0.22632984012435362,0
sim00172,76,1.0,0.23684210526315788,0.28555859635080383,0.492683089499741,0.13543970723102472,0.01905305118685024,77.0,0.33645028577160835,0.031006445787773965,-0.16187607436317794,1.0388805757284398,4.330733340286331,4.343805421853684,1.000088900581841e-12,-0.4997723220257508,2.3694340196049795,-0.6360594221386787,0.2347081024075216,0.19440722915837336,0.4751354523004073,0.09496030920307881,0.04365160246511022,0.04863577908243846,1
sim00173,76,1.0,0.8421052631578947,0.4889246912665679,0.057300069280136326,0.0021379581341758004,0.0007925695203946315,77.0,0.027835695366034453,0.11136069565862672,-0.8210106704049334,2.845067519697666,4.330733340286331,4.343805421853684,1.000088900581841e-12,-2.5382375208487087,3.338407021176262,-9.25061654505535,0.7206262445891701,0.27914627587130925,0.00022074374434615827,6.735327438456957e-06,0.0011970702941540093,0.06000766659707578,2
sim00174,67,1.0,0.5671641791044776,0.42496216334059306,0.24430580411627334,0.026317454641922033,0.005907605208994631,68.0,0.8174180242280652,0.07860593807559024,-0.8423711392380262,1.5978277601921302,4.204692619390966,4.219507705176107,1.000088900581841e-12,-1.7353622033917826,2.710700762681747,-5.006356786189561,0.37689953967154893,0.5949511511383518,0.028149309152101686,0.0,-0.14599892167259426,0.03542544181448484,5
sim00175,84,1.0,0.2261904761904762,0.38534663992087265,0.379183615761162,0.07794297952283173,0.013959952548954248,85.0,0.8048795879381432,0.02179014908881651,-0.06756855607814584,1.021114650423052,4.430816798843313,4.442651256490317,1.000088900581841e-12,-0.7005767451872211,2.7110319684966266,-0.1721807806480164,0.22142892310892265,0.20833139808351012,0.5224861333764916,0.03369283120760204,0.26165100015565373,0.05973760199983788,1
sim00176,86,1.0,0.2441860465116279,0.3537683970644102,0.3961805930633607,0.07856400154495292,0.005385589036698795,87.0,0.2546754572912861,0.07872497963454836,-0.3378581871529799,0.9840352156612362,4.454347296253507,4.465908118654584,1.000088900581841e-12,-0.8821408914789747,1.7741603857755508,-0.46239602338234803,0.19865686272497693,0.08893632332128718,0.4162189681449721,0.24794638196127874,-0.02380597856275892,-0.0484361192507501,1
sim00177,67,1.0,0.14925373134328357,0.13775847102587738,0.664464781263677,0.18829054390606043,0.018949968885378907,68.0,0.5076049410856871,0.026766955503207908,-0.29768052650251,1.0173568241718678,4.204692619390966,4.219507705176107,1.000088900581841e-12,-0.28324333441633076,1.9085086925168857,-0.6114292979889733,0.3191323459687651,0.07734801028275266,0.21826564363629858,0.28249059490552414,0.18658991209113107,0.08391617844951155,1
sim00178,41,1.0,0.4634146341463415,0.39637966537434194,0.7094002133992149,0.07211876189469464,0.029432158886860054,42.0,0.3750446865823649,0.07333964842955112,0.07060702326907364,1.1576556857080684,3.713572066704308,3.7376696182833684,1.000088900581841e-12,-1.1786558218544019,2.8173457515038987,-0.6768784629904284,0.7772047449064423,0.20472389218666814,0.004874719249130023,0.012994566975813103,0.5131559102780103,0.17975236840393782,1
sim00179,101,1.0,0.9108910891089109,0.4892772622309981,0.08157601291513115,0.0024012290463736046,0.0006483008019246878,102.0,0.06831565462213958,0.12182984850156194,-0.9603079818000122,2.7160220727838005,4.61512051684126,4.624972813284271,1.000088900581841e-12,-3.277397027940899,3.3057392775556855,-20.42683465213878,0.9130885289704362,0.0862699201808218,0.0006415504322886162,0.0,0.04547552820886701,-0.15457857288032875,2
sim00180,13,1.0,0.8461538461538461,0.49304667077269543,0.04592483709188292,0.0007803344004724069,0.0004971466558724806,14.0,0.046024837091882924,0.31237447984621974,-1.5759547627109387,1.3937806902684986,2.5649493574615367,2.6390573296152584,1.000088900581841e-12,-4.030096276354424,2.1141118612558474,-19.63281888815742,0.9790732554952516,0.020843338015898563,8.340520734797668e-05,0.0,0.8192233041756992,0.48455557898024504,2
sim00181,80,1.0,0.1,0.27248527418004875,0.9105220314108091,0.3546994977599869,0.06547027769560083,81.0,0.4141719153694361,-0.016869166420989852,0.01752642271014213,1.3944670741332783,4.382026634673881,4.394449154672439,1.000088900581841e-12,0.37971870705792304,2.692351952656425,0.1921329894574159,0.094628253964203,0.035181255331391596,0.013360912144582356,0.10742494277481317,-0.12233771021382552,-0.115296881149036,1
sim00182,57,1.0,0.631578947368421,0.4314502488204175,0.5206851829389002,0.04633561789116145,0.01373766041356351,58.0,0.5207851829389002,0.06793499424480301,-0.08052006406380714,1.3366658040792108,4.04305126783455,4.060443010546419,1.000088900581841e-12,-1.6838203773957812,2.827281313144723,-2.311955761202882,0.9318034544262757,0.06234579807352003,0.005807693410580209,4.305406804255567e-05,0.39376651881199165,0.062067880117742696,0
sim00183,90,1.0,0.06666666666666667,0.1696750737342955,0.6932496327605513,0.3301105548016696,0.027650103020321812,91.0,0.4267724485653013,-0.012935376915783782,0.1450425140442457,0.9916852639441842,4.499809670330265,4.51085950651685,1.000088900581841e-12,0.2996491672404615,2.020011511019592,-0.026859489064271047,0.127564255836284,0.11470365530789645,0.2811444972734644,0.31483069614707043,0.01781658534883133,0.0070396096513768965,1
sim00184,61,1.0,0.09836065573770492,0.2927522270347309,0.9452171838137304,0.5264625097604541,0.0840292510090977,62.0,0.3311753347275467,-0.006570476132193327,0.4249298541275685,1.0375678599541556,4.110873864173311,4.127134385045092,1.000088900581841e-12,0.8657655132050155,2.27585870608886,0.1794850141859582,0.03722400866609993,0.015895649946585988,0.03247536699050946,0.30431244989533063,0.023646030548039196,-0.18721632688977471,1
sim00185,98,1.0,0.19387755102040816,0.3557255639517227,0.5571324920915945,0.28055654331944324,0.05881194335835618,99.0,0.1340503281135519,0.04346737100028885,0.13080694172822505,1.3100082917260745,4.584967478670572,4.59511985013459,1.000088900581841e-12,0.882488460443355,3.0225371458468917,-0.08664544421056508,0.02773048687385688,0.05253389968858431,0.03125179811597706,0.19303117949009255,-0.05589757683120053,-0.019378722909861486,1
sim00186,15,1.0,0.0,0.2766542323092429,0.440017850870582,0.2269733148591358,0.11038221296255793,16.0,0.6755263886573751,-0.051071698328151796,0.665557191365809,1.1514321473127884,2.70805020110221,2.772588722239781,1.000088900581841e-12,0.03489130000004115,1.987166752553698,1.2433017286585337,0.22231655130244762,0.05756836149662811,0.053789807938907724,0.5592166916025819,-0.18839597427616844,-0.05552427657832222,6
sim00187,87,1.0,0.21839080459770116,0.25616493089948866,0.88257716370415,0.21363670457037134,0.030278297371065407,88.0,0.6217238966326777,0.04696305787468676,-0.1424250844439824,1.0162553775303,4.465908118654584,4.477336814478207,1.000088900581841e-12,-0.09608825008927484,2.5120623855795614,0.003306751659698487,0.08840379660056166,0.15470411045011856,0.18422852027344452,0.5682498559991304,0.3095341409785355,0.20175984469636576,1
sim00188,47,1.0,0.6170212765957447,0.47475026114571883,0.1292912833816543,0.013960637495415927,0.004825653479277027,48.0,0.9028404185588299,0.08724175599213131,-0.19761827561770723,2.1990405093450023,3.8501476017100584,3.871201010907891,1.000088900581841e-12,-1.837903569162291,2.787851998138261,-7.70029451829589,0.9163085688176672,0.07182332100408913,0.011868110106613552,0.0,-0.5449760222834247,-0.47030132510071837,2
sim00189,37,1.0,0.5675675675675675,0.4326428288920583,0.29109511420098305,0.026931430196226597,0.010310010807468977,38.0,0.2148211547237205,0.1477553740558616,-0.30477602049361,2.0787164393705644,3.6109179126442243,3.6375861597263857,1.000088900581841e-12,-1.8346680713301249,2.6507392443156497,-2.7436724283168936,0.789853600412245,0.17984919163494223,0.030255278782047323,3.9797478003944815e-05,0.3704630722724312,0.09912473287625789,0
sim00190,26,1.0,0.15384615384615385,0.3135998029870836,0.36988206287496306,0.0919573243489383,0.025184535148226436,27.0,0.8215843709955056,0.054865151049862844,-0.24899022155744582,1.0925091820279293,3.258096538021482,3.295836866004329,1.000088900581841e-12,-0.466270575981497,1.9630020556625505,-0.1552937045178673,0.10634296551994406,0.07947988542211609,0.5675125818791382,0.20376384597215091,0.21960187747778123,-0.022156093141487573,1
sim00191,40,1.0,0.175,0.30184414635649737,0.4883296988359876,0.0837744066569557,0.017350676861668562,41.0,0.314341011722413,0.02927586843567182,-0.26873024449739247,0.9643163991386492,3.6888794541139363,3.713572066704308,1.000088900581841e-12,-0.9449759936887111,2.1143834205064986,0.004295242441569869,0.33793815239656094,0.29188622366504946,0.2176928436067326,0.1449454998608319,0.2373964455993505,0.2084943136257978,1
sim00192,17,1.0,0.0,0.17670986733157465,0.6480350949183551,0.25760272967471587,0.04888071389540744,18.0,0.5504060731530777,-0.04404977570398791,0.510179890880571,0.9522978416944531,2.833213344056216,2.8903717578961645,1.000088900581841e-12,0.04017275850389087,1.1711776730915016,-0.6551188078322916,0.20433574276342104,0.18885683074455065,0.09098775431833885,0.3255617499478495,0.20731170328233375,0.05512291197522063,1
sim00193,75,1.0,0.09333333333333334,0.14494007743075019,0.7178584129335337,0.3169836124407617,0.02915099403932254,76.0,0.30681467047726674,0.02689803481597643,-0.006234831122531677,0.9609042352181391,4.31748811353631,4.330733340286331,1.000088900581841e-12,0.3990640754733434,1.9311270496129425,-0.4036596562384305,0.12134144075556244,0.1623525905100662,0.12432125653480747,0.31580691434866437,0.17686596195082968,0.09785756142875429,1
sim00194,114,1.0,0.42105263157894735,0.40425388340934065,0.30000630845179044,0.047819557479653954,0.005862586380227101,115.0,0.8416942424677234,0.058662762315125974,-0.22579157501703992,1.3649852730944216,4.736198448394496,4.74493212836325,1.000088900581841e-12,-1.0247551659699985,2.6373546061006006,-0.7281311703466626,0.5090598518155047,0.21607540384596013,0.09616911690444188,0.1783922025738673,0.05175653094012112,0.09131996898634484,1
sim00195,81,1.0,0.2716049382716049,0.37075591977116795,0.38409129279400633,0.07279420298312944,0.01101588671291133,82.0,0.6718226611554242,0.03310057610528355,-0.20908226267993382,1.166302479227817,4.394449154672439,4.406719247264253,1.000088900581841e-12,-1.1081569364206285,2.5061513084766385,-0.4371312722118356,0.1268891507847304,0.22119288097872725,0.5535840794760644,0.09762175105167079,0.05127048935023607,0.03553462297870821,1
sim00196,44,1.0,0.5,0.4010567223276038,0.3552025478812181,0.034388700177697094,0.007253128600926002,45.0,0.6801459720965449,0.11264887273920925,-0.749399868969092,1.193843819261549,3.784189633918261,3.8066624897703196,1.000088900581841e-12,-1.844688862681912,2.2278945125121923,-1.8014029053078484,0.7004976319362961,0.23701346931913317,0.062342986761091575,0.00014591195439979396,-0.06037123753973623,0.09481760835576203,0
sim00197,64,1.0,0.203125,0.32910619182502826,0.3512875809721796,0.11734405660464414,0.01791907064642419,65.0,0.7378707415129857,0.040264926507014534,0.2307038380944532,1.8059887137569117,4.1588830833596715,4.174387269895637,1.000088900581841e-12,-0.49974084410907854,2.2796383535524765,-0.5090865684233896,0.1180699462244656,0.24953765082375076,0.4652536916440132,0.16074314210673743,-0.21699699614660642,-0.2151126367675942,3
sim00198,117,1.0,0.811965811965812,0.45992135923487426,0.32919427988079697,0.013141666279747524,0.0033100499108822457,118.0,0.7190477045247947,0.088206339138838,-0.9215716197419802,1.70729971514403,4.762173934797756,4.770684624465665,1.000088900581841e-12,-2.7325694980925688,3.3833493795497365,-3.3667234925443763,0.9476522635917064,0.05024181462532994,0.002098020269495622,7.90143737412973e-06,0.3750347918289048,0.12084466339944061,5
sim00199,94,1.0,0.7021276595744681,0.4415336572777442,0.35222420030752044,0.027254842988192727,0.0060429946323929985,95.0,0.3039537039683692,0.04705028463906312,-0.7578359722868007,1.5315417631532502,4.543294782270004,4.553876891600541,1.000088900581841e-12,-2.0493050669707196,3.0369632384746024,-3.513270894911416,0.9441901727532839,0.053794772570298535,0.002002149302410586,1.290533731636221e-05,0.3495816774367828,0.15765242757834247,5
sim00200,40,1.0,0.5,0.4069706872989694,0.3826823268142422,0.030617462350982786,0.007394991538011796,41.0,0.37755666193424153,0.1578830185429636,-0.607712945025447,1.058460171601568,3.6888794541139363,3.713572066704308,1.000088900581841e-12,-2.038047466006753,2.2681118935639977,-1.561598386784204,0.7156058879709114,0.26810042317269467,0.013376566270773734,0.0026961423395089356,-0.2141431226438188,-0.23045146182622003,0
sim00201,38,1.0,0.18421052631578946,0.2630603922291596,0.6689492039497204,0.09154101947237049,0.017432843792949713,39.0,0.66919116080515,0.07960254733158505,-0.4919104885136294,1.0923698178733376,3.6375861597263857,3.6635616461296463,1.000088900581841e-12,-0.8830679928219888,1.9791549885973605,-0.9046297679388604,0.4345877059197679,0.3387865162842257,0.1450998603394523,0.07001578344824985,-0.08190988790348379,-0.01109573491116722,0
sim00202,100,1.0,0.77,0.47660403805925056,0.10619498910966829,0.003965751555774332,0.0009576222177402073,101.0,0.8937050108903317,0.15656472479999928,-0.9815717169139377,1.5979021197978185,4.605170185988092,4.61512051684126,1.000088900581841e-12,-3.1761432365422597,3.1841728536829845,-1.5845224537279048,0.7454447670591862,0.1289602573147258,0.11994180572429794,0.0028576793931018025,-0.0254692998314643,-0.06722085620377792,0
sim00203,67,1.0,0.1791044776119403,0.22442360084471008,0.6787765236623939,0.22187466130241107,0.037791281489245716,68.0,0.5293810253748563,0.05487779081447946,-0.002974676946952391,1.252196140550818,4.204692619390966,4.219507705176107,1.000088900581841e-12,-0.1158893302596392,2.434658413000733,-0.42343612696292954,0.13729666809109525,0.16466716822965605,0.40284377151200057,0.2878378539601191,-0.1664210623331464,-0.1529619169579329,1
sim00204,76,1.0,0.06578947368421052,0.22015898272542983,0.6017333246633132,0.18739486234802544,0.033239329107023936,77.0,0.3841176932078389,-0.010436868577076711,-0.16628446212841982,1.2691532797378573,4.330733340286331,4.343805421853684,1.000088900581841e-12,-0.233031650254329,2.601249172395471,-0.7429383182704061,0.1464846267873336,0.21697946254762154,0.4316939360960848,0.10798654650613279,-0.09206280552352458,-0.08229438892259563,1
sim00205,103,1.0,0.5533980582524272,0.43888997128564217,0.26071449138510927,0.02757888876927505,0.00523933458320254,104.0,0.9045869366079966,0.07257355129611398,-0.2858586566979276,1.8068543711549023,4.634728988229636,4.6443908991413725,1.000088900581841e-12,-1.1408880583984404,2.973872906642463,-0.8529238018788786,0.2118245122704934,0.5683652305672975,0.20840287731871174,0.011316055705175184,0.15301726545910244,0.05961519326765894,3
sim00206,61,1.0,0.32786885245901637,0.3577570952254076,0.4574965752881482,0.09795883233214071,0.025747415371823762,62.0,0.4575965752881482,0.05468241784815808,0.14469612783433256,1.176725316275425,4.110873864173311,4.127134385045092,1.000088900581841e-12,-0.9296954154096658,2.7746607995821027,-0.17234183945070353,0.5405635588064789,0.25097056595809153,0.06146335912767356,0.14228016265027219,0.012026796367671625,0.16210096772425014,1
sim00207,63,1.0,0.746031746031746,0.48268707556143114,0.14485435945845482,0.005410998563337242,0.002458884939242103,64.0,0.8550456405415452,0.07986543463616465,-0.48784175820270625,1.321600964004598,4.143134726391533,4.1588830833596715,1.000088900581841e-12,-3.1313848464677956,3.354409032454983,-1.4049336915624973,0.7929574287787304,0.16969614377565892,0.03568709814023513,0.001659329120566718,0.2849617986401971,0.032804638808219495,0
sim00208,58,1.0,0.3620689655172414,0.44619903710305747,0.18249779005927114,0.022143660094696923,0.004209282303392995,59.0,0.8815273175016918,0.06583107040253694,0.13120477450102766,1.6820152771399108,4.060443010546419,4.07753744390572,1.000088900581841e-12,-1.5510318891436718,2.4001839375255654,-0.05220095741673354,0.25005849656808915,0.08596756250995014,0.4224410377827665,0.23186692102849035,-0.05611230822419003,-0.1083963353874082,3
sim00209,116,1.0,0.27586206896551724,0.20396842967931617,0.774769094151314,0.20091693622409154,0.01351816454854405,117.0,0.32913153763180825,0.12520291832521788,-0.17195043636058338,1.1087315903014812,4.7535901911063645,4.762173934797756,1.000088900581841e-12,-0.09438371779738657,2.054732923727815,-0.07620272779460827,0.1614895958347171,0.08905858527141133,0.29446025602688103,0.41689987815974566,0.017157576765282533,-0.01995027278869857,0
sim00210,99,1.0,0.1111111111111111,0.2496521865162058,0.5482593694881863,0.1490799205013894,0.009964607611136428,100.0,0.3773764101985093,-0.017327104992106823,-0.12747006933179536,1.0270100304238574,4.59511985013459,4.605170185988092,1.000088900581841e-12,-0.4549474510150408,1.8896768844060148,-0.5337736826372883,0.13752506036488074,0.35758304238631444,0.31353977074695044,0.14957074619001992,-0.08709965387519614,-0.0803171908562434,1
sim00211,110,1.0,0.15454545454545454,0.2517203492501783,0.8784963089974058,0.20819213906526587,0.022111563962679045,111.0,0.5096618276742694,0.025767598446860145,-0.2914839651223199,1.0191593351839292,4.700480365792417,4.709530201312334,1.000088900581841e-12,-0.1826260456558231,2.4581196943949193,-0.009450659850342269,0.131938664548019,0.04625745794702397,0.09629883566819299,0.2886107655552589,0.09171068995149434,0.017829807683918474,1
sim00212,29,1.0,0.27586206896551724,0.31255491820331294,0.39680388970387553,0.09932362523410364,0.02648611205675984,30.0,0.3112489174602948,0.07279865740514271,-0.3720932503369945,0.8314108048569373,3.367295829986474,3.4011973816621555,1.000088900581841e-12,-0.7693341624389148,2.0455328915016104,-0.8364383933683744,0.2507278096148125,0.25922973329369015,0.4125848909085016,0.07745756617292764,-0.19800411550130936,-0.1971012074154776,0
sim00213,94,1.0,0.05319148936170213,0.15475996369704978,0.6208476116482318,0.7021962225890332,0.15247507559482903,95.0,0.2999259976401586,-0.021266108387151005,0.02222605728087513,0.8231453095852757,4.543294782270004,4.553876891600541,1.000088900581841e-12,1.2072463464971166,3.016083041785016,0.04390469283420705,0.037589648524583276,0.06275744768673096,0.07525548654983165,0.08021061304561419,-0.010407521494451488,-0.008224756999071813,1
sim00214,99,1.0,0.13131313131313133,0.22995631610914924,0.6080804545315169,0.3533672535576169,0.05979419540570245,100.0,0.4833800377684502,0.03143243643984236,-0.04052637101688123,1.391015496900356,4.59511985013459,4.605170185988092,1.000088900581841e-12,0.3471524800236842,2.8185205448571766,0.2705966171631,0.09696117806456986,0.07812159851214248,0.029340296777673237,0.2764585450353631,-0.06167004316191618,0.021384694014945384,1
sim00215,78,1.0,0.4358974358974359,0.39864014917727053,0.2984771394386053,0.042847509828157125,0.005740526611701952,79.0,0.21824876804655258,0.099504043958538,-0.47326766758895855,1.3270208628017461,4.356708826689592,4.3694478524670215,1.000088900581841e-12,-1.3817693135835416,2.346612245705723,-0.984004581766549,0.4045847892321392,0.3614002020900236,0.22275167111689326,0.011217209332993033,0.23817078935908897,0.2628174109491493,0
sim00216,17,1.0,0.0,0.28911285553644817,0.8901488164887581,0.19128446564859233,0.052236069868236014,18.0,0.24772933959618693,-0.056605795115241636,0.08281712354126386,1.0312177741419755,2.833213344056216,2.8903717578961645,1.000088900581841e-12,0.02608399046209225,1.5352249248812846,-0.4674453497353455,0.047113223928293944,0.08262428571437055,0.20545487552416053,0.6611066226654324,0.013284970643108617,0.17220331442318734,1
sim00217,64,1.0,0.078125,0.19591725074080707,0.8877210857586982,0.2627418571167938,0.042858524764612,65.0,0.5195510603838094,0.003919099624820874,-0.0011971437533986572,0.9495546701152537,4.1588830833596715,4.174387269895637,1.000088900581841e-12,0.05124124634709102,2.345615634443469,-0.5794601252580647,0.189085284196655,0.07338810478713288,0.16559395035077246,0.3470797706425224,-0.01803729148498851,-0.10751178171472107,1
sim00218,49,1.0,0.6122448979591837,0.4523403464868002,0.3092579008319084,0.02670270412969765,0.006270221566915077,50.0,0.6906420991680916,0.15067298870992024,-0.4837637668140946,1.4121083440171671,3.8918202981106265,3.912023005428146,1.000088900581841e-12,-2.0796004875746332,2.442867149537834,-0.3911252605963364,0.941507563392055,0.039358759474969,0.013656717346963013,0.005476959748563584,-0.1323152770876483,-0.19189671343276593,0
sim00219,48,1.0,0.041666666666666664,0.19421429556447053,0.7388415183522857,0.28688363940934875,0.03794677320896314,49.0,0.2971441901956959,-0.020809297726665333,0.10596888844162491,1.0856069589712605,3.871201010907891,3.8918202981106265,1.000088900581841e-12,0.31746270125547116,1.8483087876122408,0.6262097751283623,0.07391380387260882,0.11995421332807815,0.1292869153315222,0.3659942715166733,0.34645548407876764,0.2387218894397027,1
sim00220,118,1.0,0.7372881355932204,0.4662063324030259,0.18346832985366163,0.012897601394379754,0.002049700646805763,119.0,0.12992438166392373,0.04248956318521069,-0.7675233198169764,1.6445874775886,4.770684624465665,4.77912349311153,1.000088900581841e-12,-2.1707360924957446,2.9313370166848736,-4.934991296445408,0.8710372379881763,0.12827064837932364,0.000594525499725829,9.758805524031299e-05,0.037908777045463825,0.08268014863574555,5
sim00221,60,1.0,0.13333333333333333,0.2393966897959262,0.743404210020426,0.23614009129370467,0.023831546493497866,61.0,0.7016091857915945,0.02430984731632309,0.2839513078561114,1.4254191189460583,4.0943445622221,4.110873864173311,1.000088900581841e-12,0.12039989709131599,1.8009295118431987,0.429712132872232,0.19390317778800983,0.14498428861305826,0.14069169754428595,0.43842881762938385,-0.019199229953611365,-0.10394391983580734,1
sim00222,19,1.0,0.10526315789473684,0.09740832015963743,0.33765797087154914,0.24562263848496396,0.13737317708421076,20.0,0.6044017501570188,0.07194175559791878,-0.5686816763020645,0.8946735157741975,2.9444389791664403,2.995732273553991,1.000088900581841e-12,0.026913345479487146,2.363343753832701,-0.6200311810846272,0.050325853326391175,0.20115252142914372,0.07732976462659816,0.11105802942527784,-0.11731466382606938,-0.18333735100264914,0
sim00223,59,1.0,0.4576271186440678,0.38009764110452715,0.4755124007399925,0.04865536807102907,0.009653438506779024,60.0,0.37079756298481936,0.09468130190834813,-0.5007214714845937,1.1577935339764553,4.07753744390572,4.0943445622221,1.000088900581841e-12,-1.5675918835654472,2.460089473463835,-1.0552721563489986,0.5941366922271082,0.3260694721907998,0.07290410962009086,0.00687889639989656,-0.022712560436485358,0.07710191460903121,0
sim00224,29,1.0,0.3793103448275862,0.3958491757025608,0.32974641573127816,0.024992044394958716,0.006369438734611555,30.0,0.6701535842687218,0.11698876431891281,0.2709704227422763,2.5737650427113223,3.367295829986474,3.4011973816621555,1.000088900581841e-12,-2.1798212265777033,2.000249633926694,1.4141658789279505,0.46254201212278434,0.35067095646147745,0.1535403227730541,0.03324231102357407,-0.1908933710123218,-0.3248252426502195,4
sim00225,25,1.0,0.2,0.3142835527657485,0.5278736560582798,0.09520206317859117,0.024094149722584838,26.0,0.4097278140039453,0.11960506170896654,-0.39881869439283313,1.020360657381911,3.2188758248682006,3.258096538021482,1.000088900581841e-12,-0.9323199410776405,1.8448432719684165,-0.6312918229570368,0.3733750479355523,0.2951722363020674,0.011184417199834292,0.12540899776755812,-0.2515583127646198,-0.1952385222435786,0
sim00226,62,1.0,0.0967741935483871,0.22201146056824786,0.6139501938524261,0.19884445077372317,0.04016793871490376,63.0,0.46156667799544066,0.013177766866117645,-0.10819027234724346,1.0933379207274005,4.127134385045092,4.143134726391533,1.000088900581841e-12,-0.2230120480949397,2.5276806531000395,0.41378017090759744,0.12545262765182338,0.1030414736744026,0.2436513432820448,0.1504593055454927,-0.1387279830301592,-0.13777820154775916,1
sim00227,113,1.0,0.21238938053097345,0.37909082340938344,0.27743247763116935,0.0658392125623046,0.004972964266375877,114.0,0.18851752191032561,0.008225169166205283,-0.19351554490686798,1.0703043705977695,4.727387818712341,4.736198448394496,1.000088900581841e-12,-0.8430828762978833,2.144188314947739,-0.2429087241141974,0.21618818801711612,0.10119052559661842,0.28317712367250164,0.3208528200643674,0.0627380608104772,0.015527205479321026,1
sim00228,17,1.0,0.8235294117647058,0.4862993456265135,0.08600602505515786,0.0023312805291089275,0.0012009357259251416,18.0,0.9136628545821253,0.2941543706062106,-1.373445273130573,1.489423193859167,2.833213344056216,2.8903717578961645,1.000088900581841e-12,-3.5215485834905462,2.1698966622105202,-2.6363977491905737,0.9858084149596554,0.009058125366067588,0.0016007722967454128,0.002285578467706745,0.23635549314578705,0.2619225494266494,5
sim00229,17,1.0,0.0,0.29643792670451413,0.6066409810259766,0.3349968216145382,0.13367035785403922,18.0,0.7757840636706617,-0.05163044730845433,0.6139722744892302,2.0266264466544563,2.833213344056216,2.8903717578961645,1.000088900581841e-12,0.6553925210736289,1.9144690530759891,1.6349018120520915,0.021720888223739087,0.043015941404601056,0.05531169600749816,0.5239327724746679,0.2413771286639769,0.08715717835387496,3
sim00230,64,1.0,0.234375,0.27113987740740425,0.7537969473136439,0.1891818059500737,0.044379399945593694,65.0,0.6482334689454803,0.06744246936075993,-0.0013810797117539996,1.5054389250488847,4.1588830833596715,4.174387269895637,1.000088900581841e-12,-0.18675484661463387,2.708949990688366,-0.3683118017055017,0.211276256489581,0.19123688489918966,0.5611092312586061,0.030322907017911793,0.15295221982854537,0.05839606147009878,1
sim00231,103,1.0,0.2912621359223301,0.2843774319850189,0.45912749302007216,0.07635220371011327,0.009168994116092264,104.0,0.6399156611967408,0.05663383492021105,-0.5577714507866552,1.3298985461297164,4.634728988229636,4.6443908991413725,1.000088900581841e-12,-1.1045624932538585,2.515199679828862,-0.20838917769201826,0.26722801324074996,0.3357182810757837,0.3086607891066807,0.08641415907803028,-0.0034388787006775275,-0.03719688372604516,1
sim00232,116,1.0,0.7672413793103449,0.4763997707508794,0.17654661735816535,0.006513451865457966,0.001179528702609593,117.0,0.8233533826418347,0.051441936239430226,-0.43656991532643724,1.6513101008449302,4.7535901911063645,4.762173934797756,1.000088900581841e-12,-3.1059118815391358,3.0448355721086395,-2.340305765312779,0.7897833693800026,0.19187214174513575,0.018197936134985996,0.0001465525863470868,0.07887119731996753,-0.060167205762435505,0
sim00233,38,1.0,0.3684210526315789,0.3614180537957884,0.48229172679267235,0.07706140135661517,0.018276511033237283,39.0,0.4712200320522142,0.12857048596443474,0.03603407183929178,1.8718926042819364,3.6375861597263857,3.6635616461296463,1.000088900581841e-12,-1.1735397467122204,2.198600320284167,-1.382622283253247,0.4957395876889115,0.3272298295812276,0.16944109269583338,0.0075868190154578345,-0.38259459674803104,-0.40578269989511895,6
sim00234,55,1.0,0.7454545454545455,0.48307553742216386,0.07004208158761449,0.0044835843199922225,0.001224844547479394,56.0,0.9512610741619172,0.12634960058812553,-0.7601020666432722,1.8106828960324057,4.007333185232471,4.02535169073515,1.000088900581841e-12,-2.336088482994714,2.7097243117421153,-6.308198863918715,0.6293552143771671,0.36849296891737604,0.002151816482420925,0.0,-0.15373611493258532,-0.08039848627772525,5
sim00235,55,1.0,0.38181818181818183,0.43722374343906495,0.1570470537160804,0.02059361617738436,0.004539608093154385,56.0,0.8421635033949466,0.041131040746745395,-0.4422016285803991,1.4101725599267978,4.007333185232471,4.02535169073515,1.000088900581841e-12,-1.8647974330611659,2.4951927345488363,0.09410376761493289,0.35413858000064585,0.17747712643787833,0.43926500965221377,0.003399194082155782,-0.11093406144203503,-0.07035375126037108,1
sim00236,39,1.0,0.05128205128205128,0.1435550450984107,0.6733326218206648,0.6847615618607215,0.23522853220847556,40.0,0.26152448680683726,0.002416668036219649,0.24260814115725116,1.6339613030980138,3.6635616461296463,3.6888794541139363,1.000088900581841e-12,1.265710108921364,2.5950484723623237,0.9965716724986821,0.022624675586178287,0.02038104356027474,0.11947852504684366,0.11998644645149271,-0.47116251237317164,-0.17090103658797792,3
sim00237,104,1.0,0.20192307692307693,0.20469710458985999,0.7056320080971934,0.20156376315302874,0.02437994780684247,105.0,0.46172719532859646,0.05435100660183213,-0.024690841013258722,1.2644925865730063,4.6443908991413725,4.653960350157523,1.000088900581841e-12,-0.20947868113926424,2.532046108122476,-0.7918433168947883,0.12710971270757426,0.3090025380385161,0.38503580092296286,0.15616694134931886,-0.050617175316783156,-0.05734442308377025,1
sim00238,26,1.0,0.07692307692307693,0.30329494221855674,0.502774596097375,0.06078115092745999,0.018715017921072538,27.0,0.5097439948813889,-0.04414240592451042,1.1477735721214088,2.7950161234502304,3.258096538021482,3.295836866004329,1.000088900581841e-12,-1.4138013407031924,2.080143113314841,2.436500992064376,0.14404367502101897,0.450519850665856,0.1813765416389606,0.05662253290652101,-0.01943128945274139,-0.08844010783477062,4
sim00239,77,1.0,0.16883116883116883,0.2885377048473949,0.8682061030866555,0.45713100476487417,0.13216184783011015,78.0,0.18733342586410673,0.06958015255612801,0.4240553139366207,2.132099240210965,4.343805421853684,4.356708826689592,1.000088900581841e-12,1.0995143286229103,3.102862700813539,1.0320763386027871,0.008520950927921048,0.047071768569868055,0.11508124719960049,0.0914948424866927,-0.3981502499005699,-0.02321598039261864,4
sim00240,73,1.0,0.0547945205479452,0.2108409071372735,0.5297081512728796,0.7260000861960867,0.27847739835336455,74.0,0.23909745806225058,-0.019818323310096534,0.4100296141677757,2.4559746051582376,4.290459441148391,4.30406509320417,1.000088900581841e-12,1.3839288855212615,3.332246208648267,0.578647959017245,0.015559024444294915,0.022070053460702267,0.11170650453274812,0.14491177052350088,-0.4248413801692264,-0.24628132842372044,3
sim00241,26,1.0,0.11538461538461539,0.3282460138266599,0.4313870163611498,0.09636695150728801,0.025493419007381793,27.0,0.3376021127625889,0.013113920549070355,0.2974475930948164,2.0817397357698635,3.258096538021482,3.295836866004329,1.000088900581841e-12,-0.8418158392560032,1.9283535623553882,0.6635660988458794,0.25294674649115756,0.3299477130925729,0.28946928656311277,0.11397248271509049,-0.23031444129316686,-0.13464815354815915,3
sim00242,77,1.0,0.07792207792207792,0.19816868436211826,0.7990133914927045,0.32384710988655857,0.03669327792973781,78.0,0.29804720002378626,0.002443105075881331,0.06109322518370795,0.9986735475016507,4.343805421853684,4.356708826689592,1.000088900581841e-12,0.43690877176582743,2.166127475895619,0.45298828747069764,0.08778169251235973,0.039104897289575044,0.21491541419745072,0.40732011708111954,-0.27080153939932156,-0.21897096573868802,1
sim00243,38,1.0,0.21052631578947367,0.26896405697232134,0.49961839425914334,0.14449444442080644,0.024964707013126558,39.0,0.2960535452268592,0.03530262997304158,-0.16072611609579143,0.8555438491054065,3.6375861597263857,3.6635616461296463,1.000088900581841e-12,-0.3662462898227851,1.8818082075834068,-0.11070802506619128,0.21709403194949214,0.13563096327694898,0.28911720244203604,0.3581559395185061,-0.32205527402355205,-0.23629316592576707,0
sim00244,107,1.0,0.40186915887850466,0.4222330162697834,0.3528591608966908,0.038299757790165784,0.006718023783723627,108.0,0.31271033028723394,0.035780198881793006,-0.2848922093469577,1.2972266414479143,4.672828834461906,4.68213122712422,1.000088900581841e-12,-1.724834296310569,2.9321792911490454,-1.0118701639198087,0.40919300137668735,0.22799480409714468,0.33773161614948966,0.025079305510814245,-0.19066039618922423,-0.21931279974232565,0
sim00245,63,1.0,0.38095238095238093,0.2992933992647668,0.7100129363521489,0.1280050750707737,0.01724108824521912,64.0,0.6426675976844185,0.07194176558464097,-0.12359364851951418,1.4435879728403989,4.143134726391533,4.1588830833596715,1.000088900581841e-12,-0.5844688915698925,2.1383602003492572,-1.3866788039034879,0.3125447469512283,0.2561694024992555,0.4294805634008108,0.0017994629997235994,-0.15511817559793123,-0.21421728726409,0
sim00246,41,1.0,0.0975609756097561,0.15180505507300157,0.5559662464359352,0.22595269621496675,0.04358765453411004,42.0,0.524035148874106,0.047607093052179965,-0.3174181292575848,1.0442586378510064,3.713572066704308,3.7376696182833684,1.000088900581841e-12,-0.09882182184452766,2.06802035533724,-0.34478423997284896,0.14446771900217614,0.0714304687173474,0.18984435180735607,0.33556418140464767,-0.08872472343463977,-0.03203786037341065,1
sim00247,38,1.0,0.5,0.3988846905304149,0.37970016144524055,0.045646184421544604,0.014070676426613879,39.0,0.6810362561317723,0.10843561321852498,-0.5926305601536203,1.328839400185587,3.6375861597263857,3.6635616461296463,1.000088900581841e-12,-1.5600176857904073,2.4607590845133807,-3.477917393595953,0.4110230266309287,0.5073010178057091,0.08166950157772923,6.4539637252745284e-06,-0.32113044293413745,-0.0985366553740605,5
sim00248,69,1.0,0.21739130434782608,0.22017370653722582,0.6028051348755208,0.18142391528437676,0.01911695994439259,70.0,0.558983833744339,0.07388610627184128,-0.12351666022615809,1.0083292435671454,4.23410650459726,4.248495242049359,1.000088900581841e-12,-0.30661044046680697,1.983846034245522,-0.6278320307844135,0.18789515235508344,0.27478947699756434,0.27727826877956363,0.2528945551096509,0.00045217213616412797,-0.027113856050283245,1
sim00249,14,1.0,0.07142857142857142,0.22265338766148748,0.5006476509733234,0.14582556976851518,0.060891297006389664,15.0,0.37939992592074134,0.03099795139786938,-0.32755824695640634,1.310505197951428,2.6390573296152584,2.70805020110221,1.000088900581841e-12,-0.47911127480442445,1.7657364079009878,-0.7198548690876742,0.11665733536391133,0.5014978489715891,0.027582363371562228,0.341578717486505,-0.4494007693911511,-0.4818400866079652,0
sim00250,66,1.0,0.30303030303030304,0.2765929432506486,0.5533623999101646,0.15249539656586938,0.013906350409755698,67.0,0.4745149819426753,0.12318950704684513,-0.09826484951348573,1.0028618185569493,4.189654742026425,4.204692619390966,1.000088900581841e-12,-0.49172518362542056,1.7948659323442648,-0.777965432042274,0.22839443868785628,0.24532242605501867,0.41890019921263233,0.10493531834415666,0.09095158976080943,0.10132026184066693,0
sim00251,65,1.0,0.24615384615384617,0.4267078057999566,0.796162768073671,0.25136472860393055,0.08571340679463957,66.0,0.03592329407342423,-0.018391221130786038,0.4415130610775776,1.4025780626486202,4.174387269895637,4.189654742026425,1.000088900581841e-12,1.9821034583978154,3.098491535286053,-0.03796900889476712,0.008069670726751783,0.01210511745683146,0.02083522204681181,0.020092623297989286,0.1715012185390376,-0.10765898356289837,3
sim00252,90,1.0,0.4666666666666667,0.43593656039580914,0.24405863793600668,0.024714828835743698,0.003709232453347775,91.0,0.7693308074395842,0.05496557964858442,-0.42108991346325375,1.3589530119907158,4.499809670330265,4.51085950651685,1.000088900581841e-12,-1.971346972795701,2.603231215069995,-0.5051090719940617,0.6158119146913298,0.19796217626683882,0.09142172122550755,0.09480418777586244,-0.14088161580333797,-0.13506088166500624,1
sim00253,63,1.0,0.15873015873015872,0.22361819842037148,0.7429494536542629,0.16424884457074265,0.023694995853472525,64.0,0.6243668678830623,0.04637436595696356,-0.28850020327480025,1.009460005780836,4.143134726391533,4.1588830833596715,1.000088900581841e-12,-0.3562131777771448,2.2070159837107557,0.08847110898723076,0.13524371472676022,0.18287968629090612,0.2241316483436742,0.45068670783100245,-0.05282427828391896,-0.10798073310818186,1
sim00254,46,1.0,0.043478260869565216,0.22142271799406882,0.5978731575279139,0.21731217368706807,0.039448916590439524,47.0,0.2962504762041146,-0.02196638693569576,-0.07712001266014615,0.881434754109593,3.828641396489095,3.8501476017100584,1.000088900581841e-12,0.04146238448990731,2.122313072181153,-0.8068560609972983,0.08453343620239137,0.301198522746464,0.10667965607231834,0.41029238578229493,-0.12023859136930512,-0.15826886821405586,1
sim00255,22,1.0,0.045454545454545456,0.2043695447174313,0.39154121771597494,0.21161993145080182,0.044103831216510424,23.0,0.7869682520186565,0.004073290793275796,-0.15674904759078453,0.8469192424096581,3.091042453358316,3.1354942159291497,1.000088900581841e-12,0.2329180552792788,1.5227972180641243,0.1634907543145629,0.10959365074613414,0.12591215825380966,0.24257698242644793,0.2787750961978871,-0.10636275832271151,-0.19143438733528337,1
sim00256,61,1.0,0.09836065573770492,0.14790459410801307,0.6663063615242382,0.47703299755107087,0.16100880876735932,62.0,0.3786037470083639,0.0392297522061576,0.017276842000013934,1.761805104377334,4.110873864173311,4.127134385045092,1.000088900581841e-12,0.7068818419994596,3.0247472746285404,0.9562584680408455,0.03534224183829084,0.04807289112104032,0.10840203331572776,0.12226485651756344,0.07799285502072895,-0.002085368406207299,3
sim00257,102,1.0,0.029411764705882353,0.10195279599312676,0.678071976092024,0.42917310525556734,0.054316767192729695,103.0,0.4237429573746198,-0.04243174834141973,-0.0002046681457094876,0.9970088538004168,4.624972813284271,4.634728988229636,1.000088900581841e-12,0.5639347707713289,2.5579454341249255,0.14094522093376588,0.04505159847226685,0.13172660758068241,0.23206531044019174,0.2013501011113328,-0.011384496028670322,-0.07815982882555628,1
sim00258,15,1.0,0.5333333333333333,0.4762172778596753,0.09506938490613226,0.0044705148916782626,0.0023871619096584454,16.0,0.9048306150938678,0.15030826364278665,-0.7309137737540115,1.2184219036197264,2.70805020110221,2.772588722239781,1.000088900581841e-12,-2.958147194015809,2.080651782704363,-13.312950538479862,0.7484315888247505,0.24791425083554822,0.0036541128802226245,4.7235790746154446e-08,0.14524547254396802,0.004192050339266252,2
sim00259,86,1.0,0.22093023255813954,0.171099328894175,0.6613158178868197,0.1808547454198518,0.021097053473731784,87.0,0.4959207164330843,0.06010810157800582,-0.3409844031529483,1.1479920297924822,4.454347296253507,4.465908118654584,1.000088900581841e-12,-0.3237001558391138,2.305786483172761,0.289705340920522,0.1436332813205623,0.12151387148111444,0.3626928331224432,0.36277961768353834,0.012414997992458529,0.0185553802450585,1
sim00260,106,1.0,0.3113207547169811,0.28571218548924104,0.7443665669908484,0.09240455383291295,0.0061409269705054136,107.0,0.2829071824859648,0.024971733736454962,-0.29744032041652074,1.1393005300870087,4.663439094112067,4.672828834461906,1.000088900581841e-12,-0.7863926112594802,1.952238534947453,-0.3933063436256848,0.31598769763336754,0.26036467648956735,0.3928242132676406,0.03060369040274381,-0.148786767806459,-0.13733287445893883,1
sim00261,94,1.0,0.6595744680851063,0.47317013286294135,0.11372434245534661,0.006490345123959011,0.0010848643343550953,95.0,0.09599465039737681,0.07560038503239709,-0.6223603967623643,1.2779539617003126,4.543294782270004,4.553876891600541,1.000088900581841e-12,-2.5930567567319973,2.754434003314761,-1.5592830532455892,0.3522394304623308,0.5510528995843029,0.05807185541759111,0.03863581438170011,0.41830443437806236,0.3739129703852388,0
sim00262,112,1.0,0.13392857142857142,0.282833800533425,0.4627750584605804,0.1262084157365587,0.020763302311144323,113.0,0.2658925341279692,-0.01280811473883515,-0.30880363510938047,1.3219335515247383,4.718498871295094,4.727387818712341,1.000088900581841e-12,-0.436057736700073,2.9137513533740886,0.3404500878934469,0.1500478098238689,0.16888141974734516,0.4651669709265337,0.17471238619691593,-0.06134264147179839,-0.07967999569364473,1
sim00263,114,1.0,0.6754385964912281,0.47746569597221666,0.07397878331095809,0.006551755344581337,0.0009807219091387356,115.0,0.06419097248939516,0.05890989027823738,-0.4657839902812532,1.4270235836981793,4.736198448394496,4.74493212836325,1.000088900581841e-12,-2.2157857262007212,2.8369990902045084,-1.9863599203949975,0.23893458688027758,0.49061173310364065,0.26966512435965334,0.0007737699254975726,-0.0080435014493026,0.050216629446569,0
sim00264,39,1.0,0.1794871794871795,0.29803590025671095,0.7356809494489026,0.11609145688163938,0.01642452593414142,40.0,0.38651930702705795,0.0313959555280711,-0.007338467711602846,1.2185315697906056,3.6635616461296463,3.6888794541139363,1.000088900581841e-12,-0.7141970327916035,1.7079590454926636,-0.026442985597959497,0.32904565465061897,0.2117648417804472,0.21400695492345698,0.2442228754938352,-0.2968648476930974,-0.32378707139272944,1
sim00265,38,1.0,0.6052631578947368,0.4554724971788654,0.312517564421004,0.021658277488756993,0.005063407665885828,39.0,0.687382435578996,0.0677705382516854,0.08407718005823125,2.290132132628446,3.6375861597263857,3.6635616461296463,1.000088900581841e-12,-2.2947284242536883,2.184238153135519,0.24678320325654188,0.9242497110141494,0.05845621946246034,0.01689118035267125,0.0003985050032660608,0.21483015480230302,0.07425154978666028,3
sim00266,15,1.0,0.0,0.20177876170301665,0.49249232972990037,0.0895965713388123,0.039046967679309035,16.0,0.4816720716324689,-0.04010601081084397,-0.7537231475116819,0.8366661559604001,2.70805020110221,2.772588722239781,1.000088900581841e-12,-1.024799309571747,1.8774983690317815,-0.6641908768139761,0.2164571920524161,0.13995187092314457,0.4819958255698209,0.12226706280525729,0.37222239614141395,0.34222748230781436,6
sim00267,19,1.0,0.05263157894736842,0.3093359807664031,0.25306301207207127,0.06425768535536036,0.016018842528052336,20.0,0.8116140247133385,0.002235579661975459,-0.9190230095193178,0.87947750627765,2.9444389791664403,2.995732273553991,1.000088900581841e-12,-0.866861194308214,1.5553033332332935,0.1230900319228243,0.10341367809051896,0.2599476513598293,0.06642839002455393,0.23143380101429958,0.16213369902473582,0.03858913080772503,6
sim00268,94,1.0,0.26595744680851063,0.37511719311125286,0.3249964805541862,0.12306728591939559,0.012743265126475257,95.0,0.20359220946044848,0.06834538569682232,0.2622713855673063,1.1702052471913709,4.543294782270004,4.553876891600541,1.000088900581841e-12,-0.27574384955431097,2.27556644245877,-0.5733789799788678,0.269115642386783,0.11451954196180066,0.36307037698754663,0.15655325732963424,-0.3130733618890808,-0.2856670991960734,0
sim00269,106,1.0,0.27358490566037735,0.2413568733323975,0.6854851158576747,0.15361090897669977,0.015220471763119624,107.0,0.3556381195187186,0.021205260803238302,-0.147186141319033,1.0090792100556467,4.663439094112067,4.672828834461906,1.000088900581841e-12,-0.39999607097763246,2.3516576015283133,-0.5326508828094485,0.20958535636895276,0.28448991452452876,0.4178955363261661,0.08760423196241161,-0.09009362847706681,-0.09300337231530786,1
sim00270,114,1.0,0.08771929824561403,0.20738181194871116,0.7744069079859703,0.2725328112255857,0.024455155272876165,115.0,0.47479741643316753,-0.01868291153105463,0.0037804004874798488,0.9652818086906993,4.736198448394496,4.74493212836325,1.000088900581841e-12,0.08884201104012734,2.325280476296598,0.18069257357846236,0.1238001360199325,0.12195764075015779,0.21072513322626765,0.3004404115959565,-0.05828521036310421,-0.07493775874893926,1
sim00271,61,1.0,0.6557377049180327,0.459890837419931,0.19516554562108002,0.016987873635449163,0.0036299144887569617,62.0,0.17657701183562374,0.11830403293058912,-0.5079764076835221,1.6900403333943277,4.110873864173311,4.127134385045092,1.000088900581841e-12,-2.1469720834256574,2.567583178077223,-1.9527487212697974,0.9019747327877996,0.07742697245823707,0.020109194017977717,0.00048421235205863206,-0.3735594523097429,-0.26816833127732104,0
sim00272,113,1.0,0.19469026548672566,0.3058478502311423,0.7158970145491802,0.11730758609991662,0.009607989255702132,114.0,0.5042462373825731,-0.011956296995885015,-0.037718712754705425,1.0997699487938692,4.727387818712341,4.736198448394496,1.000088900581841e-12,-0.7565893669273543,2.2251833581625866,-0.26860188416624164,0.3248834040383692,0.3815905407969641,0.07129041869076412,0.05625592663517598,0.038967458387561826,-0.046159027304425386,1
sim00273,107,1.0,0.5700934579439252,0.4534297693131491,0.18675828460112037,0.017858161478690317,0.00412734561973552,108.0,0.15233328761550302,0.019966970219862858,-0.2946235596323188,1.3097542346521742,4.672828834461906,4.68213122712422,1.000088900581841e-12,-1.9783424243395906,3.2080026925481424,-0.7956710559861199,0.638591907844701,0.24860188504498187,0.08938051805838791,0.005366201750708172,-0.01837403925748292,0.021851350189152553,1
sim00274,102,1.0,0.22549019607843138,0.17968016021132477,0.6307318470163636,0.21668768722587245,0.02009912534485844,103.0,0.4670671736838695,0.09249488153153461,-0.08630360657458162,1.2118657400041917,4.624972813284271,4.634728988229636,1.000088900581841e-12,-0.13865610852349733,2.247192024319146,-0.5416745601834998,0.21811367770378656,0.26860284656163946,0.23038590355332966,0.24207906474902938,-0.08168473755774099,-0.03924174730789219,1
sim00275,104,1.0,0.19230769230769232,0.28831159600813455,0.615600687288959,0.17399561293679772,0.015215101960714544,105.0,0.9001856151227527,0.004477111739631759,0.07965142538590499,1.248529983266732,4.6443908991413725,4.653960350157523,1.000088900581841e-12,0.6608720738040357,2.207649297374688,-0.6851930752568958,0.03226187275744602,0.23036118560511504,0.40896125422983326,0.3138210588081507,-0.01849537867222602,-0.01555395144199774,1
sim00276,55,1.0,0.6363636363636364,0.4525199842967295,0.15536948788477428,0.012393543510717123,0.0033347000913426564,56.0,0.10727814994795576,0.16365699941857564,-0.8982544351438803,1.0918284823262367,4.007333185232471,4.02535169073515,1.000088900581841e-12,-2.0447691165574406,2.6945402763969275,-1.4487584995111176,0.3885482578230092,0.5615253758555223,0.04832925752793624,0.0015971087128449418,0.18411689725536615,0.263262605749123,5
sim00277,28,1.0,0.32142857142857145,0.4374755193681524,0.2378682215751874,0.023453417684614924,0.005522483986202231,29.0,0.7620317784248126,0.08765621987341181,-0.4082256297039778,1.1991105688076789,3.332204510175204,3.367295829986474,1.000088900581841e-12,-2.045353893977433,1.8860160379802033,-1.5861789159461877,0.44029000099300225,0.37057000072439733,0.1635025303228799,0.02563283705801935,-0.23556813580693664,-0.2676801311401013,0
sim00278,46,1.0,0.0,0.14372870663813184,0.47086447807390425,0.44692029763422625,0.10022935342842806,47.0,0.6144294721301112,-0.051785520489726816,0.17222294281124173,1.2767074248372756,3.828641396489095,3.8501476017100584,1.000088900581841e-12,0.6347172750392494,2.33372221688693,0.40944734204314065,0.09496852192294415,0.07667828754564956,0.11460317435911964,0.27652647859530294,-0.1546225133167956,-0.15694165969523796,1
sim00279,97,1.0,0.14432989690721648,0.29385103558918585,0.49672545373168286,0.16142733851696384,0.02322258210399283,98.0,0.2739036101170528,0.01667861444994944,-0.2694188821475538,1.1702900400490481,4.574710978503383,4.584967478670572,1.000088900581841e-12,-0.20864862694820777,2.635781024638818,-0.2297774755034772,0.11191084088205526,0.09547181801245894,0.09044632359979618,0.39509017931756035,0.06470239891732685,0.10144783478219356,1
sim00280,66,1.0,0.07575757575757576,0.16242226912123825,0.4964877098109456,0.3103116763292927,0.04570261318268136,67.0,0.6935168896092527,0.008426717041321403,-0.18818565788081504,1.206922197190078,4.189654742026425,4.204692619390966,1.000088900581841e-12,0.3783942361758432,2.2742330194318634,0.44537619677169,0.044884221728884566,0.08245632870053174,0.20918645676107897,0.2573684878241272,-0.09952968359362077,-0.11370743243044863,1
sim00281,110,1.0,0.09090909090909091,0.1915209855145112,0.7382692615540238,0.5018236676366019,0.152247780559151,111.0,0.5339991578041019,0.0007009668261676059,-0.004736763849587586,1.2645212981040115,4.700480365792417,4.709530201312334,1.000088900581841e-12,0.7014223740532396,3.507740896157782,-0.01707963866103076,0.09107055407606633,0.056341371701996004,0.09189638551121146,0.06385397024013117,0.11126243288132362,0.04257557050688597,1
sim00282,115,1.0,0.08695652173913043,0.17132754771524303,0.681856394908002,0.254162630813597,0.0313149899523097,116.0,0.13572594664105053,-0.016304733643081427,-0.19129092051746363,0.9017224438810404,4.74493212836325,4.7535901911063645,1.000088900581841e-12,0.77320195553518,2.651054682140126,0.17772258768124205,0.08331862656069962,0.1055052309497891,0.1857825671403195,0.42051097890160766,-0.08035393591165986,-0.051874006935610395,1
sim00283,43,1.0,0.11627906976744186,0.2573796088221959,0.568051065212184,0.20484607868189014,0.037586025719014635,44.0,0.7769158641509393,0.01965567855505666,0.12093392978817666,1.392616629683264,3.7612001156935624,3.784189633918261,1.000088900581841e-12,0.16713308773785676,2.0655735789935443,-0.8170535500914831,0.03235995606782752,0.5093762922696451,0.20475715223328803,0.22972404010622713,-0.2779141383033117,-0.2582240264353597,0
sim00284,42,1.0,0.2857142857142857,0.22466817277054515,0.7453862984593093,0.15634269776096257,0.02453126879513643,43.0,0.48871976393610456,0.1421333905709493,-0.28058532841137945,1.112932986080499,3.7376696182833684,3.7612001156935624,1.000088900581841e-12,-0.46890143501136466,1.8855678208348814,-0.924946168249421,0.136323348803087,0.39735508200016906,0.3206175627780329,0.14562859678688592,0.011186908374580544,0.025176567484512427,0
sim00285,76,1.0,0.18421052631578946,0.27431967665038054,0.7441523089284614,0.12138082737208841,0.021149605152405514,77.0,0.6787779665786057,0.0446457972780202,-0.08707771796767932,1.5746405608465492,4.330733340286331,4.343805421853684,1.000088900581841e-12,-0.585738434634688,2.5834216393449863,-0.35447106140385953,0.1955435316782912,0.21626029010339146,0.36466371328626357,0.20794844101504,0.04755766114455725,-0.01863423433181931,3
sim00286,12,1.0,0.0,0.19750716961356451,0.6423529233908994,0.3002869548047728,0.08984110334619355,13.0,0.6745063328058121,-0.031907828012088614,0.33539198626020933,0.7028568326941289,2.4849066497880004,2.5649493574615367,1.000088900581841e-12,0.31316974215533144,1.2782107078472318,0.5749183638856711,0.08493467457281366,0.1806273662198505,0.18233147867017405,0.2529223104978632,-0.020211095650763244,-0.001385219429069533,1
sim00287,102,1.0,0.5882352941176471,0.3994308970418264,0.5727894693141701,0.03742520815944744,0.01045034277509613,103.0,0.5542234421459589,0.029297049629422204,-0.3627675885755066,1.410473127090018,4.624972813284271,4.634728988229636,1.000088900581841e-12,-1.8872859943923534,3.3492630976390885,-0.23675112356530048,0.8042976083905771,0.17855786883413202,0.006473886203304191,0.000977436977502583,0.16864671372258563,0.0843758515885575,1
sim00288,65,1.0,0.06153846153846154,0.2312236301669385,0.4786473515030988,0.22367271181729065,0.026508141013904387,66.0,0.4666843980135266,-0.0193125943798826,0.09732549399881976,1.058333048555156,4.174387269895637,4.189654742026425,1.000088900581841e-12,-0.10682744026843256,2.041655288090661,-0.389120298221036,0.28601038833181763,0.14053787933981335,0.1290423909839667,0.35296496459555493,-0.17999479384286962,-0.1885588855765352,1
sim00289,91,1.0,0.46153846153846156,0.46704407165181466,0.15095977956005935,0.017583956946668602,0.001658599117138662,92.0,0.908060385061356,-0.053377086576119157,0.25041202836916543,1.2672032232698625,4.51085950651685,4.5217885770490405,1.000088900581841e-12,-1.5577006537025138,2.1498458934659155,0.00554799544739093,0.21443525122909515,0.01698190295122976,0.04684884616765966,0.5394699309358819,-0.11039763737291197,0.015319103129167988,1
sim00290,44,1.0,0.22727272727272727,0.3703215393349946,0.3238718460607879,0.06744877460662158,0.0151868614893712,45.0,0.6782150098297699,0.08815670488510699,-0.10466795276848899,1.058888748869269,3.784189633918261,3.8066624897703196,1.000088900581841e-12,-1.1742242573835249,2.293251896641242,-1.1110014413895446,0.4605433236509317,0.1530160164420271,0.15143737337496457,0.1776161489351135,0.11166854364396893,0.1378724001640553,0
sim00291,106,1.0,0.11320754716981132,0.3093529428214448,0.4645163392620098,0.3510408859494219,0.15344281437427468,107.0,0.42809966646364983,-0.009844633741294307,0.2024325854634753,1.2773236475947163,4.663439094112067,4.672828834461906,1.000088900581841e-12,0.3603372116787372,3.83586434577033,0.21072853268406483,0.09224688029271223,0.0789816490202833,0.044888194439279064,0.05112286612456607,0.10489812022618447,-0.0635723009677841,1
sim00292,102,1.0,0.5196078431372549,0.4659310349094503,0.08882502686487626,0.008940487468784796,0.0006865194261064948,103.0,0.9483058016266002,0.022937424055716336,-0.4429254804411285,1.2231523147865464,4.624972813284271,4.634728988229636,1.000088900581841e-12,-1.701677190380634,2.058261932063675,-1.4896726429885359,0.23421547855061045,0.27209145869382556,0.4117394084504517,0.08195365419326155,-0.10707298154865189,0.06307191997009441,0
sim00293,12,1.0,0.0,0.28652386472785724,0.20802914203045675,0.13118001870079382,0.05266017427232481,13.0,0.7142136877495104,-0.037912534111284556,0.07613931799705309,0.8221968678295237,2.4849066497880004,2.5649493574615367,1.000088900581841e-12,-0.44210072431053393,1.5721955447414533,-0.42648591762087795,0.253800893482105,0.16249641984853852,0.10420208651574271,0.07806618358263394,-0.4325391060673462,-0.3967539655138286,0
sim00294,10,1.0,0.0,0.13706703367982406,0.5234685501553422,0.3518764519534172,0.20023409887721214,11.0,0.3297957993461929,-0.02790873652547259,0.09417155831013085,1.02889888531702,2.302585092994046,2.3978952727983707,1.000088900581841e-12,0.4649792880826898,1.7387921441918224,1.502854924118172,0.04148321333359819,0.020839153260529004,0.11557131012111806,0.25305972250752834,-0.09329922927417204,0.06689906306174138,6
sim00295,77,1.0,0.11688311688311688,0.22590016018481401,0.8917363459062758,0.44358791168351663,0.07794214457088532,78.0,0.44074001415688846,0.029156683906984563,0.057805717101771466,0.9416538850904752,4.343805421853684,4.356708826689592,1.000088900581841e-12,0.5875816630673826,2.6048762322724732,0.08582101081992492,0.08579908915390184,0.04074456586350487,0.021932188485264233,0.2675261891128016,0.06274902406988804,0.13501086446774282,1
sim00296,45,1.0,0.4888888888888889,0.45382872171971,0.17241389347726038,0.02047845270101537,0.00508175228524028,46.0,0.08075564776489569,0.10024553098432949,0.03851502271665509,2.2199972800479655,3.8066624897703196,3.828641396489095,1.000088900581841e-12,-1.287851352670544,2.412945382313139,-2.1359763722448317,0.23615735322591339,0.2571363365330196,0.5033741916863509,0.00333211850588441,0.4191490571937594,0.4360906567814371,6
sim00297,53,1.0,0.5094339622641509,0.4077525381543054,0.37809684228734697,0.018609584543180287,0.0034159872570054756,54.0,0.31768760958412623,0.08026564353278372,-0.9153031240668985,1.0181495879158404,3.970291913552122,3.9889840465642745,1.000088900581841e-12,-2.4551241185333126,2.275081710512252,-1.590480892718863,0.4800770996184293,0.461518968182576,0.05756995216838465,0.0008339799768744894,0.4180391214632939,0.026508735481766646,0
sim00298,91,1.0,0.21978021978021978,0.23959662703657755,0.5696337757019043,0.1601880824308286,0.018813879676341207,92.0,0.547516275677545,0.007137554996448369,-0.20420740884612218,1.1446089868789426,4.51085950651685,4.5217885770490405,1.000088900581841e-12,-0.436040063624826,2.369105744049667,-0.010131065482163526,0.13400031366298543,0.31396402046542443,0.31727194966784117,0.23440233955451173,-0.04476248477091824,-0.023576326705894556,1
sim00299,104,1.0,0.5673076923076923,0.42472683897673547,0.5023696516296202,0.02507828392604388,0.005071238250424082,105.0,0.5024696516296202,0.04144069708380763,-0.5335383803384106,1.6579750207698414,4.6443908991413725,4.653960350157523,1.000088900581841e-12,-2.299434231389829,3.0459736244057662,-1.7645432221984543,0.7918686535889194,0.13162999830922054,0.076175837081869,0.0003219255642862167,0.19028850669097477,0.17095753347783404,0
sim00300,82,1.0,0.4878048780487805,0.44383626754165967,0.20115695418691037,0.016908984453481823,0.0012643244456974267,83.0,0.7987430458130896,0.05774475034808861,-0.46930329777099117,1.5122749017797885,4.406719247264253,4.418840607796598,1.000088900581841e-12,-2.252021385815991,1.813412082582708,-1.49534882297212,0.4218172015098615,0.28660734179186265,0.2799501364238217,0.011621445381687379,0.002626291940429463,0.12466642585258443,0
sim00301,65,1.0,0.03076923076923077,0.2267650800748094,0.6689139487837806,0.38559593913141593,0.15708480240762968,66.0,0.7954810359557274,-0.044272980280123,0.2198128575806499,1.513025782360205,4.174387269895637,4.189654742026425,1.000088900581841e-12,0.8629375971220268,3.276383040598183,-0.09054435626514404,0.09107482866878629,0.0942442367684036,0.1920440094603388,0.09116544900842448,0.23502639994777944,0.023219119927607588,3
sim00302,42,1.0,0.23809523809523808,0.25850005040430696,0.5812707238311876,0.12341704317454347,0.023515301348971,43.0,0.4730447536828989,0.09172153783131103,-0.29722953108144223,1.116860024929691,3.7376696182833684,3.7612001156935624,1.000088900581841e-12,-0.7029811298510429,2.079751733300621,-1.6156402454088374,0.3589949378140996,0.43189807848468814,0.18205691699075735,0.023843800513250208,-0.18309274532893643,-0.17688146772729563,0
sim00303,37,1.0,0.7027027027027027,0.46750422319674334,0.1641519981689139,0.0065168384030485195,0.001920858275530901,38.0,0.8357480018310861,0.18293209688172424,-0.9706751815265787,1.4521141301711393,3.6109179126442243,3.6375861597263857,1.000088900581841e-12,-3.0475843271775513,2.389300661324586,-6.400031019929611,0.8243695494359938,0.17466403961224972,0.0009664107983076353,0.0,0.009458214907549512,-0.08173932398867281,5
sim00304,57,1.0,0.12280701754385964,0.23025244244845816,0.886326271471427,0.18243851847113357,0.02205765164732165,58.0,0.6292013439941945,0.02434205531286723,-0.22091412180307335,1.0893206208187327,4.04305126783455,4.060443010546419,1.000088900581841e-12,-0.2459420061660361,1.9302975915746905,0.0007468872689367356,0.14642413590075207,0.04706287487301849,0.20221197934496046,0.21497890274405235,0.23542089963483148,0.2331429117820054,1
sim00305,106,1.0,0.07547169811320754,0.2126449019122945,0.8737633556446103,0.22645555634492887,0.01607986984070174,107.0,0.35467303150245366,-0.02075630911141729,-0.037354464035465655,1.1976123539254009,4.663439094112067,4.672828834461906,1.000088900581841e-12,-0.010649457868345738,2.0184585564986204,-0.7323402517309552,0.1600683558775203,0.12388590582829602,0.26280924933310024,0.1618437158239258,-0.12089392520530669,-0.03914321682004213,1
sim00306,106,1.0,0.22641509433962265,0.2003516640046749,0.6860089522808112,0.1733480609283878,0.017431991271097045,107.0,0.48563475987106824,0.03840555900642517,-0.14207093529459655,1.350635008336265,4.663439094112067,4.672828834461906,1.000088900581841e-12,-0.36533365030861326,2.3664447042675256,0.3894817005128337,0.14520570144991243,0.1404865095702622,0.4130202170816176,0.28581034604475086,0.01633773859336288,-0.02338756000592815,1
sim00307,63,1.0,0.20634920634920634,0.30941125435934647,0.7013884551669631,0.13249951169324034,0.033280435474637306,64.0,0.6208740652466159,-0.012262512852315341,-0.027599564845513777,1.2360537502151423,4.143134726391533,4.1588830833596715,1.000088900581841e-12,-0.5746624603737989,2.7615254669034535,-0.8719621440177994,0.3005238766825824,0.46873339580677453,0.19140550593525202,0.03850700204097119,0.31906244091706953,0.16155904057344622,3
sim00308,98,1.0,0.20408163265306123,0.19996471476519484,0.7079521252071744,0.20311347128708046,0.017176326866763687,99.0,0.39237996378173845,0.03655476523373341,-0.14960736902979463,0.9390008169017837,4.584967478670572,4.59511985013459,1.000088900581841e-12,-0.1602603381520264,2.114734774344662,-0.322933286002437,0.17083692709707238,0.12985153937392338,0.33476010804848777,0.35609236462716476,0.003700755844849354,-0.004864775172316088,1
sim00309,51,1.0,0.21568627450980393,0.2796222148893534,0.9361501682203412,0.1866575940126626,0.03191563366817722,52.0,0.43636052667420555,0.06941963616565942,0.15247160164764426,1.3823039160167685,3.9318256327243257,3.9512437185814275,1.000088900581841e-12,-0.2758524437513932,2.1656457154870794,-0.5368677570546848,0.23617850615374206,0.09294179590600536,0.21067090194510196,0.4567522204220123,0.18798427526963304,-0.0013025774729805682,1
sim00310,73,1.0,0.3561643835616438,0.4178834015290233,0.28067180181668816,0.04765970329094404,0.008818719766149676,74.0,0.7547485138358107,0.07463359896577712,0.026294030544736238,1.2833513362412763,4.290459441148391,4.30406509320417,1.000088900581841e-12,-1.356827232610819,2.603249901868136,-0.3848206724682791,0.6481397661669649,0.09533524079177028,0.03359966261830806,0.15068436139538957,0.014746091832100554,0.02187819701414845,1
sim00311,23,1.0,0.43478260869565216,0.36936244776678745,0.6013051524805237,0.12471756452726877,0.06317604635111722,24.0,0.5853818162414559,0.1588330996856608,0.07963447965334486,1.593813024808153,3.1354942159291497,3.1780538303479458,1.000088900581841e-12,-0.6658153932439481,2.4553677346025853,-1.8574404455837374,0.8927428692004973,0.09039358834766742,0.016505900979559333,0.0003154256387322252,-0.06874878876742825,-0.15075394639379452,0
sim00312,12,1.0,0.16666666666666666,0.3513558700717809,0.2281015084211792,0.09778484447460162,0.03794036595994423,13.0,0.0964549461362329,0.11303153889826643,0.4248782574125568,1.30352819408023,2.4849066497880004,2.5649493574615367,1.000088900581841e-12,0.11512288492091027,1.5381526593468136,0.34125917702929454,0.07178210759823155,0.138205887538334,0.3881230877869552,0.20928919278947952,-0.013938536047250717,-0.13986259437084037,0
sim00313,77,1.0,0.19480519480519481,0.2701536035944541,0.5269941366412292,0.08809948128250308,0.009868791451674828,78.0,0.3603871292205486,0.02376682058999228,-0.187669489039817,1.2175936009410748,4.343805421853684,4.356708826689592,1.000088900581841e-12,-0.961819992451426,2.1547161752918664,0.2806432485622487,0.34537809565574296,0.31038079090302406,0.2529457474767143,0.04392111263356825,0.0013991623525767916,-0.12659839950012347,1
sim00314,82,1.0,0.06097560975609756,0.23294424901535896,0.6616371959603686,0.34187744753852983,0.07285252212229658,83.0,0.23234739479842081,-0.020415603548237713,-0.3313225756798926,1.2248242176718849,4.406719247264253,4.418840607796598,1.000088900581841e-12,0.6506366743905682,2.860704067526423,0.12240011050312233,0.027004074140562304,0.06165113525830879,0.06563774440477987,0.1956969628526207,0.1352983024458106,-0.10768043469805891,1
sim00315,107,1.0,0.14018691588785046,0.19806951302504439,0.59605251855903,0.2857505072341369,0.033740019253936854,108.0,0.5159576476986055,0.022039197533293586,0.20121724232397742,1.68217211794367,4.672828834461906,4.68213122712422,1.000088900581841e-12,0.1346772650998146,2.5363944041199162,0.4581214974424017,0.15180165006517984,0.12438472009595984,0.16293239622368025,0.33005645131893735,-0.18245012664141264,-0.021411635359074675,3
sim00316,63,1.0,0.4444444444444444,0.3449628658523464,0.5343805068233783,0.07530175938021226,0.025604115170667827,64.0,0.5924745393786361,0.09186609624462436,-0.4222575932149838,1.578999022802875,4.143134726391533,4.1588830833596715,1.000088900581841e-12,-1.1651525328874557,3.0643843135390214,-1.0934708526240062,0.35908954992298087,0.5194770528830398,0.11945440762430216,0.001978714219584884,-0.19734521476201106,-0.19699373040025847,0
sim00317,76,1.0,0.09210526315789473,0.1558427451920381,0.7620931347086186,0.3297749556121722,0.03691001114188496,77.0,0.7633896837268617,0.02419797998113537,0.09934084303274733,1.482866312821792,4.330733340286331,4.343805421853684,1.000088900581841e-12,0.6019825687199823,2.1408056898564887,-0.0836799086920876,0.05989494739360318,0.1443039887709277,0.17386591191126394,0.21059209000220103,0.062008678459078675,0.0835455199223931,1
sim00318,62,1.0,0.25806451612903225,0.23556039590609068,0.6926288468113819,0.15960482480943147,0.047634424877921286,63.0,0.33532827215038985,0.07584845844801122,-0.18296323558060837,1.6969918892220943,4.127134385045092,4.143134726391533,1.000088900581841e-12,-0.33394705115151896,2.917989181050151,0.27382164422256977,0.13302719077884104,0.134885761789375,0.5746613601554541,0.15684283731832152,0.14851624450407055,0.16986849445653296,3
sim00319,73,1.0,0.0136986301369863,0.08943083730570431,0.48478482553677366,0.3590222920456878,0.06265030356003308,74.0,0.4325981211274784,-0.04674634182411218,-0.3320404330786198,0.8848004156973451,4.290459441148391,4.30406509320417,1.000088900581841e-12,0.3802627563349391,2.5446434862278355,0.08939608882964234,0.0926780560741465,0.04644489624005206,0.11262251437286587,0.22463056578422166,-0.06598425377666599,-0.17472924044674204,1
sim00320,43,1.0,0.16279069767441862,0.2785790522746934,0.45798395949816917,0.1861186419870772,0.03459636983359011,44.0,0.715397152691331,0.050823091521844485,0.06471331047935067,1.306776364813946,3.7612001156935624,3.784189633918261,1.000088900581841e-12,-0.08979292750261812,2.078564543434027,0.5006778390990867,0.03629362316180242,0.13292678448582992,0.27963987092568504,0.5423893563980949,0.11887514952528867,0.08128716885357806,1
sim00321,117,1.0,0.7521367521367521,0.4492861806677788,0.31675853906713813,0.03319778806395679,0.006348510932908236,118.0,0.3168585390671381,0.05557052308590413,-0.6010734104035762,1.8035780127565273,4.762173934797756,4.770684624465665,1.000088900581841e-12,-1.8749188523050753,3.10791096895849,-4.109509112830497,0.9109823403725892,0.08884723165683382,0.00017009531932267823,3.3262113187221476e-07,-0.2589601895267324,-0.06382777633907695,5
sim00322,48,1.0,0.14583333333333334,0.14878480180032486,0.7483800206830582,0.2778361470630699,0.06250793076745755,49.0,0.5000676117360067,0.08950733999969025,-0.17220562695423128,1.1165377892753894,3.871201010907891,3.8918202981106265,1.000088900581841e-12,0.10557064129576883,2.379462910849629,-0.22118386867643094,0.05853389020187178,0.10123670333208346,0.2805047209350761,0.2333000762079279,-0.1638424396849071,-0.029898203863424924,1
sim00323,59,1.0,0.1016949152542373,0.13749381314949902,0.7203956175170694,0.37774275579641453,0.1985052485478081,60.0,0.5525478430780665,0.04109090885952024,-0.3356678252245941,2.0173490287383453,4.07753744390572,4.0943445622221,1.000088900581841e-12,0.4238590591641243,3.4341395608532936,0.3358126829423975,0.0284937942584429,0.07154649162417169,0.07527305445727717,0.07825371352836999,-0.0330022140372952,0.03852773743740247,3
sim00324,84,1.0,0.14285714285714285,0.2501233834073461,0.5130734719012817,0.18603932423641742,0.032026562024934556,85.0,0.5131734719012817,0.0387031675849179,-0.15936712017362278,1.0756511562479887,4.430816798843313,4.442651256490317,1.000088900581841e-12,-0.2948084433786161,2.671424348197038,-0.3126437405464564,0.19981163094998675,0.19461589584776542,0.13494477990743212,0.11318250616474781,-0.15462416380764915,-0.06866112279393677,1
sim00325,78,1.0,0.1282051282051282,0.34453527513314064,0.4184224792379214,0.11430836548566886,0.015777020657157397,79.0,0.6049208071551208,0.0016074890276194754,-0.002147249405088288,1.2635726694365885,4.356708826689592,4.3694478524670215,1.000088900581841e-12,-0.7375287492594245,2.3763635616924805,0.07135052745155272,0.20589178847887957,0.18915389800316057,0.07477595247522292,0.3742096147534564,0.02262216306031499,0.09737672242280208,1
sim00326,24,1.0,0.125,0.33849959811240166,0.37369691830354396,0.14563853854799913,0.041223223700267375,25.0,0.27411414538296336,0.037573412543168226,0.29385535915770494,1.6110402075269432,3.1780538303479458,3.2188758248682006,1.000088900581841e-12,-0.31205431849354115,1.9159278212305626,0.08177063876228352,0.19477726864859632,0.30959795713861427,0.011700169856663618,0.4811388962836073,-0.2650156318394162,-0.20420104153851307,3
sim00327,96,1.0,0.10416666666666667,0.3043536679499651,0.4257610006195349,0.3083656539268501,0.11344208131670316,97.0,0.2731492247106493,-0.004031820958071408,-0.10413003174129748,0.9171223646041691,4.564348191467836,4.574710978503383,1.000088900581841e-12,0.44030209385349894,3.564354334174695,0.35946640281883024,0.05707127736163757,0.058951300797183505,0.04661969607385493,0.21157835842848519,0.09731853505607113,0.06215935516974334,1
sim00328,48,1.0,0.20833333333333334,0.26656188902109934,0.4280457617502279,0.15498396578142906,0.02106833369817612,49.0,0.3324936450620481,0.11539344596894001,-0.3198394404054533,0.9213092198407841,3.871201010907891,3.8918202981106265,1.000088900581841e-12,-0.3590927140723572,1.8756504862453183,0.05999465180383673,0.16981870030223029,0.14828106229904472,0.18183932022697083,0.4538584923959065,-0.18867759971332068,-0.20858479306539876,0
sim00329,23,1.0,0.08695652173913043,0.2267814596001094,0.6360163040570933,0.5107639669538182,0.27536105607635863,24.0,0.6308655417358353,0.042064773202643686,0.10020109286233735,0.6481554061075536,3.1354942159291497,3.1780538303479458,1.000088900581841e-12,0.7854091428120021,2.5176698043074595,-0.00653065571533222,0.05820822161801403,0.05821206033017832,0.03736922244235311,0.23678456470463527,0.3077110987980521,0.054183654989714246,1
sim00330,104,1.0,0.19230769230769232,0.2910098119513029,0.5634910137728757,0.10613425000190196,0.009569925966864424,105.0,0.5542025134905505,0.018844980467499932,-0.24502988755645222,1.0799075822590223,4.6443908991413725,4.653960350157523,1.000088900581841e-12,-0.8449348693414263,2.2383115655236714,-0.6129953733120131,0.2669244711100951,0.20494672350830784,0.32740225335043044,0.18092384299286673,0.0285961442587988,0.0003789778262683877,1
sim00331,14,1.0,0.07142857142857142,0.22789243423676334,0.7030103508684618,0.21664880625739508,0.08951616445986553,15.0,0.3854652767953615,0.012437234689489858,0.018482249332434045,0.6934891725684009,2.6390573296152584,2.70805020110221,1.000088900581841e-12,-0.08928363247979995,1.7551989088593483,-0.5656748101354045,0.10091635193812358,0.29063061388462125,0.11552215384360642,0.46748906185889527,0.08467087005569227,0.3161381715006321,1
sim00332,33,1.0,0.3939393939393939,0.4575456884934786,0.13680474468479076,0.00910917932034544,0.0015720227540914245,34.0,0.865720589170191,0.1399395897471951,-0.5486374486063895,0.9571153123073894,3.4965075614664802,3.5263605246161616,1.000088900581841e-12,-2.5464470949641873,1.73958810536337,0.2770182593289523,0.4036262533874428,0.08494641044856224,0.22219643370030814,0.2590308537467403,0.14640163454284702,0.14233118279198492,0
sim00333,74,1.0,0.20270270270270271,0.35460889791191913,0.5210117086379817,0.07004685517397953,0.012801133664375462,75.0,0.5877073479190722,0.01701369928095121,-0.15730671813569824,1.0824772991736942,4.30406509320417,4.31748811353631,1.000088900581841e-12,-1.2410428774078046,2.6044344490024853,-0.12388651662154442,0.4478546788929467,0.25323044585580484,0.17427062380931485,0.10359629010423335,0.003350742289525183,-0.003681147783399335,1
sim00334,105,1.0,0.3047619047619048,0.36968541202306965,0.3353940160828123,0.061532794340202646,0.004107137604387612,106.0,0.6645059839171877,0.05434522581408757,-0.3466117786173785,1.066347123149093,4.653960350157523,4.663439094112067,1.000088900581841e-12,-1.2873224507013232,1.9471164139561539,-0.688955504513479,0.3604111730959999,0.1905638052387216,0.18609599138510485,0.2478162294441918,-0.09744772119866281,0.010276676673050237,1
sim00335,96,1.0,0.8541666666666666,0.49092583561224507,0.0656582631558264,0.0023793818325216795,0.00041924597048945367,97.0,0.03336777161126633,0.049583500088158504,-1.0386478734268847,2.0777014484913474,4.564348191467836,4.574710978503383,1.000088900581841e-12,-2.606812614111191,2.828209944233784,-20.35714585549347,0.9700546271931022,0.029945371745072596,6.415480317525635e-10,0.0,0.11017323751434878,0.16892491202631277,2
sim00336,54,1.0,0.07407407407407407,0.19210988328555467,0.7775342541606431,0.35635264666781247,0.046003686531747495,55.0,0.10209587821551991,0.009629740274555786,0.07450824819246442,1.149597581989632,3.9889840465642745,4.007333185232471,1.000088900581841e-12,1.3577004517821745,1.9417847606284195,0.46549114071038983,0.049931129854382944,0.04605430276220674,0.23590400122862387,0.2526140179501994,0.013734647570739581,0.11022769233668775,1
sim00337,110,1.0,0.4727272727272727,0.42520405693104685,0.3390942139970896,0.02522676099831885,0.0034238948786677686,111.0,0.7340164581630118,0.05684987005892885,-0.101754396399019,2.012293524683351,4.700480365792417,4.709530201312334,1.000088900581841e-12,-2.0463052305550558,2.703353742777512,0.09275657112435841,0.7470845577644889,0.10281294509717916,0.062050715162231755,0.041706030681565795,-0.15774755673286223,-0.011545131482435465,3
sim00338,49,1.0,0.1836734693877551,0.4045924544976446,0.2061929674640841,0.03849530120319572,0.010467022960552148,50.0,0.8931933580773657,-0.009491760307300612,0.14729770311356102,1.753217518287916,3.8918202981106265,3.912023005428146,1.000088900581841e-12,-0.9075317325468346,2.5895137542418922,1.0524190516510599,0.10580108674750831,0.14760862733002864,0.6098733889290483,0.12224166567670904,-0.17201535965160047,-0.17880474303437052,3
sim00339,16,1.0,0.25,0.30011298214018545,0.5915654360372177,0.12376445081352394,0.045583137229781,17.0,0.5391708622569334,0.144093520699334,0.36426508896992,1.4314540295488773,2.772588722239781,2.833213344056216,1.000088900581841e-12,-0.6969244117607655,1.7737464037863526,-1.3554425861032868,0.39062109557473185,0.2533729997356624,0.3067553753745291,0.049182184723052594,0.34488324344397636,0.26970511855778473,6
sim00340,29,1.0,0.3793103448275862,0.3223925315055099,0.7015137446821813,0.1371894191380806,0.03137087863870544,30.0,0.663845196846415,0.14641337545995553,0.01243001420410794,1.0871887963588376,3.367295829986474,3.4011973816621555,1.000088900581841e-12,-0.4865028912322475,1.8918132681687165,-1.5724724624671171,0.17269228701843686,0.43722917209955164,0.3716053309179331,0.018473209956789187,-0.3829259834629235,-0.42128794110946066,0
sim00341,116,1.0,0.08620689655172414,0.17526197868437599,0.5630497691345675,0.3443144235564391,0.026835360583235216,117.0,0.22566412989164897,-0.005374224923842091,0.13478699231315594,1.1780937515484708,4.7535901911063645,4.762173934797756,1.000088900581841e-12,0.6782570777494928,2.2017553715191114,0.03677945086868635,0.11198223035039295,0.1153780482248459,0.19802134676205982,0.31040683629934934,0.013451504695326084,0.0771675209023512,1
sim00342,50,1.0,0.16,0.2909194037557675,0.5815753720455477,0.18235145316308565,0.03299190364953172,51.0,0.2438378153518153,0.04919799723206743,-0.16701434266277315,1.0904723207176663,3.912023005428146,3.9318256327243257,1.000088900581841e-12,-0.011068030943659529,2.202349306285079,0.16901484378500406,0.07950962418333717,0.09143202251261687,0.24525159031092553,0.5747256283981826,-0.020274893874214425,-0.1685949324596334,1
sim00343,44,1.0,0.06818181818181818,0.18498423733503158,0.5118002362962986,0.2893548965006416,0.052758328400809726,45.0,0.35800880487974773,0.013069796627153381,0.10756932206614002,1.6108812148050675,3.784189633918261,3.8066624897703196,1.000088900581841e-12,0.23027705970805357,2.0822573277632563,0.2971894273673766,0.06874655704709774,0.046799736416588265,0.42212229816022534,0.1796048670869338,-0.23510942740489035,-0.22929779095133124,3
sim00344,68,1.0,0.3235294117647059,0.29933904807261713,0.6310075406503968,0.09481410335599587,0.014207223398336683,69.0,0.30533541952212706,0.04811953142833287,-0.516956374619531,1.2306003980074767,4.219507705176107,4.23410650459726,1.000088900581841e-12,-0.8051665727666474,2.3213400620474207,-0.846912125677223,0.3028028991718057,0.4249033104759643,0.2507431860557411,0.021550603609528138,0.16281724189039787,0.19796276093066395,0
sim00345,117,1.0,0.20512820512820512,0.29682488009133257,0.6420914952307504,0.11698240929898562,0.010437205475018422,118.0,0.4703981625564689,0.008915016630698979,0.10665533734145466,1.2154628668242622,4.762173934797756,4.770684624465665,1.000088900581841e-12,-0.7559261099475494,2.3455272300874856,0.14153731461276708,0.2442921976943663,0.4034476360915909,0.17776086881971526,0.0422580858015995,-0.09829959155503404,-0.011032975245300605,1
sim00346,60,1.0,0.08333333333333333,0.18307579575955124,0.591867533101121,0.23897707123255535,0.02787093465923432,61.0,0.4097373574762558,-0.00808889699226346,0.1185966455180541,1.1492570628976013,4.0943445622221,4.110873864173311,1.000088900581841e-12,-0.011961067531319331,1.945561328266176,-0.7053081685811875,0.23750817842809938,0.315412155083985,0.2770592996517451,0.14873833965040503,0.004393806762274439,-0.04541282815006289,1
sim00347,93,1.0,0.4731182795698925,0.4366337971552157,0.2377152605771813,0.021739641888416747,0.002420373481656113,94.0,0.8052810891162764,0.12187510479685883,-0.6631358660211254,1.2617923965520594,4.532599493153256,4.543294782270004,1.000088900581841e-12,-1.9758557433715445,2.3373839397286633,-0.7451380014546156,0.3658419648028003,0.1438496494719164,0.3844030839894106,0.10590530168987379,-0.04358137499171152,-0.03898975463884886,0
sim00348,59,1.0,0.3559322033898305,0.254677719681461,0.5767964891771596,0.14101714228009773,0.025237698126944985,60.0,0.42481256975484444,0.08977315867160292,-0.21727882950021896,1.5055570827968572,4.07753744390572,4.0943445622221,1.000088900581841e-12,-0.5497072742060923,2.3569948181902185,-1.0753437008526265,0.21217261102879606,0.2464517872894372,0.5294258892000686,0.011946909834573758,0.14971596933160392,0.11995623723903977,0
sim00349,24,1.0,0.041666666666666664,0.15472169660289403,0.4641472260011375,0.3372172265722452,0.07263685919094903,25.0,0.19013149385981387,0.0018226702138092004,0.27216608250195545,1.0272503294855617,3.1780538303479458,3.2188758248682006,1.000088900581841e-12,0.7838947887831866,1.6427990137096262,-0.40255173050728965,0.21669794444884155,0.026390292391091308,0.14571067684092798,0.25442251549829425,-0.2599294387083005,-0.2504771242512107,0
sim00350,29,1.0,0.10344827586206896,0.1486946133333189,0.5109505757634109,0.21957049274002038,0.045101849569306456,30.0,0.31301475312594723,0.057068633501538166,0.35390503566475867,2.36978619830363,3.367295829986474,3.4011973816621555,1.000088900581841e-12,0.02086547007580515,1.7845457535578921,1.2566345827029584,0.07396617377038493,0.21094095010700178,0.04297598967895941,0.24200064827710333,-0.1443791980535571,-0.07492722229323599,3
sim00351,104,1.0,0.46153846153846156,0.45265971672148,0.18193467103006944,0.03939141956883168,0.005494438436367529,105.0,0.8179653289699306,0.04900708131168108,-0.08566490743230537,1.3572272873579188,4.6443908991413725,4.653960350157523,1.000088900581841e-12,-1.329713825534373,2.674579268786844,-0.25616010793758925,0.15412162655933198,0.014504555855813846,0.07543168038950995,0.44640486609808644,0.1332729518149453,0.21191915083142393,1
sim00352,53,1.0,0.3018867924528302,0.42844795931589136,0.31697858724987266,0.09591806138408984,0.021288469740376605,54.0,0.08218535015056594,-0.04597599451819504,0.19539928422305186,0.9165426460095973,3.970291913552122,3.9889840465642745,1.000088900581841e-12,0.24027705081763595,2.4649632126918295,-0.4936013921068036,0.019454131620004197,0.01855293981641453,0.06518420706446044,0.10123939068730706,-0.02790131104031992,0.1866308997076253,1
sim00353,90,1.0,0.13333333333333333,0.25246337289411713,0.929978145289519,0.26152889680645613,0.034349481943472995,91.0,0.8488082464954159,0.017430191548867872,0.33028961998317385,1.4091662308860913,4.499809670330265,4.51085950651685,1.000088900581841e-12,0.7119178357456944,2.4698518254261916,0.26783540100698405,0.10970955872415776,0.053622979941511474,0.24613721849660156,0.3948873442513119,-0.2667852771635013,-0.14668345409150904,1
sim00354,115,1.0,0.5391304347826087,0.3901512493079806,0.5247205250593157,0.045664280862819484,0.008567463242864688,116.0,0.5657027842617854,0.06120084971634531,-0.5913839917474187,1.4226547766361137,4.74493212836325,4.7535901911063645,1.000088900581841e-12,-1.682726281822803,3.071587418504784,-1.0896897558185983,0.7711129384589005,0.19263768268701364,0.03566712592644069,0.0005819297336257397,0.040057511028964266,-0.018495206691172075,0
sim00355,58,1.0,0.05172413793103448,0.22951773408606882,0.8594608035113511,0.1989600058342475,0.02528533695295276,59.0,0.4739901466620403,-0.024852282872722793,-0.006571386869990338,1.2228663738017826,4.060443010546419,4.07753744390572,1.000088900581841e-12,-0.225647371188092,1.9975638421181725,-0.4633669871255267,0.22445389225646467,0.12552103778363458,0.18854789184376633,0.321900646859976,0.10079762310883615,0.06040964878516256,1
sim00356,107,1.0,0.12149532710280374,0.31773516232587234,0.47866411572229806,0.12882390301588345,0.009676830906721695,108.0,0.7930556386907965,-0.03313507626123393,0.057038716712346685,1.0381634015625227,4.672828834461906,4.68213122712422,1.000088900581841e-12,-0.24214169478991399,2.0841169168780853,-0.6072989433292499,0.11338578999971985,0.36243967157951207,0.21647181047670017,0.2778511230491528,0.07026842281457887,0.02866960666243431,1
sim00357,38,1.0,0.8421052631578947,0.4898945447289952,0.04042816981602727,0.0010869164424872318,0.0004209693227114404,39.0,0.03980644272565569,0.21642044504747032,-0.9168913396857097,1.4002115281310157,3.6375861597263857,3.6635616461296463,1.000088900581841e-12,-3.5600636477948275,2.6890460761695647,-4.27749912008471,0.4664430087157402,0.4998075016247512,0.033543819219917795,0.000205669519556819,0.13657215097871794,-0.12543881563182796,5
sim00358,60,1.0,0.21666666666666667,0.3323503068673921,0.4770159367020042,0.13978918129899687,0.023324421668604753,61.0,0.4233004613146748,0.04350106572990019,-0.049752298226373434,1.1218913069997785,4.0943445622221,4.110873864173311,1.000088900581841e-12,-0.5575129192296417,2.303710073958772,0.3311532692893225,0.20319793865330255,0.05397227222346094,0.13882950621488832,0.5954069170388837,0.2950537328333379,0.20820278917466786,1
sim00359,88,1.0,0.06818181818181818,0.2410334746440469,0.8207255339034838,0.416850564699735,0.056947460606496976,89.0,0.7601724620608982,-0.017297247033806515,0.019891132739837905,0.9420440638110644,4.477336814478207,4.48863636973214,1.000088900581841e-12,0.8270176741059914,2.486738113767546,0.4871251496532123,0.05513741505552022,0.025732860745920384,0.0730610410373467,0.38377828774903294,0.3373713190245981,0.1979104945423855,1
sim00360,59,1.0,0.15254237288135594,0.24726873385726153,0.6479091489052421,0.098208405144028,0.024079927561582348,60.0,0.44993501253412294,0.02904883017245546,-0.5246150669604015,1.5110733544397783,4.07753744390572,4.0943445622221,1.000088900581841e-12,-0.9242925032356539,2.671824251746974,-0.2998154931965097,0.11656434196737804,0.524863315142654,0.14888467217971352,0.1734591194618381,-0.012563457735312365,-0.07033099775450974,1
sim00361,118,1.0,0.1016949152542373,0.21413553545453462,0.5534023124670197,0.44916741069075145,0.08146342678116722,119.0,0.7784157655185349,0.011008808415083853,0.16887913378525865,1.5477819971518703,4.770684624465665,4.77912349311153,1.000088900581841e-12,0.957087356824944,3.063443122023762,0.2369954944437713,0.05400188141214948,0.06678958881353297,0.14849726429178076,0.30259680916217624,-0.00790039865256808,0.034138206294951526,3
sim00362,27,1.0,0.18518518518518517,0.44816861043875705,0.11616823464512603,0.015906005023532416,0.00443980358353378,28.0,0.10736677284486018,-0.0005003238684488684,-0.2495461222639207,0.8950171688528225,3.295836866004329,3.332204510175204,1.000088900581841e-12,-1.7959745418404667,2.019750289693708,-0.3008071672239425,0.1965380739732585,0.48777689838519356,0.10042166804753044,0.10728190964039684,-0.20845535775868881,-0.08716308960628467,1
sim00363,114,1.0,0.13157894736842105,0.23983017696131428,0.6154634876130501,0.1946504955795447,0.020876531006021642,115.0,0.4832305885219023,0.003858183294274872,-0.0736482148941867,1.0250211084104017,4.736198448394496,4.74493212836325,1.000088900581841e-12,-0.24912981203773032,2.5036184374535773,0.260169622309894,0.10701586217468091,0.1742176112311568,0.1465026096023219,0.4223989902187901,-0.0738495247531271,-0.08210075661134905,1
sim00364,91,1.0,0.24175824175824176,0.2957623531838265,0.575406415910203,0.15359185756665067,0.01650943619207331,92.0,0.7857004605025071,0.05150311628311048,-0.0605885570645587,1.182644443418257,4.51085950651685,4.5217885770490405,1.000088900581841e-12,-0.09189629223775878,2.280492805178478,-0.6910629326784469,0.1883620064328448,0.06652098343567843,0.3295305913944224,0.40416794703033265,0.19053523855037602,0.12131048569090064,1
sim00365,70,1.0,0.2714285714285714,0.3296854438261077,0.5589649257258663,0.08110959950166108,0.011812766268687888,71.0,0.47769599321054906,0.054530243400138824,-0.21623973762621077,0.9519036160289833,4.248495242049359,4.2626798770413155,1.000088900581841e-12,-1.123667740195494,2.3218747547497083,-0.5279708120625384,0.44202361807817137,0.3354932045240719,0.14184743914452755,0.07909651408309877,-0.07720984556776105,-0.05748250225534397,1
sim00366,22,1.0,0.18181818181818182,0.22836662363215093,0.6728228964713148,0.19367807026327016,0.042527719738397925,23.0,0.6334545658189727,0.0727282559226232,0.06962073376132534,1.0820840770784275,3.091042453358316,3.1354942159291497,1.000088900581841e-12,-0.1813581312453689,1.5750011966794715,-1.0297194473000344,0.24218641251392875,0.4630352117434186,0.1836611412338871,0.11106131996190342,-0.33869854469115807,-0.3620017172118283,0
sim00367,50,1.0,0.12,0.17982382857809104,0.7252045059742984,0.12742393728620616,0.021577721634892622,51.0,0.27269672909417275,0.04918213171654318,-0.4010920303574837,1.3847978251543107,3.912023005428146,3.9318256327243257,1.000088900581841e-12,-0.44242894447574377,2.13616476543989,0.235661048591418,0.20971333665598865,0.16258762936013008,0.17540744008803108,0.32538401881569745,-0.1169317331076653,-0.15822680026001362,1
sim00368,104,1.0,0.5673076923076923,0.46782768636864674,0.09612285773694727,0.006745153659695552,0.0006882274295952351,105.0,0.08049715010225655,0.011460876402936042,-0.46142962074793675,1.1214745202498488,4.6443908991413725,4.653960350157523,1.000088900581841e-12,-2.3954753749888926,2.3619306850996726,-0.5143974300401861,0.4233173611554637,0.378722176633034,0.1530623226881267,0.0448713578724708,-0.10210109698728495,-0.046166731839905835,1
sim00369,17,1.0,0.0,0.1238949565707476,0.42321429698318014,0.27995213615001446,0.09936671724078443,18.0,0.2918083184833802,-0.0326077752948786,0.047154644855742486,0.7463642319012105,2.833213344056216,2.8903717578961645,1.000088900581841e-12,0.30356198839505594,1.7974119187503932,-0.8085959272526753,0.18976574258002935,0.23105334214178147,0.09882186836822494,0.09802066055940746,-0.07380725913543046,-0.028035047733966815,1
sim00370,16,1.0,0.4375,0.44716577437650423,0.19655732910612317,0.014540301260107347,0.005884474498836915,17.0,0.12179820572992872,0.1269004691383236,-0.6236981614423921,0.8272636969856166,2.772588722239781,2.833213344056216,1.000088900581841e-12,-1.9955625547993756,1.86798197172668,-0.6711887830262193,0.8449114464859083,0.1263941726854091,0.022202206062042283,0.006439958751195719,-0.5798972265507358,-0.3813591302302207,0
sim00371,47,1.0,0.23404255319148937,0.25771494207173357,0.569908044149451,0.09898117516753081,0.022278221567430756,48.0,0.43278188585886596,0.01958138230495242,-0.4603312990894604,1.4720130570596257,3.8501476017100584,3.871201010907891,1.000088900581841e-12,-0.9082928228432303,2.3588275089937505,-1.1461722077362249,0.3671842786354722,0.40080656210763516,0.2079664275352187,0.024041022606687678,-0.01797301541511426,-0.013011543256540851,0
sim00372,94,1.0,0.22340425531914893,0.1453349172369481,0.6141600951291704,0.22774646028034168,0.027956782239831897,95.0,0.34704666558112274,0.09939855893640104,-0.058635848986939375,1.2192154127726642,4.543294782270004,4.553876891600541,1.000088900581841e-12,0.00502335567380151,2.4457216143323572,-0.3999976246237711,0.2260283783155056,0.21441040894681604,0.14740065533182653,0.2555065603000399,-0.25023354753052496,-0.2803861985974157,0
sim00373,69,1.0,0.08695652173913043,0.19202671016675585,0.6692761705049223,0.3237993541885946,0.07937261916445328,70.0,0.5970148302281716,-0.019265522250836154,-0.032778875665108856,0.9152464670138408,4.23410650459726,4.248495242049359,1.000088900581841e-12,0.29703760971316084,2.828135919615916,0.20610703735802,0.07883100412031609,0.06786968190091153,0.20645785619370519,0.19573414910505849,-0.052033189869673695,0.05113300875400493,1
sim00374,72,1.0,0.7638888888888888,0.48962356777935956,0.0680864746819502,0.0017994230577125954,0.0005116143664665934,73.0,0.0681864746819502,0.05760455535140437,-0.29631147550659465,1.3968153063716713,4.276666119016055,4.290459441148391,1.000088900581841e-12,-3.564157571718664,3.019015862699313,-0.6218575542756444,0.5012318171336535,0.086815481681907,0.31854717196053106,0.09340552866817475,0.29648534268549476,0.10955216045951388,1
sim00375,47,1.0,0.19148936170212766,0.29334827889300186,0.9191131237997846,0.1634381527218698,0.02663779206803002,48.0,0.6260231792910788,0.10762133304161675,-0.4014139326806928,0.9091271243526943,3.8501476017100584,3.871201010907891,1.000088900581841e-12,-0.3593912898713177,2.036043915407645,0.37079763784065556,0.08929011082169935,0.06426613477909185,0.054749278761236204,0.3696025064665537,0.26965558366116404,0.07509246006796043,0
sim00376,76,1.0,0.32894736842105265,0.4351093547184639,0.14165644325639115,0.026294191978535254,0.0021720582019413128,77.0,0.8582435567436089,0.09466605938174333,-0.21880741839355217,1.4550980640768394,4.330733340286331,4.343805421853684,1.000088900581841e-12,-1.5318949650311564,1.837060458565406,-0.602655856625314,0.18269227006251693,0.2458578559275862,0.24944809980608623,0.17108363843986124,-0.1274158647239478,-0.059803484291890266,1
sim00377,70,1.0,0.2571428571428571,0.23870081080621475,0.7630758756687763,0.1599462031252884,0.011148438225896002,71.0,0.23682412433122368,0.11948938951388066,-0.2224802610550114,1.0278051557035952,4.248495242049359,4.2626798770413155,1.000088900581841e-12,-0.12221347719377189,1.5849571321417901,-0.7154568773453357,0.2710027394998776,0.17093947094960923,0.36087261723333,0.18319136025774235,-0.16667036950520228,-0.20005458865834827,0
sim00378,90,1.0,0.28888888888888886,0.3412932157431856,0.440023884070668,0.0736414108459347,0.009381932278737258,91.0,0.440123884070668,0.03554089018031121,-0.20776328339168246,1.0877851990682188,4.499809670330265,4.51085950651685,1.000088900581841e-12,-1.2078089858275634,2.4393878960117745,-0.49118684890604597,0.2809277454293827,0.541279765428202,0.08296424998665194,0.09154724047303653,-0.2842159305623236,-0.17741533190688327,1
sim00379,64,1.0,0.0625,0.14720465239995187,0.4981949597571328,0.29801963259285025,0.02935283056514763,65.0,0.5913316212005342,0.001763763322702814,0.11019423296109801,1.3893463223269293,4.1588830833596715,4.174387269895637,1.000088900581841e-12,0.20963364830279396,1.8411127010261719,-0.3836571841346459,0.16614257258392073,0.09677739786008116,0.30827019943715717,0.24810232803338514,-0.18539663866681383,-0.13362723716941485,1
sim00380,103,1.0,0.10679611650485436,0.14640204281810837,0.6595290446681585,0.3933783961230777,0.09364721389781777,104.0,0.5827488776252564,0.027901537592056165,-0.11557558670473986,1.2238903885216652,4.634728988229636,4.6443908991413725,1.000088900581841e-12,0.4810826632357108,3.1994916776252804,-0.02584676328341874,0.06981683424987811,0.08559248749274219,0.1395789360460862,0.09732100009009434,-0.08708893760472079,0.06861797936073558,1
sim00381,99,1.0,0.1111111111111111,0.17598791054180182,0.6551416642833409,0.3310771780407139,0.055470819414263225,100.0,0.4045926681720727,0.013303818765130473,0.20236302192685873,1.8038210744149643,4.59511985013459,4.605170185988092,1.000088900581841e-12,0.31798022744468163,2.80862544153339,0.1397510253143274,0.15004292792855628,0.09283326951937469,0.27352535410511536,0.3635800384163028,-0.09127563003013482,-0.12455431067949402,3
sim00382,110,1.0,0.11818181818181818,0.27530186681247976,0.5504120606264532,0.1685982395740093,0.011022955781909188,111.0,0.46995707644126716,0.008200641614389936,-0.10528632865488374,0.9607702256415763,4.700480365792417,4.709530201312334,1.000088900581841e-12,-0.39032547186434996,1.9729417486869985,-0.3101302532174717,0.14295536859019414,0.22451714566261194,0.18652949403209523,0.1260369167569622,0.19201967804341152,0.1963498598112529,1
sim00383,109,1.0,0.42201834862385323,0.3843284447978696,0.3525296075403417,0.05467606252758236,0.005506540131571741,110.0,0.34996554474438835,0.03888612330360704,-0.23319126921895003,1.1374011302656053,4.6913478822291435,4.700480365792417,1.000088900581841e-12,-1.4256787967326972,2.395858381158022,-0.3017270754317548,0.31751495925187867,0.4739266322657897,0.17366944591495762,0.020411729596300207,-0.08665603750677084,0.0031073199196481787,1
sim00384,27,1.0,0.48148148148148145,0.46146386378743925,0.21549190806332785,0.008570725542888256,0.00415758422791608,28.0,0.21559190806332784,0.08232565698826601,-0.47033096512526723,1.2381547441973961,3.295836866004329,3.332204510175204,1.000088900581841e-12,-2.982209047610663,2.572418664437985,-1.3788916120534715,0.8001844935851522,0.15697110093307834,0.021443629174370947,0.02140077619072212,0.2567685489575365,-0.13207132026836882,0
sim00385,69,1.0,0.18840579710144928,0.2735446733194881,0.5147661075853253,0.09263101255734278,0.01056012143793165,70.0,0.48508657556350676,0.04906935527602575,-0.48040532036762884,1.0759037483322857,4.23410650459726,4.248495242049359,1.000088900581841e-12,-0.9919468865671359,2.0625672875539043,-0.29177166540096505,0.26069802217433136,0.3115026947504118,0.18116237131039567,0.19689767065807676,-0.11445621436280204,0.020323538000807287,1
sim00386,81,1.0,0.13580246913580246,0.330143016459186,0.40278910493242304,0.18598206763934066,0.01952471497909735,82.0,0.8257611327337633,0.019168301554216127,0.16327184007416,1.2102445932273236,4.394449154672439,4.406719247264253,1.000088900581841e-12,0.2566728331921075,2.1404799936416117,0.06521518792884337,0.17037537556097787,0.06396874546232292,0.1351725163405597,0.35932301830168917,-0.09061517533435737,-0.07023990671345094,1
sim00387,42,1.0,0.07142857142857142,0.16589181343044745,0.5457707201692097,0.17175128681989235,0.02294131076024261,43.0,0.5309172751787105,0.0050625742176691494,-0.2922534266850893,1.0246367752832946,3.7376696182833684,3.7612001156935624,1.000088900581841e-12,-0.3715826544606042,1.7245614433088519,-0.32385237961998753,0.14362868795297168,0.27067506826581383,0.2392153860483592,0.194349034959571,0.07880418773552143,0.05103471941136801,1
sim00388,87,1.0,0.21839080459770116,0.2698117292194407,0.5412824628438098,0.1743790332328104,0.013648448237453913,88.0,0.6553108775811469,0.07003818869269848,-0.04750591078081541,0.9976865863339035,4.465908118654584,4.477336814478207,1.000088900581841e-12,-0.2587661007205187,1.9183026692011143,-0.6615417445103746,0.20196727483845378,0.2577199881071059,0.22506606194758014,0.2846474590889805,-0.23722721129342722,-0.2250338169637022,0
sim00389,80,1.0,0.1125,0.219007229966599,0.6655099028492897,0.22979236138164086,0.02924756770265142,81.0,0.7344677270974553,0.0012554085528549807,0.18777580722318174,1.1526154269094697,4.382026634673881,4.394449154672439,1.000088900581841e-12,0.16404895902407116,2.320646924541866,-0.60456971313226,0.2000653319856944,0.266910671023421,0.14548551795030262,0.3411489696010602,0.14166879917982822,0.09146086437778443,1
sim00390,115,1.0,0.10434782608695652,0.19667539405079687,0.7913919766736512,0.23634643216953055,0.028258808018777,116.0,0.2069899567337165,0.008843801753445442,-0.18177894285759635,1.1592830154218456,4.74493212836325,4.7535901911063645,1.000088900581841e-12,0.36454778021821355,2.6210386635969023,0.2981945725803927,0.11479864822766941,0.09512165119784942,0.15370753453802713,0.41805211783995366,-0.07613000556803778,-0.029773324975718347,1
sim00391,33,1.0,0.2727272727272727,0.46517401823482457,0.09953215588258109,0.01168082087807682,0.0022367645530139545,34.0,0.06135482633262023,0.0069272822922471335,-0.0005382178908958316,1.2267966839116946,3.4965075614664802,3.5263605246161616,1.000088900581841e-12,-1.5954078332291743,1.8435897292462444,-0.4747073644612487,0.10815782805395642,0.3574195223114973,0.052872755209934,0.3790916111634154,0.1051677597515647,-0.026690919284076253,1
sim00392,39,1.0,0.8717948717948718,0.49507728564836767,0.023280038461223063,0.000355318961042732,9.190236260950524e-05,40.0,0.9809689910627735,0.1462607460269889,-1.4280481126750009,1.5644107334602155,3.6635616461296463,3.6888794541139363,1.000088900581841e-12,-3.9615946770430495,2.311272416870759,-3.912856956111566,0.878306929484385,0.10320752586985758,0.01653660936777527,0.0019489324636093334,-0.3011533421631009,-0.18036753025237562,5
sim00393,104,1.0,0.14423076923076922,0.19162967188298913,0.8236251276318096,0.28171789036977274,0.01906798848021864,105.0,0.4367790439681182,0.031630119235277504,0.2786918671787301,1.2815563463550046,4.6443908991413725,4.653960350157523,1.000088900581841e-12,0.13556200040589758,1.951495650569326,-0.7191746804069596,0.1922247138517595,0.22821445714059427,0.24843345222517416,0.284308077537063,-0.08615881891621525,-0.08956026735266875,1
sim00394,103,1.0,0.1262135922330097,0.2455561719665283,0.8885774181841297,0.25419874754158084,0.027185458212358325,104.0,0.7122664094630125,0.024033754862260965,0.01020967770060565,1.119582159509958,4.634728988229636,4.6443908991413725,1.000088900581841e-12,0.2153846794722477,2.3992947619707365,-0.09032333006484972,0.08051286170447032,0.10350446362312972,0.27906106695810945,0.3706987921595167,-0.04038056386478531,-0.059740390011443455,1
sim00395,12,1.0,0.08333333333333333,0.24756881201777822,0.5384270564805709,0.12669294961069288,0.06539995177632721,13.0,0.5439249051285919,-0.015798411223027848,1.014428772375678,1.8427064477253905,2.4849066497880004,2.5649493574615367,1.000088900581841e-12,-0.6719469545352811,1.8236617313520926,1.5467143330290396,0.20771769669402496,0.5353849000047678,0.23126686963622226,0.011513517518202359,0.4231881298817484,0.03644530879815453,4
sim00396,21,1.0,0.047619047619047616,0.22571795564984662,0.6844092972485334,0.36658747897655175,0.14898733108202958,22.0,0.6473186985838537,0.005871771902843434,-0.08704150839951252,1.4437811655031059,3.044522437723423,3.091042453358316,1.000088900581841e-12,0.47358888688005835,2.144146533341606,1.4765354277602944,0.02518496674779952,0.021508077908999026,0.2998298409060719,0.09977682603379423,0.5406894633182292,0.3043661729555833,6
sim00397,40,1.0,0.35,0.40471107468657336,0.2784188811415712,0.03555294133786198,0.0069454441345923835,41.0,0.7439139763202962,0.060700841686332496,-0.40835463064648686,1.0354678158445483,3.6888794541139363,3.713572066704308,1.000088900581841e-12,-1.6786606530689232,2.055942486677856,-1.0789478878780558,0.2852564199798881,0.28802877039034264,0.41960334756824547,0.00711059549201741,0.008827223555043283,-0.05152327701724576,0
sim00398,25,1.0,0.32,0.39543205582738067,0.2791100116823946,0.04047446466591368,0.011100106285466477,26.0,0.732299672297154,0.11811517565129787,-0.6104417449331105,1.27729247570828,3.2188758248682006,3.258096538021482,1.000088900581841e-12,-1.5776314410485117,1.9251592346940467,-1.3996878326835445,0.4301511962353154,0.4748540159212136,0.08506866436414555,0.009766083959931608,-0.229919699405144,-0.23323438952606831,0
sim00399,48,1.0,0.2708333333333333,0.38915672310555305,0.39964103390718275,0.051891599527418425,0.009576378751620384,49.0,0.39974103390718274,0.007431345678178815,-0.23912659499233763,1.1228567711207325,3.871201010907891,3.8918202981106265,1.000088900581841e-12,-1.5312658972142403,2.18134361148035,-0.42535176307035466,0.506294723851963,0.1445692220310886,0.33896892049670513,0.00976531489886719,0.17222394489724827,-0.00688380613765253,1
sim00400,11,1.0,0.18181818181818182,0.40102342173124117,0.40137927657229217,0.03659108031772716,0.02352552133003569,12.0,0.40240289666944584,-0.02657762529264832,-0.4168535740139852,0.7317819527510568,2.3978952727983707,2.4849066497880004,1.000088900581841e-12,-1.882810821332818,1.9561766149078224,-0.026366263868585815,0.8788907639070659,0.10810809851337275,0.006507557116597245,0.000252522357767958,0.8513049951688636,0.7112176475136444,6
sim00401,42,1.0,0.14285714285714285,0.22895895389250173,0.8106686111744226,0.1777299002633579,0.018727954780341387,43.0,0.4760580612013814,0.0078753747761996,0.004912096641512101,0.9498504005874482,3.7376696182833684,3.7612001156935624,1.000088900581841e-12,-0.3389004358829629,1.4874219501356325,-0.5857481302023336,0.07218880747714367,0.41655273873564735,0.3717364700863058,0.13925484780804395,0.18165687449013926,0.03650552712425743,1
sim00402,14,1.0,0.07142857142857142,0.352003479483164,0.3651479307731288,0.10396011946394935,0.07420991560807705,15.0,0.6898763436056212,-0.03788448619484449,0.6234708553456038,1.7790202894039022,2.6390573296152584,2.70805020110221,1.000088900581841e-12,-0.7217208410094732,2.301947745364848,0.9865278456276931,0.10591717837344909,0.8565610360736411,0.020005011283240597,0.01654089239616877,0.08627890740508179,0.02053685110302346,3
sim00403,70,1.0,0.3,0.241287786904165,0.6136401621792665,0.2289538327347612,0.04412141359380626,71.0,0.3324655923212956,0.10644320624439858,0.0054673399903959405,1.3414896519136512,4.248495242049359,4.2626798770413155,1.000088900581841e-12,0.031148349402189166,2.601920095938016,-0.37040605741199795,0.16258372941827004,0.15949033469143611,0.4592015876138404,0.21789644865974622,-0.19256251977886044,-0.08879095468979528,1
sim00404,71,1.0,0.7887323943661971,0.48444651816603274,0.09849880035357361,0.0026316712752994893,0.0014232670663401246,72.0,0.9134490182879724,0.08879281916605687,-1.4279121931532905,1.9137449107472295,4.2626798770413155,4.276666119016055,1.000088900581841e-12,-3.402586799715967,3.648015720386925,-8.561614163443638,0.8887500262269254,0.10966319509841399,0.001586778294673952,0.0,-0.009576998344440554,0.1172025133587758,5
sim00405,105,1.0,0.9047619047619048,0.4912030498924712,0.09301761351038118,0.001536578822824344,0.0005699243761176328,106.0,0.9068823864896188,0.07511174225129331,-1.025560687722185,2.1276960389410275,4.653960350157523,4.663439094112067,1.000088900581841e-12,-4.006562443004519,3.6621502816290135,-20.362681451462983,0.9196599244052277,0.07877944530049154,0.0015606296434843212,0.0,0.23094608016715387,-0.049121989498106144,2
sim00406,74,1.0,0.24324324324324326,0.2930816368229885,0.5818460226803555,0.10420137973369024,0.017133231601658448,75.0,0.44981647360689025,0.04872274359676813,-0.008988174817737908,1.7411202618994917,4.30406509320417,4.31748811353631,1.000088900581841e-12,-0.865010920639185,2.498759668243517,-0.3552536871514892,0.36637650995793514,0.29881215327415567,0.24150453447205444,0.09049547314324796,-0.07841985487823927,-0.024623222923994548,3
sim00407,29,1.0,0.0,0.1153158933486355,0.5965529172765189,0.659690494716748,0.12387552946531348,30.0,0.5904385177559455,-0.04108040891363143,0.40151585222006003,1.1556436656799718,3.367295829986474,3.4011973816621555,1.000088900581841e-12,1.0035735135377546,1.6948023191504389,1.0326815403977703,0.054428517963984756,0.05371065532093987,0.043069781366320885,0.24617961021728918,-0.015564679885840989,-0.13058431570151596,1
sim00408,111,1.0,0.24324324324324326,0.37188812838840174,0.45633015122162945,0.14229096069654887,0.024011952118637745,112.0,0.5435506444305923,-0.003966732508233789,0.18377796819395723,1.5959675279000842,4.709530201312334,4.718498871295094,1.000088900581841e-12,-0.5559713782235091,2.930207931686947,-0.06446927358968174,0.20038442665288694,0.08399606068230447,0.024666449672267488,0.028882982547897444,0.07519311733373964,0.028695289005871715,3
sim00409,13,1.0,0.3076923076923077,0.43694649713931305,0.16226471864342434,0.018082595748280614,0.007993193460631851,14.0,0.13507148686782683,0.047717852339111265,-0.25722508022145274,1.3836023242229767,2.5649493574615367,2.6390573296152584,1.000088900581841e-12,-1.8657458365428135,1.7485898041688777,-1.9875070971543607,0.5489954656202235,0.14976703208458683,0.30123341053155456,4.091708333298877e-06,-0.14234032271499394,-0.3407040455231397,0
sim00410,92,1.0,0.07608695652173914,0.2787929712251909,0.7648908798707339,0.28046430676229805,0.041222142364848925,93.0,0.20208006550878688,-0.034771186040570744,-0.10275840321818995,0.8692256411496154,4.5217885770490405,4.532599493153256,1.000088900581841e-12,0.5535295047531658,2.6043176565270487,0.43553337912439477,0.03963249720053868,0.05075908583585492,0.050042688363326294,0.358258379598747,-0.043392166605948725,-0.11830722361098676,1
sim00411,47,1.0,0.44680851063829785,0.38692570287182826,0.49711591406244865,0.0666053397677732,0.021415565704212332,48.0,0.454843900235843,0.07425294002754511,-0.3081393509282886,1.2707071976451725,3.8501476017100584,3.871201010907891,1.000088900581841e-12,-1.3144864289012843,2.715480877004087,-2.3880781740277417,0.7604273071314837,0.2114462872709248,0.02746001895056468,0.0006663866320130525,-0.15340945563519484,-0.11223911884071718,0
sim00412,71,1.0,0.6056338028169014,0.43182792679664495,0.37911420419875164,0.025399456764703884,0.006917592186064072,72.0,0.6207857958012484,0.09356673310821946,-0.821697215242261,1.6295116067627478,4.2626798770413155,4.276666119016055,1.000088900581841e-12,-2.2266042505451575,2.962019846901334,-3.1192909513886735,0.7405829685278715,0.2066757870736233,0.05274124435913428,0.0,-0.09153086430604283,-0.12553915653093478,5
sim00413,63,1.0,0.06349206349206349,0.2645699731192762,0.5366174658041116,0.1924032796001789,0.016303174576597898,64.0,0.47903593572531916,-0.014291366966677625,0.214160604815234,1.1162705028523048,4.143134726391533,4.1588830833596715,1.000088900581841e-12,-0.26010781903305646,1.674900990450199,-0.03308248351537124,0.2126617523936993,0.2110224619390308,0.26721373162572887,0.1538198259990745,-0.126965550086579,-0.1396895738525085,1
sim00414,50,1.0,0.12,0.24975792453062556,0.8249934837212969,0.19865997272715777,0.029526512417941696,51.0,0.6187127609178481,0.027679598743928033,0.0508791816401678,0.8462184338726171,3.912023005428146,3.9318256327243257,1.000088900581841e-12,-0.17184416464309282,2.0057169074724035,0.6396583931477582,0.11928518444449047,0.08285843324270087,0.2981612833142678,0.42508883298609335,-0.004130087442083486,-0.09176497722452445,1
sim00415,49,1.0,0.061224489795918366,0.2776131640996164,0.5104981601160319,0.29040637940889347,0.045210667461754415,50.0,0.2282698816067109,-0.015211103843413922,0.13209210095644877,0.8722783757191571,3.8918202981106265,3.912023005428146,1.000088900581841e-12,0.49987300781761146,2.031872112377408,0.28065786522031366,0.061883782287621904,0.1717940955681869,0.0564364710856328,0.14426425831590864,-0.11694752612820059,0.09367650317692042,1
sim00416,85,1.0,0.7294117647058823,0.4813795046080143,0.08835376417412966,0.005274941092017762,0.001137433322224383,86.0,0.9115462358258704,0.09928480147053334,-0.6036035281590458,1.4026827822866812,4.442651256490317,4.454347296253507,1.000088900581841e-12,-2.726899503535234,2.9084579816459466,-2.148811314767506,0.2272063701708569,0.7238368980038147,0.04837486914574214,0.00021701302197460484,-0.040120816890983756,0.04482609839658878,0
sim00417,102,1.0,0.6372549019607843,0.45409102141362423,0.23533243601522613,0.012018495096543711,0.001749289413777354,103.0,0.7645675639847739,0.12849032624947748,-0.40911779434350765,1.9930196557389723,4.624972813284271,4.634728988229636,1.000088900581841e-12,-2.7065323741797003,2.697735740259897,-0.9043934284357729,0.5582298529118042,0.2363542786253207,0.19548242934960144,0.008191853103076598,0.03423364689998735,0.01709741562663367,3
sim00418,39,1.0,0.20512820512820512,0.33797010488226353,0.39678452904735767,0.06376564237194202,0.009102168860460702,40.0,0.39379429747887507,0.029188343434724456,-0.5051582732590961,0.9206369709204891,3.6635616461296463,3.6888794541139363,1.000088900581841e-12,-1.3200782534473698,1.716859842587101,-0.3775628750969539,0.24513638751789488,0.25963802092038657,0.3277454267436445,0.16735974105749357,-0.408894733320867,-0.4223117281471617,0
sim00419,18,1.0,0.1111111111111111,0.22773891818307326,0.6303983817952135,0.21962551112279746,0.0627292578930227,19.0,0.5901896716740845,0.06701470761363698,-0.3609886542433212,0.9479701440036824,2.8903717578961645,2.9444389791664403,1.000088900581841e-12,-0.0964592487315443,1.6372758559353329,0.2564119357259874,0.11677226586584541,0.020105804644039958,0.04110538033190998,0.29592162544293493,0.43913822429407984,0.4433025376396554,0
sim00420,74,1.0,0.13513513513513514,0.23603703233049517,0.769242504963654,0.1869478979230154,0.020899063438667004,75.0,0.34218060493939506,0.01790921843201309,-0.06041604623343439,1.310192371032382,4.30406509320417,4.31748811353631,1.000088900581841e-12,-0.18568386406819498,2.1129394819757703,0.4959364691266286,0.11470951258616223,0.21324614938228745,0.23950409864098343,0.2366278562457891,0.09495941866273598,0.07367323652303695,1
sim00421,50,1.0,0.1,0.27754407820841565,0.5041574388780737,0.2223794979227816,0.05054780716378424,51.0,0.21393442163101795,0.015522029509239635,-0.23161757967013993,1.2991269914341224,3.912023005428146,3.9318256327243257,1.000088900581841e-12,0.2794309024378069,2.4305571976713054,0.1810548418793812,0.048630921353739205,0.01882652454705919,0.21972127691754537,0.270428156235348,0.2868744670725004,0.24247331923674567,1
sim00422,23,1.0,0.08695652173913043,0.14922358801300623,0.5344231866312746,0.14815965473407,0.03896707884205611,24.0,0.5069543731226528,0.04628518474589847,-0.5271216152487102,1.2033864807080201,3.1354942159291497,3.1780538303479458,1.000088900581841e-12,-0.5229770053863382,1.7999209326574368,0.9056399769108187,0.09203808411618858,0.12459967201781326,0.06699290705389419,0.45822497965440573,0.05731449004027278,0.04410593733991632,0
sim00423,95,1.0,0.3263157894736842,0.39083668211770184,0.30527033461763486,0.06932624999067331,0.011833244894018366,96.0,0.30537033461763485,0.0334106929927549,-0.18434945955149312,1.2579538938618569,4.553876891600541,4.564348191467836,1.000088900581841e-12,-1.1183251986813822,2.7859662021370264,-0.17934682214080955,0.2930011441755348,0.19227192103588872,0.15273930350514073,0.36165904578565433,0.17640148853003262,0.0745681923165571,1
sim00424,53,1.0,0.5094339622641509,0.34262295282806576,0.6135322073090566,0.04698041852681175,0.006999802624247875,54.0,0.4472660431068779,0.110103264506979,-0.7800020244524921,0.9793659383568469,3.970291913552122,3.9889840465642745,1.000088900581841e-12,-1.6605442206478667,2.066442976880851,-1.7784273936821064,0.6730812220924847,0.2527583174701826,0.07401798998956664,0.00014247042648052422,0.011879236802015058,-0.008296474170045963,0
sim00425,100,1.0,0.19,0.20932308264721558,0.7496587913711725,0.20242284767825103,0.02602790953881188,101.0,0.6964625379298909,0.024062024814267894,-0.15781076644768174,1.0853393412895564,4.605170185988092,4.61512051684126,1.000088900581841e-12,-0.043404948180546986,2.5539807767973697,-0.40857366194577655,0.1492502151387882,0.24049918626396585,0.2705603469952476,0.3352227311521669,-0.006903784268838924,-0.045908619652043896,1
sim00426,110,1.0,0.22727272727272727,0.40982501413846234,0.32978610090606897,0.04449799309347893,0.00357255307822279,111.0,0.3045450754658483,-0.03415681569987657,0.10759422021063078,1.467918437494653,4.700480365792417,4.709530201312334,1.000088900581841e-12,-1.5601859382526644,2.178316762624711,-0.28411794574381644,0.4889845208361121,0.14618180394202912,0.1355605988058909,0.0911633723300467,-0.10851025955070144,-0.08608427613673052,3
sim00427,38,1.0,0.05263157894736842,0.26094392436209657,0.5108691451781092,0.2557895568003203,0.09911286017374173,39.0,0.22716020591779518,-0.027782491711779548,-0.02393901542774428,1.0036263270395713,3.6375861597263857,3.6635616461296463,1.000088900581841e-12,0.3763830452010185,2.68949029950133,0.5627166515078634,0.0744550967133982,0.1432464849898613,0.057670771293955175,0.20999304092621462,-0.21764993211434194,-0.03291356202676255,1
sim00428,14,1.0,0.0,0.17169766239460366,0.5701786556334117,0.17894929647470845,0.08228433188677454,15.0,0.31444206879601666,-0.033634266601747904,0.06310223386749292,1.87888635248943,2.6390573296152584,2.70805020110221,1.000088900581841e-12,-0.18617507827316035,1.862135535264262,-1.1405171760757586,0.4861336990419941,0.10450019500728486,0.03846003696558239,0.35167485811280086,0.22353531511180003,0.2769049863176334,3
sim00429,83,1.0,0.1927710843373494,0.2836832027850254,0.6126303817658125,0.13536808713478793,0.017978655291647105,84.0,0.37918103307009354,0.040607003264744666,-0.03238352038093997,1.0224789888423393,4.418840607796598,4.430816798843313,1.000088900581841e-12,-0.5533003532174918,2.4000282049127333,-0.34639900153499525,0.2820254775833602,0.2276166411160719,0.3934604097162177,0.07986262660065772,-0.015216426679241397,-0.09005825863808871,1
sim00430,43,1.0,0.2558139534883721,0.46008673238725456,0.11364174938000697,0.020475942182480073,0.007179791687632983,44.0,0.0455493738861145,-0.04077331099482363,-0.0023510147098119087,0.9585933750013699,3.7612001156935624,3.784189633918261,1.000088900581841e-12,-0.7529268683862506,2.7132198385888198,0.28288307706330684,0.24010058211191507,0.13788681953570364,0.05878433998724728,0.09813701538442099,-0.2666103267645322,-0.07696541185616938,1
sim00431,118,1.0,0.2711864406779661,0.30271864813719496,0.3863107664161658,0.10030783533786447,0.007729575398532213,119.0,0.6346727699452197,0.073273549526549,-0.45412406520958487,1.2141896142521267,4.770684624465665,4.77912349311153,1.000088900581841e-12,-0.8379039258670263,2.2074947445324735,-0.5824424528560945,0.1647419693431685,0.12424919639538391,0.34798008412083875,0.3480939677182917,-0.1454909319532347,-0.08242057373131853,1
sim00432,32,1.0,0.0625,0.2620309237089109,0.7564505080845055,0.10999324020426239,0.019043602726228806,33.0,0.7644572971781046,-0.04555728713135286,0.7715595892631003,2.3017984056715783,3.4657359027997265,3.4965075614664802,1.000088900581841e-12,-0.4928842017668325,1.7120482216238473,1.7873202790005647,0.2078202406629652,0.3248722357416211,0.2008156981881663,0.07643198723982071,-0.33841772310244417,-0.040227499666451505,3
sim00433,60,1.0,0.23333333333333334,0.3521056611711267,0.4678166290441333,0.07971436628759503,0.01271836146403168,61.0,0.4679166290441333,-0.007198732198995787,-0.17663789703104124,1.1208011180792214,4.0943445622221,4.110873864173311,1.000088900581841e-12,-1.1388852232743694,2.2589414713400098,-1.0318919661076558,0.3615464841599161,0.4091622229023026,0.18562712927379763,0.04245566386625646,-0.10656006695519904,-0.0940937907833125,0
sim00434,34,1.0,0.08823529411764706,0.24025134971091214,0.5645974249528867,0.25235132674606153,0.06843437439341891,35.0,0.7596695291433899,0.029114157200926007,-0.08018249479746471,1.8224590554307958,3.5263605246161616,3.5553480614894135,1.000088900581841e-12,0.32367910257450067,2.221413502164566,-0.412849518269063,0.05711871551875916,0.05961771823008162,0.07827245973096501,0.31791135224958667,0.4143619152877041,0.2094716225540837,3
sim00435,102,1.0,0.24509803921568626,0.2716092800892408,0.8614903091010291,0.1496348988829931,0.014485685451544343,103.0,0.2826536603300924,0.09146083586696097,-0.2256624406925482,1.019932630054323,4.624972813284271,4.634728988229636,1.000088900581841e-12,-0.30382749841944307,2.2899354446089273,-0.01842286234953408,0.12306066686713879,0.09901594031806614,0.3822504536096362,0.3307545595409213,0.06963055246084522,0.005068766539614607,1
sim00436,54,1.0,0.2777777777777778,0.3089446441321996,0.6559744066520967,0.11875858735714857,0.018181475210005127,55.0,0.3773281467986211,0.0370753362898604,-0.1552514283282632,1.263399651702617,3.9889840465642745,4.007333185232471,1.000088900581841e-12,-0.6822868505327465,2.112294521399911,-1.7879050616064553,0.3170812130105115,0.5503287054702017,0.1174512010258737,0.015117579644108724,0.06899234088792806,-0.03630225946840762,0
sim00437,68,1.0,0.14705882352941177,0.38299467003921794,0.27700630453117003,0.07963171253704251,0.011030525858524088,69.0,0.21392407280825693,-0.015932127812214605,0.051561758758408044,1.0762605728707249,4.219507705176107,4.23410650459726,1.000088900581841e-12,-0.7475068481424465,2.2427617996214395,-0.3766636420793217,0.30063480318691627,0.2655207163801232,0.21062881322015822,0.09228591369261238,-0.19860851653083123,-0.19436822003338416,1
sim00438,42,1.0,0.30952380952380953,0.4046031164988915,0.2793190731057139,0.03358450569620904,0.00631862744407467,43.0,0.2599999867147488,0.09727074891352008,-0.5435151844512434,0.8134805201058077,3.7376696182833684,3.7612001156935624,1.000088900581841e-12,-1.7455116844453142,2.0671068045754755,-0.7505106045117266,0.4913458939948948,0.23544347608218333,0.24151777017458337,0.031004743909300504,-0.16131612106200244,-0.16329413859294278,0
sim00439,34,1.0,0.7647058823529411,0.46994985956228885,0.18167042450460635,0.009053937416973273,0.006276202460004132,35.0,0.8191354417794949,0.2592606274685131,-1.2222014285656893,1.7889092560735544,3.5263605246161616,3.5553480614894135,1.000088900581841e-12,-2.795042882906586,3.159925877978815,-4.691186180044959,0.9059257084866428,0.09177115603274515,0.00230285855964388,2.7681051897668524e-07,0.3336481553773239,0.3233973007545232,5
sim00440,17,1.0,0.11764705882352941,0.20128566662657013,0.7871224017433293,0.20066222862307742,0.0517038995804776,18.0,0.50419084358891,0.0649552808964324,-0.2343999832643518,0.9061957489674836,2.833213344056216,2.8903717578961645,1.000088900581841e-12,-0.21976762281363507,1.4771235098494366,0.9257390318275774,0.19296345869691947,0.025782393721393564,0.054591359423514084,0.7073683625066252,0.23205069407157275,0.0808731995119702,0
sim00441,34,1.0,0.7941176470588235,0.48385801980709775,0.11819439057550545,0.00489512223545545,0.002220155981324625,35.0,0.11829439057550545,0.14257572627567525,-1.2099510885384557,1.5656680665030596,3.5263605246161616,3.5553480614894135,1.000088900581841e-12,-3.0590400507044273,2.735698726231647,-20.149303513549917,0.9960531555088759,0.003934308942095763,1.253534474318609e-05,0.0,0.0474039395856955,0.2970147591838862,2
sim00442,98,1.0,0.5102040816326531,0.4376380673892202,0.3690978082767855,0.028824762604790964,0.006268138556226773,99.0,0.6831018687336177,0.0368345531586436,-0.41417606717750377,1.322053461444029,4.584967478670572,4.59511985013459,1.000088900581841e-12,-2.0162342577675494,3.0592120746315485,-1.1832371993005082,0.7483219718277702,0.15874615340287168,0.04877493487492701,0.044156939859738766,0.022741988433193475,0.11793468595107058,0
sim00443,101,1.0,0.09900990099009901,0.19242509258743193,0.6834214963233506,0.2544346871004896,0.021204608856277507,102.0,0.5015188888055078,-0.0017870725063996067,0.15620938082385805,0.9378535508213096,4.61512051684126,4.624972813284271,1.000088900581841e-12,0.017592481109855958,2.13029490258595,0.024715984275811592,0.21439341990435454,0.1907415634789,0.35381926579847506,0.11480322950441826,0.12133497719504373,0.09338754510849294,1
sim00444,11,1.0,0.45454545454545453,0.3915752288684964,0.6035396595292641,0.1141314489866086,0.06172685475943696,12.0,0.3963603404707359,0.17736044714069335,0.010954809172939691,1.1991764165978298,2.3978952727983707,2.4849066497880004,1.000088900581841e-12,-0.7401950535020881,1.7832635108375923,-6.134444120095137,0.9186304073920455,0.08060408528040977,0.0007655073187828865,0.0,0.5527226915987572,0.48132079561483876,6
sim00445,68,1.0,0.19117647058823528,0.3420967497191836,0.36589729825679373,0.10882964505595902,0.017759621898734874,69.0,0.7853699748452962,0.042923519661498113,0.11773139494663695,1.3651049715329264,4.219507705176107,4.23410650459726,1.000088900581841e-12,-0.43753159564810534,2.406651382210703,-0.35458953685297806,0.11433033280339977,0.5375251942845666,0.2045403504525892,0.11460990580986416,-0.18494253939121327,-0.14722169989176703,1
sim00446,43,1.0,0.06976744186046512,0.323842430003401,0.3049097135357742,0.11689656563461615,0.020591133714686023,44.0,0.32072214159506307,-0.0139743755359185,0.20876760312063225,1.7817652194149107,3.7612001156935624,3.784189633918261,1.000088900581841e-12,-0.6225606383433715,2.02477120693429,0.5482570745490467,0.20269548771930151,0.1629082020409909,0.262816005973765,0.10482975218653055,-0.1566639235129363,-0.12924450591107045,3
sim00447,117,1.0,0.1452991452991453,0.22291839743129768,0.9118557151196975,0.29504601999458074,0.07110470836028786,118.0,0.5980851325043404,0.03833238010333142,0.04698293870294679,1.418243628178507,4.762173934797756,4.770684624465665,1.000088900581841e-12,0.20491322347735116,3.3391961465408744,0.1179082672563089,0.11322910716281369,0.12869486876260855,0.16265563771017197,0.10189022001701997,-0.06120121203176518,0.018259290409870222,1
sim00448,41,1.0,0.024390243902439025,0.18867431740063487,0.7891501046115132,0.39201322479369644,0.07147732490514802,42.0,0.7965918957555143,-0.04038533648463266,0.37278349136048955,1.4701675919859027,3.713572066704308,3.7376696182833684,1.000088900581841e-12,0.8834940310686533,2.0116567558822496,-1.179078272089657,0.0762346363572932,0.3351838522653029,0.11684279938391594,0.05607120754148421,0.04413155743031138,0.025599587384199162,3
sim00449,19,1.0,0.3684210526315789,0.44324950887667375,0.20034293161740901,0.015237019677626187,0.005319887015509208,20.0,0.8487891925059214,0.06961760251091316,-0.36856156743742513,1.3199851946306445,2.9444389791664403,2.995732273553991,1.000088900581841e-12,-2.131002542907289,1.8921630716258182,0.09474119977400725,0.443201095901059,0.513772191247536,0.028104852607485534,0.014921860178289826,0.0264668340991799,-0.03684956435490077,1
sim00450,34,1.0,0.17647058823529413,0.3569606610163569,0.42437714285362127,0.08730136825832899,0.024185815886687827,35.0,0.6792868058327237,0.04719463258272541,0.17318213592335388,0.984460014722282,3.5263605246161616,3.5553480614894135,1.000088900581841e-12,-0.9144692656809915,2.242760729425269,-0.5379431605484466,0.36764959183646445,0.15508715680221144,0.08641803548801452,0.3778720574367901,-0.07514747207909897,-0.25411986296389794,0
sim00451,25,1.0,0.04,0.13938226752515315,0.6667641781149556,0.19110316221417606,0.030906451551576324,26.0,0.48561548549745787,-0.016905839570799497,-0.22336623702049088,0.7489830551908819,3.2188758248682006,3.258096538021482,1.000088900581841e-12,-0.26781951959303235,1.3970273764162375,-0.8060980697865922,0.2586304477832927,0.1857273353626907,0.181710002386986,0.2727882457691258,-0.11827285421685786,-0.26713546417800127,0
sim00452,93,1.0,0.6236559139784946,0.40475804478690014,0.6118931020419773,0.04362353997051301,0.007928825980824892,94.0,0.4969230066669878,0.09376716675193579,-0.6132578091520489,1.7905476469656316,4.532599493153256,4.543294782270004,1.000088900581841e-12,-1.7458261333363878,2.8275075557809224,-3.3616464985530965,0.7765814779437729,0.20830532801644758,0.015053805560069319,5.938845678681003e-05,0.2929941419846255,0.2167090983131448,0
sim00453,97,1.0,0.865979381443299,0.48769356957798626,0.07866320928718255,0.003406333090141397,0.0008453326216878701,98.0,0.07254518435064385,0.09045514074696784,-0.8778740033340794,2.0359470466530283,4.574710978503383,4.584967478670572,1.000088900581841e-12,-2.983262025339773,3.1810494846966977,-6.516131303243482,0.9562166366113694,0.043115480285913325,0.0006678828091465577,0.0,0.08418485046724697,-0.034252257895117,5
sim00454,83,1.0,0.8072289156626506,0.4730324851602245,0.17723317243209596,0.00877843365568328,0.0021643057109960785,84.0,0.15048206192473113,0.1097484176118388,-1.2362902171744072,1.7686496343009346,4.418840607796598,4.430816798843313,1.000088900581841e-12,-2.6784596724492387,3.018642228458063,-10.06225917474287,0.9584058921844355,0.041408059097570775,0.00018604860407805095,0.0,-0.28349191535624263,-0.13299251489665076,5
sim00455,48,1.0,0.1875,0.23719995804184835,0.8037671714747987,0.18542516049386346,0.02202204385131385,49.0,0.38517570845737503,0.049824101548513654,-0.14442685897589014,1.367613441710424,3.871201010907891,3.8918202981106265,1.000088900581841e-12,-0.24462950580397047,1.7405936024659128,-0.2897684077615105,0.1796284914971362,0.1525596128092035,0.26857247474028056,0.3981803440093697,-0.12412242361210246,-0.14923224799996518,1
sim00456,39,1.0,0.10256410256410256,0.18706666706871836,0.5763185504769226,0.22832649660615495,0.034296350350070386,40.0,0.18899134435127535,0.04646722218820568,-0.07253558986195469,1.0614521193910684,3.6635616461296463,3.6888794541139363,1.000088900581841e-12,0.39855194245903197,1.7678239834355756,-0.34639106482728793,0.06333102405650604,0.26196541268943735,0.19162628067430637,0.20400201815914876,0.21424354433410725,0.19896075444550795,1
sim00457,34,1.0,0.4411764705882353,0.4602496549963073,0.12079040056270907,0.013533720628906308,0.003958396826328467,35.0,0.9449878878367355,0.1023958584115524,-0.3412201517088363,0.9182304121477362,3.5263605246161616,3.5553480614894135,1.000088900581841e-12,-1.3457858179788718,2.297015228386535,-0.23228084855697353,0.33737450912827904,0.3567505895780594,0.0115319693056247,0.2342066566269394,0.17259145893454278,0.345547843502019,0
sim00458,39,1.0,0.20512820512820512,0.4054700728041156,0.4297970442619604,0.04922089681286625,0.014234035874394133,40.0,0.4298970442619604,-0.05706219881552547,0.762177141980008,2.4015609619664757,3.6635616461296463,3.6888794541139363,1.000088900581841e-12,-1.605289172397753,2.4228793693186477,0.7482129826918187,0.591595384463418,0.17638730624151813,0.12052345543620188,0.09167710031522867,0.24838004554358445,0.08724730858180059,3
sim00459,93,1.0,0.12903225806451613,0.2051840734022769,0.6017614836170937,0.37883055630659546,0.03639171981246513,94.0,0.39813851638290637,0.0306742519499634,0.1445767581648405,1.124653815171481,4.532599493153256,4.543294782270004,1.000088900581841e-12,0.45801700208490315,2.1898517398947477,0.3478018787998587,0.06691958774332578,0.028704590804800336,0.1702071336864482,0.4835181370385127,-0.1969107945045537,-0.08394607933768569,1
sim00460,33,1.0,0.06060606060606061,0.22178957754183334,0.6401671594757237,0.10416288759580047,0.019856447166061424,34.0,0.6012435672072896,-0.00869274105650144,-0.6409820426001593,1.0377324941906727,3.4965075614664802,3.5263605246161616,1.000088900581841e-12,-0.8336397289381459,1.8390804090890842,0.34681349868995465,0.09697486806600417,0.11630810918232679,0.4147704504907946,0.3592688600545801,-0.1523433033239814,-0.11009692302884817,0
sim00461,97,1.0,0.29896907216494845,0.376701286093879,0.4917492669100775,0.07601890635959195,0.007694478826187312,98.0,0.6893350223417446,0.02218144630871516,0.1341984661093028,1.042649177392339,4.574710978503383,4.584967478670572,1.000088900581841e-12,-1.0357051302144622,2.2842319362258494,-0.050476135488020504,0.5193081192037509,0.31423071992024487,0.02215462117806052,0.034483418388300165,0.02925779791442969,-0.0800231714438878,1
sim00462,70,1.0,0.14285714285714285,0.2593619236381229,0.7162823427381377,0.255457401857326,0.0326911524900439,71.0,0.6861374800320631,0.007954889893708688,0.39543721987898794,1.3274196248792338,4.248495242049359,4.2626798770413155,1.000088900581841e-12,0.17077787870563596,2.192544045931034,-0.5402347105858971,0.32433540673525246,0.056744709550342574,0.39648406069940273,0.16773145108171164,-0.05076046426844349,-0.12099300441349709,1
sim00463,12,1.0,0.08333333333333333,0.29604495736581665,0.43079945256997776,0.0611119900784655,0.01628580359905679,13.0,0.5555711775995532,0.03266077940654435,0.5349890197963423,2.0125446609840965,2.4849066497880004,2.5649493574615367,1.000088900581841e-12,-1.3963232830294403,1.1624923492407724,2.160600803366373,0.4005838015645161,0.11463348658328959,0.1746246668374532,0.1503131973834771,-0.5577176515742991,-0.4681978422596438,4
sim00464,93,1.0,0.06451612903225806,0.28876159189835565,0.8697918933959042,0.17999791073281193,0.02781133895586842,94.0,0.6893021752255358,-0.035994587483125284,-0.021678643874536694,1.2870583602079588,4.532599493153256,4.543294782270004,1.000088900581841e-12,-0.17380003814964717,2.6650980625377425,-0.20483200629073928,0.19139546180471745,0.09072873916264158,0.17775818071497088,0.3601858219716958,-0.08064040857511177,-0.04677636923830026,1
sim00465,112,1.0,0.22321428571428573,0.3695580011318413,0.5415106794495688,0.08608874080301451,0.012040890155317367,113.0,0.5260001026607887,-0.0249216538348275,0.2348504337918641,1.8655638570451465,4.718498871295094,4.727387818712341,1.000088900581841e-12,-1.0633745999873574,2.7514286063465057,0.21670807500942002,0.49083961920616365,0.18601359273269474,0.027714291784328573,0.2666455266374717,0.08586402964977057,0.00997040418433261,3
sim00466,103,1.0,0.11650485436893204,0.18903140407752106,0.7164907198277575,0.22412944326879414,0.02218970489239019,104.0,0.4334006611709624,0.021962319124587657,-0.054286064608697976,1.121730277430425,4.634728988229636,4.6443908991413725,1.000088900581841e-12,-0.09133599946202581,2.322133668857887,-0.49147613572865395,0.1374683225759441,0.2674265500948198,0.1995233462427492,0.33474526280379946,0.22639634445953385,0.17169327656979716,1
sim00467,10,1.0,0.1,0.4068577887605449,0.2799552791614066,0.023484757401019407,0.014553442828615258,11.0,0.7095175972229066,-0.014677314319604706,-0.8716958028543863,0.6744479712843662,2.302585092994046,2.3978952727983707,1.000088900581841e-12,-2.17202142890787,1.8240610893164761,-1.3111775821238794,0.8146555245343988,0.11346665561553311,0.055077047168661075,0.0017090351268607377,0.27894583260688205,0.1114040106567665,6
sim00468,17,1.0,0.0,0.11984839899903864,0.5223098638181363,0.3988333100617244,0.09518285694561056,18.0,0.7026509006573163,-0.032755023069279965,0.09878971042287352,0.4940867677232725,2.833213344056216,2.8903717578961645,1.000088900581841e-12,0.6465317887629923,1.4004696351742913,0.06744931899053122,0.1333082514845369,0.07601747339575211,0.08948419403156294,0.2637501494941045,-0.22409633592177347,-0.03457639058765185,1
sim00469,73,1.0,0.273972602739726,0.39877402329223105,0.3368309573513898,0.0509300361989079,0.015144201324403228,74.0,0.7620870990090233,0.04586028656720385,-0.22326503576951728,1.399211663051299,4.290459441148391,4.30406509320417,1.000088900581841e-12,-1.269757366133582,3.0776242959498616,-0.24886228772154895,0.320828952758883,0.4522152812437442,0.0504110445870696,0.16186048864596927,-0.03532438230415201,-0.06135863449397251,1
sim00470,117,1.0,0.7692307692307693,0.46306853636481105,0.2507655551359299,0.01688357186633603,0.0022903961134242874,118.0,0.12251510750014005,0.0460677749275112,-0.7590530863380808,1.5242254326259979,4.762173934797756,4.770684624465665,1.000088900581841e-12,-1.8511977383089366,2.7645576359677606,-3.9062012145987928,0.9594579803627117,0.03994516000780486,0.0005483627796504524,4.849679060393681e-05,0.1330869261636862,0.2012888229736539,5
sim00471,59,1.0,0.06779661016949153,0.12995949480396754,0.4519310567352954,0.3619750899873948,0.06914114482919673,60.0,0.5647608032062958,0.0110127610051468,-0.2511555689761955,1.049885644420176,4.07753744390572,4.0943445622221,1.000088900581841e-12,0.38703263425289414,2.422112038976276,0.11915851062986921,0.04968514686926242,0.07978986079755972,0.1395368527666814,0.23577079571539794,-0.17881522665528102,-0.13711112361494582,1
sim00472,71,1.0,0.07042253521126761,0.2658493199110455,0.8845437936553985,0.432088099968194,0.09373652962373143,72.0,0.7852893667543319,-0.02885334793809378,0.5098033582110924,2.0416962457062873,4.2626798770413155,4.276666119016055,1.000088900581841e-12,0.9410412818932278,2.734538344837385,0.44577805813530325,0.036283059366732914,0.034566030584023216,0.15598035661176235,0.23566010149476782,-0.13956907118459777,-0.09411739441512983,3
sim00473,45,1.0,0.28888888888888886,0.2999807707941284,0.7000349440944749,0.1145017967584258,0.022251806290511163,46.0,0.6321578481431708,0.058146493731164255,-0.06248215432482236,1.2052491376930947,3.8066624897703196,3.828641396489095,1.000088900581841e-12,-0.7084472395894952,2.1684951612509633,-0.5642572726952002,0.35849633866189207,0.30812129897673657,0.2419649197840842,0.0914134963008943,-0.09825575001059798,-0.15420578516373307,1
sim00474,34,1.0,0.20588235294117646,0.36781155541728716,0.24852193397357786,0.07740280362704241,0.012796320284684002,35.0,0.20451602700122778,0.09052266738571005,-0.0108373737739566,1.7537814093280626,3.5263605246161616,3.5553480614894135,1.000088900581841e-12,-0.7428187630519612,1.7264951735806382,0.9083190612087504,0.09753350871951405,0.15270227604373782,0.037728141262812154,0.37910553504728867,-0.30954413871691205,-0.014840217394906059,3
sim00475,45,1.0,0.17777777777777778,0.22321238065928387,0.7572333116187959,0.25948795887582343,0.04747141419899754,46.0,0.43864022278844067,0.07763942788427508,0.25744713744738873,1.1621513759259696,3.8066624897703196,3.828641396489095,1.000088900581841e-12,0.052424026187855084,2.108079912883413,-0.5478582892544284,0.13985189470801487,0.22724026464282895,0.3422639475542417,0.20364348678089644,0.14282759882918383,0.11430182891132117,1
sim00476,16,1.0,0.0,0.1283309114173556,0.6611007688692214,0.2991623635568484,0.07037892864997276,17.0,0.5627721285436705,-0.03287092886443302,-0.058166097770880706,0.6488224242238486,2.772588722239781,2.833213344056216,1.000088900581841e-12,0.19541242157732341,1.3254961836765002,0.26494755548012827,0.11635270227487361,0.08216009873797295,0.35111270593127963,0.1895857611570631,0.007588095148005102,-0.15312007903739183,1
sim00477,101,1.0,0.40594059405940597,0.39415504167508514,0.4140069751885929,0.03892009091866205,0.004000078787129541,102.0,0.3541419059402908,0.01644411724314605,-0.1842526733227752,1.2538754418978306,4.61512051684126,4.624972813284271,1.000088900581841e-12,-1.7710116357028172,2.339923978849794,0.01044157415633798,0.6105155451256306,0.28330385265760033,0.03221571023087748,0.02210400732662031,-0.04219690978822965,-0.008870390387689988,1
sim00478,45,1.0,0.4222222222222222,0.4086676872451123,0.3323032516931751,0.025069703019465685,0.008808657460702201,46.0,0.19847536279719658,0.10359886550526175,-0.5727801977397594,1.5051715200076474,3.8066624897703196,3.828641396489095,1.000088900581841e-12,-1.847765340915363,2.7607374622615497,-0.05964737116056196,0.8287213540794277,0.12842975501154402,0.03505412280210012,0.007587138966489482,0.38497054007783327,0.020631775860160118,3
sim00479,54,1.0,0.18518518518518517,0.1725671485722631,0.7128759029913361,0.19956306383431427,0.030900027369404105,55.0,0.5535352733505278,0.06751857679630346,-0.017346169596886844,1.1998739381514187,3.9889840465642745,4.007333185232471,1.000088900581841e-12,-0.2138003006665985,2.123610820147548,0.20198846850611774,0.22444186757558843,0.1584053382683274,0.40683093417098576,0.19852403901417268,-0.03480653564125898,-0.06277732866670212,1
sim00480,21,1.0,0.38095238095238093,0.41125679447484514,0.19231918876080534,0.02886880528296302,0.006946708562281587,22.0,0.11635336766334659,0.19074866623147416,-0.28630232375362236,1.631137278448443,3.044522437723423,3.091042453358316,1.000088900581841e-12,-1.2701721899459404,1.6200287862065017,-1.4807467434376471,0.32577788816280645,0.33337714803392227,0.2734325158563935,0.06741082486528392,-0.2688267009884857,-0.22759419737051806,0
sim00481,117,1.0,0.2564102564102564,0.36256468945998227,0.409737157023897,0.06929803303906218,0.0066374101464802245,118.0,0.8388557222827864,0.029251456034078617,-0.15974863953326837,1.560298553982655,4.762173934797756,4.770684624465665,1.000088900581841e-12,-0.668167024850965,2.4164792599647065,-0.026384022425053527,0.22613198041667468,0.3506114729945363,0.12702257870158065,0.2630626988874282,0.05593044795087682,0.05283560540968952,3
sim00482,97,1.0,0.10309278350515463,0.21874166431136105,0.6626510242479853,0.2710347123753973,0.03305010227920245,98.0,0.6011129196331428,0.0022961039378369993,0.05954626012750893,1.3880742620680897,4.574710978503383,4.584967478670572,1.000088900581841e-12,0.12254100823644469,2.4704887365265202,0.12426252703011945,0.08096226873741307,0.15361368011221418,0.14523152543040566,0.4357396544598393,-0.026846506289774218,-0.05111408207049158,1
sim00483,48,1.0,0.5,0.4311015214432334,0.24807290003721527,0.04162234264299951,0.010803460561571677,49.0,0.9288684631124144,0.08059082929743018,-0.07461744257156022,1.5773018711017543,3.871201010907891,3.8918202981106265,1.000088900581841e-12,-0.46210554943752785,2.5224304091665632,-2.594926260176357,0.40502723317374567,0.5306599104649571,0.06388919531366126,0.0002682102334721453,0.2899971170746093,0.3991217503461224,6
sim00484,100,1.0,0.17,0.25213625772080933,0.8102260565534676,0.44535151704379966,0.06734140579260063,101.0,0.2808448804710115,0.06872594650904224,0.09980233373151542,1.1246746761977506,4.605170185988092,4.61512051684126,1.000088900581841e-12,0.7907396072564971,2.716081579054352,0.2513541300998967,0.04977107959101366,0.07822926635160764,0.09329699711435101,0.06460936529468989,0.07948945390104886,0.04811951964021058,1
sim00485,14,1.0,0.0,0.1408473940477006,0.5956112289027311,0.21197126370658556,0.04907831637978855,15.0,0.4345473536210747,-0.030927430439447585,-0.1918745374912874,0.7222086588180487,2.6390573296152584,2.70805020110221,1.000088900581841e-12,-0.14772548145721745,1.176023928302991,-0.11157293795114273,0.21621512275890892,0.07767212028496247,0.08626220112022928,0.43028554994278634,-0.1982216418646718,-0.35294461671269156,0
sim00486,30,1.0,0.16666666666666666,0.31367290886367294,0.4325406357761441,0.12060301359054384,0.027436404097790877,31.0,0.775899178110677,0.0048000279889823284,0.41418184588978224,1.8913607873701173,3.4011973816621555,3.4339872044851463,1.000088900581841e-12,-0.36585908366022324,1.9205638574275363,0.7311959321531155,0.32940308738207086,0.18473265087508922,0.4671540161597262,0.018430928158388506,0.38028605201253785,0.20638671290712063,3
sim00487,59,1.0,0.0847457627118644,0.17972815306599982,0.8223360715115067,0.38401220360165206,0.06349769140331382,60.0,0.6180555030254197,-0.006366380810060935,0.16204051923978036,0.9391960974281528,4.07753744390572,4.0943445622221,1.000088900581841e-12,0.48657604495814927,2.2778666608568754,0.15395564773692993,0.0791642462986438,0.11436890081928479,0.202272199259841,0.39285991060951564,0.15031088285255165,0.16504630009990107,1
sim00488,65,1.0,0.12307692307692308,0.20805017525478683,0.7518912763431533,0.18860112140840476,0.01862781604444516,66.0,0.6863799637779271,0.012315635661934467,-0.25411366815318165,0.8733144865224655,4.174387269895637,4.189654742026425,1.000088900581841e-12,-0.1322239397707337,1.8594089033148444,-0.061357806724306685,0.10341350793069128,0.213904132260731,0.25599868915526597,0.3113130970919915,0.057468363495793345,0.06176817854126461,1
sim00489,114,1.0,0.42105263157894735,0.34160918253067374,0.5182424097483833,0.07405704786747967,0.00826352203318298,115.0,0.5040689933435724,0.012088865772093,-0.43153913286540724,1.2685366879174427,4.736198448394496,4.74493212836325,1.000088900581841e-12,-1.2165589755040322,2.543213626568814,-1.0885034705633516,0.4296739417042224,0.4598539530289741,0.10831316852925811,0.0021453465083499787,0.099338383750854,0.012170224465848067,0
sim00490,63,1.0,0.031746031746031744,0.1919610263510125,0.6634290413203838,0.5431123399092326,0.10843280762201488,64.0,0.4153847312596931,-0.03713406252231923,-0.11961125137052604,0.7361915619252353,4.143134726391533,4.1588830833596715,1.000088900581841e-12,0.8049123403547053,2.5319492368099885,-0.13618640794750675,0.03503649450141201,0.04310407069407453,0.04997652675440125,0.10043511091714621,0.3028174368345217,0.1648328397047716,1
sim00491,21,1.0,0.19047619047619047,0.2766646491060718,0.5412290121276273,0.07477153964063682,0.022436814571060015,22.0,0.5414627403693937,0.046400305541414,-0.38545471913468815,0.7439329958442616,3.044522437723423,3.091042453358316,1.000088900581841e-12,-1.2001232029942357,1.8407882284145198,-0.026333984835987034,0.38031877938307385,0.13634209919710705,0.4590672127824764,0.02393315549418461,-0.3346077653984029,-0.44903845578965024,0
sim00492,12,1.0,0.0,0.22442859288617126,0.7623147536770446,0.2154630317233839,0.06651906241558797,13.0,0.5580897286036741,-0.034949583326179645,0.11043239258729505,0.7511247822614456,2.4849066497880004,2.5649493574615367,1.000088900581841e-12,-0.13508198169800958,1.3096058608972565,0.9026492078791947,0.19223379077124114,0.050115377057635774,0.24313688115515542,0.49426073014678973,0.6581687682810333,0.5087853128641711,6
sim00493,36,1.0,0.25,0.3502277914524339,0.42757716011535796,0.08851570277341854,0.018538702380807275,37.0,0.5808330243388778,-0.030938873136738224,-0.002153012132854402,0.7905727685603516,3.58351893845611,3.6109179126442243,1.000088900581841e-12,-1.0117974247189978,2.02019953680129,-0.648381046015601,0.4411264413679746,0.22406071362994248,0.32683331353551537,0.0016901446621715385,-0.051048661084034705,-0.07778896952406332,1
sim00494,119,1.0,0.10084033613445378,0.24674796068796578,0.4885511979304885,0.5351130368504795,0.16192593220666457,120.0,0.2972060538716449,-0.004476717803140361,0.1609509414218983,1.1834655716944105,4.77912349311153,4.787491742782046,1.000088900581841e-12,0.9407438627217098,3.5837845065637555,-0.19016465478253025,0.10308861902648628,0.06351574463428047,0.04046145789095401,0.08592511999810121,-0.08622025355063132,0.02726590621815847,1
sim00495,75,1.0,0.17333333333333334,0.3636294100489655,0.2862212100169278,0.13283163594548594,0.014811698863726502,76.0,0.769797301241165,0.037649126240901915,0.04318696294765669,0.9512106870172169,4.31748811353631,4.330733340286331,1.000088900581841e-12,-0.2882497446730912,2.123823014169697,-0.19385392137274934,0.15191880466897545,0.05813225701559239,0.1322784131660128,0.2587796682415721,-0.06955152030441304,0.047306979797449626,1
sim00496,104,1.0,0.21153846153846154,0.2552523787103658,0.7723046361344086,0.1895798506048225,0.013539170219754735,105.0,0.5767017000673584,0.014914735333145097,-0.05294733486126749,0.9030183039702282,4.6443908991413725,4.653960350157523,1.000088900581841e-12,-0.25283668986020946,2.005167569658401,-0.3961593358528295,0.23001582202132473,0.13157512608237332,0.33491860445335553,0.30210370147610544,-0.017945213986667766,-0.07621662806162877,1
sim00497,10,1.0,0.0,0.15774955969362545,0.5550084133701116,0.18711169754510862,0.12804978637114647,11.0,0.4486190455750028,-0.027467227948765105,-0.4783506332996391,1.220221620927686,2.302585092994046,2.3978952727983707,1.000088900581841e-12,-0.2791390037719052,1.9232984856592406,1.1255148250568314,0.03750267282401476,0.13377547576744234,0.08110369566719834,0.68855131805048,0.24187574299898373,0.2654524341528081,6
sim00498,104,1.0,0.09615384615384616,0.23336094795187926,0.8667587089073289,0.3316418160329815,0.06060352700006731,105.0,0.5593151144318822,-0.00502631045323863,0.10127337275337527,1.995571278493508,4.6443908991413725,4.653960350157523,1.000088900581841e-12,0.2967676979908476,2.9446884723975364,0.7072568997223581,0.05004187181238169,0.05056447252894065,0.2079104953241598,0.17768676418080362,0.158813229462058,0.051213713091504,3
sim00499,62,1.0,0.4838709677419355,0.4010347678399972,0.5132191841404723,0.042850205999338836,0.015993862909263815,63.0,0.5327941882750186,0.06802988469279082,-0.5544895745624834,1.4469470046879536,4.127134385045092,4.143134726391533,1.000088900581841e-12,-1.759439350704772,3.1416290116636825,-2.0774888936567133,0.7397508511647078,0.22238141127569272,0.03667038526525676,0.0011973522710055878,0.27119670380974714,0.29496897762001467,0
sim00500,18,1.0,0.1111111111111111,0.20221640425932677,0.5852173482538479,0.14436184652808173,0.07351499631603435,19.0,0.2838868934105297,0.02817663952703189,-0.5031217448642911,1.027633774950206,2.8903717578961645,2.9444389791664403,1.000088900581841e-12,-0.3423357709655366,2.215538203876319,0.5674878294166953,0.17182025030750392,0.05933309477467286,0.17611885336735889,0.592708184178336,0.4005687937827799,0.35725233475945845,6
sim00501,45,1.0,0.1111111111111111,0.2603602271984366,0.5666477345760215,0.11463688166624393,0.026442617353474803,46.0,0.2861671959707539,-0.007959588252432445,-0.35652104741224333,1.620693482711236,3.8066624897703196,3.828641396489095,1.000088900581841e-12,-0.5777001471561709,2.3398699096355915,-0.6694594676248207,0.3282145415232236,0.32168384560956914,0.18317131172409237,0.15912959012638023,0.1891396733481733,0.16617921859278223,3
sim00502,88,1.0,0.14772727272727273,0.24027084409376134,0.8643903718459832,0.22105811666523828,0.03317505790800848,89.0,0.43097374040449377,0.009242173112781183,0.03664843524807184,1.2153312553813436,4.477336814478207,4.48863636973214,1.000088900581841e-12,-0.10379282733941683,2.58070950157577,0.10445499794821114,0.17232403054772238,0.13440260952231037,0.1551188211643867,0.5249008440862521,0.08136830226799499,-0.007954126103253793,1
sim00503,35,1.0,0.5428571428571428,0.4387047691796741,0.24773166228449023,0.0167400036333862,0.004101805964409109,36.0,0.20934695812144039,0.14638785488616157,-0.9899958470842686,1.393127155184097,3.5553480614894135,3.58351893845611,1.000088900581841e-12,-2.291295640379745,2.1489741333849266,-1.7514689393624359,0.7657429494095297,0.22621589526675046,0.007913190051903182,0.00012796521207973044,-0.30599930082695603,-0.1889128463932753,0
sim00504,105,1.0,0.2857142857142857,0.3054089012694702,0.521844210952157,0.14288702403216494,0.015518603906764803,106.0,0.7568878003322108,0.014599274546688802,-0.05428869592647743,1.109909045676438,4.653960350157523,4.663439094112067,1.000088900581841e-12,-0.25292853478885136,2.4339456294556574,-0.23502028254690863,0.13509998209006444,0.24264706953960052,0.49973610234012056,0.1152518173044893,-0.1287857241352861,-0.0740613944352387,1
sim00505,23,1.0,0.391304347826087,0.41048689867118393,0.3232431206726164,0.04796114336876347,0.016422952141338706,24.0,0.13849241672115853,0.08792875468316667,-0.30280736572136896,1.0571084902080552,3.1354942159291497,3.1780538303479458,1.000088900581841e-12,-0.9113529806358368,2.0637829228130657,-2.233213351980151,0.6431714865273226,0.3378328043712663,0.01799877640783373,0.00099693267272724,0.17743188016456965,0.20316584559387707,6
sim00506,22,1.0,0.045454545454545456,0.31760350487321687,0.37148807222396435,0.14635392608278847,0.03810896442418679,23.0,0.30666976211617114,-0.0174298143417804,0.2632019252529393,1.6894881736270926,3.091042453358316,3.1354942159291497,1.000088900581841e-12,-0.37349477617793775,1.7454641549698087,1.3442360038831458,0.10008637548848262,0.04472361467163978,0.18916439693398698,0.408838262662334,0.07880258869716211,0.0631430988387802,3
sim00507,49,1.0,0.30612244897959184,0.24343254450668578,0.634275553608012,0.13743308847836383,0.029916991015710805,50.0,0.5127737714740461,0.0978105860317357,-0.3132848774866725,1.205821297770573,3.8918202981106265,3.912023005428146,1.000088900581841e-12,-0.5976708584060408,2.3671097087638775,-0.7794022904129324,0.1289767310311897,0.24147467059012095,0.5500109192472846,0.07922673817934185,-0.016675805879372296,-0.0048093726162949995,1
sim00508,80,1.0,0.1375,0.24011696784539188,0.8265880537203474,0.22292364926254732,0.023629104260170154,81.0,0.6879690959244658,0.01926859544005348,-0.21474627729231768,1.0246587284500304,4.382026634673881,4.394449154672439,1.000088900581841e-12,0.037738459189715245,2.1376764851007253,0.28899579485730426,0.04934452658879912,0.14990547297636056,0.1380078287654407,0.6250912262729289,-0.09174079738241861,-0.03823333747665463,1
sim00509,101,1.0,0.04950495049504951,0.22967762913486314,0.8415607361147541,0.22021644489932332,0.018640512413459404,102.0,0.7117719807012616,-0.05255710778346229,0.022635931965656064,0.8995290861415813,4.61512051684126,4.624972813284271,1.000088900581841e-12,0.0708566732791324,2.145846912158312,-0.03938219105621295,0.13639879038629044,0.14884688764324513,0.21375687039872002,0.3073761098598114,0.17544186785895383,0.12411093610982919,1
sim00510,118,1.0,0.1694915254237288,0.13262868611647577,0.7145530417113797,0.28940857270591513,0.03546200256055617,119.0,0.5854323904794956,0.046998231448768836,-0.1537554801157666,1.0438112845299377,4.770684624465665,4.77912349311153,1.000088900581841e-12,0.17600793954656488,2.6713069608254276,0.13785951029849625,0.09370965377352522,0.11876709761177187,0.15003342011122592,0.431021692473672,-0.1705335846558628,-0.15598003246508063,1
sim00511,16,1.0,0.5625,0.47782498966573633,0.06359724860820126,0.0024508283992013507,0.0014749823647570953,17.0,0.9363027513917987,0.21115289640574414,-0.9581996483596378,1.1363977208804958,2.772588722239781,2.833213344056216,1.000088900581841e-12,-3.191898876298599,2.2648086604835416,-1.5424573603425746,0.14585558270406493,0.7813049084952123,0.0728266631740378,1.2845218659666618e-05,-0.4461069055744509,-0.32735421007239207,5
sim00512,37,1.0,0.2702702702702703,0.3670837566577949,0.3480345545495999,0.054300852386647724,0.012741700193840706,38.0,0.1889642624347771,0.06506111046607217,-0.5741944819068349,1.0035185472966046,3.6109179126442243,3.6375861597263857,1.000088900581841e-12,-1.0375748251875057,2.1612580819419547,-0.6440481287451711,0.42113198449710937,0.3539389287574376,0.13318649773353172,0.09173441685383493,-0.05023114736124138,0.046874779595153314,1
sim00513,52,1.0,0.07692307692307693,0.08527672899377957,0.43598081298915353,0.282107600527989,0.03668157807026912,53.0,0.537503612014896,0.025417625001097184,-0.27256916432580647,1.1360944244331788,3.9512437185814275,3.970291913552122,1.000088900581841e-12,0.12646961213243618,1.911229827204876,0.38623035109316767,0.060796085957531325,0.09864872975665133,0.2593361380538588,0.4190317923253601,-0.2594834043367453,-0.2327712284271807,1
sim00514,43,1.0,0.09302325581395349,0.3767508894520932,0.4599471505942656,0.18913256166552905,0.06403658687654823,44.0,0.4711043743636384,-0.07192551163489229,0.22201498654887483,1.31051512878039,3.7612001156935624,3.784189633918261,1.000088900581841e-12,-0.2756673457819706,2.6782065517683438,0.6793616953181911,0.12880139142793826,0.027413084437804804,0.010347782517128458,0.058169121097642655,-0.054209390455952015,0.032487235947016635,1
sim00515,49,1.0,0.08163265306122448,0.2955569537247749,0.6940562317794811,0.3115884049672384,0.1293544203668744,50.0,0.14831958128751233,-0.0036184113993312306,-0.30956396466291786,1.0414361922956599,3.8918202981106265,3.912023005428146,1.000088900581841e-12,0.9028577411738151,3.012693277668861,0.2677043990751742,0.06943771442937198,0.012523300928954054,0.022534004275620075,0.25381716169429747,0.27148590880148454,0.07946678644144839,1
sim00516,118,1.0,0.22033898305084745,0.2723197322119859,0.7540968140236719,0.20009343351937509,0.027467996372300674,119.0,0.5395129852818594,-0.009078608497220243,0.1270064149571937,1.3238019359134763,4.770684624465665,4.77912349311153,1.000088900581841e-12,-0.2164118065482049,2.7849217575446428,0.048074214891620184,0.12582901575513672,0.29310525944075416,0.17876586463452662,0.03365320119379073,0.05611203806149537,0.06267403593392416,1
sim00517,37,1.0,0.13513513513513514,0.22778135250915624,0.5621036404559239,0.15315275942536904,0.02223752593214465,38.0,0.47176968336718333,0.05016760199146479,0.01632362092616893,1.1081881441715828,3.6109179126442243,3.6375861597263857,1.000088900581841e-12,-0.4868321719706255,1.6812632806717738,0.42281742189248184,0.22972115887451003,0.1876530813266048,0.2127375037547499,0.29481448273338784,0.11070695162740778,-0.010358179356905854,1
sim00518,116,1.0,0.14655172413793102,0.17170857345983898,0.7030477337408665,0.24683086799328532,0.025738053122238407,117.0,0.42663456197001703,0.03758539529024971,-0.21886184870411446,1.1883170667279213,4.7535901911063645,4.762173934797756,1.000088900581841e-12,0.009007539931443388,2.492857396589388,0.15834130362737636,0.09345849508372765,0.09973298791101644,0.2915806790278791,0.32756261072582316,0.06887259319176406,-0.013637200601228208,1
sim00519,38,1.0,0.2894736842105263,0.21145466309848793,0.5931248355820751,0.12565330551106946,0.023442633850430473,39.0,0.410792332609963,0.12178712591252117,-0.5283069560091718,1.1583233835443405,3.6375861597263857,3.6635616461296463,1.000088900581841e-12,-0.6555846611525145,1.9586159125613753,0.08428503467135967,0.0855302125112392,0.15582392667681258,0.47628674621128664,0.28228726035987345,-0.015552260493900303,0.09954017189964476,0
sim00520,58,1.0,0.034482758620689655,0.15064340999068096,0.6960819387311372,0.24165942996787337,0.025995326260281577,59.0,0.3660085523570371,-0.03972787522447831,-0.19033286828308515,1.0983435119464737,4.060443010546419,4.07753744390572,1.000088900581841e-12,0.04059253471145676,1.8308303522101164,-0.28335620384390475,0.17212347774160724,0.1603186144469315,0.22685528956595577,0.2834329064411887,0.02385887723840476,0.05751345727223744,1
sim00521,51,1.0,0.45098039215686275,0.32819519356599336,0.56789372665546,0.10479358009907051,0.01637948687228434,52.0,0.761569413004672,0.09514835871901332,-0.31933102107252476,1.0067511649274345,3.9318256327243257,3.9512437185814275,1.000088900581841e-12,-0.5497117588908252,2.075862872340676,-1.5150063358289605,0.1907358815408454,0.39454490424892963,0.4142591311425878,0.0001667086625851858,0.18931115536652873,0.15724688035174897,0
sim00522,92,1.0,0.6521739130434783,0.44185660023901685,0.18645501612043414,0.017027616897427298,0.0020158270209141883,93.0,0.9490805600140977,0.12943550676173615,-0.836052417934899,1.8782669633765356,4.5217885770490405,4.532599493153256,1.000088900581841e-12,-1.0431466317439055,2.3879815662284583,-2.065542889024959,0.5275406393176685,0.4160510033410655,0.056397482277769,1.0875004768975029e-05,-0.06800023754261474,0.0029622215694681668,0
sim00523,59,1.0,0.3220338983050847,0.3098549879397845,0.7144088271909906,0.09945408990288956,0.0271908850692978,60.0,0.506448873663777,0.11433443057153399,-0.2567791577631282,1.6166795113262669,4.07753744390572,4.0943445622221,1.000088900581841e-12,-0.9215984224601019,2.780723123071702,-0.7926033050185449,0.23815556349421318,0.5320996434961581,0.20315985397179748,0.026101419854617794,-0.012230884033119904,-0.06495272706647227,0
sim00524,58,1.0,0.3620689655172414,0.45409218584042754,0.18095926905832949,0.024422406658072437,0.004284018408567531,59.0,0.8843931442552186,-0.009819910979223412,0.316110928590846,1.1564936151878378,4.060443010546419,4.07753744390572,1.000088900581841e-12,-1.431840661737462,2.3198334414593162,-0.6122986066807118,0.5058748701507628,0.030516302259659213,0.07126082092975979,0.381873613650218,-0.11562008280400457,-0.08931732652923083,1
sim00525,36,1.0,0.19444444444444445,0.40358451398903417,0.29802012130877964,0.03796593045412592,0.008045998086824201,37.0,0.29812012130877963,-0.007694525660239833,-0.4100116227652788,0.7862385668968469,3.58351893845611,3.6109179126442243,1.000088900581841e-12,-1.7068143037580252,2.0320045828068856,-0.24304447033092108,0.5764908296348533,0.25096016206401917,0.1408385090831524,0.028502541633776857,-0.3082120576587472,-0.2648486215647062,0
sim00526,76,1.0,0.11842105263157894,0.13613826076740657,0.739956834843521,0.2782837086149034,0.03522220397537507,77.0,0.4495098496293524,0.007380927784476653,-0.3187185249601827,0.9958666602541651,4.330733340286331,4.343805421853684,1.000088900581841e-12,0.11742957693170053,2.263768890648037,0.6355857168512424,0.05008960467025087,0.11211993221060443,0.1422713191274571,0.4895660320500185,0.11285875682742424,0.07927231480326578,1
sim00527,101,1.0,0.16831683168316833,0.24019068185861336,0.6463943325112345,0.23764060930418265,0.03232415876970311,102.0,0.5436675384778179,-0.012728474273724163,0.14418854250323884,1.216503059939509,4.61512051684126,4.624972813284271,1.000088900581841e-12,-0.04304477723026226,2.6201759291632065,-0.5799625351531739,0.23300302220333635,0.24608664368558014,0.3278522721602774,0.1913019759362748,0.08034442542712968,0.100167414805698,1
sim00528,56,1.0,0.03571428571428571,0.12707586446816188,0.528865411046811,0.42083988323596183,0.07335772321289963,57.0,0.7473162431129764,-0.021768833530708527,-0.0644331050640288,0.8854348698063652,4.02535169073515,4.04305126783455,1.000088900581841e-12,0.8013805349505543,2.278447045785885,0.08813405474615664,0.05377399507760473,0.08347883936651206,0.13766487095146748,0.24023090147650392,-0.08887851784909608,-0.16154022420667424,1
sim00529,38,1.0,0.39473684210526316,0.36940598400731994,0.5636371070877285,0.10159277516406862,0.01986044128973387,39.0,0.766555401024104,0.12564906507762438,-0.11938150348766317,1.0796618396070985,3.6375861597263857,3.6635616461296463,1.000088900581841e-12,-0.5661240580764612,2.0053436157737137,-1.6508451763158287,0.7035202599652445,0.23078097087581206,0.06303306073287812,0.002486416949684192,-0.03150019343969252,-0.004882201698345726,0
sim00530,21,1.0,0.0,0.21676540411603015,0.536198169332439,0.34989968451111986,0.07482468507722496,22.0,0.2592573438883493,-0.04161725922413005,0.11697949095976949,0.6546393706464749,3.044522437723423,3.091042453358316,1.000088900581841e-12,0.5999273302728165,1.5020237848970106,0.3693381704198408,0.0508084710803914,0.05681334640082803,0.20763197121981797,0.468801815672155,0.03720799287081629,-0.04804010304274164,1
sim00531,65,1.0,0.13846153846153847,0.2911569255586885,0.44453289069042484,0.25102936834029027,0.07544262505704073,66.0,0.16224397787711298,0.044312905037973645,-0.03214342767867332,1.309253881111395,4.174387269895637,4.189654742026425,1.000088900581841e-12,0.6134970629899139,2.9721897663631474,-0.7162802927110393,0.09146904630982038,0.033944307904472615,0.11817553054082408,0.03342459186636855,-0.23621174850618715,0.004257489948742115,1
sim00532,83,1.0,0.2289156626506024,0.31904579514383063,0.5199634086484342,0.106772118925036,0.010279600375016993,84.0,0.47289365345167356,0.05661480451951583,-0.1281215171919976,1.0229794322198758,4.418840607796598,4.430816798843313,1.000088900581841e-12,-0.8478207406853988,2.07830515867236,-0.38696614534321383,0.3074031552064077,0.12304870226158658,0.279354020058451,0.2777283245399695,-0.02383849645772319,0.028579746416491247,1
sim00533,11,1.0,0.5454545454545454,0.4817504973016804,0.07382732916721882,0.0013508519676909685,0.0007225497915036809,12.0,0.07392732916721882,0.1563193286207003,-1.495093648978913,1.024612335490021,2.3978952727983707,2.4849066497880004,1.000088900581841e-12,-3.925544521911031,1.7721908396681976,-3.1745126846316456,0.7566607377375256,0.23988132511001026,0.001573593064929238,0.0018843433472612813,0.5195771231574301,0.3225583372773145,5
sim00534,11,1.0,0.09090909090909091,0.22122553277608026,0.512316751150094,0.1466099418939394,0.042095279412417905,12.0,0.5138320482498793,0.022989393009162754,-0.0825560792055222,0.6527156785902049,2.3978952727983707,2.4849066497880004,1.000088900581841e-12,-0.5329197190117493,1.15005527555827,-0.4286989388153508,0.08780376546660022,0.19935074431391575,0.6760096208966621,0.03682220676450711,-0.5172183489513867,-0.4585973370243908,0
sim00535,95,1.0,0.08421052631578947,0.29482538022252225,0.8691433780308359,0.1861037023155897,0.018725718881160074,96.0,0.6804555591276027,-0.02961824804385025,0.2946219528389449,1.660028325719597,4.553876891600541,4.564348191467836,1.000088900581841e-12,-0.15559953630124362,2.257470753650028,0.291370153211039,0.11477745096871307,0.12401566906676659,0.3586351925166764,0.27846671078845997,-0.02541785996312297,-0.09990320695323873,3
sim00536,18,1.0,0.16666666666666666,0.26834811478024867,0.44800418388846996,0.08720857914370567,0.032569934890083925,19.0,0.3759288024744446,0.02834336393405945,-0.5869317413861674,1.0620388652747697,2.8903717578961645,2.9444389791664403,1.000088900581841e-12,-0.9896062410577721,1.905458667179277,0.1484193302659832,0.13927171159438292,0.3738210076522418,0.3986645179568262,0.08824276278508225,-0.10582884209852644,-0.019064698688995324,1
sim00537,14,1.0,0.07142857142857142,0.27926228126121216,0.3719664820632128,0.07138444485954468,0.02426817080408162,15.0,0.6553014950906615,0.02499590097265736,-0.8716261881270781,0.63492631906736,2.6390573296152584,2.70805020110221,1.000088900581841e-12,-1.1519302982322057,1.56014299125787,0.2893534106804764,0.192135842690161,0.14008443925016226,0.11172188261833804,0.5271910991331809,0.27546357836013474,0.33547533155787623,6
sim00538,114,1.0,0.4298245614035088,0.4043966858446629,0.2848315596973845,0.04690087106261918,0.006163341919240006,115.0,0.18372831567814152,0.10285353634980444,-0.3425446604228959,1.2100243367006331,4.736198448394496,4.74493212836325,1.000088900581841e-12,-1.1624138401966597,2.70678134787474,-0.6850281991140568,0.3659784442222144,0.2789623822484072,0.2423056982534331,0.11275032689371524,-0.06667084441447518,0.0062969359334635565,1
sim00539,14,1.0,0.0,0.16650852444864483,0.4879656600896492,0.5681368829559135,0.21770908214316606,15.0,0.40181866706295505,-0.034687752864161384,0.8924203874299499,1.1938654946692115,2.6390573296152584,2.70805020110221,1.000088900581841e-12,0.8602228095701815,1.6798546347766186,-0.920596941669561,0.10041475656131926,0.2227415182863621,0.08611781878724213,0.16230845453654127,0.05827790406518942,-0.10367286856747539,0
sim00540,57,1.0,0.05263157894736842,0.13350854115623234,0.7494663189313141,0.32424353284668506,0.038444778223269235,58.0,0.31243680707869326,-0.005157651270485206,-0.09280783230061573,0.7358061537050667,4.04305126783455,4.060443010546419,1.000088900581841e-12,0.4116941833454522,1.9107792694392003,-0.003842114804043839,0.06461956138446415,0.16197583294713347,0.2797013062186096,0.1850072022145959,0.21622492242510863,0.18529757325438406,1
sim00541,38,1.0,0.05263157894736842,0.13705132871631934,0.729876872037355,0.8767404958076644,0.1580047511742261,39.0,0.6473914669890952,0.004939460254460226,0.45313663154211625,1.139443090105776,3.6375861597263857,3.6635616461296463,1.000088900581841e-12,1.3456566967836028,1.9240002142792332,1.306438735751643,0.01747565355698962,0.048614181329466793,0.060040190751919055,0.2522838490731557,0.0030807269881605232,-0.04553061204392037,6
sim00542,33,1.0,0.030303030303030304,0.1568723924090778,0.6554574149078165,0.8646758013206797,0.29060924295049434,34.0,0.3319299561334332,-0.01562873926843624,0.5329838658381064,0.8303658930214086,3.4965075614664802,3.5263605246161616,1.000088900581841e-12,1.360792924212339,2.4061324779816085,0.6986355519467916,0.040029956217085313,0.06539319205396042,0.09148955484540014,0.19764846053379428,-0.09222267694887887,-0.09565874453752093,0
sim00543,29,1.0,0.10344827586206896,0.3823784427862645,0.2974994648908379,0.04547459017083099,0.008765066503048912,30.0,0.7625759841036988,-0.020279885760301295,0.7198809521890411,2.445585019184904,3.367295829986474,3.4011973816621555,1.000088900581841e-12,-1.3816408028412894,1.720916222971493,1.3661561530701207,0.5191593509650286,0.15040774730461617,0.13522409004382618,0.04350222946997312,-0.32494026584225766,-0.23588728628832942,3
sim00544,91,1.0,0.3516483516483517,0.3689082976182401,0.482226508367519,0.06668538758204501,0.006569975333584233,92.0,0.3502662111421755,-0.00818818219873648,-0.08534420043833449,0.8892044921026883,4.51085950651685,4.5217885770490405,1.000088900581841e-12,-1.2275150608477348,2.193383731202924,-0.40463400250480164,0.529780282293594,0.2492947034863895,0.20729817046964807,0.01309205280664232,-0.10848053722870903,-0.04293077876563698,1
sim00545,64,1.0,0.015625,0.16524773575698062,0.70831680331597,0.44729535585160296,0.0667828161904022,65.0,0.44612531953657786,-0.05425959215926119,0.18920074968099762,1.15119969091801,4.1588830833596715,4.174387269895637,1.000088900581841e-12,0.5934360560721611,2.2571097602635675,0.41540873603666006,0.07283636781737565,0.059059338778586636,0.12178901369443858,0.36706163790274243,-0.1679374238541169,-0.1399270166919543,1
sim00546,45,1.0,0.2222222222222222,0.380739724121296,0.3425133657631002,0.06329894599230546,0.01785850782445717,46.0,0.7629119586272768,0.05423510859593128,-0.020776982293920325,1.4341678510596558,3.8066624897703196,3.828641396489095,1.000088900581841e-12,-1.0499502339202862,2.541273834589678,-0.8035141886518591,0.4572618742341392,0.18779472457197516,0.12214809357685925,0.21536583819937305,-0.24732111726615139,-0.25667865490711955,0
sim00547,14,1.0,0.6428571428571429,0.46191629341235757,0.1267180082415833,0.004294411437085431,0.0023795176090696127,15.0,0.8731819917584167,0.2873997369761382,-1.3702907011834267,1.2859539166203564,2.6390573296152584,2.70805020110221,1.000088900581841e-12,-3.249827263129055,2.0486405970431814,-4.94751349785229,0.18087300664136896,0.8103789968045412,0.008747397202375282,5.991188537663402e-07,0.5518593032549675,0.5065580342723873,5
sim00548,55,1.0,0.01818181818181818,0.2048595675964647,0.47691809714483546,0.3945536442078016,0.06991210721447118,56.0,0.5452798136580999,-0.06163139264751301,0.7472587252892042,2.7256614857986783,4.007333185232471,4.02535169073515,1.000088900581841e-12,0.46452905310186793,2.2768169157052887,0.994269637019658,0.07617644977790125,0.08871623401602738,0.16114385304630982,0.15507165873890127,0.10337099394086167,0.17173770286777723,3
sim00549,58,1.0,0.05172413793103448,0.14069166542754324,0.6979602746747252,0.2093187309527404,0.02143598513076581,59.0,0.3876242042863182,-0.008140144424841535,-0.2779624519555849,1.3099427674665851,4.060443010546419,4.07753744390572,1.000088900581841e-12,-0.12576906621899206,1.7816559495194206,-0.3931654128115366,0.13199718602511257,0.25308641104044377,0.19217190147425556,0.1695063280221813,-0.11406778818951961,-0.1931742925760747,1
sim00550,19,1.0,0.0,0.1654829728740147,0.5027990994330009,0.08156354945693388,0.025035434102098717,20.0,0.6475934216434552,-0.043654241062009255,-1.0948463479551127,0.6410610688875874,2.9444389791664403,2.995732273553991,1.000088900581841e-12,-1.0289108815553671,1.7633487000740578,0.15590556655724952,0.17401950164108854,0.09653682181122455,0.2632129204162001,0.14624309341743186,0.08641330693607917,0.22767056969373592,6
sim00551,68,1.0,0.27941176470588236,0.268034822873829,0.8608205301302965,0.11158608149073079,0.014408371787075882,69.0,0.23458933230085477,0.058940566705305814,-0.4498364477881321,1.2962207490520627,4.219507705176107,4.23410650459726,1.000088900581841e-12,-0.47569737030400544,2.172520792043808,-0.42278671110262833,0.1830836693282511,0.18141366725945435,0.5330042642262511,0.10247182883244818,0.26663438831109476,0.2600445415005731,0
sim00552,42,1.0,0.14285714285714285,0.29920440611835136,0.8835077995709938,0.13278086527737581,0.014034805451579932,43.0,0.21138011205099605,0.0335667993201879,-0.13418702546338615,0.6573466318479844,3.7376696182833684,3.7612001156935624,1.000088900581841e-12,-0.2274870132329754,1.4905098262004264,-0.9286012403085496,0.15134259566758254,0.27760700054478105,0.21120692395207297,0.34788086750668873,0.100696174537354,-0.048195491584966284,3
sim00553,76,1.0,0.35526315789473684,0.37735968951680593,0.4006965903140419,0.05246259110779415,0.00724105219568041,77.0,0.5992034096859581,0.10621601193676816,-0.21576660981072243,1.2782356162295703,4.330733340286331,4.343805421853684,1.000088900581841e-12,-1.5211995208356814,2.3503995004237743,-0.08791465645280577,0.31781611995940484,0.26358260587898863,0.20863740029864003,0.20951035608797525,0.0317691414119451,0.026809647247302205,1
sim00554,112,1.0,0.39285714285714285,0.33143409339325947,0.5459609346642579,0.08744120522411633,0.011948578758811699,113.0,0.3892915144252338,0.03250541622800452,-0.19669089661066033,1.2171911318724375,4.718498871295094,4.727387818712341,1.000088900581841e-12,-1.0002262861339113,2.728144581870728,-0.47815285778972816,0.28620746865451774,0.3258864540845593,0.3732744914776888,0.014127698201302214,-0.18563369794934675,-0.1420217070581114,1
sim00555,111,1.0,0.09009009009009009,0.24048737552007302,0.9363916367529836,0.3879224911961523,0.15642978747844155,112.0,0.27305704323191826,-0.026098518877245305,0.1057836992250287,1.1653513658715369,4.709530201312334,4.718498871295094,1.000088900581841e-12,0.6700321001761667,3.801331913323219,-0.295770151019409,0.03699852179336739,0.08320732436310756,0.15097954260157337,0.12972174756419305,0.05824082042843168,0.1414033950093335,1
sim00556,72,1.0,0.25,0.24094727392221355,0.6587047482988992,0.10140884315830387,0.010777614097370014,73.0,0.6522399014069707,0.042338972920942824,-0.5205939271925757,1.009096617204399,4.276666119016055,4.290459441148391,1.000088900581841e-12,-0.8050097344070992,2.034977034620111,0.06604716378003,0.28996305493277075,0.17265412362111685,0.399111635872954,0.13630405168003348,0.0045288892055001875,-0.08097588203148885,1
sim00557,118,1.0,0.059322033898305086,0.15311817308279047,0.6487200321544644,0.38310076018011313,0.0439944183545225,119.0,0.42502784950311345,-0.023100327932235494,0.12758344993988333,1.110521645021816,4.770684624465665,4.77912349311153,1.000088900581841e-12,0.449577014245585,2.6064493584817425,0.05205453628094425,0.09103927510250391,0.13899038154873666,0.1197119757945089,0.4179865939735953,-0.1393816133150367,-0.0956103443081758,1
sim00558,80,1.0,0.05,0.1983109814362915,0.7661195891081793,0.4331979314783165,0.06845890989549128,81.0,0.5741516653997214,-0.023634747050499956,0.0245485139312055,1.0589477643862018,4.382026634673881,4.394449154672439,1.000088900581841e-12,0.5719731714483648,2.537065604111774,0.21972187859835163,0.06710169500066931,0.06201775578116921,0.1771756953166867,0.14203859222533596,0.06443338835473211,-0.017913371333945365,1
sim00559,83,1.0,0.6265060240963856,0.41213036136592907,0.3196140700142675,0.02992055119968325,0.003142421462362927,84.0,0.2860106035395723,0.11463962525099455,-0.8726293330056413,1.4630082153856319,4.418840607796598,4.430816798843313,1.000088900581841e-12,-1.9205961423827658,2.1652886990367075,-2.555365639579496,0.5341801814191486,0.45306332076773725,0.012735533679528685,2.096410016374253e-05,-0.053709242678178136,0.019764595404166287,0
sim00560,14,1.0,0.0,0.22036880932040556,0.8883649494217681,0.30309895546237275,0.09175056269121677,15.0,0.4610874575721344,-0.043388057666509404,0.37622724053114553,0.9147791961570145,2.6390573296152584,2.70805020110221,1.000088900581841e-12,0.1986735803192576,1.444071611493868,0.7863585206844359,0.12704972876961718,0.1238248870228581,0.04197684449023101,0.4758941596259173,0.5777397379580312,0.4356004356703871,6
sim00561,61,1.0,0.08196721311475409,0.2076705642823906,0.7246601171966354,0.33169564943453417,0.07535209265712081,62.0,0.6497108987308057,0.013341818519729012,-0.10397695324157295,1.1829721651252119,4.110873864173311,4.127134385045092,1.000088900581841e-12,0.37668679896038637,2.628827731277158,0.34958844412725426,0.08127577638529701,0.03859015514451566,0.12824681907288216,0.1770539741033604,-0.10053242159246556,0.0010315704618698413,1
sim00562,30,1.0,0.0,0.2148697745590071,0.7643232004963411,0.28972375120104626,0.066522292073989,31.0,0.34561912433347936,-0.05165801230803146,0.1614058774426733,1.2485503016213253,3.4011973816621555,3.4339872044851463,1.000088900581841e-12,0.24765623325421135,1.9298066052992584,-0.10815358272088482,0.08506890199977904,0.18493277736304753,0.10882085414946663,0.09463282994246687,0.46275421125572663,0.17451701391696953,1
sim00563,41,1.0,0.17073170731707318,0.40134895213682714,0.24045862064985046,0.062092169160062216,0.0097758190042689,42.0,0.8801585541471353,0.012251497201212063,0.07247071614954571,1.0358254945092624,3.713572066704308,3.7376696182833684,1.000088900581841e-12,-0.5298964914715675,1.8648640736048518,-0.42375536490656773,0.3594729303931462,0.18967421844994706,0.29998940691764514,0.14428248521680093,-0.24338844488977612,-0.19678246031893423,1
sim00564,83,1.0,0.40963855421686746,0.4459452349831276,0.1757380179642803,0.021874414628977833,0.004539808199303887,84.0,0.1600216218980962,0.03853309014646853,-0.0044164732926546815,1.1543672173171595,4.418840607796598,4.430816798843313,1.000088900581841e-12,-1.8156121430300747,2.846407696466482,-0.07693093978242181,0.29099867991082584,0.552993826152774,0.050125096700054175,0.08176155735146498,-0.28677821172361545,-0.20830025632620214,1
sim00565,78,1.0,0.6410256410256411,0.4816863562367696,0.10979285149829399,0.004052616510291036,0.0011351103705032459,79.0,0.890107148501706,0.036539283232994636,-0.34194716071556874,1.341603724733163,4.356708826689592,4.3694478524670215,1.000088900581841e-12,-3.183729657178123,3.084075972823017,-0.13067975393240405,0.6198446265036598,0.10921831517219346,0.06794751272531563,0.0641185342610666,0.10464235962923284,0.03206280607511403,1
sim00566,23,1.0,0.043478260869565216,0.29411998593927124,0.7079488959915691,0.224272200465316,0.067468535753439,24.0,0.6814261015631975,-0.0460404200864839,0.5221734379788353,0.9587897432659009,3.1354942159291497,3.1780538303479458,1.000088900581841e-12,0.03257349516179336,1.934295073288834,-0.1834266992048546,0.12157924416491306,0.3930326279077165,0.4255071275524363,0.04113148689943454,-0.3381476765867727,-0.14203546828813643,1
sim00567,102,1.0,0.14705882352941177,0.21440288782137348,0.8463059522276295,0.3055338897949228,0.030054374155167596,103.0,0.17010679624371633,0.013078932886119318,0.17220307242140886,1.1086078690058847,4.624972813284271,4.634728988229636,1.000088900581841e-12,0.7720925083189993,2.3059203212549573,-0.1815610739172081,0.11352578056093975,0.14557148947471157,0.23699348448142957,0.44814330216270437,-0.11875079074172025,-0.09597423721048054,1
sim00568,103,1.0,0.11650485436893204,0.12714471701482977,0.6689636519752387,0.23909390954936213,0.02010575513697256,104.0,0.6226042489312487,0.027704852065669115,-0.2144829386818603,1.2311216601899246,4.634728988229636,4.6443908991413725,1.000088900581841e-12,0.01740622380078575,2.158878685412184,-0.6072319386825223,0.10148669092697461,0.29651289076062465,0.1872322309590968,0.25840467016478,-0.004419621857499359,0.046176093836807576,1
sim00569,83,1.0,0.18072289156626506,0.34017102628225404,0.46407304796020404,0.126080194889999,0.021829182251260935,84.0,0.2338773259462626,-0.030467150786946746,0.09163968926955877,1.2346622699818688,4.418840607796598,4.430816798843313,1.000088900581841e-12,-0.3514655847546255,2.665170145311568,-0.9901163406477189,0.32831314695745467,0.2756197103997612,0.2735315433611362,0.12075667676897234,0.14141850579559345,0.08913992697146961,3
sim00570,26,1.0,0.2692307692307692,0.37367030674286067,0.3258640168985866,0.033565751028846715,0.011322423232749795,27.0,0.6939169342755194,0.08231443069608295,-0.907266615950333,1.1797797785307933,3.258096538021482,3.295836866004329,1.000088900581841e-12,-1.8449472723239522,2.171375421201546,-0.9955464976638644,0.5041473305132061,0.44303690018176517,0.032361485582660846,0.019703885570707142,-0.41076152560958396,-0.25206519602640026,0
sim00571,47,1.0,0.2978723404255319,0.2862907176599637,0.43592532167471953,0.07874150881124196,0.013593515480254545,48.0,0.6143886049600413,0.1087900100392126,-0.6737226778796147,1.0968261289909043,3.8501476017100584,3.871201010907891,1.000088900581841e-12,-1.101532022535169,2.0935700300265205,0.015741590492034607,0.2143183791995659,0.24538741791727176,0.48035129756047557,0.05994194647257395,-0.08719119757025495,-0.01955401915605374,0
sim00572,26,1.0,0.4230769230769231,0.32245397071301696,0.741178984599628,0.11092908380318889,0.028587127264225805,27.0,0.7412797561956981,0.20205382564494914,-0.22064738074835025,1.340674930478201,3.258096538021482,3.295836866004329,1.000088900581841e-12,-0.5474790394798246,1.9021619461853811,-1.1409390878753622,0.5492227136689264,0.31551488237005954,0.13353148784134003,0.0017260168181501467,0.06934676359312263,0.16320826636581348,0
sim00573,57,1.0,0.2631578947368421,0.3495284070425117,0.40194959107991035,0.06540526354667514,0.009324411804757791,58.0,0.6421290504094719,0.07476552679437684,0.012769908636918305,1.787423163681801,4.04305126783455,4.060443010546419,1.000088900581841e-12,-1.2566037254151379,2.0950844157832775,0.6303842887071256,0.23279341991287805,0.24550760144762174,0.3316066742931112,0.1887184297360629,0.04616625660756135,0.05129862794979987,3
sim00574,13,1.0,0.0,0.14213955448534177,0.40923740890585814,0.2505914996097757,0.12662424962847565,14.0,0.5259453755797129,-0.030667417473535227,-0.2791239794835505,0.8756275824082551,2.5649493574615367,2.6390573296152584,1.000088900581841e-12,0.0050594856306549404,1.882349272299671,-0.07565158704612085,0.051456066450533015,0.2710568195264662,0.07544973343459759,0.09673592452883517,0.21795248348471277,-0.034501603861042306,1
sim00575,40,1.0,0.075,0.20385656669070965,0.6624887755433067,0.2874455254577784,0.10743630352602498,41.0,0.5829747652015521,-0.002143769114334837,-0.05767918668327658,0.9750061647893999,3.6888794541139363,3.713572066704308,1.000088900581841e-12,0.16749800850003324,2.7047442349841537,0.29744828814661206,0.09239038436003823,0.14381494545530135,0.04152021868035765,0.32832961669003224,0.15356461192811727,0.1390348154893035,1
sim00576,67,1.0,0.14925373134328357,0.19919372447661002,0.63191166335238,0.11885735826631674,0.013752760653170229,68.0,0.3873892699172742,0.04581099698455224,-0.5422868994192399,1.1998515770267646,4.204692619390966,4.219507705176107,1.000088900581841e-12,-0.6914803797060529,2.0480080935349645,0.06524175541058463,0.2474013545374783,0.11178502885156875,0.45314397224070463,0.11632567081686951,0.016316134419943156,-0.01097840904211498,1
sim00577,25,1.0,0.0,0.16588847962297235,0.7506542450236401,0.25080708022748127,0.04106546275357477,26.0,0.4079124415891982,-0.04213859252147692,0.15235860555351366,1.3977998239206106,3.2188758248682006,3.258096538021482,1.000088900581841e-12,0.03773224382054711,1.409359231796525,0.2734373725371219,0.1972518843214532,0.19604956047804725,0.19638320206375967,0.2199369683488287,0.19059508933131805,0.23013271468069485,1
sim00578,89,1.0,0.30337078651685395,0.27195562507568005,0.8832472703040856,0.14104433748009132,0.011761103216245057,90.0,0.790347726478891,0.09834036447152086,-0.21488264066136964,1.0648028830043146,4.48863636973214,4.499809670330265,1.000088900581841e-12,-0.16109375649613056,2.0043598269993885,-0.37063469559138174,0.03618313735326427,0.30596388109378836,0.3690497355249348,0.2843422489610921,0.21846428089766892,0.1460283872867568,1
sim00579,10,1.0,0.0,0.23511334553834945,0.736515021147048,0.23133080686501065,0.07739342896708096,11.0,0.7917888413329589,-0.036081610664155696,0.8503460521797399,1.209758196145554,2.302585092994046,2.3978952727983707,1.000088900581841e-12,0.3387565369909289,1.207638222443073,0.19234911746140648,0.368600419994821,0.14342967394026032,0.2656971256002169,0.21479410038028396,-0.2533112478655399,-0.14684825887669553,0
sim00580,115,1.0,0.09565217391304348,0.13117149219931262,0.5635301031429586,0.7075496287974428,0.10396958856653556,116.0,0.6449598349630564,0.01618419483238085,0.1597336132884759,1.0846876961346206,4.74493212836325,4.7535901911063645,1.000088900581841e-12,1.1281440852402553,2.8272227931924774,0.0545553634890075,0.04541989444487123,0.05720666868692238,0.08148858736298925,0.17148970147004797,-0.257371586130956,0.043375496574828,1
sim00581,114,1.0,0.2807017543859649,0.364971818381619,0.4683862259204592,0.06647519816278662,0.004548867574384695,115.0,0.6198258820698197,-0.005253290631696788,-0.09833079061352477,0.8792482314431914,4.736198448394496,4.74493212836325,1.000088900581841e-12,-1.2654837589524168,2.0542478459978484,-0.03650114897244759,0.4605376843644842,0.13339284379626115,0.3150453165813093,0.08384927892912052,-0.09993971463554509,0.0061150961647902504,1
sim00582,113,1.0,0.10619469026548672,0.18513104409214978,0.8535161504740348,0.430857812704255,0.08532887627822111,114.0,0.6659108013089333,0.014870156949408048,-0.11881054302172891,1.3346966917818388,4.727387818712341,4.736198448394496,1.000088900581841e-12,0.6609696648627889,3.1081226070382897,0.5899370429001871,0.03310902525289555,0.061710077844816656,0.1345453416756682,0.19864234025559974,-0.08444187830144818,-0.02727995716393297,1
sim00583,15,1.0,0.13333333333333333,0.15628963840368326,0.5877897101566165,0.3222900830701194,0.18722474028148478,16.0,0.4973500934597005,0.0986076642225387,0.2118531588207824,1.6204220830586562,2.70805020110221,2.772588722239781,1.000088900581841e-12,0.2540191896461512,2.1649078968993734,1.5034509037185744,0.0019358311765683624,0.15881333478861354,0.6166625071366505,0.05023585870852872,-0.22141316832845254,-0.22931155026230263,4
sim00584,110,1.0,0.18181818181818182,0.25991178579638524,0.49695655904321384,0.17524334756457324,0.02416205160699902,111.0,0.3897096957228927,0.06587785573568024,-0.1822927639410592,1.1993220714727202,4.700480365792417,4.709530201312334,1.000088900581841e-12,-0.3054060001220217,2.719088086670055,-0.08070134633855047,0.12609829688387228,0.21527477322612804,0.3572228993261866,0.197277393791,0.1584179149763292,0.15040219046210007,1
sim00585,75,1.0,0.36,0.3860609745144835,0.25242224503502264,0.032691525436541136,0.0034627593275110826,76.0,0.25252224503502263,0.07404906258472577,-0.5182125467442555,1.4679336871195607,4.31748811353631,4.330733340286331,1.000088900581841e-12,-1.7533327272007802,2.072437992918738,0.3948027070681456,0.2180302632718076,0.4027460615673972,0.3121114771103457,0.06442630986617125,0.08869998374827867,-0.06945584467392592,3
sim00586,60,1.0,0.03333333333333333,0.13225145186370088,0.6862101518940733,0.5926357831938538,0.08078461210813542,61.0,0.4876760713852917,-0.02518748199676221,0.23455407965367364,0.9922621593747818,4.0943445622221,4.110873864173311,1.000088900581841e-12,0.8637268003158832,2.1015510486159434,0.2389652141347735,0.07179708001949571,0.10146502371388089,0.04062646893611656,0.22458252744188767,-0.08700851294127725,-0.129136731063211,1
sim00587,35,1.0,0.2,0.4444944266026555,0.17060744343132905,0.03671916953135693,0.015159296229314095,36.0,0.9370529752449503,-0.05934836619666424,0.3619659287364494,1.7517138056705728,3.5553480614894135,3.58351893845611,1.000088900581841e-12,-0.4739790852330752,2.6706630676222978,1.2351378672734303,0.02382282766915518,0.06521282791797176,0.19985948702851117,0.506042453714173,-0.2957571820711576,-0.15106869540519094,3
sim00588,82,1.0,0.12195121951219512,0.16498063970610483,0.7678991490613443,0.4376754720702697,0.10399360635710914,83.0,0.27145160602674573,0.04870841549951444,0.05910075608113619,1.3166019853109074,4.406719247264253,4.418840607796598,1.000088900581841e-12,0.7943950535344317,2.9695709625978512,-0.1664960287620686,0.08375865774754249,0.10272180871240089,0.09300741284056598,0.38990227070748057,0.02040599046769397,0.0802248380177755,1
sim00589,45,1.0,0.022222222222222223,0.16243127331016022,0.6952131532000865,0.3075827489629357,0.03967411903425669,46.0,0.6465719910464223,-0.048804938275522604,0.15667861999719118,0.97769367312266,3.8066624897703196,3.828641396489095,1.000088900581841e-12,0.2971350728574733,1.7586173978960455,-0.5976429514170319,0.11210960267133187,0.2991467272525499,0.32200389241163285,0.09922292587307646,-0.06429909550123292,-0.07380872937114483,1
sim00590,44,1.0,0.022727272727272728,0.1566416711223755,0.7253409739679603,0.3534338104425255,0.0898137974399807,45.0,0.5934488326730425,-0.03024193208814131,0.2617775683416912,1.572238874775529,3.784189633918261,3.8066624897703196,1.000088900581841e-12,0.38179071473858156,2.4142320164459097,-0.8151386013785354,0.20068023359181011,0.0497078458424767,0.14273324404634216,0.23600620422750648,-0.028540685230241676,-0.07670044770699473,3
sim00591,60,1.0,0.6666666666666666,0.46435566353236146,0.17297909657415045,0.011911677856398049,0.0026319522139305563,61.0,0.8318296837308041,0.06791479702881258,-0.999163371205644,1.6001699624031718,4.0943445622221,4.110873864173311,1.000088900581841e-12,-2.4633304355412053,2.584551163665785,-20.384459822164985,0.6425605181499625,0.35741599313786493,2.3488628221269072e-05,0.0,0.13013688249707855,0.35704242132701997,2
sim00592,50,1.0,0.12,0.2831296229426803,0.8114110802752148,0.14894646693186844,0.04039506593213977,51.0,0.21345301074558798,0.03162057232869002,-0.01619587337266954,2.0239419689478004,3.912023005428146,3.9318256327243257,1.000088900581841e-12,-0.11972694570068208,2.6071436931815675,-0.9375856585568993,0.09557826869606979,0.5202220161678192,0.23174089874775022,0.09167688515342651,0.12419096807243353,0.07268544568083742,3
sim00593,93,1.0,0.10752688172043011,0.17665431991373415,0.7508054011309422,0.35533138914432566,0.06529006782456945,94.0,0.8022447967035455,0.025046814910373402,0.11983499917584252,1.1435217346068205,4.532599493153256,4.543294782270004,1.000088900581841e-12,0.80636241068075,2.838388572333555,-0.08288124503409616,0.07949796714521062,0.10912013757820896,0.24603548511307205,0.08749913789527403,0.057549360336376414,0.1254787441084377,1
sim00594,70,1.0,0.12857142857142856,0.14416114251448256,0.7432819165304331,0.24283766277462188,0.03394337745356523,71.0,0.5902416519908577,0.052455784132526835,0.05579515617525863,1.5590182690861056,4.248495242049359,4.2626798770413155,1.000088900581841e-12,0.00404882112188439,2.2807958434580944,0.2180189275957275,0.0960414242701717,0.15041076106514648,0.28336511018791316,0.28992823553017727,-0.03719486581656764,-0.06419161939343639,1
sim00595,115,1.0,0.2608695652173913,0.3052082953779828,0.579852272058809,0.10686383127014921,0.007157894418176596,116.0,0.4730640885293219,0.0710426741245266,-0.14222996412506186,1.0725573972680578,4.74493212836325,4.7535901911063645,1.000088900581841e-12,-0.8469991060185024,2.0415925704162974,-0.5615802952311464,0.3408043979090155,0.37814344146219897,0.14533919653304286,0.09122134309406554,-0.03998912663109016,0.005131363526138475,1
sim00596,13,1.0,0.15384615384615385,0.3424030071783362,0.40518741120599977,0.05808269307850481,0.019258035166223375,14.0,0.6933215904427535,0.079737463655021,-0.6378815487776628,0.9534199093233331,2.5649493574615367,2.6390573296152584,1.000088900581841e-12,-1.2976706028309994,1.4610100042908718,-2.269830294711587,0.5233415965010882,0.4565921024839715,0.005014385517287766,0.013947213399478535,0.12373149762696217,0.15818552866951588,6
sim00597,93,1.0,0.34408602150537637,0.3792084711109015,0.3687349780197545,0.06673342864645958,0.008115860649974563,94.0,0.2839029621432053,0.03145776720470703,-0.2861839772976356,1.1123511043086607,4.532599493153256,4.543294782270004,1.000088900581841e-12,-1.1139868972177873,2.42571373742721,-0.5019036727881419,0.15816132654458653,0.4990881955731115,0.23170582731922287,0.11099924042445057,0.06348379086782581,0.02210774249236035,1
sim00598,35,1.0,0.08571428571428572,0.15459462291916698,0.42176746502595097,0.33604642391499706,0.04490609941694714,36.0,0.4235460989673894,0.03727683747995557,0.13133953152549088,0.963228740789193,3.5553480614894135,3.58351893845611,1.000088900581841e-12,0.31944686230723546,1.5426723745723647,-0.3535204710770968,0.05480444993501309,0.13825072991481122,0.1471602821275915,0.2759091430568641,-0.28737561450424715,-0.06941948863712492,1
sim00599,86,1.0,0.05813953488372093,0.10815367011566901,0.750284921449201,0.4685912684035412,0.0760390513301809,87.0,0.3285110285515908,-0.012497359606006455,0.18560184540723268,1.0811646033391473,4.454347296253507,4.465908118654584,1.000088900581841e-12,0.7534181696216151,2.635863445162558,-0.516118542187925,0.15367014845484359,0.08669775854906077,0.1304499747276737,0.17604165027598045,-0.04537687537562656,-0.01371011962735941,1
sim00600,99,1.0,0.8080808080808081,0.46700734989903514,0.21945214823360515,0.007417969290462934,0.0014659076600651712,100.0,0.21345885869915027,0.09572229951903474,-1.4171192850030416,2.059317468794866,4.59511985013459,4.605170185988092,1.000088900581841e-12,-3.119428526972581,2.9736891120828703,-4.735998639942149,0.8712154414197308,0.12832222405608487,0.00043573112169119046,2.660326768532643e-05,0.2610937769772651,0.3372226910414058,5
sim00601,38,1.0,0.2894736842105263,0.3608137699276962,0.39223124361968564,0.037944600944553396,0.006851143922654954,39.0,0.6984961186200598,0.09492503753040875,-0.7701799024297855,0.8192283926262488,3.6375861597263857,3.6635616461296463,1.000088900581841e-12,-1.713830006471799,1.9258745670908193,-0.45764631865413563,0.3062027655220045,0.53212355839895,0.10591769142997998,0.05513864664764199,-0.24010785468520376,-0.28582061727990266,0
sim00602,19,1.0,0.05263157894736842,0.32170623472337334,0.3776246046060926,0.13143794303412917,0.036013424917301536,20.0,0.6149714959743465,-0.027083681762838374,-0.011471843294221212,1.316077383619868,2.9444389791664403,2.995732273553991,1.000088900581841e-12,-0.5886031835750893,1.6497959382198646,1.0664226993968695,0.06988202054554678,0.13981044065047954,0.007161065764318775,0.397768674366286,0.2695347339490823,0.4066484101018098,6
sim00603,38,1.0,0.39473684210526316,0.426928691116138,0.2318517924038319,0.017340229680632816,0.0058431458846532015,39.0,0.8377348214945433,0.1288969233293015,-0.8150140801239234,1.2490944917161217,3.6375861597263857,3.6635616461296463,1.000088900581841e-12,-2.0591490135840673,2.5498262714139073,-1.1577174831190549,0.4570606429035368,0.4718210494039665,0.05236021362062272,0.018661312878488018,0.03248241432894078,-0.05693241631187069,0
sim00604,112,1.0,0.2767857142857143,0.3026851098576379,0.5289246924357767,0.1153610106482671,0.009998800071036564,113.0,0.6607522193249814,0.028963164863810655,-0.19003097646914066,1.0639362532321115,4.718498871295094,4.727387818712341,1.000088900581841e-12,-0.6642879558069182,2.2728975290033335,-0.5598173690967017,0.23745232961243837,0.5151370723766056,0.12202437025070331,0.1243900903813163,-0.06300698109282865,-0.11920974896478974,1
sim00605,15,1.0,0.0,0.1607195304635152,0.6774162206135341,0.2625750266065542,0.07155369151292669,16.0,0.3947660342714688,-0.03387740327026574,0.0654360052819328,0.6884136727096649,2.70805020110221,2.772588722239781,1.000088900581841e-12,0.09438376122238518,1.4079614423645084,-0.3283848384591753,0.22330558457693936,0.051963743512082244,0.3994242195377222,0.29826138359011106,0.07625373764590487,0.1167883942181798,1
sim00606,41,1.0,0.3902439024390244,0.3818445955018492,0.5072063705203932,0.048189319970388514,0.01701321662772711,42.0,0.4923320347245961,0.058476161893469256,-0.37467160916726594,0.9959167534136426,3.713572066704308,3.7376696182833684,1.000088900581841e-12,-1.6460882802911223,2.672425137474805,-1.0901380804056,0.6782806538233804,0.24321586471195486,0.07484221574086602,0.001298153300540267,0.15219623537570773,0.0758966177164376,1
sim00607,24,1.0,0.20833333333333334,0.31268749703713156,0.5176778575240593,0.032826481525954646,0.007292503670785637,25.0,0.5181025461404817,0.05232112288502416,-0.37058846560034625,2.0323916643355764,3.1780538303479458,3.2188758248682006,1.000088900581841e-12,-2.0289136960238863,1.6736652026344665,1.3585689449651552,0.2807314383677375,0.36818230225172616,0.1012209405635337,0.23397576999150718,-0.23889345638389659,-0.2990074635881737,4
sim00608,88,1.0,0.7386363636363636,0.4458214123892336,0.3070823945333625,0.026846917862420744,0.004487070931963709,89.0,0.1914019668841611,0.10444231443972939,-0.7636603686108304,1.8134316034054603,4.477336814478207,4.48863636973214,1.000088900581841e-12,-1.7517713776077357,2.6883859232246325,-20.630279791994795,0.8352272844309615,0.16463718241163755,0.00013553312015286722,0.0,-0.06405615408349821,-0.04074170245625928,2
sim00609,36,1.0,0.05555555555555555,0.28234046761660564,0.6351940027577672,0.17126180299228153,0.03679029573533571,37.0,0.6966132330869004,-0.02456297670148491,0.4449199380393805,1.5512679864977748,3.58351893845611,3.6109179126442243,1.000088900581841e-12,-0.2102901280856631,2.0455596484781764,0.4874913253202071,0.10640914043628584,0.5762961802230557,0.08306800230763775,0.14024542584050897,-0.16481497437925857,-0.19540417212490843,3
sim00610,64,1.0,0.078125,0.24260688698459904,0.5795778418914945,0.2733302176980575,0.04491603857719522,65.0,0.27284922088484465,-0.010564045622418014,0.008878337142220031,1.1123596896122239,4.1588830833596715,4.174387269895637,1.000088900581841e-12,0.32038273859548616,2.352997367872366,-0.23339030525130477,0.06532936783319168,0.14038863874339633,0.12532687645153012,0.20284570648415232,0.14536387198284986,0.1579749872111299,1
sim00611,79,1.0,0.16455696202531644,0.2144064200266601,0.5469856499353118,0.16227530115948724,0.009232544809210624,80.0,0.512184662545392,0.04826027183234438,-0.25897927406046173,0.776758680332464,4.3694478524670215,4.382026634673881,1.000088900581841e-12,-0.4315725946710199,1.5028882904658318,0.012009205531923195,0.09976359947463373,0.2120004897576653,0.36400791024075346,0.2815843497881956,0.019087552197738677,0.05885302865834899,1
sim00612,119,1.0,0.3949579831932773,0.300465550236455,0.5229500284182595,0.07842691627394041,0.00647427417656074,120.0,0.7438857030808799,0.03599494378050319,-0.5001592775005338,1.1631218492567617,4.77912349311153,4.787491742782046,1.000088900581841e-12,-0.8875887480751401,2.284792808510672,-0.4700732189675344,0.2964275494598442,0.4745292695991718,0.22039252140795296,0.008624418329289923,-0.05142969019814566,-0.0667537334479942,1
sim00613,47,1.0,0.10638297872340426,0.23930601583791214,0.6724122049573893,0.12135664157153594,0.022799634780171593,48.0,0.3259116174708951,0.018381953084941664,-0.48923954076540876,1.0345692405341604,3.8501476017100584,3.871201010907891,1.000088900581841e-12,-0.5934985258511305,2.178158457401273,-0.6163282892831943,0.18940190274859295,0.3479871618822445,0.39602839146230145,0.04946814991582465,0.0833891925277318,0.0627762327137349,1
sim00614,13,1.0,0.07692307692307693,0.1925472255215774,0.3110417337930407,0.17843708359170185,0.05117071550938854,14.0,0.7633647126121716,0.04297617918335718,0.06735155098782487,1.488867430704141,2.5649493574615367,2.6390573296152584,1.000088900581841e-12,-0.012264654142178597,1.3158806969024552,-0.9854480541555606,0.1998705654657348,0.08496056913499724,0.23227504290922227,0.19612206809850827,-0.010050758928420335,-0.07171859745516362,0
sim00615,61,1.0,0.36065573770491804,0.3296757761573307,0.7407058524949058,0.10190262992291406,0.021484394462622194,62.0,0.33765502246011986,0.08393989525814148,-0.26761059541864535,1.4491284150101988,4.110873864173311,4.127134385045092,1.000088900581841e-12,-0.7860382372314234,2.55418294750201,-0.8218509662797809,0.6923893087171954,0.12470401261560732,0.1550375949511107,0.027841653744219097,-0.014049510685528472,0.016994181783520846,3
sim00616,77,1.0,0.3116883116883117,0.40505188548813514,0.3195361961355753,0.0801841195935266,0.015967376728817265,78.0,0.10852510679465643,0.012522756989962356,0.251048445198622,1.3850659881884797,4.343805421853684,4.356708826689592,1.000088900581841e-12,-0.18777805553633425,2.730027622039281,-0.32938784887382816,0.11185581405900291,0.4871128656831343,0.27518834748189375,0.06653236880311736,-0.11224720125586056,0.03798852941818273,1
sim00617,28,1.0,0.03571428571428571,0.2538528282567153,0.39676430128445483,0.14991709334957537,0.029997350619760086,29.0,0.8384934248190243,-0.015145864789303258,-0.17223622770017818,0.9101906468231225,3.332204510175204,3.367295829986474,1.000088900581841e-12,0.10168511461170593,1.7232311448170752,-0.5420686354638,0.29106324926054383,0.1356260989004302,0.18502674748259867,0.08481276948268095,-0.17215945305052438,-0.0852373132850431,1
sim00618,107,1.0,0.48598130841121495,0.401918927556641,0.35141711031800926,0.033426823890928645,0.0050442137051337895,108.0,0.22602797282700504,0.05166079813165571,-0.7168366906827511,1.3131737850732375,4.672828834461906,4.68213122712422,1.000088900581841e-12,-1.6550805303419072,2.7817119286821943,-1.380289138298966,0.4092331789712789,0.5048742242277224,0.08315856671786641,0.002733743104801765,0.09553532190884143,0.10488521064398906,0
sim00619,97,1.0,0.26804123711340205,0.33679514655821663,0.9494822738116503,0.1451545468336953,0.016376596840640925,98.0,0.9047109891697414,0.09320881169246881,-0.27222974033250025,1.6366142736620526,4.574710978503383,4.584967478670572,1.000088900581841e-12,0.5210242576311195,2.3927652566002044,-0.1861023478580555,0.04938546334199251,0.04126831211164173,0.19021948368160607,0.5946234340702811,0.05843297376682968,-0.04449828793582345,3
sim00620,18,1.0,0.05555555555555555,0.25794663247917327,0.628573983355868,0.1714550241243687,0.05180252807151638,19.0,0.33887820738314955,-0.008706464865906958,0.5084178376034656,1.2262513489392828,2.8903717578961645,2.9444389791664403,1.000088900581841e-12,-0.2675025893513323,1.6934897281456829,0.4220505232778205,0.21053422636759656,0.30922413917123626,0.3836477140980402,0.07290424805343979,0.45038247535829673,0.134269719833881,1
sim00621,75,1.0,0.7866666666666666,0.4702530375438645,0.31438317151975115,0.016873176468595145,0.0069300029621481435,76.0,0.31448317151975114,0.051453098202574064,-0.8851034158447064,1.8400471267603165,4.31748811353631,4.330733340286331,1.000088900581841e-12,-2.547623165097937,3.4276231800765284,-20.492088887345215,0.993875483568643,0.00612382127726423,6.950948272205539e-07,0.0,0.24850895122527009,0.20436729539788454,2
sim00622,102,1.0,0.3137254901960784,0.34743495572214517,0.5480554069905869,0.0540750826031581,0.005109958093211205,103.0,0.5481554069905868,0.09026761184366044,-0.22399900685469532,1.2566299534296617,4.624972813284271,4.634728988229636,1.000088900581841e-12,-1.5217683576786651,2.265790515434096,0.06726157841646849,0.484622949335736,0.2354662054528338,0.13162538017268718,0.11669299922939902,-0.004340241925410552,-0.09207357832246506,1
sim00623,48,1.0,0.14583333333333334,0.2938162033977859,0.37306634479354506,0.12810960119455658,0.01556097740754069,49.0,0.12482522889947478,0.07247955038872146,-0.29204216013891987,1.1592766423873753,3.871201010907891,3.8918202981106265,1.000088900581841e-12,0.15930324089077263,1.7630811858983642,-0.4773866524445283,0.05149974956353005,0.2182097492531756,0.1573402911597662,0.4354384137272515,0.12783619955508915,0.04306318540190464,1
sim00624,75,1.0,0.18666666666666668,0.36209302855655273,0.48264884727718177,0.38507884621277005,0.11826180568000975,76.0,0.21189333822299128,-0.0469710944318917,0.22439102979405418,0.9825858660604817,4.31748811353631,4.330733340286331,1.000088900581841e-12,0.8354869228995496,3.1369408636781966,0.1486863990839796,0.0818544107921584,0.02211321584194348,0.012730204208074717,0.05736491116843022,-0.4220643315362899,0.03139607265358135,1
sim00625,70,1.0,0.5714285714285714,0.38873516070339265,0.4064556905489026,0.04459081807122623,0.008808377942395426,71.0,0.6239312532744643,0.1195029821665885,-0.6794224556119766,1.51593883010397,4.248495242049359,4.2626798770413155,1.000088900581841e-12,-1.6605289109897452,2.6266705830953434,-1.9010283267191348,0.6259891371466922,0.3477164369692712,0.026292211177664938,2.214683945561124e-06,-0.26678119846574927,0.0048333691432983945,0
sim00626,52,1.0,0.25,0.28544948182244323,0.6404410482851675,0.10140621334883634,0.020228273869635077,53.0,0.576636914753134,0.06301737788928986,-0.34436612608231015,1.0371676355980022,3.9512437185814275,3.970291913552122,1.000088900581841e-12,-0.8785533291075573,2.3391906754704075,-0.9479555342099169,0.3053947571662461,0.5905727340051047,0.06943380862064194,0.030200063090877985,-0.06082793003625437,-0.16308856891094195,0
sim00627,86,1.0,0.3488372093023256,0.2633123881962682,0.575278955275005,0.09889847563011199,0.01587326226234253,87.0,0.32201560930536144,0.1192815928215291,-0.49233610668871247,1.2283650739755976,4.454347296253507,4.465908118654584,1.000088900581841e-12,-0.7918751813212006,2.6248895451793275,-0.27050390207829034,0.2309000052352685,0.35054503378865176,0.39333103754442567,0.024390322804582438,0.06582536568178106,-0.005672191911668653,0
sim00628,76,1.0,0.18421052631578946,0.19962297244018135,0.6227040716536648,0.18897434161329138,0.020624387420773996,77.0,0.5819343073157099,0.022832294645495514,-0.22157808590304354,1.0329172599532872,4.330733340286331,4.343805421853684,1.000088900581841e-12,-0.252629620873895,2.115596323717588,-0.1078670582689763,0.13635073468985062,0.1918411371265925,0.4302075329403163,0.2331820281808465,-0.1535029436784387,-0.07642246723350113,1
sim00629,55,1.0,0.05454545454545454,0.26047305124319675,0.6644327134889972,0.21254254637572756,0.024632952153952403,56.0,0.2533404599266872,-0.04225915245005336,0.2982348384517615,1.3104754790988353,4.007333185232471,4.02535169073515,1.000088900581841e-12,0.11655387844684781,1.8522760634892919,-0.1517776738271588,0.24870086320059268,0.24211261383168495,0.14592482283393676,0.2271456781774361,0.13437923302573765,0.11552834409122245,1
sim00630,45,1.0,0.5555555555555556,0.46890431509351715,0.11666406295754017,0.008033840644013782,0.00278848401745235,46.0,0.8933085492193616,0.11885759512565944,-0.7287446179031577,1.3890704344868716,3.8066624897703196,3.828641396489095,1.000088900581841e-12,-2.473455092607787,2.7484978692237854,-0.9658589996420623,0.7817856046457561,0.19303940807791828,0.01629128627011323,0.008883700881738845,-0.12226853863492793,-0.11800678613494898,0
sim00631,18,1.0,0.7777777777777778,0.4697049573460094,0.30494899701708134,0.042352302585743205,0.03837049497197568,19.0,0.6949510029829187,0.29646275088021606,-0.531205388651885,1.8913600520811573,2.8903717578961645,2.9444389791664403,1.000088900581841e-12,-1.610535684432696,2.7916377716425864,-6.224674577871914,0.9990935260904215,0.0007615785506116327,0.00012129003090198159,1.1802652226764117e-05,0.7999826900019087,0.7265641335948558,6
sim00632,81,1.0,0.2962962962962963,0.241099097125429,0.6204020421478228,0.11681030480641519,0.028457364202549705,82.0,0.6360627120404106,0.11700515140785137,-0.3263915306045685,1.5650160217160152,4.394449154672439,4.406719247264253,1.000088900581841e-12,-0.6839721577136014,2.982304835696373,-0.3847597572781636,0.21423974035332932,0.2573394276830224,0.4576932387285004,0.06875236448900265,-0.13744541635989377,-0.03309704834823163,3
sim00633,23,1.0,0.08695652173913043,0.1876299722369761,0.7622813885546655,0.4027589079411189,0.14111802193727507,24.0,0.3214928248297416,0.04638013463025146,0.46537317352836094,1.1158368890620047,3.1354942159291497,3.1780538303479458,1.000088900581841e-12,0.6132231386819832,2.0867526515495256,0.6871602789683485,0.04183801967926668,0.16297442668051026,0.12711015422368702,0.607588043618481,-0.12286558766407356,-0.08026317242482509,1
sim00634,90,1.0,0.3888888888888889,0.34096832779966224,0.49914479719188903,0.07791914319570152,0.020649136048863224,91.0,0.499244797191889,0.09762123413972369,-0.11078492687399312,1.4878233321476293,4.499809670330265,4.51085950651685,1.000088900581841e-12,-1.1657869732002504,3.171811486602584,-0.17260041972085896,0.532216933933127,0.39050002576571274,0.04963749289507784,0.023059599333388407,-0.21215280348890764,-0.06966304930673377,1
sim00635,14,1.0,0.21428571428571427,0.2826112543059205,0.5766890094265781,0.11624773084543417,0.05312492719931101,15.0,0.42321099057342193,0.08018261665242557,-0.3529719902234401,1.2505807420154886,2.6390573296152584,2.70805020110221,1.000088900581841e-12,-0.7418685781134815,1.855980061723594,-1.8221062677322049,0.007796810556326055,0.5186434911445308,0.4710862408612172,0.0024682614581613533,-0.1414405636653927,-0.20520006229464566,0
sim00636,76,1.0,0.2631578947368421,0.40489235728157924,0.35906060236713133,0.0654797898199125,0.008646705415951587,77.0,0.16856982365529138,-0.023976478228430142,0.12638729229648826,0.9864478171981241,4.330733340286331,4.343805421853684,1.000088900581841e-12,-0.7610005479982819,2.3061701682031424,-0.13291895345899848,0.25546795668071304,0.35625754730330406,0.2854743693714466,0.05553638689350482,-0.03356638045390915,-0.03270246605431251,1
sim00637,92,1.0,0.6195652173913043,0.4129990939549266,0.45525435004566983,0.04471205923712861,0.007562137882708514,93.0,0.44026285891567307,0.08059379782595177,-0.3680297803232868,1.3610554943561484,4.5217885770490405,4.532599493153256,1.000088900581841e-12,-1.7068407119457811,2.7446992672297164,-1.2868335129417119,0.5267271238167336,0.46637838857536623,0.0031170638435407457,0.0037774237419941283,-0.2190502503769704,-0.14410848263742224,0
sim00638,98,1.0,0.07142857142857142,0.2012042613608828,0.6715879584018131,0.25529280578747665,0.02120219269326797,99.0,0.4355736764148529,-0.012210791145235206,0.12455570228196818,0.9942549277948511,4.584967478670572,4.59511985013459,1.000088900581841e-12,0.03769260595359067,2.096660939186614,-0.4233187788436421,0.25306337447852284,0.15789518569046726,0.17829752107247543,0.22959769581376382,-0.11725110505895917,-0.10408443920108419,1
sim00639,114,1.0,0.14912280701754385,0.30611534973288373,0.6510378102822401,0.2996064726212543,0.07058606453599381,115.0,0.5037373614903217,-0.04251184905074704,0.22643162714489823,1.5441504794513676,4.736198448394496,4.74493212836325,1.000088900581841e-12,0.1810648108010886,3.290561331248929,0.47127358087896176,0.08659204151734999,0.11467308330695049,0.024633015025459257,0.01270352221703184,0.16205315318172367,-0.06854149901234227,3
sim00640,24,1.0,0.08333333333333333,0.2870181896506186,0.5150880696709097,0.15890137279763394,0.07544863646012569,25.0,0.7103365669657768,-0.013784518588038613,-0.11086271406571992,1.1450091326087346,3.1780538303479458,3.2188758248682006,1.000088900581841e-12,-0.2584195770718475,2.433222230275348,-0.4987929610893646,0.07352101569442923,0.09739298485909181,0.2795038559132071,0.5374422503416878,0.14373988109850228,0.13494449582724533,1
sim00641,83,1.0,0.6867469879518072,0.46644223020281933,0.14259049284974773,0.01160512211923098,0.002424989059012896,84.0,0.0666823983273869,0.10881260273126958,-0.4264039580925413,1.3556021069975768,4.418840607796598,4.430816798843313,1.000088900581841e-12,-1.679484735247976,2.8532210510337883,-1.7245141645701085,0.5825092795402381,0.39217467863546684,0.024954979682573382,0.0003610620555528286,-0.30687059998207483,-0.10120094684680982,0
sim00642,102,1.0,0.21568627450980393,0.35601304999433614,0.47822834218138255,0.12954997943357202,0.025737470397346512,103.0,0.0481084799668604,-0.009927112675825757,0.2792047299674648,1.2788450755074114,4.624972813284271,4.634728988229636,1.000088900581841e-12,1.0399124882094488,3.008853986457796,-0.4460161257981466,0.0856908703720026,0.45339543647116065,0.4233253506229391,0.022666921081936416,-0.10626530982267494,-0.11397746367821285,1
sim00643,26,1.0,0.0,0.1672844232736898,0.7334292220602403,0.25685361481878133,0.05543707633907483,27.0,0.4906378374129802,-0.041706397126235535,-0.1054329668237151,1.2360842109232912,3.258096538021482,3.295836866004329,1.000088900581841e-12,0.027396074436710955,1.7248388253715305,-0.9078230856562162,0.21045280187608298,0.1339052491258676,0.11124850335008002,0.2112166069587364,0.25614658646119604,0.06253213661667856,3
sim00644,71,1.0,0.15492957746478872,0.1481097892060666,0.6610297685841611,0.28358934621152515,0.03523206048364625,72.0,0.3669759352446906,0.03635325304883805,0.06192970418616264,1.2096987503377679,4.2626798770413155,4.276666119016055,1.000088900581841e-12,0.19947779390692139,2.1771091263804463,-0.35421493019809236,0.17183755044703422,0.12946701991834078,0.29972407408769214,0.32736696621268147,-0.15956356076280132,-0.1389265225448715,1
sim00645,80,1.0,0.5,0.4545765348716902,0.1482386136598809,0.020266593179260377,0.00437473710134545,81.0,0.10896785364584527,0.10471669021924035,-0.17662195498028493,1.661111389076225,4.382026634673881,4.394449154672439,1.000088900581841e-12,-1.566704270536759,2.848899183563977,-1.4286706787960812,0.2001604245455437,0.4793679728920244,0.2889689895440876,0.03150261296900204,-0.2448666953980604,-0.17906772802481444,0
sim00646,107,1.0,0.1588785046728972,0.2550687059852073,0.457330708208048,0.17731746345910288,0.013780947379560276,108.0,0.5685597738393595,0.03229301663511369,-0.07116665442471595,1.166625148920891,4.672828834461906,4.68213122712422,1.000088900581841e-12,-0.3245384420883167,2.1181741425873533,-0.3146290917526106,0.2353989577813138,0.18316358010968184,0.258886647983508,0.15816957139747254,-0.10150777422933525,-0.05434978132133258,1
sim00647,102,1.0,0.4411764705882353,0.40226754562759204,0.29441952312194763,0.05089309593704877,0.005101747301243682,103.0,0.7800022131129075,0.07961917712577678,0.007717920014438971,1.7855834150869636,4.624972813284271,4.634728988229636,1.000088900581841e-12,-1.2154316900925966,2.324828626003673,-0.32365836450093033,0.2730706753588719,0.3937548041731312,0.31819405511985127,0.012894715860410287,-0.17134407347838476,-0.23541414099331345,3
sim00648,54,1.0,0.3333333333333333,0.37397292063308546,0.3980315935997806,0.061538246353318664,0.01052167300520369,55.0,0.6803806571969336,0.07140227746819618,-0.2632927344991637,1.0004931296962072,3.9889840465642745,4.007333185232471,1.000088900581841e-12,-1.262369013078893,2.2227623979184954,-0.03178983497962842,0.46321731973833674,0.1938253343845383,0.32820035042485446,0.013154969506228182,-0.13673824410670118,-0.23096493220241948,0
sim00649,74,1.0,0.17567567567567569,0.22300069840193978,0.5752724537016198,0.21599274593586906,0.020621710023073996,75.0,0.5679390471798907,0.013473866970435405,0.030183007311114625,1.026624777696578,4.30406509320417,4.31748811353631,1.000088900581841e-12,-0.1275806719694067,1.955164674884324,-0.3288011749745279,0.17351623479294453,0.21574764364001406,0.2868829769874587,0.3224902203649789,-0.04310088074871883,-0.07006968335269713,1
sim00650,50,1.0,0.48,0.442934617620365,0.2520094370766215,0.027203612766399737,0.003664780466085441,51.0,0.8009714024897286,0.057518222045759834,-0.35663302802494184,0.9668927014147815,3.912023005428146,3.9318256327243257,1.000088900581841e-12,-1.7681686988639487,1.907441650518481,-1.789334315962411,0.7419213983557872,0.16982006219193083,0.08817320783833262,1.6374809886146543e-05,0.01315860062724163,-0.06519762814645841,0
sim00651,33,1.0,0.09090909090909091,0.3032503046329955,0.4193170983446388,0.15105426772425143,0.022681994448706257,34.0,0.16680960921723126,0.025948914692191426,0.2277719866431284,1.207500478800128,3.4965075614664802,3.5263605246161616,1.000088900581841e-12,0.083279166238407,1.6004398137882276,-0.8776290145102117,0.1319933449148587,0.41838145132491367,0.09772879677561126,0.21214136699292221,0.02520937690772743,-0.030460676035344286,1
sim00652,117,1.0,0.4017094017094017,0.2646948063081886,0.5899023138608258,0.15290529774507877,0.0175228556991584,118.0,0.5340945102202883,0.07210422882182485,-0.20670836638952958,1.3004752007804248,4.762173934797756,4.770684624465665,1.000088900581841e-12,-0.48698157090614463,2.59586124207707,-1.2035781690830918,0.2516712259808969,0.3052448946127321,0.4217513491067371,0.021331511174131425,-0.1884804263499175,-0.21073194467628925,0
sim00653,63,1.0,0.3492063492063492,0.35094581939761815,0.3989088281425782,0.08899514149958665,0.014051894972551526,64.0,0.3122656869075606,0.11605430819322869,-0.16562841670492645,1.1110644923069903,4.143134726391533,4.1588830833596715,1.000088900581841e-12,-0.8809199192187835,2.297310207581376,-0.7798059721215557,0.3766315513657833,0.4587467005960339,0.12767765737569395,0.03641065992796225,0.06607311641699927,0.00931573539265908,0
sim00654,51,1.0,0.45098039215686275,0.41525619372098865,0.27110960713888255,0.026146365662350613,0.008640427641893364,52.0,0.18454678668440538,0.056368839781498974,-0.7765293983364004,1.407971447376985,3.9318256327243257,3.9512437185814275,1.000088900581841e-12,-1.750181586877503,2.8245675076250927,-1.6657678817054147,0.5895542188888343,0.367777513904156,0.04255202648434836,0.00010689900729347707,-0.06550808549426486,-0.13858848382176056,0
sim00655,28,1.0,0.07142857142857142,0.25146924740152027,0.8140784219543842,0.1698414115982078,0.033568790049321326,29.0,0.30263693416632975,0.010859481489162057,-0.22556783614868967,0.8189533066223901,3.332204510175204,3.367295829986474,1.000088900581841e-12,-0.21721961532600456,1.7109361490629826,-0.09521898384701355,0.0346938181509508,0.2182717891043518,0.5179604954266233,0.2203184885246769,0.04176853288615736,0.01859261599570398,1
sim00656,88,1.0,0.6477272727272727,0.43065638210121954,0.36708869633342456,0.030449900376444607,0.005362776557578425,89.0,0.36718869633342455,0.08002394492188919,-0.7272351417335631,1.562508352248389,4.477336814478207,4.48863636973214,1.000088900581841e-12,-2.0322101526460887,2.7407359447667834,-2.9153709687786633,0.6850185770633059,0.30749134799958355,0.0074728493750647555,1.7225529204967274e-05,0.2624387072670987,0.10633639546100089,5
sim00657,93,1.0,0.12903225806451613,0.27423847764238674,0.38637746940497153,0.24354042045490126,0.0323809723233434,94.0,0.2832638172585111,0.03245692513972196,0.3051580160644815,1.2906617244412604,4.532599493153256,4.543294782270004,1.000088900581841e-12,0.18195169870511194,2.514887542608827,0.2740918254813537,0.08395066589026895,0.14320240197264014,0.1554774334203126,0.2716883560591941,-0.06825913616857507,0.02885948327005121,1
sim00658,15,1.0,0.4,0.4050779399018006,0.36160095692740607,0.027839207965374865,0.008851615951755733,16.0,0.36196711268374016,0.12404683135530731,-0.5856665848000271,0.831430381663994,2.70805020110221,2.772588722239781,1.000088900581841e-12,-2.1157425237370524,1.5622048509048485,-4.088052737192258,0.7137421022270777,0.18748018557104645,0.09871881521051441,3.631828483950321e-05,0.4954982974222799,0.12354071176947674,6
sim00659,110,1.0,0.09090909090909091,0.11199717551506905,0.6835133161995139,0.41726212943666896,0.051808187551756826,111.0,0.41814740876885376,0.012001943968269589,-0.013659634414069075,1.0151091260050489,4.700480365792417,4.709530201312334,1.000088900581841e-12,0.5394187521562406,2.6143139310984624,0.24870364862815297,0.07535563428528873,0.06535621547359394,0.14492199875043463,0.27995987806991507,-0.007677380426574547,-0.022946443425566145,1
sim00660,24,1.0,0.08333333333333333,0.0851800015441005,0.429175012620414,0.5686137148129289,0.19818810572165124,25.0,0.5120935543723969,0.047029413538761784,-0.008689292803906033,0.7154771606940058,3.1780538303479458,3.2188758248682006,1.000088900581841e-12,0.8223255887979152,2.124069119666499,0.4497944603507443,0.03640535753548758,0.06625199467400747,0.08134676428747709,0.19355524954037992,-0.4276029861728463,-0.31950347887864977,0
sim00661,104,1.0,0.07692307692307693,0.23180387446331444,0.8237876188022638,0.5387262629508446,0.09654955469503651,105.0,0.33406618767606844,-0.019448179218825336,0.261079976927334,1.2920356502172976,4.6443908991413725,4.653960350157523,1.000088900581841e-12,0.8844334351929432,2.925239714693769,-0.28510759111346207,0.05100447554819825,0.08717630366369557,0.07307729746921597,0.10159525674274895,0.16355161504455984,0.07325947781451651,1
sim00662,86,1.0,0.18604651162790697,0.18349369741384997,0.5888934973900558,0.1601056361059177,0.02500746921381663,87.0,0.40544498953323954,0.03452450962357854,-0.3936166032303227,1.1044809521263477,4.454347296253507,4.465908118654584,1.000088900581841e-12,-0.40920934566948,2.597688021512047,0.41082202046562,0.08210729894973066,0.15346921869435315,0.31482020588219595,0.40872768277420324,-0.039575374013686174,-0.10019193451208595,1
sim00663,11,1.0,0.18181818181818182,0.3666888638175783,0.3845291061917363,0.06606166353012673,0.045133960671623036,12.0,0.6897475557232621,-0.01852955481389523,-0.2593446603029757,0.904717301419789,2.3978952727983707,2.4849066497880004,1.000088900581841e-12,-1.1753680910936286,2.0169416422794924,-0.8094841449159804,0.7270825615098326,0.25130108624177694,0.018652247928677392,0.0029641043045757227,-0.29317804058621677,-0.11380439187079504,1
sim00664,45,1.0,0.17777777777777778,0.2249461068799831,0.7002217059083946,0.1514224309374622,0.015919671570215743,46.0,0.5095868929053615,0.023696343573264465,-0.23587173655164861,0.955632364117163,3.8066624897703196,3.828641396489095,1.000088900581841e-12,-0.5010197293877358,1.554144552912191,-0.33275225600561903,0.25999436020090927,0.18605060799478196,0.39263760214348736,0.16064377911509717,-0.26287301653362904,-0.196448522795819,1
sim00665,78,1.0,0.34615384615384615,0.3006333755276076,0.5467394954355612,0.08671528279827567,0.021444835195702075,79.0,0.5172599552152596,0.08686713724564699,0.10629741142656968,2.3080986218488087,4.356708826689592,4.3694478524670215,1.000088900581841e-12,-1.0576384426544336,2.959562518365129,0.5776805126257668,0.293345663430947,0.28090987848582494,0.3699893257339907,0.019641468777644187,-0.004532418161830153,0.08424147797526042,3
sim00666,92,1.0,0.43478260869565216,0.40296700142050523,0.32084677819644203,0.05722538887056293,0.009240666659168407,93.0,0.309955647767204,0.08144053385413608,0.07746773539273102,1.6767399192925683,4.5217885770490405,4.532599493153256,1.000088900581841e-12,-1.318432149371694,2.6984049465792803,-0.4920963282176836,0.24704664733155365,0.6752184778975658,0.05270105802328916,0.025009386116079693,-0.061086008098918974,-0.10691656449422765,3
sim00667,32,1.0,0.3125,0.4181661196200442,0.2577221129019607,0.025741858928849577,0.005286096131347246,33.0,0.25782211290196066,0.08838973252175009,-0.4028780647795322,1.0411580399615485,3.4657359027997265,3.4965075614664802,1.000088900581841e-12,-2.0059851186660644,1.8826974847728304,-0.9128558677717064,0.388802595004883,0.5423661028428949,0.045821112865023654,0.02298385605318317,-0.4483268097332845,-0.3383788633900341,0
sim00668,99,1.0,0.7878787878787878,0.48831450414080985,0.05520682433414952,0.0021399896718169733,0.00035356984244611745,100.0,0.01573884004394257,0.03625019872056515,-0.3435863902338933,1.0771110025770454,4.59511985013459,4.605170185988092,1.000088900581841e-12,-1.9794665316240294,2.7946445648769154,-0.9591859012844336,0.5009744212495983,0.15874438017341416,0.04769578086751437,0.2903734547786006,0.03461976115117866,-0.057674964020533674,1
sim00669,105,1.0,0.11428571428571428,0.17824662567376157,0.6897184376273283,0.5432999667654493,0.20820638114223608,106.0,0.4141297284149238,0.028866654234791844,-0.006277150018313643,1.554564731737108,4.653960350157523,4.663439094112067,1.000088900581841e-12,0.8061392074448556,3.6948285623925754,0.327189967763724,0.06817659853004972,0.043183717189114734,0.04229339224906419,0.11985363846701291,0.3958436909166683,0.21926481764664643,3
sim00670,72,1.0,0.1388888888888889,0.29794339580253953,0.4646574806952767,0.11616049784628206,0.009162104580918493,73.0,0.39384714007041294,0.02313099080777881,0.21204259681625548,2.5331554817071416,4.276666119016055,4.290459441148391,1.000088900581841e-12,-0.7203669471026501,1.7367691916092782,0.2770899039777082,0.19195518029491243,0.3421113847116541,0.2590768592864543,0.10880869920868712,-0.048357510649560925,-0.07040739329802845,3
sim00671,56,1.0,0.8214285714285714,0.47543779993054036,0.21649231712583494,0.007907242122957028,0.0031865422260449012,57.0,0.7834076828741651,0.15581123099692312,-0.8723689646366861,1.5194565633601849,4.02535169073515,4.04305126783455,1.000088900581841e-12,-3.0661357488126786,3.116509007232543,-7.164813096216235,0.9239657806966929,0.07295239749058031,0.0030818032219072492,1.8464353118675453e-08,0.49411024927600083,0.016736189643532587,5
sim00672,36,1.0,0.3055555555555556,0.2571720750721488,0.4905656364226973,0.10398357740021003,0.03065044620634471,37.0,0.41072784997126416,0.10647167512582285,-0.5702095988813696,1.2168978881125558,3.58351893845611,3.6109179126442243,1.000088900581841e-12,-0.8448307049166799,2.3619331814787214,-0.07731227742833213,0.2226566319922186,0.19469732510193888,0.5615195442402791,0.02112401016026353,-0.06686216484328712,0.08971369114138204,0
sim00673,94,1.0,0.9787234042553191,0.49457981405161133,0.022293095808406483,0.00036978134772729186,3.426510092824914e-05,95.0,0.022393095808406482,0.11278026179256759,-0.7511037561257339,1.9511050453173395,4.543294782270004,4.553876891600541,1.000088900581841e-12,-4.080948457765595,2.164510048934744,-2.0920994570563933,0.5882454218713731,0.2643738825084803,0.13976081851771616,0.0076198743981295705,-0.04579101880097012,-0.058347619386478596,0
sim00674,77,1.0,0.7012987012987013,0.43379377271685343,0.5081673564173113,0.03205459065509625,0.008136593153138092,78.0,0.5082673564173112,0.15164332916272916,-0.6102389956495052,1.3154788651576828,4.343805421853684,4.356708826689592,1.000088900581841e-12,-2.053747076448814,2.9727365731465736,-2.137764405146842,0.8853973742117757,0.10081315778066254,0.013421887226286186,0.0003593081561763149,0.08255892103830988,-0.0695800218748031,0
sim00675,67,1.0,0.5223880597014925,0.3716800272706043,0.5078334799479259,0.05217012555060351,0.0087284650670016,68.0,0.5016479065152073,0.11283721812071305,-0.3361536721237658,1.2566241397050568,4.204692619390966,4.219507705176107,1.000088900581841e-12,-1.5669400318060855,2.416772126220903,-0.8302988867998536,0.41347985892775574,0.5574387369902,0.025715986207651524,0.0033654178552246674,-0.1317925067566415,-0.15323820310519898,0
sim00676,56,1.0,0.17857142857142858,0.347479989242809,0.4213092185205273,0.19986936123883686,0.0726892155665943,57.0,0.6692644362620597,0.030948183186098703,-0.010574370274857133,1.295209539913651,4.02535169073515,4.04305126783455,1.000088900581841e-12,-0.10207916966488628,3.0138807630988684,0.5652112797015623,0.11747389158932056,0.0766200211001659,0.02243005321386674,0.00912551449137243,0.4797556284493229,0.07934717003106487,1
sim00677,13,1.0,0.0,0.14409673593957262,0.4416132016937226,0.19360809979880184,0.055432734831469446,14.0,0.38509471018412117,-0.030042649716791006,-0.5735367290030252,0.6278863514840702,2.5649493574615367,2.6390573296152584,1.000088900581841e-12,-0.2013662694066273,1.3142836463274084,-0.048668313947457964,0.06315899538447473,0.03248432248574809,0.4059751835313007,0.21206736768252302,-0.43425010220981786,-0.42757428882636667,0
sim00678,66,1.0,0.2878787878787879,0.38536477543531805,0.3821142358101064,0.05542984366983055,0.006066327815434267,67.0,0.9328932759306559,-0.008830555374878599,-0.0066526246513244755,1.4381564548998416,4.189654742026425,4.204692619390966,1.000088900581841e-12,-0.12170163277376082,1.9772900471457724,-0.8480904004331058,0.3676606935735006,0.4065881257658624,0.20239374285273315,0.009477882967073036,0.1852448058279726,0.1585426498080785,3
sim00679,76,1.0,0.2236842105263158,0.30598219296329904,0.5956361873904097,0.08481804101307049,0.011622652519841572,77.0,0.4669271212162143,-0.011628131437585005,-0.3006785116421679,1.0708970432945555,4.330733340286331,4.343805421853684,1.000088900581841e-12,-1.0765677891785652,2.3431810688154178,-0.47729554196827895,0.3043597054674545,0.5719637226766118,0.07795176412366685,0.04514899077258416,0.08036369834804515,0.019402386488096498,1
sim00680,93,1.0,0.1935483870967742,0.3101744108670068,0.7702325902072475,0.13030523563784147,0.011410150268427573,94.0,0.5691901589404963,-0.008508582556546835,-0.015362833307679112,1.0902257614671778,4.532599493153256,4.543294782270004,1.000088900581841e-12,-0.6322464217700464,2.0972231614684747,-0.4362109834366741,0.3507389003983536,0.28245175867297834,0.21232787223807048,0.15225304320284117,0.16084791225326694,0.13510476090391915,1
sim00681,53,1.0,0.2830188679245283,0.24736991076105055,0.7103766594523564,0.11604625221287646,0.014023642392464418,54.0,0.46997371268168725,0.06843408915150553,-0.49430888250937244,0.9402238988673721,3.970291913552122,3.9889840465642745,1.000088900581841e-12,-0.7638592501093316,1.8570477231695073,-1.0436528046254574,0.17583125655785273,0.2721541403120434,0.4604305947693183,0.09158400835216829,0.09949869216569833,0.11603201742979648,0
sim00682,20,1.0,0.05,0.19014449096212557,0.6244854904916577,0.4635307553594646,0.11838514822019568,21.0,0.38218173245746523,0.010580119712088786,0.48146033640515346,0.8077260880320517,2.995732273553991,3.044522437723423,1.000088900581841e-12,0.6745374327469866,1.6308028133622061,-0.8398090044429931,0.13126699051533375,0.21473841231751795,0.0767473551669282,0.10268899932800392,0.01785382117490821,0.39404394200255066,6
sim00683,66,1.0,0.09090909090909091,0.14975315291579946,0.6864448198973939,0.3258461365108592,0.07335454132525816,67.0,0.5026688280592041,0.014696058904400436,-0.22519057502531517,0.9401787308509975,4.189654742026425,4.204692619390966,1.000088900581841e-12,0.26499286917442655,2.698533861542515,0.4068834329865306,0.05146798700712927,0.06583285051933097,0.2006058277807144,0.268386569539614,0.13349114483042787,0.08729772709269869,1
sim00684,80,1.0,0.0875,0.237767549532197,0.8144297630291688,0.16212243049476624,0.024242819447294728,81.0,0.3298161932286878,-0.03862491559203095,-0.003709506735635609,1.069563610424157,4.382026634673881,4.394449154672439,1.000088900581841e-12,-0.30998044971301925,2.4817953088944567,0.43013319437705727,0.1363416194413616,0.24088934008561647,0.22478427053351924,0.2864337009869309,0.23622606926408157,0.2207659423768641,1
sim00685,112,1.0,0.38392857142857145,0.39084515702809436,0.6947237596116385,0.07008611237975977,0.013683488237874422,113.0,0.6584463091640312,0.02324049772373022,-0.060615025140600305,1.211335129475947,4.718498871295094,4.727387818712341,1.000088900581841e-12,-1.1659079282093963,3.084964074753799,-0.5293576270100054,0.7188663235844113,0.1137713567702423,0.09237717529672819,0.07479664339339182,0.11409243851681591,0.014933246333990395,1
sim00686,83,1.0,0.7469879518072289,0.46918857280296294,0.14584555322418175,0.005019531476171485,0.0013630307029905172,84.0,0.11385052890599723,0.16377968089527103,-0.9121191911543162,1.5315326419666802,4.418840607796598,4.430816798843313,1.000088900581841e-12,-3.0006802007010944,3.1152146725860232,-0.7059144642765578,0.7401067138992948,0.14924252071666214,0.10678274764877221,0.0038680175360489917,-0.0654090559436793,-0.0641712173933251,0
sim00687,18,1.0,0.1111111111111111,0.2728672614204565,0.36414814925953437,0.20793530725501755,0.04707937683698233,19.0,0.2785079601286137,0.0662820614279884,0.1774932533518417,1.118444930924322,2.8903717578961645,2.9444389791664403,1.000088900581841e-12,0.034214300981175165,1.4049797953662302,0.528153671691832,0.007322161526317765,0.2144203475494605,0.2902391652213707,0.26774418908120534,-0.2755337678103338,-0.2626725901597919,0
sim00688,78,1.0,0.05128205128205128,0.24391935217373464,0.9602776662215632,0.2820973227062826,0.0698565189082718,79.0,0.19127737650241333,-0.048712663426005255,-0.10187711595231293,0.7824311468599935,4.356708826689592,4.3694478524670215,1.000088900581841e-12,0.6008268039324253,2.960900107644629,0.5068407429064881,0.053933886524093894,0.0743670145797001,0.13736408433134087,0.2871608752660837,0.24602983756057,0.21887476979513837,1
sim00689,58,1.0,0.10344827586206896,0.28717740172248096,0.5188822021153962,0.13722553689459233,0.02520007361243721,59.0,0.47854528869193913,-0.02322797110540856,-0.04933386306996688,1.0071147747201552,4.060443010546419,4.07753744390572,1.000088900581841e-12,-0.5979921752420684,2.3656640988637423,-0.3277764628949237,0.2586773950543991,0.2636903096094123,0.17805278201453437,0.2839599213558701,0.11989005019872555,0.1434760675489667,1
sim00690,89,1.0,0.48314606741573035,0.35519553348222094,0.5998871530144716,0.061274041286683026,0.010562070519429737,90.0,0.40001284698552847,0.07568120086624755,-0.42613288750409956,1.4222334512054684,4.48863636973214,4.499809670330265,1.000088900581841e-12,-1.3652933451905138,2.730549416132941,-1.301905934136258,0.6318848574388636,0.30099261521412746,0.06473255457607861,0.002389972754610399,0.2332745401104807,0.17303671275955193,0
sim00691,59,1.0,0.06779661016949153,0.2734559976696796,0.8137730987698817,0.3131495603443387,0.06426262128829233,60.0,0.688402543424939,-0.028724776799558177,0.48184296048477077,1.12016647604224,4.07753744390572,4.0943445622221,1.000088900581841e-12,0.378350273456637,2.4938346835084464,-0.014338735647188516,0.20063417909429088,0.18310737485488504,0.05152859955867897,0.06830430320159422,0.3069130193835433,0.0825685780431893,1
sim00692,33,1.0,0.24242424242424243,0.3258443660961873,0.4498861558910787,0.0766737454115705,0.015291230736132177,34.0,0.5678807518173474,0.08196837514822244,-0.2903033856510068,1.0669721872621338,3.4965075614664802,3.5263605246161616,1.000088900581841e-12,-1.1632984138697382,1.8842277232348108,-0.4015667647782205,0.19167933303033732,0.34351101138498275,0.4250986049059677,0.039688272772125416,0.002699110957772738,-0.1840190565999576,1
sim00693,33,1.0,0.12121212121212122,0.3608935847000738,0.948984296185746,0.09558769855164553,0.029713000130547913,34.0,0.15289265171529837,-0.017297070715341856,-0.4040344755852082,0.8780829902465599,3.4965075614664802,3.5263605246161616,1.000088900581841e-12,-0.30376406387596394,2.328048090487787,-0.14193333678873565,0.03244843449312794,0.09006091839744021,0.6742684004334715,0.20161480457707112,0.3054455739081086,0.15797945925359866,1
sim00694,10,1.0,0.5,0.4704424477212994,0.1408917739730604,0.010604946953177524,0.009820547682240945,11.0,0.8590082260269396,0.2259946783025998,-0.9444708807647948,1.2880704344391065,2.302585092994046,2.3978952727983707,1.000088900581841e-12,-2.4354041812663576,2.2257413991399986,-1.4739152756057903,0.9577429491990167,0.005532343141288023,0.036690893660277536,3.381390512205996e-05,-0.1748585099162445,-0.173669550165569,0
sim00695,85,1.0,0.1411764705882353,0.25296352886020224,0.7227770164562889,0.3169503657106769,0.06106609220712369,86.0,0.3924511945880361,0.04405957590440557,-0.30277956537911244,1.1648974488010222,4.442651256490317,4.454347296253507,1.000088900581841e-12,0.2846557709472359,2.795862826104653,-0.06176477566243577,0.05997026433908414,0.040458593248548516,0.04755774673146954,0.10642104070327073,0.09425816032188424,-0.039210045386433225,1
sim00696,109,1.0,0.5137614678899083,0.37451692519281277,0.6100319207078012,0.05562694920578953,0.006143088914640852,110.0,0.5533956035698313,0.05349635369885781,-0.4157277720094729,1.069387039839143,4.6913478822291435,4.700480365792417,1.000088900581841e-12,-1.4913232457333447,2.488007794875012,-0.9036308102466983,0.5877158035607326,0.2981139605297907,0.11181548908019046,0.0023270725141199848,0.18405491369997884,0.061430757626387306,1
sim00697,55,1.0,0.8,0.48729354358996224,0.08897650794779692,0.003557444257936367,0.001355643305283409,56.0,0.08907650794779692,0.1315938276578324,-0.428156023188127,2.4352307509381865,4.007333185232471,4.02535169073515,1.000088900581841e-12,-3.1271568904464058,3.042566894250622,-10.107782650230988,0.44861311729395614,0.5505175970529541,0.0008692853719889129,0.0,-0.08168865333111096,-0.050580257756609445,2
sim00698,64,1.0,0.1875,0.38479396896072166,0.39154159827825386,0.16096647991735558,0.052371762435712815,65.0,0.7265029700555157,0.005935610997029252,0.28952389623471203,1.1700571937716489,4.1588830833596715,4.174387269895637,1.000088900581841e-12,-0.21058191051969022,3.0360545002060144,0.36214426920968423,0.17665095110413442,0.020911975539575384,0.026309916778626923,0.2462442856878552,0.1698000998420196,0.0730318362873321,1
sim00699,81,1.0,0.07407407407407407,0.25588580580785997,0.7861656942378132,0.7131809747482939,0.30645888639690916,82.0,0.6093272600840922,-0.015119792487125586,0.32271209955057834,1.736460876270778,4.394449154672439,4.406719247264253,1.000088900581841e-12,1.097264765247836,3.549797552208866,0.3523512186578922,0.043544860576601924,0.0879230936470643,0.014846770844073848,0.05587487255710664,-0.3408472700262415,0.012571005833236878,3
sim00700,25,1.0,0.4,0.3530137364907398,0.5490287007017595,0.05265326701061627,0.012765338625381262,26.0,0.5491287007017595,0.13320912897409684,-0.6691660883068595,1.1303157114551854,3.2188758248682006,3.258096538021482,1.000088900581841e-12,-1.5480312057757888,1.8018811143192073,-1.914591593104391,0.5075324678781106,0.44831391949512195,0.040628254328371555,0.0035253582794036887,0.19966415001945267,0.04890286548152753,0
sim00701,109,1.0,0.3761467889908257,0.3055303473072111,0.5618924403980939,0.08003635272266474,0.006891136859718122,110.0,0.5513913985028173,0.06521702046767931,-0.5101647059861288,1.1860841900080263,4.6913478822291435,4.700480365792417,1.000088900581841e-12,-1.1283594755976842,2.2391030133425036,-0.5545207055819619,0.2602074910216886,0.35625559905230464,0.32985846703384253,0.053594090759303076,-0.073526950977187,-0.10431898605825578,1
sim00702,85,1.0,0.2235294117647059,0.16278213873657668,0.6798312407064823,0.22637983930761374,0.016442230004159945,86.0,0.6065403645372438,0.07722560024450374,-0.14104161798223733,0.9799321417511936,4.442651256490317,4.454347296253507,1.000088900581841e-12,-0.05278019140968632,1.8202899882573427,-0.19613653855642993,0.08893893230850525,0.1789940180071608,0.39885678749884873,0.2669647811379697,0.024949733626186337,0.0019019469480250945,1
sim00703,80,1.0,0.5625,0.4662726987882985,0.151344826766045,0.010986780245677818,0.0016948229750857115,81.0,0.9042112882517044,0.059238431176392305,-0.36552337819419567,1.183818654992166,4.382026634673881,4.394449154672439,1.000088900581841e-12,-2.064759872344637,2.512912169668053,-1.0842574448173166,0.7232194216479598,0.10890872812904165,0.06912344190008977,0.09874840823189028,0.2887384842247113,0.2727210468366775,0
sim00704,91,1.0,0.23076923076923078,0.312925903026996,0.8258718497170272,0.12746324424728667,0.011193787754397555,92.0,0.325038034982841,0.03164277114790964,0.22511360287457846,1.4328287360741885,4.51085950651685,4.5217885770490405,1.000088900581841e-12,-0.5430152257511173,2.078390422899696,0.05453970326516497,0.24132222386266758,0.3488022430202611,0.22265144412569338,0.11994467786508649,0.026252503603144874,0.04790706540467099,1
sim00705,119,1.0,0.4369747899159664,0.4572147877386221,0.13567996620136746,0.020216657629544933,0.002701488288891358,120.0,0.9374652714175274,0.0019978897700494453,-0.2486312139381906,1.4369140279478925,4.77912349311153,4.787491742782046,1.000088900581841e-12,-1.0646395943557225,2.7664194271403493,-0.618003694301925,0.18769984458407726,0.27873484614473537,0.14650609096290618,0.3870539611498565,0.08508327583829153,0.118831394632277,3
sim00706,33,1.0,0.45454545454545453,0.4405606155892694,0.16134493297916563,0.014386283348102259,0.00393755555096838,34.0,0.8903290494508022,0.1706309180225996,-0.8284128766688383,0.8525979988542209,3.4965075614664802,3.5263605246161616,1.000088900581841e-12,-1.9150451505810333,2.2007924643095396,-0.9428582072026205,0.24093555776443612,0.3331087045621722,0.4201975708273967,0.005757266260883303,0.3463823103337223,0.2938723039675796,5
sim00707,80,1.0,0.1875,0.2504145398318961,0.5824218374538161,0.15286466762216652,0.015865660020260894,81.0,0.6578119123747461,0.05723147336268084,-0.23629767010898137,1.058296150314222,4.382026634673881,4.394449154672439,1.000088900581841e-12,-0.38697130910483635,2.1166306560452277,-0.7097152930357029,0.2799002680154537,0.16278141334623564,0.28735033105702185,0.24011196155542708,-0.01789138698945984,0.015765155352129023,1
sim00708,31,1.0,0.0967741935483871,0.19579186191291892,0.6470249437364717,0.13388938667149242,0.023131162340618357,32.0,0.5049575917373057,0.014732067540363528,-0.456629974898368,0.9666473957359398,3.4339872044851463,3.4657359027997265,1.000088900581841e-12,-0.6243486157026217,1.6781539453302676,-0.5935905411979066,0.261346652437189,0.08181464790838502,0.4818499649041155,0.15165627088175496,-0.1600176888779646,-0.15275931008635252,1
sim00709,21,1.0,0.047619047619047616,0.13948885674292932,0.5862652035049484,0.31645291086671246,0.07531767030742191,22.0,0.7033059510900078,0.009722174924708313,0.07142139967829984,1.3415051687777044,3.044522437723423,3.091042453358316,1.000088900581841e-12,0.41643625422396,1.6090627607003776,-0.6135464188245144,0.025913773675136517,0.306784488353678,0.11126585715922573,0.12927374057896765,-0.3674099317273095,-0.24539058759023807,3
sim00710,61,1.0,0.29508196721311475,0.37246458586790454,0.31696643321726303,0.06712273442660625,0.00846236361947503,62.0,0.9673656520082227,0.12930014652561503,-0.10911927255866537,1.8105448824152381,4.110873864173311,4.127134385045092,1.000088900581841e-12,0.7543361722923991,2.0399795849236795,-0.6927235403151264,0.18842251730228804,0.11307019927122497,0.27042346030056924,0.16363806938994693,0.1993043255815673,0.043867673463408016,3
sim00711,79,1.0,0.24050632911392406,0.22375949557998825,0.6465549793154765,0.1353490737128531,0.022247031919177335,80.0,0.5656222240201011,0.0361800050078859,-0.37356674959353176,1.2625309052337697,4.3694478524670215,4.382026634673881,1.000088900581841e-12,-0.5962285622972545,2.563799282358083,-0.7381418940629145,0.1979459212949239,0.3361141664793223,0.287628711767051,0.1782338325194091,-0.0030603497602467353,0.05432501049651941,1
sim00712,77,1.0,0.16883116883116883,0.3451477133004079,0.33612347882325383,0.10988246550255419,0.008452209758958268,78.0,0.2169826957984593,0.02656330380255835,-0.05660138509064264,0.944598244505146,4.343805421853684,4.356708826689592,1.000088900581841e-12,-0.43580582501919807,1.7788220392755627,-0.7577673526203006,0.289357306946075,0.22367926555866044,0.14221324123888057,0.30480137085271847,-0.12751518360869304,-0.028737039851660626,1
sim00713,36,1.0,0.3888888888888889,0.3997902612862291,0.25052723320752324,0.031449314770769794,0.009640837286421206,37.0,0.7990141036217198,0.13311080059731908,-0.8185330864011792,1.0177950545558927,3.58351893845611,3.6109179126442243,1.000088900581841e-12,-1.6304808615031816,2.401149702687522,-0.5929907708952379,0.3786371653394603,0.46059709587335856,0.1541390421155777,0.00574930588799591,-0.2153386802930796,-0.16614361562694796,0
sim00714,14,1.0,0.0,0.12985208205308604,0.5031678479690256,0.35701319634858714,0.17484682318187028,15.0,0.4214095019613802,-0.030179882282776366,-0.05333637184028947,0.902059082829397,2.6390573296152584,2.70805020110221,1.000088900581841e-12,0.38132800489253865,1.9251948784480288,0.7219691471785052,0.020121218299272742,0.06461394617297614,0.2536901564018498,0.09279421270973105,-0.37744378494666314,-0.38405848673635595,0
sim00715,103,1.0,0.14563106796116504,0.1516860436950559,0.8252625871266898,0.2811635756660413,0.03748992282752249,104.0,0.2279834475710164,0.054069924790762454,-0.15942091296251198,1.1483871928903573,4.634728988229636,4.6443908991413725,1.000088900581841e-12,0.46841288004429854,2.619864540378304,-0.13258439040699782,0.09311420751177936,0.13774287180748648,0.17829959066646625,0.3968679039131108,0.08428780647809199,0.07722747388738538,1
sim00716,15,1.0,0.06666666666666667,0.27368661437913233,0.4147131860617723,0.15232455977603074,0.044786587258766115,16.0,0.2640164199681815,0.015034982512414797,0.3962026379218207,1.5626708308190287,2.70805020110221,2.772588722239781,1.000088900581841e-12,-0.2434503217190218,1.483945397975608,-1.6883847484352847,0.10396588630091992,0.30425923884589245,0.48792187186119157,0.09073318887240693,-0.5551494118480104,-0.4952266652571343,0
sim00717,91,1.0,0.32967032967032966,0.24015842479476604,0.5841985315099694,0.18745781905204154,0.019790579673159964,92.0,0.42039719826875205,0.08164136383713985,-0.0020261760689366153,1.2062884985156102,4.51085950651685,4.5217885770490405,1.000088900581841e-12,-0.26223388484905835,2.2625117014369422,-0.3047506603053757,0.21717671970624494,0.20906671563113305,0.4894109481297358,0.08427950912845017,-0.08710621166737623,-0.060218276391880106,1
sim00718,64,1.0,0.515625,0.46601863529043874,0.10516609431305401,0.009730046012080296,0.0014584927539390527,65.0,0.9374362162020535,0.06981610690450103,-0.495244841696938,1.1573741143968985,4.1588830833596715,4.174387269895637,1.000088900581841e-12,-1.796361392448065,2.2610679945465897,-1.3373250362164695,0.2622845640478623,0.3877591869546519,0.3000999221351685,0.04985632675954281,-0.09593483482323,-0.08191073946900557,0
sim00719,20,1.0,0.05,0.17390638664725983,0.7239455437060814,0.3405826333789261,0.104436788420129,21.0,0.5706999471877683,0.008109398330830575,0.29694987144893165,0.9968821203394053,2.995732273553991,3.044522437723423,1.000088900581841e-12,0.3293933743385592,1.8136564877747094,0.4201097295387556,0.07835391973484486,0.10013815492737205,0.20543779402550943,0.49611696735439975,0.25418343796117965,0.07815277587847985,1
sim00720,42,1.0,0.35714285714285715,0.386149303751309,0.44570185792176276,0.03436647532264857,0.005510396055055505,43.0,0.5617694941861763,0.04642273373603595,-0.6547212201007728,0.9592207896708856,3.7376696182833684,3.7612001156935624,1.000088900581841e-12,-1.9689998403659648,1.9072245825266505,-0.9245931678222186,0.5792604634881626,0.3464141408607025,0.07125289745584013,0.0030724981661968023,-0.07950513949302712,-0.1498921723302755,0
sim00721,73,1.0,0.6575342465753424,0.40827382096608056,0.5948938243428523,0.037191829780568765,0.007885093423464981,74.0,0.4050061756571477,0.09951856196342622,-0.837707961348559,1.3699402647129808,4.290459441148391,4.30406509320417,1.000088900581841e-12,-1.868608955155233,2.739344400306574,-3.5548884187218635,0.8392690626430223,0.15907974278122647,0.0016359776214121624,1.5216927451551588e-05,-0.024919114039324713,0.02751483940059958,5
sim00722,104,1.0,0.22115384615384615,0.3545747689513469,0.4014623991195709,0.09443715657108369,0.011215327590934139,105.0,0.20957197625802443,0.040739881773051545,-0.23668777775455485,1.042164649851288,4.6443908991413725,4.653960350157523,1.000088900581841e-12,-0.5619519609538711,2.5137376722919815,-0.5229516022328895,0.08805244102390383,0.2571201063346341,0.34743823798914,0.2842875084598716,0.06646198122615982,0.012339805256769065,1
sim00723,111,1.0,0.42342342342342343,0.43700927478985063,0.28298915127331736,0.03246199240291316,0.006269175262633327,112.0,0.7271760172001691,0.05428782865940557,-0.208963926681178,1.3653223011235194,4.709530201312334,4.718498871295094,1.000088900581841e-12,-1.8101701788053555,3.0651050665327593,-0.268693765752918,0.5288518621914022,0.09915570034047849,0.025894566711284008,0.3272234358981766,-0.07406160150489952,-0.027913258994271252,1
sim00724,53,1.0,0.22641509433962265,0.3000777015815033,0.6402207677939916,0.085829126811982,0.010703198468341772,54.0,0.43741907851938816,0.02650854783655426,-0.028515771605395864,1.058422334325871,3.970291913552122,3.9889840465642745,1.000088900581841e-12,-1.0533130082384825,1.888476109883471,0.2965905871566438,0.3686279538719492,0.4530524459403069,0.1601000973093806,0.013534989278784465,-0.12045654210191004,-0.14032346322608732,1
sim00725,118,1.0,0.652542372881356,0.46141214168202743,0.22036915533995505,0.010872443744269268,0.002002182433737739,119.0,0.22046915533995504,0.11105452432661629,-0.6036479183247864,1.3684729661371307,4.770684624465665,4.77912349311153,1.000088900581841e-12,-2.7604632871243284,3.0786909252503922,-0.7822015285315416,0.5297984007598753,0.17129397064952978,0.29373219544657947,0.005175433052039806,0.07370836103756744,-0.11717117741852573,0
sim00726,87,1.0,0.9310344827586207,0.4958129354514058,0.03585426697126881,0.000442335426345827,9.366892688537323e-05,88.0,0.9640457330287312,0.05544056186229148,-0.881826955569667,2.0382335172810375,4.465908118654584,4.477336814478207,1.000088900581841e-12,-4.361318023700902,2.9136059660636633,-20.500684509094995,0.8930437083007582,0.10058743841697942,0.006368851021534733,0.0,-0.05330187719152864,-0.04319885431847887,2
sim00727,111,1.0,0.6126126126126126,0.44998127412390937,0.1911962345940454,0.014280095649143764,0.0014951787581517313,112.0,0.1826908442027373,0.0769760149036641,-0.6081435255564891,1.3563752122730135,4.709530201312334,4.718498871295094,1.000088900581841e-12,-2.3471908411935916,2.4529093095644776,-0.9686939110865028,0.4757237905255152,0.3941203391433633,0.12545787192830507,0.0046978511630121145,0.17942860885645676,0.08020305113289487,0
sim00728,65,1.0,0.1076923076923077,0.33521402418004015,0.3875347881253164,0.1299923629522923,0.01788219106359556,66.0,0.21396850069105716,-0.04865118177583392,0.2505370043696778,1.5344121285489314,4.174387269895637,4.189654742026425,1.000088900581841e-12,-0.2575946970453343,2.1907168721867305,0.5735316169010647,0.12846144153460468,0.21797337772539044,0.15811107632636076,0.01988869859477614,0.24104228447852677,-0.02595234085095457,3
sim00729,56,1.0,0.30357142857142855,0.42816696031471096,0.17753853105687534,0.030649925953215765,0.0041421080888465415,57.0,0.8690697823395046,0.09219856298995799,-0.16852592224225674,1.3821871224864684,4.02535169073515,4.04305126783455,1.000088900581841e-12,-1.3117023900818725,2.023926301095486,-0.905420437900309,0.18783522043673076,0.31128071118329176,0.4378677454603062,0.045239641123919525,-0.4067049854191745,-0.36832970754117744,0
sim00730,57,1.0,0.24561403508771928,0.221436774629201,0.6093069685680006,0.2155245902722412,0.03943981787924731,58.0,0.4589163691417988,0.08484301571416437,0.1788261552773802,1.5246686081829657,4.04305126783455,4.060443010546419,1.000088900581841e-12,-0.14161155373485126,2.344752168627245,-0.672454273509549,0.23697138898142034,0.29803667308684395,0.4173038120773839,0.041847018741389866,-0.2561158647552918,-0.27095541359131964,0
sim00731,55,1.0,0.32727272727272727,0.38400041921103273,0.3655723925338512,0.04196370900754686,0.007680072264109124,56.0,0.634270145678111,0.1223300649284354,-0.5127599675297918,1.1239045361017237,4.007333185232471,4.02535169073515,1.000088900581841e-12,-1.7098094663798646,2.3091569670468046,-0.5146047799918461,0.3442835221000623,0.3138371265888207,0.22830389606544105,0.10553864933418261,-0.07214892296770664,0.03775284559101386,0
sim00732,43,1.0,0.046511627906976744,0.17254350704683197,0.6047657400034665,0.16450780580608954,0.016417796834453997,44.0,0.42913794499253644,-0.03205558468813149,-0.4192440348583594,0.7874122802258378,3.7612001156935624,3.784189633918261,1.000088900581841e-12,-0.39821271311253953,1.4566080139930007,-0.031779118638133874,0.1518645792110964,0.1363574056723237,0.2152543292795713,0.37763629922549485,-0.02277830409919524,0.008056505792274462,1
sim00733,105,1.0,0.08571428571428572,0.2132529919455373,0.5827627505652391,0.40449741922299987,0.05050841254753512,106.0,0.24960886523251546,-0.0024357443582059754,0.014666617127348826,1.1736398147430038,4.653960350157523,4.663439094112067,1.000088900581841e-12,0.7699108980558058,2.573454901112447,-0.058969169710770306,0.043065156814486374,0.1152481994828078,0.09960210974344641,0.19117068300294124,0.13007265391991438,0.08090300905111834,1
sim00734,113,1.0,0.34513274336283184,0.30962867578442255,0.6206910140673738,0.10748624557917472,0.01044269266395673,114.0,0.276657604857504,0.0480088393605806,-0.1311804311254781,1.232765496456218,4.727387818712341,4.736198448394496,1.000088900581841e-12,-0.6215451734263188,2.3959273936787238,-0.7209712608035079,0.31452197542832916,0.49323248562772115,0.13574604841555005,0.05641518772478896,0.029431373343647663,0.02532995021691507,1
sim00735,96,1.0,0.10416666666666667,0.28128345733039956,0.730419463942491,0.49832624390835445,0.11348615531744738,97.0,0.7865698609395841,-0.003300338729704149,0.261262057297086,1.02327496455362,4.564348191467836,4.574710978503383,1.000088900581841e-12,1.0880191445054528,3.0847740703987627,-0.2660973356815651,0.13076003972212058,0.04533388818138077,0.038963171976215384,0.039529021558159363,0.1375712015803755,-0.03593887469874952,1
sim00736,84,1.0,0.32142857142857145,0.2907394643915595,0.7644991350685106,0.11008365695757519,0.026982485360959815,85.0,0.46747262182355126,0.06712816381471978,-0.15020089428865377,1.3243650118116095,4.430816798843313,4.442651256490317,1.000088900581841e-12,-0.8159792212187206,3.024764168754781,-0.4702467719301074,0.13640181310337426,0.6313542430753835,0.19672431232682963,0.035288744272013894,0.06832499235337287,-0.03206160686052852,1
sim00737,46,1.0,0.13043478260869565,0.24494388250610133,0.8682938551266219,0.21814631658826927,0.050919581246296225,47.0,0.34654707527102047,0.004174575617414561,-0.011984670016368305,1.3572529293638045,3.828641396489095,3.8501476017100584,1.000088900581841e-12,-0.03736786998645005,2.373722931535367,0.08256997175068148,0.1032784508282019,0.14157170104014571,0.3034467681553353,0.40525563441050766,0.15465328200964076,0.039106644585707506,1
sim00738,72,1.0,0.08333333333333333,0.20833958689184592,0.6843083439570254,0.21964343318395124,0.022940740872497447,73.0,0.3399186994749992,-0.0004582014935352843,-0.055479390843734655,1.07390009712882,4.276666119016055,4.290459441148391,1.000088900581841e-12,-0.02130872764295681,2.0175750527619254,-0.025662209472320827,0.13344521768809497,0.14798424526173296,0.16572261998048776,0.2340135263934452,0.14697678224560384,0.0672923102183529,1
sim00739,29,1.0,0.034482758620689655,0.1502417768322154,0.6685491371398361,0.20330772417262957,0.04522806004193171,30.0,0.4228600568886309,-0.011167897068833756,-0.16041565227554982,1.116547872746335,3.367295829986474,3.4011973816621555,1.000088900581841e-12,-0.18265006949413637,1.8642928076017016,-0.9486498526224566,0.2421644580127094,0.11810872263785668,0.350462544158363,0.1929936695081806,0.02339611470188574,-0.17154403834152204,0
sim00740,89,1.0,0.6292134831460674,0.43804686497646306,0.23297823184041422,0.020917791795607932,0.0031113918504954304,90.0,0.17396594273499777,0.10071475395011202,-0.6245515768680476,1.4049590358815367,4.48863636973214,4.499809670330265,1.000088900581841e-12,-1.9271401949300888,2.583106453303667,-1.9464983116304104,0.44013281066634924,0.5145748323803306,0.04486511012474832,0.0004272467807656985,0.14727283806860178,-0.028861577409456662,0
sim00741,86,1.0,0.11627906976744186,0.12396520929695087,0.598882260236835,0.3064364603443424,0.06325136886642392,87.0,0.5070309749988543,0.0476006801086443,-0.34768451699366476,1.1202645162681848,4.454347296253507,4.465908118654584,1.000088900581841e-12,0.20374726681646288,2.8764536388301276,-0.3296041295256886,0.05824842822591301,0.12460245604482188,0.12947695160873304,0.12411502440555092,-0.11432100264549408,-0.10449869777293702,1
sim00742,41,1.0,0.12195121951219512,0.2648428811752118,0.49606065701349394,0.17338017358237715,0.024337273382245384,42.0,0.2996335785914249,0.02883312058414613,0.48396560146806245,2.0187854989621625,3.713572066704308,3.7376696182833684,1.000088900581841e-12,-0.19092198308948496,1.750094407092669,0.3240398634468549,0.1945672113533673,0.3092388485792975,0.3619709169506994,0.03862783395619192,0.061656277397181644,0.026999736350291362,3
sim00743,102,1.0,0.06862745098039216,0.24279018217166234,0.8577855070816669,0.46430747047257154,0.10457700646489532,103.0,0.5691912355683384,-0.02641653925881795,0.17643135507551788,1.3716164311817673,4.624972813284271,4.634728988229636,1.000088900581841e-12,0.6384215057157254,3.1343495324189057,0.20140689236305914,0.07729894608587554,0.09673964293877828,0.029571763590147366,0.08270799063631874,-0.14667548930324575,-0.03565908570926967,1
sim00744,79,1.0,0.3670886075949367,0.42266616477203767,0.3976021750307381,0.041380536250972905,0.005751868256930583,80.0,0.3988986971244914,0.02405327074539567,0.0040668127259631615,0.9524733225134523,4.3694478524670215,4.382026634673881,1.000088900581841e-12,-1.7569050598454254,2.3961619356006674,0.2767823070146147,0.5001487640002227,0.027782337668634076,0.02564666010285104,0.34243801617684094,0.13526875189186457,0.17402368191933726,1
sim00745,61,1.0,0.11475409836065574,0.22186783452830383,0.7634209655146655,0.2534798914306473,0.036168687407654415,62.0,0.9091305626994438,0.036946934902223116,0.00796729759157523,1.52228255482382,4.110873864173311,4.127134385045092,1.000088900581841e-12,1.121127336586531,2.163783123594615,-0.798034107967188,0.06643391683020436,0.28904391336463015,0.0665120398301044,0.32184739460648526,0.03073438845161268,-0.03927313928065334,3
sim00746,13,1.0,0.3076923076923077,0.42088410530033743,0.19197363104011145,0.0094154110609597,0.002877903255207465,14.0,0.19207363104011144,0.0980078125878936,-1.1507875668997838,0.5945695247353218,2.5649493574615367,2.6390573296152584,1.000088900581841e-12,-2.8022466199000826,1.3796635276678617,-0.12997211739683578,0.4059238021005738,0.23921084538539011,0.3512755423753559,0.003589810032471291,-0.19172041265805764,-0.18635303856323393,0
sim00747,52,1.0,0.21153846153846154,0.41954754151798385,0.20521758335431217,0.06930282221226473,0.011723110173650353,53.0,0.9319059440396995,0.008840128341120955,0.24055643739776264,0.9386368035575324,3.9512437185814275,3.970291913552122,1.000088900581841e-12,0.08811909237421763,2.17432021010805,-0.4230345376632489,0.05505806133029173,0.22723957493948416,0.09478313822989634,0.5947810426399699,-0.159229563177978,0.006528462665756685,1
sim00748,110,1.0,0.45454545454545453,0.4291704664770867,0.2244028872698985,0.023692104170876426,0.002021018370207366,111.0,0.18429143522261804,0.018201926642623087,-0.6416161479969151,1.1174987442792303,4.700480365792417,4.709530201312334,1.000088900581841e-12,-1.8476784175220495,2.238940054401861,-1.0021345642553834,0.3330101390437156,0.4765730188281514,0.17760312373050213,0.012813718355422724,-0.056987422193107734,-0.0909501865629898,0
sim00749,85,1.0,0.09411764705882353,0.24938439759439657,0.4659761608877123,0.2611652681263563,0.08658841610313972,86.0,0.19571406501675692,-0.010468627050087921,-0.06605316127714786,1.3065007617825053,4.442651256490317,4.454347296253507,1.000088900581841e-12,0.5062991085258696,3.3386638814133427,-0.479689238563642,0.0909752208316706,0.1183374093085637,0.04904732573729007,0.1576436903501446,0.08353082249772596,0.12486172934180881,1
sim00750,48,1.0,0.5833333333333334,0.4329487407893071,0.3391686447107509,0.03829151536214358,0.012225809040062496,49.0,0.6607313552892491,0.11432768988758789,-0.26767744691219836,1.6179124921019281,3.871201010907891,3.8918202981106265,1.000088900581841e-12,-1.76715597177724,2.7295218814231004,-2.8259881760248597,0.8032503825695493,0.1919952677430828,0.004754043175986614,3.0648526598631287e-07,0.4073241244759732,0.4188605383356532,6
sim00751,105,1.0,0.3142857142857143,0.39834290676443557,0.24935781734909668,0.05597067303199802,0.005493131358716945,106.0,0.24945781734909667,0.027283380114740453,-0.10802063528205168,1.4878609879651261,4.653960350157523,4.663439094112067,1.000088900581841e-12,-1.207502551018527,2.3326309586756135,-1.2968255070625867,0.2596214163916254,0.3199687110196247,0.2659872219886896,0.15434953794867962,0.05569425670147693,0.12138820989670912,3
sim00752,53,1.0,0.32075471698113206,0.2935539974518421,0.5435740653715818,0.079426097284495,0.018012376385197627,54.0,0.3811588368156477,0.13149381931171467,-0.6647389768906573,1.3996755550518454,3.970291913552122,3.9889840465642745,1.000088900581841e-12,-1.0884825458445038,2.48652401610501,-1.2433204903688773,0.23862134139691982,0.35251357894066687,0.3317889910536532,0.07705188856828948,0.23487189507650935,0.23986702416946673,0
sim00753,25,1.0,0.24,0.31492582435039373,0.37622679306126733,0.07509066249395525,0.013643550010058392,26.0,0.1824900642805654,0.11256017327409197,-0.3981971651267705,1.1317417650644936,3.2188758248682006,3.258096538021482,1.000088900581841e-12,-0.6865072899978694,1.513446491089534,0.742403674837843,0.2540813514697655,0.07069947265306055,0.4477657887017047,0.22742689167143154,-0.29428778443152537,-0.2118453973146304,0
sim00754,24,1.0,0.041666666666666664,0.20493892466970065,0.7746242665715468,0.5017008139411115,0.22214946162069696,25.0,0.3257816551218393,-0.002388764835047639,1.052108899693216,2.7277809322547273,3.1780538303479458,3.2188758248682006,1.000088900581841e-12,0.8259778331529247,2.363400282334022,2.200832924829142,0.03653787438781918,0.038904531291058385,0.02586254781155959,0.039597564119984406,-0.6350061599256629,-0.5301034721377017,4
sim00755,103,1.0,0.27184466019417475,0.4063131090950594,0.9939102891430998,0.19984192862521866,0.05999963954465951,104.0,0.8263826018494518,-0.017222731639877382,0.24455854561076423,1.483364620539368,4.634728988229636,4.6443908991413725,1.000088900581841e-12,0.33137009454914834,3.431540845168473,0.2725280468170865,0.04177159587703373,0.022902179302837073,0.007226206285201349,0.16473769832583487,0.42839132361764043,0.12151373762312383,3
sim00756,116,1.0,0.3448275862068966,0.3367962184928034,0.6901529741583526,0.08824881856320352,0.013598187375208147,117.0,0.5962385162514954,0.0894281716387958,-0.14058890810411764,1.663177817219581,4.7535901911063645,4.762173934797756,1.000088900581841e-12,-1.0035495115873332,2.8833663841520183,-0.05339769892258943,0.4653429225853544,0.17558115391774934,0.218574246508042,0.13984930104031437,-0.022082317751400765,-0.0499271489978366,3
sim00757,102,1.0,0.3333333333333333,0.42072772480228066,0.21390014221866788,0.04255505094799816,0.002846771348609845,103.0,0.050480224178436166,0.026155778698849688,-0.32640348180602696,1.0881561860914002,4.624972813284271,4.634728988229636,1.000088900581841e-12,-0.11898418367041129,1.9203597490559472,-0.6936006811870354,0.0912252742453429,0.5152574374572407,0.25552473309080204,0.135977642961261,-0.12089995937405315,0.0363364012702962,1
sim00758,68,1.0,0.5294117647058824,0.45187472092701536,0.27143533562453726,0.014173143772433687,0.005171121426803665,69.0,0.7658864258690049,0.04020094047072649,-0.4451500171923708,1.1107587559543248,4.219507705176107,4.23410650459726,1.000088900581841e-12,-2.537736077502356,3.211248385736575,-1.0270086861761634,0.7978667221135188,0.13025730914901407,0.06023059130284426,0.011645377364066817,0.3208130633806282,-0.1235411631777418,0
sim00759,62,1.0,0.12903225806451613,0.3666135963966197,0.906379413323516,0.6033793399082644,0.3505317773406605,63.0,0.16091286420297846,-0.08297940606187112,0.4067675261598535,1.4211833261653875,4.127134385045092,4.143134726391533,1.000088900581841e-12,1.4971238055038543,3.5840396635175136,0.2531648710560755,0.011279103037503926,0.0023895867474249435,0.005253546945766902,0.15146195180901914,-0.0074923639559855764,0.11785793729378607,3
sim00760,30,1.0,0.43333333333333335,0.30858639418764555,0.7941966786780518,0.10549212667455712,0.01706843893230267,31.0,0.33601852149441747,0.17684352218813745,-0.2551001412233852,1.1122976031277196,3.4011973816621555,3.4339872044851463,1.000088900581841e-12,-0.7490289367685371,1.5797921416578615,-0.6857791820384818,0.2471796908941392,0.5293477834777873,0.22318522322537188,0.00028730239322210084,0.091982731239746,0.07005548838492236,0
sim00761,29,1.0,0.06896551724137931,0.08537717055716254,0.4365156786735199,0.305558644776557,0.05660053104932148,30.0,0.40724520782794427,0.028492505128184048,-0.49513804353527086,0.753073490317873,3.367295829986474,3.4011973816621555,1.000088900581841e-12,0.23570071261429967,1.6811724741200884,0.7481805796088938,0.023881009041516996,0.06810199131460042,0.11535831738293964,0.317983062965744,-0.09830371730576924,-0.1470309608942277,0
sim00762,102,1.0,0.4411764705882353,0.42391016528786807,0.3166130560312528,0.03178127647258304,0.0025335257499538967,103.0,0.7249277963032899,0.055142720253874164,0.028708948430889083,2.21079859770382,4.624972813284271,4.634728988229636,1.000088900581841e-12,-1.8364730754710965,2.095707393927748,0.32971915100291826,0.5388118497619371,0.2718198758179757,0.1258391875743536,0.04473937098626776,-0.2744979323283773,-0.23250406038964377,3
sim00763,96,1.0,0.5625,0.3913084890572569,0.47803293456221746,0.04482130470936904,0.005063223807123838,97.0,0.47813293456221745,0.04503178061901226,-0.6600658098389888,1.2981919148543681,4.564348191467836,4.574710978503383,1.000088900581841e-12,-1.7168628342129002,2.3836680080524446,-1.9494162945181186,0.4190276956841956,0.5577590230447236,0.02302213851193137,0.00019114273683862136,0.01094310424341997,-0.005144124458625951,0
sim00764,68,1.0,0.058823529411764705,0.1687447854031199,0.6439349191726245,0.37005011356820317,0.032369401145393044,69.0,0.4238442931138386,-0.007542783683976902,0.18169649521025122,1.0596584214863238,4.219507705176107,4.23410650459726,1.000088900581841e-12,0.41564961434058273,1.7830828339504305,0.2373685691610753,0.05441535544784706,0.12384386940278942,0.10502757705168893,0.40257450426240626,-0.1211061846204409,-0.04832151206771057,1
sim00765,18,1.0,0.05555555555555555,0.2378895910491789,0.8168730163553003,0.9705570449301404,0.40862291849952403,19.0,0.8016811013960037,0.011078929731287422,1.4382142419259742,1.5812184266376412,2.8903717578961645,2.9444389791664403,1.000088900581841e-12,1.809038225076427,2.0252943492082136,2.023186197657819,0.011025281727654908,0.04040760189030566,0.07587028877789598,0.08529556414484683,-0.4276439262455384,-0.061420440744470034,4
sim00766,73,1.0,0.0684931506849315,0.1167167114846752,0.6960839933501775,0.6118788501283305,0.15434207415747495,74.0,0.5889932033171513,0.005351269005031267,0.13241953986350324,1.2936722766708244,4.290459441148391,4.30406509320417,1.000088900581841e-12,0.9272651890631121,2.9130965352499456,0.2340877237270965,0.038751527902797823,0.07553932345898769,0.1282977680856824,0.11174083261166168,0.14979644181182883,0.016949005515767106,1
sim00767,92,1.0,0.13043478260869565,0.3508070024770035,0.9459262110222562,0.2230489442765549,0.040140348304292604,93.0,0.13345799080110865,-0.018745014250628467,0.15602362018453741,1.384009617609042,4.5217885770490405,4.532599493153256,1.000088900581841e-12,0.6568491652876247,2.806779368790559,0.006226880595323392,0.02977052882406967,0.05554326264941147,0.06124731425466886,0.17980633322756848,-0.17422119314048484,-0.1642193023486198,1
sim00768,15,1.0,0.06666666666666667,0.22563936483794034,0.759929482698069,0.35074603168762775,0.13811136761566767,16.0,0.2701661921722408,0.02968447681245965,0.36620751300866095,0.8335971219438435,2.70805020110221,2.772588722239781,1.000088900581841e-12,0.5759635401895911,1.776048167345707,0.27837859722589564,0.10838795139796364,0.23068055786747121,0.09948941393262556,0.40313312728971484,0.0966734196614437,0.12567300511456225,1
sim00769,42,1.0,0.09523809523809523,0.21219340063580713,0.5930058963947928,0.3150820553717704,0.0641782739087959,43.0,0.31750592844081804,0.03820181412293568,0.020177428308030633,1.2250545666565769,3.7376696182833684,3.7612001156935624,1.000088900581841e-12,0.3743380460533884,2.1465012608046363,0.48232472151295713,0.1277098365339,0.03882946562517689,0.11700111055082672,0.46376578826264925,0.13998749976189045,0.14593410492204348,1
sim00770,88,1.0,0.09090909090909091,0.12765689512057274,0.4626522842623333,0.3882902761439818,0.04087160630088066,89.0,0.48043627719978665,0.022061962901790556,-0.08365749009344219,1.200332302608927,4.477336814478207,4.48863636973214,1.000088900581841e-12,0.4418244065496246,2.22601921946649,-0.45657740596307594,0.12126074540802323,0.07343763204592862,0.09550699076939614,0.2701149113907411,-0.3073733352994842,-0.2252445536505726,1
sim00771,110,1.0,0.06363636363636363,0.19496114572646023,0.48518901263727787,0.366146674797768,0.046633172648468425,111.0,0.6694376660690311,-0.022905672238247153,0.09465116526881251,0.8583961273944892,4.700480365792417,4.709530201312334,1.000088900581841e-12,0.503555980875897,2.639758508866718,-0.15395938824772978,0.10215330464111849,0.11716296114664392,0.17311112087534766,0.17356927637876748,-0.152063710484518,-0.10967703206992277,1
sim00772,81,1.0,0.20987654320987653,0.23934368976141057,0.8091953692415239,0.15553767308343228,0.017003469785728694,82.0,0.31225974480046415,0.06879330656616885,0.29798825292263187,2.6352612552688846,4.394449154672439,4.406719247264253,1.000088900581841e-12,-0.32260333555493376,2.180978609573453,0.6841169120040858,0.2614570381100593,0.20898900352321584,0.3005025665864625,0.20125314047863213,0.17974818441415366,-0.014556338280420593,3
sim00773,87,1.0,0.12643678160919541,0.1419048578710238,0.6222177769148599,0.26796421045328395,0.02867356237677802,88.0,0.4267270917932146,-0.0011466700001966867,-0.16462105979403785,1.2902742710022426,4.465908118654584,4.477336814478207,1.000088900581841e-12,0.09110214495905862,2.2310302165418654,0.2522340093417349,0.08352762081387251,0.1451698826096334,0.24234322136199873,0.3708348086270039,0.037358685350173185,-0.029374190579447613,1
sim00774,58,1.0,0.29310344827586204,0.429252067256169,0.18141262651773293,0.043451187498657035,0.005284500906229929,59.0,0.8961142731283689,0.07249076280374153,0.08525980477337876,1.1727491347218366,4.060443010546419,4.07753744390572,1.000088900581841e-12,-0.7619659962098109,1.9535830067846718,-0.5470960287787862,0.38649039029076754,0.03224028995244768,0.1249831781758148,0.25187226341340574,-0.034636345712134496,-0.06728474158524232,1
sim00775,24,1.0,0.16666666666666666,0.3420098345269597,0.3990886631807713,0.11444775249348241,0.02625326231136187,25.0,0.3991886631807713,0.028554555097984897,-0.1432978499918335,0.6898013036769796,3.1780538303479458,3.2188758248682006,1.000088900581841e-12,-0.7398414272602434,1.7057256812675323,-0.3991463238296204,0.25611160777918957,0.17908098304480574,0.27512673897234946,0.2894037227900089,-0.20250354291843933,-0.1117345920083967,1
sim00776,26,1.0,0.038461538461538464,0.17170154705493845,0.5058408550127746,0.2872025350828704,0.07956367417504814,27.0,0.597542603517725,-0.004158763750429766,0.12483791730323868,1.8245986489541584,3.258096538021482,3.295836866004329,1.000088900581841e-12,0.17752811477712763,1.974466508022263,0.8197445786389077,0.14278725670918324,0.07105393938903336,0.06643896015683333,0.3790126774286187,-0.10490606137202989,-0.28076648509452307,3
sim00777,74,1.0,0.10810810810810811,0.16717391855369365,0.8270896671940582,0.5877447006404929,0.1521930869498741,75.0,0.33252361785799056,0.03855284544461123,0.05208015264393457,1.3024841774243079,4.30406509320417,4.31748811353631,1.000088900581841e-12,0.9738330541944067,2.9529224456222978,0.16204682822098634,0.05524920581159655,0.03660914471741351,0.09327556699474053,0.11491872406135714,0.09743153858345897,-0.06570893622055668,1
sim00778,114,1.0,0.2894736842105263,0.3392069649429406,0.6793664507771424,0.09339858723354785,0.009340581431555394,115.0,0.45917864577589584,0.02809194758379279,-0.21516966670647156,1.1512137723075226,4.736198448394496,4.74493212836325,1.000088900581841e-12,-0.9778968530030395,2.433690730215443,-1.0373273411889399,0.5367179689639526,0.253745410002121,0.13722669937727053,0.0717398686872122,0.24945896614065108,0.17679635320443693,1
sim00779,22,1.0,0.0,0.15865629228667782,0.4836867103473702,0.1878104653032201,0.03749343466812258,23.0,0.566760801586718,-0.037660257381873626,-0.25652010900804045,0.9311625900121357,3.091042453358316,3.1354942159291497,1.000088900581841e-12,-0.2680387747845159,1.4797750043891913,-1.2887443222576618,0.16369630586759365,0.38854989614846425,0.11217181141688723,0.18207086634227598,0.005580830068501705,-0.04237211609192702,0
sim00780,31,1.0,0.16129032258064516,0.33460254494125463,0.47435604185524305,0.1082602651588688,0.02844533453182922,32.0,0.8833319058815854,-0.006787113918109102,0.06716144174665546,0.8672229739078673,3.4339872044851463,3.4657359027997265,1.000088900581841e-12,0.04925935425686619,2.097433172378197,-0.20060043617967524,0.19723413571495085,0.5700584536611832,0.21244850205707277,0.011493631937598215,0.2634510137604257,0.2780617242762078,1
sim00781,94,1.0,0.1702127659574468,0.12400117761029876,0.7237367579400702,0.4312465079268323,0.07201768944725487,95.0,0.5940858528040344,0.09572822393868091,0.05654761505455791,1.2260073336405273,4.543294782270004,4.553876891600541,1.000088900581841e-12,0.5812696303408587,2.753526686921534,-0.5946852888594749,0.05939064842065067,0.1868241023141865,0.12527401629018695,0.0702174787577587,-0.11916255978929402,-0.07366226099229116,1
sim00782,68,1.0,0.6617647058823529,0.4762621510891711,0.20642651373907217,0.009696933529748063,0.0029599574901834793,69.0,0.7934734862609278,0.06277861083578111,-0.5144495534573421,1.2804951864728633,4.219507705176107,4.23410650459726,1.000088900581841e-12,-2.8272839420835294,3.0328729007341604,-2.0379494967463936,0.8146122053114436,0.07336754649110461,0.11200410401344975,1.6144080876554565e-05,0.34565277299693997,0.08499534483758443,0
sim00783,20,1.0,0.2,0.3080227109588695,0.346576216350331,0.1274303104277526,0.044903149899771566,21.0,0.2542837780978445,0.08617751844522846,-0.26669671307426446,1.0186088927330694,2.995732273553991,3.044522437723423,1.000088900581841e-12,-0.39747109894753463,1.9526705890904734,0.6325549160850259,0.06936558862880947,0.18192141483669144,0.3995460158110191,0.3491288226631164,-0.35209281741689935,-0.3715851009892615,0
sim00784,44,1.0,0.36363636363636365,0.4570099838333929,0.28577083457220476,0.07955031145044957,0.045848676252013845,45.0,0.9826417593278036,0.03660570343765638,0.07007211644247908,1.2436237397777392,3.784189633918261,3.8066624897703196,1.000088900581841e-12,1.5398329708979364,3.233146290467567,0.08860133730858034,0.004915817031035866,0.018293267560099143,0.013185902872066745,0.06017063638573394,0.23552679153578782,0.05994166762890902,1
sim00785,55,1.0,0.6181818181818182,0.424439335915754,0.4104182061476276,0.024313964132947494,0.004077939254491818,56.0,0.6241927253186368,0.14398302879894395,-0.6448008643641726,1.4181571056720195,4.007333185232471,4.02535169073515,1.000088900581841e-12,-2.266729500015482,2.2218741183780653,-2.507931089027427,0.8338895102068059,0.15362219813467035,0.01241351058829833,7.478102909684111e-05,0.17019481904472317,0.07653236172537259,0
sim00786,46,1.0,0.08695652173913043,0.18740447892441844,0.7675795276646797,0.5112257336144846,0.08931198887887984,47.0,0.6351712385275193,0.02537906190192831,0.36828362891956784,1.1199901375253978,3.828641396489095,3.8501476017100584,1.000088900581841e-12,0.7912437940379629,2.083965887826551,0.2675786498549618,0.06163084916371917,0.12990557265250322,0.07720049047917159,0.13258688693629814,-0.2080873818920209,-0.0013200325596776463,1
sim00787,66,1.0,0.19696969696969696,0.2495677166279333,0.7466078686058374,0.15353934195698843,0.021819073599987446,67.0,0.2532921313941626,0.03393935616309358,-0.1448173717838871,0.9688449305035602,4.189654742026425,4.204692619390966,1.000088900581841e-12,-0.2085054154129902,2.2384824311012523,-0.31517389811418245,0.14336343899965875,0.318629318046322,0.38746458067163014,0.14658410463612723,-0.16987142725690713,-0.1961008674398644,1
sim00788,68,1.0,0.04411764705882353,0.1845312715941519,0.7801040408612789,0.5095261929962557,0.14824553539233107,69.0,0.32510109126839487,-0.027583000007578212,1.20495935359027,3.4874747583677945,4.219507705176107,4.23410650459726,1.000088900581841e-12,0.8425374407034071,2.9848963665175705,1.4808524428984386,0.06110396936063718,0.07732643034914738,0.10967264877308024,0.12148935558188537,0.11204141839694315,0.06448922324361844,4
sim00789,43,1.0,0.20930232558139536,0.3340534234867425,0.48199527110073315,0.1466489132568351,0.042113579196941614,44.0,0.5177282217208554,0.05202783251575343,0.17415550176749464,1.6403536732393014,3.7612001156935624,3.784189633918261,1.000088900581841e-12,-0.5321615826487069,2.513528965409795,-1.3940298357885987,0.341092718830836,0.4957825918889443,0.14872081398432033,0.01325076114309366,-0.18060800471029123,-0.10637986130962832,0
sim00790,98,1.0,0.17346938775510204,0.30955708415827515,0.39430095760416506,0.09960889049685168,0.007263893767273586,99.0,0.37260273794320486,0.005016930239307774,-0.3836714076145401,0.8483042151118757,4.584967478670572,4.59511985013459,1.000088900581841e-12,-0.8530860365350008,1.9666320718435837,-0.454517556457521,0.24540949125200107,0.2599956779364328,0.11704432992466934,0.2817952093733523,-0.046886871163170786,-0.027599315942740094,1
sim00791,107,1.0,0.4766355140186916,0.4322862204965987,0.2550067459023576,0.02853385387557465,0.003368086120655353,108.0,0.7862887694505534,0.11509691617917182,-0.15386744793641252,1.2444241449513413,4.672828834461906,4.68213122712422,1.000088900581841e-12,-1.773103313308328,2.5360822597118573,-0.29679658725542524,0.4591836542089881,0.10427187312922236,0.21806214844498664,0.21276098662355186,0.03794267968505894,0.10479204929701538,1
sim00792,12,1.0,0.0,0.16791548112561605,0.7012709105138413,0.3811107505669029,0.2054674358536403,13.0,0.6221909264510618,-0.03110536969277054,0.4503059000523241,1.242939718899323,2.4849066497880004,2.5649493574615367,1.000088900581841e-12,0.4832093228384085,1.8671041913528117,0.7403823798579918,0.08299988106410701,0.172143092766278,0.008239126702824505,0.7241884622584012,0.07461577462247439,-0.07330476691976914,1
sim00793,69,1.0,0.2028985507246377,0.25535709379432303,0.6363366906933994,0.1478474181485029,0.017963630859104903,70.0,0.5015644671182802,0.04894625835384323,-0.1443323619244195,1.151599246318859,4.23410650459726,4.248495242049359,1.000088900581841e-12,-0.5252703440772596,2.1262749267703915,-0.7187087739104798,0.13603751167948114,0.3828895466493262,0.43524474525817414,0.040749394271755335,0.2584851316970309,0.1718543858825611,1
sim00794,67,1.0,0.22388059701492538,0.40016588582439894,0.4765312466869196,0.2387899116036279,0.07185800290178843,68.0,0.3711640118620985,-0.03369806055347589,0.0021129151279592746,0.8143097902571225,4.204692619390966,4.219507705176107,1.000088900581841e-12,0.022824895461665863,3.0038004744991795,0.3176612649065279,0.0482477962204852,0.030727082518870387,0.013419483226988252,0.010475719616587038,-0.5253950604673822,-0.027596183344078224,1
sim00795,27,1.0,0.07407407407407407,0.3878352345757905,0.23812186839217597,0.05466022957495816,0.01634903916286886,28.0,0.7753301975344442,-0.0496117500714623,0.13212372390797977,2.0869847578241245,3.295836866004329,3.332204510175204,1.000088900581841e-12,-1.1590291201184562,2.088869613845728,-1.2510697293555557,0.11432317414067543,0.33980990997482574,0.1584667410986465,0.38349008818709446,0.13796551517165917,0.2050599376956554,3
sim00796,27,1.0,0.2222222222222222,0.2879864834446763,0.7434700882957098,0.18136376040563995,0.07227981832343426,28.0,0.6112448411415385,0.10402421700370267,0.03783745558939442,1.611158386363583,3.295836866004329,3.332204510175204,1.000088900581841e-12,-0.2701873152344053,2.375877077613059,-0.7666613450686932,0.11994168190170308,0.41961217305716547,0.2732638502900586,0.1856259884443146,-0.15239980675268364,-0.15077767253555685,0
sim00797,39,1.0,0.28205128205128205,0.3441167861168169,0.45094616279730215,0.07722464528516124,0.0209964270577177,40.0,0.5489538372026979,0.07999849149340625,-0.1620609958544416,1.3152641533190907,3.6635616461296463,3.6888794541139363,1.000088900581841e-12,-1.165110119012022,2.36119528328177,-0.37440863691704146,0.2351087765241535,0.5778271923190877,0.14857672976758907,0.037557952409867944,-0.15067045212570204,-0.251905038885937,1
sim00798,74,1.0,0.47297297297297297,0.38812590115977597,0.36787579083750543,0.053683054759594,0.006554813416293927,75.0,0.24912344523565744,0.06998673582627155,-0.3046315642728905,1.2319277391626486,4.30406509320417,4.31748811353631,1.000088900581841e-12,-1.248337124496975,2.2011673465631483,-0.8043368286193877,0.48198455987616096,0.4821862782734544,0.03310625748589905,0.00272280682129645,-0.10955305979622379,-0.0759321787741166,1
sim00799,31,1.0,0.3870967741935484,0.4546798114852443,0.2802701457184935,0.0221501923356334,0.009067023265101183,32.0,0.2814489583747542,0.023294300026534282,-0.02221734878309822,0.7922728862908021,3.4339872044851463,3.4657359027997265,1.000088900581841e-12,-2.2115863943187475,2.5407850379882473,-0.2842065657306731,0.8169869108228325,0.0709629125109197,0.011654487296403254,0.007040327055663808,0.37038274884070466,-0.09289748214559598,1
sim00800,42,1.0,0.5,0.4572077354668136,0.14477069839438073,0.010807182797065218,0.003105171190612226,43.0,0.9154222933391784,0.10929303035702478,-0.9192197000064013,1.4771538883814461,3.7376696182833684,3.7612001156935624,1.000088900581841e-12,-1.9690899328896045,2.4905274755683653,-1.4152687844331397,0.20300748445977781,0.7022998095600549,0.09308253251371054,0.001610173373925706,0.049099966931699046,0.13818215021179114,0
sim00801,9,1.0,0.0,0.15611388146897695,0.5764534374413459,0.209389806789052,0.09996967101096334,10.0,0.46268250126700994,-0.030079965509918254,-0.024552154583002757,0.8406134524663581,2.1972245773362196,2.302585092994046,1.000088900581841e-12,-0.17167734350431232,1.4578938083279371,-0.7610791469293909,0.23143047212180223,0.03151145062173819,0.4998434339458143,0.2356596432175345,0.0786498888603372,-0.02566150766541461,1
sim00802,99,1.0,0.37373737373737376,0.3259079474192979,0.39080699370593674,0.07907454529936161,0.012937787511114686,100.0,0.30244036206720165,0.0855110548272975,-0.5525954026385552,1.257031545995857,4.59511985013459,4.605170185988092,1.000088900581841e-12,-0.9813258223761523,2.784881123889897,-0.30894801509627,0.17444157822897027,0.23906232842794706,0.5219162087950197,0.06401184573319983,0.09889273915585228,0.12667276468014457,0
sim00803,40,1.0,0.65,0.4878196994516751,0.09724162618632397,0.0029551947805238404,0.0008242608730685132,41.0,0.09742235838848295,0.005705115667002719,-0.14177686528692507,2.1889936067976348,3.6888794541139363,3.713572066704308,1.000088900581841e-12,-3.3929906089719326,2.4120466718829556,1.010757376647593,0.5903897468738758,0.0020901909772829113,0.06717161099706175,0.2150363203280933,0.18699004988477347,0.07448303174023016,4
sim00804,101,1.0,0.19801980198019803,0.2946912573328423,0.45317327130483853,0.12526703205677672,0.019344773480625594,102.0,0.5762860665881506,0.04289011575488227,-0.19274897218304157,1.349938267993267,4.61512051684126,4.624972813284271,1.000088900581841e-12,-0.667459728780362,2.7470950795121136,0.02856973106378355,0.1714644206986283,0.20701813537860406,0.16520080688303626,0.4001685003139495,-0.08985037435068349,-0.09893160820877159,1
sim00805,62,1.0,0.22580645161290322,0.2708723576227593,0.8822367968340493,0.13566164774149198,0.028203284241918425,63.0,0.6969905909354859,0.04709929317776051,-0.2957984919894019,1.085339424466896,4.127134385045092,4.143134726391533,1.000088900581841e-12,-0.4426165887991527,2.556408916710032,-0.2346950749512798,0.14614295487365953,0.171309541496831,0.25985936512135394,0.422581208744457,0.049927219053802874,-0.05477667023217663,1
sim00806,26,1.0,0.5769230769230769,0.4071920872317503,0.3695253890465892,0.06725133986055165,0.026832795013745508,27.0,0.2514320851279885,0.19727589150763483,-0.12502544546616995,1.8188590005432432,3.258096538021482,3.295836866004329,1.000088900581841e-12,-1.0291426273434434,2.3392844297673125,-4.203003970323232,0.5526945737014167,0.4444751338501016,0.0028158576061750257,1.4434827436841357e-05,0.43982720051212854,0.37110356535394756,6
sim00807,39,1.0,0.358974358974359,0.37663852965497224,0.45297445064226105,0.06135915984501049,0.028796538973112382,40.0,0.3696362141643443,0.08477450141093229,-0.32817164445317354,1.381727182815056,3.6635616461296463,3.6888794541139363,1.000088900581841e-12,-1.3343166638474966,2.9070723861651966,-1.3472002163457613,0.5821409226108578,0.28342487219044904,0.09597106144048974,0.038463143741905965,-0.18774805110477583,-0.10641167580802882,0
sim00808,67,1.0,0.2537313432835821,0.4089070530076992,0.26882424654312775,0.05077342093634746,0.00664180555004309,68.0,0.7310757534568723,0.052404645793345195,-0.1620676313737795,1.325221573003493,4.204692619390966,4.219507705176107,1.000088900581841e-12,-1.3538185261139157,2.1707034571859536,-0.6128358626740809,0.2121895700222817,0.16842800223909732,0.3556411534072271,0.056380371051847566,-0.139213792196823,-0.08709642543947255,1
sim00809,80,1.0,0.725,0.4566474016365457,0.30011839006684193,0.02027916201699528,0.00501102750833269,81.0,0.6997816099331581,0.08545036778944999,-0.3576034554287303,1.495710994801432,4.382026634673881,4.394449154672439,1.000088900581841e-12,-2.337929341027266,2.984073759272188,-2.819364624579589,0.9425788528102697,0.0491466621497307,0.00826334805487921,1.0782096587363488e-05,0.1432700950669237,-0.09103305938789961,0
sim00810,103,1.0,0.3592233009708738,0.43622782326993564,0.20412431939541462,0.04450726147917681,0.004961552885693322,104.0,0.08746625323627877,-0.016367848219619455,0.3045574028457813,2.094803381131168,4.634728988229636,4.6443908991413725,1.000088900581841e-12,-0.5840704750395238,2.44079540447968,0.15084015854899063,0.2885420865980753,0.0774593342610843,0.22546968118540797,0.022709764432309678,0.18014483084904304,0.22928133488792196,3
sim00811,97,1.0,0.4948453608247423,0.35348896967252974,0.5155246001121303,0.05543988843979722,0.008082506404779873,98.0,0.580871347795236,0.06427223036604539,-0.5985532694610098,1.3683308743214335,4.574710978503383,4.584967478670572,1.000088900581841e-12,-1.479652596987393,2.649113657309743,-1.0193395481188343,0.4887681119712241,0.3998434086980792,0.11101534511080202,0.0003721774968170922,0.2809199212737197,0.31885714926536374,0
sim00812,118,1.0,0.1864406779661017,0.2660452706969327,0.6011024452440716,0.19282547483792878,0.028385623462122908,119.0,0.4126396268589173,-0.016893528385207572,0.26970121683418863,1.6025480700941734,4.770684624465665,4.77912349311153,1.000088900581841e-12,-0.22867240955531262,2.8547819204129845,0.6054960987389121,0.15051889894604897,0.21560999435513584,0.15200705207700657,0.01934104836833869,0.2721326115727427,0.1700942813979207,3
sim00813,82,1.0,0.975609756097561,0.4970710367083478,0.032498332551047844,0.0002253070460089708,7.70135379679846e-05,83.0,0.03259833255104785,0.10655268541708884,-2.214692824942044,2.211885161359051,4.406719247264253,4.418840607796598,1.000088900581841e-12,-4.941410797097903,3.3332359996207743,-19.177622636517643,0.9998305413165471,0.00016945424506528372,0.0,0.0,0.18570214347276234,0.4837680315525983,2
sim00814,78,1.0,0.038461538461538464,0.24275582479111243,0.8932167599450392,0.2562993082851104,0.039000105634919985,79.0,0.4306188758029985,-0.048411110406755144,0.002943888186271247,1.3216608707880753,4.356708826689592,4.3694478524670215,1.000088900581841e-12,0.04432776952508171,2.473927246606762,0.6553476226347263,0.07564598514766317,0.14142664412277184,0.05246673738281821,0.34516549036613436,0.13089157280509947,0.11531695365876683,1
sim00815,114,1.0,0.2982456140350877,0.41193564017002443,0.3035319580201568,0.08337519734635271,0.012943451697692466,115.0,0.186278554182438,0.03334076906922593,0.2014613557701863,1.628211899401077,4.736198448394496,4.74493212836325,1.000088900581841e-12,-0.5977551096441199,2.8734375757450685,0.38581710731390684,0.11386366154053094,0.12249830972513134,0.05917710457629439,0.1075165923539027,0.09501416465995766,0.06069768254932556,3
sim00816,25,1.0,0.08,0.22062941312567982,0.6238669892931035,0.1896871699253091,0.04392906656071925,26.0,0.42677261802179617,-0.022864106923415815,0.05688409797143975,0.578082368484305,3.2188758248682006,3.258096538021482,1.000088900581841e-12,-0.25440230595530344,1.7560757930327473,-0.09201832073053985,0.30850751112693947,0.19678873872209646,0.4118829925877691,0.07713207294449949,-0.3954337588363495,-0.3710742200566688,0
sim00817,25,1.0,0.28,0.28516582990767925,0.5997097628215825,0.12954622806695795,0.03994415818255339,26.0,0.4001902371784175,0.17188918769771733,-0.15909191844809134,1.3828125622215497,3.2188758248682006,3.258096538021482,1.000088900581841e-12,-0.6167595000574632,2.0423204670689694,-0.6373217865566617,0.5730053412209472,0.18262637208950053,0.12007530838247461,0.12191880430921961,-0.3128482463114763,-0.27529140383418593,0
sim00818,107,1.0,0.06542056074766354,0.15622080369706556,0.7750122158750308,0.5283281410120606,0.1086115101792978,108.0,0.37423045986509706,-0.012763200577254018,0.013960266065472274,1.0566751405761092,4.672828834461906,4.68213122712422,1.000088900581841e-12,0.8136188817818563,3.0908886532126796,0.011971666565106405,0.050967417912567835,0.09132867618561241,0.10086210319464785,0.1525860672095648,0.14169468431282703,0.08760094086134101,1
sim00819,59,1.0,0.0847457627118644,0.17027260432518992,0.5918604161560315,0.6281486689086063,0.25837067256529256,60.0,0.2723342154323877,0.02095571920754376,0.23397480878378418,0.9328395226105844,4.07753744390572,4.0943445622221,1.000088900581841e-12,1.153660250480741,3.1891558406365283,-0.3691304663003169,0.0594381137246561,0.06819332187396722,0.10202896643321471,0.07748784435611016,-0.09880923707397153,0.06792863321524646,1
sim00820,90,1.0,0.07777777777777778,0.12448293031466794,0.791462143660747,0.3746252317472388,0.03895521097766423,91.0,0.4525277216435231,-2.3934859093337974e-05,0.029326604197007833,1.2699961928879133,4.499809670330265,4.51085950651685,1.000088900581841e-12,0.4135205713946885,2.236296075568818,-0.0697504154142216,0.09815694886856524,0.11960159652047517,0.18614968202547869,0.14753080958562792,-0.0002980080575305355,-0.04909101138823013,1
sim00821,33,1.0,0.06060606060606061,0.2011276264909875,0.5544643158462181,0.24980257953264895,0.05369739942970617,34.0,0.09870070194858288,0.007594999485544456,-0.12131266573461635,1.3278496215594084,3.4965075614664802,3.5263605246161616,1.000088900581841e-12,1.0324967579054096,1.9592012099130738,-1.149000574882106,0.027435840388312406,0.16925776840508402,0.2963768661080506,0.09186710151937635,0.028604954966048684,-0.13363300183356008,0
sim00822,77,1.0,0.07792207792207792,0.2635603867468919,0.608435135534618,0.31101105246446437,0.04019232135686664,78.0,0.7088598741895817,-0.005821601010850736,-0.3280147684104513,0.7271175802026388,4.343805421853684,4.356708826689592,1.000088900581841e-12,0.41012117739412096,2.297652937969109,-0.28823468725821455,0.032032870329935736,0.10856775832921722,0.04937001802702157,0.06972515356322963,-0.19311042661722472,-0.0524970727409948,1
sim00823,110,1.0,0.32727272727272727,0.35402626168041895,0.7797350094668656,0.08235704790860418,0.009773827820635978,111.0,0.7798350094668656,0.07603073999978541,-0.18909050443641318,1.427754060526696,4.700480365792417,4.709530201312334,1.000088900581841e-12,-0.734640276474336,2.5691245094271222,-0.48038204129748524,0.3890019472294198,0.33662586307002973,0.1478160948466509,0.12047594827959789,-0.06083883868026948,-0.0540153158680227,1
sim00824,90,1.0,0.06666666666666667,0.24649703492024022,0.6545998461435398,0.4340655114569943,0.1691183017691968,91.0,0.6090428275618248,-0.02153637127112735,0.0278413902782816,0.9148675678972463,4.499809670330265,4.51085950651685,1.000088900581841e-12,0.6004641395258767,3.557212679860996,-0.29678324182331184,0.06980137996837393,0.11629408913307383,0.051040263951212646,0.13172114599595747,-0.21109906941544918,-0.1837708927876774,1
sim00825,56,1.0,0.48214285714285715,0.41597421883756525,0.3689594894573578,0.038594276848522596,0.006692332667475784,57.0,0.3690594894573578,0.13125858092851866,-0.16669492341048414,1.5349373679927758,4.02535169073515,4.04305126783455,1.000088900581841e-12,-1.7973101528135624,2.273210185236351,-1.9213032737840683,0.6768447650174921,0.26823074928042817,0.051656584298343286,0.0032598540127692934,0.14325127478035934,-0.006495037535131541,0
sim00826,44,1.0,0.4090909090909091,0.37300365453430434,0.2849116762456969,0.07749907602673158,0.029933971112230943,45.0,0.8102777631319864,0.21635413012174054,-0.34417255930450696,1.5022871505269324,3.784189633918261,3.8066624897703196,1.000088900581841e-12,-0.6849169045942816,2.8329176123891573,-0.40120250575423966,0.11943788090732055,0.27917488496795856,0.5468065219248243,0.054231067030050394,-0.05534000334471623,-0.06252383528821763,0
sim00827,41,1.0,0.14634146341463414,0.24176248833977407,0.50530967982118,0.18301941541170166,0.03314299068271951,42.0,0.6175989731906827,0.07853562250666742,0.020843347339873364,1.1998812922053654,3.713572066704308,3.7376696182833684,1.000088900581841e-12,-0.25496168113077483,2.004811075973685,-0.28425715570110544,0.2144121646163317,0.14197347259790755,0.48544886014428124,0.11291522018764205,-0.2340587452545014,-0.20834944546055761,1
sim00828,115,1.0,0.5652173913043478,0.3884294532763414,0.7011617621078341,0.06953519644425503,0.005563929293016174,116.0,0.2987382378921659,0.020577308981201154,-0.2589776777806933,1.346670380668042,4.74493212836325,4.7535901911063645,1.000088900581841e-12,-1.1028606341222982,2.219403644888664,-2.5718451435619025,0.6911557228892246,0.2980169054473819,0.010799334955780797,2.8036693231415123e-05,0.10682849779865573,-0.06455334450615204,0
sim00829,36,1.0,0.027777777777777776,0.28972935045592063,0.5124973087224255,0.33128927354343946,0.09964181587317744,37.0,0.2111319202341262,-0.04629272246575728,0.08038945756900467,1.2521263206830164,3.58351893845611,3.6109179126442243,1.000088900581841e-12,0.6876649508178329,2.382108921011666,0.20427082837440155,0.013806820567455868,0.06616274833633451,0.06424118161707636,0.36837918101867534,0.26596942083454256,0.27687986402060344,1
sim00830,47,1.0,0.14893617021276595,0.30355202319803176,0.4778067138707027,0.09439355559725772,0.014910150544182826,48.0,0.6188517313068728,0.0054362690132844105,-0.09759819693227165,0.9939830867674493,3.8501476017100584,3.871201010907891,1.000088900581841e-12,-0.915826087869999,2.004717023021944,0.06512950788574019,0.3636190461352363,0.371628319099731,0.15012992415439247,0.10899990446401352,-0.27095301187632237,-0.31886241717911135,0
sim00831,49,1.0,0.22448979591836735,0.28521075236938337,0.6815593653059047,0.09024781419351252,0.011235856505972782,50.0,0.32984328466493057,0.03954907244139569,-0.5082704735941556,0.924242213740586,3.8918202981106265,3.912023005428146,1.000088900581841e-12,-0.8958145787805597,1.8083710584425583,-0.6648704238359566,0.29134968326811206,0.40523599887024647,0.26164296864102266,0.041510847730306645,-0.011308675160629814,-0.07047220051501982,1
sim00832,95,1.0,0.6,0.4494265598530488,0.2502657138753155,0.014296922119617878,0.002211654827147205,96.0,0.7496342861246845,0.07906718024338602,-0.5906857291223562,1.3208516539122994,4.553876891600541,4.564348191467836,1.000088900581841e-12,-2.5747086167825253,2.687573633589297,-0.44139082206052016,0.7429303232697184,0.22664653953450167,0.012119050391501572,0.018254396903307237,-0.09197922659412762,-0.08225072858758564,0
sim00833,62,1.0,0.16129032258064516,0.3183062842967529,0.4439157014143274,0.26178234991925253,0.03216490259882895,63.0,0.3214766696521079,0.056192513620159916,0.26282697067130917,0.8922647359337265,4.127134385045092,4.143134726391533,1.000088900581841e-12,0.18242487426518048,2.030496828506723,0.33617324087954176,0.17301633832622906,0.020407376127324815,0.07291567602493532,0.4955882628143129,-0.011234427789309925,-0.13494016675998566,0
sim00834,114,1.0,0.2543859649122807,0.3829375710266321,0.3037696349134521,0.10023053304625978,0.0117903373989966,115.0,0.9235379625902971,-0.011984530046213158,0.07984402907546667,1.2779278600922295,4.736198448394496,4.74493212836325,1.000088900581841e-12,0.35022186148543877,2.5960059156157707,-0.4434792346456585,0.05550693238571125,0.15458766091058176,0.37033025320452384,0.41412141238810846,-0.00110424183007149,-0.003512166874803642,1
sim00835,82,1.0,0.17073170731707318,0.18276097814969522,0.8004651292130618,0.3027625490872527,0.04987336113979681,83.0,0.725976442131619,0.06738783724475358,0.12429673971960416,1.47822847920522,4.406719247264253,4.418840607796598,1.000088900581841e-12,0.41997246512622616,2.603257430427518,-0.554045602262215,0.11594147073741384,0.16485943967312672,0.23861292919147667,0.36006119541454984,0.08496903692899108,-0.02277313157325237,1
sim00836,20,1.0,0.2,0.22034063257968445,0.7055085489998763,0.16906077279115458,0.0425442635443517,21.0,0.29432709839335797,0.07150199164785656,-0.16159863432494953,0.7854997783065861,2.995732273553991,3.044522437723423,1.000088900581841e-12,-0.20583001482963822,1.6160190499747962,0.5999749847434345,0.21949383724498595,0.0599990753547594,0.4286524076794184,0.2918451763129194,0.05067429786356138,-0.035004154005284685,0
sim00837,73,1.0,0.4246575342465753,0.3880148267509116,0.4813696419873092,0.06573420674473426,0.01330092510223982,74.0,0.39493243242255616,0.08223777091184534,-0.0852205689188598,1.2247104286456079,4.290459441148391,4.30406509320417,1.000088900581841e-12,-1.290680107255143,2.69267358887734,-1.2884952264348057,0.6797974101403795,0.13495811284042017,0.17527754551445807,0.009945224376203356,0.26470257467470526,0.07341871343603296,0
sim00838,102,1.0,0.27450980392156865,0.29908073515821654,0.5312952297024809,0.15168344754992416,0.014547958214076619,103.0,0.7472903086281494,0.08038916396995614,-0.17619093281660156,1.2956936230525902,4.624972813284271,4.634728988229636,1.000088900581841e-12,-0.21914406095646888,2.2806277001729423,-0.2677012788436177,0.06837306004669333,0.1450002586515977,0.3363730159460019,0.43744648591499974,0.06873648383890024,0.06008190309261174,1
sim00839,53,1.0,0.8113207547169812,0.4847611359132386,0.11493047892756336,0.0036927555122082552,0.0017941014888128144,54.0,0.9019479650009854,0.09936367520592657,-1.418795173300912,1.8631466004348005,3.970291913552122,3.9889840465642745,1.000088900581841e-12,-3.175926927173507,3.2484233023898117,-8.382195256032292,0.9964913455286682,0.0033446730368390637,0.00016398116369233337,0.0,0.04460705376465111,0.43671778719122456,5
sim00840,60,1.0,0.26666666666666666,0.2778642710632402,0.7329802342757517,0.13449383820419392,0.014361435424142211,61.0,0.6687200030811199,0.04205844718092022,0.13339346562989432,1.3447576622797057,4.0943445622221,4.110873864173311,1.000088900581841e-12,-0.49905570756575063,1.857372694984277,-0.038585468134018516,0.3405388046754981,0.2595912839483244,0.33437141150986305,0.0653972612173709,0.1101799066857891,0.07090933383123184,1
sim00841,89,1.0,0.19101123595505617,0.20201369375004208,0.6423603564630389,0.2143709212763482,0.031792428555541936,90.0,0.4305158694068107,0.05690597960290074,-0.03725920639748673,1.174565461609652,4.48863636973214,4.499809670330265,1.000088900581841e-12,-0.13425203230717161,2.580156743424546,-0.4484414939598019,0.21353925120871436,0.2631626879516016,0.1400025902429629,0.29078926220321166,-0.13274280591931437,-0.15370077371333588,1
sim00842,102,1.0,0.21568627450980393,0.2816321718887236,0.48202824750337836,0.19380861124832577,0.019266376677385164,103.0,0.6675038832659741,0.02187694346928042,0.009290595374733104,1.363913582257675,4.624972813284271,4.634728988229636,1.000088900581841e-12,-0.13554697777850633,2.3164631162046305,-0.3499923886738072,0.10904705710418383,0.3530951118297663,0.1968365154055937,0.33977791145876723,0.013407357436774367,0.07453939849480172,1
sim00843,112,1.0,0.7767857142857143,0.473725005161839,0.14967812452020635,0.004922027113385251,0.0013091884816867727,113.0,0.1468426631256201,0.10834539470155675,-1.1017408887608167,1.5200463725652582,4.718498871295094,4.727387818712341,1.000088900581841e-12,-3.2368299366462767,3.3941858543668526,-2.474493466348398,0.8098001285416802,0.16292617007664192,0.027273701178509552,0.0,-0.04103874865109933,0.022671953253466284,0
sim00844,69,1.0,0.15942028985507245,0.23576398278238567,0.5410628232781459,0.27634953342092855,0.059104803299238215,70.0,0.4242745032527239,0.005308010525877925,0.23341955773358508,1.4674903237428112,4.23410650459726,4.248495242049359,1.000088900581841e-12,0.12341013086030443,2.6917522096577673,-0.49098404898250536,0.16195592739738726,0.28400211707779066,0.1996134233939899,0.35149267829652325,-0.022449065767395,-0.04706007673883041,3
sim00845,67,1.0,0.14925373134328357,0.3659200410322548,0.39512674965980815,0.08361804762094155,0.008842245136070742,68.0,0.3830251842645706,-0.022217319748895854,0.12032473226991516,1.380812498866824,4.204692619390966,4.219507705176107,1.000088900581841e-12,-1.0389142916517016,1.9579740603498212,0.20522060182857052,0.3857759405500958,0.1679224716939947,0.12345915529865914,0.2911412424495626,-0.008969205400816756,0.032212740890601256,1
sim00846,42,1.0,0.047619047619047616,0.2269826792510071,0.77717794436898,0.1520719294983336,0.034708251351750076,43.0,0.33215209998426826,-0.051070463804073686,-0.2383432037483224,1.0841173903839063,3.7376696182833684,3.7612001156935624,1.000088900581841e-12,-0.37754454123084846,2.2602934385411033,-0.5075646116312483,0.17226896381804682,0.18203713137011943,0.34760560665577284,0.2627667280992178,0.10858535392606096,0.05656740813824593,1
sim00847,117,1.0,0.05982905982905983,0.11463957815100605,0.7021363395920082,0.3564572824700222,0.0431292526351568,118.0,0.3184957167527348,-0.019955326764360553,-0.07744527507711974,1.1035143317788632,4.762173934797756,4.770684624465665,1.000088900581841e-12,0.49605812400504995,2.650161008905864,-0.37128952916410285,0.05258387141665972,0.20247202214543325,0.10194370632391146,0.30996501730074427,0.05481905842134926,0.05107006208931684,1
sim00848,43,1.0,0.023255813953488372,0.3510238920617486,0.3220481898697827,0.10573549479485027,0.011692674605341208,44.0,0.6979250173499,-0.07359271309231616,0.6540280224578023,2.516477769586564,3.7612001156935624,3.784189633918261,1.000088900581841e-12,-0.6900910230246506,1.5592220155268752,0.8756106403641712,0.18852616873224023,0.1801986687888765,0.12787317820802402,0.17795824701816354,-0.05656045819200907,0.021613200170729346,3
sim00849,71,1.0,0.323943661971831,0.402593406187248,0.32701082911588164,0.11930565824285008,0.04015973445879222,72.0,0.23968550569975205,0.04946813797964869,-0.09851654608266358,1.422179420789853,4.2626798770413155,4.276666119016055,1.000088900581841e-12,-0.42361579142854233,3.1738559830805717,-0.52198819077605,0.24599044920374652,0.05387520551946273,0.004707428250514255,0.048667603941191566,-0.06678590041351042,0.013835296090638992,1
sim00850,84,1.0,0.15476190476190477,0.22500918138271897,0.7128219359459809,0.1509382072290883,0.02026234508028536,85.0,0.5659702513063737,0.03218610652517503,-0.13292938155120398,1.1822516052946355,4.430816798843313,4.442651256490317,1.000088900581841e-12,-0.48702878602445815,2.422710510320309,-0.07302058404119924,0.260114493142481,0.11360897502999508,0.3784013199022946,0.22560837706419423,0.20277099225667528,0.149547274273013,1
sim00851,40,1.0,0.1,0.1657584340310688,0.5766070221098338,0.5291058243734886,0.24376257124962714,41.0,0.30387993557809956,0.048151509588428044,-0.053528827606558006,1.2888955303916045,3.6888794541139363,3.713572066704308,1.000088900581841e-12,0.9167889104583152,2.91388567902153,-0.04679447922944186,0.04889266684719654,0.04945916395873256,0.13595212343211008,0.05336170544884262,-0.4846251401612144,-0.09560465239014992,1
sim00852,19,1.0,0.15789473684210525,0.47267502182904597,0.08137935107242456,0.005572628399631163,0.0024244447554568125,20.0,0.9291707367215524,-0.11784501852265562,0.13947826809103483,1.9167887812480022,2.9444389791664403,2.995732273553991,1.000088900581841e-12,-2.4689426390505287,2.112174679851004,1.24307770209615,0.47437795271143696,0.13272610494873707,0.14678541813395743,0.1896423344554709,-0.22462498781381576,-0.16376812636730434,4
sim00853,26,1.0,0.07692307692307693,0.19441175719201292,0.5498792507173276,0.19874442547499768,0.08065713858137556,27.0,0.21116163063771914,0.033247478526091306,-0.6892291274189044,1.0807919194118598,3.258096538021482,3.295836866004329,1.000088900581841e-12,0.17658967718096139,2.3562841464389437,0.44535548080442533,0.07304154444048302,0.014033753656122033,0.22466671199748892,0.0686683490630787,0.07261864601020947,0.0219436258747696,0
sim00854,41,1.0,0.2926829268292683,0.31036383193129513,0.5546341321113524,0.09972466002179746,0.014972333358876903,42.0,0.4645345399601821,0.10590570188717144,-0.21835432791429618,1.2637733634570063,3.713572066704308,3.7376696182833684,1.000088900581841e-12,-0.9140040347284885,1.8173631330131945,-0.7453255646614285,0.35589243243687,0.552235107256753,0.048280872242375,0.04348997662259584,0.043946799656918153,0.058708567227465085,1
sim00855,38,1.0,0.02631578947368421,0.1753672639973241,0.6343450706692135,0.2730419780834733,0.045430303858949916,39.0,0.27379886068661274,-0.024260194730418416,-0.13536112816709236,0.7396376859691898,3.6375861597263857,3.6635616461296463,1.000088900581841e-12,0.3171600486391778,1.8441399786291333,-0.14423668456245228,0.07025773430391104,0.13308908996879784,0.13811525040677208,0.4251278289515435,-0.21797862261255038,-0.18727124668059128,1
sim00856,94,1.0,0.1276595744680851,0.20810475940183779,0.7777688720172111,0.2473142000182611,0.030524445547908192,95.0,0.6935729212824159,0.020291539098905586,0.11111190280778237,1.5596119133872874,4.543294782270004,4.553876891600541,1.000088900581841e-12,0.15157867721741097,2.451163044795573,0.3484393214664511,0.055401871132889,0.16242390020137076,0.2978464620738208,0.1834938996637655,-0.10752063546241936,-0.07986770398699031,3
sim00857,26,1.0,0.038461538461538464,0.12034370898672297,0.46140897645680734,0.44623977433126344,0.11628101660604942,27.0,0.4343247862690335,-0.0014909733194570145,0.17935428691803842,1.3753444150475005,3.258096538021482,3.295836866004329,1.000088900581841e-12,0.596799001296269,1.9132499381988897,-0.3935514810873004,0.04719707854244955,0.04814422025571373,0.3142887021645852,0.1877093832939854,-0.05431064410465808,-0.35197836818946304,3
sim00858,105,1.0,0.13333333333333333,0.20082752267921733,0.614613152380594,0.18618981645251384,0.026940063603625497,106.0,0.5578399508573476,-0.030033315334566962,-0.09351471432665767,1.125081448345045,4.653960350157523,4.663439094112067,1.000088900581841e-12,-0.2812220626019675,2.7208082096464508,-0.01313897236576532,0.15249720935789962,0.16220130720633222,0.3776628340769706,0.26050924466048175,0.08909386736494959,0.039577796068240925,1
sim00859,53,1.0,0.07547169811320754,0.19297062627930792,0.753470282073429,0.2266184639390337,0.026898793597200193,54.0,0.24642971792657098,-0.011283314900414633,-0.05319308966200329,0.9260582817054254,3.970291913552122,3.9889840465642745,1.000088900581841e-12,0.19912398605193327,1.8391055234754121,-0.4879330371875584,0.14326155359383821,0.23167573552811654,0.17759957870790402,0.2434558965047036,0.024705852944175957,-0.003654166523222787,1
sim00860,116,1.0,0.7931034482758621,0.47237919500753206,0.23580846179476522,0.011339477845273198,0.002924258730615225,117.0,0.18880282665682824,0.0513428527831509,-0.9066929304260121,1.6685178237546319,4.7535901911063645,4.762173934797756,1.000088900581841e-12,-2.603168842679056,3.3983409525049466,-3.8269194377120446,0.9431265430483594,0.05586288558503884,0.001010571278414293,0.0,-0.05108671076799797,-0.05261512166515352,5
sim00861,19,1.0,0.10526315789473684,0.3141887401733492,0.5086720432897903,0.08630420401553582,0.016528951438659605,20.0,0.41223937097347313,-0.013706177178594518,0.1686551271164297,1.1832378252975984,2.9444389791664403,2.995732273553991,1.000088900581841e-12,-1.0322903598039024,1.291674144117792,0.2064708144336682,0.3147535146408638,0.33811578771414336,0.3096522168447523,0.03308319234183597,-0.14337646768499399,-0.15008135198460482,1
sim00862,30,1.0,0.0,0.15731457562103895,0.558855128065553,0.38977085575527487,0.14694707269795906,31.0,0.41523897131107634,-0.04388916049611205,-0.0023340332835544153,0.8001653612370621,3.4011973816621555,3.4339872044851463,1.000088900581841e-12,0.47325684129172846,2.425710836760048,0.02701336181776675,0.06986048042867574,0.11136882613883181,0.12229175300185385,0.15707634489256195,-0.10969184423945588,-0.19389062691896133,1
sim00863,64,1.0,0.109375,0.28782424130309425,0.6929939835255169,0.37780578791105635,0.11699377529646891,65.0,0.6503700518501355,0.010168421554675566,-0.2927707251164772,0.9427585336017443,4.1588830833596715,4.174387269895637,1.000088900581841e-12,0.5077187383810476,2.986623538997074,-0.3673302539124386,0.07826572958610897,0.012422968568853025,0.01911194872398283,0.06199277904972777,-0.3011498413145533,0.03557357472821131,1
sim00864,13,1.0,0.07692307692307693,0.1051338539529759,0.3716827447351621,0.16507872192329162,0.07325505974224687,14.0,0.32806310483873985,0.04798002264530267,-0.9862333251408348,0.9866048942721395,2.5649493574615367,2.6390573296152584,1.000088900581841e-12,-0.2891926711113316,1.7524742151987842,1.1738805958902838,0.006454671678359439,0.10452975133004848,0.07997277973840805,0.3652844564487096,-0.4724014189358936,-0.4841038543655597,4
sim00865,20,1.0,0.2,0.31783758769959725,0.6718379962433155,0.14203963238884548,0.06566245413385838,21.0,0.6479371876041522,0.04667187344140102,0.2068987421135379,1.2040085062083319,2.995732273553991,3.044522437723423,1.000088900581841e-12,-0.47374196395512425,2.224153441205139,-0.8096736249612027,0.591761276792221,0.28292958970031246,0.10656199359964859,0.018743898697585894,0.1999518769608233,0.08891982093576441,1
sim00866,9,1.0,0.3333333333333333,0.2603481927216612,0.4627914976389892,0.07680604929149937,0.02450282905694639,10.0,0.4628914976389892,0.2169212811474346,-0.6691330235992861,0.834468925642234,2.1972245773362196,2.302585092994046,1.000088900581841e-12,-1.1746541243242898,1.0547297559882047,0.12490547853151979,0.12036866616323258,0.3267303731428138,0.2719894547016036,0.28091150597933023,-0.013879171109482488,0.03010348311683538,5
sim00867,82,1.0,0.2926829268292683,0.2488460851613643,0.6845397851539773,0.14054454373881128,0.015159551719542568,83.0,0.6428756114994055,0.063019780106641,-0.23093042832266733,1.040064079789683,4.406719247264253,4.418840607796598,1.000088900581841e-12,-0.4907556487551158,2.1798255807577687,-0.2529698831085303,0.20728221974895733,0.22233688274773172,0.4861051977847692,0.08423905891275583,-0.004909207141008004,-0.0616402793159355,1
sim00868,113,1.0,0.22123893805309736,0.20083121275277593,0.7271752859947089,0.18528496628878297,0.01455697379970517,114.0,0.5576648917057532,0.04969765117556076,-0.05714464488037029,1.293228347110902,4.727387818712341,4.736198448394496,1.000088900581841e-12,-0.2861757106127685,2.183562997649361,0.11083242597129311,0.15363225376292175,0.2854491153728104,0.26628070179443897,0.28127442714569095,0.01662489354820377,-0.06940592721307877,1
sim00869,46,1.0,0.06521739130434782,0.2677869676255159,0.42449984924768747,0.30717268079480375,0.13077634294034415,47.0,0.7798778209531154,-0.0010333734218908187,0.041794142431350136,1.345502334804446,3.828641396489095,3.8501476017100584,1.000088900581841e-12,0.5818453274820693,2.9747198870270752,0.31502870871751154,0.05574194166299926,0.03445335398654862,0.11374836810686136,0.24891728744787026,-0.12647332824903854,-0.16517015118644343,1
sim00870,101,1.0,0.7128712871287128,0.4711249790207038,0.18818758510013517,0.008770141449517132,0.002393596712674157,102.0,0.1575518885505739,0.11356194212987457,-0.343199142981445,1.4529704110048922,4.61512051684126,4.624972813284271,1.000088900581841e-12,-2.7169587125331884,3.3165647061110075,-0.8665262476561612,0.753918574533001,0.16944458718475167,0.045237218645787766,0.031210455745863182,0.2082205180082243,0.12181454363214614,0
sim00871,102,1.0,0.1568627450980392,0.3302096320354536,0.38089416303319046,0.1866938328082905,0.0331002589459393,103.0,0.1845724687878239,0.014472350751770623,0.04578701912230605,0.9192088952077052,4.624972813284271,4.634728988229636,1.000088900581841e-12,0.21547057136362882,2.8950439008869537,-0.1833173537454013,0.08028903723355765,0.20261454805547907,0.11330750881724354,0.21033877902574838,0.06571298916624822,-0.04529218270802541,1
sim00872,102,1.0,0.12745098039215685,0.3691192311805491,0.4161232612227752,0.12927639818552475,0.030021818612445336,103.0,0.8426963804121372,-0.06168848709413762,0.3445840194511243,2.1227016194270205,4.624972813284271,4.634728988229636,1.000088900581841e-12,-0.025076535274592183,3.164944483112369,0.31053050788301273,0.03395460901386882,0.056172517958370784,0.1751994381799391,0.4111591156819799,-0.18015447154788589,-0.14618544306573758,3
sim00873,46,1.0,0.32608695652173914,0.42476997539034,0.1927059785795443,0.04186019617023828,0.005484582160707675,47.0,0.15278101337319644,0.08587563509376887,0.029374413724797814,1.0589428163343284,3.828641396489095,3.8501476017100584,1.000088900581841e-12,-1.128874133705319,1.7962469045099432,0.1339207782487975,0.1574479118020233,0.2468872613896074,0.3342994340437278,0.2605577091669079,-0.21106188524844538,-0.14487576396985555,1
sim00874,117,1.0,0.8888888888888888,0.4915915497435429,0.08062113329417375,0.0024341913957177815,0.0003852991197369755,118.0,0.9326427647071701,0.040227664985645756,-1.170591883986258,2.022385562270086,4.762173934797756,4.770684624465665,1.000088900581841e-12,-3.2506626589387797,2.9188239516533887,-9.615818773204387,0.9909500910157054,0.008985910629617446,6.39979438631418e-05,0.0,-0.37535123741643656,-0.2760404105164497,5
sim00875,16,1.0,0.0,0.09058061121844854,0.4135348364415875,0.4374924026447531,0.18528772831324494,17.0,0.6708050377582043,-0.03109089367029716,-0.016006021316946575,0.9092242744109009,2.772588722239781,2.833213344056216,1.000088900581841e-12,0.6836859135940563,1.9134392869950838,0.61480774515528,0.10467852670431754,0.0158858409294965,0.12584979618790995,0.3005843301869038,-0.38847987988873467,-0.2732476159114404,0
sim00876,88,1.0,0.2727272727272727,0.4265297595184357,0.2156663549639295,0.031861660671746714,0.0023228809569884306,89.0,0.2185169224090761,0.0007092713313231898,-0.09769730156446897,1.3189641081111134,4.477336814478207,4.48863636973214,1.000088900581841e-12,-1.6788982493399276,1.8587415920863763,0.09823062828413796,0.1744660051752846,0.08341907507444378,0.05655341747421325,0.3764219634024032,-0.13869174906503906,-0.10660902279410352,1
sim00877,72,1.0,0.4583333333333333,0.37460773249961987,0.3249546550649367,0.08174492110577944,0.02056863818600595,73.0,0.27234655300186805,0.13608118024753155,-0.1451737166483607,1.8061441937314702,4.276666119016055,4.290459441148391,1.000088900581841e-12,-0.8855412880711337,2.8968299350673434,-1.5010386010917893,0.2670867713051843,0.5029365515910809,0.21347523516790354,0.016496674355476897,-0.2471201440881173,-0.21044223412252744,0
sim00878,44,1.0,0.09090909090909091,0.3109104805971347,0.33357377393412146,0.20803226513112733,0.05298946961622845,45.0,0.724046368928162,0.012738577156110552,0.1956974627077812,1.2560289039918953,3.784189633918261,3.8066624897703196,1.000088900581841e-12,0.040360183420116484,2.4165896525566635,0.04238827949200111,0.09371598029310307,0.06461290517103419,0.25604182311905854,0.05969876383968407,-0.27828613748091324,-0.1113298777799953,1
sim00879,44,1.0,0.36363636363636365,0.4115153638746217,0.24089061207076523,0.04458789321823522,0.009448245143297014,45.0,0.8232632509687765,0.1694482893928808,-0.2139939081342519,1.7109989411206528,3.784189633918261,3.8066624897703196,1.000088900581841e-12,-1.1827197002281713,2.23255628850653,-0.6121643282511469,0.09054425940366219,0.26650445813182777,0.5709972262521794,0.04868348200982478,-0.07803639519827936,-0.11842648481663354,0
sim00880,71,1.0,0.4507042253521127,0.36340174404420245,0.47365274470186713,0.03692078743070762,0.009683632122795768,72.0,0.5387547342785032,0.1219066406997551,-0.4362845885874139,1.384773438145401,4.2626798770413155,4.276666119016055,1.000088900581841e-12,-1.9066603437488008,2.9243421879970803,-0.03217407861206861,0.293990686755712,0.5826326327257725,0.02040478418843914,0.09452739583644473,0.05352183326130105,0.09229947426383309,0
sim00881,64,1.0,0.046875,0.17133992227076084,0.5826852689634331,0.23959906966826916,0.0348660996362381,65.0,0.5152589233822774,-0.0207768102211608,0.02835027496675714,2.2845941615388776,4.1588830833596715,4.174387269895637,1.000088900581841e-12,-0.04156216154520373,2.2314310997485913,1.3987994272652817,0.059127037873756956,0.07435430618348927,0.1483948267763669,0.2282101829389815,-0.07093096781438396,-0.11396143705001963,4
sim00882,50,1.0,0.04,0.1829041918867832,0.7685424880741609,0.29406497548855126,0.033504542883302055,51.0,0.3735258510692128,-0.030683028513318552,-0.10201193098646805,0.8766264943418349,3.912023005428146,3.9318256327243257,1.000088900581841e-12,0.2284613009460617,1.7399032953980054,0.3576140899122967,0.08671808825597542,0.08181221567008831,0.1819020071082946,0.48540503095376847,0.10763545957813497,-0.06956012238842707,1
sim00883,88,1.0,0.5568181818181818,0.451233343672604,0.16258535100811472,0.014890784755774107,0.0019008938083238311,89.0,0.1626853510081147,0.11751879898371918,-0.6800711818183388,1.4068679186353812,4.477336814478207,4.48863636973214,1.000088900581841e-12,-2.213520070019237,2.4189184612338153,-1.318895243173245,0.37155307752225913,0.22280152160175518,0.40131836780920815,0.004327032999621825,-0.14854333569338285,-0.057971114590264154,0
sim00884,15,1.0,0.26666666666666666,0.22812460116653632,0.825691444537832,0.36779180956547586,0.14059010040548342,16.0,0.3725838340851337,0.17438947946055047,0.516609108569099,1.2016641258453997,2.70805020110221,2.772588722239781,1.000088900581841e-12,0.4532001897952124,1.7463817251282483,-0.5220737810362807,0.07097867557772848,0.3969012494374623,0.14758704630959651,0.38449744967198074,-0.16714305969929422,-0.07547305034264469,0
sim00885,22,1.0,0.045454545454545456,0.16989265631839734,0.5391592884143688,0.25760047524899066,0.04997686738188266,23.0,0.5950352940757758,0.0036623903120334145,0.08353366840188173,0.7689897960012794,3.091042453358316,3.1354942159291497,1.000088900581841e-12,0.066744479117226,1.4511928601629205,-0.23576843009974877,0.1847340563905332,0.10929342078526776,0.3703803242632063,0.28748934221377015,-0.065479039920589,-0.08128840801011147,1
sim00886,76,1.0,0.8026315789473685,0.4797801111547015,0.16180251888778963,0.005628024493060925,0.002616826909538352,77.0,0.8380974811122104,0.0848121492091627,-1.1954021811658886,1.7904655367514875,4.330733340286331,4.343805421853684,1.000088900581841e-12,-3.1826150680868155,3.5649373164862523,-3.399511653978118,0.9691127768892998,0.029583421541345554,1.0239784259978542e-06,0.0013019994476509364,-0.157153495606253,-0.140866138951155,5
sim00887,20,1.0,0.3,0.3981406364778629,0.27776873117822076,0.024500593461970428,0.009977816002016148,21.0,0.27786873117822075,0.10873920734599044,-1.0222354900110209,0.8689947616315578,2.995732273553991,3.044522437723423,1.000088900581841e-12,-2.1029031280940162,2.0973991615446543,-0.8189084563671887,0.3067439556048835,0.6120823812208677,0.057762715397973736,0.023410947735459885,-0.3489805524448837,-0.2694255522166869,0
sim00888,63,1.0,0.5555555555555556,0.3870571078207865,0.3644451393447137,0.03910165017694706,0.007978072614704677,64.0,0.7515614843827785,0.20256861581185662,-0.7570383094768883,1.5727921409675967,4.143134726391533,4.1588830833596715,1.000088900581841e-12,-1.5634284651344634,2.5536669101009593,-1.2926687235132857,0.4180571162611274,0.4706323809313382,0.10935538407169847,0.0019551187102615285,0.10570403154521306,0.04208159596050683,0
sim00889,20,1.0,0.85,0.4848074421159865,0.08091795300424498,0.002001131477098415,0.0014534648007761765,21.0,0.918982046995755,0.3226935333215078,-1.4524513186318964,1.9049605755264858,2.995732273553991,3.044522437723423,1.000088900581841e-12,-3.6164693203290583,2.6759697289595303,-4.013797671481268,0.9784766810321602,0.020382655274855405,0.00114066319326701,0.0,0.23035042999682126,0.19186119271178095,0
sim00890,114,1.0,0.5263157894736842,0.4406075349752311,0.3319761797260063,0.029044001723220046,0.00472874373717093,115.0,0.32866015801679693,0.03301068444968242,0.10544618927100816,1.474572522289994,4.736198448394496,4.74493212836325,1.000088900581841e-12,-2.0277324823551575,2.9210460363804085,-0.4215726050819726,0.42339219275538664,0.36847934927256104,0.1804304272836251,0.027668875745394807,0.3290175967621819,0.07946911936216787,1
sim00891,41,1.0,0.4146341463414634,0.3531240822753095,0.48036495183582495,0.0767355905502763,0.025221353147954054,42.0,0.271607345909569,0.1254306944825686,-0.39441627353719755,1.7517861150816867,3.713572066704308,3.7376696182833684,1.000088900581841e-12,-0.9470768023648406,2.6008974255044626,-1.4614358356218626,0.7228470922194771,0.15969588380612137,0.11664621038608451,0.0007937791022723676,0.1278144774248852,0.07988427601340886,0
sim00892,20,1.0,0.55,0.4286778250024896,0.2793358277881076,0.047672839214590465,0.019777938206626766,21.0,0.2794358277881076,0.2079803108221321,0.06007513513086454,1.9009946600864716,2.995732273553991,3.044522437723423,1.000088900581841e-12,-1.4406900412443604,2.1159375304584502,-6.828173999822488,0.21387319477487093,0.755310117192436,0.030813987947170766,2.700064545907403e-06,-0.305491882744779,-0.2579003625383323,2
sim00893,70,1.0,0.7142857142857143,0.4801127126825373,0.15714596732651304,0.00678254136613002,0.0015509549677010042,71.0,0.12275611654897778,0.052093960609936055,-0.7558985420131065,1.3753118055285611,4.248495242049359,4.2626798770413155,1.000088900581841e-12,-2.7648774931762725,2.7730142172995325,-3.5109609095956857,0.9213535818811259,0.07479533299381276,0.003679828589763627,0.0001712563878601612,0.024631930088832958,-0.06537932105197108,5
sim00894,36,1.0,0.25,0.36702725349377047,0.3750657439668407,0.057273803738351545,0.016605794999699337,37.0,0.3751657439668407,0.046095756097371696,-0.5980844004440303,1.0443770535268662,3.58351893845611,3.6109179126442243,1.000088900581841e-12,-1.4092557156187044,2.3454273268556274,-0.6403147574054002,0.35404358816030373,0.48558235070315886,0.0438056262143981,0.11635928161420248,0.1578958859348578,0.24173723719815013,0
sim00895,57,1.0,0.17543859649122806,0.19032066369684913,0.8120101633483291,0.20627779695509035,0.0467671492336721,58.0,0.18788983665167092,0.0602966961417153,-0.29641503520668977,1.057087805035193,4.04305126783455,4.060443010546419,1.000088900581841e-12,0.3014872522998098,2.559008495327613,0.07697625905458161,0.11447414394956827,0.17466676181711788,0.15376579557287767,0.5216947197942728,-0.049579043288315125,-0.0045556841182455635,1
sim00896,73,1.0,0.6164383561643836,0.39746985675944635,0.47285374870379016,0.03412213475088955,0.007581288141480503,74.0,0.4446481815203514,0.09565498759495625,-0.7437828357155646,1.4298383188387243,4.290459441148391,4.30406509320417,1.000088900581841e-12,-1.9791836205887459,2.786196277230311,-2.6348855427461464,0.7997241202023434,0.19026012588927516,0.009579528733839132,0.0003989319366530207,0.048277490824526786,-0.035092744154722376,0
sim00897,96,1.0,0.15625,0.31182849304926247,0.9073223685235933,0.2758978548814336,0.07654430928118913,97.0,0.3343893753809385,0.04275282952541478,-0.11741271043930727,1.1860509735409503,4.564348191467836,4.574710978503383,1.000088900581841e-12,0.2147750248207878,3.282187264372997,-0.14825247201527425,0.07929844531219973,0.058155749012627114,0.08715749558139006,0.03824515999732696,0.33576314707892446,-0.007877082591588267,1
sim00898,67,1.0,0.16417910447761194,0.146256799291737,0.8163519753873203,0.25881868389204665,0.037270905144635075,68.0,0.397150965150117,0.09123161861027895,-0.13659714274071766,1.3729063397906172,4.204692619390966,4.219507705176107,1.000088900581841e-12,0.07789975148078399,2.266777864151778,0.6936735686088201,0.11507582612610275,0.06460034483584016,0.2726803034699048,0.3221669723260704,-0.07468135759834124,-0.13666977701836566,3
sim00899,53,1.0,0.09433962264150944,0.14402718719996757,0.5021571120310232,0.46752328640983243,0.11810519053046876,54.0,0.36796694232087607,0.038434011414702665,0.3327650239708514,1.88761178097943,3.970291913552122,3.9889840465642745,1.000088900581841e-12,0.6982696342531755,2.5944184279945293,-0.051633791774515436,0.11379909492646656,0.09020109468975197,0.1405652831829205,0.04582265515980206,-0.3938980775984587,-0.24177778034355962,3
sim00900,17,1.0,0.11764705882352941,0.4059555615764245,0.17622460332280432,0.059620375078903075,0.020129896753122076,18.0,0.8178040890047334,0.01161596696668839,0.3413446210640111,1.112281448968656,2.833213344056216,2.8903717578961645,1.000088900581841e-12,-0.9159526917194601,1.7474220750647467,0.274679074424261,0.23207884589114788,0.21438421646314615,0.014502817796664045,0.5049547278007196,-0.18451369944857637,-0.01847878631607298,1
sim00901,104,1.0,0.5096153846153846,0.35769256249460646,0.480305389376085,0.06498037955411134,0.011884394246111851,105.0,0.40881796399126075,0.05421011351277098,-0.41369035351934463,1.4530575122339169,4.6443908991413725,4.653960350157523,1.000088900581841e-12,-1.3135533143734393,2.945531657889733,-1.4574545938337813,0.45419237165152626,0.454803165414208,0.09001906613027139,0.0009853967886049512,-0.04761220949524373,-0.08282363995144101,0
sim00902,16,1.0,0.1875,0.34045971447550816,0.5542780143110086,0.08080709908752734,0.01832268360550188,17.0,0.5543780143110086,0.05042156739002933,-0.2515733166468534,0.6290772407039383,2.772588722239781,2.833213344056216,1.000088900581841e-12,-1.117497716624374,1.288663733969199,-1.370982276571301,0.49791562684606805,0.4612915223803564,0.03486058297202016,0.0058918673758493415,-0.07631605711868185,-0.2293364472996226,3
sim00903,61,1.0,0.11475409836065574,0.18257144024974545,0.7563927496893503,0.2676188103368994,0.04863201598770714,62.0,0.775580389437099,0.04954007006603405,-0.32733035042075354,1.4965774241692709,4.110873864173311,4.127134385045092,1.000088900581841e-12,0.43018969790042344,2.4055923246385706,-0.4513267340922739,0.02209440912923103,0.05081831667744675,0.32075737935546794,0.22556187542829179,-0.0751816855747951,-0.10624248823863602,1
sim00904,88,1.0,0.36363636363636365,0.27662502983363013,0.5757602083937114,0.1048586780824055,0.010616002450969884,89.0,0.5545837825898949,0.09651787739202028,-0.44861049627792177,1.0658718072554592,4.477336814478207,4.48863636973214,1.000088900581841e-12,-0.8568582566175581,2.187085821073261,-1.0066434717517148,0.3850090982222337,0.2570911791639127,0.2942890206470691,0.06360938653059629,-0.3588433127807857,-0.29792866065460427,0
sim00905,33,1.0,0.36363636363636365,0.39294052647866773,0.321598396511944,0.01957927329774905,0.0034900926713301588,34.0,0.678301603488056,0.09065714188006226,-1.1729733023827154,0.9306557931855078,3.4965075614664802,3.5263605246161616,1.000088900581841e-12,-2.4109796808171597,1.7719643274228905,-0.3759998166844647,0.44448202999255465,0.27568072645476294,0.27692715967075976,0.0029100838308481675,-0.16620024819699686,0.019994079944349274,0
sim00906,79,1.0,0.3037974683544304,0.3367511161054513,0.5011380995326707,0.05581595567118686,0.008761864787535784,80.0,0.43992388985290876,0.05500389629630445,-0.5827796659338474,1.1507735092821862,4.3694478524670215,4.382026634673881,1.000088900581841e-12,-1.4848593683768467,2.5177968363076584,-0.23688728150576932,0.47384411304080415,0.3014885721351263,0.16450854338935597,0.05956658774601052,0.15633983106064842,0.08196029077280714,1
sim00907,97,1.0,0.4329896907216495,0.29243776939104954,0.606238600281281,0.11119338460177937,0.013987824308024909,98.0,0.7502493228912527,0.052247909550168545,-0.29003171874588407,1.7493603640875366,4.574710978503383,4.584967478670572,1.000088900581841e-12,-0.5218425424389427,2.501627347576467,-1.6773072227440906,0.45781383138071613,0.29754236754805363,0.24376467973921495,0.0008791213230218687,0.27517017571582053,0.2775710581710383,0
sim00908,93,1.0,0.34408602150537637,0.3439171622028201,0.4701124583994083,0.06818333380624234,0.007161919303160939,94.0,0.953585582095242,0.06687403310546658,-0.14103690812256492,1.680934931660134,4.532599493153256,4.543294782270004,1.000088900581841e-12,0.43211612319625753,2.2791773334375938,-0.8503720341037028,0.43220911843162735,0.3567933427816061,0.17662957664540682,0.03411650700391986,0.017929173189909116,0.0717569952116285,3
sim00909,33,1.0,0.030303030303030304,0.22162809808111023,0.7106956548078324,0.33308547273939243,0.06949922623831277,34.0,0.32112986191576104,-0.03497985458479803,0.7719830242290027,2.012665481442699,3.4965075614664802,3.5263605246161616,1.000088900581841e-12,0.4238789607391838,1.9294240486907301,0.9951086672737619,0.052595848081832756,0.11972517869709684,0.2564796881212506,0.18039274677386827,-0.1688299085727938,-0.08313993912737301,3
sim00910,76,1.0,0.4473684210526316,0.4569740093333192,0.21027813976663584,0.026398956474164983,0.007037324531250577,77.0,0.2108093740499941,0.03757177197247822,0.13761671576672996,1.4825876435651868,4.330733340286331,4.343805421853684,1.000088900581841e-12,-1.8408824198786464,3.0086369154347494,0.013764011420852595,0.3067510545313671,0.023304606699061377,0.019136785272776617,0.5964266929848657,0.08883092517461529,-0.05797735091092694,1
sim00911,53,1.0,0.24528301886792453,0.22825010883507116,0.5829432461687682,0.13739286329368208,0.01862866602063582,54.0,0.5811452573058246,0.03611463911568255,-0.2862372133864896,0.9162443721310939,3.970291913552122,3.9889840465642745,1.000088900581841e-12,-0.5719252055165079,1.9721490540940156,-0.7195220603047114,0.16179867507100332,0.48977862084589996,0.30145330538519327,0.046822737457389484,-0.17556179049307083,-0.20758793748929785,0
sim00912,65,1.0,0.13846153846153847,0.30986451995675857,0.6047713208610225,0.16847405988217187,0.032170978676335234,66.0,0.6048713208610225,0.01688632846178689,-0.0199795481235841,0.8688823103275582,4.174387269895637,4.189654742026425,1.000088900581841e-12,-0.34969015480013305,2.5186702416930995,-0.27413272691726115,0.238166434455187,0.11406932833734384,0.16244714095865898,0.032888081979228836,-0.026010534930985072,0.08783556439702524,1
sim00913,64,1.0,0.25,0.33302228241111803,0.49409385082594137,0.12326613644037161,0.014614978053432509,65.0,0.5058061491740586,0.03452983644795968,-0.08479634622152639,1.0478314273875426,4.1588830833596715,4.174387269895637,1.000088900581841e-12,-0.7069803344743112,2.026584251005779,-0.3380541580721916,0.3078111544997678,0.10874992834546375,0.2579328067939157,0.32450614307746367,-0.02966130614072715,0.06300875240420675,1
sim00914,77,1.0,0.1038961038961039,0.38723324508395623,0.28712086574939855,0.061327864775084895,0.0043982054367089525,78.0,0.7127791342506015,-0.05863358485571438,-0.020659488059115338,1.208469649528866,4.343805421853684,4.356708826689592,1.000088900581841e-12,-1.2054335069735218,1.708767719570723,0.10220103314046082,0.3023227278365442,0.18359242986915472,0.18408694051546223,0.19356384692218065,-0.16953106089406145,-0.053793043716604066,1
sim00915,78,1.0,0.20512820512820512,0.4034332406374239,0.286132876518576,0.07726653904947206,0.0113480278428724,79.0,0.713767123481424,0.007381464102460479,0.12231533905641244,1.130599166524616,4.356708826689592,4.3694478524670215,1.000088900581841e-12,-0.9723462150261208,2.438491805670669,-0.2745742139879581,0.2511796219666843,0.042302703364610714,0.1796916669719208,0.16023142917981167,0.21072457339141673,0.07548415204032083,1
sim00916,49,1.0,0.12244897959183673,0.31110801614846595,0.4650147453096578,0.1106012978216961,0.019177083641582854,50.0,0.5586371193219932,0.011273065693994128,0.2960265146445176,2.3988073500677625,3.8918202981106265,3.912023005428146,1.000088900581841e-12,-0.8016803953181065,2.139604480166059,0.8146130736279976,0.2439990663607198,0.13165112250003633,0.23916239565104877,0.24071662619199136,-0.31300694137410323,-0.25758317153465055,3
sim00917,69,1.0,0.8115942028985508,0.48226124384812813,0.1357160228989393,0.0057748881263106995,0.0026082859799269366,70.0,0.1358160228989393,0.13629044717301345,-1.155999306450857,1.7789203168145291,4.23410650459726,4.248495242049359,1.000088900581841e-12,-3.0118127164072623,3.4392809018122747,-8.069075838748793,0.8760354780552774,0.12269088863972676,0.0012736331318323256,0.0,-0.1582744297024608,0.008964638609183631,5
sim00918,14,1.0,0.2857142857142857,0.4269466694513394,0.24850086586486053,0.036594981635416156,0.024024792430053316,15.0,0.7513806595712937,0.11776937009855196,-0.32868954387664173,0.9876391100854229,2.6390573296152584,2.70805020110221,1.000088900581841e-12,-1.6301689708234994,2.2182325271253864,-1.2394947843755137,0.7019544287432582,0.11778402065484758,0.0626724607345463,0.11758907001755785,-0.5279930365292239,-0.452427863033179,0
sim00919,31,1.0,0.5483870967741935,0.48500959157512324,0.06785935566619972,0.0031716417426430857,0.0012106398944337286,32.0,0.9320406443338003,0.010847421173584096,0.39017953061245275,1.9194920268785622,3.4339872044851463,3.4657359027997265,1.000088900581841e-12,-2.9942816062251656,2.4708869000222,-2.272014738702108,0.5550747174283759,0.020865900301424052,0.41292941211994727,0.004865675592020609,0.27457766847974957,-0.07577357987426603,0
sim00920,30,1.0,0.6,0.4811717068299807,0.06872695655497496,0.0023504511814289378,0.0008435058523901896,31.0,0.931173043445025,0.14272966458078784,-0.1546971991194827,2.108844265504239,3.4011973816621555,3.4339872044851463,1.000088900581841e-12,-3.3056780257440663,2.3764016294605494,-1.8003421122886047,0.6935820198348286,0.20063709140251004,0.09352055174341042,0.012260336593800726,-0.17905359165799556,-0.3246179446926466,6
sim00921,17,1.0,0.11764705882352941,0.3400455078775573,0.3285257199965351,0.09648819765484641,0.02559017019028808,18.0,0.2868642547604511,0.01819235202463078,-0.1710402174938216,0.8071861179943812,2.833213344056216,2.8903717578961645,1.000088900581841e-12,-0.7515049365060471,1.5060009479544,-0.6031352157837315,0.19688284510079312,0.10734917263672782,0.4980667226104006,0.1976988554935665,-0.02922959845813785,0.14072776145479768,1
sim00922,119,1.0,0.4117647058823529,0.3705737759763223,0.3483402098352323,0.06038469219879686,0.007154319875398057,120.0,0.716913844258567,0.0834745513740975,-0.31460414520669905,1.351047930140122,4.77912349311153,4.787491742782046,1.000088900581841e-12,-1.2122160491197478,2.646104211519551,-0.44214348873913145,0.27594839733411286,0.5413050678998276,0.14351805066928433,0.039215332895456735,-0.2508553174835858,-0.22429747306879408,1
sim00923,66,1.0,0.6212121212121212,0.4456335959276371,0.3818727309574612,0.01925012925724864,0.004087608151260643,67.0,0.6180272690425388,0.1483524077364533,-0.8194187132382256,1.374639316891605,4.189654742026425,4.204692619390966,1.000088900581841e-12,-2.506608747875601,2.6400969583663505,-1.4612740998556482,0.9297678206690675,0.039560611357244806,0.02911570237745234,0.001555865544287666,0.5054727899661051,0.09942140212282066,0
sim00924,71,1.0,0.4788732394366197,0.41911989333862204,0.25190048198306236,0.0348534678212671,0.0076301967444989145,72.0,0.17896706263983397,0.07150590251741137,-0.5485403013291003,1.2156334754986666,4.2626798770413155,4.276666119016055,1.000088900581841e-12,-1.4388570902190332,2.7436408664252867,-1.2151295433231335,0.23120476617551014,0.6121951501481805,0.15606863626207879,0.0004942629151668767,0.11426807478619727,0.19038008472365048,0
sim00925,72,1.0,0.09722222222222222,0.21180834846664298,0.6688502241784271,0.37020325546926475,0.07565232761041685,73.0,0.13043812719426567,0.022529343588762477,0.13030284820375665,1.6471548021603746,4.276666119016055,4.290459441148391,1.000088900581841e-12,1.1829189893476912,2.6887621328311937,-0.36218047630443706,0.04348374455646993,0.12669734339973482,0.08825484319918847,0.2801262901348923,0.07153210728148253,-0.0405112235983955,3
sim00926,39,1.0,0.46153846153846156,0.44224298094847286,0.23139998273425505,0.011072409393729101,0.002023179296108439,40.0,0.2196892050519803,0.13786150599252478,-0.9509697722842096,0.86114487311362,3.6635616461296463,3.6888794541139363,1.000088900581841e-12,-2.7396944857706753,1.9637754524012854,-1.0229780078866915,0.4979206809286004,0.38925366748617823,0.07591874250559721,0.03379693316039838,-0.2726763914166777,-0.27656086011599235,0
sim00927,26,1.0,0.0,0.09337041408888648,0.41895016260211404,0.5289967487800606,0.13457582522665454,27.0,0.5881655772944343,-0.03818960755323048,0.2440908060080974,1.2901538682839129,3.258096538021482,3.295836866004329,1.000088900581841e-12,0.7811076806147984,1.889242048636767,0.3178105134667425,0.1295184655382632,0.024966321360716467,0.12173108059828762,0.2150150993158549,-0.25856111032222207,-0.39439606106609576,3
sim00928,66,1.0,0.22727272727272727,0.35070000861399375,0.4576895216703496,0.06849026205027726,0.00825299693226576,67.0,0.565421030913233,0.06474561900431097,-0.16018036720388815,1.9283568630813877,4.189654742026425,4.204692619390966,1.000088900581841e-12,-1.2775014620105563,2.073539564770481,0.2922273760315207,0.23977292833479394,0.2596833195994422,0.18705182108453125,0.23904134305773475,-0.07518414212314664,-0.0023094846149632428,3
sim00929,34,1.0,0.058823529411764705,0.16718438518636486,0.6154394777935501,0.378470623817006,0.06546706530721945,35.0,0.6628044106892812,0.011623790804295098,0.013553686984985536,0.9784023147508621,3.5263605246161616,3.5553480614894135,1.000088900581841e-12,0.5267506508702746,1.7717692632322426,0.0033856328341803354,0.07089954843736557,0.06995259418267447,0.09873545134218804,0.4106464892578997,0.1539566271229343,-0.12400231845424664,1
sim00930,44,1.0,0.11363636363636363,0.23714048002125684,0.5523997381663038,0.32340289727169447,0.0812801287843414,45.0,0.47640905002800094,0.04345282606420101,0.41734518750300204,1.4226976885578126,3.784189633918261,3.8066624897703196,1.000088900581841e-12,0.25966660122357593,2.4031922961866363,1.3044227639174137,0.078334099217803,0.08806785357844117,0.06683492119292302,0.17170444125827208,-0.39512878744081625,-0.21262761180115883,4
sim00931,69,1.0,0.18840579710144928,0.23078413788111432,0.5204582270129999,0.24180793636480374,0.02914814818624611,70.0,0.43425729436288574,0.04321742116258022,0.21741480710995933,1.2614927898036077,4.23410650459726,4.248495242049359,1.000088900581841e-12,-0.01587755511475129,2.118354128402754,0.1628814452797561,0.15469603968923598,0.2161764710723869,0.24468847763381646,0.37595898809983064,-0.2684261851876449,-0.1653423299540508,1
sim00932,81,1.0,0.037037037037037035,0.13420110484048992,0.9068759849590818,0.4333562001336612,0.11509444068317613,82.0,0.45811773659413785,-0.03837481472625988,0.22754566969437434,1.4866616712615155,4.394449154672439,4.406719247264253,1.000088900581841e-12,0.5571403323771109,3.0686421462415763,1.053499671371216,0.042881848539770645,0.07262643678012419,0.25667630203350683,0.2825653106645085,-0.2233600469243481,-0.2397283975265266,3
sim00933,47,1.0,0.3829787234042553,0.4226737264997327,0.3127794495859796,0.03959219948992093,0.007285812994067069,48.0,0.7812889422682028,-0.006736875735923598,0.04479937708891726,1.0092128709850665,3.8501476017100584,3.871201010907891,1.000088900581841e-12,-1.4623091382234927,2.157444516163665,-0.409037708334768,0.5977890977253449,0.3577639842276941,0.0333772395562904,0.010150704601730556,-0.04376081801607973,-0.2679312144360508,1
sim00934,67,1.0,0.3283582089552239,0.3168232817871146,0.47624872878046876,0.09211174503816592,0.023268742523225146,68.0,0.6872030181012005,0.05238647355837141,-0.33581572764642403,1.5202776201044452,4.204692619390966,4.219507705176107,1.000088900581841e-12,-0.8474263835423571,2.8288010960477967,-0.5594775974163787,0.14264709674212797,0.6196836656245419,0.15405173227982025,0.0836175053426534,-0.10039484156513076,-0.0037544350896797766,3
sim00935,90,1.0,0.4666666666666667,0.4581709168525365,0.22218867397850628,0.016956270833297836,0.0021902078476957274,91.0,0.22230852801550371,0.030009067498938967,0.005764107525766511,1.3455877667537026,4.499809670330265,4.51085950651685,1.000088900581841e-12,-2.3220030577202553,2.4531683863532323,0.2576373796033128,0.44904070860502526,0.11113837753750927,0.11733771259777093,0.0696477329451995,0.1153734766593801,0.07167231015650043,1
sim00936,43,1.0,0.18604651162790697,0.3653318112281216,0.394113286554827,0.11032319649656035,0.03541336447628719,44.0,0.605786713445173,-0.006749218571242833,1.029793282788412,2.409753915457702,3.7612001156935624,3.784189633918261,1.000088900581841e-12,-0.7722505785463851,2.624875183970207,1.7964431651140202,0.20782882381205925,0.05185926960238699,0.06999772103817835,0.6613608859380455,-0.014598551615616781,0.0030907598201625596,4
sim00937,73,1.0,0.2191780821917808,0.26167772477999895,0.4598221303246238,0.12741340519548505,0.00960381590640156,74.0,0.7730780779796825,0.0527177255292298,-0.3045135581607586,1.0200102780257783,4.290459441148391,4.30406509320417,1.000088900581841e-12,-0.31979381448440986,1.7051829915078818,-0.7172975164942514,0.27805331112677706,0.1664026934433644,0.25394879137964366,0.30024686625475727,0.02063559417026095,0.03017383058610494,1
sim00938,60,1.0,0.26666666666666666,0.24609557912607266,0.4974130933887617,0.07407191052489182,0.011494405615936398,61.0,0.6552185206632146,0.05132405948990506,-0.5555293595512952,1.4813159388646648,4.0943445622221,4.110873864173311,1.000088900581841e-12,-1.115087958267822,2.23116862512757,0.16577137160664784,0.1835536565508584,0.367758886493546,0.3182635720345796,0.12923988634096398,0.20281553642519173,0.1130860091072702,1
sim00939,95,1.0,0.09473684210526316,0.28176105305713,0.4805580015790755,0.22405003845757132,0.018495364750085435,96.0,0.7860426659252713,-0.006287295484153152,0.03272508642773353,1.2936277185442604,4.553876891600541,4.564348191467836,1.000088900581841e-12,0.2868369968946767,2.05952762499212,-0.14693700127861242,0.16309067139930575,0.0664025492424558,0.10792257915294763,0.3949496529775231,-0.10504867356123639,-0.06717221940019288,1
sim00940,60,1.0,0.05,0.23926069028400773,0.6047759530263169,0.5070960563457835,0.156898756582896,61.0,0.5710287454345088,-0.031695541020966535,0.07842620953825727,1.4156298775015017,4.0943445622221,4.110873864173311,1.000088900581841e-12,0.7276262632098149,2.921244851021914,0.7214404014813054,0.023984738706678967,0.019169992464064856,0.06316144225535551,0.1327690852882597,0.4778495879313745,0.2347189980319097,1
sim00941,20,1.0,0.1,0.2096452067829587,0.6504591152775248,0.18779008111240783,0.06668535970396575,21.0,0.3443788815178121,0.045639200852601015,-0.1943036055108229,1.3102448237035813,2.995732273553991,3.044522437723423,1.000088900581841e-12,-0.18424548170506475,1.960392958446934,-0.34278100955090224,0.08387813895704661,0.46156020701599204,0.3868599081504259,0.06344623436188734,-0.4815720942564873,-0.5291828704348719,0
sim00942,115,1.0,0.8,0.47731229698645344,0.12204747106023528,0.005120332019751019,0.0013766176122415774,116.0,0.9007313014950076,0.11472514144485493,-0.6665866166853965,2.013644107115283,4.74493212836325,4.7535901911063645,1.000088900581841e-12,-2.8600627267301233,3.431342306989333,-2.291951889063098,0.8064175134155792,0.1170346635800013,0.07526600418743966,0.001281818621679997,0.008127121701869374,-0.08677638457841,0
sim00943,75,1.0,0.4533333333333333,0.44916435511019376,0.20190063127455404,0.022860924048105816,0.002940617244501941,76.0,0.04777867525627965,0.07857500526978956,0.04280096243813542,1.9303325385133814,4.31748811353631,4.330733340286331,1.000088900581841e-12,-0.6881925487488854,2.2666785374183633,-1.0271865907746123,0.17250798621520452,0.06615716638459074,0.3786762373966434,0.3826547156745656,0.23432516108119647,0.04712119608978408,3
sim00944,16,1.0,0.375,0.42374636548515765,0.24153263962703692,0.01763671250688009,0.003307504261438202,17.0,0.19791067189081452,0.13298318473602538,-0.19367193775114588,1.6254276251899105,2.772588722239781,2.833213344056216,1.000088900581841e-12,-2.19729781375475,1.098799959670506,-1.125795713089734,0.44009666464956243,0.36013692943919984,0.19689851686580806,0.002867860400265553,-0.011018298708733344,-0.16894478413124783,0
sim00945,64,1.0,0.71875,0.4681884375517754,0.16550602437215906,0.010658927326346795,0.0030932027951238255,65.0,0.15130426015573906,0.12559061844663413,-0.8514024433793365,1.7363335671803595,4.1588830833596715,4.174387269895637,1.000088900581841e-12,-2.4888404580503143,2.9216923474376624,-5.912415668021542,0.5445372917636596,0.45159320354888294,0.003846470303155431,6.557869797080724e-06,-0.36946031517110434,-0.31806993439015174,5
sim00946,109,1.0,0.05504587155963303,0.12378965443285114,0.8344764966691922,0.45757711295723047,0.08568901609091635,110.0,0.351025078209835,-0.02196133488138279,-0.03205822820362359,0.9692847509454113,4.6913478822291435,4.700480365792417,1.000088900581841e-12,0.6974489589511449,3.016127109001003,0.14817398980084898,0.07076010922399531,0.08655560472228835,0.07140798446555136,0.19954318583310618,0.05501902611144767,0.06560229851896547,1
sim00947,69,1.0,0.15942028985507245,0.22174261557137775,0.8197476357162108,0.40930772146580335,0.04765924352214491,70.0,0.2763665542391263,0.048390206342386735,0.39483170138636964,1.1205511072802248,4.23410650459726,4.248495242049359,1.000088900581841e-12,0.7162094739118502,2.083715855237124,-0.09882695944120257,0.042066752968116246,0.1047978202515386,0.35331558020737025,0.4049794476175774,-0.030135296558947342,-0.058018536047607656,1
sim00948,26,1.0,0.6538461538461539,0.45488405692827916,0.29147268341100974,0.01756065313235495,0.008433750279128521,27.0,0.7083604490032751,0.15730872351604142,-0.5959932093434888,0.9288358633223841,3.258096538021482,3.295836866004329,1.000088900581841e-12,-2.4650556373850203,2.524677300874845,-1.8629691260600674,0.9800323822885975,0.01381373267796434,0.0029431941771031235,0.001827056020579252,0.5569053332773535,0.08509345388670889,5
sim00949,38,1.0,0.13157894736842105,0.37554389868929655,0.3137620199126611,0.08891331004707896,0.02133023185444817,39.0,0.08428925561128192,-0.0027233044974629534,-0.14870817820628177,0.8112587589875901,3.6375861597263857,3.6635616461296463,1.000088900581841e-12,0.14146219334959007,2.210049711017979,-0.09885151906203239,0.15547121337817277,0.2245134455745977,0.11711147504525742,0.4574734820578771,-0.0681227072728691,-0.08439215345913476,1
sim00950,43,1.0,0.4186046511627907,0.40018181451692664,0.49534414307993957,0.04308588847330273,0.008054918716686564,44.0,0.49544414307993956,0.06940783946532954,-0.2314950649651541,1.3114533754903308,3.7612001156935624,3.784189633918261,1.000088900581841e-12,-1.7581823611816085,2.084287510473738,-1.6046458348520476,0.49872049813095587,0.4877353506031716,0.007761176807149836,0.005782974435513265,0.13807246822950783,0.012672926243007861,0
sim00951,38,1.0,0.13157894736842105,0.23998197354668704,0.7935781202961659,0.23359106451157452,0.040955974627904464,39.0,0.7089258781294374,0.03535485977956319,0.12474162288014397,1.340208135776747,3.6375861597263857,3.6635616461296463,1.000088900581841e-12,0.12399835207942649,1.8965118608163025,-0.5375836221600467,0.21575202404085303,0.10918362758967451,0.38408981289599303,0.2889274554502695,0.16298193768937574,0.10179093410204881,1
sim00952,13,1.0,0.07692307692307693,0.2210466592234082,0.5720888431838376,0.3799599124499038,0.26837173378683643,14.0,0.5657216543526761,0.035630252376503885,0.18059090561106894,1.1094183050969568,2.5649493574615367,2.6390573296152584,1.000088900581841e-12,0.43603317416257636,2.217256689620058,0.4851692110672321,0.07277549839835047,0.008283844323312781,0.1447313932494298,0.7727751479630615,0.1779382967947657,0.2955351999153096,1
sim00953,55,1.0,0.32727272727272727,0.4258076067877296,0.2931671738452157,0.07078528560339083,0.03258513535676023,56.0,0.2226672628769924,0.02812583652678957,0.08777409603500819,1.572905215656248,4.007333185232471,4.02535169073515,1.000088900581841e-12,-0.8941406266339617,3.2315382495817193,0.8803330068089212,0.11596065418781677,0.006336667035512933,0.030926940360777862,0.844460972418894,-0.22132931806993827,0.13985979458381517,3
sim00954,49,1.0,0.24489795918367346,0.29162755396557966,0.6426635226611828,0.13497546929796664,0.027314673556072852,50.0,0.3572364773388173,0.05279855548326736,-0.17300186455929503,1.3384380442205286,3.8918202981106265,3.912023005428146,1.000088900581841e-12,-0.5313265166711546,2.2941512954505807,-0.4581147534307017,0.4471430484145315,0.12470328982269702,0.346079572848395,0.08131734630265215,-0.31166542924078844,-0.3124219917195622,0
sim00955,45,1.0,0.6,0.4718632628366364,0.14177021803268808,0.016688561568996847,0.007199453509723814,46.0,0.9506880459082172,0.16294424152755382,0.6757218349884223,2.8124670804793888,3.8066624897703196,3.828641396489095,1.000088900581841e-12,-1.0328736816797808,2.965944060168186,-1.4297724756212002,0.19030731273775686,0.014550918308084165,0.09980105052691239,0.6939004337405074,-0.0008926086638848174,0.007210625882297085,6
sim00956,85,1.0,0.4,0.4428869401408095,0.3857369853537389,0.020808475582837486,0.0033860583758538493,86.0,0.3858369853537389,0.01025936062291764,-0.3047309143702573,0.9897781239112621,4.442651256490317,4.454347296253507,1.000088900581841e-12,-2.4325596889230243,2.6269573929676167,-0.9517222819549452,0.7234211487644874,0.05693383225260725,0.09929074366962226,0.11348816275031907,0.13273013194210853,0.07883083768892536,1
sim00957,69,1.0,0.5797101449275363,0.44067960441177845,0.247301438621373,0.026269672037620415,0.004520474141918431,70.0,0.7759856686293017,0.04377505754572094,-0.8184011371324608,1.4814806581855127,4.23410650459726,4.248495242049359,1.000088900581841e-12,-1.8896736825525173,2.474308269862628,-5.957974031114493,0.8590966415652829,0.12320320406883055,0.017700051023429576,1.0330439030173482e-07,-0.3719546420425181,-0.08717223524495321,5
sim00958,25,1.0,0.24,0.32758443334448495,0.6520169495395075,0.0911475819851133,0.02775706033868123,26.0,0.5280119652068392,0.045233745142725115,0.03447788341856445,1.3399840841777724,3.2188758248682006,3.258096538021482,1.000088900581841e-12,-1.0058373281788482,2.0298860861726804,-0.04008634003012426,0.7812700431347412,0.11933043486447693,0.0759287086787901,0.023465411728791952,0.3982295481461475,0.017091822725218683,1
sim00959,40,1.0,0.075,0.22005222457744633,0.6803593542497525,0.22598875155861461,0.06068701000729939,41.0,0.7709425566181682,-0.009848591830164483,0.3677577285896991,1.7415537292620824,3.6888794541139363,3.713572066704308,1.000088900581841e-12,0.24665382283692214,2.3741238997731924,-0.3931671342860059,0.2513129345629193,0.059571887618437944,0.4839578280368502,0.14338271777057465,0.04271406210005212,0.053376733265253946,3
sim00960,39,1.0,0.05128205128205128,0.1613634271667945,0.4376340622376506,0.33121109137682214,0.054898013423179376,40.0,0.472043556138969,0.0008400818019060156,-0.08691149635677586,0.9734200440605512,3.6635616461296463,3.6888794541139363,1.000088900581841e-12,0.28442614048853465,1.8662828981137847,0.8247348102042813,0.08330049299783411,0.025584213470297032,0.16981512566215706,0.20653780426595195,0.04845009281733133,0.09149331114482208,1
sim00961,35,1.0,0.6857142857142857,0.4674967070943755,0.19451651198381836,0.006353280639110065,0.0029946325955862545,36.0,0.8053834880161816,0.16389069069333867,-0.5634941181032006,1.4222763931918516,3.5553480614894135,3.58351893845611,1.000088900581841e-12,-3.20562296895105,2.8031982921902054,-1.1868308384931225,0.9493564280770899,0.021579642961272003,0.02437350270844734,0.004669435386108553,0.50215882223993,-0.06918354084642538,0
sim00962,74,1.0,0.0945945945945946,0.14851595219616767,0.6630916166670657,0.4890638186259423,0.09189000059977757,75.0,0.723486473367749,0.018883552729397946,0.2357474358893759,0.9955909873743102,4.30406509320417,4.31748811353631,1.000088900581841e-12,0.8939066779066064,2.6321643197067655,-0.6386893244774866,0.06056313727108734,0.14865883096469457,0.18561377379832267,0.1406052804406052,0.22081643423146297,0.05588115277571617,1
sim00963,92,1.0,0.06521739130434782,0.24321210503189394,0.9072827400987231,0.19141623019249424,0.016185280191304413,93.0,0.5480653155588309,-0.03475240758449521,-0.11968722676664487,1.215494249015498,4.5217885770490405,4.532599493153256,1.000088900581841e-12,-0.25772658311234736,2.0514405029797906,-0.41821464900122673,0.16394980518688124,0.1428485480888448,0.13861224074649098,0.2783727976322151,0.09044433097303883,-0.024903671924786982,1
sim00964,54,1.0,0.14814814814814814,0.30912294799158035,0.8851772026508177,0.1855412506330494,0.038000572048951804,55.0,0.7920228000402505,0.026965058199516365,-0.07269579801380387,1.030455921603932,3.9889840465642745,4.007333185232471,1.000088900581841e-12,0.11901387424289146,2.4033080271263403,0.3748183054601164,0.039698577773173975,0.1131488208882247,0.3380417381051758,0.49419836916930776,0.011828675913458977,-0.07340119652708031,1
sim00965,98,1.0,0.3877551020408163,0.3585858254516367,0.3040662188506098,0.059450663245069625,0.006584333750208991,99.0,0.7196864457083407,0.08598887829086603,-0.5590577595452876,1.396759034265488,4.584967478670572,4.59511985013459,1.000088900581841e-12,-1.2218223800402424,2.3845138509394372,-1.0062667759785096,0.2300666198600222,0.3236803538231411,0.380646746589818,0.06538670374694219,-0.08954339757156186,-0.041349473759844886,0
sim00966,94,1.0,0.0851063829787234,0.30335068770708024,0.8034668656886431,0.3053961989176501,0.07115706017924214,95.0,0.14616726400460672,-0.04148032921472115,-0.04496220787402471,1.2345057582617525,4.543294782270004,4.553876891600541,1.000088900581841e-12,0.8948783005005516,3.086574384628722,-0.27539886696395355,0.08320425051746046,0.03879238498862882,0.018174284143101245,0.2193457931344936,0.270174410452264,-0.018311651493825392,1
sim00967,103,1.0,0.27184466019417475,0.3265289782497846,0.3688041647322371,0.11458928114249384,0.012288720707983546,104.0,0.8066384271048332,-0.014660168762391049,-0.19663113385514608,1.2147905313835992,4.634728988229636,4.6443908991413725,1.000088900581841e-12,-0.30832784695073306,2.4020565463452264,-0.6382367722093859,0.22234509612923634,0.4312690256027378,0.2624223445145266,0.08392679619047577,-0.0469006121326549,0.00025129581765628964,1
sim00968,42,1.0,0.30952380952380953,0.43015153866531264,0.19876311093505317,0.021764085671980946,0.004496312099256996,43.0,0.8011368890649468,0.11247648864174155,-0.23833821412491085,2.147504796291124,3.7376696182833684,3.7612001156935624,1.000088900581841e-12,-1.990632089405192,2.1606659788288467,1.406877363841566,0.20781809654124947,0.08278621577185676,0.28896148141027655,0.125015487261163,-0.19250299324403797,-0.05941245178283398,3
sim00969,82,1.0,0.2073170731707317,0.3445983263910053,0.5246467305451485,0.0696702959242548,0.010841277017844724,83.0,0.41912304991428495,-0.00984377205655331,0.07647009423474808,1.4691164387498636,4.406719247264253,4.418840607796598,1.000088900581841e-12,-1.2511741610339562,2.5463059847803144,0.11151784957451198,0.560091501787575,0.2358447171236315,0.13742865586631392,0.03436557918896994,0.16998022464636903,0.1016652563526549,1
sim00970,51,1.0,0.21568627450980393,0.33049150689822165,0.633454311790183,0.11404704774711892,0.033427295964534615,52.0,0.5347391222845632,0.04477994896547692,0.04077389818024027,1.327611572092483,3.9318256327243257,3.9512437185814275,1.000088900581841e-12,-0.7800109399066693,2.7045873801808487,-0.8564198097797731,0.5945569493360282,0.1596608455269214,0.11124205408106132,0.13089997722844096,-0.05109299155202438,-0.053803546826975655,1
sim00971,58,1.0,0.08620689655172414,0.30011368615891904,0.754820136987288,0.30981455692512394,0.08112888445746368,59.0,0.21394700323881038,-0.0009683575592403152,-0.11507500620739754,1.1609513744009277,4.060443010546419,4.07753744390572,1.000088900581841e-12,0.6109766420000384,2.7205081516051317,0.711359394019827,0.025212703077327866,0.011239786356900356,0.13038996252909793,0.21550616186810576,-0.08205631454266558,-0.02809953580146855,1
sim00972,80,1.0,0.1,0.22782850687937656,0.8561128792493952,0.23606612398455065,0.02305550493037038,81.0,0.8563707909398156,-0.004130600568812118,0.29542032157860454,1.347092088283017,4.382026634673881,4.394449154672439,1.000088900581841e-12,0.6519287401548457,2.0558192487633726,0.17360552459554726,0.17301116681452333,0.1611647050535064,0.2493352015124197,0.29568230129393636,-0.016159990905270115,0.02056987633711022,1
sim00973,74,1.0,0.21621621621621623,0.3532158105073288,0.3543922483139643,0.11143100383998035,0.013288498479194359,75.0,0.8261056476022088,0.042351458031745955,0.18093352702886087,1.1984190881922563,4.30406509320417,4.31748811353631,1.000088900581841e-12,-0.25400973398533105,2.177558377984918,0.03245005277774832,0.1734070187109814,0.20182393978261282,0.22016594802528505,0.36902064539663826,-0.302924541694837,-0.24825861174125666,1
sim00974,11,1.0,0.45454545454545453,0.37869469406501144,0.2879700452262203,0.019411194810464587,0.009587378948394091,12.0,0.7118937970597098,0.30858332524161214,-1.1909993254854268,0.8095939187823995,2.3978952727983707,2.4849066497880004,1.000088900581841e-12,-2.3576526804699305,1.69249286124274,-0.5254859323214534,0.5432419551259995,0.0012678750591033512,0.4514265348152906,0.004063567596219065,-0.035075508949836444,0.048573121493718244,5
sim00975,21,1.0,0.8095238095238095,0.4947305611850539,0.023160768560171574,0.0004286301235612234,0.00021748669298149082,22.0,0.9821802177796218,0.2167134724087135,-0.7286728102249042,2.4232992311061174,3.044522437723423,3.091042453358316,1.000088900581841e-12,-3.7094896470968246,2.3660656960972393,-20.55420881376879,0.609797220741271,0.3899450779985379,0.0002576989271772978,0.0,-0.07559615376002668,-0.04072234640497585,2
sim00976,32,1.0,0.1875,0.18568825647244339,0.777357299447817,0.24627342840486796,0.08199959718546274,33.0,0.7194787331860396,0.12541432479692258,-0.4115852116013121,1.0105046423206883,3.4657359027997265,3.4965075614664802,1.000088900581841e-12,0.19902118750820988,2.3660078213047324,0.5642856587087866,0.04849450428299823,0.10533960539609384,0.06233221323539252,0.3726832260212946,-0.1420610518196047,-0.08195334130277308,0
sim00977,14,1.0,0.07142857142857142,0.35360580144879944,0.35378441874083477,0.09318261883775114,0.04120109555455378,15.0,0.141964693972693,-0.06029550688516061,0.17920903607685365,0.7697704703059614,2.6390573296152584,2.70805020110221,1.000088900581841e-12,-0.2679071504219,1.8229609654788184,-0.24601247565699688,0.06576116662168502,0.4321187515426041,0.45548347025460584,0.012566635511687328,0.042413693913987874,0.21091678870411965,1
sim00978,105,1.0,0.37142857142857144,0.32434810905980227,0.44552392362105464,0.09403263826382341,0.009116259819797431,106.0,0.2959173213544968,0.01575631369776796,-0.3715826147227942,1.2066153549339997,4.653960350157523,4.663439094112067,1.000088900581841e-12,-0.7955786695136988,2.320378024064185,-1.0757543543922763,0.22532579980598239,0.435864874706875,0.3275603809158432,0.011248944560664739,-0.18239485751582166,-0.12724625285951416,0
sim00979,52,1.0,0.1346153846153846,0.22640640541834142,0.7519549601658739,0.20719726879336953,0.025523030243587076,53.0,0.5526232632746818,0.025903542160632596,0.2738391118640891,1.2358509076166626,3.9512437185814275,3.970291913552122,1.000088900581841e-12,-0.17665095278950793,1.8571535809504,-0.02149676817685975,0.1674028731251689,0.32596397250767484,0.3091697513592543,0.11306380832304251,0.1829464305856575,0.06857210575997448,1
sim00980,64,1.0,0.40625,0.3493409008857914,0.8781571463487882,0.1284521681163957,0.02671155353835475,65.0,0.1971494117369279,0.15355573575484185,0.028386282097482816,1.3277458087311365,4.1588830833596715,4.174387269895637,1.000088900581841e-12,-0.20881862473221882,2.5884226690201655,-1.2810037298078676,0.15094001349193195,0.6034824937616079,0.2072171645753216,0.03787094793095526,-0.09311181788228719,-0.18337150340595307,0
sim00981,48,1.0,0.3333333333333333,0.35635237297919753,0.37243984610056535,0.04763757533734938,0.010246358150907811,49.0,0.6805663239423416,0.06309951094226343,-0.23498323859993078,1.748400604028799,3.871201010907891,3.8918202981106265,1.000088900581841e-12,-1.518097819812937,2.3345015024267584,0.33384523631659957,0.5854035501402305,0.3194605471730228,0.08099451484466859,0.013910573170787196,-0.03044268246977476,-0.1354083843931701,3
sim00982,63,1.0,0.31746031746031744,0.36212843303610587,0.42626511391054045,0.08729771437242839,0.011024357149672695,64.0,0.24115982300696742,0.061412361644776654,0.019314423741311964,1.7542453173360864,4.143134726391533,4.1588830833596715,1.000088900581841e-12,-0.740171504233138,2.0739175557718847,-0.24974541093399255,0.3110075364985059,0.4936055307942509,0.17922814691509337,0.016114204844296685,0.17486607913235258,0.039128652613556025,3
sim00983,74,1.0,0.33783783783783783,0.24691939581543004,0.6907077669858723,0.16152502075624695,0.015240061646950973,75.0,0.5009616413568556,0.09275756616041071,-0.12845481307135073,1.1687386317038615,4.30406509320417,4.31748811353631,1.000088900581841e-12,-0.43679716089083526,1.943332630191513,-0.7053585328759157,0.19296949834312394,0.2731206718494526,0.4842320646484256,0.049676806788087155,0.03366471192066467,0.041823543381835075,1
sim00984,27,1.0,0.2222222222222222,0.3358576059231656,0.8270284241036552,0.07948055087405524,0.012204793492126834,28.0,0.8140534157696515,0.07759684569977458,-0.4500631799288356,1.0044058544524037,3.295836866004329,3.332204510175204,1.000088900581841e-12,-0.6442178084748569,1.422153300871252,-1.7608824264480463,0.3166493810623728,0.6021603403498667,0.07183118151937921,0.009127024208252649,0.3669364221076574,0.1115918289838595,3
sim00985,108,1.0,0.26851851851851855,0.3194120884270393,0.6383818071216638,0.1802589675321353,0.01961202085750689,109.0,0.44332513659136236,0.02481555509765008,0.3819184780500588,1.5613981101214942,4.68213122712422,4.6913478822291435,1.000088900581841e-12,-0.3141349803693663,2.4638793884193153,-0.47380815946447535,0.4066309426066252,0.22609300996960494,0.2670991962720938,0.09838754881141412,0.0313303520444889,0.02950492677086072,3
sim00986,15,1.0,0.0,0.12526681644845863,0.4447436013713057,0.2902577931883901,0.0758431322593984,16.0,0.44445182870059824,-0.03123349108276181,-0.06045664899087931,0.9055109591102849,2.70805020110221,2.772588722239781,1.000088900581841e-12,0.16172774958127462,1.3659478889118348,-0.07114411270124837,0.007632797239630519,0.2859817837676051,0.12266045487400772,0.370028971451123,0.19316958845420498,0.12753969254825137,1
sim00987,25,1.0,0.08,0.3000266666401153,0.4703138993284589,0.1316542253931321,0.020378469917328952,26.0,0.5288522101415783,0.007973389706318309,0.04057953358061781,1.5550669691626253,3.2188758248682006,3.258096538021482,1.000088900581841e-12,-0.6379465805333367,1.353175790962028,1.0262139735006106,0.20525042556522352,0.08724874976195474,0.2160734831809942,0.3849913922243504,0.29727532401644774,0.36740497776418773,6
sim00988,59,1.0,0.7457627118644068,0.4698646171765786,0.28382218822853833,0.010488568662746415,0.005739478815790686,60.0,0.2839221882285383,0.11300661518085803,-1.124008504569036,1.747152477434421,4.07753744390572,4.0943445622221,1.000088900581841e-12,-2.9644478078370127,3.474619880706656,-5.728552310402753,0.9485634719866819,0.05134326281120866,7.001596557573777e-05,2.3249141191793046e-05,0.43748333292778724,0.26176722116803003,5
sim00989,28,1.0,0.4642857142857143,0.4007241047220157,0.32365014569768524,0.04714244633706929,0.018342843400892886,29.0,0.16939775313151278,0.20085744106404518,-0.6506813008978464,1.1556494701585724,3.332204510175204,3.367295829986474,1.000088900581841e-12,-1.093471484450161,2.3882702113584586,-1.43015395797754,0.19579022924973377,0.7620673946808002,0.03803201717718541,0.004073573183070581,-0.16151361386913413,-0.05803726557538048,0
sim00990,33,1.0,0.18181818181818182,0.24129881204183326,0.8099402987269795,0.11402359331166953,0.020625875479184763,34.0,0.7085798414372281,0.059011007589019636,-0.4546551738559435,0.8203791974550034,3.4965075614664802,3.5263605246161616,1.000088900581841e-12,-0.5938681484369501,1.7866485541652941,-0.4858540585242332,0.2557323692365736,0.2550933367518311,0.3398621583874861,0.14785420586240558,-0.149554537435064,-0.061332121089330144,1
sim00991,23,1.0,0.0,0.2396131186844741,0.6533409235031897,0.19857668172989473,0.049251377382268376,24.0,0.12708298231658044,-0.04770725534079186,-0.0250299912461167,0.9990206947887933,3.1354942159291497,3.1780538303479458,1.000088900581841e-12,0.5822498361801814,1.7412562187389422,0.7935758221141068,0.06544218460503212,0.01939036122893231,0.38427891784269963,0.4706195966227541,0.2943774649918826,0.17891969191223486,1
sim00992,87,1.0,0.16091954022988506,0.32453007064407324,0.5353042839900357,0.08813520780404988,0.01302829926222874,88.0,0.4923294867496219,0.015446601810697862,-0.12246235591155717,0.9955879433004065,4.465908118654584,4.477336814478207,1.000088900581841e-12,-1.0423534554006042,2.5541598879287544,-0.07824812434517547,0.4079414681621343,0.24562162448585312,0.10346134932644965,0.13000933087016225,-0.05299839567825065,-0.05342170502742496,1
sim00993,59,1.0,0.4576271186440678,0.4066050261171164,0.32651805250536153,0.02766959173521747,0.0038055968038804722,60.0,0.30208321952443695,0.13184725259145022,-0.684793047917244,1.193812576281321,4.07753744390572,4.0943445622221,1.000088900581841e-12,-2.0307130928059336,2.093676229416088,-0.7620377531273936,0.4672236294268608,0.2981402381781728,0.22420496252398553,0.010427388098902113,-0.17153880352693673,-0.07681437588140826,0
sim00994,76,1.0,0.21052631578947367,0.30685796148358524,0.729238491744214,0.10780540269976996,0.008545597267183576,77.0,0.27066150825578605,0.012587791194697103,0.016543840886742642,0.9696193406751556,4.330733340286331,4.343805421853684,1.000088900581841e-12,-0.6049238867538462,1.7958217754818027,-0.3078251751462928,0.3922586122726438,0.3722166917660743,0.19914191361741337,0.018773725158446282,0.17089291960262912,0.16660704573347004,1
sim00995,70,1.0,0.6,0.4199357172530436,0.4477977294363652,0.032054915709948895,0.011429080227365678,71.0,0.5521022705636348,0.1063043835612681,-0.63424341748832,1.545566678105602,4.248495242049359,4.2626798770413155,1.000088900581841e-12,-2.043092398822393,3.217205696583991,-2.2855548972508597,0.7423388687877013,0.24237086024007454,0.015038677846585134,0.0002515930944426739,0.02406715589169783,-0.0081966551793228,0
sim00996,10,1.0,0.0,0.15642346860528447,0.3100178561714775,0.11159810955724926,0.037133430733824684,11.0,0.5532249779239891,-0.02869717658197084,-0.2962157403309471,0.9163629709446884,2.302585092994046,2.3978952727983707,1.000088900581841e-12,-0.7951605227328746,1.2021986443939208,-1.0562149835648433,0.16599667689526346,0.5016522751961909,0.06194226689582928,0.25159306466709636,-0.10872228678001841,-0.2214144947008396,0
sim00997,51,1.0,0.4117647058823529,0.465471711306668,0.09593966205812987,0.012164251518037216,0.002607643639174831,52.0,0.9240170744435603,0.025562180262275976,0.22851785449249212,1.8764474208822406,3.9318256327243257,3.9512437185814275,1.000088900581841e-12,-1.7529824757217365,2.39177117537389,0.08403281354389144,0.16657795255618918,0.2801657216460677,0.0461394003152283,0.33348463850820703,0.020555034201660785,0.07593854069261168,3
sim00998,49,1.0,0.2857142857142857,0.43465034642601375,0.18794204635845557,0.03205051366703391,0.008688519579262045,50.0,0.8728815342949431,0.02569557495699709,-0.20175168852552353,1.1993108936908508,3.8918202981106265,3.912023005428146,1.000088900581841e-12,-1.2418508102863495,2.586509652052343,-1.3209073958737338,0.19024684275544934,0.49015826946094565,0.23766351011637535,0.08190667148296454,-0.1303810648072441,-0.10697985927752017,0
sim00999,96,1.0,0.08333333333333333,0.2462259105243553,0.7478413085747174,0.5238104944212033,0.19908319542865724,97.0,0.45666645676289713,-0.021127734719564403,0.07403834510844139,1.4517381781922096,4.564348191467836,4.574710978503383,1.000088900581841e-12,0.7472085840520729,3.596941029087607,0.4223442785581309,0.04903454244065663,0.06315181388439309,0.07257538651335588,0.01427672581479044,-0.29765859519633364,0.01483201178685435,1
sim01000,33,1.0,0.30303030303030304,0.43623202597348,0.18956686036288828,0.03480704435510766,0.010777388437875764,34.0,0.8529548693786553,0.03759334268291401,0.13182758170727504,1.7358498854703128,3.4965075614664802,3.5263605246161616,1.000088900581841e-12,-1.2818711193722288,2.32413804651224,-1.0189397483501323,0.6588930356222913,0.12991328072484662,0.18810203725240945,0.023009793424479032,-0.01508731256607726,0.03527830123538063,3
sim01001,119,1.0,0.7478991596638656,0.4768741627426016,0.17811983759494066,0.006389433912294847,0.0012643185614496157,120.0,0.8327382329929751,0.0071300238390083065,-0.2623540899877967,1.9977616762022197,4.77912349311153,4.787491742782046,1.000088900581841e-12,-3.0818784450332637,3.159011090872675,-0.2940260597208659,0.8424074518716667,0.07085852178416192,0.008862233774785245,0.049657692293542686,0.2543925361809674,0.1613250842156817,3
sim01002,69,1.0,0.17391304347826086,0.2124575570856324,0.6866052463023733,0.15166022965618528,0.015132773924739147,70.0,0.7104610282424437,0.056481959587006275,-0.338243481717036,1.0311359688573543,4.23410650459726,4.248495242049359,1.000088900581841e-12,-0.3048060337452064,1.9293266670239169,0.3173466114030493,0.1123216695074928,0.15887413664468555,0.37324101379497304,0.17784383121523334,0.07007212824357126,-0.028636612268601057,1
sim01003,29,1.0,0.06896551724137931,0.20247500580457944,0.7598993183591133,0.23417508118829594,0.04974384887908153,30.0,0.24000068164088673,-0.025907869164290626,-0.11203295457834177,0.6822743334829476,3.367295829986474,3.4011973816621555,1.000088900581841e-12,0.24986502488291484,1.8181135994273512,0.19392826843244934,0.09767751663578385,0.10107413862212888,0.19861060450772644,0.586144580478495,0.4241271802264068,0.2760988097243482,1
sim01004,80,1.0,0.0625,0.1843603038250187,0.8694703043166242,0.4458511995958316,0.0824318505050581,81.0,0.31444123833469545,-0.017792575976401968,0.11809547365841842,1.5326209055196822,4.382026634673881,4.394449154672439,1.000088900581841e-12,0.7267091087867699,2.694013268833134,-0.030830741056591143,0.08140086647115627,0.11128750387234161,0.08342285690735664,0.11536732488279793,0.21114704333984025,0.09700231088990066,3
sim01005,39,1.0,0.38461538461538464,0.3792820249479246,0.43570062824905414,0.0695918684916847,0.013810669025911696,40.0,0.43580062824905413,0.10466521349941467,-0.3260964861764639,1.0964576120475251,3.6635616461296463,3.6888794541139363,1.000088900581841e-12,-1.262189541662944,2.0463553284238962,-1.3615002280216815,0.3862966484335289,0.12848827033859558,0.48422638495932047,0.000983181338750364,0.08157756845018532,0.018044435617634233,0
sim01006,11,1.0,0.0,0.21886386892306076,0.5578254509489753,0.08221116427912814,0.0495306793630947,12.0,0.45519967876571565,-0.05572937678622363,-0.6747645288711679,1.0514720340692423,2.3978952727983707,2.4849066497880004,1.000088900581841e-12,-1.1041091312740825,1.89119642406444,-0.37880649866604976,0.17174144851210374,0.63105697455217,0.05014694323904512,0.14605126366241988,0.018592594939756908,-0.05754205457219756,0
sim01007,12,1.0,0.0,0.122066491004188,0.4807051607433108,0.2061526447063581,0.06831896327807618,13.0,0.4035603438872433,-0.028479600588037318,-0.2066670598539685,1.1680043179446824,2.4849066497880004,2.5649493574615367,1.000088900581841e-12,-0.15493193373780786,1.3804771364989186,-0.6701385284673251,0.06740227209671329,0.11269043391739153,0.38423650384544056,0.4303371838106991,-0.06881924070753127,-0.14735243533159276,1
sim01008,56,1.0,0.07142857142857142,0.1694418274929911,0.5661766524926655,0.23918045987284925,0.034834563509765853,57.0,0.551232066407477,-0.022588934472039718,0.1223368939172579,1.1494967598220611,4.02535169073515,4.04305126783455,1.000088900581841e-12,-0.03368818785185586,2.098743459467784,0.515012730533674,0.10586409866683046,0.08554715862822479,0.4182640072797001,0.35903906018361026,-0.31824745460417375,-0.24164064918266576,1
sim01009,31,1.0,0.0,0.1915276849187144,0.4877540233785418,0.21005611959024134,0.03348133037887702,32.0,0.4665933943314045,-0.04766174933065872,-0.05272395559325032,1.0025859392814278,3.4339872044851463,3.4657359027997265,1.000088900581841e-12,-0.16961218806925402,1.5976004545645746,-1.0859121294528,0.2647337538929064,0.21778339359735097,0.1480947080466788,0.1674540360894315,0.0665076100190772,-0.06356577320951232,0
sim01010,13,1.0,0.0,0.15995081472790768,0.6651177585300458,0.296987400499397,0.15329391665483227,14.0,0.8394083984126124,-0.03419396757279398,0.41871823344646,1.4810613604909941,2.5649493574615367,2.6390573296152584,1.000088900581841e-12,0.7898831320447994,1.9036167445559153,-0.7651499307241061,0.11688918980708961,0.12748734133619335,0.04349787204444596,0.19596256633506612,-0.10253717890370899,-0.16461591715397797,3
sim01011,15,1.0,0.13333333333333333,0.3097521072758605,0.4851216087108536,0.10184105601598473,0.052967173500344106,16.0,0.4389927407922992,0.04293318563283268,0.3087769608476363,1.3968609307584363,2.70805020110221,2.772588722239781,1.000088900581841e-12,-0.8830481198141217,2.054309231161394,0.529330186265365,0.13987037448700673,0.613019597879471,0.008203231498228996,0.0076028303585693085,-0.06028377574381081,0.10937846873192754,1
sim01012,88,1.0,0.5113636363636364,0.4103741198336412,0.3566336917635424,0.04146277729910872,0.006631961243437933,89.0,0.6702523266492086,0.054441162881331634,-0.34768687550228733,1.1750987730672957,4.477336814478207,4.48863636973214,1.000088900581841e-12,-1.67343061299852,2.6444412942497086,-0.6261190128622116,0.5785299186534146,0.3923454609780438,0.024812300173674442,0.004310277638858338,0.391260032812849,0.12641673964223818,1
sim01013,92,1.0,0.11956521739130435,0.2345332793366203,0.5804682674508657,0.17977688451208199,0.015824533767019998,93.0,0.4408968286183381,0.0036818171575158124,-0.09458378316959097,1.0244335481092814,4.5217885770490405,4.532599493153256,1.000088900581841e-12,-0.3156730891474765,2.091633530848586,0.03570489019426479,0.2744102656749991,0.1327586722712246,0.11853361748147664,0.34533816140200035,-0.07313088183854921,-0.09993476287839297,1
sim01014,39,1.0,0.10256410256410256,0.26662532333154315,0.6212118948136502,0.394011500831546,0.11807241015427397,40.0,0.3428484845311297,0.028263115948326048,0.29712923639943034,1.328951205116584,3.6635616461296463,3.6888794541139363,1.000088900581841e-12,0.5589321552203839,2.45847962887697,-0.1469678281691858,0.15197863920174962,0.020031826137289852,0.08162583450137058,0.1545189265253223,-0.04783326988561178,-0.10063462686837628,1
sim01015,33,1.0,0.09090909090909091,0.27462401808325687,0.8438006562966189,0.23138562200666016,0.06993753686149004,34.0,0.6502466987382357,0.019888225189224958,0.3867469565029742,1.252148647083546,3.4965075614664802,3.5263605246161616,1.000088900581841e-12,0.017261077184635147,2.300024396447021,-0.7409797998708885,0.26555527802149387,0.4075221465311905,0.12170227735938213,0.14996082394675134,-0.025772819150445794,0.010447402437973189,1
sim01016,56,1.0,0.03571428571428571,0.2504504650803564,0.8582507357080787,0.25136147181107077,0.06448649565799942,57.0,0.2187890847506152,-0.04224202672714405,-0.24860397168259332,0.7615093679967747,4.02535169073515,4.04305126783455,1.000088900581841e-12,0.38569395511978366,2.6649154928841683,-0.20652896030159867,0.05172042650417138,0.04985614453257245,0.2912051797241272,0.08439963372292164,0.20628296230464926,0.19592090742662166,1
sim01017,60,1.0,0.7666666666666667,0.4804734273367384,0.11148352447250254,0.003765539810569744,0.002038934171344508,61.0,0.8884164755274975,0.12524975268477168,-1.052294675106336,1.7880189804746762,4.0943445622221,4.110873864173311,1.000088900581841e-12,-3.2705675396972267,3.480880526119253,-8.825261560939525,0.8460247061307745,0.1473426300277038,0.006632663575955574,0.0,-0.19841017878436837,-0.01524630541053298,5
sim01018,56,1.0,0.14285714285714285,0.33812430804553906,0.44808925107981346,0.12081312720974272,0.024560810399524412,57.0,0.8656424366552732,0.018884304666076535,0.1875487516501446,1.6187273454419324,4.02535169073515,4.04305126783455,1.000088900581841e-12,0.038023665625310996,2.432258841218712,0.03126531929993867,0.17149682827345972,0.13011889584455202,0.4436866449244226,0.20592429196767942,-0.16127327024742794,-0.24626781446233265,3
sim01019,50,1.0,0.22,0.24386155235276646,0.5479121613429259,0.1942552090513758,0.0342102426829054,51.0,0.48164851893730276,0.10983451522908527,0.04438148442147845,1.4910896317049311,3.912023005428146,3.9318256327243257,1.000088900581841e-12,-0.2509400971559175,2.175375292969969,-0.4902537494318545,0.25022195586281987,0.1800973382882863,0.46412396853690785,0.06192741114172552,-0.19385510172982778,-0.13693751488203915,0
sim01020,96,1.0,0.23958333333333334,0.32974715798824245,0.45573948079684745,0.10779847868717235,0.008895199866686734,97.0,0.2520931013787343,0.039166639817343384,-0.06755083445172017,1.2383570869786986,4.564348191467836,4.574710978503383,1.000088900581841e-12,-0.5590581473436241,2.069596435098083,-0.8520177857709368,0.3320085834419294,0.10264882551229443,0.23210386468067654,0.2929672263452352,0.0779230283385262,0.13198147864611107,1
sim01021,66,1.0,0.07575757575757576,0.2964562776453041,0.5147136605027176,0.25903222387568564,0.06422781572813155,67.0,0.7076616336983659,-0.03878942176588858,0.33833247484124457,0.9718445519516852,4.189654742026425,4.204692619390966,1.000088900581841e-12,0.22482976840581206,2.7951386549746027,-0.24897711011210866,0.12446126775000511,0.10429670268987745,0.06518363019444914,0.1919619469523599,-0.015609588029712542,-0.10381327566763045,1
sim01022,90,1.0,0.18888888888888888,0.31276280148172164,0.3777385627173937,0.176136508180242,0.013113123502020513,91.0,0.881542792335624,0.030034481427272337,0.2639400553791665,1.4930459189067253,4.499809670330265,4.51085950651685,1.000088900581841e-12,0.5227892638759617,1.9021638836242452,-0.06849360210970401,0.24964542416568503,0.16823369973166397,0.24667324971906904,0.2648145733086581,-0.041678563764641005,-0.05812160667002907,1
sim01023,54,1.0,0.2222222222222222,0.3331641907463904,0.780699898276125,0.1269674639864072,0.03962670929329273,55.0,0.2858912465263959,0.02928547626381646,-0.06635760611283385,1.7128797059123584,3.9889840465642745,4.007333185232471,1.000088900581841e-12,-0.47496060459495526,2.824556549617381,-1.3133402483433596,0.18452230864058028,0.6932961607294116,0.04396692492354424,0.0777993141434602,0.26917190394579915,0.2070203092024668,3
sim01024,12,1.0,0.0,0.22743055347401933,0.36733308952149246,0.19234646633994998,0.0849070251003195,13.0,0.7903697100325745,-0.032905628956500656,-0.1264118173964436,1.26994754818449,2.4849066497880004,2.5649493574615367,1.000088900581841e-12,0.14920725843885713,1.6671652271793538,-1.551790995498269,0.00867992620394335,0.7166722480935086,0.003747869430827105,0.03769943178688127,-0.13910859293527314,-0.08940500784065138,0
sim01025,40,1.0,0.25,0.43263422192025985,0.24056440603609552,0.05917014969690388,0.020281141320255564,41.0,0.8346450682704055,-0.025027356497412057,0.11558881456932076,1.2883892918695594,3.6888794541139363,3.713572066704308,1.000088900581841e-12,-0.8469283659070634,2.6181537221143794,1.412997425312823,0.06323967441581983,0.05873150067784227,0.007014110164679692,0.08758700880438214,0.11086555027816117,0.0557202119846265,6
sim01026,88,1.0,0.22727272727272727,0.21416938252944878,0.5371155778983283,0.19840232712036557,0.02087891595368511,89.0,0.7762270572654604,0.06519668211955484,-0.17652147540983376,1.332445868515757,4.477336814478207,4.48863636973214,1.000088900581841e-12,0.1329752369880843,2.2257797336029466,-0.3011842468409903,0.21923256152400014,0.11459768371923507,0.1465523412967562,0.5171812496116787,0.19032479786806658,0.18159160512655534,1
sim01027,15,1.0,0.0,0.18954294208260444,0.5786483987003421,0.21213413759385424,0.09185755673009226,16.0,0.5335168246801629,-0.03961046770311736,-0.10543081323103855,0.9139108231042453,2.70805020110221,2.772588722239781,1.000088900581841e-12,-0.15973848246663164,1.8710704827442806,-0.06534341344219204,0.21993010698647594,0.1883569810642622,0.045409894041622274,0.5314908851873089,0.3752098565811603,0.450610776548473,6
sim01028,22,1.0,0.09090909090909091,0.2830059738434903,0.5486072225793229,0.1490167197290058,0.04221070233813105,23.0,0.2433557913360933,-0.009040745852992527,0.48889304332132044,1.3146310300225283,3.091042453358316,3.1354942159291497,1.000088900581841e-12,-0.21160388398479515,1.8296577394346951,0.40545998811005196,0.3971140750895827,0.36949690669288937,0.1820757825076865,0.04897443733058705,0.07417298042188003,-0.1620638393385148,1
sim01029,75,1.0,0.10666666666666667,0.20476007857498515,0.823991023845081,0.1747170382102004,0.015860620413151668,76.0,0.617876474502022,0.021521985096652926,-0.19389602261310027,0.8931718550695505,4.31748811353631,4.330733340286331,1.000088900581841e-12,-0.30110945978511566,1.9181597059400026,-0.3490510256404739,0.17525015873474334,0.21642617997664543,0.13921753264299327,0.36267765843893784,-0.004947070852229371,0.008169051155181573,1
sim01030,61,1.0,0.06557377049180328,0.12620133731363187,0.7812812204065669,0.7803593964780379,0.2803521314660418,62.0,0.5015723105208989,0.004838018201876862,1.6660586791266618,3.6961487542602725,4.110873864173311,4.127134385045092,1.000088900581841e-12,1.1383035491050297,3.0871657112350106,2.6790126595489268,0.02459366426019392,0.03621854348661294,0.10408676318731387,0.09782966615242078,0.2117027107927935,0.006637194094634812,4
sim01031,46,1.0,0.41304347826086957,0.4414558880761251,0.17785879350368683,0.01666383190338354,0.004568807049342169,47.0,0.873382014115177,0.07371001828204624,-0.6993584354039698,1.2687765944722373,3.828641396489095,3.8501476017100584,1.000088900581841e-12,-1.8925517205766593,2.5346529087487926,-1.2682169219742183,0.17003948224271284,0.6154685003318083,0.2065687351853287,0.007900345258351326,-0.003658080541636229,-0.05594553745234526,0
sim01032,38,1.0,0.05263157894736842,0.2629476055995063,0.39432645746989825,0.2683625314809252,0.07748524663148143,39.0,0.6669442638683962,-0.013138788016972056,-0.35315200917066303,0.6679670400368118,3.6375861597263857,3.6635616461296463,1.000088900581841e-12,0.1890777430313478,2.3953349159865334,-0.11984228686309917,0.05768052794383247,0.030417060874896765,0.06437923299563975,0.2614297957340593,-0.33778621023269156,-0.05922684107997051,1
sim01033,80,1.0,0.225,0.3027204546522316,0.4259260624856701,0.12063903996116371,0.01413154215294133,81.0,0.29765917018622234,0.0706929499741763,-0.12560483335992031,1.3986587268504076,4.382026634673881,4.394449154672439,1.000088900581841e-12,-0.5498096811723736,2.2376330188117426,0.42860962416461496,0.22260785722916013,0.07423781134658698,0.18257287226804106,0.4749182652329315,0.17939889763884123,0.19249377304665888,1
sim01034,87,1.0,0.1724137931034483,0.2056027753976379,0.7529987099270985,0.1903190397483718,0.018480314089032782,88.0,0.5579277745311364,0.03721938031058329,-0.07691966451978052,1.3414767353660042,4.465908118654584,4.477336814478207,1.000088900581841e-12,-0.2592456929391304,2.1339123599568057,-0.515157769089546,0.24420551310280642,0.21587812470479717,0.2819346767777202,0.21086181010940963,-0.12848268635036691,-0.08328391658459544,1
sim01035,74,1.0,0.5,0.4344781410744625,0.20830323624570807,0.024039759113631248,0.005630911449043693,75.0,0.0975489944458317,0.07887544306730983,-0.7565609909302037,1.5958125721786043,4.30406509320417,4.31748811353631,1.000088900581841e-12,-1.2980047917873843,2.8526273214489613,-1.2735484517133946,0.22458433069593262,0.43069865650259626,0.3445557783803033,0.0001612343795701359,0.015064516784240792,0.15043321185467595,0
sim01036,43,1.0,0.09302325581395349,0.2981805654235718,0.40975606717184027,0.5513393234991202,0.24428285379230344,44.0,0.21737209424052928,0.0089972723824678,0.38820245039170287,1.166689681348379,3.7612001156935624,3.784189633918261,1.000088900581841e-12,1.1758377587209323,2.9471764546424044,0.7584740136561438,0.04110230382819212,0.04522546633713524,0.10658965153633136,0.01117770499465909,-0.01574470157912728,-0.06766303378003884,1
sim01037,69,1.0,0.17391304347826086,0.3319809276310924,0.5170352907957965,0.20520945719832603,0.05706705730131165,70.0,0.779123437022158,0.04074740945337935,-0.12199823070900982,0.9872274356833884,4.23410650459726,4.248495242049359,1.000088900581841e-12,0.17601298295290563,2.95430232458216,0.04197503539356841,0.0695245715722992,0.020326376504702457,0.035586665874609874,0.20815525004685834,0.0825397183058125,0.09294437997461953,1
sim01038,41,1.0,0.12195121951219512,0.26651989874742776,0.4257689735229726,0.19944174990737154,0.08342424066099975,42.0,0.23681960761307386,0.06008441920833289,-0.3643916502414374,1.575135321318106,3.713572066704308,3.7376696182833684,1.000088900581841e-12,0.09848436177365494,2.8419887757698326,0.3323773191448532,0.03800614927194728,0.17111994939060018,0.05389442018529327,0.6841409819976482,-0.3141850907493692,-0.1951698533852844,3
sim01039,77,1.0,0.5454545454545454,0.45620166333222617,0.14010141573599372,0.012515034542513946,0.0017279173826835813,78.0,0.06737449901362955,0.04491745734327099,-0.3746305305286432,1.583689291248927,4.343805421853684,4.356708826689592,1.000088900581841e-12,-1.6135843573664925,2.3637915896027604,-1.2126303676204175,0.487418924916556,0.4491899534194572,0.055181666412895194,0.008209455171187702,-0.05423751863909636,-0.20413784222115586,0
sim01040,114,1.0,0.13157894736842105,0.1287344282198818,0.7265405008872745,0.27525487190802195,0.01981297744174599,115.0,0.485992683360457,0.039518514849359046,-0.16490520960239738,1.0230967444531265,4.736198448394496,4.74493212836325,1.000088900581841e-12,0.09702168533180262,2.1048381219995944,-0.18506483372038046,0.14877707793528355,0.11355621891307634,0.19472414210020925,0.25803013361413385,-0.07048884378865676,-0.09452085341598118,1
sim01041,75,1.0,0.08,0.2084691159646492,0.7888988124687306,0.4904224390781353,0.19241206348087492,76.0,0.21374792052632297,0.0071015010649758195,0.08506797105152426,1.3051504840394457,4.31748811353631,4.330733340286331,1.000088900581841e-12,1.0709475871895706,3.381860209399357,0.3882041486891743,0.07781480897823821,0.024038638366177763,0.09560816476751027,0.2832813469869739,0.1767049672115363,0.13134145678320902,1
sim01042,64,1.0,0.171875,0.27555268885298423,0.48290623082341794,0.14267670443469943,0.013178305941253637,65.0,0.39161224558822977,-0.007874718076815845,-0.08672255892225302,0.8576701415474067,4.1588830833596715,4.174387269895637,1.000088900581841e-12,-0.51274807186525,1.7768738086444507,-0.4043788183445791,0.12538967990326186,0.23001936383078825,0.5245017150630531,0.11396625929543984,-0.05267018996540277,-0.04803550637882229,1
sim01043,103,1.0,0.1262135922330097,0.2718569046211822,0.6570619145054744,0.16814259478327165,0.01661198713934121,104.0,0.7556782369907082,-0.020133915235392316,-0.0012097370124201524,1.1537360719116647,4.634728988229636,4.6443908991413725,1.000088900581841e-12,-0.09353405371428113,2.320041141400267,-0.39574278026682874,0.09661885177615324,0.3442424496076185,0.21389333324096568,0.30151168193266614,0.051301336961344146,0.040941821987905185,1
sim01044,21,1.0,0.0,0.23491071259361554,0.5509759471947837,0.1393475058580058,0.028605797230280738,22.0,0.5498188303041315,-0.07499808266762532,-0.13767143535659443,0.7980266421148638,3.044522437723423,3.091042453358316,1.000088900581841e-12,-0.5745127912293428,1.4611609798839023,-0.6755455772147848,0.025663245420933616,0.6339855275427525,0.3132887296174427,0.020462738105100048,-0.4671566488919078,-0.4805677050639389,0
sim01045,52,1.0,0.09615384615384616,0.08637905082898713,0.6894356638884009,0.2265084712963183,0.03976200241506688,53.0,0.6263482777222827,0.0399932999978659,-0.6311870878135136,1.3552742875668065,3.9512437185814275,3.970291913552122,1.000088900581841e-12,-0.03269308620857399,2.21137311635877,-0.7273830027943113,0.049610857864966024,0.05473515537126902,0.2979541079979135,0.13188184618602522,-0.03585974790988729,-0.321955751129343,0
sim01046,61,1.0,0.16393442622950818,0.24175305960364366,0.500142833340606,0.1787352581682953,0.019821057994603656,62.0,0.2545527408173799,0.048968647671837805,-0.08831626256941001,1.0477588541988119,4.110873864173311,4.127134385045092,1.000088900581841e-12,-0.059831448364109044,1.9117130651238228,-0.1247052754579278,0.11594253129661009,0.21988749473549649,0.18303839912608516,0.4732073878309562,0.25757731376916915,0.20489537200961067,1
sim01047,73,1.0,0.6986301369863014,0.462624454588606,0.32978643793176055,0.014719927883690288,0.004579243359086334,74.0,0.32988643793176053,0.09133859617646417,-0.8080854755279293,1.7492272399724282,4.290459441148391,4.30406509320417,1.000088900581841e-12,-2.709238168273598,3.122791001363105,-5.259593103489329,0.9412150241211171,0.05609591028191534,0.002684910086479644,4.155442552704574e-06,0.33900980411228115,0.13679920417286018,5
sim01048,112,1.0,0.14285714285714285,0.32784703738492443,0.9231521848136403,0.14401911616952165,0.011267787306028289,113.0,0.14377678421623735,-0.009887752108553397,0.049665364118138634,1.1371765797672342,4.718498871295094,4.727387818712341,1.000088900581841e-12,0.15690822536919924,2.170500802570234,-0.042536470927335535,0.0989875708611566,0.24710261593505722,0.16855948161882836,0.15944620435774035,0.013207074634855782,0.10375108141747251,1
sim01049,56,1.0,0.5178571428571429,0.4355589888283338,0.2634240798660441,0.023112995687541205,0.006077118823362502,57.0,0.7371352344463656,0.1117196204437645,-0.4777194452536502,1.4678099556341517,4.02535169073515,4.04305126783455,1.000088900581841e-12,-2.1262607467823136,2.6894873511899187,-0.12236038846416236,0.7258542276411738,0.10640030396771179,0.16694319093782667,0.00022634163543641157,-0.08023359679557178,-0.1582373270976097,3
sim01050,50,1.0,0.16,0.38125525532747295,0.27270193289024813,0.06980862344707704,0.017467430889011294,51.0,0.09066440297312367,-0.0014215021928772353,-0.2463178956479855,1.1967966807378891,3.912023005428146,3.9318256327243257,1.000088900581841e-12,-0.16636620359055176,2.5266035124342405,-0.17859171562995566,0.16375846255544413,0.16700014512173586,0.021286362853118152,0.3143524689179962,0.14039697922751393,0.22224472383307492,1
sim01051,49,1.0,0.08163265306122448,0.26518063072154546,0.9498936381447232,0.41535921908454787,0.15861062179559796,50.0,0.44703794196036734,-0.008337452372905759,0.5943340828051815,1.7914067898057444,3.8918202981106265,3.912023005428146,1.000088900581841e-12,0.5189661525783121,2.9291288432058185,0.6238860448257066,0.12833061813712057,0.11113615279758511,0.06103714584748029,0.09570950751288708,0.30664892652090603,0.004152226507922986,3
sim01052,22,1.0,0.13636363636363635,0.10305450423127736,0.4344828427569496,0.28718300289933396,0.08027749228974942,23.0,0.4184168826117786,0.10079919826027307,-0.6119774484670933,0.8443919912210456,3.091042453358316,3.1354942159291497,1.000088900581841e-12,0.1656427720281026,1.8164120863685984,0.14000603079243923,0.05222488513462031,0.12283974172829827,0.0399741706075766,0.10367264255034057,0.13134934232189063,0.09614329044491894,0
sim01053,53,1.0,0.2830188679245283,0.2817204539358921,0.5486739593230587,0.10789251874406723,0.0348269019251193,54.0,0.5303200033990555,0.0744094115102499,-0.22505443826207086,1.3761323810203314,3.970291913552122,3.9889840465642745,1.000088900581841e-12,-0.8366413951012786,2.8395465102779447,-0.5151317633038391,0.2627202348851548,0.6022447205651188,0.11876826008026459,0.015828153291998402,-0.004084556143981445,-0.05078520747009594,1
sim01054,108,1.0,0.06481481481481481,0.1271632742942823,0.7602779141208732,0.4324077475144704,0.03318874970783537,109.0,0.48687675217319143,-0.011178220613523608,0.15837838652832464,1.0682703749540114,4.68213122712422,4.6913478822291435,1.000088900581841e-12,0.5485972011315626,2.114973178102188,0.0007186199260579007,0.14612172262769327,0.05719030492888319,0.1185888375362411,0.34279058237013016,0.01793802302872802,0.007406889685620727,1
sim01055,75,1.0,0.17333333333333334,0.3539816015278999,0.33289576743030225,0.14217599484459517,0.020956401305272047,76.0,0.7888951746552746,0.03205112410017005,-0.1257166028473423,0.861862675029012,4.31748811353631,4.330733340286331,1.000088900581841e-12,-0.15816729675054708,2.4028665738248134,0.3855156150795941,0.10959407346571723,0.09660968878432,0.0689286729999621,0.18881026088069147,0.030523120720293413,0.14063522295722983,1
sim01056,61,1.0,0.08196721311475409,0.288519223478424,0.8335136193722662,0.44010432647594894,0.12313876397903607,62.0,0.25953704988791554,0.004010587369603458,0.3373729743305958,1.6906495368974195,4.110873864173311,4.127134385045092,1.000088900581841e-12,0.8285920180178149,2.83717394151505,-0.07516304349212877,0.03905304570844328,0.10535787891361703,0.10834167160246358,0.07283950349504961,-0.10117368869380446,-0.17839668455966284,3
sim01057,61,1.0,0.04918032786885246,0.23569536125388582,0.6386413346152898,0.14821326869274276,0.029020128901982366,62.0,0.6596483681711993,-0.03926662421227073,-0.13998688607734477,1.1399750444183965,4.110873864173311,4.127134385045092,1.000088900581841e-12,-0.41527869181202437,2.4802113118810882,0.4061444351978324,0.18859575164153056,0.2282284715090825,0.1417740834094148,0.08332003028872702,-0.04752138742054608,0.1212699016160571,1
sim01058,34,1.0,0.058823529411764705,0.14741309195587582,0.6230850017938903,0.1503312353259069,0.017587663793771906,35.0,0.6924956457190121,-0.003561304109420819,-0.46430457475572123,0.6317151995407002,3.5263605246161616,3.5553480614894135,1.000088900581841e-12,-0.34819482366326,1.380717164889023,-0.3207239024753006,0.17490541511206328,0.10098536851111026,0.3956423285032456,0.23456283472745876,0.15199934278989685,0.1930344429520996,1
sim01059,41,1.0,0.04878048780487805,0.17471711024645767,0.6964605352605551,0.2489270537906117,0.05087757125288698,42.0,0.365749292660018,-0.008282237215897362,0.009009430320373973,1.3059795073281988,3.713572066704308,3.7376696182833684,1.000088900581841e-12,0.07052275619048111,2.1258343527618577,0.5760738383313955,0.06857959904875391,0.1515641049425751,0.6278760393346428,0.11382181971151616,0.03098784208901558,-0.03276838225122418,1
sim01060,113,1.0,0.09734513274336283,0.21957785736885313,0.5724143264901523,0.5331803841007465,0.11753037232302471,114.0,0.4082037541118873,0.004124745286318065,-0.07734366492943462,0.9901515687662054,4.727387818712341,4.736198448394496,1.000088900581841e-12,0.7916862341217875,3.2152248079269574,0.29740465470879707,0.040033314259109755,0.046962556605294595,0.04193538615745963,0.11666331731545673,0.04584812215835397,0.059394458314741,1
sim01061,96,1.0,0.22916666666666666,0.30061870913101235,0.4660279690305815,0.1515070231280863,0.014236540660754256,97.0,0.7526594858770834,0.06802074117780521,0.2819873307791517,2.6297502546556237,4.564348191467836,4.574710978503383,1.000088900581841e-12,-0.20599164231191244,2.199528155092864,0.7475761201527493,0.12283746273247481,0.254063191510127,0.27618764128187445,0.16931241656775226,0.08183983535405799,0.02688195471661022,3
sim01062,112,1.0,0.08928571428571429,0.15032295373266463,0.6712224247013949,0.3420874295706921,0.03337975856900362,113.0,0.44922564907333484,0.0008392753227361041,-0.05450791010006606,1.0517378221694378,4.718498871295094,4.727387818712341,1.000088900581841e-12,0.32397110588210903,2.391382209989898,-0.14388647675101374,0.07570778296842069,0.12051248252920231,0.18647193460564068,0.32828739547278407,0.028772041027504906,0.011226008266484596,1
sim01063,9,1.0,0.2222222222222222,0.28566957716529534,0.9042945472027705,0.2737035357073002,0.16295946961454513,10.0,0.18062126200056133,0.1706184417997681,0.7284277320050494,1.0261383948893081,2.1972245773362196,2.302585092994046,1.000088900581841e-12,0.6148520327608896,1.6786805603770982,-0.49581685428297906,0.06707438959190033,0.2880174441344058,0.0473663188064109,0.5954680377809944,-0.2814658519210501,-0.3793912799229501,2
sim01064,86,1.0,0.43023255813953487,0.36331632054802326,0.3601023821861866,0.0351057615208782,0.003917348563576011,87.0,0.698023278698184,0.052340638318025684,-0.6729768051760227,1.782121743667435,4.454347296253507,4.465908118654584,1.000088900581841e-12,-1.792481843497368,2.2613970692704544,0.06572493517560818,0.3942173418270608,0.4251857047225872,0.17237488402059287,0.008221659550155119,-0.09065036535578039,-0.13563771792602203,4
sim01065,27,1.0,0.18518518518518517,0.33697744981392386,0.4975026660528298,0.21367384133871395,0.04237944037882032,28.0,0.7416155170454035,0.03526386951206115,0.7343123872889697,1.5178731676695516,3.295836866004329,3.332204510175204,1.000088900581841e-12,0.10892636808619674,1.6780494673159674,-0.19067730090738355,0.44293078632544425,0.16878404847441292,0.3651032354421319,0.022991506548490286,-0.07976168296115112,0.0015837420109240568,6
sim01066,81,1.0,0.13580246913580246,0.3041116292986481,0.39723756314527614,0.1464722896313092,0.013308067732266903,82.0,0.3551627439423283,0.02259916333529778,0.06411486106828442,1.1173513419329089,4.394449154672439,4.406719247264253,1.000088900581841e-12,-0.4469825465598108,1.995983340636291,-0.20190026500881283,0.1388525989874025,0.15291476149903885,0.18174797489148273,0.20695204992981558,0.13301728316669942,0.0848894560697643,1
sim01067,65,1.0,0.09230769230769231,0.20058310803041934,0.8421877679219345,0.2705727819054082,0.02258778392263426,66.0,0.3984004460913409,-0.01706431073006555,0.462012098346894,1.4389805009293328,4.174387269895637,4.189654742026425,1.000088900581841e-12,0.12124672887805474,1.6912553689992875,-0.2659368575883441,0.1343496369626869,0.29226884225004685,0.2895979650936528,0.2672641945878363,0.2540926555651783,0.16036436179003882,3
sim01068,43,1.0,0.09302325581395349,0.19273300264690008,0.5599757927966185,0.23897472304478107,0.034255790834913855,44.0,0.24920926374834762,0.03363156901137808,-0.09486195207360816,1.0363549901515332,3.7612001156935624,3.784189633918261,1.000088900581841e-12,0.24469313769522216,1.8186979564118637,0.07615795858026055,0.07742576395773991,0.07187967788019324,0.3294683685343614,0.30080478318506704,0.015793858187713127,0.08508770184900827,1
sim01069,52,1.0,0.09615384615384616,0.32239865326746264,0.4485718858461756,0.4740415148376411,0.1584771945129755,53.0,0.6118038574703079,-0.0050161655892173715,0.6037603725422414,2.0249682662702666,3.9512437185814275,3.970291913552122,1.000088900581841e-12,0.691127710198206,2.8555595163388303,0.7928610758858471,0.07007856483863235,0.03858176723298341,0.04212849349262497,0.025502870570891956,-0.5918995363799655,-0.3443913798403608,3
sim01070,80,1.0,0.0625,0.20185616306900905,0.7365399877999916,0.33188112340074494,0.04998415475737921,81.0,0.7299089681940205,-0.014987497322707077,-0.041502007696318205,1.1318666342566621,4.382026634673881,4.394449154672439,1.000088900581841e-12,0.5208532394571546,2.488955842052595,-0.19640604085082586,0.05856108685369628,0.1553370419374735,0.1308142055038402,0.23287254554982706,0.009628494887450456,0.15375351156546851,1
sim01071,77,1.0,0.5974025974025974,0.472726812289316,0.17370004121885851,0.008545428004635106,0.0015773330082428266,78.0,0.8731595943473196,-0.004276963464387963,-0.21396251861657054,1.4092730795802149,4.343805421853684,4.356708826689592,1.000088900581841e-12,-2.561896315619463,2.6541444611974354,-2.4298656844715927,0.6843295871506485,0.26025206515687876,0.05473085256130809,0.0006871105714881593,0.09350563441629718,0.03656618377724064,0
sim01072,104,1.0,0.33653846153846156,0.23596820331485752,0.6171327580397286,0.12561097382820807,0.023045542251013507,105.0,0.447193849023321,0.06527646785696041,-0.3691532400666307,1.6457470579853133,4.6443908991413725,4.653960350157523,1.000088900581841e-12,-0.677054666218211,2.9486736328851886,-1.222869329621156,0.28021612324370543,0.4113737753941654,0.22427188794970968,0.08413818495598316,0.13419412931788757,0.1440487645077453,0
sim01073,21,1.0,0.42857142857142855,0.44881705925828863,0.18871338529731574,0.023840127201419474,0.008390474239659248,22.0,0.9598802278086701,0.13385164496302582,-0.3865554386533759,1.3091927127396028,3.044522437723423,3.091042453358316,1.000088900581841e-12,-0.4795523420634327,2.000249302423719,-2.2409743834639846,0.10233522658395951,0.40385769198768473,0.49377847687733434,2.853669180974186e-05,-0.017959292858676947,0.1035025266863243,0
sim01074,58,1.0,0.1896551724137931,0.25024808460639003,0.6100988842983264,0.13561382539244904,0.025425185380776965,59.0,0.7172437011385173,0.07597646751698357,-0.2999610855906142,1.3039658483059577,4.060443010546419,4.07753744390572,1.000088900581841e-12,-0.4024344582855458,2.3863719158649688,-0.9180112624889555,0.37222501447417194,0.22260766776136381,0.23040141793124996,0.11537585429306452,0.05287721144218298,0.06769289728656917,0
sim01075,55,1.0,0.34545454545454546,0.3407529271945692,0.44861340079748313,0.1354052907898432,0.023485584208155934,56.0,0.5512865992025169,0.07304074153479168,0.03921081648166924,1.3915977691146764,4.007333185232471,4.02535169073515,1.000088900581841e-12,-0.6026114820756875,2.2554475448660303,-1.198326336696999,0.331759589882353,0.3392853807727722,0.31593587062200723,0.012880151189581608,0.14473537342809387,0.15536929035152663,0
sim01076,27,1.0,0.037037037037037035,0.20153121655402179,0.5832215645647971,0.20438309828209014,0.030049482127813974,28.0,0.5833215645647971,-0.03979837122368871,-0.07103284606545064,0.8091588258007253,3.295836866004329,3.332204510175204,1.000088900581841e-12,-0.1733019448167487,1.3786861275664912,0.025414771303891137,0.059204000906687544,0.17916030036429711,0.3618864246731088,0.2528048421695511,-0.07805381221278647,-0.036519023011004834,1
sim01077,44,1.0,0.18181818181818182,0.21242572852527308,0.7189385296990678,0.14590246997615905,0.017923241498512026,45.0,0.3910394235053378,0.05001188874588229,-0.3203981703830886,0.8042528503521202,3.784189633918261,3.8066624897703196,1.000088900581841e-12,-0.4898682494660567,1.6873495274291663,-0.4657422162414554,0.2440534193412182,0.1281936067466347,0.4833905362461289,0.13857586180529194,-0.3556510703426353,-0.24710539632355685,0
sim01078,50,1.0,0.06,0.21858580491764976,0.8335410269798331,0.15718992746923297,0.03673158844037638,51.0,0.5071364593876392,-0.01204118067847526,-0.45133140505050495,1.3607174351239621,3.912023005428146,3.9318256327243257,1.000088900581841e-12,-0.4638023775775142,2.458205307117563,-0.1506574754529189,0.07844743651904672,0.1669178126654388,0.12226060097443825,0.3699559883760345,-0.012167437966963913,-0.0077279872161237235,1
sim01079,16,1.0,0.125,0.29495121223199045,0.40428131060791467,0.09545522113240519,0.022090929509176262,17.0,0.39612539150336357,0.03100346543573748,1.9785950648517814,2.6014984912122032,2.772588722239781,2.833213344056216,1.000088900581841e-12,-0.9186848530527544,1.3090985680847755,3.162500113251175,0.1498764489089505,0.29081688691230145,0.09863235484027154,0.2574910927489962,0.11469497406617132,0.08152333522538159,4
sim01080,80,1.0,0.3125,0.36110880617633395,0.3562217545816646,0.0719951260672097,0.006669976487866228,81.0,0.3253057841473896,0.06119552944797911,-0.18795222922422006,1.3362388651339003,4.382026634673881,4.394449154672439,1.000088900581841e-12,-1.1146714867585747,2.0030445453626333,-0.05194834456066219,0.3476387396209626,0.34901313883696083,0.10604742097156919,0.19701447407393075,0.20877999818104506,0.24186546938090708,1
sim01081,43,1.0,0.3023255813953488,0.3274369974269266,0.5239478114396283,0.07864757543770008,0.01867365630439166,44.0,0.5236496463711401,0.05508406507825645,-0.3937104151036451,1.2144714822148428,3.7612001156935624,3.784189633918261,1.000088900581841e-12,-1.1542443866464809,2.323337090267826,-0.9584311517951183,0.5548630839248313,0.2534396889837359,0.16938945652780082,0.022307508750195944,0.0090404095058238,-0.02682535874059608,0
sim01082,108,1.0,0.2037037037037037,0.27712109825569486,0.8479916911712033,0.2835789462593195,0.04887614409974207,109.0,0.4945881662106935,0.08050420838419206,-0.08251257092402839,1.1734645810726296,4.68213122712422,4.6913478822291435,1.000088900581841e-12,0.1261467952326657,2.92393009903303,-0.5990055357489339,0.15262754943026938,0.12436032862196784,0.013489867130507103,0.06953451681929071,-0.1737555018888817,-0.23816992419172775,0
sim01083,49,1.0,0.8571428571428571,0.48499771066594755,0.12447573748930485,0.00652724890837997,0.0022832895271311217,50.0,0.8844489188510782,0.13356015770862412,-0.8563923107802535,2.0073075477141664,3.8918202981106265,3.912023005428146,1.000088900581841e-12,-2.75093662047406,2.841451915150375,-8.988014091083468,0.9960665093480052,0.0017225184399817482,0.002210972058809131,0.0,0.03414231946192306,0.09669840689082325,5
sim01084,27,1.0,0.037037037037037035,0.12507519645416157,0.5579037709753731,0.4584304265166178,0.1318388695847014,28.0,0.49607012720656257,-0.0037144708429664463,0.22238044018750275,0.7409208757066558,3.295836866004329,3.332204510175204,1.000088900581841e-12,0.6064093983151436,2.049608819261928,0.7464446991321947,0.08862127691111404,0.05458385197760459,0.20534203420763172,0.23381256182647073,0.06878486235306346,0.08723527223318267,1
sim01085,22,1.0,0.13636363636363635,0.19239557188087691,0.35617694212386325,0.25065281516667687,0.08247164002989925,23.0,0.2897529505368206,0.09431351370356653,-0.08389423604103623,1.3850485423783097,3.091042453358316,3.1354942159291497,1.000088900581841e-12,0.19718252237844727,1.9794281552005697,-0.1269391412800354,0.020768994607240115,0.09178370206310689,0.16885665116610646,0.5511079779923704,-0.2662391801028777,-0.23107706907882983,1
sim01086,94,1.0,0.1276595744680851,0.34095601580574575,0.9694732914896304,0.2007094170682795,0.04687159340306818,95.0,0.24514500314741544,-0.0350230042056932,0.22936529017023566,1.1665140095456685,4.543294782270004,4.553876891600541,1.000088900581841e-12,0.08123789609381284,3.0888484135857905,0.7685981937452746,0.09316494755155487,0.06445190207455505,0.05579134580061175,0.13226172035271713,-0.035453661979089675,-0.1211827433048413,1
sim01087,15,1.0,0.4,0.48055931402739177,0.06365711109995276,0.0021713741106719722,0.0007489713119741182,16.0,0.06529998843335186,0.0799990426857237,-0.20690071653581138,1.3695290526604915,2.70805020110221,2.772588722239781,1.000088900581841e-12,-3.336102016417626,1.643635399689853,0.6771039562780368,0.5078427154140573,0.09881711403141158,0.23596584861968845,0.15620968361146095,0.18823773528229962,0.024008116982725865,1
sim01088,63,1.0,0.09523809523809523,0.2306233626198613,0.41990955082211806,0.3280337187631735,0.04587620493620768,64.0,0.873795007615942,0.022759004446669652,0.025189219957160832,1.2670064850932097,4.143134726391533,4.1588830833596715,1.000088900581841e-12,1.0901183714723182,2.1759648936827714,-0.2660990365310216,0.06735402857107274,0.06896241095986078,0.17845677023706827,0.2333789387631697,-0.21290127958762423,-0.08808317670289553,1
sim01089,79,1.0,0.17721518987341772,0.36601752711010965,0.34171326765195165,0.09247302001394966,0.009802951994439268,80.0,0.7789400494633301,0.008059617023817045,0.0835131658433157,1.1524960897312193,4.3694478524670215,4.382026634673881,1.000088900581841e-12,-0.6216958132748688,2.12521448950688,0.17589648841888245,0.2246172296791029,0.13201528098794427,0.4810169505236512,0.10977122166495837,-0.022316738256179178,0.012856880094449193,1
sim01090,93,1.0,0.8924731182795699,0.4932762856003259,0.05633250530595424,0.0009781565351831437,0.0003220283785459758,94.0,0.9575648915647793,0.05324331810012971,-1.4453611455383626,1.8988663709277633,4.532599493153256,4.543294782270004,1.000088900581841e-12,-3.726699824721732,3.421569361321493,-8.617111593821866,0.979555376925565,0.019438938953626916,0.0010056830984768537,0.0,0.2535563732932749,0.04773814467541994,5
sim01091,65,1.0,0.15384615384615385,0.2646493065882999,0.6184362583094922,0.12119532637435937,0.021282343754808402,66.0,0.5135119553993107,-0.015398132226798412,-0.17354430978836333,1.2955257945749343,4.174387269895637,4.189654742026425,1.000088900581841e-12,-0.7233268476861764,2.434861555044636,-0.734946587358922,0.3961042095153355,0.2403176783891759,0.2550849616267017,0.10123631917983146,0.03116785676847321,-0.005375122970657801,1
sim01092,29,1.0,0.3103448275862069,0.3003641624091038,0.5109989757321289,0.043151644360675104,0.0101835066637039,30.0,0.5035603997994432,0.16345141959343193,-1.0200767565262183,0.959614247600611,3.367295829986474,3.4011973816621555,1.000088900581841e-12,-1.7566896859562076,1.92334472238856,0.265362841114397,0.3197796493760856,0.2210257644794377,0.2947190482444528,0.1642889937676967,0.004126102420264381,-0.04695542553117392,5
sim01093,51,1.0,0.11764705882352941,0.28583453634519906,0.8530893806145426,0.21270373133400572,0.03179519932479526,52.0,0.7353509475491363,0.041662915312997,-0.1323402869961838,0.8597609970272789,3.9318256327243257,3.9512437185814275,1.000088900581841e-12,0.08890306091604253,2.031240681516365,0.10981094887772823,0.09639557418835412,0.043796251230235596,0.16002771868340313,0.3589772650148621,0.08251836035096939,0.0019150764690493583,1
sim01094,13,1.0,0.46153846153846156,0.4523726996138976,0.1292712366508118,0.016831744089933064,0.006891835360371786,14.0,0.11260373358098974,0.1725367757144398,-0.30796812033855436,0.9570106521249678,2.5649493574615367,2.6390573296152584,1.000088900581841e-12,-1.78114459299006,1.6720201540448978,-6.927460190024686,0.5442500899517034,0.42935003878596445,0.02639043096521393,9.440237706767003e-06,-0.021618160196242284,0.13872549606753976,2
sim01095,98,1.0,0.16326530612244897,0.22192036696525105,0.6665398626361977,0.13333831060079068,0.010563032382961654,99.0,0.38099350783756625,0.02206384850482723,0.09153797943126217,1.7476597693042686,4.584967478670572,4.59511985013459,1.000088900581841e-12,-0.5702532297263301,2.049438285314923,0.40962404349400305,0.24760514619807,0.16736309757091544,0.32624222259596464,0.16256633131779533,0.11508003578830503,0.02414874681814282,3
sim01096,82,1.0,0.18292682926829268,0.3767519456830271,0.26126165067170765,0.08441310959766174,0.01190236036423244,83.0,0.18590285315895577,-0.008046370073590745,0.0825811746819287,1.1142298696261765,4.406719247264253,4.418840607796598,1.000088900581841e-12,-0.5838259508066591,2.4477332602346547,0.2722733321507239,0.1344510119778175,0.1842755480262839,0.12364649733389108,0.4373845076528897,0.020252128811187188,0.09105205030643498,1
sim01097,97,1.0,0.31958762886597936,0.36043312100142977,0.3862585514724171,0.0802990995588447,0.008225636303329766,98.0,0.3863585514724171,0.08511243295307691,-0.30081668955691576,1.159875303291866,4.574710978503383,4.584967478670572,1.000088900581841e-12,-1.082662939245567,2.296208225757182,-0.4690873555959669,0.2771505810779133,0.16757003601376982,0.18448828685168217,0.37066607042287825,0.13925201992086686,0.10787238462778169,1
sim01098,57,1.0,0.22807017543859648,0.272297395188289,0.6735934086221547,0.13156632292410972,0.0253315229850519,58.0,0.6130770377980111,0.051786323405154676,-0.16242449312613594,1.245503471673032,4.04305126783455,4.060443010546419,1.000088900581841e-12,-0.5894498502870208,2.395589774079172,-0.86120146839998,0.1328709048259982,0.35780397165016214,0.46046646988871287,0.04724245397089172,0.03536907984060983,0.010853830202070662,1
sim01099,81,1.0,0.2222222222222222,0.3321151694539624,0.45169875155010664,0.1448394320172486,0.032025537459482785,82.0,0.7766015928518373,0.0323304803353296,0.20639975148154246,1.6564294096671255,4.394449154672439,4.406719247264253,1.000088900581841e-12,-0.18050318249587224,2.885357020843697,0.1317788887812267,0.14621246388768516,0.058045286705698085,0.2786485075303103,0.5097337003686477,-0.0957853864386768,0.006936448393047808,3
sim01100,61,1.0,0.2459016393442623,0.26044328756713037,0.8308563233996591,0.11038828777299861,0.02108531126142598,62.0,0.8309563233996591,0.10729618954978569,-0.3440957207151732,1.450198504629491,4.110873864173311,4.127134385045092,1.000088900581841e-12,-0.24097503915675828,2.4554464737760613,-0.3239051667379767,0.24549988567902598,0.20926591925576443,0.310484116795235,0.22278758458329975,-0.3507485600148273,-0.38206009265304103,0
sim01101,50,1.0,0.1,0.19343583368878506,0.5667222205036231,0.29784150128429826,0.051605278099120286,51.0,0.9139987985760583,0.033845621769171615,-0.15633068741492795,1.2836929879213665,3.912023005428146,3.9318256327243257,1.000088900581841e-12,1.3321262259108106,2.1590854911537924,0.3925436786730172,0.02228648461886204,0.07120785526179614,0.1302210329144309,0.21772851174803357,0.018996849761566334,-0.003191962012287213,1
sim01102,117,1.0,0.452991452991453,0.398566470631305,0.40308678868035097,0.041468405810044975,0.004252934971764896,118.0,0.6417193834568442,0.03508985461190318,-0.3303540178687083,1.2704817348704964,4.762173934797756,4.770684624465665,1.000088900581841e-12,-1.7127805246468888,2.4848514268835924,-0.19626834241008262,0.7133539401431034,0.190092475971603,0.0705533989145399,0.025989727408652897,0.18128865931390398,0.09765118619278555,1
sim01103,48,1.0,0.2708333333333333,0.30115310192467176,0.4085777884855254,0.0966806209608894,0.012568109829734409,49.0,0.6743337827289531,0.09598648190431626,-0.25148235263466034,1.1495772403372753,3.871201010907891,3.8918202981106265,1.000088900581841e-12,-0.8204299407274763,1.8309506715834956,-0.1970236025523971,0.06967367027435603,0.4097627032541283,0.4434966370635601,0.07698006667012572,0.14186937758588927,0.04940030365040374,1
sim01104,29,1.0,0.3448275862068966,0.3199792127623723,0.48380902212589766,0.06724850742211147,0.016518906898496204,30.0,0.4557700802032929,0.1014705580149753,-0.5708106696529526,0.9403838992191059,3.367295829986474,3.4011973816621555,1.000088900581841e-12,-1.3052101737664752,1.9634066033785789,-0.8477790226784927,0.5030300867396091,0.37868826097620195,0.11595316534516388,0.0023054450721553053,-0.08750090431191752,-0.13453100522408287,0
sim01105,68,1.0,0.058823529411764705,0.21750837798358383,0.8408752375681516,0.4042280038211339,0.058643116013436455,69.0,0.3676651784729761,-0.016488574638144664,0.1243415564668527,1.0953498641402941,4.219507705176107,4.23410650459726,1.000088900581841e-12,0.553142645974887,2.28899881455009,0.09115930193768125,0.04466502747417119,0.1024270026430859,0.16431983269372696,0.2627490567991023,0.1526109594858739,0.2095883574381555,1
sim01106,37,1.0,0.35135135135135137,0.2831160913641068,0.5066500981577571,0.06738136875085857,0.01901670757347701,38.0,0.5022088912687837,0.1048405966593435,-0.7421148313115427,1.1373799186140436,3.6109179126442243,3.6375861597263857,1.000088900581841e-12,-1.3110728491822141,2.3458672992122565,-0.7331923735825769,0.25720149751388177,0.31168813939393014,0.41971238723686954,0.011324037122050134,-0.06299045336036714,-0.06120819215138526,0
sim01107,114,1.0,0.3684210526315789,0.4060024776773475,0.3852751176080266,0.047126838154398214,0.0042591384832843535,115.0,0.338671314353454,0.04510044573227284,0.02078245966386284,1.2552461488779363,4.736198448394496,4.74493212836325,1.000088900581841e-12,-1.5586831043253453,2.332422701132366,-0.17140430117548433,0.4660369891898689,0.4129251756537748,0.031584315858766,0.06706154614304811,0.013847263299371245,-0.007181675197299837,1
sim01108,79,1.0,0.11392405063291139,0.24447210776969427,0.6950542457876323,0.2898866887314872,0.05577597399552912,80.0,0.6125015264137252,0.0026324859427806434,0.118565128993372,1.173858525998512,4.3694478524670215,4.382026634673881,1.000088900581841e-12,0.1999820529222378,2.721300937205327,0.06922543011746586,0.13961223791891922,0.1417551554594224,0.08812086739385408,0.1064180407087438,0.02394471338759564,-0.08188047961351881,1
sim01109,82,1.0,0.47560975609756095,0.4120340812309808,0.4102491231070724,0.09341044876494314,0.01704983424831079,83.0,0.8714242899605451,0.04656475602870306,0.016300678803497358,1.3870285545593584,4.406719247264253,4.418840607796598,1.000088900581841e-12,-0.18188841284880944,2.705856518497943,-1.6109873636127916,0.10878588935698087,0.5534161636883634,0.3364609560338438,0.0011417495527510585,-0.07643111796151966,-0.005424777713735712,0
sim01110,18,1.0,0.4444444444444444,0.4259219437975801,0.26526537594080557,0.022949878185878927,0.008057390134952056,19.0,0.8059174910272042,0.15130572444172424,-0.7718383680223209,0.8824116057762923,2.8903717578961645,2.9444389791664403,1.000088900581841e-12,-1.9191968337377832,1.8436488280343184,-1.313283837320235,0.583420202766822,0.39850413384981925,0.017783828680923857,0.000291834658861632,0.2896195324346652,0.1357959539553487,0
sim01111,111,1.0,0.3153153153153153,0.2559344841377826,0.48222864000722476,0.12966323243593494,0.016489617228693094,112.0,0.5455993572839425,0.09153866745781776,-0.20665447604109025,1.4900050300419663,4.709530201312334,4.718498871295094,1.000088900581841e-12,-0.648168361848298,2.6473205549602183,0.3729298954491293,0.22482275086880385,0.1456451791494975,0.35620695969973193,0.2723258371065024,-0.22790924110581684,-0.19716428935229255,3
sim01112,115,1.0,0.5130434782608696,0.42955981652685155,0.28038995414796536,0.026027474464561256,0.0025033137596569338,116.0,0.2334828499952713,0.05161276102912509,-0.2754996512753059,1.1319448139694286,4.74493212836325,4.7535901911063645,1.000088900581841e-12,-1.9280577300640847,2.403394792104785,-0.7692435564704571,0.48400838892184456,0.3739320868841966,0.12460450535058483,0.004025227162015921,-0.02242589742462995,-0.004202969045649049,1
sim01113,107,1.0,0.21495327102803738,0.1620023545438856,0.7816587373237313,0.30115306343274645,0.024586082890369423,108.0,0.5649546875871223,0.09912233707305554,0.055501322208226594,0.9671296904039919,4.672828834461906,4.68213122712422,1.000088900581841e-12,0.20317820976787682,2.167390728946571,-0.35501970268093697,0.11964884003182226,0.21414886345026943,0.18871779796142635,0.3007034283217868,0.00948330007629411,0.035202351518279044,1
sim01114,66,1.0,0.2727272727272727,0.19443939417902173,0.6145801716906643,0.18599903056789083,0.025675953034328777,67.0,0.5226877296720348,0.09710925792549437,-0.2166979886137672,1.0856070920616812,4.189654742026425,4.204692619390966,1.000088900581841e-12,-0.29365840133612087,2.209468154293164,-0.4114738252785225,0.22180487356928838,0.19875902927765063,0.19110453578705872,0.3882474013774542,0.04082330161604531,0.09637773533898945,1
sim01115,106,1.0,0.2358490566037736,0.30661778314463495,0.5277551229917148,0.09144838197520959,0.008426915929567964,107.0,0.6522138615422398,0.0821089311772379,-0.2394220008346982,1.383748340916979,4.663439094112067,4.672828834461906,1.000088900581841e-12,-0.9084303021772216,2.27909527181303,-0.05007613733686275,0.2885229349025585,0.28894849556555086,0.2415737850778363,0.07282245816750732,-0.16371584010447815,-0.0999396902804955,1
sim01116,37,1.0,0.0,0.3023258770710627,0.35728990333760385,0.22886261574175734,0.11729289326207466,38.0,0.28941270320000556,-0.06994241824848788,0.3210408648598931,2.5242838189586205,3.6109179126442243,3.6375861597263857,1.000088900581841e-12,0.10693165635405694,2.9424701880492634,1.255427858871436,0.043973342140562775,0.08183878992295394,0.16331460190597977,0.04969657869961633,-0.27781588656594386,-0.11435015690574156,4
sim01117,79,1.0,0.26582278481012656,0.4194124537117741,0.3598189318394205,0.07156211713506566,0.01783672582105899,80.0,0.6410076502692027,-0.007556273531632487,0.22521471233588342,1.345221050107343,4.3694478524670215,4.382026634673881,1.000088900581841e-12,-1.1680213474176244,2.980141587861023,0.6046717713274208,0.2584493317308926,0.04684464548615138,0.02909757427987966,0.6389161266852108,0.0971320539784386,-0.016186442644722663,1
sim01118,11,1.0,0.0,0.2494612177055254,0.493009750489596,0.09191757658821227,0.02291377303278722,12.0,0.5761020347718345,-0.048616157040956676,1.0505277147467007,2.026354839075955,2.3978952727983707,2.4849066497880004,1.000088900581841e-12,-0.9771300191098188,1.008741176133334,2.4447301870446467,0.1456431590352326,0.24262746685398134,0.285244656109009,0.22262493690699675,-0.4417149600571766,-0.23457400837389536,4
sim01119,67,1.0,0.13432835820895522,0.18277506873299434,0.5548633106909846,0.3468568597214521,0.04197982304388526,68.0,0.5822161528255525,0.06753280261793232,0.1267726446704294,0.9724609253748453,4.204692619390966,4.219507705176107,1.000088900581841e-12,0.35486150367395375,2.092969531522455,-0.5638449316930116,0.09097953812432014,0.18330895898880223,0.21036927141046036,0.16428810919239584,-0.31860768156826486,-0.35993043425119603,0
sim01120,81,1.0,0.25925925925925924,0.2536593135168725,0.7534234566431431,0.15903673000078736,0.01770024653946415,82.0,0.3350873551565167,0.02808292137592477,-0.22539470298249467,1.0538570693607956,4.394449154672439,4.406719247264253,1.000088900581841e-12,-0.33715646956291984,2.198892540649037,-0.3934093578129334,0.24674717521723658,0.208509839709063,0.3934986854785682,0.1511313307838147,-0.0746598133090963,-0.0548219978919665,1
sim01121,9,1.0,0.0,0.12739256172659483,0.48540854613067885,0.15769318425869433,0.04915427884599605,10.0,0.6839821110569019,-0.025845746275822097,-0.6344471786243098,0.6588132268737094,2.1972245773362196,2.302585092994046,1.000088900581841e-12,-0.31532403406598875,1.0315372036212964,1.272894615087371,0.03350305085696145,0.16251790624106277,0.023290525663323597,0.5327775886481099,-0.748315891494394,-0.6122888365034241,6
sim01122,54,1.0,0.16666666666666666,0.1794252354506591,0.5930671836771405,0.24406236102119316,0.02961670757278816,55.0,0.5047209185329129,0.07150449725308376,-0.02364252068237012,1.2390076796054237,3.9889840465642745,4.007333185232471,1.000088900581841e-12,-0.023947995006597573,1.8798989228998204,-0.5590953235208459,0.09382712497882567,0.16133772789537443,0.34054624283165363,0.3681677850811299,-0.11104844559691701,-0.10133089881743668,1
sim01123,109,1.0,0.08256880733944955,0.10934763763217446,0.7534608078741697,0.6424108075118057,0.18019613605469642,110.0,0.3633933380560015,0.006991178922437147,0.07809139807662314,1.2349729735765296,4.6913478822291435,4.700480365792417,1.000088900581841e-12,1.0213454619114344,3.420165798332057,0.25518705357380334,0.058980501964668273,0.06000471010176107,0.058894401639720775,0.1642537684764371,-0.17044286979980827,-0.13143079441911965,1
sim01124,25,1.0,0.08,0.1406616848683428,0.46533449657148646,0.31259048051710414,0.09178493645134968,26.0,0.5724188625122637,0.04068451154834752,-0.31414784871241735,0.8350450502016052,3.2188758248682006,3.258096538021482,1.000088900581841e-12,0.24463417772851664,1.9934300530940168,0.3402359210786016,0.035087181817770575,0.14760084841061472,0.06316074537786084,0.22753727185798553,-0.2368663471977989,-0.21280094244931286,0
sim01125,32,1.0,0.15625,0.19864690939209864,0.6225924962955411,0.20262249196558002,0.037089318336962,33.0,0.509597697967112,0.02693392574576091,-0.14930958727930754,1.0403701308790034,3.4657359027997265,3.4965075614664802,1.000088900581841e-12,-0.20974778447234754,1.7677203131161314,-0.33275811129004745,0.07855825212405661,0.27123871157481366,0.42094867277047765,0.22915032146553355,0.07843139481749142,0.13383978779161942,1
sim01126,55,1.0,0.18181818181818182,0.2106441860505988,0.7203039889514634,0.13196188120913305,0.01600642271436911,56.0,0.46381481433144556,0.07538876673590889,-0.3991064206841813,1.033851775740006,4.007333185232471,4.02535169073515,1.000088900581841e-12,-0.6336965814199822,1.8978101440556185,-0.48013323401176,0.2206362190244153,0.2926396715596582,0.20748703893053025,0.26547285496513334,0.014808484097876396,-0.0003705200223526526,1
sim01127,101,1.0,0.37623762376237624,0.38793428240805505,0.3792911913797583,0.05051961249330988,0.008885885623129482,102.0,0.7221582437992096,-0.0009040579064301464,-0.27826984330380455,1.2381300456303137,4.61512051684126,4.624972813284271,1.000088900581841e-12,-1.3791791123498156,2.8772230207134184,-0.7257294506835043,0.5757843410441061,0.2564073570065574,0.13601575885943287,0.03179149103551934,-0.178761908344667,-0.09303105056970967,1
sim01128,55,1.0,0.03636363636363636,0.22357406605945343,0.5943548465232138,0.25664610268860844,0.0528334867734455,56.0,0.41822734714292753,-0.028149159948559904,-0.08408229512543765,1.2382355517320285,4.007333185232471,4.02535169073515,1.000088900581841e-12,0.053348464616045116,2.4267802903364983,0.3046461343264598,0.13207136682725973,0.08413994278318104,0.18268100738614165,0.14116449048349047,-0.24324957513148773,-0.06262894213285179,1
sim01129,31,1.0,0.12903225806451613,0.2941391001477528,0.2905866373932975,0.14602753109654923,0.042141779494512324,32.0,0.7078269772535455,0.0663534081624423,-0.23491128313225723,1.2026671416315449,3.4339872044851463,3.4657359027997265,1.000088900581841e-12,-0.3479953997830729,2.19123166685163,-0.19700263100918292,0.1563515404137525,0.14891161090277716,0.022998282098312683,0.26771344081811815,-0.07720961591302992,-0.24692064121861368,1
sim01130,85,1.0,0.07058823529411765,0.18814319612627559,0.6763796289235882,0.48466775980600335,0.056670217731438856,86.0,0.5396201354320164,-0.008029715922922816,0.06301470887359023,0.9222826634993045,4.442651256490317,4.454347296253507,1.000088900581841e-12,0.6683015234899301,2.29643644373175,0.1536248315780691,0.0633865775413424,0.05241645256848124,0.07570399983190002,0.21837892908205495,0.2508791546247186,0.16115767870053954,1
sim01131,56,1.0,0.08928571428571429,0.21115141123096068,0.7718222043739331,0.4069078189641255,0.05675763266005993,57.0,0.22530863499086434,0.02433377492425101,0.1787054442652843,1.1917258434946707,4.02535169073515,4.04305126783455,1.000088900581841e-12,0.8464060650611983,2.055555163386914,0.24041745535549233,0.08864458280139588,0.03153429084227326,0.1507979275304412,0.29430516806011986,-0.43895586500337075,-0.29674451554145137,1
sim01132,40,1.0,0.125,0.13006121465044443,0.5763003142296225,0.5443396022002205,0.12941752908361853,41.0,0.48488431827469425,0.0764858506336041,0.2261842753662759,1.4315220280082062,3.6888794541139363,3.713572066704308,1.000088900581841e-12,0.7790267561968756,2.2523499704335666,1.5527011163462874,0.01286801906793915,0.0563912730177519,0.20182653834598743,0.28842538817181856,0.0030837368557546764,-0.1129593641193491,4
sim01133,42,1.0,0.40476190476190477,0.36215622517331,0.341859091503246,0.09268405059778877,0.02107101026923867,43.0,0.19275739271858183,0.14839592357433654,-0.12077228360998787,1.493798987405057,3.7376696182833684,3.7612001156935624,1.000088900581841e-12,-0.5181049345282421,2.256371388968296,-1.5459367084894777,0.28350854237731243,0.3248647458799596,0.38763340643172767,0.00399141623404402,-0.16156802198151715,-0.10945440243290797,0
sim01134,61,1.0,0.6065573770491803,0.450855873535979,0.3106641215370338,0.01621184429920928,0.0046776732031826316,62.0,0.6892358784629662,0.12586734966897792,-0.48341434271754163,1.1984051176181103,4.110873864173311,4.127134385045092,1.000088900581841e-12,-2.58112035047504,2.8679325634383437,-1.4707367259223305,0.8749766588291317,0.05159779499899612,0.06537948129964279,0.008046064810546117,0.18410433736006118,0.013383897877240437,0
sim01135,54,1.0,0.018518518518518517,0.09040218867816685,0.46364875148534057,0.2891431639818339,0.02307542982507841,55.0,0.48880764370868734,-0.033992542118910916,-0.052645854164649626,1.1300843115779808,3.9889840465642745,4.007333185232471,1.000088900581841e-12,0.1459622256282999,1.4608305113884803,-0.7726193577920222,0.2432502064363551,0.1507330864029446,0.13855634052354338,0.16673332347958678,-0.12273196349519436,-0.10101101745074156,1
sim01136,55,1.0,0.01818181818181818,0.23241940974890724,0.7482701374265218,0.5532272895209164,0.17352968365741092,56.0,0.4965002582852205,-0.08293930409898667,0.2240089421015205,1.063626674915672,4.007333185232471,4.02535169073515,1.000088900581841e-12,0.7943570049760439,2.8479129283825384,0.5104558031094021,0.07118514663435002,0.06356733364480835,0.0424274753575874,0.01852529085599761,-0.5984717846923949,-0.18890188484478818,1
sim01137,92,1.0,0.18478260869565216,0.2616138546207197,0.4559458747356097,0.19915895621956986,0.021043614649436694,93.0,0.270329360457935,0.031183495616669627,-0.019186391731651844,1.1264814635634346,4.5217885770490405,4.532599493153256,1.000088900581841e-12,0.009624237077694598,2.274282467829722,-0.44092783181471085,0.14321248960125102,0.2101218201821484,0.23267231759296977,0.33799321044288955,-0.12497949847072325,-0.1033509300165775,1
sim01138,85,1.0,0.3411764705882353,0.32518756837681695,0.5358742263746579,0.10252975151075934,0.020154712961493494,86.0,0.7976358444981616,0.0875270265515263,-0.10721516903459814,1.1574335760366408,4.442651256490317,4.454347296253507,1.000088900581841e-12,-0.45381268839984357,2.815936395522207,-0.3831652687476989,0.3104094496998024,0.487895569450367,0.11208865616032265,0.04205345755403368,0.0886181561644799,0.07777114346539593,1
sim01139,48,1.0,0.16666666666666666,0.20340612563151106,0.7258534487180539,0.14999730923357807,0.02626853366008275,49.0,0.42062369988823256,0.06322109723660609,-0.3921574123591455,0.8696088124018473,3.871201010907891,3.8918202981106265,1.000088900581841e-12,-0.48531815532002776,2.1289554392327243,0.3399744478290801,0.18034509431999815,0.10076696598662487,0.20351616595972058,0.45447817966697557,-0.24919990695935093,-0.14977801509866842,0
sim01140,98,1.0,0.10204081632653061,0.18163781521853267,0.7536573251270242,0.3328320898903331,0.04572335427290073,99.0,0.7306813099185285,0.010867383845238134,0.06393723991026645,0.9660105693074188,4.584967478670572,4.59511985013459,1.000088900581841e-12,0.5255206072164941,2.599938551934618,-0.18588677313894267,0.12692657629798876,0.07907694207813909,0.25496821368455597,0.284118935602799,0.049880034029019166,0.06998666322187083,1
sim01141,48,1.0,0.375,0.4690061575548124,0.1472092243040492,0.019998737165999366,0.0058942439887281275,49.0,0.08322973335028855,-0.028410983309098223,0.4586779468317093,1.9486778117552515,3.871201010907891,3.8918202981106265,1.000088900581841e-12,-1.3390371608739453,2.6495081583951308,0.562211429442427,0.08710216284365638,0.05126872319197363,0.7100050569728309,0.14868067653725367,-0.2413477054689857,0.021540003366137213,3
sim01142,37,1.0,0.13513513513513514,0.2763854635476637,0.9360512116656872,0.3078813528033525,0.06940329997252967,38.0,0.44826028984131094,0.04384312457625178,0.3858800577554646,1.2887767675629327,3.6109179126442243,3.6375861597263857,1.000088900581841e-12,0.21901930626112967,2.121137838370138,0.5144021066643969,0.05859531780868033,0.0538193541581383,0.2933934288309038,0.5745213934885599,0.0972465536132,0.0759569873244167,1
sim01143,23,1.0,0.0,0.3133948606368395,0.4854826406432956,0.21070982005231367,0.06218202055576795,24.0,0.5201972587044362,-0.07224291930814157,0.597103851651057,0.8704573493412682,3.1354942159291497,3.1780538303479458,1.000088900581841e-12,-0.1693459416026817,1.9150781886848223,-0.38701663717513896,0.2838157038113272,0.026378394556043017,0.09094219539645967,0.4678226564147676,-0.06396190976155582,-0.022751238896243788,1
sim01144,92,1.0,0.21739130434782608,0.23925963859534558,0.7883073443728797,0.16123176531454292,0.01336037730391525,93.0,0.34557850399015644,0.03445504512408187,-0.16348739787406025,0.9833930758254414,4.5217885770490405,4.532599493153256,1.000088900581841e-12,-0.3383733241230046,2.0312391196132076,-0.39565934632168265,0.183534134998594,0.3113195956448022,0.3862811039764466,0.11776310971568808,0.0009203598737237748,-0.032609014988053825,1
sim01145,115,1.0,0.2,0.2786133021879776,0.49914429273160876,0.14071387048147754,0.011242353863506954,116.0,0.31107468221477963,0.03226397968554301,-0.043408104715980965,1.1246241488449569,4.74493212836325,4.7535901911063645,1.000088900581841e-12,-0.4206820718409536,2.2178918274176023,-0.34712783713355466,0.25280038160829243,0.26745592973097665,0.20449859988515678,0.2496962328280073,0.07163700420261288,0.03902464916738674,1
sim01146,9,1.0,0.0,0.14868383592785778,0.49933732339222103,0.16331735488565363,0.05468226066616309,10.0,0.5391102809519864,-0.032864993859453503,0.35561560723701824,1.3524346432064207,2.1972245773362196,2.302585092994046,1.000088900581841e-12,-0.41962839668007385,1.1030686614455802,1.859108487639415,0.016636371376580913,0.14976876847863602,0.3354725431749991,0.29661872625530283,0.2362736654537493,0.09810479318846997,6
sim01147,114,1.0,0.07894736842105263,0.20987201409690134,0.5628558565480949,0.42005692801764466,0.05292779862051554,115.0,0.7778734387144979,-0.010471544206958325,0.3283066620508913,1.3670359975235349,4.736198448394496,4.74493212836325,1.000088900581841e-12,0.8883343728890073,2.6647368977628516,-0.31417088217829225,0.09406057238211762,0.09757892431653498,0.09028700869085776,0.2687555297960766,-0.11825562365255318,-0.10179226134514376,1
sim01148,107,1.0,0.3177570093457944,0.3779887232362871,0.41002721569097594,0.06659043175715545,0.008905106897482824,108.0,0.25235544045643454,0.01923252308772679,0.024293710489356458,1.2699544114696315,4.672828834461906,4.68213122712422,1.000088900581841e-12,-1.0414500700773424,2.660892853930899,-0.029271159679283842,0.5332117557452583,0.33034634246731603,0.10554740282422964,0.017104830285640242,0.2995790586900055,0.08901572829425827,1
sim01149,14,1.0,0.21428571428571427,0.3817977385538705,0.2920430352761846,0.0593260468847194,0.01681894188961769,15.0,0.6807549169427867,0.13108572506727284,-0.16556655826221248,1.0204846364354336,2.6390573296152584,2.70805020110221,1.000088900581841e-12,-1.2983577198466498,1.3785146253651528,0.08874311248650112,0.45716530410168504,0.03862046418139208,0.01668287157001568,0.1861511870822148,0.04013310131838778,-0.0824371673912847,0
sim01150,9,1.0,0.0,0.27894727554290255,0.1494986876031585,0.07572039266667041,0.01843641389638185,10.0,0.29334900710981276,-0.03283833293780991,-0.6216740380825375,0.5504481278798569,2.1972245773362196,2.302585092994046,1.000088900581841e-12,-1.007097158494747,0.7845047902217847,-0.18117830157661174,0.03078894008081557,0.3298698622913486,0.24443462053456488,0.22127848937867267,-0.7335739811585033,-0.7166155355819249,0
sim01151,48,1.0,0.3541666666666667,0.4008757181150108,0.4253924956910967,0.04334780049919161,0.01891523562228051,49.0,0.5745075043089033,0.11669252322891976,-0.33467662698853323,1.5036137672751257,3.871201010907891,3.8918202981106265,1.000088900581841e-12,-1.729749228199133,3.041912761018688,-0.6533321433830045,0.6305568571092985,0.2606150392028721,0.032455423686992495,0.057803503024410334,-0.2594665209517327,-0.2379157554302071,0
sim01152,58,1.0,0.10344827586206896,0.25054770246175334,0.6942347602383363,0.34715502877903553,0.11343414856615545,59.0,0.2996033894821308,-0.03665596149681177,0.4697787215755322,1.1928094850048314,4.060443010546419,4.07753744390572,1.000088900581841e-12,0.5034204019859866,2.941894041099446,0.5482719026305661,0.05832774914793351,0.23146952863162656,0.12338508819838387,0.006636600154851872,-0.16400083363048912,0.13395638304704208,1
sim01153,63,1.0,0.31746031746031744,0.4013245640077308,0.4433397169841009,0.055191500293117805,0.009097781634233273,64.0,0.44850724149572346,0.07363879817641393,-0.144838205309567,1.0620586683876687,4.143134726391533,4.1588830833596715,1.000088900581841e-12,-1.4999892952374476,2.3403563714768407,-0.2171944602800624,0.4558632421519022,0.10072623004825759,0.01227060397727081,0.06639900414616479,0.008276852122270612,0.08071526226889959,1
sim01154,67,1.0,0.2537313432835821,0.2761820083162497,0.6501371420347373,0.12881517130585007,0.012225725067142482,68.0,0.46389074018402804,0.013941026359795439,-0.27537129421750933,1.160674480562389,4.204692619390966,4.219507705176107,1.000088900581841e-12,-0.6578531586333708,1.8498563663752043,-0.5192068985619447,0.3872936126864118,0.19157626339685668,0.21407384585552272,0.20705627805344573,-0.14602502774215798,-0.058679549926472264,1
sim01155,116,1.0,0.07758620689655173,0.15557598161233557,0.7591101311071373,0.3642727420443414,0.09325403126720609,117.0,0.12286864380911006,-0.020508789376671676,-0.28363781339906147,1.0926062352061676,4.7535901911063645,4.762173934797756,1.000088900581841e-12,1.2178855489883214,3.391014600746919,0.19638695235839526,0.038429779360986974,0.054323979301547295,0.18753863742752555,0.18272735121873085,-0.0011378409215041753,0.05607698773350625,1
sim01156,66,1.0,0.36363636363636365,0.3501504047378989,0.4674504428929892,0.06484021189259512,0.011217735355448488,67.0,0.5374799128269683,0.09952795059775914,-0.3066953575587142,1.3470001137626448,4.189654742026425,4.204692619390966,1.000088900581841e-12,-1.3439001317677126,2.4352248160496,-0.19660613147200234,0.4781200202991021,0.2481278656666251,0.13488031479661253,0.138832298112302,0.11127058451089888,0.17532802467463698,1
sim01157,78,1.0,0.14102564102564102,0.24434295749235488,0.4459870709133049,0.25291573501662706,0.028297479950955762,79.0,0.6713915249910049,0.02350790109212315,0.14918229791559864,1.0499730398042304,4.356708826689592,4.3694478524670215,1.000088900581841e-12,0.13659219094703734,2.1664252093570573,-0.27432340871115396,0.1670904983229988,0.17033209369447477,0.24523813196310978,0.2906864648555891,-0.06284671664189702,-0.00670286310339122,1
sim01158,33,1.0,0.09090909090909091,0.3803954943684816,0.20658695135729777,0.09534917138521051,0.031848603664685886,34.0,0.20406148292865622,-0.006766801376577194,-0.36197141811016253,1.3864214538735746,3.4965075614664802,3.5263605246161616,1.000088900581841e-12,-0.5326423575917114,2.3999554594613213,0.5762877587083289,0.09926223960592946,0.01583615288034732,0.050926516022476644,0.3220493313383511,-0.08357198785317423,-0.24989671885648806,6
sim01159,99,1.0,0.24242424242424243,0.3433306579981651,0.4175852808629943,0.08590979642741031,0.007094689323674258,100.0,0.15530717194836857,0.004143912042221128,-0.256146690861269,1.000218151314268,4.59511985013459,4.605170185988092,1.000088900581841e-12,-0.42332480847968507,2.1011685036666012,-0.46523352839807647,0.22267868228389553,0.3700303806069739,0.3704615312471305,0.033144248551678086,-0.004039281491386715,-0.05342641292024096,1
sim01160,57,1.0,0.14035087719298245,0.27659879268663307,0.6404590810285826,0.11965483850774006,0.013619108298866625,58.0,0.6405590810285826,0.001002368444735164,0.07508584359519968,1.7871271786403027,4.04305126783455,4.060443010546419,1.000088900581841e-12,-0.6545246491925168,1.869913843648078,0.16147344110375203,0.3930060587512452,0.187457736169174,0.17950010224745405,0.21098102477505515,-0.16108084005636028,-0.22354710148088522,3
sim01161,32,1.0,0.0,0.15944638573092096,0.7781102800523971,0.41877719081783293,0.07378048226313215,33.0,0.5452154863356177,-0.04591370217083732,0.48757971869818767,1.263691508803958,3.4657359027997265,3.4965075614664802,1.000088900581841e-12,0.5240894785913728,1.7294911170587135,-0.1965913057238099,0.2753516436505835,0.09455421019235699,0.22528415242379934,0.13596538716708403,-0.1308614067910408,-0.3349383401781508,3
sim01162,10,1.0,0.0,0.28159744977546575,0.4539253793602358,0.1014821637388583,0.038705209796624465,11.0,0.6083589883207393,-0.05717580307856167,-0.06926264933205477,0.5129340857890956,2.302585092994046,2.3978952727983707,1.000088900581841e-12,-0.8534724473934374,1.338676247635087,-0.29097037133216747,0.5778955350886796,0.26500825401878253,0.07293728340422168,0.07703305908524902,-0.7842347061168673,-0.714963913583895,0
sim01163,20,1.0,0.05,0.20214788114793344,0.5602518489480344,0.5378248836988822,0.2679169081907103,21.0,0.7759072101401114,0.00776416660877397,0.6766874627731704,1.86661060943802,2.995732273553991,3.044522437723423,1.000088900581841e-12,1.1291951461725662,2.2988761496999777,1.1018707257941023,0.035731563689215075,0.1244945713781382,0.1385279792504539,0.010200735816998832,0.4852142888235114,0.28982723146635836,6
sim01164,58,1.0,0.05172413793103448,0.1615903403760253,0.6884373236071211,0.29304430007208626,0.03679595266300669,59.0,0.4349556894785075,-0.019624507044088958,0.21331176022250323,1.2006841655280307,4.060443010546419,4.07753744390572,1.000088900581841e-12,0.17593075494951224,1.9855070751450183,-0.5957650283537046,0.08841715094679034,0.3120603557315677,0.2574007744125799,0.2524859474034493,-0.10834019574138341,-0.15934407077351148,1
sim01165,29,1.0,0.06896551724137931,0.30978646962919965,0.8546247869626237,0.15575061615642558,0.052333076569807103,30.0,0.8303035455842991,-0.007385339231076078,-0.001888246290923176,1.2465354974305125,3.367295829986474,3.4011973816621555,1.000088900581841e-12,0.10020876242475249,2.2766683264578766,0.7867667714179445,0.0404192205728009,0.05035224570921668,0.5675521765663278,0.2830818828967295,-0.1760888216964455,-0.34618545366013026,3
sim01166,89,1.0,0.19101123595505617,0.3948101792707219,0.2319405792428968,0.08589257047747685,0.01229053647515514,90.0,0.798193036562715,-0.008398881271105182,0.11631027594183309,1.131881794534239,4.48863636973214,4.499809670330265,1.000088900581841e-12,-0.6288094687317951,2.5443686078750267,0.12115862026365806,0.08668160495095777,0.10427574940000651,0.1470255253790021,0.5390783542695641,0.02037822372961499,0.1516325757793103,1
sim01167,57,1.0,0.03508771929824561,0.1835713391367109,0.7078513118289834,0.29571215062389344,0.041308315903032994,58.0,0.5072615458882189,-0.0298913962770014,0.2212065618865846,1.0095119556705354,4.04305126783455,4.060443010546419,1.000088900581841e-12,0.16813654164427236,2.0747285838828136,-0.23865026627469355,0.18150168065811084,0.13371187271173457,0.19791117597131969,0.2560634221939258,0.19779102894766318,0.11360312666272959,1
sim01168,61,1.0,0.09836065573770492,0.20957974151657946,0.6087255231863942,0.3044923274059949,0.10378653925811496,62.0,0.1457633496502208,0.013399186273956355,-0.055235761293053194,1.141278804692917,4.110873864173311,4.127134385045092,1.000088900581841e-12,0.8942084910840767,3.0345642572315685,-0.6489715407871116,0.031675565357249885,0.13364603283389662,0.09224452262670889,0.14025738947060087,-0.1559064688171191,-0.025687249893371324,1
sim01169,101,1.0,0.19801980198019803,0.3141252127322719,0.38005242515825965,0.15015290869204684,0.01702613367499827,102.0,0.6727248282037517,0.028053171000003253,-0.015734385727155922,1.0653768848367295,4.61512051684126,4.624972813284271,1.000088900581841e-12,-0.38272824849710396,2.4382157887357123,-0.5342866118431238,0.19727224997318535,0.10327348905794978,0.346366066442932,0.2942551407453976,-0.26166769247089045,-0.1469139627087902,1
sim01170,51,1.0,0.4117647058823529,0.40493935166604655,0.29892138217185005,0.04634336421400426,0.007015323712214862,52.0,0.29902138217185004,0.033504660875682823,-0.3759164357485084,1.0273168752496284,3.9318256327243257,3.9512437185814275,1.000088900581841e-12,-1.5091590734411235,2.043844375115969,-1.1988420817761434,0.39882691981168955,0.41612260484335417,0.18467096022019117,0.00012642841344009584,-0.3972451887267234,-0.4528970015815469,0
sim01171,80,1.0,0.5375,0.4469745414012031,0.17276992563498816,0.01424742379631788,0.002714734546396159,81.0,0.08811574072113615,0.07197046209553815,-0.730224942574888,1.445733700989728,4.382026634673881,4.394449154672439,1.000088900581841e-12,-1.7298328759289852,2.724144700919025,-1.395562385884304,0.5027950493502005,0.4219752939453111,0.07043756984278902,0.0029554280917565806,0.08607772319008461,0.04312645301029299,0
sim01172,22,1.0,0.0,0.26846558712035923,0.3860496728750852,0.29620194701504565,0.11273401298297347,23.0,0.7436067190635639,-0.04765083923282114,0.2997191665291419,1.7951469966419293,3.091042453358316,3.1354942159291497,1.000088900581841e-12,0.4405719431335678,2.125032154772813,1.2390620502596907,0.10220343290889564,0.025716313615709693,0.009015813937053509,0.202501445796415,0.04418868120082481,-0.19135897074289468,3
sim01173,27,1.0,0.7037037037037037,0.4841267029304753,0.08920895702125375,0.004172145409192982,0.0011982673998474714,28.0,0.9106910429787463,0.18459304644415053,-0.4295525390522726,1.991158593732599,3.295836866004329,3.332204510175204,1.000088900581841e-12,-2.9701198153182506,2.048283150244105,-7.201885320833096,0.665396915764946,0.3342241259335043,0.00037895806186473923,0.0,-0.0038447064351172975,0.21213091708196394,2
sim01174,77,1.0,0.33766233766233766,0.4046686446587952,0.2964450237820859,0.04542454449051814,0.004921295439085588,78.0,0.8001627832230789,0.030237746233512622,-0.07067677968940568,1.2688265133743437,4.343805421853684,4.356708826689592,1.000088900581841e-12,-1.2585104395175772,2.121324630330272,-0.15610136449704407,0.251683262242608,0.38490747940984865,0.05799922861601512,0.20817573265434455,0.03827216942135388,0.1629438175445831,1
sim01175,60,1.0,0.08333333333333333,0.11873181231754987,0.6337536610122896,0.6197996989933277,0.20489747016047047,61.0,0.5923899800076479,0.02646553625107067,0.015974914780373786,1.1562863516342834,4.0943445622221,4.110873864173311,1.000088900581841e-12,0.9426755867133807,2.987457910893159,0.2553598651550483,0.03314215858422725,0.07216349402718347,0.06566634968703568,0.17034550032631005,-0.036991671774670686,-0.10401278787306459,1
sim01176,11,1.0,0.09090909090909091,0.21803700762169242,0.45543787825865456,0.07891136300310839,0.04754605174668615,12.0,0.565370442738344,0.008323244553188365,-0.7395512475428576,0.9271646129363387,2.3978952727983707,2.4849066497880004,1.000088900581841e-12,-1.1358947286851195,1.891268789239793,-0.3969094492927582,0.18637549187744018,0.012769911612332555,0.749030564457706,0.05182403203984867,0.18815009969888125,0.183261457291069,6
sim01177,33,1.0,0.030303030303030304,0.2943063075118126,0.7215305644956491,0.14046944805561531,0.039760148991622786,34.0,0.5295721255902374,-0.05856674143527831,0.44690613950270625,1.8035304541547061,3.4965075614664802,3.5263605246161616,1.000088900581841e-12,-0.5729667293893976,2.2343826767459465,0.49673602286029395,0.23412017366929302,0.45030587387184673,0.10147702412123444,0.1717844160758459,0.2718308122338184,0.09848326567443194,3
sim01178,70,1.0,0.04285714285714286,0.21610095133033938,0.8773599511445674,0.547205011909456,0.136102998828262,71.0,0.5858548866106675,-0.033727449773871765,0.5003907132795775,1.639592092592929,4.248495242049359,4.2626798770413155,1.000088900581841e-12,0.8132902514546788,2.8570836598921394,0.7484972848517565,0.046109903315134454,0.0880649516789522,0.12092102615497446,0.11601261159891815,0.20791801651443392,0.08245892103837141,3
sim01179,73,1.0,0.0547945205479452,0.14578945783628453,0.5627853756424555,0.4514363759404635,0.04434825797943465,74.0,0.7124329916536332,-0.010924133697786522,0.015352687730812038,1.0410102891799784,4.290459441148391,4.30406509320417,1.000088900581841e-12,0.7900479583238429,1.9700984242110264,-0.04158506378117311,0.07402760090015154,0.08331818909994074,0.09505131808125136,0.30919485683350073,-0.21090363895076808,0.10538554631794791,1
sim01180,100,1.0,0.09,0.14249410941855925,0.7030761969514866,0.24275578381873733,0.021555947759066572,101.0,0.5897490849755422,0.004602211844727275,-0.17607176089365523,1.0776423533660846,4.605170185988092,4.61512051684126,1.000088900581841e-12,0.0033450849905912565,2.1837660290689893,-0.3055117222817471,0.16217319447649178,0.1759583363447786,0.196540979634808,0.36318573633554385,0.13773265417104127,0.13090230183756985,1
sim01181,102,1.0,0.4019607843137255,0.42407021198793904,0.228324124732942,0.030012399767589112,0.0035808797383958444,103.0,0.21813757712830262,0.05774063508553457,-0.3520254011344165,1.2159462614959675,4.624972813284271,4.634728988229636,1.000088900581841e-12,-1.7374388458551593,2.4989706955182696,-0.5904151092179548,0.2284219972651239,0.44887099296973215,0.2613833259387934,0.06131054898940134,-0.025521968905136364,-0.04546816436782383,1
sim01182,87,1.0,0.11494252873563218,0.31257296385153643,0.8865629001349693,0.3316477267456054,0.08517828124962742,88.0,0.09547414253406422,-0.0006031743009393507,0.2906184702896524,2.4786928497809564,4.465908118654584,4.477336814478207,1.000088900581841e-12,1.3455622765180233,3.1065812632621808,0.834895555038867,0.017984293203858397,0.05311605540236799,0.13580775504563375,0.11663041571719528,0.10691770383952079,0.12274837915547342,3
sim01183,77,1.0,0.2727272727272727,0.3400026499916862,0.3795835286238646,0.11352169142594414,0.01948404973459642,78.0,0.18188450510414061,0.08901108155150077,-0.26714142575277994,1.0262714464597151,4.343805421853684,4.356708826689592,1.000088900581841e-12,-0.27062620521076913,2.58140765720782,0.2016576530086189,0.1330206975236213,0.13132139185305988,0.34336623811293715,0.38965349338038535,-0.1828301839637984,-0.20331439457979214,0
sim01184,58,1.0,0.20689655172413793,0.35772465332701037,0.38129732985514675,0.06520005986591645,0.005451840615986499,59.0,0.7847902677043403,-0.006866614883739056,-0.2702718521607446,0.8075864822045096,4.060443010546419,4.07753744390572,1.000088900581841e-12,-0.9518138927605114,1.5789359020811193,-0.5429246787719927,0.48069333988407176,0.25465532696867027,0.16580350800728477,0.09866033144378351,-0.3024670670425136,-0.23196603122897588,0
sim01185,106,1.0,0.3018867924528302,0.31071217627378644,0.4184418272226904,0.1203773320328247,0.009394074712616081,107.0,0.673624802242957,0.03655400383251982,0.03794944152399385,1.119709447648955,4.663439094112067,4.672828834461906,1.000088900581841e-12,-0.6023343936384459,2.112886991141629,-0.35107987745773567,0.31672865477510875,0.27627865030647475,0.3515365455103311,0.053711855481031946,-0.19327305988436816,-0.2021357751838024,1
sim01186,107,1.0,0.08411214953271028,0.29099490623534097,0.5775011790623142,0.2562050988178636,0.03772940775946728,108.0,0.3811008980107009,-0.051855961345516635,0.061330644236185276,1.2157353475846215,4.672828834461906,4.68213122712422,1.000088900581841e-12,0.08272714794784052,2.75729038014301,-0.2688444501762821,0.14628685488981272,0.047194159953210586,0.016517044872852014,0.3312491638452047,-0.10654699815607863,0.0008659825104752464,1
sim01187,109,1.0,0.27522935779816515,0.3829103152688614,0.27419332477933445,0.0421049116232338,0.004030044794823813,110.0,0.8334501011426948,0.013037706965243605,-0.42931294813068127,1.3493654845919802,4.6913478822291435,4.700480365792417,1.000088900581841e-12,-1.1929491125844522,2.344960971607785,-0.08596404776573169,0.18252385773804797,0.3359171126066216,0.3132570858887695,0.160448025615472,-0.010354543826912168,-0.020086942113069235,1
sim01188,115,1.0,0.14782608695652175,0.22618147550604678,0.5358067554100392,0.15935851837420734,0.008276745091343605,116.0,0.6397788573579912,0.03400650337074387,0.04935050422514959,1.8381119318933439,4.74493212836325,4.7535901911063645,1.000088900581841e-12,-0.36892893380891567,1.7872254175209519,0.15266729629842046,0.16476521216249493,0.22563594404056497,0.3042587842593445,0.22200967969557825,-0.06135176181544774,-0.10753987712431688,3
sim01189,36,1.0,0.027777777777777776,0.2628191826047243,0.6589490243353139,0.23753145035633547,0.050206780431710465,37.0,0.44164480161978636,-0.03494280316117866,0.28503833599402495,1.491466887851102,3.58351893845611,3.6109179126442243,1.000088900581841e-12,-0.03744594261962262,2.0293689870014138,-0.453683317610279,0.24391313620052352,0.05371434302938525,0.22549138459299561,0.13957346913731203,0.025204455597459815,0.09104595338029134,3
sim01190,48,1.0,0.8125,0.48666197754653434,0.09485435331050818,0.002808462329055439,0.0012234628888968596,49.0,0.9248202009891524,0.1492341219915351,-0.9054467514138751,1.1938129938183681,3.871201010907891,3.8918202981106265,1.000088900581841e-12,-3.209089506968975,3.040249146445174,-2.3943018700460574,0.9302425836986917,0.05816977858106794,0.011503971739105404,8.366562506824679e-05,0.3370387905299742,0.062697622300191,5
sim01191,37,1.0,0.1891891891891892,0.3365581103222326,0.3826279909963761,0.06973371588730029,0.015226771671472543,38.0,0.6172720090036239,0.034661974698807524,-0.2967596932786898,0.9371803196269034,3.6109179126442243,3.6375861597263857,1.000088900581841e-12,-1.2201951062701033,2.089289155484486,-0.37210684474321665,0.20747471121295966,0.5664293839140244,0.10051776809832914,0.12114262258131961,-0.482645146238225,-0.3785817545342693,0
sim01192,13,1.0,0.46153846153846156,0.4642069732426677,0.11402673658803786,0.002245623738682078,0.0006929588887638086,14.0,0.8858732634119622,0.18659081446254638,-1.637111667135002,0.9225834662603541,2.5649493574615367,2.6390573296152584,1.000088900581841e-12,-3.8071448555380933,1.3891814307828978,-0.6125741110161331,0.46606687273373115,0.43681382635097554,0.09708217458596059,3.712588402204454e-05,0.2837947291004494,0.20585784152682543,5
sim01193,25,1.0,0.04,0.2673377306750201,0.3452239407504729,0.4941953487320978,0.3790124126325743,26.0,0.6699016866663389,-0.013863100484226348,1.2650316230123353,2.776533738145161,3.2188758248682006,3.258096538021482,1.000088900581841e-12,0.8041646661945826,2.953513898577247,2.8953936989296114,0.02487384561492966,0.024912877965165378,0.027721324170846825,0.07753946236667959,-0.035388780309915005,-0.020507780494310287,4
sim01194,24,1.0,0.125,0.23416213020282897,0.5257995914438202,0.2543981666848598,0.04032746402974248,25.0,0.47515575287627243,0.04565619939447396,0.21080373126913216,0.792331415036583,3.1780538303479458,3.2188758248682006,1.000088900581841e-12,0.01991170648508656,1.3361859316816793,-0.027345541186538286,0.1258605725444807,0.2252385366999843,0.4531970898287592,0.08643423509982168,-0.26375198110012055,-0.20743567778525596,0
sim01195,19,1.0,0.0,0.13612019557845056,0.5033482652606743,0.3825549505444462,0.142369360718156,20.0,0.6482109340825296,-0.03467626198519294,-0.04597006249837386,0.7846423328757421,2.9444389791664403,2.995732273553991,1.000088900581841e-12,0.5173796731130139,1.9559914869522272,0.3221534015150869,0.09218454082369013,0.02613540836065649,0.1402195783494486,0.3255942220147808,-0.10204787061271155,-0.16547742116781902,1
sim01196,86,1.0,0.3488372093023256,0.2702869613899177,0.5501299372753421,0.10074608702426184,0.009320362323565277,87.0,0.4767520579674415,0.03855181414965307,-0.3399621671274085,0.9754798247051176,4.454347296253507,4.465908118654584,1.000088900581841e-12,-0.9066933488092453,2.0739454377643463,-0.70787573570501,0.30860520880683706,0.37161720227987954,0.3113892616154711,0.008130142131049373,0.008662087310703389,-0.07122730246584451,1
sim01197,60,1.0,0.35,0.38530499467733725,0.43434727039370513,0.05283709525597392,0.009188393854078198,61.0,0.5919357842853393,0.076958338817899,-0.172521192745613,1.5695630363103208,4.0943445622221,4.110873864173311,1.000088900581841e-12,-1.5198539252919894,2.3450722055442648,-0.3437014149819892,0.5453678685317155,0.1371106132857298,0.1906594647267716,0.12657067747715806,-0.06410644502702566,-0.1636138151840987,3
sim01198,54,1.0,0.14814814814814814,0.3313968917359545,0.38503426317379114,0.06740514993792536,0.013849173581784651,55.0,0.362838353150758,-0.013905175225396579,-0.24386802967486,1.071982565476088,3.9889840465642745,4.007333185232471,1.000088900581841e-12,-1.2325041104891448,2.4064881839293673,-0.17720567112032387,0.2004231932471977,0.4226642609060387,0.31465577424860824,0.050443329271038014,0.288369309061557,0.20370921774919992,1
sim01199,33,1.0,0.15151515151515152,0.28131218999724594,0.6611129067885166,0.07768201475244141,0.014413708783875724,34.0,0.6612129067885166,0.0396522434935027,-0.583843030251037,0.963112627062752,3.4965075614664802,3.5263605246161616,1.000088900581841e-12,-1.0590687132564653,1.8120635534970715,-0.7241231806729848,0.3506398366479447,0.4383839010337866,0.11860870061772927,0.07515606498052235,0.00887472305232552,0.021802306836363167,1
sim01200,50,1.0,0.18,0.23935671462536307,0.5796141722697885,0.1617043475524966,0.016836714935228914,51.0,0.6875511717489482,0.04872411131663483,-0.08739570116959511,0.9892281964579968,3.912023005428146,3.9318256327243257,1.000088900581841e-12,-0.284052032838082,1.6498152671024116,-0.5746267436187088,0.3119521534064997,0.14333131552780734,0.322998127813168,0.21816900673122205,-0.0733673810395342,-0.05196837196922882,1
sim01201,9,1.0,0.0,0.20633308594433147,0.5462496084561441,0.12098933620085112,0.045578253376548875,10.0,0.6752278275972057,-0.03077275708514366,-0.25022467117188063,0.8704629006230515,2.1972245773362196,2.302585092994046,1.000088900581841e-12,-0.5947163946808675,1.2209528692726923,-1.1407418176611726,0.1981637339806855,0.13594201928680003,0.24009621007864415,0.3829253215824882,0.037426356314452146,-0.1328158379519139,0
sim01202,77,1.0,0.2727272727272727,0.26971601205141826,0.5462531067659401,0.1589097858210773,0.015353760859485562,78.0,0.3795581813818094,0.06883660986429262,0.01626319942539186,1.2836229779922945,4.343805421853684,4.356708826689592,1.000088900581841e-12,-0.39334779522836255,2.006829216167252,-0.6612083543963099,0.21015847836741738,0.2972942900172859,0.3067305713264101,0.185606381984121,0.03869749468627398,0.046069596168005565,1
sim01203,96,1.0,0.0625,0.14445190968442126,0.6374753943922555,0.37809875732793774,0.039029884790370915,97.0,0.6381829710639255,-0.01113684997397893,-0.08610294574727047,1.2333736513043259,4.564348191467836,4.574710978503383,1.000088900581841e-12,0.49314703340145355,2.2935203963365667,0.08111925893818472,0.06646729585890554,0.08285873854538672,0.11930027144500627,0.3905704342475273,0.013070879811625547,0.0417188620065314,1
sim01204,104,1.0,0.36538461538461536,0.2807087397846287,0.6225313378253448,0.1048113803775649,0.019300643158200088,105.0,0.3773686621746552,0.0706259222527025,-0.48859497274465763,1.5159440520867564,4.6443908991413725,4.653960350157523,1.000088900581841e-12,-0.8072595475590028,2.952366960435295,-0.382600625780966,0.152546737603201,0.3065389251903834,0.5056714330142572,0.0352039572846603,0.018782448723786756,0.06278459397952019,3
sim01205,80,1.0,0.525,0.45927643305690447,0.1552334558873546,0.010846270121922798,0.001446651496920447,81.0,0.1553334558873546,0.019679537475007274,-0.6915709609258849,1.490559298342164,4.382026634673881,4.394449154672439,1.000088900581841e-12,-2.492939529166147,2.367456948058725,-1.7286978222628873,0.42276114065926007,0.3885769524822473,0.18862419698380486,3.770978249020098e-05,-0.27379820114671716,-0.12997468267721163,0
sim01206,36,1.0,0.05555555555555555,0.3322800685293532,0.5442114073588427,0.0870910423865359,0.025827104097551436,37.0,0.4553098858258952,-0.12143262391961865,0.5378668272585597,2.0990060057514253,3.58351893845611,3.6109179126442243,1.000088900581841e-12,-1.0464859752880467,2.367989389282393,1.118964562701935,0.49283642396199207,0.10987064129139097,0.27840442677843763,0.02860587814600877,-0.14368459138155584,0.07506587842264911,3
sim01207,70,1.0,0.08571428571428572,0.17834812593364563,0.7138581837726603,0.16436321832963935,0.014999931166822602,71.0,0.7092398496203398,-0.00041148371281047235,-0.40892797588509294,1.3331092569397593,4.248495242049359,4.2626798770413155,1.000088900581841e-12,-0.22685846018545572,1.8544621291012442,-0.04648385667513805,0.1736611442364049,0.14808162869598063,0.10808157046521587,0.37103643214350485,0.20981730902552612,0.14069437356284875,1
sim01208,77,1.0,0.37662337662337664,0.34041580613247246,0.4160816136844314,0.11403536345448595,0.012116939585394778,78.0,0.3992018540960815,0.08802242160430178,0.022747544143690315,1.1139872773780959,4.343805421853684,4.356708826689592,1.000088900581841e-12,-0.7434623183370558,2.101901254528648,-0.82786953438476,0.3582995556786389,0.220109072326429,0.36796495858097333,0.05362127173312512,0.008456878836479212,0.013528965719946596,1
sim01209,96,1.0,0.28125,0.3108091027051224,0.6247491603307259,0.0890396799400388,0.011873335951039224,97.0,0.25667398262817,0.044354617864298174,-0.26915045663604603,1.2951601439446547,4.564348191467836,4.574710978503383,1.000088900581841e-12,-0.762104071771306,2.549561287739579,-0.5566981881551586,0.39330409318426984,0.3996732459415952,0.15175022617770914,0.05211186590412281,0.22428548473107637,0.1921005437687977,1
sim01210,99,1.0,0.1414141414141414,0.28994102010054124,0.4911354024652973,0.1426031267331133,0.01433949605447605,100.0,0.773438499422137,0.0023597163534639595,-0.16302299031039177,1.3853089028192296,4.59511985013459,4.605170185988092,1.000088900581841e-12,-0.2060418778522339,2.2980721070799395,-0.04907317956710766,0.10126262844581316,0.23020326464871863,0.275651680969122,0.33231146599170824,0.05076134032166371,0.046980567182157096,1
sim01211,47,1.0,0.06382978723404255,0.27317606050060794,0.42427633350565813,0.34304207459413044,0.12468953350718107,48.0,0.3845550295619189,-0.0182613991502985,0.14640586290165322,1.2785586077032658,3.8501476017100584,3.871201010907891,1.000088900581841e-12,0.37117595122399,2.8381214112635704,0.06049650397740264,0.045937670971919226,0.18048442862013248,0.06980903816378858,0.012723523393756537,-0.20833587060229888,-0.19985198509039515,1
sim01212,118,1.0,0.4576271186440678,0.39410919455199483,0.37134679679691895,0.040171438453989586,0.005363115995248991,119.0,0.22692966719579505,0.0690298629512993,-0.532277602029537,1.3471308822660546,4.770684624465665,4.77912349311153,1.000088900581841e-12,-1.4740986286966722,2.7570735133897295,-0.8301918800413095,0.4903104808595541,0.3937729613408911,0.06594151942649185,0.04997503834816971,-0.05735533733720084,0.015843075257545695,0
sim01213,52,1.0,0.5,0.45338001147857415,0.1467774204135599,0.013295576755201417,0.002140482648791724,53.0,0.8531225795864401,0.16990377983107752,-0.3861376650821627,1.3975958426717239,3.9512437185814275,3.970291913552122,1.000088900581841e-12,-2.2433149212636865,2.124843650444695,-0.7368462487893874,0.5006884192073963,0.2176447735600181,0.18707030253099738,0.09458216246632899,-0.2324785833809539,-0.21942046171066712,0
sim01214,21,1.0,0.19047619047619047,0.40672841997854725,0.3331901524262591,0.02316053660354964,0.009957584873961554,22.0,0.3335764888471485,0.01970976178628717,-1.0023648054306795,0.8717113694907089,3.044522437723423,3.091042453358316,1.000088900581841e-12,-2.261592461128156,2.2004071747290235,-0.3108242254603677,0.6672776990208301,0.1706139500346253,0.06520131628915905,0.09674567508633394,0.026445375502637154,-0.052902027230035585,0
sim01215,33,1.0,0.24242424242424243,0.4441726984427,0.19262575855808084,0.02125931055544568,0.006856498130256655,34.0,0.8072742414419192,0.011084976338625771,-0.056895840167800166,1.3677928530304717,3.4965075614664802,3.5263605246161616,1.000088900581841e-12,-1.9903814549227945,2.364909451622187,0.5295950813435139,0.2115039574880003,0.11463778496347907,0.36176928845004136,0.29713867078392797,0.14009827056237,0.011806448441183877,1
sim01216,39,1.0,0.05128205128205128,0.12363635630773984,0.7565341607312654,0.4395653261706687,0.1428495644923448,40.0,0.6686115882857987,0.0031073662934023383,0.2957879366406316,1.8600388289238954,3.6635616461296463,3.6888794541139363,1.000088900581841e-12,0.6850471798231851,2.5395673824583347,0.5831453263647512,0.06565341890615563,0.09202940050324483,0.14845842588290387,0.08458186408210963,0.27847624299754553,0.09501131993546627,3
sim01217,18,1.0,0.3888888888888889,0.44691352928629613,0.19072458455706504,0.020946235533291693,0.008441933295096469,19.0,0.03417541265039898,0.09384002905078147,0.7397192519966285,2.3883208997182996,2.8903717578961645,2.9444389791664403,1.000088900581841e-12,-0.4547744672202863,1.981624160858255,-2.528695677846722,0.03438831269794112,0.49016423099962514,0.4746977544583175,0.000749701796374995,0.32542873531405003,0.09711832752783767,6
sim01218,50,1.0,0.06,0.22153770232719994,0.8204315930737587,0.219144808697221,0.033204342313535765,51.0,0.2163762291579447,-0.02287844802099229,0.06336065060517902,1.323111245879659,3.912023005428146,3.9318256327243257,1.000088900581841e-12,0.25654030200793076,2.0249709269460756,-0.8559175731348968,0.12749646971752404,0.34198734954666027,0.2296865177308242,0.26558807836107423,-0.0619305721105524,-0.07573840456099784,3
sim01219,81,1.0,0.2716049382716049,0.32890154902469254,0.42360625082279213,0.07954929642651636,0.014938817922186645,82.0,0.24876133716346088,0.059214061508248185,-0.4641538365019156,1.4159700116639296,4.394449154672439,4.406719247264253,1.000088900581841e-12,-0.854085156890383,2.7220352982949896,-0.8209610507598082,0.3912884300217323,0.21652222291677836,0.3520005785850851,0.03734039053151142,-0.11315790516073498,-0.06862797378657763,0
sim01220,54,1.0,0.07407407407407407,0.3337285714115714,0.41142710286382633,0.280396147620259,0.06704147960212609,55.0,0.9711266482076271,-0.04327410337538931,0.04097026903723355,0.8505159377532124,3.9889840465642745,4.007333185232471,1.000088900581841e-12,2.302582718230968,2.558092156560386,0.04203142073346677,0.01142675395773581,0.036597918909417444,0.10665735280716655,0.2796586233220617,-0.3251243483556008,-0.17210535824518686,1
sim01221,24,1.0,0.375,0.3486103666422768,0.6548537857854829,0.12689701945135579,0.03578051434593789,25.0,0.2822882434149408,0.09472041146746775,-0.009669907951896851,1.0150224381622095,3.1780538303479458,3.2188758248682006,1.000088900581841e-12,-0.46786555784977363,1.9120813963362953,-1.9980116057461181,0.3621243590848217,0.5720110627546466,0.06531331807006953,0.0005136904337100968,0.42312756553918335,0.3314633189964127,6
sim01222,56,1.0,0.16071428571428573,0.21438651368849612,0.6232812912335836,0.20975308602908999,0.042685835650546795,57.0,0.5980036458829888,0.019430147164949514,0.2207913197293982,1.550621913895294,4.02535169073515,4.04305126783455,1.000088900581841e-12,-0.13635353282977408,2.433287779778822,0.38662309603145645,0.1331114812624726,0.31329579124127027,0.3709845085110253,0.1395235029025349,-0.04810219825855645,0.028019135645613227,3
sim01223,40,1.0,0.1,0.19244560198613186,0.6318416649320763,0.5006896360635348,0.27004766752297665,41.0,0.6972917980790714,0.039763213379893345,-0.09110010757034137,1.8003606631448092,3.6888794541139363,3.713572066704308,1.000088900581841e-12,0.8637684159138038,3.071491523607845,-0.04409115219873461,0.02918153944693352,0.007046940707719672,0.16198587046434298,0.04927590546095819,0.1323355476148126,0.0861939477853145,3
sim01224,22,1.0,0.045454545454545456,0.1502264860621061,0.7203960333300926,0.3332867182573534,0.08769069571022034,23.0,0.5566228334095245,-0.010426624032848624,0.1341295063704132,0.6301595588019923,3.091042453358316,3.1354942159291497,1.000088900581841e-12,0.3004497433549034,1.7558551195030538,-0.19594598030705873,0.13395144228017797,0.1283292283756206,0.21917261973778726,0.2525948877226653,0.11013217379625391,0.17550284587546777,1
sim01225,18,1.0,0.0,0.10184803634129865,0.4531798387628623,0.630105425692321,0.4313403919318371,19.0,0.45950637668566385,-0.03288596339527757,0.11867885790825294,1.1819137856725843,2.8903717578961645,2.9444389791664403,1.000088900581841e-12,0.9310067683337395,2.511382160976989,0.8028998878878126,0.017184387737756435,0.0864668796166463,0.06156704113476877,0.14860913890721433,-0.22881256509409212,-0.2865158877500319,1
sim01226,35,1.0,0.05714285714285714,0.24596832005955724,0.5105713974166377,0.3299800177771694,0.12386512202469453,36.0,0.7648242808319783,-0.0063716048468630895,0.25204959370377755,1.7199279773691862,3.5553480614894135,3.58351893845611,1.000088900581841e-12,0.6068082943678312,2.575509208949554,0.5768053575618005,0.030760496501004004,0.06649285663112114,0.19827600867104103,0.20530372034082983,0.11185248549827603,0.03614422331589673,3
sim01227,41,1.0,0.0,0.15033313608691012,0.6206744857454713,0.5191734078687382,0.06631517744050855,42.0,0.6009036097210645,-0.05109741588916834,0.44410887041175073,1.4481347197119818,3.713572066704308,3.7376696182833684,1.000088900581841e-12,0.7723557196744967,1.65575291173713,0.6604773252118643,0.05149624368860073,0.08338980179546417,0.18176597411822473,0.2828549393612971,0.010588181901314914,0.01361636782909985,3
sim01228,105,1.0,0.34285714285714286,0.3621856560824375,0.3586168660703855,0.057371841224199874,0.0056426043247158044,106.0,0.2385460826974357,0.03942944012545786,-0.48143517685562653,1.323689913008873,4.653960350157523,4.663439094112067,1.000088900581841e-12,-1.1524832743926463,2.3347524551885033,-0.511495243100174,0.3536212029996403,0.2838975598021833,0.28756318111329093,0.07487974869485432,-0.10131056839370253,-0.0733249627603353,1
sim01229,36,1.0,0.4722222222222222,0.4886523060189737,0.03126956991362693,0.0024604452494974885,0.0004378566644191478,37.0,0.02599591925420152,-0.08544685449842208,0.3934316910888079,1.4455544077127322,3.58351893845611,3.6109179126442243,1.000088900581841e-12,-2.3312574586066748,1.8573129244629465,-0.4435155540331336,0.22344066602854523,0.38751673017896915,0.20523883217261962,0.13574981186586776,-0.27182781423071906,-0.2165923038494677,3
sim01230,14,1.0,0.0,0.12671997903163823,0.46065551249547765,0.3777342154356953,0.15067468085989186,15.0,0.6968267479489689,-0.030609255183254493,-0.1847928253317032,0.7503434979148069,2.6390573296152584,2.70805020110221,1.000088900581841e-12,0.5811048508296015,1.7199895963451874,0.3610121790124538,0.019711278192384506,0.031299216206355486,0.18122817474873637,0.2825655250148244,-0.6972003024052714,-0.5341993728333878,0
sim01231,33,1.0,0.42424242424242425,0.3742783150899947,0.7245550194469987,0.0941555625183513,0.03425445011921962,34.0,0.5363297687147258,0.10839569140217159,-0.18280312506159924,1.1690742691950196,3.4965075614664802,3.5263605246161616,1.000088900581841e-12,-0.9712191893490797,2.485375713095197,-1.9569833577090558,0.4433155945858364,0.5172893890069619,0.03927342467903819,0.00012125405979264196,0.6047974972197036,0.2419098336852824,6
sim01232,12,1.0,0.16666666666666666,0.14797116569854693,0.6076147162817711,0.14134574058367544,0.04140712433282566,13.0,0.4753823864444465,0.1371379714522277,-0.6180057306723437,0.7489027135981942,2.4849066497880004,2.5649493574615367,1.000088900581841e-12,-0.5678249175053608,1.2571506512280628,1.001180708065232,0.06623000163230153,0.148817274903118,0.29867368649703707,0.35262255319346386,0.30809384040025894,0.19884762945149015,5
sim01233,107,1.0,0.6542056074766355,0.46364750765220875,0.18197146418211052,0.007773392354256189,0.001193403930914147,108.0,0.1484265840400254,0.07380882934590188,-0.4354920062565076,1.6144340634687204,4.672828834461906,4.68213122712422,1.000088900581841e-12,-2.788714223746241,2.7989318259850453,-0.7419130011242173,0.6346007349240563,0.2783482469971853,0.06540812395428233,0.021642893995831938,-0.1166479695312889,-0.17112440342653978,0
sim01234,16,1.0,0.0,0.2658188592764054,0.621133583467788,0.057296168965943445,0.015743716492653468,17.0,0.3656844233038835,-0.06298300216703148,-0.09210820974644253,1.4457648326800199,2.772588722239781,2.833213344056216,1.000088900581841e-12,-1.3983282744476733,1.480796292593014,0.9682819820662265,0.2993642777271127,0.14378618250710382,0.3990345176968428,0.12514510144156157,-0.13195454493527417,-0.2411487286162842,6
sim01235,28,1.0,0.75,0.47129229752511165,0.17330639114362478,0.005120327521355043,0.002251828299326616,29.0,0.8265936088563752,0.20147031815399513,-1.146029877716306,1.5299389972995479,3.332204510175204,3.367295829986474,1.000088900581841e-12,-3.331977406485055,2.5107285628632243,-4.779134062827686,0.8941572648613524,0.10276778137356993,0.003074953569777464,0.0,0.5609228468794404,0.06594090602764525,5
sim01236,119,1.0,0.6554621848739496,0.4488624502551265,0.2830143121479215,0.02031731262879502,0.0018619629435227775,120.0,0.7171213996560469,0.02462071845241347,-0.35484096241017543,1.2515172170769393,4.77912349311153,4.787491742782046,1.000088900581841e-12,-2.301034333471755,2.389281403566326,-1.6877303057991584,0.773982130440238,0.20550854347779596,0.01774806725827443,0.002753025448409289,-0.2110740548963424,-0.3202536824087624,0
sim01237,90,1.0,0.2111111111111111,0.25978895719816975,0.6601509882977478,0.18988729403057325,0.021812721727005824,91.0,0.6602509882977478,0.04258297147996597,0.10664739162033718,1.339220482354003,4.499809670330265,4.51085950651685,1.000088900581841e-12,-0.16664120633573495,2.3358723281067366,-0.4047982674570085,0.20941348551712072,0.29592019317280543,0.3485563345141677,0.11537075372378805,-0.10235021522712298,-0.11363009475120302,1
sim01238,84,1.0,0.17857142857142858,0.373430393273366,0.637871383938194,0.32455752092429274,0.06749542335769664,85.0,0.8595433076984587,-0.040141493465004056,0.5487847127087228,2.0632984608742504,4.430816798843313,4.442651256490317,1.000088900581841e-12,0.9889176475309719,2.8604138114682054,1.112670953903144,0.019805554943199032,0.041987693568064914,0.028673077588061886,0.039248851769161694,-0.10901592021242039,0.1403151320607638,3
sim01239,88,1.0,0.3977272727272727,0.3543278585297936,0.5945291630921505,0.07427919773809273,0.014178396596313913,89.0,0.5075755239018707,0.058618612780228375,-0.25803683862862675,1.3048419270352054,4.477336814478207,4.48863636973214,1.000088900581841e-12,-1.213400401335774,2.8212253171455646,-0.566226325048426,0.5909273987339515,0.20776705913370586,0.1908092443962227,0.009554507607577143,-0.19127050975914225,-0.2055834597050879,1
sim01240,27,1.0,0.14814814814814814,0.24735639556830294,0.6119114727657499,0.337670409315209,0.09113106910725337,28.0,0.2733665704790229,0.08679129640330428,0.40727565433642865,1.2043951653621476,3.295836866004329,3.332204510175204,1.000088900581841e-12,0.5305898079659871,1.9860653566717337,0.08767800656349611,0.25800868803781285,0.05292106474930745,0.027426347869441866,0.26391431753374794,0.380513884047626,0.346277183260862,6
sim01241,71,1.0,0.11267605633802817,0.20486836945401002,0.863257918598598,0.3737881272682798,0.052685569395317655,72.0,0.5022682256660309,0.03225408574801506,0.09662175341266571,1.2562432852999859,4.2626798770413155,4.276666119016055,1.000088900581841e-12,0.4022487939987633,2.3033323371449317,0.3294442728199491,0.06861477436171617,0.05916184656978959,0.18392069177320391,0.16158923408817227,0.017458887060835374,-0.058528832741854254,1
sim01242,50,1.0,0.54,0.4421516897159838,0.2668862348613391,0.013145508954214163,0.0039675585989580936,51.0,0.2669862348613391,0.11173785920063903,-0.6425645829527018,1.6115113528372258,3.912023005428146,3.9318256327243257,1.000088900581841e-12,-2.700526128184978,2.714093769032981,-1.4388246913717,0.5656606743574865,0.3754858056753256,0.0381143238191655,0.02073919607195082,0.10114892701151164,0.23368436108980192,0
sim01243,75,1.0,0.68,0.4425788012994417,0.3144063177266899,0.04806665405496743,0.015479639879908627,76.0,0.3145063177266899,0.1151094279873963,-0.0003527345313962131,2.149393573441188,4.31748811353631,4.330733340286331,1.000088900581841e-12,-1.500799494026622,3.184425042556378,-2.7071672273800056,0.9276586157188947,0.06557835473458663,0.006514159261619303,0.00024887026409484196,-0.09507999553198064,-0.12746107998637365,6
sim01244,67,1.0,0.14925373134328357,0.24722818432102692,0.40035256191782664,0.16966550664293245,0.03360068288005088,68.0,0.6939265557634087,0.036055677229911286,-0.15723762875451575,1.2254466290977162,4.204692619390966,4.219507705176107,1.000088900581841e-12,-0.224607044707867,2.585410118815518,0.5147134729659731,0.10198513941840373,0.1681817123164176,0.16654628900017918,0.535189541352532,0.1811743820904437,0.11330162554413252,1
sim01245,42,1.0,0.23809523809523808,0.3455885018122314,0.4924509722458068,0.05728450710191629,0.008421226129478307,43.0,0.5346076329758876,0.026554203020740512,-0.5049485150986355,1.3202713197188334,3.7376696182833684,3.7612001156935624,1.000088900581841e-12,-1.4686284473717912,1.8203948514042962,-1.0674366100823955,0.3428531379005014,0.3795868075098357,0.223401067566607,0.05408949691096124,-0.3784206611722489,-0.36359092039007007,0
sim01246,81,1.0,0.12345679012345678,0.312482563413744,0.39918987236143677,0.14833064032542592,0.013145357787158347,82.0,0.6247194029133623,-0.026958201992597693,0.08675950712966109,0.9738191097779089,4.394449154672439,4.406719247264253,1.000088900581841e-12,-0.4577774814407013,1.971073992288188,-0.2943847391614681,0.23580255910576958,0.12845336169963326,0.3568014576069568,0.27017738612996534,0.017916367625662934,0.023056754698122378,1
sim01247,37,1.0,0.43243243243243246,0.3439311280891078,0.4634200097024207,0.1358273750389037,0.045995335676293374,38.0,0.44520121030968207,0.09278566115933458,0.0681508638408454,1.770875037242824,3.6109179126442243,3.6375861597263857,1.000088900581841e-12,-0.5979917875949923,2.528073127093594,-2.0883072663180453,0.321863540677817,0.6547249965771725,0.023203974473967034,0.00020748826368112522,-0.14537210956862306,-0.09326667282742819,0
sim01248,94,1.0,0.5531914893617021,0.4458027911353717,0.21354120589020276,0.024040922212664996,0.003296574168001586,95.0,0.7863587941097973,0.13905588520090678,-0.27478403123977924,1.1927325101224617,4.543294782270004,4.553876891600541,1.000088900581841e-12,-1.944198419740426,2.556421106473113,-1.116108150124287,0.5780103938875366,0.22639777291300237,0.1730239502654097,0.021525510674205935,-0.005691031609617546,-0.06414804671626727,0
sim01249,93,1.0,0.043010752688172046,0.18321657246678272,0.7185425699434529,0.704258548663161,0.22819967369863015,94.0,0.301180229087457,-0.03750979378020711,0.058363067350805764,0.9668400661650354,4.532599493153256,4.543294782270004,1.000088900581841e-12,1.2077991005248774,3.405674955200826,0.003803424828991965,0.045846985891492914,0.02764143959946196,0.07526820808072722,0.08441950755041863,-0.3274088504295039,0.006344572284999214,1
sim01250,68,1.0,0.20588235294117646,0.43271384779909106,0.24288863435833177,0.0398791372700244,0.005499433769318475,69.0,0.1384426713862203,-0.03372543040703769,0.4881998770010435,2.325594946344144,4.219507705176107,4.23410650459726,1.000088900581841e-12,-1.0955893230836344,2.2382995278475897,0.501680668596509,0.1540943125085629,0.5756485817252696,0.0641866823855872,0.15499927408407865,-0.08426123604444823,-0.15694632206746262,3
sim01251,28,1.0,0.39285714285714285,0.3183572178311845,0.5658915167003267,0.08235500134800511,0.031678307564509026,29.0,0.5386151969072643,0.13126164614365216,-0.4956639548874339,1.4842547408830749,3.332204510175204,3.367295829986474,1.000088900581841e-12,-1.1044393376425459,2.376797464945623,-1.2053392493342,0.4387151795512759,0.3984732684288098,0.16255434416266068,0.00025720784511099477,0.34388714561961586,0.31587853911441016,0
sim01252,110,1.0,0.38181818181818183,0.3146645825554303,0.5779478932110576,0.10180490582044296,0.010177465973231414,111.0,0.560615673618838,0.016564312679258994,-0.1571328465840294,1.3162833109115495,4.700480365792417,4.709530201312334,1.000088900581841e-12,-0.8835965130871924,2.397598129141035,-0.3407686699925246,0.416246623494741,0.3085238782198332,0.2594203161845139,0.015808418041091885,0.03829111773232754,-0.0156621434896387,1
sim01253,73,1.0,0.136986301369863,0.18978161981522138,0.6359866473033952,0.37587997569038195,0.06489060313114764,74.0,0.5473961556742865,0.058810113244365185,0.022253381197042503,1.6041574973445951,4.290459441148391,4.30406509320417,1.000088900581841e-12,0.416835157088321,2.5338923853886652,-0.707626970127935,0.10489584840953012,0.05956005381850382,0.17376636968646658,0.15959820813220427,0.12306014357473162,0.11046008608686926,3
sim01254,112,1.0,0.21428571428571427,0.17349743172888013,0.5820540174532294,0.1892570602362667,0.009090854387235349,113.0,0.44774320876824814,0.05921913367188615,-0.25041809729069664,0.9613101092796259,4.718498871295094,4.727387818712341,1.000088900581841e-12,-0.2673715359681587,1.682661568558768,-0.3752458363920723,0.12128362473466212,0.26815219319055056,0.26695422738761176,0.290477256983829,0.0653055128111138,0.04460941672699654,1
sim01255,102,1.0,0.10784313725490197,0.11859904555166846,0.626568274467598,0.468903159598584,0.16476215212472192,103.0,0.48942114397410275,0.032047010352024174,-0.11923960470555235,1.8288621700214212,4.624972813284271,4.634728988229636,1.000088900581841e-12,0.6293830955333319,3.579079480341494,0.366038753465856,0.04514585273970914,0.0700767023559711,0.10430948310404706,0.1526199415682984,-0.14656876191933665,-0.03586830910009411,3
sim01256,55,1.0,0.03636363636363636,0.1801830501874588,0.43516934225645265,0.3556130896904979,0.10158455370345808,56.0,0.252337389661044,-0.025958299901999552,-0.09372488073580042,0.7840434456814215,4.007333185232471,4.02535169073515,1.000088900581841e-12,0.6338797316584267,2.754381365080926,-0.6708998229251952,0.04069301246493579,0.16535165112221006,0.14166991625082198,0.17301463012926524,-0.08432111552760858,0.0030681583741771247,1
sim01257,71,1.0,0.08450704225352113,0.2375719106432971,0.8188185232812231,0.44620805112834366,0.056305513285943895,72.0,0.16105229586281533,-0.002579680913091291,0.25995151212234313,1.933089167612838,4.2626798770413155,4.276666119016055,1.000088900581841e-12,1.1946630999714323,2.1926870085757093,-0.14758313109812288,0.014970168434620571,0.05289974842891896,0.06974720300300934,0.10118803438660584,-0.2919934305720669,-0.10951115605166503,3
sim01258,71,1.0,0.4507042253521127,0.36743490168815485,0.3864140388882872,0.05085091732962693,0.0065501968560542434,72.0,0.6134859611117128,0.11198392383888299,-0.7304913481121166,1.1242239641451026,4.2626798770413155,4.276666119016055,1.000088900581841e-12,-1.539672129866247,2.213276817106856,-1.1343545271723143,0.4280276267222422,0.33455504099959227,0.23381759987516607,0.003599724184054209,0.08688414966687869,0.14800630336290002,0
sim01259,13,1.0,0.15384615384615385,0.2849672897266496,0.4901464823996857,0.11025714061732947,0.04069687319992212,14.0,0.6256230512555148,0.08784299214480154,-0.35789219699818464,0.9308874525775892,2.5649493574615367,2.6390573296152584,1.000088900581841e-12,-0.7534406506513158,1.5682853415770253,-1.7470909245211537,0.12306465821840058,0.8066166228241636,0.0315295807717546,0.03827303109534743,0.06956513283942639,0.10799894944875575,3
sim01260,12,1.0,0.0,0.2591093225582499,0.45102884066571947,0.10308062492363598,0.026180523814208833,13.0,0.7465209364793503,-0.04734511889942642,-0.3544327041687363,0.3568829264867198,2.4849066497880004,2.5649493574615367,1.000088900581841e-12,-0.6074381654690004,1.1144109698967235,0.052667294610532156,0.16063408107660118,0.38622730535817607,0.060640204010745796,0.38977673973320237,0.28113678269767733,0.39107742593913786,6
sim01261,60,1.0,0.1,0.20106428898393508,0.7404314766335408,0.3149093983898884,0.08428467957332751,61.0,0.708711407028072,0.02736153650692667,0.13766539459868402,2.204224818176986,4.0943445622221,4.110873864173311,1.000088900581841e-12,0.4222773467212294,2.7762597002690885,-0.7146245253992316,0.03759560095615932,0.15066777679325669,0.11916828511959343,0.26545547670698283,0.4399967712081212,0.26190424264829504,3
sim01262,106,1.0,0.49056603773584906,0.3967611758339498,0.4550168008233703,0.044017910872979904,0.0057950218918121936,107.0,0.21790324677385692,0.08436968332418715,-0.37279151237469116,1.5426224909205732,4.663439094112067,4.672828834461906,1.000088900581841e-12,-1.3536777049940611,2.6358417299834613,-1.3437521387230753,0.5633970924635366,0.33243970250166205,0.06160057822623547,0.042562626785847824,0.3339990209234331,0.2833806317715866,0
sim01263,14,1.0,0.07142857142857142,0.25706008029402166,0.8166253757382579,0.12015873254012205,0.06085108518930708,15.0,0.16270433884056656,0.023992867779518732,-0.45515837339855664,0.9833046428613617,2.6390573296152584,2.70805020110221,1.000088900581841e-12,-0.12554301001744814,1.9586733427733674,0.2639047086873298,0.11089720957706921,0.008781042357590042,0.7338817773990048,0.12908046545102256,-0.06144750643538415,-0.3269412201737793,0
sim01264,35,1.0,0.5142857142857142,0.46773946025534396,0.11422922560595739,0.01280997746244673,0.005640244527407677,36.0,0.9298394396754872,0.11238972041313376,-0.1728677289459755,1.290421731850878,3.5553480614894135,3.58351893845611,1.000088900581841e-12,-1.627818624565341,2.7350511228926844,-1.2001467069932938,0.24556860273459216,0.7150371779178134,0.03132728594244117,0.007714873392884339,-0.46872663705662676,-0.5040234350769859,0
sim01265,103,1.0,0.04854368932038835,0.2199925170135548,0.6484020808119487,0.4122765351259061,0.10557285194162654,104.0,0.5926289212152307,-0.04273423313458589,0.1275193433322765,1.0020821294835134,4.634728988229636,4.6443908991413725,1.000088900581841e-12,0.5351566555027438,3.2724359163673213,-0.10218385132652888,0.06869012410288569,0.10113078738177997,0.07648023467524553,0.13378398186066137,0.04109112006800736,-0.010164484450369165,1
sim01266,54,1.0,0.12962962962962962,0.22067462683026234,0.7001479760729735,0.2552072767431255,0.04681943995827418,55.0,0.8561990631159055,0.049445770387046464,0.06847281464769621,1.5418766764733638,3.9889840465642745,4.007333185232471,1.000088900581841e-12,0.7288984839964905,2.29320648182567,0.009860699520136962,0.06663178936016878,0.12090038794382503,0.43757774892023993,0.22230111057209562,0.23428339625484335,0.10405379598584404,1
sim01267,29,1.0,0.3448275862068966,0.32938937062138146,0.6028370586627487,0.13232176547304172,0.04749455464610592,30.0,0.23031846924474259,0.18142222680476244,-0.2903238497971229,1.4086605578718592,3.367295829986474,3.4011973816621555,1.000088900581841e-12,-0.29244798032162916,2.3426743215912493,-0.5245316230248777,0.03228297046371003,0.43991326259436647,0.4508848510263618,0.07686184805534339,0.4901007197688197,0.4077929734360956,0
sim01268,118,1.0,0.2542372881355932,0.2894887652186441,0.5353495019047126,0.12751849163736084,0.028035323587260935,119.0,0.5144831083481014,0.03696217538933377,-0.31237490357469855,1.1984464017038035,4.770684624465665,4.77912349311153,1.000088900581841e-12,-0.6723601374240237,3.255888508812887,-0.046887301974794016,0.2196731286611405,0.12347065639742824,0.15790934090889513,0.49566664604208743,-0.022194630541549694,-0.08582968725224274,1
sim01269,9,1.0,0.1111111111111111,0.09487380902082976,0.40315596926883257,0.12865349746680987,0.05010338749858128,10.0,0.49704994126238883,0.08607563461974133,-0.6786871979794359,0.4861360628802818,2.1972245773362196,2.302585092994046,1.000088900581841e-12,-0.6643033816020757,1.2541904735691634,0.509978183250374,0.16995576064549564,0.18485090728638706,0.012808760634393226,0.24294014523677954,-0.5472544908391,-0.6479327760315872,4
sim01270,87,1.0,0.22988505747126436,0.27616846006263956,0.4952867618347845,0.11693806837316341,0.018153774070913776,88.0,0.40115003851355807,0.0751295072004379,-0.47954593788358924,1.0531021805372571,4.465908118654584,4.477336814478207,1.000088900581841e-12,-0.7199468597927962,2.603142130342676,-0.17667054441587832,0.2160826667312551,0.13244886158548005,0.25493464080421674,0.3335617002958212,-0.10049868742982192,-0.08984998706872825,1
sim01271,110,1.0,0.3181818181818182,0.25417321760907174,0.6217987034422481,0.14342097814834767,0.01257367414211556,111.0,0.592631412458512,0.03290146430054227,0.07520498033303223,1.2203125812374929,4.700480365792417,4.709530201312334,1.000088900581841e-12,-0.5207515501234478,2.2663014309191953,-0.18211318302401763,0.3405621026655661,0.3204057394223178,0.3189686126430693,0.010715778668819667,-0.05173197742583003,0.08128370886166356,1
sim01272,118,1.0,0.5338983050847458,0.4347874845759591,0.3029563960431546,0.026384644122390506,0.0033788161856263973,119.0,0.3030563960431546,0.025510419826461257,-0.5537703113372834,1.2230016834163564,4.770684624465665,4.77912349311153,1.000088900581841e-12,-2.0800859507821436,2.715427848606015,-1.177661700168293,0.5755773878614354,0.25694532206811904,0.16608247013358143,0.0013948198989633361,0.1232448304540576,0.02708368519587511,0
sim01273,92,1.0,0.5217391304347826,0.38186970157222644,0.3831661745148529,0.06103604045779813,0.013845958818120804,93.0,0.6177582168330915,0.07676943150917899,-0.4501438845821099,1.559717883189524,4.5217885770490405,4.532599493153256,1.000088900581841e-12,-1.3529306987443837,3.0383174667048185,-1.4327560266894501,0.5443600934321651,0.3551765039392922,0.09960438018110847,0.0008590210728226756,-0.07307809637271641,0.04008366883874584,0
sim01274,51,1.0,0.8823529411764706,0.49120619490989326,0.07408422420752214,0.0009875167820848302,0.0002662642620939032,52.0,0.9299724067354294,0.1519546479169831,-1.1976989703991985,1.7350553238239181,3.9318256327243257,3.9512437185814275,1.000088900581841e-12,-4.188850777256692,2.6211213758270167,-20.161555631708392,0.939528652743528,0.06025143537063751,0.0002199108731935597,0.0,0.24960862993426639,-0.0988514483464115,2
sim01275,95,1.0,0.2736842105263158,0.3603381390262699,0.3733898655608786,0.10155401496625355,0.015985618643925576,96.0,0.7136635253718738,0.019291061393745895,0.09217620566192493,1.3948791638222793,4.553876891600541,4.564348191467836,1.000088900581841e-12,-0.6992330992287744,2.7049755499322594,-0.637871156797634,0.1482721691547004,0.21111644652823752,0.5139385679836372,0.12637750673368225,-0.03341420271649051,0.08220583699788159,1
sim01276,43,1.0,0.7209302325581395,0.4665538034792289,0.262766420741881,0.021563037744588117,0.009683285387732431,44.0,0.262866420741881,0.10236699534346234,-0.7332534712632025,1.5766099852089897,3.7612001156935624,3.784189633918261,1.000088900581841e-12,-2.1956792079053837,2.960620723707241,-7.338411881884718,0.9864051787318162,0.013048226634896057,0.000545843188586658,7.513983253690992e-07,-0.3423871929597722,-0.20434914348962405,5
sim01277,104,1.0,0.8557692307692307,0.4848976487791061,0.12034106211987837,0.003533278704344448,0.00087375399819849,105.0,0.11067698528054087,0.06367825310242071,-1.0865922763200375,1.600943847117041,4.6443908991413725,4.653960350157523,1.000088900581841e-12,-3.3270949014985756,3.24720821001777,-3.561609256725709,0.9708351751712385,0.023964863399268236,0.0051785938789570204,2.1367267512969632e-05,-0.32127572043711317,-0.21872685517554918,5
sim01278,77,1.0,0.11688311688311688,0.2197947277386174,0.9116380624987801,0.2707414582255873,0.05401375544621948,78.0,0.45780430370996744,0.028423609323591975,-0.0031800175901688815,1.366220612112925,4.343805421853684,4.356708826689592,1.000088900581841e-12,0.08685080793477232,2.7318798293824997,0.3014847076960435,0.08566685007548948,0.14830678706546668,0.03676575080389353,0.5210520301138178,-0.08318501569422106,-0.03347903232923145,1
sim01279,27,1.0,0.0,0.1954472850844454,0.5417125246129086,0.2572177824306976,0.0637798968161241,28.0,0.5973791811487568,-0.046782713866838084,0.1331635398509628,1.2266735291003863,3.295836866004329,3.332204510175204,1.000088900581841e-12,0.06713112853652199,1.9013517811798162,-0.2788173786157021,0.030006549788698753,0.38656452796406665,0.12217438431943177,0.3497768101270335,-0.04814778750658388,-0.026641058942425695,1
sim01280,87,1.0,0.6206896551724138,0.422812500110075,0.4270179475418878,0.03879481283201452,0.01011891099437624,88.0,0.5728820524581122,0.0825658859881369,-0.5622724152552622,1.7455068332864065,4.465908118654584,4.477336814478207,1.000088900581841e-12,-1.8416982254320315,3.1220276175331056,-3.944013054656023,0.6693695295085328,0.32185788516861263,0.00877258529707799,0.0,0.2720437294504672,0.11648164328002689,5
sim01281,50,1.0,0.34,0.2706412297854077,0.5878234984515515,0.1519768552945969,0.023674018457693298,51.0,0.3661304158636316,0.09512315776059334,-0.15507375819700933,1.0314122147281515,3.912023005428146,3.9318256327243257,1.000088900581841e-12,-0.4233493070124704,2.052672942880082,-1.0682023639917764,0.28239463437961565,0.2975745752848613,0.3830394224217961,0.0369838728383591,0.07321028916430887,0.0618121156799882,0
sim01282,66,1.0,0.2878787878787879,0.29930665152418345,0.553876029343032,0.1274348840580605,0.025444815463700025,67.0,0.32200816824996586,0.05045570725170854,-0.14459490991655996,1.7375176680616047,4.189654742026425,4.204692619390966,1.000088900581841e-12,-0.538351352904757,2.5785612283323958,-0.7736969210202864,0.4819304662452107,0.17766788148081136,0.30432170482246645,0.03607148137868004,-0.1797294178220496,-0.15210952805012298,3
sim01283,55,1.0,0.14545454545454545,0.20768579805169296,0.7124849915067448,0.42046019712074545,0.11524196661363291,56.0,0.6343048869637536,0.08151872838411718,0.10888383244016198,1.2647349026248949,4.007333185232471,4.02535169073515,1.000088900581841e-12,0.5947754029769519,2.713017341695968,0.2017995317343382,0.0991955075381355,0.047683849484913984,0.15439326659692215,0.10222718755534646,0.22709624111435955,0.06070373230467208,1
sim01284,56,1.0,0.3392857142857143,0.3516761650565929,0.509354669370824,0.05302519167964586,0.007736990338581539,57.0,0.42782644360764105,0.03422951180840864,-0.3884909976545152,0.7743524414199134,4.02535169073515,4.04305126783455,1.000088900581841e-12,-1.529637579043011,2.1005973413093852,-0.6486223688109969,0.3953762451227845,0.45835794172969735,0.13789081402776784,0.008358148212009453,0.07817257029094841,-0.11946716981294139,1
sim01285,67,1.0,0.208955223880597,0.3121739258154197,0.5317584047759051,0.07884816538007204,0.005899451409710615,68.0,0.4109698203102192,-0.015069215131654759,-0.25575036007213814,0.9171596521972046,4.204692619390966,4.219507705176107,1.000088900581841e-12,-1.1217178781852815,1.6120279379713516,-0.2321402652846153,0.4318956420946542,0.32464895302676994,0.21676781049901572,0.025693785065781304,-0.09043070866289944,-0.0015407612639633103,1
sim01286,51,1.0,0.0392156862745098,0.14340605881462448,0.801276877255549,0.3776104657483578,0.09354453479861106,52.0,0.5950972440697258,-0.016700490142151542,0.3241620583801034,1.3371868689150228,3.9318256327243257,3.9512437185814275,1.000088900581841e-12,0.44924667229799076,2.536400113120639,0.3340358292798099,0.08209376987616879,0.10834572007740405,0.29751371190388554,0.10826459214312782,0.09787214176217025,0.04594117552572093,1
sim01287,65,1.0,0.3076923076923077,0.39250407126461295,0.2710275179199275,0.0650043220368003,0.009548768799446772,66.0,0.7673388255449366,0.0550553835272058,-0.04384180520766137,1.2123576369162963,4.174387269895637,4.189654742026425,1.000088900581841e-12,-1.0103026268892268,2.256345733099141,-0.4638022821304503,0.17467374686584344,0.27322978209148596,0.40230370887181255,0.1497596723691655,0.21869211971737293,0.22706058008311084,1
sim01288,108,1.0,0.3148148148148148,0.36139356867442796,0.4134801587979332,0.054431133114836126,0.006389443842161397,109.0,0.6386446299288968,0.013637766537469412,-0.28087156064869845,1.1829276312000299,4.68213122712422,4.6913478822291435,1.000088900581841e-12,-1.4445184746721855,2.5398421641768603,0.27258612653094244,0.33345030103929957,0.3556986942849165,0.20660000536464576,0.10387434319826161,-0.057482517892277867,0.05066250954618515,1
sim01289,90,1.0,0.1,0.22744212106334996,0.6372036667637375,0.17726109987396904,0.038935449630519335,91.0,0.5300264829278863,-0.012243030725455007,-0.036406105223807425,1.4828015647410435,4.499809670330265,4.51085950651685,1.000088900581841e-12,-0.34022425441027415,2.984091020891485,-0.13988743210632232,0.08165224649429013,0.2596156087223728,0.3645797878961634,0.20580816199791893,0.11627089868280903,0.05209983816375094,3
sim01290,106,1.0,0.14150943396226415,0.29230774725514835,0.40111978964800377,0.14894001813226657,0.014013281991093649,107.0,0.7984517275018383,0.024569197051979148,-0.09847218031881112,1.294980421797472,4.663439094112067,4.672828834461906,1.000088900581841e-12,-0.07740448928967836,2.2999010249675926,-0.30363916133116803,0.17104929973346664,0.20058205686628822,0.32733146664773793,0.2358157771660826,-0.10510075210771073,-0.08410097837094382,1
sim01291,13,1.0,0.0,0.257727791815158,0.4028761295526413,0.3792030584547333,0.23419885906073817,14.0,0.7278982105084427,-0.037930238181070934,-0.1604947755287877,1.0945438049226603,2.5649493574615367,2.6390573296152584,1.000088900581841e-12,0.6494896748197657,2.0830481010447395,2.1990140851996736,0.009595973777189732,0.03003353279810266,0.02370044634791113,0.31906200347216496,-0.6378588483117794,-0.24679320260235194,6
sim01292,116,1.0,0.8448275862068966,0.48520441462536334,0.0766085779574932,0.0024466859712449344,0.0004459416728609221,117.0,0.9232914220425068,0.10175186953160077,-1.1387063665258592,1.5613731956748935,4.7535901911063645,4.762173934797756,1.000088900581841e-12,-3.3654687346316257,3.0512885880029033,-4.966612829906856,0.7829919957728677,0.17618076452912595,0.04059248368505294,0.00023475560423734978,0.10299374175685334,0.013773920513014733,5
sim01293,60,1.0,0.45,0.369017930668761,0.8678610929179513,0.0822354672443181,0.020249806892848762,61.0,0.704346703166885,0.07710474305249501,-0.12873835646817636,1.1487536636196656,4.0943445622221,4.110873864173311,1.000088900581841e-12,-0.9291162213758928,2.692903134898062,-1.0425917393970958,0.20768072465121054,0.6735211197097597,0.11808070846867348,0.0007110450606258461,0.4253596953080536,0.20616385595329223,0
sim01294,55,1.0,0.16363636363636364,0.2769057943584774,0.49462245083363277,0.17665125527424919,0.03780085893949532,56.0,0.5911430796193267,0.05760897094356588,0.17605819095709213,1.2938754560000996,4.007333185232471,4.02535169073515,1.000088900581841e-12,-0.31349059375860283,2.4654875308057993,0.9256481281039,0.15403441794641284,0.18499402482756042,0.1146658408955529,0.04014892356164354,-0.3613128764843307,-0.22795903501191553,4
sim01295,94,1.0,0.19148936170212766,0.21414100793352833,0.7066694800689108,0.18177374638645843,0.01898777255145095,95.0,0.6706793539385134,0.06750602047038128,-0.2845695243896681,1.0997118186368442,4.543294782270004,4.553876891600541,1.000088900581841e-12,-0.19480500302577622,2.2843272418812717,-0.28511482430904944,0.17936366978165966,0.1339180003123204,0.27545711915327875,0.37375607155873897,0.12376255976822627,0.06372002886324622,1
sim01296,84,1.0,0.21428571428571427,0.33355804197838734,0.8705380607180987,0.1004110819790514,0.020395742766728602,85.0,0.7058748006599906,0.025051794345578107,-0.0027667300033649136,1.468096158686322,4.430816798843313,4.442651256490317,1.000088900581841e-12,-0.7264155519469789,2.836870409778342,-0.2647122105575409,0.25265511237656324,0.46154238460312885,0.19986264669264037,0.07830682541054365,-0.03714729764055287,0.0056817939714349265,1
sim01297,112,1.0,0.11607142857142858,0.2103610965748466,0.801502773192557,0.34256017200298633,0.04846701708322016,113.0,0.32599413800152527,0.0207000377290126,0.003972481555061429,1.398005107985588,4.718498871295094,4.727387818712341,1.000088900581841e-12,0.44408439811606787,2.7629350504948493,0.16184910903423855,0.04320231576067013,0.09519875929172393,0.06590694396295425,0.2365965511019985,-0.08474665531699524,-0.056311311553651544,1
sim01298,41,1.0,0.07317073170731707,0.1693873448177556,0.8306298084154224,0.3607289173495133,0.06613655071284533,42.0,0.8474034812731768,0.010970008858634785,0.14691355515678722,0.8111493531125481,3.713572066704308,3.7376696182833684,1.000088900581841e-12,1.025907781863401,2.0171668667162406,0.10003139515776732,0.06175407508506961,0.1791155125858118,0.15581703004791508,0.4033513201362077,0.14379626123024072,0.04969075632661594,1
sim01299,53,1.0,0.16981132075471697,0.2238806144784399,0.8076022078446918,0.2762896168037656,0.04645783644102557,54.0,0.5477401931746892,0.060654296354235034,0.19379915695053423,1.4262084077094146,3.970291913552122,3.9889840465642745,1.000088900581841e-12,0.1091470477322716,2.1873874196368472,-0.3927812163036406,0.05638149740029411,0.17350844608349433,0.3978667233726123,0.36880894821531707,0.0303045082987707,-0.04802020968108138,1
sim01300,53,1.0,0.5471698113207547,0.4267813070930528,0.26973442448493556,0.043781062094110125,0.00935758904872627,54.0,0.8955006147146494,0.07472586626159454,-0.39297781185978004,1.3518794440323774,3.970291913552122,3.9889840465642745,1.000088900581841e-12,-0.7596074663035237,2.4272782378921742,-6.242597158088316,0.6236513395160282,0.37016013020074334,0.006186345473100557,2.1847872869172563e-06,-0.11144604226851076,0.015325983072073992,5
sim01301,113,1.0,0.1415929203539823,0.2616702303952925,0.874366753859869,0.2542515728559235,0.03385141375647434,114.0,0.7786071446099607,0.005073742036094355,-0.17885731322096568,1.1556250532901216,4.727387818712341,4.736198448394496,1.000088900581841e-12,0.3886341391768719,2.7110443609483132,0.8815703008896459,0.04343922844112078,0.028267427058665636,0.2383436648045801,0.44136285967411437,0.08536710148952356,0.08602703811498282,1
sim01302,62,1.0,0.4838709677419355,0.34161753077762724,0.6061252997998656,0.062233782547366376,0.014761069441149004,63.0,0.5230527544615968,0.09135201491666882,-0.41730207121110535,1.2235029112473559,4.127134385045092,4.143134726391533,1.000088900581841e-12,-1.3884349572759946,2.688229675950763,-1.0723600602629793,0.4973097337687326,0.44283962776429175,0.05653785390489581,0.0033127845460113265,-0.08826327013320838,0.05849411976072007,0
sim01303,11,1.0,0.5454545454545454,0.4616417931211799,0.15595776316251514,0.005251314776850051,0.002216045363028689,12.0,0.15605776316251513,0.21542809401767526,-1.3195699171159618,0.8247653246208001,2.3978952727983707,2.4849066497880004,1.000088900581841e-12,-3.222076509783721,1.535141031575268,-2.3242685647138384,0.8429928152928778,0.15420293282450576,0.0015818138407224865,0.0012224378514653323,0.8382966920254052,0.3977025627400766,5
sim01304,76,1.0,0.6710526315789473,0.4325058770056646,0.2859535543574482,0.021420383864131743,0.004521771215800725,77.0,0.7924691774635717,0.14802177617989828,-0.8937181899867112,1.7653059603648324,4.330733340286331,4.343805421853684,1.000088900581841e-12,-2.03833521847873,2.7752941302617535,-2.184435522436291,0.6253144523893386,0.364848723107131,0.009835514564977003,1.3098918690385667e-06,0.10837190161621484,0.09524428591499089,0
sim01305,90,1.0,0.12222222222222222,0.1331715565407724,0.7274098890876723,0.36706068813894466,0.04635263105631188,91.0,0.437088575172482,0.033420963411899485,0.050004685635987076,1.4861689936906486,4.499809670330265,4.51085950651685,1.000088900581841e-12,0.40002432376655866,2.430560528316345,0.038095683473818795,0.10494423040569546,0.09020062236685106,0.1492117316475447,0.38453235253779655,0.03043273301310416,-0.03669109053946727,1
sim01306,9,1.0,0.0,0.238852477844705,0.6076635294521561,0.2639358286320178,0.10228227836324032,10.0,0.817745110356294,-0.04282398456284323,0.5693565006483231,0.8987554867954034,2.1972245773362196,2.302585092994046,1.000088900581841e-12,0.5715043923515984,1.249255002996561,-1.745662041283126,0.13559474666456978,0.36345124730551953,0.4419515033358687,0.05679659904624671,0.19560526623179444,0.1324268996143204,0
sim01307,38,1.0,0.10526315789473684,0.24752375791916492,0.6287587607206805,0.2495488376913984,0.05101664984224751,39.0,0.33326127284077633,0.041754501008367556,0.13985466289492637,1.3696857047538387,3.6375861597263857,3.6635616461296463,1.000088900581841e-12,0.11608487603109867,2.050083568247518,0.37671263682245654,0.11337088503300712,0.12691995135273512,0.07557040910582673,0.22840579689415694,0.12398011045946211,-0.0027238894951139747,1
sim01308,94,1.0,0.32978723404255317,0.29753465040835614,0.46428402250060696,0.07563726639528402,0.006298512360189011,95.0,0.6943061311250198,0.05196310024566728,-0.497010863309683,1.070291834320434,4.543294782270004,4.553876891600541,1.000088900581841e-12,-1.0317927645968399,2.0576591499301125,0.08055193331774618,0.24938962932903505,0.2729297277982088,0.4326929864880561,0.04451935182781109,0.1373676530438539,0.08859992213006715,1
sim01309,94,1.0,0.1276595744680851,0.2157966568619873,0.5409258583280997,0.24847804266435267,0.0321629751652341,95.0,0.2519810952619495,0.013676352697605204,0.026554037701733348,1.2496533973674524,4.543294782270004,4.553876891600541,1.000088900581841e-12,0.27632744384936403,2.498756251178262,-0.28736081351845477,0.19694851277748968,0.10509092956852162,0.21707702834311607,0.1359064976495514,0.03890125699708661,0.0363939011533111,1
sim01310,9,1.0,0.0,0.317856142313874,0.3122425500686181,0.051229680497530156,0.016220138240822437,10.0,0.3571368787646373,-0.04489209610123204,-0.6994664001444566,0.42052799768241445,2.1972245773362196,2.302585092994046,1.000088900581841e-12,-1.4999766082605412,1.0471590874318648,0.1390742864102117,0.16065412032416496,0.26580648211171304,0.18949504064879533,0.06742832331957119,-0.06872953564801909,0.1060768958147164,6
sim01311,89,1.0,0.06741573033707865,0.24617689229630974,0.9526589644351049,0.4718086519821997,0.1060256846983573,90.0,0.5774550788684526,-0.047900856177804825,0.2918502787155414,1.4829868801660193,4.48863636973214,4.499809670330265,1.000088900581841e-12,0.6594023668151971,2.99574423774148,0.08512634643750022,0.049238275661178575,0.05072628197039846,0.0365563167613862,0.1967573570812468,-0.09533613360525084,-0.07438217289031399,3
sim01312,42,1.0,0.023809523809523808,0.15860367137969084,0.548742470606167,0.2058404416640106,0.06845470007898621,43.0,0.5338040897558486,-0.03343396660860542,-0.5049455012100718,1.0900390336158727,3.7376696182833684,3.7612001156935624,1.000088900581841e-12,-0.1897782599367582,2.6367405182451025,0.5808989313764321,0.04521515898068997,0.09525691621278964,0.19417828609868495,0.2555821358216707,0.03385884617145836,0.04305410332482917,6
sim01313,113,1.0,0.08849557522123894,0.21021599017413492,0.7909113325365427,0.37073331584691566,0.1358170100643713,114.0,0.19681900170010275,-0.011398447390081806,0.40718016908989374,2.819616696318974,4.727387818712341,4.736198448394496,1.000088900581841e-12,0.8523736334229247,3.7232133049830693,1.1145597512217642,0.04664204135974088,0.08865061491308954,0.11558738758332451,0.16573834770254514,0.07917536431624866,0.19147369475460962,3
sim01314,117,1.0,0.3247863247863248,0.2710091428910972,0.6145538553255747,0.09551027304479333,0.006884006904349787,118.0,0.5931718017902198,0.07482944729709522,-0.15831154664772357,1.4170271067039382,4.762173934797756,4.770684624465665,1.000088900581841e-12,-0.9268859604448767,2.132141002171919,-0.05115795333536699,0.2872364893894806,0.43320645660149554,0.22709514032131373,0.043060408785874624,0.055971153484790453,-0.07672334898799739,1
sim01315,48,1.0,0.14583333333333334,0.3319949196022327,0.3351046190992334,0.062467732726777664,0.007569854061883164,49.0,0.6647953809007666,0.004326447286313595,-0.6630072676799939,0.8397277509474015,3.871201010907891,3.8918202981106265,1.000088900581841e-12,-1.271815018007598,1.7607246519977877,-0.8315809047540568,0.2878996032004495,0.18042959253857094,0.3627855315108705,0.15240277303113742,-0.16078973870277238,-0.11634661865020263,0
sim01316,81,1.0,0.35802469135802467,0.4392454350376336,0.24299137963683803,0.033424376269374424,0.00915047010733169,82.0,0.1764781714624295,0.0017495984202537047,0.23156016492092496,1.5148178437092645,4.394449154672439,4.406719247264253,1.000088900581841e-12,-1.469746509368657,3.098968945964649,0.23086845635842324,0.6031928500339401,0.0728864344893838,0.03338288860041653,0.27506271228878215,0.17163723345678353,0.06580082827648799,1
sim01317,42,1.0,0.023809523809523808,0.16141856689926076,0.8301084179044013,0.4112664328723072,0.07361625582488278,43.0,0.6506927926607342,-0.03042054388591526,0.30125618411128,1.1026691563087079,3.7376696182833684,3.7612001156935624,1.000088900581841e-12,0.5930071231947549,2.017294227094618,0.38148136852664183,0.06759121545143519,0.10448245032495154,0.1874535982093482,0.364703931202877,0.09776578468309159,0.0861485861794126,1
sim01318,91,1.0,0.2087912087912088,0.22877857333972285,0.5806157355173941,0.18053512382672887,0.016768768145133072,92.0,0.6031698227865788,0.06806780985925687,-0.10060640503382035,1.1239778837047667,4.51085950651685,4.5217885770490405,1.000088900581841e-12,-0.2820265812057745,2.1344522726636495,0.005555202626655362,0.17391380955158572,0.1357532468098143,0.24856552856346453,0.38483303169776506,-0.14246392250777293,-0.1282999159346285,1
sim01319,118,1.0,0.7966101694915254,0.4801842711482009,0.15217975797154593,0.0057579933547714235,0.0014675271942592842,119.0,0.15227975797154591,0.04926064302234731,-0.5774139270198249,1.870996913068634,4.770684624465665,4.77912349311153,1.000088900581841e-12,-3.109925702990726,3.4036743701106102,-4.810599246974043,0.8925563673010523,0.10165674517395937,0.005593276292588442,0.00019361105872814857,0.14741100695024348,-0.1783482781256309,5
sim01320,10,1.0,0.0,0.23148391578633176,0.6725615536462272,0.4414260085902859,0.22474049931710954,11.0,0.5809890204653319,-0.03303388299130931,0.6977722960157372,1.1962059849191597,2.302585092994046,2.3978952727983707,1.000088900581841e-12,0.5951367112752431,1.6275210781705436,2.931819493497507,0.0206312799678609,0.020907935678914604,0.14074148926680102,0.3085954669836812,0.3257807596172931,0.3661064534802509,6
sim01321,70,1.0,0.02857142857142857,0.1600364049493863,0.7577759506977871,0.5383535646697363,0.14856936284060926,71.0,0.6226833462898164,-0.03772100692995128,0.2487266964326397,0.962311810204226,4.248495242049359,4.2626798770413155,1.000088900581841e-12,0.8291479243571058,2.9610316532397367,-0.054091008721513956,0.06797663948920157,0.09651727429840513,0.16952195330729228,0.10063762913184096,-0.19196409009141516,-0.11876337928974566,1
sim01322,21,1.0,0.23809523809523808,0.34154942411027484,0.3849354194776466,0.04259047733979647,0.011569976302648308,22.0,0.2846799297992071,0.0631539384993202,-0.7130555422072171,0.8736920002828877,3.044522437723423,3.091042453358316,1.000088900581841e-12,-1.5647096183309255,1.741305238685337,-0.423688535929986,0.3502454869935053,0.1917231152962499,0.3736896206462467,0.08430338456198597,-0.114761557535078,-0.07373663601117102,0
sim01323,96,1.0,0.17708333333333334,0.3180075956136532,0.6124597009859594,0.2647039786152801,0.042947160084823244,97.0,0.9341427313203314,-0.007945117321801065,0.16782565767723243,1.8960714894133275,4.564348191467836,4.574710978503383,1.000088900581841e-12,1.4592483704584553,2.745706576169724,0.5758426990103125,0.008550214041370071,0.015563428524650754,0.10101322241201487,0.4916576034417592,-0.11027189708634232,0.00681819675054178,3
sim01324,101,1.0,0.31683168316831684,0.2803138409142932,0.5918610770237357,0.12802661733500362,0.020744590161751054,102.0,0.4559471290563901,0.06532864455332664,-0.04837362366634646,1.3235971137071554,4.61512051684126,4.624972813284271,1.000088900581841e-12,-0.6614298198913391,2.7951678234576907,-0.049130367008771325,0.24499775376239344,0.29262120291040444,0.32626567045157706,0.0056733620824462585,0.01113915487580517,0.04238803971468364,1
sim01325,61,1.0,0.04918032786885246,0.2523922444258641,0.5962783421091685,0.15285377401712882,0.018859743442086508,62.0,0.3394726786654001,-0.05052204594933947,0.10773156121805083,1.0776164345587742,4.110873864173311,4.127134385045092,1.000088900581841e-12,-0.38319493827792805,2.0184217986397575,-0.05101852995878338,0.3319505223832732,0.20777668323194387,0.19843624122397938,0.19058152120753244,0.1912164386846502,0.19508392403405395,1
sim01326,26,1.0,0.07692307692307693,0.2363957395752707,0.7604868986652726,0.1895399385038791,0.034695582088829315,27.0,0.3810908035683303,0.02378853905307367,-0.10102043153105592,0.7093901829855328,3.258096538021482,3.295836866004329,1.000088900581841e-12,-0.21864120568305173,1.560109139842908,-0.24605796578071223,0.10021259305879394,0.3467136023274199,0.18781216001566578,0.13570797939017923,0.06583939902824434,0.08484597634117547,1
sim01327,39,1.0,0.05128205128205128,0.1648385926603316,0.5598093853004741,0.15129732448867406,0.020914538728400024,40.0,0.6522504744385499,-0.027680516813892657,-0.37437592225173766,0.9739060749134759,3.6635616461296463,3.6888794541139363,1.000088900581841e-12,-0.4049089017605096,1.6847592588351559,-1.0524234484754258,0.24959032026553368,0.3111156675606972,0.12671481478380192,0.19291182980132268,-0.1450836707713481,-0.1417535156662396,0
sim01328,91,1.0,0.18681318681318682,0.33704358077758045,0.41987918388264844,0.09227018573761131,0.009679015417883888,92.0,0.728483904279795,0.04297556639480387,-0.34925259774923584,1.55437686714029,4.51085950651685,4.5217885770490405,1.000088900581841e-12,-0.7625105995416809,2.2560986141529122,-0.7617736979405453,0.2377133371221524,0.11483746030383742,0.12387582831541269,0.5044421159401025,0.16485075866113946,0.044288975408318484,3
sim01329,21,1.0,0.19047619047619047,0.3935583398371088,0.20470544929963086,0.420186367371385,0.39630824361885325,22.0,0.1982301467857458,0.0871160139583664,1.5908824145102782,2.8914987987251566,3.044522437723423,3.091042453358316,1.000088900581841e-12,0.9722033098717129,2.9860163944224674,3.332072907076848,0.002027188165483793,0.04810122132937994,0.004435875461306664,0.0021852001229871283,0.10316663871456971,0.03911983955376475,4
sim01330,67,1.0,0.29850746268656714,0.3793478796257428,0.44143833436602264,0.06614194748823564,0.016931540417480483,68.0,0.44153833436602263,0.06290037343531034,-0.27142872579520644,1.4022313186080586,4.204692619390966,4.219507705176107,1.000088900581841e-12,-1.3158923908554503,2.8420676458314533,-0.4507827457006838,0.5687148598826345,0.09950052052538437,0.19980479621508973,0.13169448933618186,0.08869822213658629,0.07398796518592934,1
sim01331,10,1.0,0.2,0.32229672406315024,0.6299253853821962,0.08341392636690206,0.031902128314325616,11.0,0.6316203652135398,0.07215045051661943,-0.2604176450817609,0.6085126636957392,2.302585092994046,2.3978952727983707,1.000088900581841e-12,-1.0258319911633877,1.3414425405469619,-1.130060578699882,0.8068919364434437,0.015281822948225545,0.16366327816611942,0.01413246439742231,0.291305270822537,-0.2547292127517537,3
sim01332,96,1.0,0.10416666666666667,0.256517765558152,0.6690746349751419,0.49865457184182405,0.08006436079139986,97.0,0.8586607995095401,-0.0010930065437220586,0.17498466420682224,0.9150094371217942,4.564348191467836,4.574710978503383,1.000088900581841e-12,1.4131322499503067,2.73526539716529,0.05039129841735934,0.03145532305160556,0.021220829803890645,0.07557383450778751,0.31583617417153353,-0.10274343579025354,-0.0004034279493546177,1
sim01333,22,1.0,0.13636363636363635,0.2468504124654659,0.7399160801721305,0.1369662719171088,0.04223520097458331,23.0,0.7125504593107952,0.051010397435684966,-0.46443842840543403,0.9519686953395216,3.091042453358316,3.1354942159291497,1.000088900581841e-12,-0.4024080797910878,1.9145617677415516,0.3276101502292636,0.09713788163197351,0.16844654303957043,0.636271598019246,0.09541941279117903,-0.1450525303972733,-0.12072543219713235,0
sim01334,35,1.0,0.4,0.379475580784038,0.4675899189602458,0.05655640211202104,0.013586397484837373,36.0,0.45725730327059966,0.07319188249230942,-0.3500760945238171,1.0411552700221318,3.5553480614894135,3.58351893845611,1.000088900581841e-12,-1.478887925243273,2.1291787605448396,-0.6967611829501889,0.7435562974341096,0.1041183920656359,0.1516983863928101,0.0006269240897628528,-0.012664701864816436,0.07041078585634135,1
sim01335,67,1.0,0.208955223880597,0.25888088984897367,0.791016141002292,0.14738811817516126,0.021892636689151295,68.0,0.7291335655743322,0.05334697546426214,-0.24638992364828055,1.1612938556331123,4.204692619390966,4.219507705176107,1.000088900581841e-12,-0.29265812414003967,2.2977736079177893,-0.7567826177475802,0.09493340721135814,0.3891241189635181,0.34151508623134585,0.1672518379126777,-0.044766038676386816,-0.048760300341880454,1
sim01336,11,1.0,0.18181818181818182,0.19246335432013426,0.6204186445926904,0.21795210529350253,0.06241173482909999,12.0,0.3737011498862015,0.12342559024664612,0.14350127929973414,0.7546874413096502,2.3978952727983707,2.4849066497880004,1.000088900581841e-12,-0.07125344990225028,1.1473732504543595,0.5128840670275872,0.2477540042811845,0.11712274575476823,0.26374604229288706,0.37122527110704123,-0.2688249571668402,-0.22111960394200067,0
sim01337,111,1.0,0.35135135135135137,0.3895964218520857,0.3542807721133166,0.2631525812250746,0.08853983476072748,112.0,0.2167587076864919,0.03134908612790443,0.10787712805785443,1.8710896653656888,4.709530201312334,4.718498871295094,1.000088900581841e-12,0.43826369856451364,3.6202487412359274,0.4659384390096567,0.04811179388620973,0.02530823563252895,0.006353498313755182,0.01659892977326866,-0.3489320695385729,0.053224393069627195,3
sim01338,49,1.0,0.3877551020408163,0.3827295696112361,0.3711653336624684,0.06360157367698202,0.024061153615784377,50.0,0.7108958298310372,0.06532978044019058,-0.3838082375008913,1.6162866723525777,3.8918202981106265,3.912023005428146,1.000088900581841e-12,-1.1729194880723388,2.9197807408458276,-1.4903188704336705,0.6860293046824512,0.16106983584567475,0.14034833066949723,0.012552528786653968,-0.29931821227143446,-0.2705721975596155,0
sim01339,97,1.0,0.16494845360824742,0.24142631424945446,0.7879312502585589,0.19358436789661762,0.016071876008678068,98.0,0.5637695896586536,0.021126261158766646,-0.025749928141140153,0.7829596689473329,4.574710978503383,4.584967478670572,1.000088900581841e-12,-0.2393475006700059,2.086068463559295,-0.24984377134684393,0.19306347143373043,0.14894443035045563,0.2845423977661734,0.281014728115454,0.08786596661702144,0.10058170303176828,1
sim01340,66,1.0,0.045454545454545456,0.21707074297599513,0.5987178292435147,0.6698070907363575,0.1668057392941356,67.0,0.560683491125821,-0.02957427762287894,0.1927120715050323,1.0843731935347165,4.189654742026425,4.204692619390966,1.000088900581841e-12,1.0003683360339697,2.799494892852038,0.3759361825321904,0.02843832380991866,0.10714178984286503,0.014905559152021648,0.08921860822474578,-0.4959221623103601,-0.12751186824897945,1
sim01341,62,1.0,0.11290322580645161,0.29382688555897546,0.6513920680129618,0.31560433412738154,0.09314079549227873,63.0,0.10352217158686566,-0.04235361289054199,-0.15643941111256668,0.9107685921400628,4.127134385045092,4.143134726391533,1.000088900581841e-12,1.2239852313682142,2.9067573413464842,-0.1115587397655782,0.033710849941067045,0.017894586732714865,0.011496219930425442,0.22243219015591606,-0.21815358181061248,0.13355010014417124,1
sim01342,106,1.0,0.14150943396226415,0.24145734095315746,0.4734546667669922,0.2734793497173075,0.026808243531555125,107.0,0.7844874173860583,0.02757936386766251,0.008186969643890256,1.0822521106137475,4.663439094112067,4.672828834461906,1.000088900581841e-12,0.4809315653555479,2.3409224132064756,-0.21400883267754733,0.08323561722888623,0.08919937136083556,0.19675395679830623,0.3905063847327254,-0.22855131796098643,-0.2176709633941434,1
sim01343,87,1.0,0.04597701149425287,0.12950146412525024,0.7090721095304499,0.40639752357089903,0.037332438054823974,88.0,0.6939823801540936,-0.023709357742757276,0.06364256777451603,1.0442337709089307,4.465908118654584,4.477336814478207,1.000088900581841e-12,0.6489978288020832,2.0784389174622175,-0.3926223104633284,0.07225084410264686,0.11773140937396921,0.19590166623631305,0.21372568291048555,-0.15777149929887824,-0.15666965125059562,1
sim01344,72,1.0,0.1111111111111111,0.19947678286990636,0.6691489688146186,0.4075347856350396,0.04227180490015441,73.0,0.2819280467815032,0.03283412409757196,0.47272243587401797,0.957051636234992,4.276666119016055,4.290459441148391,1.000088900581841e-12,0.6996599089915454,2.0106601392885066,-0.38497101132748235,0.1192732066835286,0.2294123063070748,0.2860141044672053,0.22895146460748012,-0.0665774860741174,-0.09575216395790412,0
sim01345,106,1.0,0.05660377358490566,0.1302417737011013,0.5328316274352038,0.6138943525552444,0.1979498995684834,107.0,0.622691498465184,-0.018745712883823405,-0.140186518675843,1.0410725391679625,4.663439094112067,4.672828834461906,1.000088900581841e-12,0.9604637597158351,3.5316302110383395,0.21100979677508647,0.028767112056798227,0.046237973456335936,0.10918053365411014,0.11888173870968666,-0.00638586026404601,-0.07021338567030572,1
sim01346,52,1.0,0.28846153846153844,0.40204398393325697,0.2300847125136687,0.03978443240385293,0.008178043556241264,53.0,0.78991806976955,0.03412462018456124,-0.49296864547548874,1.108940448622732,3.9512437185814275,3.970291913552122,1.000088900581841e-12,-1.4281958603736655,2.3692209752098576,-0.54338845715047,0.4065975781515633,0.22209953968263177,0.2769501570594291,0.09431182898917194,-0.21091804450485202,-0.16550082288608156,1
sim01347,65,1.0,0.07692307692307693,0.178098276436325,0.6561858665576689,0.5536843864859086,0.1868751386015269,66.0,0.3047426205924296,-0.0014260858612355051,0.24731913550125098,1.217692043742109,4.174387269895637,4.189654742026425,1.000088900581841e-12,0.960600443368582,3.088233130685727,0.8425222248845261,0.03573483346821091,0.04911063853595866,0.09680639474825571,0.13199355454045128,-0.18879402765418749,-0.010710059510132708,1
sim01348,34,1.0,0.058823529411764705,0.18413158542354346,0.7947974978820106,0.24484887158610438,0.08182558095478917,35.0,0.48968322091351957,0.0008181387011280781,-0.16209556819932597,1.4376664715654157,3.5263605246161616,3.5553480614894135,1.000088900581841e-12,-0.020393913939579966,2.4303092752733146,-0.4944052621327585,0.2098788313800329,0.15732769439954683,0.07557863362820383,0.16211923023161182,0.07418049542665141,0.1558758845165063,3
sim01349,16,1.0,0.6875,0.4829743148871608,0.07346792070148689,0.00288369991917264,0.001744499138300092,17.0,0.9466989694722697,0.23074412204723485,-1.2168564785252365,1.3297314644773994,2.772588722239781,2.833213344056216,1.000088900581841e-12,-2.8621073869501656,2.2699820411652127,-5.043650009313137,0.9703933678419903,0.021791841648130594,0.007814790163102494,0.0,-0.3820439322184107,-0.3109111130373717,5
sim01350,61,1.0,0.36065573770491804,0.3936526256812524,0.43447038044095243,0.057841543924178285,0.007094711538582617,62.0,0.6304750659371567,0.07995198416370264,-0.05640121592427053,0.8935686272895104,4.110873864173311,4.127134385045092,1.000088900581841e-12,-1.393229277284393,2.0125162455322543,-0.8167434353346394,0.6366960238345737,0.2778240596367326,0.05314873194117698,0.03231896226663298,-0.43335955937123827,-0.1956826099472407,0
sim01351,20,1.0,0.05,0.3170902854620322,0.5083584079159663,0.11201770147981685,0.03375185324871912,21.0,0.5824058948769985,-0.006954141022421279,-0.0862929740145795,0.9036001370875658,2.995732273553991,3.044522437723423,1.000088900581841e-12,-0.7752653521928573,1.796110692555601,-1.5186800321682,0.6877503195299918,0.07498409046715636,0.09954555021969257,0.05465828800942531,0.16221585024636226,0.13545628809200866,3
sim01352,87,1.0,0.2988505747126437,0.20394096466576242,0.76521793596942,0.14425828338415744,0.01521779639766646,88.0,0.5061641452753587,0.08118363039284915,-0.35569548597320705,1.287614297892922,4.465908118654584,4.477336814478207,1.000088900581841e-12,-0.5497035920137466,2.216768349188776,-0.1811256362718312,0.07302582920595646,0.3571681225926935,0.3597530386575172,0.2097697397927776,0.05516364662699758,0.020888026225006975,1
sim01353,26,1.0,0.07692307692307693,0.21740726190163326,0.7926425251805471,0.4255718516770856,0.10229569663991289,27.0,0.4570596845342185,0.01675565870341805,0.5047954568937711,0.9629400126147405,3.258096538021482,3.295836866004329,1.000088900581841e-12,0.5393756961224829,1.8325303460984843,-0.012244142407748237,0.21030553358834053,0.03718989365837558,0.28720751109204273,0.453948694986451,-0.1405871813122412,-0.06329045572413493,1
sim01354,112,1.0,0.08928571428571429,0.19826413146961488,0.5856018518395093,0.26681387247419225,0.036131635939904386,113.0,0.290568073295115,-0.010328599825509157,-0.09361579001706087,1.0645364895029854,4.718498871295094,4.727387818712341,1.000088900581841e-12,0.258004160580486,2.7191163858340697,-0.15501292041416662,0.14474371456932908,0.08889352039547381,0.1888311146895237,0.14980995014817836,-0.20792072187365135,-0.12003825858043701,1
sim01355,99,1.0,0.1717171717171717,0.2319428383120528,0.4874642698542199,0.1989373269823558,0.012311475555547784,100.0,0.4875642698542199,0.034597196145289166,-0.07613519231040754,0.9933647355992369,4.59511985013459,4.605170185988092,1.000088900581841e-12,-0.22785230158535572,1.8126618138110475,-0.38149234923043174,0.2055810818126723,0.1992787199268502,0.21415857899507063,0.2683158598097687,0.04772250514329552,0.06402664070351903,1
sim01356,105,1.0,0.29523809523809524,0.19767952686958143,0.6226171793568153,0.22260293135823697,0.020236808458840856,106.0,0.4292009073020338,0.057601499430039976,-0.062377952124162535,1.2032239510966116,4.653960350157523,4.663439094112067,1.000088900581841e-12,-0.09581753430380677,2.2560738894011,-0.7151856421003107,0.11534130944023571,0.24380595690477125,0.42939473627354247,0.21133875664482998,-0.12382412466757403,-0.11128008012431644,1
sim01357,90,1.0,0.18888888888888888,0.2668913002061719,0.8940961357514186,0.1362372188673817,0.019636546417864244,91.0,0.774186327416426,0.04220282994759278,-0.3621496591625252,1.4747021728766083,4.499809670330265,4.51085950651685,1.000088900581841e-12,-0.2493698776906465,2.562804490214893,-0.39649219629553856,0.07624731606621987,0.18391298547476864,0.26700699661073707,0.44634377632617966,0.07321028920097875,-0.049039219622001376,1
sim01358,41,1.0,0.17073170731707318,0.2505806351698186,0.8098332761164391,0.16663180257431082,0.04231573815783613,42.0,0.7162220494297842,0.0771576028984286,0.1288750860575687,1.680887862147801,3.713572066704308,3.7376696182833684,1.000088900581841e-12,-0.19864042963937228,2.34294454048792,0.08839054555091613,0.09899358477784606,0.37985338954978476,0.34138604333371175,0.16884657048721194,-0.13239240760332754,-0.06335574356955999,3
sim01359,61,1.0,0.11475409836065574,0.3154266538624847,0.963259146275648,0.20149854720793747,0.04615705243346541,62.0,0.6325865882815634,-0.024700791646720087,0.31724044764775894,1.03492325820354,4.110873864173311,4.127134385045092,1.000088900581841e-12,-0.14276733576329625,2.6371414571511385,-0.06270191637121292,0.15970295007473356,0.06439828942202036,0.17950805387697627,0.46753503832587234,0.009424320851076301,0.008386238577664901,1
sim01360,117,1.0,0.1623931623931624,0.13105244938015823,0.6083951807777995,0.25904219076248464,0.03595265850336179,118.0,0.45607170166891986,0.058392322637947774,-0.19081186323407767,1.157029783928701,4.762173934797756,4.770684624465665,1.000088900581841e-12,0.04327875482588693,2.787386018700928,-0.2974772609402345,0.1210507298062018,0.16158881315483023,0.2166050575277126,0.21794657211434215,0.02125373814484281,-0.009640824551262257,1
sim01361,29,1.0,0.896551724137931,0.4943926872808032,0.04745150755813751,0.0008424354069514375,0.0005882041726006175,30.0,0.047551507558137515,0.20675700401443847,-1.0834454279625767,1.3652656392226081,3.367295829986474,3.4011973816621555,1.000088900581841e-12,-3.984552530398265,3.0080729262235217,-8.17918393365649,0.9335547888955845,0.042264877395983086,0.024180332521397802,0.0,0.5193231717288495,0.25174853288068194,5
sim01362,69,1.0,0.14492753623188406,0.3861389308446304,0.26185226440498055,0.04674271026994769,0.0037811680959507045,70.0,0.1979639797154557,-0.006902121931013462,-0.45008716791236103,0.7103156961803975,4.23410650459726,4.248495242049359,1.000088900581841e-12,-1.2228250209279306,1.7194811718512164,-0.16498098318500287,0.13508656167945637,0.20921530590820908,0.3040316809886089,0.23724114075483493,0.08541405077782814,0.0311302635437612,1
sim01363,69,1.0,0.014492753623188406,0.17064428192050624,0.5293380258660358,0.376461903596913,0.07548816198565922,70.0,0.6374297341068011,-0.053755197907832813,-0.06476664599181392,0.8399149539603784,4.23410650459726,4.248495242049359,1.000088900581841e-12,0.48790979302883875,2.6272654970419014,-0.3745115112302718,0.07964487493423038,0.11691376343868422,0.18327558791729043,0.10502945902186678,0.08031833398244174,-0.12880225463885195,1
sim01364,66,1.0,0.07575757575757576,0.23859616890237537,0.9181000964966235,0.31739324937136604,0.0729265113526621,67.0,0.5609253099673766,-0.013755970038560883,0.008758042442371,1.2480900638733945,4.189654742026425,4.204692619390966,1.000088900581841e-12,0.2536395236279297,2.7189654427799894,0.4490106837921541,0.0727051871987224,0.07107993482650113,0.0700921103332505,0.3731879871019159,-0.06089656994576283,0.012391705623148766,1
sim01365,19,1.0,0.21052631578947367,0.2915799568884974,0.8125288510113704,0.14206525519723107,0.050089860161468526,20.0,0.7804339365797094,0.09028642280781962,-0.061251138372180686,1.3584721036560776,2.9444389791664403,2.995732273553991,1.000088900581841e-12,-0.187461478803329,1.9019710789869129,-0.9041843955386893,0.0424574447056902,0.47691283945313334,0.3576522738341193,0.12283589732289935,-0.010010870560373324,-0.20303820403220713,0
sim01366,75,1.0,0.4266666666666667,0.4220648202790686,0.24791216073336075,0.02183450176689213,0.002581096574602052,76.0,0.22311921836182508,0.03599537160118998,-0.5279422581567095,1.1956572068039861,4.31748811353631,4.330733340286331,1.000088900581841e-12,-2.0717464969004373,2.182211079456633,-0.2958708126500914,0.5564094110881884,0.24355448286150871,0.1844768924174047,0.01470671695161903,-0.10627811433255208,-0.0713529921448376,1
sim01367,63,1.0,0.06349206349206349,0.10957659081534567,0.47809578890671484,0.5355911400727598,0.10663681728147653,64.0,0.6191541290423879,0.006022105716746457,-0.11873579729204205,0.9613940096437795,4.143134726391533,4.1588830833596715,1.000088900581841e-12,0.8203773569625851,2.529192484640458,0.20101628078346187,0.052390172492443446,0.046085012868832306,0.08507461998364478,0.14685634321144886,-0.27975917892230767,-0.17031495805978897,1
sim01368,63,1.0,0.07936507936507936,0.13822980253397946,0.7524790248607504,0.43498553681703367,0.058464441600610866,64.0,0.3781062366462128,0.017952443071905685,0.11601405788094007,1.0109931309125126,4.143134726391533,4.1588830833596715,1.000088900581841e-12,0.6151235756735338,2.136240677968037,0.3952796591587199,0.03660620809400673,0.11301726079030279,0.13469742626447864,0.27031425957752314,-0.13967846790069813,-0.006459461236675037,1
sim01369,100,1.0,0.23,0.22232687309252383,0.6273402721853665,0.21525248055901067,0.017551219241171628,101.0,0.6935230697769448,0.041399538396656756,0.10292603110433315,1.069380909238336,4.605170185988092,4.61512051684126,1.000088900581841e-12,0.01263995728223695,2.098481938185594,-0.15765450586574212,0.2350045404837068,0.231033555138001,0.31460049655427835,0.21557816523497128,-0.12839548826083066,-0.13055946307168548,1
sim01370,39,1.0,0.5897435897435898,0.4567509209809495,0.15659059605555814,0.008580364146909426,0.0033365263289674004,40.0,0.9319268539457777,0.21634087284366343,-0.9008571051950239,1.9526214541761389,3.6635616461296463,3.6888794541139363,1.000088900581841e-12,-2.0006054999857734,2.719015532444076,-1.4147193305983097,0.5174760495526126,0.37470274029264933,0.10062748487772051,0.007178408775437497,0.26953246585358415,0.21603497666712054,0
sim01371,23,1.0,0.6086956521739131,0.4776684039358869,0.11042692140878001,0.002171004284913687,0.0007567689195511512,24.0,0.10870929072590818,0.10115200861375515,-1.0242723723801486,1.3094229880974781,3.1354942159291497,3.1780538303479458,1.000088900581841e-12,-3.7984027649927414,2.0816070117229573,-20.269538321822974,0.8696045989501597,0.1093734495241816,0.021021951065042427,0.0,0.6909109603169309,0.10134065937572512,2
sim01372,77,1.0,0.11688311688311688,0.20729242610638435,0.8173168090768982,0.2946150446582726,0.06637366631718312,78.0,0.8563648012947134,0.03925253726484224,-0.24672449100817184,1.4913845287793497,4.343805421853684,4.356708826689592,1.000088900581841e-12,0.8734516517843359,2.853436237006777,-0.17073563514587506,0.03633493062355795,0.07851089305775194,0.1336625974675197,0.16301173064105717,0.007312905938619741,0.006583742057557481,1
sim01373,42,1.0,0.09523809523809523,0.2766264914814822,0.6542316840573614,0.3732130007505134,0.18482990504585617,43.0,0.6245226385044664,0.01875268845411083,0.23333484995688786,1.1957475029346418,3.7376696182833684,3.7612001156935624,1.000088900581841e-12,0.46471882328424585,3.034956283886279,-0.06413464330265323,0.06980622042363455,0.03584051646644637,0.08101864892470492,0.20092325166896305,0.2629821711577844,0.07706385748187673,1
sim01374,34,1.0,0.2647058823529412,0.31921992525261095,0.7934669421941456,0.0955039034492758,0.018004057307490707,35.0,0.7250617138516353,0.054291596104460646,-0.22327468884112645,0.76748992643201,3.5263605246161616,3.5553480614894135,1.000088900581841e-12,-0.7358810328085985,1.8577905423176801,-0.7375254523073465,0.2457765339273334,0.5599798999935618,0.17135823134475117,0.022851393038013878,-0.2555786324672883,-0.28887339715757837,0
sim01375,58,1.0,0.13793103448275862,0.17762372925266431,0.6203517291329337,0.20201789462566802,0.022821696719902432,59.0,0.7562291083315447,0.04132727710190577,-0.1434419702883933,1.1790408455036372,4.060443010546419,4.07753744390572,1.000088900581841e-12,0.09153836048412128,1.8797984235579477,-0.9124725999178964,0.33617473940497633,0.10126780784428388,0.17098146664182517,0.20419841975376093,0.2447232281791367,0.24521426724384962,1
sim01376,39,1.0,0.41025641025641024,0.4107480352339524,0.280882094817283,0.032443585301469895,0.0076456913378584734,40.0,0.719017905182717,0.1297049820325714,-0.5124489252489783,1.9973498872537212,3.6635616461296463,3.6888794541139363,1.000088900581841e-12,-1.828919184944471,2.2182011662700343,-0.9789383322205529,0.5820237273907305,0.12752805600062334,0.2831666207328929,0.007281595844930495,0.017945915105591473,0.04288897431921336,3
sim01377,36,1.0,0.3611111111111111,0.42743309438079574,0.24360834517660812,0.025493172743612874,0.0034904272918121295,37.0,0.8355720381981262,0.09244788704042944,-0.49512627410319804,0.7984823792370915,3.58351893845611,3.6109179126442243,1.000088900581841e-12,-1.6844231583061415,1.5951324184622337,-0.1875105921551658,0.43227376440782367,0.32326267340827414,0.0930768438970248,0.15138153721888198,0.1719536778930047,0.1510744009784956,0
sim01378,49,1.0,0.1836734693877551,0.39376385936960245,0.24609983782285377,0.04005299354118392,0.009700629950600764,50.0,0.19467428285738686,0.03918679234363137,-0.48992705723458857,1.1089537914613705,3.8918202981106265,3.912023005428146,1.000088900581841e-12,-1.3646159359935508,2.4738077079325276,0.44533132863600916,0.11731449657407791,0.22238342637110375,0.37283337066080385,0.0538913042247374,-0.06011328757321984,0.03322998506829508,1
sim01379,30,1.0,0.06666666666666667,0.3186760669475542,0.2527659824528731,0.06711934400821817,0.007683674308301961,31.0,0.3178690154850052,0.005569931829364546,-0.66468000623252,0.7396819159093483,3.4011973816621555,3.4339872044851463,1.000088900581841e-12,-1.1726335280575522,1.2338229509623475,-0.615276293727399,0.13464043398875475,0.2262105864688953,0.2606450124026859,0.07742901812627685,-0.052065169932210144,-0.007874896803150221,0
sim01380,34,1.0,0.38235294117647056,0.37091033993763656,0.47440732357119625,0.04900137068847999,0.009474334802301008,35.0,0.37717112885257675,0.15561315734863132,-0.6114949675784844,1.0282903899741935,3.5263605246161616,3.5553480614894135,1.000088900581841e-12,-1.5673672530881495,1.8830987960162484,-1.1539113971441746,0.545817242296813,0.35278884402396515,0.09719293291873919,0.004199708405434801,-0.03777988931264573,-0.043587898981897695,0
sim01381,99,1.0,0.37373737373737376,0.37901704672535586,0.3862721922928136,0.06825884258616814,0.0129084924589724,100.0,0.6431897049605695,0.044831174265540084,-0.10209833415303562,1.3939202802399973,4.59511985013459,4.605170185988092,1.000088900581841e-12,-1.2125816994998462,2.929698286303213,-1.028585190918576,0.2626342612438815,0.4932757231957021,0.1182538661690869,0.12582509166080483,-0.3550019972253847,-0.3199382274121406,0
sim01382,109,1.0,0.3853211009174312,0.38839470578742924,0.3452845746304724,0.05209249405487394,0.00444955513301258,110.0,0.1497291482591384,0.059056179128913956,-0.2666247016365198,1.3650269124795718,4.6913478822291435,4.700480365792417,1.000088900581841e-12,-0.8936067821257736,2.2311311310968476,-0.14968886132547335,0.1907523511999701,0.42768460344992326,0.3532346498144257,0.023680145298669044,-0.10481344925085648,-0.03332844932964048,1
sim01383,111,1.0,0.25225225225225223,0.3277501966202301,0.4100424208409126,0.10486342103514228,0.0066566886173522405,112.0,0.6074606893435686,0.0482076262801212,-0.18617584360900388,0.9699226182705757,4.709530201312334,4.718498871295094,1.000088900581841e-12,-0.8215101205810531,1.9524936053083812,-0.7816258019254898,0.29947019577889905,0.2934472799295832,0.17723727864296474,0.22015142728907902,-0.059262535567712535,-0.01631163179415415,1
sim01384,111,1.0,0.18018018018018017,0.15836075696099236,0.6866053210455064,0.32460466209433936,0.03617470319961502,112.0,0.6156759556434559,0.04964096174301785,0.0677087122772718,1.0006681057224,4.709530201312334,4.718498871295094,1.000088900581841e-12,0.31615645520637303,2.515282251350076,-0.178836323869491,0.13086870220420097,0.12377311616543633,0.28547196954213716,0.27436268519422563,0.043244202763206466,0.02437655937562668,1
sim01385,10,1.0,0.2,0.24891598619844707,0.30006824943074606,0.09544075988934868,0.03496474571649019,11.0,0.2837748199841516,0.1674366996986814,-0.7755623979050522,0.8349748077684246,2.302585092994046,2.3978952727983707,1.000088900581841e-12,-0.7559146323211354,1.2984196418148282,0.6117808009485879,0.009808847377821945,0.37346474789298756,0.40078199607373255,0.03813133503903639,-0.5644006597516408,-0.6000340811324163,4
sim01386,35,1.0,0.17142857142857143,0.29139830803777306,0.7504521434866367,0.17448988390377546,0.043945593331394875,36.0,0.46891323549653313,-0.009836368325708675,0.8509992466355851,2.2078071597444207,3.5553480614894135,3.58351893845611,1.000088900581841e-12,-0.35572111154830893,2.1764336468546652,0.7890110734783126,0.16259854857351663,0.465805409241001,0.2800718594507168,0.09146625472491227,0.21269451989039245,0.1815753598344381,4
sim01387,48,1.0,0.020833333333333332,0.1939188508054799,0.8110497054170367,0.321103616516219,0.04901235015916724,49.0,0.36540051581969696,-0.04419978270560795,0.4743474910773622,1.4205078184240507,3.871201010907891,3.8918202981106265,1.000088900581841e-12,0.3255310209871551,1.9915094572672862,-0.15238750156155684,0.1272021713038338,0.2427366031829917,0.19323061227421834,0.36059626568872577,-0.03605827932645924,-0.05347949685891666,3
sim01388,98,1.0,0.061224489795918366,0.2192771724080424,0.7982851828751483,0.31318154478502536,0.041404639950511114,99.0,0.3756315836009746,-0.02586111227923763,0.33353142162732957,1.7571570125704268,4.584967478670572,4.59511985013459,1.000088900581841e-12,0.28918887943024857,2.561577391348399,0.4837481572623721,0.06970827214616473,0.14779290783130195,0.13178856273415132,0.21297598745700203,-0.049327607183965894,-0.05234323662548309,3
sim01389,91,1.0,0.5384615384615384,0.42429068555818844,0.33079012688013165,0.023833475698975582,0.005643360514943393,92.0,0.7018673954491497,0.09662978406277364,-0.7022530377843795,1.4582451868700157,4.51085950651685,4.5217885770490405,1.000088900581841e-12,-2.172436446638998,3.070248092531347,-1.6524795143464779,0.5524846307571041,0.3795619110970041,0.06564256990192446,0.002254417268325985,-0.2530243497571073,-0.16355960232016062,0
sim01390,37,1.0,0.05405405405405406,0.1609100625964069,0.6613457226510753,0.4190829148205073,0.15435184029925458,38.0,0.6396965308434452,-0.003705211594779179,-0.04675739112154017,1.030436916351685,3.6109179126442243,3.6375861597263857,1.000088900581841e-12,0.5978835271528692,2.6120837985923835,0.709985291219522,0.05670510804706077,0.048174898979759316,0.08528530029702454,0.3335732085858214,0.050435924527548366,0.028479347996543045,1
sim01391,109,1.0,0.06422018348623854,0.15355875191500665,0.6820061132816162,0.34572874093697537,0.025706043873956287,110.0,0.5826736706174238,-0.022728198054881146,-0.0886745649232883,0.8790330275605912,4.6913478822291435,4.700480365792417,1.000088900581841e-12,0.35191399262275436,2.0924195345497094,-0.15857555661702516,0.11164148811399129,0.09450344757167065,0.08293728934289858,0.18864928386519247,-0.06745328310822395,-0.04231703569376473,1
sim01392,85,1.0,0.43529411764705883,0.43272621160061725,0.21125667910443247,0.02956493056369406,0.0029494412790811537,86.0,0.8261875200476143,0.04262850965472592,-0.3871483600244424,0.9655138886419737,4.442651256490317,4.454347296253507,1.000088900581841e-12,-1.580454626577716,2.1376781287747297,-1.2854672228895658,0.4932916365843682,0.26710728485992546,0.23141372867937146,0.006537365185036578,-0.1365981215505449,-0.137091312801838,0
sim01393,66,1.0,0.07575757575757576,0.2623910705216671,0.7979216382155097,0.1918386891128468,0.052822289399086196,67.0,0.9005990008878397,-0.001970233097157886,-0.23722530387605217,1.1314131978476547,4.189654742026425,4.204692619390966,1.000088900581841e-12,0.7621878734764003,2.8999331330199825,-0.2115272508573365,0.06607018870333926,0.13453841934155283,0.13427252214111535,0.5189675853725023,-0.03052004897528459,-0.09231697796686901,1
sim01394,72,1.0,0.06944444444444445,0.13977471645184736,0.6394126604667059,0.49326397605791994,0.08059669496577933,73.0,0.42231421096436783,0.0046876785238496345,-0.12319947377053583,1.0265141406619827,4.276666119016055,4.290459441148391,1.000088900581841e-12,0.7040200421194497,2.4650792830322845,0.2662531857169392,0.022929195117553938,0.07867880817291954,0.16334606315667727,0.09602240896480828,0.23602081257950186,0.18735605724289228,1
sim01395,41,1.0,0.21951219512195122,0.30151044802462473,0.729326419628352,0.15002754883980324,0.019600862283916737,42.0,0.5859211655202601,0.03120549112452854,0.04896833484550071,0.8449093669817568,3.713572066704308,3.7376696182833684,1.000088900581841e-12,-0.4806674126945335,1.6783266896631475,-1.284697591493366,0.42883360731503334,0.4348391953772236,0.12876400985882644,0.007512227887023461,0.13291832757158528,0.056518754566472124,3
sim01396,21,1.0,0.047619047619047616,0.20558937114409231,0.636766995556242,0.4936837753983868,0.2754175598663377,22.0,0.19794861576076356,0.006006432894028918,0.26308403323869045,1.3067872926438382,3.044522437723423,3.091042453358316,1.000088900581841e-12,1.1344703038297046,2.460915601817836,0.9946796218423644,0.05651386621825246,0.021330915932460455,0.019642286980821124,0.23894524472555434,0.23108939611844914,0.0780781664567209,1
sim01397,35,1.0,0.2,0.314941001741873,0.826355318487596,0.1296011674303635,0.03725651651703015,36.0,0.6920599805049873,0.004267745187484051,-0.039132206103173695,1.2896747460445006,3.5553480614894135,3.58351893845611,1.000088900581841e-12,-0.49736058018826107,2.308713138998099,-1.0093244551840916,0.14066463063044093,0.5756526554905502,0.26975741929459995,0.013919207278483626,0.4926325435282683,0.14678026148117038,3
sim01398,87,1.0,0.42528735632183906,0.4019969091010481,0.43772323113159495,0.03736076611287468,0.00342179409195628,88.0,0.43782323113159494,0.05633968454639825,-0.47872845892012783,1.3475717891716188,4.465908118654584,4.477336814478207,1.000088900581841e-12,-1.8852551844263772,2.075451999052016,-0.45812765256478744,0.43609658562227804,0.3111047113217581,0.24303841363348222,0.009759922388469016,-0.060909534668342015,-0.13795617524344725,1
sim01399,62,1.0,0.2903225806451613,0.34481493286496023,0.6220128083192243,0.09799445016770844,0.012076418666633157,63.0,0.5341205449719798,0.02143356825363826,0.5674886620955804,2.4198599974999926,4.127134385045092,4.143134726391533,1.000088900581841e-12,-0.9318823484839557,2.0334782189273812,1.065423932329692,0.4147688209892036,0.16418909684393607,0.07123536449551571,0.0440347022839947,0.18229570095365327,0.15704496273047994,3
sim01400,92,1.0,0.05434782608695652,0.14257064341380565,0.8215041952264321,0.4982330794811668,0.12799833213498393,93.0,0.65550059339544,-0.01897980959517822,-0.0786553409974284,1.1478710947654627,4.5217885770490405,4.532599493153256,1.000088900581841e-12,0.7913317011700216,3.162737811892539,-0.05577025657660564,0.04016523756677698,0.10022980502641776,0.09866816746292688,0.13634297635118323,-0.04186748267864315,-0.08493405285551445,1
sim01401,84,1.0,0.40476190476190477,0.3721205833041033,0.361472098968273,0.09255533910408831,0.015873975791241963,85.0,0.2280885078266175,0.05538793762368958,0.033655496547205406,1.5190357708721811,4.430816798843313,4.442651256490317,1.000088900581841e-12,-0.6430416366539313,2.667691097392465,-0.7698419402133927,0.3282469079556981,0.5290306618211336,0.13623453278135658,0.006486785610572092,-0.27784097693217363,-0.16505016912320555,3
sim01402,63,1.0,0.047619047619047616,0.2267983072735765,0.3390986346846335,0.20212753957959154,0.025944783442670965,64.0,0.3398756407222421,-0.019510441627054682,-0.34503945227755006,0.8559262062454053,4.143134726391533,4.1588830833596715,1.000088900581841e-12,-0.10435386733813337,2.0902064098990256,0.08056429285438232,0.10182401278443166,0.11090697901379126,0.15221977061417666,0.19204779332623276,-0.15660345376621865,-0.13466749981926512,1
sim01403,116,1.0,0.3706896551724138,0.31105673404464307,0.554622602093056,0.08889557755333535,0.009665565559902955,117.0,0.6007171662414691,0.06896740829555814,-0.031488279733846755,2.1736004986219624,4.7535901911063645,4.762173934797756,1.000088900581841e-12,-0.9925765668527475,2.5346974221632967,0.16558407076174578,0.3918498617413907,0.35427178682486443,0.204737951083049,0.04052307071000513,0.12014611309265742,0.036230512791304736,3
sim01404,17,1.0,0.47058823529411764,0.45871945779230466,0.14041349902202038,0.010040318725714288,0.003636420373428188,18.0,0.8985803516201227,0.15994698535287835,-0.6686665244122348,1.0637375461786869,2.833213344056216,2.8903717578961645,1.000088900581841e-12,-2.205718835821812,1.81760426717586,-3.241198621410315,0.5518892630401031,0.431595551949149,0.01594854626440678,0.0005666386467426143,-0.3188034081252644,-0.4548296175797906,5
sim01405,23,1.0,0.21739130434782608,0.3352674620961341,0.6808368145538788,0.2867095765205239,0.07795611825903373,24.0,0.9589352739243129,0.030620316463898966,0.36339623185103426,0.9431558675892433,3.1354942159291497,3.1780538303479458,1.000088900581841e-12,1.9852519679056921,1.8331705229031912,-0.3067472100806063,0.004051345077365531,0.0012763774651051419,0.25730900054064015,0.4212654072618204,0.24701487557745125,0.3717755510168133,6
sim01406,83,1.0,0.13253012048192772,0.21133878053350807,0.8618269406705743,0.23506334773687107,0.024949706862649527,84.0,0.8678337458212617,0.04782030332919182,0.014582484922384729,1.5341397457621133,4.418840607796598,4.430816798843313,1.000088900581841e-12,0.7175495309570141,2.1758476379642517,-0.2781985520698239,0.07476042134669963,0.11192025839099612,0.4277016236628289,0.17760842854454562,-0.06181825127200912,-0.02888575464820557,1
sim01407,27,1.0,0.2222222222222222,0.4134551210152786,0.45680987940742235,0.06605567812063876,0.02026194083634802,28.0,0.6654890546085254,-0.009369861982293956,0.5900456600942752,1.858054117395252,3.295836866004329,3.332204510175204,1.000088900581841e-12,-1.2149385182417385,2.114083162062908,0.950249693414243,0.8748712461324463,0.04811361876633629,0.006336276849254618,0.03100442566048945,-0.21815257597469845,-0.21438913138124643,3
sim01408,16,1.0,0.25,0.37825118230935983,0.3043206817372375,0.10416234329731569,0.03717718047692538,17.0,0.6947468516955017,0.09518444081271553,2.3683432409335925,1.9467124672696543,2.772588722239781,2.833213344056216,1.000088900581841e-12,-0.7109830095529633,1.7423331918273273,3.1136094429804944,0.19614794482150752,0.057476203699447004,0.320705247785285,0.03953473371619359,-0.3771468824458045,-0.18080562094862407,4
sim01409,116,1.0,0.33620689655172414,0.30782770133892834,0.6455643695165204,0.08395170694530167,0.009043869169753582,117.0,0.3712235639871643,0.028542178123551323,-0.028823092586330725,2.2777145704517117,4.7535901911063645,4.762173934797756,1.000088900581841e-12,-1.0225832501577132,2.525435561977616,0.1606017863932438,0.4227973697738428,0.3537840406142275,0.18361950084959291,0.03907808495533023,-0.054608730559517524,0.061827198003742534,3
sim01410,68,1.0,0.45588235294117646,0.45865722796478203,0.14831788528034295,0.013664009360684506,0.004143515880225372,69.0,0.13207506816179093,0.06506666720917671,-0.2816653159836438,2.0373993271994193,4.219507705176107,4.23410650459726,1.000088900581841e-12,-2.1269550848428636,3.0262870521958423,0.3032436323897054,0.5593709241821111,0.06238492340786663,0.11366177192743696,0.26442655006931487,-0.10040230922940606,-0.12449598038538082,3
sim01411,11,1.0,0.0,0.3251832661049288,0.28967284455419995,0.03246748759734331,0.01146739157019696,12.0,0.7262912890511319,-0.06902464277365684,-1.1567213632331945,0.5699041332824231,2.3978952727983707,2.4849066497880004,1.000088900581841e-12,-1.8120211151073795,1.3571635575911254,0.6363170296897761,0.06707041799573382,0.37244364893149995,0.3872487701000494,0.17208122160575692,-0.2651597799916481,-0.08917462257859718,6
sim01412,17,1.0,0.058823529411764705,0.15214939303783523,0.45822352746499156,0.13437543456970347,0.021074627121147032,18.0,0.6092183829839446,0.02549551851019813,-0.6774745552831225,0.6315058741101528,2.833213344056216,2.8903717578961645,1.000088900581841e-12,-0.5719327640073685,0.9806455218779988,-0.5170122775823618,0.14778996833674507,0.1526528388951931,0.1878544305188452,0.2071831255162155,0.028592558429640598,-0.04960634294435302,0
sim01413,14,1.0,0.21428571428571427,0.42798111977964265,0.2267962850047216,0.024994205134085283,0.016187404282300824,15.0,0.8229100343418339,0.00731577314955832,-0.7944591827060556,1.0648511292853968,2.6390573296152584,2.70805020110221,1.000088900581841e-12,-1.7631054820341363,2.204646752133599,-0.9548724692424672,0.14286635502459805,0.8251023080713458,0.014865647307038427,0.01716568955700842,-0.12455782826460533,-0.1685651900251606,0
sim01414,116,1.0,0.22413793103448276,0.3425911560278093,0.8194426348979682,0.4936199202954593,0.09897513021051299,117.0,0.9284267417277351,-0.026260847933590955,-0.06853718964012749,1.2138194465352556,4.7535901911063645,4.762173934797756,1.000088900581841e-12,2.005308113436592,3.1466929705232753,0.2055807458788202,0.0029801850513292414,0.00548919322744302,0.010306993824850912,0.1183929407703274,-0.05933960777980643,-0.006142974676041237,1
sim01415,80,1.0,0.125,0.2710609610302026,0.8664229974516935,0.21201652911918253,0.02360933367594592,81.0,0.37846560492895176,0.03444975237728852,-0.012732113256086782,1.5019869349808461,4.382026634673881,4.394449154672439,1.000088900581841e-12,-0.1038969299879371,2.187004523750497,-0.4129468987387032,0.07231766303010065,0.19580602164487323,0.3020895134114528,0.11609617908528384,0.046299444838322955,0.07102288017809492,1
sim01416,111,1.0,0.27927927927927926,0.2753918771364292,0.6088591382715886,0.09825291371511358,0.017228841526568,112.0,0.5460857167847213,0.05734664823972212,-0.40726071124144914,1.439056844420662,4.709530201312334,4.718498871295094,1.000088900581841e-12,-0.925384145165163,2.9685701062422325,-0.4635927927431096,0.3986403557964297,0.2440126573520677,0.31372199278320095,0.039228294604280754,0.1377766030943089,0.0797364921970638,1
sim01417,42,1.0,0.07142857142857142,0.3070552689977075,0.5257339412042977,0.4989019172181001,0.24680282019309369,43.0,0.897803316878076,-0.012031966100007467,-0.17902843776429803,1.0514915717815272,3.7376696182833684,3.7612001156935624,1.000088900581841e-12,1.6933145534641965,3.0338498194574797,0.22897873960724507,0.006009127052953827,0.018649467846042603,0.05721059884488064,0.06991971788216668,-0.37750593483215966,-0.08359639931364886,1
sim01418,104,1.0,0.36538461538461536,0.38440920477672413,0.43271126857509656,0.05345803701284135,0.008073158854388456,105.0,0.6240681958345369,0.0817775065072027,-0.24426051965500636,1.5743337363632215,4.6443908991413725,4.653960350157523,1.000088900581841e-12,-1.479015135402807,2.7540387435482296,0.383922836492492,0.4755520090659699,0.10005805234929174,0.0547116580482344,0.030906039479500033,-0.13293465860624543,0.022063630151228995,3
sim01419,73,1.0,0.0273972602739726,0.22309120295326781,0.647752619193284,0.1918938754983799,0.021912052027663685,74.0,0.4590677789747568,-0.07710493839732441,0.22921538845899614,1.4918720074760994,4.290459441148391,4.30406509320417,1.000088900581841e-12,-0.257794085737594,2.1205537597269486,0.1480668693874509,0.13542858676356984,0.4035048348700432,0.2640546108284391,0.04422314576081631,-0.06083640688803246,-0.07654233716455802,3
sim01420,79,1.0,0.22784810126582278,0.20387453387720086,0.6295386006043351,0.18293725830809618,0.01627245317006467,80.0,0.47632929549508796,0.0727995948869979,-0.11994183499186352,1.0193315775625513,4.3694478524670215,4.382026634673881,1.000088900581841e-12,-0.3100739503067577,1.949778297420223,-0.017216986364776782,0.13758162736356186,0.12486569992571049,0.4782945595291247,0.23047846641294586,-0.06912101254470357,-0.03187575799649083,1
sim01421,88,1.0,0.14772727272727273,0.2657566252668031,0.4851113405078044,0.4798079008956872,0.05730294579866134,89.0,0.19413257425931746,0.05581602932037058,0.21262650442377407,1.067794663136745,4.477336814478207,4.48863636973214,1.000088900581841e-12,1.1206805533821547,2.352303029479655,-0.12416592821292272,0.04999722035391856,0.09137126067850541,0.04473309951950884,0.22480883414298924,-0.1120113307162584,-0.05348319352102112,1
sim01422,37,1.0,0.35135135135135137,0.3780693288010646,0.48296584861643355,0.06811381760034813,0.021685300962824842,38.0,0.37503935082364515,0.0793099017423597,-0.3104074517601607,1.2275317274842616,3.6109179126442243,3.6375861597263857,1.000088900581841e-12,-1.2357842692445535,2.466372473992324,-1.666635813370322,0.7019933968428311,0.25361051291912706,0.0424803257430345,0.0019157610597267318,-0.03317771339924118,-0.11092115621072651,0
sim01423,83,1.0,0.04819277108433735,0.183150888746699,0.5445975475253635,0.4086337237195557,0.15191003871738737,84.0,0.6880783133307471,-0.024631761255550614,0.01922138845828929,0.9769980830024656,4.418840607796598,4.430816798843313,1.000088900581841e-12,0.6439196817497832,3.4293098889117806,-0.3368541939893883,0.1088735595679307,0.10058555698306236,0.09968797683765644,0.09457858837786844,-0.2058611248859687,-0.1029500764856693,1
sim01424,51,1.0,0.0392156862745098,0.35056474784018526,0.9237257786764158,0.23691000654412528,0.09010020488141474,52.0,0.3772389199534977,-0.0833922005023919,0.19351052643105088,1.0234610975773752,3.9318256327243257,3.9512437185814275,1.000088900581841e-12,0.008393956023098335,2.965067721264999,-0.27769709601540266,0.07191443396654565,0.026145800627256223,0.03159872180201621,0.1916572420882612,0.3946705776585387,0.13903715151642196,1
sim01425,103,1.0,0.3786407766990291,0.3822470351041608,0.39469236979919575,0.051888217422437745,0.006875616542758572,104.0,0.7203830373146263,0.10411570153857547,-0.32600496146296276,1.2662890048252653,4.634728988229636,4.6443908991413725,1.000088900581841e-12,-1.3563567242488745,2.6136185650864503,-0.19396544546034117,0.5044829856054599,0.25227844097539154,0.19982714681772965,0.039370413181660006,0.06837027300908698,0.04660943928268494,1
sim01426,43,1.0,0.046511627906976744,0.18001065741174663,0.6664944253087218,0.21411846645818772,0.0325263617267031,44.0,0.738228111763503,-0.030884566898432584,-0.18659320243882438,0.8393269725218885,3.7612001156935624,3.784189633918261,1.000088900581841e-12,0.10255838210846008,1.8767215626909681,-0.43578139122011467,0.09737570620224432,0.2563362936519039,0.23500379911521865,0.38778134555234706,0.012200041139062139,0.017573625776760117,1
sim01427,75,1.0,0.6,0.47093263780456124,0.1418483615965458,0.01838043019240599,0.009290901617156195,76.0,0.0937660217401825,0.07761409770204271,-0.0318274375966698,1.99007069942225,4.31748811353631,4.330733340286331,1.000088900581841e-12,-1.5310582745208,3.6352371880023298,0.3695332363680099,0.1031634959369189,0.02009748798241759,0.019148434492824162,0.8062443068488236,-0.28313757670565837,-0.16763050692812184,3
sim01428,34,1.0,0.29411764705882354,0.4496913805984166,0.19951678667117018,0.012714652963743741,0.005678668117174464,35.0,0.19969273770251272,0.07809556600316042,-0.6606345947796924,1.0397336354502573,3.5263605246161616,3.5553480614894135,1.000088900581841e-12,-2.531265221421747,2.7203221358935528,-0.3906351975317989,0.7110620816044503,0.06985630649486387,0.09000286846170669,0.06751650258117949,0.15745534174127337,0.018168478520074735,0
sim01429,81,1.0,0.13580246913580246,0.19932865056372784,0.4992551359582907,0.3301114465008356,0.06703034424436863,82.0,0.47805693015991696,0.029521063775987767,-0.1315921443587263,1.0333722465042647,4.394449154672439,4.406719247264253,1.000088900581841e-12,0.2798972466190033,2.8001642563584728,0.19988430146260439,0.06963736892503407,0.04605046448098848,0.14334196537539087,0.11281156308162954,-0.15089612967218158,0.06467157395406782,1
sim01430,93,1.0,0.43010752688172044,0.33692325784320265,0.813212224683368,0.09103766889344587,0.008842379681278517,94.0,0.24608375421528805,0.058576725892421806,-0.4080010516285739,1.2383050334730734,4.532599493153256,4.543294782270004,1.000088900581841e-12,-0.7119245805168753,2.200882162632976,-1.4604898304716694,0.22646347462671548,0.6482072513457626,0.12126385916209721,0.004063419348213991,-0.06023358707647941,-0.054903511474558804,0
sim01431,24,1.0,0.25,0.3091544033959958,0.8008809626645623,0.09651162977545344,0.019750226758184636,25.0,0.26743499225177403,0.06853697665406229,-0.25447288160871745,0.6979609641028983,3.1780538303479458,3.2188758248682006,1.000088900581841e-12,-0.7080098060362958,1.5915552859668918,-0.14145210487897725,0.25298592461257996,0.38610011931234595,0.3523433028207743,0.00849712088695909,0.03682016793750796,-0.12603010474336768,0
sim01432,11,1.0,0.18181818181818182,0.40735320483081616,0.25596599514445795,0.08925351557967692,0.04807845225087042,12.0,0.08174340196715402,0.0943934144277304,0.9086194303849211,1.5692189108304584,2.3978952727983707,2.4849066497880004,1.000088900581841e-12,0.17317412235747956,1.7792485611506148,-1.6163041884113372,0.06184714497218622,0.0351344617365987,0.8863676708645448,0.015810467681703303,-0.2730468569946041,0.05063682558025401,6
sim01433,97,1.0,0.041237113402061855,0.13144320550082872,0.69527877672588,0.339472936823268,0.04638105358199606,98.0,0.3571987518390661,-0.03288454976756747,0.06346559737843951,1.0872507348984977,4.574710978503383,4.584967478670572,1.000088900581841e-12,0.391021577673346,2.584207797093548,-0.45332907859683813,0.06961366018441366,0.22489276357843965,0.19153571337566833,0.33880318814353216,0.04736521903726773,0.09308602952816938,1
sim01434,57,1.0,0.10526315789473684,0.3936914841831196,0.3430922553458626,0.0886561190315695,0.01492080889713635,58.0,0.31180112268567084,-0.06329541893642977,0.27717122590249427,1.421219439537167,4.04305126783455,4.060443010546419,1.000088900581841e-12,-0.8839230855668473,2.2610430214434776,0.5826030554030768,0.2523643937186874,0.12375969191837774,0.06447401021528056,0.428055298752898,-0.25205465204398086,-0.14151241711544407,3
sim01435,24,1.0,0.041666666666666664,0.2536863314328057,0.5212182449012817,0.10435007683468119,0.026345141529578224,25.0,0.6320028004909211,-0.03070189734621988,-0.3390796011745473,1.1047042241943013,3.1780538303479458,3.2188758248682006,1.000088900581841e-12,-0.8014625045764776,1.801586336123641,0.641440011364677,0.18373027532231154,0.25546311490675166,0.2734048213897758,0.21111283169587444,0.17529765381074067,0.2314525825166883,6
sim01436,66,1.0,0.6515151515151515,0.4583948610525296,0.20429946055704185,0.0114342213456548,0.003995527224880357,67.0,0.8276489891589682,0.11426172607713897,-0.8250896880274262,1.2891074436215795,4.189654742026425,4.204692619390966,1.000088900581841e-12,-2.5237562860939144,3.1382195469955465,-1.4592266487117893,0.8252443976481144,0.14648131639191533,0.02826672993152607,7.555940987390647e-06,-0.06806419082593555,0.000753081497707766,0
sim01437,63,1.0,0.09523809523809523,0.22232588246279122,0.7858881478650683,0.24823723004697698,0.02777955825528948,64.0,0.3259092720543476,0.01781670363208379,0.20006842851263876,1.2532495971440931,4.143134726391533,4.1588830833596715,1.000088900581841e-12,0.12215639159363635,1.953050300125178,0.16605225025453113,0.1278249425889569,0.20686888183349725,0.2646900361858051,0.3055843112621381,-0.15030787905259327,-0.10982805881928316,1
sim01438,105,1.0,0.26666666666666666,0.31484651830368127,0.49980584924617577,0.11789812034504127,0.014372428412630136,106.0,0.740689508895862,0.050644827669029946,-0.033780334399142194,1.3231076555145287,4.653960350157523,4.663439094112067,1.000088900581841e-12,-0.48803152859349974,2.5494511623561356,-0.7760859097742061,0.3620051100468828,0.3941377962850013,0.19204101380128136,0.030268071890083525,-0.04895113193190269,-0.026071653633051285,1
sim01439,94,1.0,0.13829787234042554,0.16304537454890508,0.7154049468850743,0.2809879039771264,0.04239614161236856,95.0,0.3858924857628584,0.05977225782318455,-0.25920777169654835,1.354355094887858,4.543294782270004,4.553876891600541,1.000088900581841e-12,0.17033808723124874,2.6520405182854763,-0.461026306290377,0.0690441813250504,0.21483204181227417,0.10384272503814926,0.1872072477072223,0.08306293908721916,0.15321497442299856,1
sim01440,96,1.0,0.375,0.3672088668901303,0.4188311775383965,0.09084759503954472,0.012593913818347287,97.0,0.7340978108543952,0.008551853383121552,-0.17459079010065243,1.1670462330466274,4.564348191467836,4.574710978503383,1.000088900581841e-12,-0.764832206504087,2.588378534741212,-0.8892984925963645,0.3289512068465007,0.13774768432716566,0.5217861809678223,0.011514854790382827,0.09958610245529016,0.15803296097948621,1
sim01441,46,1.0,0.2826086956521739,0.4183830084564494,0.2685590661321846,0.03196327178344256,0.004163540025426854,47.0,0.2569360149186118,0.06591796730412912,-0.09493092902018739,1.3870222659652087,3.828641396489095,3.8501476017100584,1.000088900581841e-12,-1.7872664770579965,1.790419588491211,0.1679612620866093,0.2937494491126455,0.1700181979847156,0.09474547222991166,0.32905365819441207,-0.18061686129720822,-0.2457675228651179,1
sim01442,104,1.0,0.16346153846153846,0.37644365127388446,0.3078788717079922,0.10227056521866461,0.007567337593846739,105.0,0.14765933429281408,-0.030045335543050444,0.424405128479034,1.8230191919792669,4.6443908991413725,4.653960350157523,1.000088900581841e-12,-0.20751693401872737,2.0406102974028024,0.01254320932000269,0.07945742891569564,0.33684696866184355,0.1589694091260918,0.14497284273257008,-0.04892433330637894,0.12943594907432773,3
sim01443,31,1.0,0.06451612903225806,0.19301006814311886,0.8487674772990066,0.20659316026885183,0.06869114809519405,32.0,0.5112114124369891,0.0066244387862836075,-0.35153347295113774,0.7308951279143396,3.4339872044851463,3.4657359027997265,1.000088900581841e-12,-0.1902065583634704,2.332856096604302,0.1486604395033943,0.12729196330607942,0.07723426087077413,0.15480012491660064,0.5471434227147893,0.19638049545365638,0.02226558217846696,1
sim01444,118,1.0,0.3898305084745763,0.33275042138987465,0.5789197643398117,0.07983212913389005,0.01151189761982222,119.0,0.4436805190798581,0.07866416739858338,-0.20791090208213156,1.1704322978495645,4.770684624465665,4.77912349311153,1.000088900581841e-12,-1.1287661638661874,2.83413965512458,-0.38822913939614595,0.41001600418018774,0.24333325558478444,0.31986794639035593,0.020649687368332975,-0.0269953834229257,0.006366280965817475,1
sim01445,9,1.0,0.0,0.16700410427497475,0.3539752914248685,0.2256444231584972,0.09925208331929294,10.0,0.4520282926262276,-0.02812023163244189,-0.14463157408137864,0.5515558154426469,2.1972245773362196,2.302585092994046,1.000088900581841e-12,-0.09325273852879605,1.375927075873011,0.3212334717440233,0.11789578126855504,0.09897352952558164,0.20972528605601667,0.5731221563825336,-0.48500182180597323,-0.3567558769801998,0
sim01446,78,1.0,0.34615384615384615,0.380837666929525,0.3235774478233766,0.0630422588595149,0.008937884675787612,79.0,0.7336471745160177,0.046380643881395844,-0.4198064622527825,1.3085572572804123,4.356708826689592,4.3694478524670215,1.000088900581841e-12,-1.1312895097823685,2.403202496235656,-0.45445093649126955,0.24534365744446798,0.13652798125923904,0.6010126803143547,0.015189396285117887,0.27412513612591327,0.22730233667495378,1
sim01447,115,1.0,0.6956521739130435,0.42331826440651477,0.4674617260009123,0.02581124223228772,0.0035456720035172353,116.0,0.3558155168544852,0.05358646512382126,-0.8107948279678893,1.3461087178496214,4.74493212836325,4.7535901911063645,1.000088900581841e-12,-2.18383211357213,2.759849687510031,-5.4700544425207545,0.843149114797499,0.15441402405286953,0.002434690931868679,2.170179020097801e-06,0.3607350680183569,0.17864206935850319,5
sim01448,69,1.0,0.08695652173913043,0.20049299238813065,0.7302046269273905,0.5123834670597724,0.08891695422643178,70.0,0.39761183745217454,0.015806371001502152,0.17500520071001055,1.1070435028117862,4.23410650459726,4.248495242049359,1.000088900581841e-12,0.7604503103797862,2.4827360362083657,0.07780413419062318,0.0436514609755246,0.032746178863320034,0.12430439161327399,0.29159642189152624,-0.40259001835275976,-0.2622753205174801,1
sim01449,46,1.0,0.30434782608695654,0.3250806833840272,0.5031722303216959,0.04594907523020588,0.006546561235381953,47.0,0.5085899504554943,0.08130673631654706,-0.854989669151949,0.916990995237176,3.828641396489095,3.8501476017100584,1.000088900581841e-12,-1.6936320022517544,1.880047582161829,-0.2093847769045013,0.3925385422420398,0.3264161022078878,0.24333856443594876,0.037697178864519044,-0.06329837889268342,-0.07457576865448863,0
sim01450,11,1.0,0.09090909090909091,0.3209125453043131,0.43335529150226515,0.07298211338295282,0.04208884918744805,12.0,0.4399373786605665,0.024622381321052555,-0.4589441705879097,1.090756240203216,2.3978952727983707,2.4849066497880004,1.000088900581841e-12,-1.2167113288894804,1.847463724396389,-0.8395329427777847,0.602166329817419,0.025043099596199478,0.2966718162336755,0.07554303171356055,-0.37391289621195284,-0.2965868859689815,0
sim01451,33,1.0,0.030303030303030304,0.15854435716621904,0.686749597749668,0.32986677871668485,0.09633989270166182,34.0,0.694414789573772,-0.01743266922079104,-0.17744976793241318,1.1029502539791374,3.4965075614664802,3.5263605246161616,1.000088900581841e-12,0.44114602868551583,2.2657011767389044,0.38075527133675363,0.03893360101876138,0.118781442933468,0.04432516497348813,0.5409337582239331,0.08736108616546111,0.1838750765765218,1
sim01452,117,1.0,0.11965811965811966,0.3256579241044201,0.35623178703822533,0.19386911135405252,0.023787195409427267,118.0,0.7662230590231555,-0.017815432493669105,-0.04516884196160976,0.9188168998078426,4.762173934797756,4.770684624465665,1.000088900581841e-12,0.07909778243894164,2.664138114508397,0.15001580442924212,0.0905469022845422,0.09438687950965521,0.09360852779534362,0.14924151811089179,-0.12625248190959323,-0.10383286441558297,1
sim01453,26,1.0,0.23076923076923078,0.30446229508802,0.4568150449528018,0.09143426773808899,0.029826479875635897,27.0,0.5430849550471982,0.07088668324425317,-0.4725959256569721,1.087889872764103,3.258096538021482,3.295836866004329,1.000088900581841e-12,-0.9983876312858563,2.137872794410562,-1.6847260876458114,0.5244764797509747,0.2759478416884472,0.1890914453251371,0.010483173374079892,-0.44815915627480063,-0.4042581617101707,0
sim01454,57,1.0,0.05263157894736842,0.20185620975225577,0.5284586248310946,0.4165861827484419,0.0917446585274815,58.0,0.6905962354651534,-0.01370746117334814,0.07285488566970359,0.9823256469770991,4.04305126783455,4.060443010546419,1.000088900581841e-12,0.6676462014375835,2.5299671736980316,0.4522127093580571,0.03840143843483968,0.06902912297296743,0.09698239169758933,0.17148130312667298,-0.16898385836308405,-0.17443135154968792,1
sim01455,86,1.0,0.2558139534883721,0.38585835025280274,0.33329022737451813,0.08607838494294169,0.020185678139497457,87.0,0.2649598003872012,0.0658277176085875,0.1246185298612477,1.5896497703922068,4.454347296253507,4.465908118654584,1.000088900581841e-12,-0.8164896959488791,3.0040623112969453,0.046217383170994,0.23744901631023346,0.08464953586719816,0.12690760481175634,0.0784485051185442,-0.2320707977321993,-0.10699484675749218,1
sim01456,113,1.0,0.26548672566371684,0.2850329187288277,0.6645864975776608,0.13534390938020166,0.018471392192700335,114.0,0.6007050924591946,0.016722030356228577,-0.03910864066645692,1.1915026143198917,4.727387818712341,4.736198448394496,1.000088900581841e-12,-0.5722300848878616,2.7357919691829626,-0.38470161078856274,0.26184021994108914,0.46817595794032835,0.16186935837965574,0.10728489957240928,-0.049771771125028064,-0.044255572049756914,1
sim01457,17,1.0,0.058823529411764705,0.2017786213818059,0.708400752463485,0.36057430200892016,0.12503474629349448,18.0,0.6273694143374808,0.020207272196537552,0.620596955058225,1.2993963489682274,2.833213344056216,2.8903717578961645,1.000088900581841e-12,0.4333302360455443,1.7741069693452767,-0.4947650957950555,0.20230634689729574,0.27519534421272923,0.07199726189645947,0.4370425844539417,0.049122149614472796,0.0003459430552229665,0
sim01458,60,1.0,0.65,0.48287598156934786,0.07724069822164831,0.004794923592202427,0.0007997774139108794,61.0,0.045658293742552127,0.048549028043721326,-0.2590530801456592,1.274946864473487,4.0943445622221,4.110873864173311,1.000088900581841e-12,-2.206894009136162,2.303364955001295,-0.7254805582375697,0.27242220027184055,0.08099235103320757,0.5441883670169417,0.09971553264101801,0.282841802988258,0.2912353844429597,0
sim01459,31,1.0,0.0967741935483871,0.22788122908024314,0.5338066839890704,0.12866964046632295,0.015395051572205153,32.0,0.4223650403518481,0.0068758959605852215,-0.32439339953187274,0.8667330628163509,3.4339872044851463,3.4657359027997265,1.000088900581841e-12,-0.6398086041539941,1.3107851426499637,-0.6885645225494261,0.06692598814809375,0.33513562326490937,0.40040855548722853,0.19500065906671113,0.20029287181866576,0.09336483699284374,1
sim01460,35,1.0,0.02857142857142857,0.2312813584575429,0.8337944733821134,0.352756939919157,0.060035848445873986,36.0,0.7196682078196972,-0.028178062645161324,0.21317496432823002,1.7196669584539532,3.5553480614894135,3.58351893845611,1.000088900581841e-12,0.5587703862376692,1.78451065500997,-0.4998306274807336,0.028290515795559048,0.16290574201277908,0.11965832021738576,0.2204458598241192,-0.18164162277983908,-0.16327176047671724,3
sim01461,73,1.0,0.0821917808219178,0.18577041790611432,0.6642858558761634,0.25220090389953387,0.03442856335534636,74.0,0.5341353518877673,-0.011274790321196678,-0.016945345750752024,1.0152278347967463,4.290459441148391,4.30406509320417,1.000088900581841e-12,0.013436874526929151,2.299119983248467,-0.2082257645983886,0.19430413961971946,0.14665590239564,0.16489704169930242,0.46051255741056923,-0.09026818560106284,0.012526176624552136,1
sim01462,11,1.0,0.0,0.22422261395757156,0.6924249424822306,0.19754326626698948,0.08981186874932519,12.0,0.7415196617963515,-0.033279709681926437,-0.258126955761642,0.7809753796517491,2.3978952727983707,2.4849066497880004,1.000088900581841e-12,0.03019160161686202,1.6096547779739996,0.791656789844037,0.10146020461254554,0.008920476206032918,0.31802701602929206,0.4548399489136666,0.05816678504741629,-0.09428553370355255,0
sim01463,21,1.0,0.42857142857142855,0.40020291365024674,0.3633224810917036,0.047167762299147833,0.01934585196537652,22.0,0.3634224810917036,0.10412839761960611,-0.48493472331722637,1.0621503703286854,3.044522437723423,3.091042453358316,1.000088900581841e-12,-1.590206281071639,2.1532898080084437,-1.5231362491085525,0.5317838632408886,0.40857647443657596,0.059636527382982404,3.1349183520697764e-06,0.20988588913350278,0.12550989646085295,0
sim01464,93,1.0,0.16129032258064516,0.17952290184419478,0.7850426253642792,0.24932794142140663,0.03514952391594052,94.0,0.5178202858658283,0.06647209315453753,-0.38011767252832374,1.0832208583942098,4.532599493153256,4.543294782270004,1.000088900581841e-12,-0.0014207962997285118,2.5734415028618622,-0.04182378932231756,0.11068190867468149,0.07441720979192,0.1799706970288313,0.12347764861292934,0.05582715112552934,-0.038993840040310375,1
sim01465,66,1.0,0.24242424242424243,0.3549192043576796,0.43295678942616644,0.04969828849237421,0.007526788514446183,67.0,0.30604729433937505,-0.008653806235758534,-0.2255096049292258,1.118860724617479,4.189654742026425,4.204692619390966,1.000088900581841e-12,-1.4524176826619197,2.302152703827558,0.17862036538211695,0.20456803793277895,0.5425144032709218,0.1750419576078528,0.01758180746709984,0.15271297432307954,-0.03505507455224017,1
sim01466,61,1.0,0.39344262295081966,0.4194391963499023,0.21671136798558543,0.0360061352316628,0.0064185855407057416,62.0,0.795203703578285,0.0521530429608328,-0.40188562976515924,1.000593297279065,4.110873864173311,4.127134385045092,1.000088900581841e-12,-1.5091694958311148,2.3863822882628054,-0.9247865912375977,0.3338474886389145,0.5397165986476861,0.08364490787973497,0.04279020473719412,-0.03202439486136359,-0.08671208511035196,1
sim01467,96,1.0,0.3333333333333333,0.3098318349310889,0.7910613621183706,0.09781300546583192,0.011220092187119975,97.0,0.44736436868995066,0.0506958518141034,-0.3048719120609602,1.3539524444160422,4.564348191467836,4.574710978503383,1.000088900581841e-12,-0.9272594674362915,2.3989967585342313,-0.8636525121809021,0.4758527392065689,0.34727637666590877,0.14622257637128666,0.03062489296371377,0.058946812128718086,0.09207368519472281,3
sim01468,36,1.0,0.0,0.1742519040399599,0.6962137971875976,0.30493161841374666,0.06026366874142654,37.0,0.5456268254251784,-0.049901350647448744,-0.21623719866083227,0.7873496579807419,3.58351893845611,3.6109179126442243,1.000088900581841e-12,0.20698872553625589,1.9621608025243225,0.24342545567420382,0.110018737039013,0.05694053301921315,0.1454635351747439,0.21691601332944666,0.014260818349266877,0.14271166023792423,1
sim01469,70,1.0,0.08571428571428572,0.3411146479250096,0.5484228778720512,0.09927503315042949,0.017376247932166706,71.0,0.45117048821243777,-0.08463486149363401,0.6943119585626222,1.897470582852529,4.248495242049359,4.2626798770413155,1.000088900581841e-12,-0.9139837508723767,2.505705342765016,0.5854724080873412,0.3996627713236409,0.2820073987039316,0.061460507772385764,0.1777273206079541,-0.31337007158946817,-0.18049584188576448,3
sim01470,86,1.0,0.03488372093023256,0.1391039324906303,0.6483880935615012,0.38947917882237787,0.045281095887133804,87.0,0.4127101350264548,-0.036586884801614296,-0.1370298435789875,0.9512033884797959,4.454347296253507,4.465908118654584,1.000088900581841e-12,0.4743016869868175,2.3024265243977124,-0.07050483387090181,0.07231801657569668,0.06039853187024648,0.14229399765695966,0.23642075810023536,-0.07522773141111283,0.08432892171173602,1
sim01471,82,1.0,0.06097560975609756,0.20317853738133954,0.8091958033521661,0.3603864926420134,0.05956293393927958,83.0,0.7536595979750396,-0.020731781312043417,0.1978212796909706,0.99161714818385,4.406719247264253,4.418840607796598,1.000088900581841e-12,0.6632771932144683,2.606575667649659,-0.11157139999975041,0.12250378570535572,0.10444803847498177,0.1613427949731352,0.3462612301675619,-0.0327521994854573,-0.03914050212996019,1
sim01472,83,1.0,0.13253012048192772,0.2361984508529715,0.7755997656441189,0.3217778606716268,0.04838731175775517,84.0,0.6370441029954311,0.01159088407233757,0.27084046620561697,0.9719771388685727,4.418840607796598,4.430816798843313,1.000088900581841e-12,0.3304964930867915,2.5242167993667604,-0.021251971779869927,0.1338278206633597,0.12780278231226908,0.15319440958316843,0.5548853811327175,0.24175270463609924,0.04884022554283384,1
sim01473,16,1.0,0.125,0.23218315274779566,0.5388967384398562,0.16458820885259787,0.06066420405996596,17.0,0.6412402355088748,0.03186602184105415,-0.2153923914276937,0.8526062416903973,2.772588722239781,2.833213344056216,1.000088900581841e-12,-0.3348552243890757,1.7744958768090537,-0.4717464983710552,0.07167279682668641,0.22027893273219848,0.5865299283115741,0.12149406832742873,-0.03453805898645906,-0.037085599627836856,1
sim01474,75,1.0,0.06666666666666667,0.22068907435330568,0.8411667568271406,0.2606232707294677,0.03483001126305799,76.0,0.6506065681718896,-0.01142971054004902,-0.006195111322299119,0.9290577314452965,4.31748811353631,4.330733340286331,1.000088900581841e-12,0.13672752778073238,2.3048915635871476,0.10538546790263878,0.13982740039608887,0.08351069202834333,0.10135320201216987,0.3810891400589378,-0.08189630405537286,-0.02567115274707493,1
sim01475,26,1.0,0.038461538461538464,0.1719062327992505,0.7106914295371718,0.25538623492552104,0.05140102537111692,27.0,0.541009967472962,-0.020862339402618228,0.10534759912325903,1.2440744689016918,3.258096538021482,3.295836866004329,1.000088900581841e-12,0.02806612794816269,1.6549776130509635,-0.6834086079846908,0.11790831892806049,0.29829049223022486,0.3734162470459765,0.07898621884421203,-0.32607469958460245,-0.2885743552879572,0
sim01476,69,1.0,0.14492753623188406,0.34457536118620535,0.4385496576401998,0.09830417378138183,0.021525753502107513,70.0,0.2635915414302715,-0.02606542458681965,0.11679770059923361,1.2640070029749004,4.23410650459726,4.248495242049359,1.000088900581841e-12,-0.6803638842633655,2.7152900736688035,0.3640210185326519,0.21296332689028022,0.3082102067953427,0.07032173938490335,0.015633624469191493,0.04777419447421401,-0.02470239907711324,1
sim01477,100,1.0,0.52,0.45685744350011537,0.16021598392176306,0.016586350377468858,0.0020943450882669845,101.0,0.14481952361630157,0.03922228451918531,-0.27431167563967435,1.1556757514207256,4.605170185988092,4.61512051684126,1.000088900581841e-12,-2.010465462885576,2.535830987207889,-0.9784752735090652,0.2365244989890611,0.03840218818839759,0.5775198271056401,0.14755071432643102,0.053591052445413144,0.17597190235353205,1
sim01478,70,1.0,0.34285714285714286,0.41188157338162235,0.36670773096592235,0.05369460455551329,0.014844750076436325,71.0,0.6341140697388392,0.040061209339015184,0.10657366434916599,1.8766830471901441,4.248495242049359,4.2626798770413155,1.000088900581841e-12,-1.4634826762106132,2.9628289907085006,0.13935070616956188,0.6646076705713951,0.15591307755242553,0.025200023902454644,0.0038529677181975653,-0.24847665813375333,-0.11757545704330119,3
sim01479,50,1.0,0.36,0.3112633626022069,0.6987154619718396,0.09028565983736224,0.025200862913602903,51.0,0.6540802788507556,0.06898441617901958,-0.527669756871759,1.255237418750514,3.912023005428146,3.9318256327243257,1.000088900581841e-12,-0.918702901784421,2.6359225994242603,-1.4338792676708538,0.323211360861189,0.5244626112407279,0.14862987145027792,0.003696061448197976,-0.3807544811422383,-0.31778219856021367,0
sim01480,83,1.0,0.26506024096385544,0.21637627629252434,0.6509179831367905,0.17282998855112086,0.011511352645471701,84.0,0.4079529548557801,0.06357852361429525,-0.21489488374055077,1.1179775765369104,4.418840607796598,4.430816798843313,1.000088900581841e-12,-0.33467429575280555,1.7098659562181682,-0.42746392209675055,0.172259888837724,0.23517697532337073,0.3241317103849273,0.26839784257833493,0.23925972428411277,0.2226443534299545,1
sim01481,102,1.0,0.12745098039215685,0.26314819040507864,0.5040499884311763,0.1520754466073747,0.009220512671896513,103.0,0.2959708627767602,-0.03048229586667942,0.18527939474046487,1.9666096855539947,4.624972813284271,4.634728988229636,1.000088900581841e-12,-0.3149487203729109,1.8220266961120035,0.24631012995013912,0.14682086639195546,0.2843050010254142,0.24533785108629905,0.27954844043241345,-0.10664358944270837,-0.11776148589921047,3
sim01482,81,1.0,0.16049382716049382,0.14033649697849845,0.5725323368362116,0.3278007838367458,0.11805321334292529,82.0,0.34803157883533187,0.08896841779256968,-0.6463148658179184,1.2695849205696383,4.394449154672439,4.406719247264253,1.000088900581841e-12,0.3678719900975051,3.3731785802694985,0.3012619185732074,0.04943432778925484,0.07299198814265254,0.10222565705687951,0.09055530689805487,0.02039460912132314,0.15384314095080562,0
sim01483,40,1.0,0.0,0.29715682846392516,0.896425660986709,0.13593108595093154,0.02660221822562616,41.0,0.17115230675870574,-0.07477857014600844,-0.38584457326699295,0.8038404310707862,3.6888794541139363,3.713572066704308,1.000088900581841e-12,-0.042686942320106815,2.0577260217482594,0.05022261492257529,0.10139985954256898,0.08223197868718861,0.07997106501822696,0.1547486391747099,0.33207363805654394,0.09575099603362194,1
sim01484,49,1.0,0.04081632653061224,0.1345222200609229,0.6309129041004592,0.32514628087547265,0.09101641517971965,50.0,0.5536983243135324,-0.013619581881335593,-0.2519072211640065,0.957225535015926,3.8918202981106265,3.912023005428146,1.000088900581841e-12,0.2744153313220804,2.6185849987415626,0.23203336180814862,0.04114375792119187,0.08446964128858271,0.10407986432395851,0.2610351421783036,-0.20679209636956433,-0.21262830417976072,1
sim01485,53,1.0,0.5660377358490566,0.45387244575462027,0.2633677730413695,0.03147606238130145,0.019349903967233646,54.0,0.7365322269586305,0.09516120712103251,-0.3754021006797347,1.8115260445674124,3.970291913552122,3.9889840465642745,1.000088900581841e-12,-1.818901437352926,3.4837520359102516,-2.427973754917706,0.756067575096513,0.22296704354156865,0.020939655325481955,2.572600466634399e-05,-0.06783156126840295,-0.03985150918505818,0
sim01486,37,1.0,0.13513513513513514,0.2739142019519526,0.4800904270550082,0.2983446733227475,0.06211868896491563,38.0,0.44736424688749227,0.07026803135177044,0.2475585765553769,1.0768651524249426,3.6109179126442243,3.6375861597263857,1.000088900581841e-12,0.18793247601997662,2.041715365693024,0.15167239452187212,0.11214864668734922,0.06516235971028826,0.12303491282574004,0.18898776781301402,-0.15036427243965167,0.0757487286225526,1
sim01487,83,1.0,0.7108433734939759,0.4519963123946926,0.2711897234888965,0.019970483535237588,0.007283553288087134,84.0,0.27128972348889646,0.11408219707954372,-0.7427627325741841,1.6147102312703947,4.418840607796598,4.430816798843313,1.000088900581841e-12,-2.292452928034619,3.410204075716517,-1.8775933015664137,0.7130725946844635,0.28418695172417696,0.0022208537620359544,0.0005195997792498031,0.20101930168408388,0.1447622008090173,0
sim01488,80,1.0,0.125,0.1903422408237851,0.7394696515360872,0.2605676607648701,0.025716201423791687,81.0,0.5859516944189636,0.03514782476539633,0.1299401784874023,1.4313206158394987,4.382026634673881,4.394449154672439,1.000088900581841e-12,0.07139784005908037,2.0662852715893125,0.15143870808278648,0.11831608553252272,0.12160454681394625,0.35568344795205975,0.28728416058298845,-0.0349076351915705,-0.0223781394748089,1
sim01489,87,1.0,0.632183908045977,0.4553696122209304,0.2229032686742216,0.010160146792482665,0.001864473196332874,88.0,0.7827903048528007,0.13311284880650556,-0.5030947529748481,1.8278239716686164,4.465908118654584,4.477336814478207,1.000088900581841e-12,-2.817499905050653,2.770413765242922,-1.5933504831222356,0.6536836349481172,0.23872743521562564,0.09957614219809201,0.008012787539741219,-0.07396289689365551,-0.1191875660447482,0
sim01490,71,1.0,0.704225352112676,0.46920772283488976,0.1355620235258732,0.0067580758933404785,0.001910844136524682,72.0,0.03512362998211998,0.12310671260267853,-1.0797214420823211,1.6167272601381726,4.2626798770413155,4.276666119016055,1.000088900581841e-12,-1.612380604508369,2.9994867494018767,-5.186188570354584,0.566062376423951,0.41539085036681506,0.018546773061262775,0.0,-0.07357577414745628,0.13523304627145993,5
sim01491,102,1.0,0.5882352941176471,0.4091746363346734,0.38050929860506266,0.039923720521456874,0.00922164184871348,103.0,0.6193907013949373,0.127384844988158,-0.4871892922788677,1.4129942004366776,4.624972813284271,4.634728988229636,1.000088900581841e-12,-1.7757837156105796,3.1595552607149413,-0.8018660711330925,0.7504359085675999,0.207774193842867,0.021090066000793217,0.0170305610862635,-0.14940273546163474,-0.0056999775015872415,0
sim01492,36,1.0,0.19444444444444445,0.38583368220074604,0.2661289191346191,0.06659613442846539,0.020192284210328218,37.0,0.2564555162271358,0.03122921866982998,-0.3012244928986676,1.831415576898601,3.58351893845611,3.6109179126442243,1.000088900581841e-12,-1.0519820046528188,2.3901729653702186,0.991405373817879,0.14449433495529312,0.021693432882861224,0.20973741446354452,0.621336951185919,0.09183472193303224,0.10710135451757277,3
sim01493,84,1.0,0.25,0.3366872932634939,0.928074848816914,0.1164059430661979,0.01029511089681304,85.0,0.898677184843039,0.05538717721186542,-0.12353595624651821,1.0862457568095605,4.430816798843313,4.442651256490317,1.000088900581841e-12,0.2456033731880574,2.00540231928683,-0.1918618732514671,0.06565602067887667,0.13972756380364892,0.3850423943506006,0.39464380050887543,0.20372062519243642,-0.022869149273095545,1
sim01494,28,1.0,0.6785714285714286,0.47807896698882724,0.2295004170409901,0.017044359784713085,0.010988608766982426,29.0,0.2296004170409901,0.09192310467914112,-0.2966969741340632,1.5143601657869465,3.332204510175204,3.367295829986474,1.000088900581841e-12,-2.3396751763565105,2.893244333628225,-2.56991276682102,0.9889978053161822,0.008027644321907937,0.0028750893267143777,9.946097652498102e-05,0.28075956619233683,0.06329352451716204,0
sim01495,12,1.0,0.5,0.4708599123692312,0.10943506126630258,0.0044821246053402715,0.0023400409177614804,13.0,0.10953506126630258,0.18717169415604826,-1.2318618802654804,1.0380801704610925,2.4849066497880004,2.5649493574615367,1.000088900581841e-12,-3.080135966142893,1.8349778867045985,-1.917483912877644,0.5754756436455213,0.4197762327183661,0.004707060229708418,4.106318329556771e-05,-0.21443728805755646,-0.2434928884086319,5
sim01496,64,1.0,0.3125,0.4244661427551967,0.2637300612143101,0.04821879985094571,0.008779714830913587,65.0,0.7597445235246522,0.03094127284315301,-0.1135098929082891,1.563481254111875,4.1588830833596715,4.174387269895637,1.000088900581841e-12,-1.3311808035942525,2.4555780264583245,0.08150067822000127,0.5625385095625206,0.06053371733995227,0.03842155085223688,0.33282271817426146,-0.13668131377551138,-0.026131104812629008,3
sim01497,84,1.0,0.13095238095238096,0.24960732853613346,0.4557635283507641,0.19382111685481368,0.02212327223248981,85.0,0.4187674512935271,0.018855719761700838,-0.07106402160028222,1.0477832576570338,4.430816798843313,4.442651256490317,1.000088900581841e-12,-0.2277757551187079,2.2605112394930726,-0.15526293148431555,0.12095524833475019,0.15992386666823757,0.1955427813512774,0.21054179454818892,0.07036342625557146,0.15088191000783235,1
sim01498,91,1.0,0.0989010989010989,0.1470477262089302,0.6677544830193715,0.47044936779984337,0.04809984506337313,92.0,0.3632890454518972,0.02464329443096788,0.30448149798201785,1.237233714747774,4.51085950651685,4.5217885770490405,1.000088900581841e-12,0.7099290406672236,2.23045012268325,-0.45827071630734456,0.1278176097660215,0.101140373171221,0.1274778305717989,0.21213040539499511,-0.04171234857222409,0.0400080689958404,1
sim01499,108,1.0,0.5833333333333334,0.4491376774516449,0.34471347375686373,0.016011487640946686,0.0024780643342356113,109.0,0.3448134737568637,0.02517331930274254,-0.18592536754535077,1.4084512008632186,4.68213122712422,4.6913478822291435,1.000088900581841e-12,-2.6468618618160193,2.8163025236374413,0.007212119106685622,0.6976592036275309,0.15517910403282603,0.020744162697683033,0.03903917331419584,0.3716723944499397,0.1852914379591722,1
sim01500,58,1.0,0.5172413793103449,0.44006707652028043,0.3791012928806401,0.0566612221678396,0.015154678307010318,59.0,0.3792012928806401,0.0937736398171203,0.21986917650425433,1.7652630913092031,4.060443010546419,4.07753744390572,1.000088900581841e-12,-1.4242287227624262,2.7416622286429435,-0.9977573407403788,0.9049036300969161,0.062324075488649384,0.031415029145444466,0.0013572652513412597,0.4980833038451425,0.2646342845088354,6
sim01501,76,1.0,0.3026315789473684,0.34773400326067067,0.4213017785944996,0.1069537140246038,0.018866515668682148,77.0,0.7430346478798755,0.0500218904415381,-0.030560570748731697,1.601887527799979,4.330733340286331,4.343805421853684,1.000088900581841e-12,-0.5795324945434442,2.595725871047787,-0.7002521983200124,0.06492994330140711,0.5257286415605902,0.36919549963166864,0.04014450122012699,0.08548066085922765,0.010714437440729025,3
sim01502,13,1.0,0.23076923076923078,0.32687675620485757,0.8597704382755659,0.2312303441357431,0.08904540827451776,14.0,0.8369347164128806,0.12405089656504095,0.562309924347954,1.2267981762327138,2.5649493574615367,2.6390573296152584,1.000088900581841e-12,0.5272729496695384,1.6106814279218096,-1.8129021317000213,0.024893706634649883,0.29144872859154425,0.6422449442462277,0.04141255041730765,-0.23375234011225168,-0.5117912536621053,2
sim01503,75,1.0,0.13333333333333333,0.22438454478970332,0.9030792854459136,0.3379659529189688,0.037976894803512976,76.0,0.32643230596941186,0.03942289165730546,0.20024919336177582,1.280461497186441,4.31748811353631,4.330733340286331,1.000088900581841e-12,0.4298893419572033,2.131520897254161,-0.05243370537809919,0.07807361271836359,0.07856969943500874,0.21340712723846017,0.3386832774029754,0.1845968279740012,0.2031954018623544,1
sim01504,26,1.0,0.038461538461538464,0.3869514759745862,0.21413210541432268,0.04754067448881891,0.013144959457962227,27.0,0.16674371841424745,-0.053613206583247544,-0.16734470345353364,1.9202936717115187,3.258096538021482,3.295836866004329,1.000088900581841e-12,-1.0724583405788524,1.9725492618619662,0.7333635484568956,0.20274967271088126,0.16220488585920226,0.10656666561563026,0.33476139721265596,0.03773670765442326,-0.0023578493963273,4
sim01505,16,1.0,0.375,0.47798923039281865,0.08617233161228054,0.007785599889297362,0.0023657184157754216,17.0,0.07890216572479464,0.010509849395774484,-0.23063157300642348,1.2500802719339619,2.772588722239781,2.833213344056216,1.000088900581841e-12,-2.233743794727576,1.5813946069183054,-1.9360529441555758,0.8789961584148911,0.0861441054595974,0.03071234753310516,0.004117844529429111,-0.18049574726574252,-0.06181095804486515,0
sim01506,51,1.0,0.19607843137254902,0.3343615019582933,0.395982471137172,0.11358615421549392,0.013543393966635005,52.0,0.2721071114569296,0.0948642866150959,0.034865141292070544,1.5714660270406093,3.9318256327243257,3.9512437185814275,1.000088900581841e-12,-0.556032791212102,1.8051629137027936,-0.21856768241105873,0.27802409737407896,0.15518358860584192,0.3826569233112429,0.09709014599604597,-0.053864135159370434,-0.0028212666912646534,1
sim01507,57,1.0,0.24561403508771928,0.33783931862885125,0.42625371869928363,0.07616765941423131,0.008184872864682571,58.0,0.4263537186992836,0.06062470689691,-0.3689382343236953,0.9926146095979567,4.04305126783455,4.060443010546419,1.000088900581841e-12,-1.166590064568896,1.812401989724241,-0.27784094123646,0.16733836000171323,0.17020908301991702,0.4749253538630935,0.18732222761146838,-0.08054098449421362,0.011175148208169216,1
sim01508,100,1.0,0.07,0.2610743438940142,0.48823320700228456,0.27946010296847884,0.03565725142833906,101.0,0.2569703053660506,-0.041177303527721934,0.17918414273651875,1.1628296405270022,4.605170185988092,4.61512051684126,1.000088900581841e-12,0.38091827241195153,2.5462631798515116,-0.13753962113024995,0.06496284438137817,0.10636993637354965,0.12842450498735877,0.3969050389371163,-0.13356347745592145,-0.1383102970994609,1
sim01509,65,1.0,0.06153846153846154,0.20635212016536209,0.7619456360042776,0.2176606110748506,0.02890280745658171,66.0,0.406028723975136,-0.005995099520565054,-0.28778460218700785,1.18973973611355,4.174387269895637,4.189654742026425,1.000088900581841e-12,-0.10256256841847426,2.1553889841199436,-0.23592284695836716,0.15549746816078128,0.07430557585737892,0.2834248939713655,0.12214313618409033,-0.07524739455160526,-0.20300757531973754,1
sim01510,67,1.0,0.08955223880597014,0.2000132321042062,0.6926466826780787,0.17463217501543687,0.017031773032429903,68.0,0.3498195472084104,-0.01064150456063873,0.147216738436969,2.158166523362755,4.204692619390966,4.219507705176107,1.000088900581841e-12,-0.2642302023112827,1.877091315751764,0.4198413601825533,0.2601351293053577,0.15605413055010095,0.14159986712348496,0.2605288521962106,-0.22710327937766342,-0.25450109902645257,3
sim01511,72,1.0,0.2777777777777778,0.4589804543951728,0.10124551620897417,0.02141220300044303,0.002573833867218202,73.0,0.04164689855347466,-0.06333543473616325,0.08762535774515098,1.095345699397122,4.276666119016055,4.290459441148391,1.000088900581841e-12,-0.6227269211090769,2.158101687310778,-0.006853343941364137,0.05452161651030193,0.18420157226084702,0.09352860103896085,0.2940678496755386,-0.1988730899917654,-0.02911399358351712,1
sim01512,92,1.0,0.40217391304347827,0.3658919723808022,0.36519961855606753,0.09209488891472858,0.013780768825207847,93.0,0.7571045785023996,0.07056991578607978,-0.13664579031579913,1.148921929555204,4.5217885770490405,4.532599493153256,1.000088900581841e-12,-0.6915576532569823,2.6222431862152717,-0.5266856497333353,0.2021269068406165,0.3149542677158415,0.43397480381076026,0.04892515772115113,-0.1235714817397488,-0.18300751590526382,1
sim01513,52,1.0,0.6538461538461539,0.4760333154699221,0.10269923240901413,0.005447616778210155,0.0012166914622144887,53.0,0.9118587967443113,0.1111649779329434,-0.42887185796336674,1.0449579546187648,3.9512437185814275,3.970291913552122,1.000088900581841e-12,-2.691491757130066,2.4522007438439215,-0.9962189674891687,0.8516395496320339,0.09680542554196066,0.032734910054350426,0.01654523189784266,-0.2385592443854733,-0.2237524663603623,0
sim01514,110,1.0,0.06363636363636363,0.23648949789940038,0.5031718961548459,0.2470654671260231,0.027352619162980367,111.0,0.4624466288343513,-0.04258585569305893,-0.05752236337941836,1.1151686845112396,4.700480365792417,4.709530201312334,1.000088900581841e-12,-0.0061505738590411935,2.4996393037075086,-0.02943677549004136,0.11527108026738132,0.13196393143925497,0.16819164462199418,0.05102518128258524,-0.0271308865852733,-0.0740624550337482,1
sim01515,95,1.0,0.16842105263157894,0.32160666433261464,0.4430322703476324,0.136924842892489,0.027001300867269654,96.0,0.44313227034763236,0.004910948163515386,0.11101443917965423,1.6007218992115755,4.553876891600541,4.564348191467836,1.000088900581841e-12,-0.5890085844072053,2.9303297527858727,-0.3880966744172344,0.1578410387150483,0.22725277715628134,0.37227035440616574,0.18202753197512125,-0.05600038352148731,-0.07365059762064133,3
sim01516,22,1.0,0.2727272727272727,0.34052970978273805,0.4187401462263181,0.06108138515359166,0.034415310259497865,23.0,0.35277807037935016,0.07386239884496026,-0.5741782724071143,1.2580565373572499,3.091042453358316,3.1354942159291497,1.000088900581841e-12,-1.3185659756392065,2.5173368262892866,-1.1693971388550448,0.2909753283165313,0.5958961604008169,0.10703629657994813,0.004585795149664734,0.24168822718428914,0.14344686636443166,0
sim01517,42,1.0,0.07142857142857142,0.11106268939454707,0.7155744445264961,0.29825060400678505,0.0396150783750039,43.0,0.598135357880017,0.007052134187425018,-0.13002520795009015,0.9148094214063986,3.7376696182833684,3.7612001156935624,1.000088900581841e-12,0.21575696504492414,1.7189453448549892,0.5485944251056302,0.06968366333310198,0.11246778930708518,0.27255027705894247,0.28341397768216225,-0.1212788997905434,-0.16257779474085324,1
sim01518,115,1.0,0.3565217391304348,0.33343906154635305,0.3861175888416707,0.08170508732657748,0.007687371628885462,116.0,0.6815932257339058,0.05294333296273878,-0.42397146156583637,1.3311467629451728,4.74493212836325,4.7535901911063645,1.000088900581841e-12,-0.976891219103995,2.381394793090955,-0.5843128893369747,0.24172473151871218,0.4293075334130747,0.2382473402377922,0.09061808513494138,0.0735701330134015,0.09167854074423026,1
sim01519,109,1.0,0.10091743119266056,0.26176596452338324,0.7341161526421152,0.16967698034647022,0.018587730652820756,110.0,0.40512805021358056,-0.013414587002271095,0.025288950663341577,1.5437806302143398,4.6913478822291435,4.700480365792417,1.000088900581841e-12,-0.35089756952721957,2.4799530884469316,0.3921654505869041,0.11398603123898549,0.24841693217438007,0.17912153685119012,0.22435988074284346,-0.12022732836880008,-0.04673642362067621,3
sim01520,100,1.0,0.57,0.38223857268074946,0.4137071585264358,0.053569869578539674,0.00621975035761966,101.0,0.7481344183232032,0.07516073793857926,-0.6642126931812592,1.3237945842435115,4.605170185988092,4.61512051684126,1.000088900581841e-12,-1.2577361503391578,2.451913179505809,-2.870165626156994,0.4974240271025751,0.42568416780070206,0.07686786249639219,2.3942581663456857e-05,-0.2633377783283503,-0.09078362491211096,5
sim01521,90,1.0,0.05555555555555555,0.13271228917462757,0.6287358940216456,0.5339051823150538,0.08630524063816895,91.0,0.6873474603395946,-0.016749400477308496,-0.09884072190276355,0.9065468420015526,4.499809670330265,4.51085950651685,1.000088900581841e-12,0.9100411349184102,2.6774817302512295,-0.010260173526922836,0.04328231424649828,0.07451177186436912,0.10397748150445511,0.1523626597574162,-0.003067717018168716,0.011680748233453806,1
sim01522,63,1.0,0.14285714285714285,0.29372608538379236,0.5760029012732641,0.20084902312222414,0.03620271505349119,64.0,0.08584543854147614,0.0022539856326582244,-0.12743266684758464,1.619025611624369,4.143134726391533,4.1588830833596715,1.000088900581841e-12,0.9397606614089098,2.4297153465270127,-0.8374876655540366,0.010475553682566797,0.014248726977697556,0.1607159438780062,0.28110919133731077,0.25696697706918403,0.19035616995060312,3
sim01523,14,1.0,0.07142857142857142,0.30651640853587375,0.760983991518426,0.1272181881364785,0.049398348452896874,15.0,0.20758460402138978,0.018262218487637285,-0.11712637998359925,1.0017044934467505,2.6390573296152584,2.70805020110221,1.000088900581841e-12,-0.2569658228222209,1.6930706918544027,-0.8534062592995563,0.05786497525681942,0.7009664457364276,0.20356189954235637,0.011417198283642686,0.3439041449391565,0.26786316513884223,1
sim01524,13,1.0,0.0,0.3022012634856547,0.24625895681676885,0.1469328654413494,0.035728043866014254,14.0,0.14517691482329126,-0.04509049851005823,0.4331321796843735,1.392567632424836,2.5649493574615367,2.6390573296152584,1.000088900581841e-12,0.16888343322893826,1.1509094954923371,0.5115850146893812,0.1760215957076847,0.24628742050754923,0.03629986075847478,0.3600843328355341,-0.3499849437009255,-0.23921656810135467,3
sim01525,20,1.0,0.55,0.3857426054821174,0.4097662935689195,0.04000600020808777,0.026099300749693573,21.0,0.4098662935689195,0.2392540557116753,-0.8174476013577814,1.612700948805001,2.995732273553991,3.044522437723423,1.000088900581841e-12,-1.7993953984905708,2.568611347796183,-2.198280114317954,0.27220942859200575,0.7182186142086086,0.009561064134177155,1.0893040212448352e-05,0.11851205721499869,0.29354410600258835,0
sim01526,97,1.0,0.38144329896907214,0.36901943522960434,0.5587206756098428,0.0974363320694717,0.010764349304857163,98.0,0.44117932439015717,0.0905415777331789,0.030366793215002724,1.2586424771780413,4.574710978503383,4.584967478670572,1.000088900581841e-12,-0.9283256115046663,2.3717515008640495,-0.2210164389469252,0.2611481587881915,0.1364775693034004,0.372010693280157,0.23036357831595494,0.07670045286391222,0.03648747243246983,1
sim01527,53,1.0,0.11320754716981132,0.16165800126117527,0.7737796379814676,0.20568477635350058,0.05061241805518617,54.0,0.4253357437943377,0.02966940122889189,-0.25671671605384283,1.5436224033852342,3.970291913552122,3.9889840465642745,1.000088900581841e-12,-0.17256474653129705,2.568144090664965,0.3641214721748578,0.08897459272096414,0.12002179557140662,0.20319551560658294,0.5763144835131323,0.08410125315558666,0.08412861970156064,3
sim01528,72,1.0,0.1388888888888889,0.3971440243860877,0.22347167190009676,0.07370588220127638,0.013219675855696562,73.0,0.10420515426018878,-0.028865200890092996,0.19317219544578024,1.92772833971751,4.276666119016055,4.290459441148391,1.000088900581841e-12,-0.23623512534754196,2.558289824219368,0.3367124578310877,0.04430697509204942,0.06683529051176978,0.12518390343720712,0.26064776193395883,0.0384581409144958,0.10765105388865183,3
sim01529,50,1.0,0.06,0.26428564280009775,0.594086382166215,0.2724548288881905,0.03056286725565309,51.0,0.6992113853828025,-0.018331906707291144,0.36261211930123827,0.9417274707820037,3.912023005428146,3.9318256327243257,1.000088900581841e-12,0.25886726512724545,1.7243359541703807,-0.16842413528237277,0.11826824232347083,0.08015119686885896,0.4755034584983763,0.19094089820922822,-0.08552099887754873,-0.08912418936619304,1
sim01530,88,1.0,0.23863636363636365,0.3640613670126449,0.47840177369850323,0.2096722039301727,0.041303575453037956,89.0,0.1548294834384793,0.06828619301830907,0.11137941100399962,1.2235135922391964,4.477336814478207,4.48863636973214,1.000088900581841e-12,0.4714378502489641,2.852740505489846,-0.24085128714017903,0.066121351079366,0.016639027806500253,0.028659838721269232,0.14882861180513876,0.08068478158662339,0.08202717463860498,1
sim01531,9,1.0,0.0,0.19363864480381415,0.1906185186847389,0.21397149133372534,0.15650861859686518,10.0,0.6098243967686853,-0.027659249830679133,-0.5587188834607253,1.0488857947275079,2.1972245773362196,2.302585092994046,1.000088900581841e-12,-0.10616987699114437,1.8844928685900626,1.3086677736273802,0.020134048689947937,0.03735191861456375,0.09222653576132886,0.11884137006190407,0.08661781001820577,0.04085516876504944,6
sim01532,53,1.0,0.22641509433962265,0.4244110943990558,0.1885616463180413,0.033290621851660755,0.007546130140845522,54.0,0.8908584698210322,0.03054943090838182,-0.3063252167076848,1.0360972518194633,3.970291913552122,3.9889840465642745,1.000088900581841e-12,-1.0718000424005878,2.4860510485751424,0.2376085290351084,0.10062057932030322,0.27559513755162857,0.17507655342375003,0.3387925443488163,-0.12729149868960501,-0.017271818266575117,1
sim01533,22,1.0,0.0,0.23530666354615304,0.4655361367410647,0.25819726356734324,0.06611694678758064,23.0,0.34060675684126673,-0.04820509543449327,0.26172421493974446,1.4441609905955417,3.091042453358316,3.1354942159291497,1.000088900581841e-12,0.1394304695079339,1.7287436680946806,0.5750781233618437,0.13817209890351448,0.036817405748857314,0.19335063220282797,0.5018129250894968,-0.23248222098792867,-0.08566837165677148,3
sim01534,37,1.0,0.4864864864864865,0.46862924157990543,0.17180092833614746,0.008117466694076925,0.0026681033832790567,38.0,0.16966727092703854,0.04657424637204237,0.17512449254923557,1.583350645484804,3.6109179126442243,3.6375861597263857,1.000088900581841e-12,-2.8538923870868373,2.4982676631100094,-1.7820594056417827,0.6544362566083909,0.08404029388828542,0.24936371183306466,0.012157296622631427,0.1850637916040872,0.08464304872279853,0
sim01535,91,1.0,0.17582417582417584,0.40357666651938295,0.3418693560779469,0.04867412072588459,0.004273698730552608,92.0,0.2692740220002994,-0.04531799564857344,-0.11179758857812447,1.151350715757367,4.51085950651685,4.5217885770490405,1.000088900581841e-12,-1.3968652947220683,2.078191683507839,-0.06701425812645656,0.389502875864715,0.09484493532028933,0.22030587016133032,0.13342098800961716,-0.1249359132390674,-0.0746833817348374,1
sim01536,114,1.0,0.043859649122807015,0.19843626276899332,0.8333192066387227,0.5304602429108661,0.10777859230456548,115.0,0.0981544981103093,-0.049750549594908065,0.2006574515753178,1.4477741252375147,4.736198448394496,4.74493212836325,1.000088900581841e-12,1.7905143214767087,3.1425324872159504,-0.21845985980773783,0.020288237241133898,0.11921822972014331,0.14209992416873324,0.16144350530880436,0.3436929285487307,0.12443614681589094,3
sim01537,98,1.0,0.45918367346938777,0.40455651259470266,0.30168431461932455,0.04077277460467795,0.004767737499259461,99.0,0.6993724825072394,0.027714356112736517,-0.5340539823440753,1.059976138966901,4.584967478670572,4.59511985013459,1.000088900581841e-12,-1.6402856458742514,2.4388247804660974,-1.0439374395613208,0.45043901207882225,0.4947190972136827,0.05149454330596065,0.002646116366498697,0.03145190890857003,0.0077097284409112414,0
sim01538,111,1.0,0.4144144144144144,0.4570606683725874,0.22466902292869328,0.030817397796983188,0.013245173643136664,112.0,0.9452646284311625,0.006110605178115318,0.29316773097609894,2.4784387755665174,4.709530201312334,4.718498871295094,1.000088900581841e-12,-0.5181403923794531,3.8650840364710746,0.3423988250300722,0.02602175144901861,0.042354357646903186,0.7094035299951338,0.052684417567883425,0.0830478214298275,0.042694593687549055,3
sim01539,29,1.0,0.034482758620689655,0.11359596373003919,0.673014304154764,0.2220462583919073,0.07902099969901077,30.0,0.5049364882640474,-0.007928152754391208,-0.5091798125120199,1.0035822001886612,3.367295829986474,3.4011973816621555,1.000088900581841e-12,-0.1184777061444101,2.3341237346860155,-0.4140965582155928,0.13083703071611272,0.058630616608563245,0.17134662490945912,0.06556454714026062,0.17386088108973854,0.005926943827391297,1
sim01540,43,1.0,0.046511627906976744,0.18081956684099715,0.3249854989280897,0.43452577842174617,0.19205295431813818,44.0,0.5432566301420336,-0.006411793698145477,-0.18162418451753243,1.2085652987771491,3.7612001156935624,3.784189633918261,1.000088900581841e-12,0.560307047968004,2.9447159814616573,-0.37282807695554804,0.03782155509404097,0.0784506343760098,0.08316284639522756,0.147231801269844,0.4216588513263105,0.2565243173660479,1
sim01541,114,1.0,0.08771929824561403,0.14630967691259256,0.7674422533872423,0.5420863308841779,0.1502094724874492,115.0,0.4111408896896426,-0.0007100187802053734,0.1318610737826884,1.5880481855400521,4.736198448394496,4.74493212836325,1.000088900581841e-12,0.8060576432286051,3.452803980531147,0.3820107706898308,0.03425861232034677,0.07975898392964993,0.10575834310053503,0.2216324179118951,-0.02591828969498856,0.005668187452924653,3
sim01542,59,1.0,0.6949152542372882,0.46129765742378653,0.23115934584125547,0.01013538069082765,0.0021461570991459507,60.0,0.23125934584125546,0.12419445526047396,-0.9622200946694823,1.323686985702327,4.07753744390572,4.0943445622221,1.000088900581841e-12,-2.864505831609989,2.5251839444518485,-5.906735187427527,0.894046965481546,0.09420325443004218,0.011742974902235338,6.8050875121702425e-06,0.20978452527621658,-0.08498426150603328,5
sim01543,105,1.0,0.29523809523809524,0.2698829214972069,0.724181632803943,0.11677886768305787,0.008470442221785333,106.0,0.5578808369186102,0.0963795770514405,-0.2916070845551566,1.0563305442574908,4.653960350157523,4.663439094112067,1.000088900581841e-12,-0.747687425499638,2.0302609403880454,-0.5048443015294888,0.28684357595424853,0.32782483305547344,0.2748710777606239,0.10160655235922851,0.042894119579102545,0.10863781829334321,1
sim01544,14,1.0,0.14285714285714285,0.1977693596612036,0.5947204632582371,0.1340514176977318,0.04333434317649331,15.0,0.5950162984664276,0.07509920322688125,-0.34880192039796404,0.6588882179765005,2.6390573296152584,2.70805020110221,1.000088900581841e-12,-0.5864569012217132,1.5097793546091203,-0.9081806849086012,0.18852881987108844,0.23462918655829434,0.40574779512696646,0.16877902335885966,-0.383326903471927,-0.31074502854678665,0
sim01545,24,1.0,0.4583333333333333,0.397713126101746,0.49664610858530944,0.038596406419632384,0.012552651888318233,25.0,0.49674610858530943,0.12436264827615606,-0.6588957138140749,0.9344608717605623,3.1780538303479458,3.2188758248682006,1.000088900581841e-12,-1.8682593915062258,2.05482660470382,-1.2902174556659605,0.7422237367546954,0.22674803166196908,0.02998547953260616,0.0010427520248202336,0.4447664373109186,0.08570753675803756,0
sim01546,115,1.0,0.17391304347826086,0.37997179061728764,0.4274253458822691,0.2842936261208547,0.054145211905390504,116.0,0.7876018561669563,-0.024642096857457295,0.3730279700596032,1.518889039908942,4.74493212836325,4.7535901911063645,1.000088900581841e-12,0.5303076240173825,3.086594075863043,-0.21125466388218955,0.06458644846136513,0.07242909051490047,0.01865428849063702,0.033263723710376406,-0.19277570225639468,-0.06668607241695376,3
sim01547,15,1.0,0.06666666666666667,0.12938725044741314,0.3136382165529349,0.23808667974601194,0.0619155445258312,16.0,0.29579002725887393,0.03480301534311219,0.19679235056899663,1.4325730495805868,2.70805020110221,2.772588722239781,1.000088900581841e-12,0.13366368330335202,1.3611866644357127,-0.9976812826849286,0.3987329875099458,0.16194851818719685,0.116747462238694,0.1843762049889815,-0.4260745618848877,-0.527572821971641,0
sim01548,40,1.0,0.025,0.1604331871462507,0.6332492985831819,0.35332499235481907,0.05846054605033584,41.0,0.27717977078987677,-0.025369320824339136,-0.014515112326187189,0.999249069973583,3.6888794541139363,3.713572066704308,1.000088900581841e-12,0.5673167372799075,1.8898432626214057,-0.26715974928711816,0.16275759725096822,0.05335999112668985,0.21132298861765497,0.16654780387878132,-0.07531866923163867,0.2560569685925336,1
sim01549,23,1.0,0.043478260869565216,0.17513056250576023,0.5994222794767815,0.6281125753324548,0.502969483721294,24.0,0.5770911626302455,-0.005608441907294235,0.3410369962739918,1.8789708987933815,3.1354942159291497,3.1780538303479458,1.000088900581841e-12,0.9453177999505942,2.913304305121157,1.5004955481705604,0.03578250503557701,0.045557391917003434,0.030623685786953986,0.0587855846792962,-0.04332221557947277,0.15030776989848105,3
sim01550,19,1.0,0.3157894736842105,0.3398757323993478,0.3844263904948786,0.11070840102809706,0.02181876170692153,20.0,0.7416443954333788,0.12762210130915977,-0.14524072271846478,0.8103395453554387,2.9444389791664403,2.995732273553991,1.000088900581841e-12,-0.5485518191800219,1.3203094805838484,-1.7092826785479915,0.11927221773433519,0.7057405280195892,0.16491073275542845,0.010076521481614385,-0.5567541741929888,-0.4701349066736173,0
sim01551,116,1.0,0.10344827586206896,0.20971305784155184,0.43767160348276796,0.3445684218567859,0.06801404050124484,117.0,0.2840962457669196,0.016080784806252524,-0.20849243117970373,0.9732665127956236,4.7535901911063645,4.762173934797756,1.000088900581841e-12,0.5271891510208687,3.131011669807274,-0.21396573902527571,0.08871372308567538,0.0993121382318029,0.09045815889028602,0.10137439848825883,-0.16953956225593447,-0.08555983928359913,1
sim01552,67,1.0,0.11940298507462686,0.28170934428272654,0.6418711085737964,0.43177648788211687,0.2234615134404782,68.0,0.4591890049417047,0.0370562792475204,-0.03439209697883456,1.2141645211555632,4.204692619390966,4.219507705176107,1.000088900581841e-12,0.5531315877733983,3.546023753904029,-0.21984985530241588,0.08094455162120144,0.057618841629923215,0.04294593141673373,0.034666263767299345,0.466487463321912,0.11810923073997275,1
sim01553,10,1.0,0.1,0.307398044680644,0.3948629837191533,0.08173947310224448,0.03679885417025696,11.0,0.853910793180104,0.05657263527933778,-0.5366045824339961,1.0577387222713721,2.302585092994046,2.3978952727983707,1.000088900581841e-12,-0.42275186035336115,1.5045147688168412,0.8015237229905291,0.10068609860864841,0.02010690645601612,0.006658116720537286,0.7931064486874029,0.08697786056434068,0.11525892651673944,0
sim01554,89,1.0,0.5842696629213483,0.43467392779490543,0.30455944504359733,0.02085921713598953,0.0035258831775506734,90.0,0.3046594450435973,0.10668171240057038,-0.6763079218051462,1.3172663394089978,4.48863636973214,4.499809670330265,1.000088900581841e-12,-2.318045113370221,2.710971398021009,-1.1229231645092912,0.6435558693331727,0.2070798001276032,0.1492598472982771,0.00010201477235909743,-0.3481165863180514,-0.2180820433459364,0
sim01555,109,1.0,0.42201834862385323,0.3148606930285551,0.6798491065825745,0.08700443376864539,0.010260688263559106,110.0,0.570458336046684,0.05420524632563951,-0.3757767843558512,1.1145775480504034,4.6913478822291435,4.700480365792417,1.000088900581841e-12,-1.0354445192702741,2.5537087205707274,-0.913914054497051,0.2055724088972967,0.5849443801739067,0.19889161694297505,0.010589683145606663,0.009612374149250022,-0.03601923818191774,1
sim01556,79,1.0,0.11392405063291139,0.35242495748597835,0.30865500992898665,0.13393654174536304,0.03158240682616476,80.0,0.0995054560698484,-0.0027685814511255987,-0.08068411224250308,1.3375189564851009,4.3694478524670215,4.382026634673881,1.000088900581841e-12,0.4019648144977387,2.9246819527364565,-0.5251050215741802,0.0809920735132379,0.11048696496971692,0.1414862513710361,0.14269082446294926,-0.15719957037835677,-0.19106512969738898,1
sim01557,39,1.0,0.3076923076923077,0.39143256111963465,0.2714843745583402,0.05353820572413451,0.008115396909066208,40.0,0.2657558949373768,0.07908009244263736,-0.19442702248907667,1.386492049177538,3.6635616461296463,3.6888794541139363,1.000088900581841e-12,-1.2932689370579236,1.7769292311187914,-0.4089823237722923,0.29198032141224134,0.41525179460855527,0.2619301865644501,0.030775365673737547,0.11843832180155742,0.13674801908353013,1
sim01558,87,1.0,0.21839080459770116,0.23914871852912384,0.7625616712752792,0.19187927636419294,0.025702968664763064,88.0,0.30436820762840144,0.02370006703798499,-0.0111540055709317,1.3100543508269424,4.465908118654584,4.477336814478207,1.000088900581841e-12,-0.09843697986984919,2.4556482103846196,0.1239434423806002,0.15350191748187691,0.1854221512172679,0.2958600891572725,0.3648423003042842,-0.11348705542058315,-0.12192724467837517,1
sim01559,105,1.0,0.0761904761904762,0.1319975184519066,0.7506477093757362,0.5561080906524181,0.06560641977772523,106.0,0.603100324109229,-0.000766590773679128,0.32838432011236335,1.5697021840334402,4.653960350157523,4.663439094112067,1.000088900581841e-12,0.8429508609346554,2.5166712206070034,0.41968018022781883,0.03092665019481051,0.13994581859864835,0.14954437013694424,0.1759150695743554,0.2531797081901076,0.08771501366113393,3
sim01560,48,1.0,0.25,0.42069073092569,0.22918602793241372,0.035219846644325446,0.005026078010377214,49.0,0.9000144965772676,0.030077839965571482,-0.11428619072194394,1.309228699006513,3.871201010907891,3.8918202981106265,1.000088900581841e-12,-0.938071052372839,1.9242312212720087,-0.24499793528099847,0.32809951128699605,0.15232321934487203,0.2385678857979226,0.28023049393526206,-0.022387817136017108,0.07755945110640061,1
sim01561,119,1.0,0.33613445378151263,0.3025783707947606,0.5504969445934261,0.10280065735580327,0.011117842395301145,120.0,0.741842664140869,0.030057689662567857,-0.3003608313612023,1.2618342595959509,4.77912349311153,4.787491742782046,1.000088900581841e-12,-0.6221593792101858,2.5548829853283683,-0.5251433865921504,0.2544087213056698,0.39017439555092803,0.31842611536628795,0.036988321127182144,0.1342334996682728,0.09060317509924876,1
sim01562,103,1.0,0.0970873786407767,0.30132421587983765,0.9579815500097351,0.21563727535013275,0.027425271127898578,104.0,0.19628564553509026,-0.02930487313131259,-0.04264856106663809,1.0307354416008894,4.634728988229636,4.6443908991413725,1.000088900581841e-12,0.3125380953010726,2.5725961647341764,-0.1618445135550139,0.09206382987141329,0.12306790019357201,0.11497029480884197,0.17151723423008786,-0.048471091558859404,-0.000765941212744799,1
sim01563,81,1.0,0.1111111111111111,0.19191612361289323,0.5656088392144221,0.33474026016331176,0.08251555335370926,82.0,0.5642843627728884,0.029377671996307336,0.0729140530514376,1.0491533772648505,4.394449154672439,4.406719247264253,1.000088900581841e-12,0.30856203115134184,2.9940810672187235,-0.6738718606217992,0.1312742162852493,0.19948700378731077,0.08989251817540295,0.10526295983068978,-0.16519044594415352,-0.12768574880290592,1
sim01564,13,1.0,0.0,0.21719955590149276,0.5431822512486599,0.08819612802717926,0.03523155426490263,14.0,0.5181975657545754,-0.03794869468602917,-0.7181705045550795,1.199795792968591,2.5649493574615367,2.6390573296152584,1.000088900581841e-12,-1.0405723720613576,1.647328404244643,-0.9527614647291021,0.08991111438843932,0.7034875517719107,0.01730944920768569,0.17805724401619671,0.1051141546077374,0.15365940142337217,0
sim01565,115,1.0,0.23478260869565218,0.2676659129107163,0.7321437502944586,0.11558397561030097,0.009979714408380908,116.0,0.35813723182444684,-0.008082344044734482,-0.1961318843246542,1.2677384348928866,4.74493212836325,4.7535901911063645,1.000088900581841e-12,-0.6875381598441455,2.2954892736460413,-0.2030136036109924,0.17287865683432013,0.395028196105147,0.39761609832864564,0.03178002379839355,-0.10664852880226448,-0.18520684387553935,1
sim01566,51,1.0,0.0392156862745098,0.17157064369431327,0.6328316743702516,0.526386091074312,0.08993229187992619,52.0,0.38534324912166895,-0.017653930633457417,0.1981559583386547,1.209307606469862,3.9318256327243257,3.9512437185814275,1.000088900581841e-12,0.798591759321206,2.1648477504636903,-0.025723500498580215,0.06827568712502849,0.11626402224883939,0.061643454803398674,0.15354884996607418,-0.13171737420417645,-0.03162663317548834,1
sim01567,57,1.0,0.6666666666666666,0.4380017883095106,0.30724389746620884,0.023221149145379587,0.008313802801105993,58.0,0.2251368213624252,0.09739938631817552,-0.5507310198580961,1.3253538375587648,4.04305126783455,4.060443010546419,1.000088900581841e-12,-2.0165760388781946,3.0159049226439234,-1.1441299795249862,0.7139697346098911,0.2814556607639969,0.0034078838756340757,0.0011667207074137855,-0.06492893670658806,0.0010330098222484732,0
sim01568,21,1.0,0.0,0.2596918125270756,0.7740234892891402,0.1890356324875217,0.024134664410608606,22.0,0.22859051406844466,-0.04865731571602981,0.21300370930138063,0.7234480726868838,3.044522437723423,3.091042453358316,1.000088900581841e-12,0.06953921048348335,0.9862360730222676,-1.5534476967310031,0.33240381810979125,0.23493700934909703,0.302293001509551,0.11669466542294149,-0.1524229499254449,-0.16761479954588768,3
sim01569,50,1.0,0.38,0.40671722881849237,0.2740652530253878,0.040118717816448435,0.004518043670893931,51.0,0.26505181759191926,0.12680265528269613,-0.36254081985751413,1.1062840572935546,3.912023005428146,3.9318256327243257,1.000088900581841e-12,-1.5801270586840606,1.7282590845110621,-1.0821554286772674,0.3518024836236467,0.46311666914961797,0.17361480523344786,0.011319231326832786,-0.06251851458979484,-0.045601318233594146,0
sim01570,80,1.0,0.075,0.14829179659036626,0.7436372919816602,0.25469816859683614,0.030915634334390468,81.0,0.3866603339122308,0.006399418767283424,-0.13537727597974977,1.6216748563690928,4.382026634673881,4.394449154672439,1.000088900581841e-12,0.07136896599917626,2.2732094643256575,-0.7041636042712303,0.22545545539722717,0.12226343131471444,0.15294467083411273,0.1706434243575828,0.013306649019493499,0.06387649851103037,3
sim01571,19,1.0,0.05263157894736842,0.21634304895798073,0.5455628538723339,0.18722648243551607,0.06553294089649683,20.0,0.37231452716612,0.00947866837183796,-0.061748005720021516,1.0869882276782457,2.9444389791664403,2.995732273553991,1.000088900581841e-12,-0.22170390271818188,1.8946728897128606,-0.5647979618999078,0.10563641885737905,0.4782101185447429,0.18664598687420877,0.14317888237223314,-0.23742444602300175,-0.17385502138004252,1
sim01572,58,1.0,0.13793103448275862,0.11151826459425179,0.9203101320401041,0.5001792481445657,0.11398608548111784,59.0,0.6123652904170985,0.07850473104247971,0.051049542387799886,1.17094987882841,4.060443010546419,4.07753744390572,1.000088900581841e-12,0.7453293992151216,2.581552863734086,0.8072592245634689,0.03518898608294039,0.04983577489594102,0.14902009185431456,0.12364808510868004,0.15246280179841043,0.17920633348576645,0
sim01573,49,1.0,0.673469387755102,0.4587828329102803,0.4184537819878005,0.044683946216234186,0.01977278009189585,50.0,0.3028902880020906,0.08371295307456096,-0.3251120351916903,1.487257417638213,3.8918202981106265,3.912023005428146,1.000088900581841e-12,-1.5529438874745325,3.076512254044879,-2.9092209829440256,0.9886874600931004,0.009438942357751043,0.0015338250575074272,0.000339772469261823,-0.12506615305719576,-0.13614234947409468,0
sim01574,77,1.0,0.14285714285714285,0.23711264835413193,0.9151222361854076,0.39565654052752086,0.059309747252485674,78.0,0.11540469368080186,0.04353347984692543,0.3538378145588266,1.3803150927767927,4.343805421853684,4.356708826689592,1.000088900581841e-12,1.354726506169321,2.446032573039042,-0.3438099160735518,0.02424978011629448,0.16285918599946533,0.21523053703179357,0.2859921744186195,-0.060202817097165386,-0.13495333458724987,1
sim01575,34,1.0,0.08823529411764706,0.2673325571684676,0.8868963147499886,0.16913165125730498,0.027640998420375394,35.0,0.8211224582922964,0.013240187726818715,-0.12371290526555048,0.7372020118219611,3.5263605246161616,3.5553480614894135,1.000088900581841e-12,0.1410589891687796,1.7149832318171225,-0.5034220383868474,0.07382202872993938,0.10449297940808247,0.4289569621616675,0.35246015500991584,-0.04981276662217066,-0.15597611219419447,1
sim01576,56,1.0,0.26785714285714285,0.40092627224947897,0.29449671209178835,0.05570066606119074,0.006304567791298869,57.0,0.223974458871597,0.09966038773706752,0.03352391821993127,1.270812988021659,4.02535169073515,4.04305126783455,1.000088900581841e-12,-1.1379700720594268,1.846634001932403,-0.044289736075999696,0.3777625670820248,0.1956669548454514,0.0966055182746657,0.2732601094514879,-0.07160542525081129,-0.1136339055557794,1
sim01577,116,1.0,0.43103448275862066,0.321492447930145,0.6471227791632153,0.09465319262278885,0.011964851886271544,117.0,0.5505504441158335,0.06259357286836838,-0.3096293358496587,1.2992370827911377,4.7535901911063645,4.762173934797756,1.000088900581841e-12,-0.9609673232207993,2.6853439244186568,-1.072222376683322,0.46012827770924203,0.3675706440382989,0.16445244766124967,0.007848630580644413,0.07459045931434859,0.026720023668266576,0
sim01578,98,1.0,0.8673469387755102,0.487183136505439,0.09309564431121908,0.001470507428313184,0.0004468374590511536,99.0,0.9105478406330653,0.10450639658895088,-1.1184689135104184,1.3882589495882243,4.584967478670572,4.59511985013459,1.000088900581841e-12,-4.014387580991049,3.3937995069292413,-1.9897150781879782,0.7987803888712002,0.1767721899208884,0.015454095783713736,0.0036252769888209455,0.06455379771066287,-0.07947871888595047,0
sim01579,54,1.0,0.037037037037037035,0.1638164093288659,0.6493982356698059,0.8016349299541066,0.4848147630596913,55.0,0.25290930293194497,-0.021720999495498054,0.10943326916903137,1.249005732939297,3.9889840465642745,4.007333185232471,1.000088900581841e-12,1.445191052783455,3.486097627972956,0.187995315022713,0.03178826454617467,0.05225809145364456,0.04323996815661167,0.10675960718095819,-0.18396861546347465,0.02416048843647496,1
sim01580,111,1.0,0.13513513513513514,0.21081302056366308,0.770912811171513,0.21983087068193274,0.022520984275808717,112.0,0.45061580990368916,-0.007225664361933381,-0.07901915975328269,1.0810457923982772,4.709530201312334,4.718498871295094,1.000088900581841e-12,-0.11879935024258488,2.431119228839367,-0.27408369528738064,0.11893526551647507,0.20708820032085296,0.2393291127348142,0.3833617171358184,-0.02755222824593012,-0.05999134571814401,1
sim01581,88,1.0,0.06818181818181818,0.1455141511516304,0.6822008884050186,0.2826647655168981,0.05039877120645351,89.0,0.4216146751161649,-0.0022565472760522217,-0.27985621845320585,1.0880518669827213,4.477336814478207,4.48863636973214,1.000088900581841e-12,0.1476847969386314,2.7530419868070113,-0.270029195319494,0.06763722195637006,0.17838277468856076,0.17272360407720475,0.23758964462788631,-0.097124020184238,-0.07143378610198618,1
sim01582,71,1.0,0.2535211267605634,0.39673117951914244,0.345788379712773,0.14723217224283155,0.04845431050907942,72.0,0.695078166025342,0.039286697616204236,-0.09891347395006007,1.375990415928126,4.2626798770413155,4.276666119016055,1.000088900581841e-12,-0.36431374722288584,3.1512904353087303,-0.08313135427964646,0.12364655225010794,0.16605358889851002,0.019743243627805926,0.0067371475522360015,-0.46562817927279976,0.0937825566262805,1
sim01583,19,1.0,0.7368421052631579,0.4926328075995934,0.040893466515858456,0.0009967392184316987,0.0005542117377095445,20.0,0.9590065334841416,0.18675612849721906,-1.3913238754775323,1.4270125012442243,2.9444389791664403,2.995732273553991,1.000088900581841e-12,-3.674821417945888,2.3574966041882237,-19.878485666144247,0.927108878016194,0.07200328501310761,0.0008878359674269265,0.0,-0.26273876551250613,-0.024231215637658763,2
sim01584,20,1.0,0.1,0.15201689588273223,0.7366394102249194,0.34150318958749953,0.10145518118535689,21.0,0.41223093412931044,0.06215453630204637,0.10022554463356628,1.2494683089055432,2.995732273553991,3.044522437723423,1.000088900581841e-12,0.3431944601977349,1.7819923908911077,0.14127738957278257,0.013626867397147963,0.09821508736682927,0.5166586863843401,0.11971519459438017,-0.12060618768736106,-0.07468334494723616,1
sim01585,25,1.0,0.16,0.36269023441179904,0.2981494059895494,0.028392741844320852,0.008064602754432519,26.0,0.2603533825262519,-0.001211374593482617,-1.0906305744125675,0.8025473809297119,3.2188758248682006,3.258096538021482,1.000088900581841e-12,-1.914323577280624,1.9602267353388034,-0.3656566572960598,0.3071296252731223,0.21189278817488436,0.331915272950869,0.149028024322546,-0.1336026850677594,-0.03166652214654053,6
sim01586,17,1.0,0.4117647058823529,0.4320975864579679,0.3238281326194295,0.05087567628043994,0.03758953864671383,18.0,0.3183751432509935,0.18926144834413836,-0.11840102270654128,1.1928909973473043,2.833213344056216,2.8903717578961645,1.000088900581841e-12,-1.450569610675735,2.53055419129503,-1.6684757464607343,0.8846514816036732,0.0108904349058758,0.05653278265664107,0.04792530081415427,0.15945403841919095,0.10842987175962526,0
sim01587,55,1.0,0.14545454545454545,0.29660549756162774,0.39295629473095994,0.15458896032728311,0.03302471535050633,56.0,0.8911878305255531,0.038599527761257114,-0.15845818299342054,1.3688867730144378,4.007333185232471,4.02535169073515,1.000088900581841e-12,0.4663466107298235,2.4638196904356247,-0.3151117989187762,0.07627878124278668,0.1819682245783668,0.195150676727811,0.35905163920107164,0.031379903541290846,0.10432545755323874,1
sim01588,82,1.0,0.2926829268292683,0.2945111945684194,0.6065599895890025,0.09245615188294727,0.012065696168914538,83.0,0.5295871180742902,0.0593074440796992,-0.3577124583726203,1.1085380294734746,4.406719247264253,4.418840607796598,1.000088900581841e-12,-0.991218684284764,2.37035114696781,-0.6698849795114188,0.21791965323254758,0.4060372967450789,0.17183281167498188,0.20382218684057132,0.07088070556417479,0.12122885238150038,1
sim01589,70,1.0,0.2,0.2601428033288429,0.718277130424988,0.14172721017038334,0.021862940573982866,71.0,0.5914063602558797,0.030187937804208767,-0.044136366055063554,1.430910945373595,4.248495242049359,4.2626798770413155,1.000088900581841e-12,-0.5335650443718315,2.3793840789131497,-0.09226131454654334,0.26197992366860706,0.3229649924244676,0.35390111055484763,0.045145971866505354,0.010060196088468957,-0.042446207066203064,1
sim01590,44,1.0,0.18181818181818182,0.2769477336123564,0.5305174051683835,0.07952751466147391,0.01607674305192229,45.0,0.613206795051666,0.028587505149645642,-0.7087302595613588,0.9991080874837742,3.784189633918261,3.8066624897703196,1.000088900581841e-12,-1.092734087162895,2.185460271986959,-0.9368533463128699,0.20675292250935118,0.40152740980909796,0.3473764275877743,0.041043303721964124,0.1662678395683112,0.10534116905749566,0
sim01591,44,1.0,0.13636363636363635,0.3617336661190984,0.46593626505321684,0.10972814148184189,0.021448779631041383,45.0,0.7327369246581814,-0.008454169130869422,0.23072423136670026,1.0588043358504293,3.784189633918261,3.8066624897703196,1.000088900581841e-12,-0.5792590647888928,2.1518515179951256,0.10632072031627823,0.5201186695261936,0.08018920834695566,0.052234939541780386,0.20352932558884698,-0.050929675227179935,-0.05248908680084261,1
sim01592,89,1.0,0.02247191011235955,0.1515881206206961,0.5261029544875077,0.2550818906947443,0.022665424898476533,90.0,0.6301935071151776,-0.05034801549942445,-0.20084615607912087,1.0203478124855958,4.48863636973214,4.499809670330265,1.000088900581841e-12,0.09033310956373779,2.0678923669605065,0.02499425601714647,0.11255422205391319,0.1189818661174318,0.24063046308798547,0.1762623698723659,0.08409712790126435,-0.010464557820798059,1
sim01593,44,1.0,0.7045454545454546,0.47639670481575747,0.10762109678911502,0.0031186793030775523,0.0013726899571420883,45.0,0.9238709519224528,0.13541660814997147,-0.792864707038357,1.5109675469947357,3.784189633918261,3.8066624897703196,1.000088900581841e-12,-3.115837409601728,2.9635522957435008,-1.3367007263223307,0.8000324003802393,0.14748540254479212,0.03953977605677304,0.012932857004336324,0.04084446089491787,-0.05893154275460104,0
sim01594,103,1.0,0.5631067961165048,0.4662453079231792,0.1283467853357328,0.01112747767378603,0.0012448524021460628,104.0,0.10489195317753208,0.045105452002718455,-0.06532559725569245,1.5777180460893707,4.634728988229636,4.6443908991413725,1.000088900581841e-12,-2.1327024421265723,2.444328434666183,-0.9126521539769357,0.5278306066698242,0.21713886872788415,0.2039321377955603,0.05108046042483912,-0.19511242949023852,0.03591652091219578,3
sim01595,78,1.0,0.07692307692307693,0.13166202786226117,0.7277822146739227,0.41698323769961676,0.1003663031726066,79.0,0.4587650588658659,0.004736464060143312,0.2165549500822023,1.185651640004643,4.356708826689592,4.3694478524670215,1.000088900581841e-12,0.5184096213679951,2.932489328036505,-0.2627732800233241,0.1862404040681101,0.12448299182556682,0.12367173337565907,0.18351361571299307,-0.18555609631166736,-0.15519295699972427,1
sim01596,52,1.0,0.4423076923076923,0.35288584019607117,0.5853632554164221,0.04981418720456368,0.009634103146623546,53.0,0.5854632554164221,0.15882107256784947,-0.7279502132888661,1.3392180812537802,3.9512437185814275,3.970291913552122,1.000088900581841e-12,-1.5835099359869798,2.3082531052283355,-0.8052750031551791,0.47741460921706147,0.4110276733377815,0.06870362463001972,0.04285409279506264,0.11435257426361185,-0.022998526087575653,0
sim01597,77,1.0,0.5714285714285714,0.3692812982742104,0.5081612218687627,0.03750354173257391,0.008702610421350057,78.0,0.38524348208949516,0.10126398882397504,-0.8805137892797931,1.4845523092644406,4.343805421853684,4.356708826689592,1.000088900581841e-12,-1.8429111852609459,2.882993074282929,-1.697613929656911,0.5574771455043301,0.3884197822600306,0.054050257047563124,5.029601835846628e-05,-0.10695923537407895,-0.12081085954996947,0
sim01598,111,1.0,0.07207207207207207,0.22792380543197957,0.7869813244864008,0.2548722332120703,0.019590342266068234,112.0,0.2189951407718395,-0.02611448248185497,0.12813017099798202,0.8985333426987183,4.709530201312334,4.718498871295094,1.000088900581841e-12,0.398886739408609,2.1438045308345632,-0.3089958859292672,0.0781121183141921,0.26852059816144125,0.19282233166379192,0.2602845489642733,0.16761468868800306,0.16954165147748154,1
sim01599,34,1.0,0.11764705882352941,0.3328734537025709,0.4482167384436759,0.16324242741526127,0.035391383169379766,35.0,0.09160858909844077,0.02723769038270667,-0.09309270888405773,0.9259752162827253,3.5263605246161616,3.5553480614894135,1.000088900581841e-12,0.6737912698997611,1.997592521001281,0.48691220350488157,0.031040149374028294,0.038008201094718794,0.1877266286800615,0.5182263769239848,-0.03974084627716816,-0.008071366178303403,1
