key,n_moves,mdt,still,p_ext,p_range,tot2,max2,t_res,p0,xstill,lam,kz,log_moves,log_tres,log_mdt,spend_lr,lump,dlam,f1,f2,f3,f4,ar1,ar1z,cluster
n_sim00000,88,1.0,0.6477272727272727,0.4182914496876185,0.2613621252948592,0.09228377641510072,0.03505880022410361,89.0,0.13984114305270087,0.2919564221174377,2.417476111040124,3.812178873142151,4.477336814478207,4.48863636973214,1.000088900581841e-12,-0.2650005405541705,3.509495115904505,2.4975492763248672,0.1602663524705283,0.19736511029097623,0.06049295082134027,0.10714606243255827,-0.12338945662437265,-0.12011340299343197,0
n_sim00001,45,1.0,0.5111111111111111,0.28915651708936513,0.8845449674008672,0.3384184273637661,0.16410514113165214,46.0,0.6858930625373422,0.41338301751838885,1.0301129152171413,2.754386920310285,3.8066624897703196,3.828641396489095,1.000088900581841e-12,0.4515831364573866,3.0828867358751273,1.4172886418036978,0.0987555451755968,0.14151501051466286,0.04784635291272641,0.04641596862335892,0.14104558174923668,0.06362715426177427,0
n_sim00002,109,1.0,0.6513761467889908,0.3429247863972641,0.531938510308912,0.09050476948428396,0.010165249617386775,110.0,0.5281510555749752,0.3760190594532672,1.2203507303645476,2.7785036914508665,4.6913478822291435,4.700480365792417,1.000088900581841e-12,-1.0128834044704687,2.5049203336564694,1.621491122061431,0.39753176952363056,0.2815850983776304,0.19768903001532928,0.07902283568230388,-0.14839917727296079,-0.07234921008748549,0
n_sim00003,94,1.0,0.6808510638297872,0.27943463185229833,0.43864155593444987,0.1502339315355003,0.02601945014465844,95.0,0.7367180753550409,0.5583482887097447,0.27804870496826833,2.8066539256341336,4.543294782270004,4.553876891600541,1.000088900581841e-12,-0.25548180200116244,2.7899454996757895,0.7707589166964782,0.17863315189839238,0.15423232559736935,0.1486155834018401,0.20111848137713614,-0.025654559292395913,-0.01040089439491226,0
n_sim00004,45,1.0,0.7555555555555555,0.310750397802209,0.4581331981648157,0.06873124113834486,0.01898623759193483,46.0,0.4145242225659319,0.5338898098971256,-0.6438674422199518,2.122976104510013,3.8066624897703196,3.828641396489095,1.000088900581841e-12,-1.2615971002122108,2.520173025463999,-0.9372777619344801,0.26342611188769927,0.4783020235160884,0.09236282247889706,0.16590900762924904,-0.04247112330920597,-0.026623372593418522,2
n_sim00005,85,1.0,0.6352941176470588,0.2912036990860961,0.6265590983081252,0.12614647642655952,0.024537568627921842,86.0,0.47078348946734705,0.43795322355543836,1.1859279580406004,3.3998758878438813,4.442651256490317,4.454347296253507,1.000088900581841e-12,-0.6805969143994371,2.8054128692343583,1.6373315471761662,0.1784826989442575,0.4347787259182485,0.2062260030834087,0.16194988765376753,0.12537189447220703,0.0065612631877047176,0
n_sim00006,42,1.0,0.5952380952380952,0.3425123080061142,0.48825002530864503,0.0657647738738461,0.020588352716777635,43.0,0.4769921248116946,0.34262646108658784,2.116663858726508,3.478121493560429,3.7376696182833684,3.7612001156935624,1.000088900581841e-12,-1.3332568800847597,2.576310787972413,-2.649325819015029,0.3527873635011271,0.20575656580210264,0.2859352132962555,0.15550113339265464,-0.16503875498992152,0.019555403889586497,6
n_sim00007,93,1.0,0.6129032258064516,0.3252563610776903,0.45197835169077594,0.09377409884493149,0.01100370272849324,94.0,0.5554251748722255,0.3357915055150489,0.7447801617288798,2.2340621886050513,4.532599493153256,4.543294782270004,1.000088900581841e-12,-0.9682083124374218,2.3899426339273138,1.1125440278149625,0.23329645028689852,0.2975383357305032,0.33018280070971184,0.06443707373728225,-0.2025090829745612,-0.14677685058149206,0
n_sim00008,23,1.0,0.7391304347826086,0.19180691476165582,0.15710470339627336,0.05714263288715382,0.02419675857152814,24.0,0.3621541724081382,0.6997548184064396,-1.5160570383406882,1.9764132540757682,3.1354942159291497,3.1780538303479458,1.000088900581841e-12,-1.3968608638251447,2.276162422863965,-0.8240951779487002,0.04285777952508445,0.006963075119167531,0.49595195813696835,0.42344493679331924,-0.25435501237889974,-0.31679776978060387,6
n_sim00009,42,1.0,0.5476190476190477,0.33961311222451773,0.39977262080765447,0.05879448150716868,0.018455987305079666,43.0,0.3253295683811728,0.25710467725546654,0.09583342777140173,1.71406872499212,3.7376696182833684,3.7612001156935624,1.000088900581841e-12,-1.3172597696896262,2.5790104520652277,0.4746585565326361,0.3478167485269625,0.3326645838389514,0.2968738100103884,0.010303844398053704,0.045525359357221774,0.09189617867096145,0
n_sim00010,11,1.0,0.7272727272727273,0.4424454705455448,0.05086003137294612,0.00935312327033523,0.0046125195897213245,12.0,0.06356520822856938,0.6152121583053967,0.196215498284095,2.1045568944090123,2.3978952727983707,2.4849066497880004,1.000088900581841e-12,-1.8506805637758623,1.690959201160942,-2.6193762268505356,0.23028252989649328,0.27656459946216294,0.0,0.0,0.004336921270231421,-0.02555376833688759,2
n_sim00011,91,1.0,0.6373626373626373,0.2439309002624134,0.6006402797743667,0.22810774510736892,0.0381463458523018,92.0,0.3369769217311976,0.48642023461132905,0.24122307592287429,1.6857892376762944,4.51085950651685,4.5217885770490405,1.000088900581841e-12,0.02074911764307176,2.722471392008459,-0.5467295109051223,0.1291263225089126,0.34431791460972283,0.40764670042373363,0.11658737431530138,-0.00937460701033893,-0.023789174000104062,2
n_sim00012,61,1.0,0.6885245901639344,0.4228612903633718,0.2423425571228044,0.07084304626358862,0.019395884238754227,62.0,0.7575574428771956,0.4478885827282116,1.724628775407445,2.889300554371006,4.110873864173311,4.127134385045092,1.000088900581841e-12,-0.9526420781551477,2.815467940266988,1.049404176737877,0.5397695470250493,0.2554492478383046,0.17412877921990344,0.01122435813294634,0.02971013495392556,-0.025114151811623103,6
n_sim00013,80,1.0,0.5625,0.4517187295434745,0.11732685719071782,0.05667287865576298,0.01239761363454153,81.0,0.11099652245164499,0.2364688131500773,2.107161245006969,2.688716362897364,4.382026634673881,4.394449154672439,1.000088900581841e-12,-0.554548974115692,2.862234872895029,-1.7482359451494056,0.37121459479379176,0.3412476257257199,0.1822545335913866,0.04417392869128905,-0.2262905511257775,-0.2930000514356942,6
n_sim00014,114,1.0,0.5789473684210527,0.19449066818232655,0.8356991261882871,0.4354443647052557,0.10763057893290007,115.0,0.6491286815627186,0.4809855880132039,1.244810644618396,3.2622199590908743,4.736198448394496,4.74493212836325,1.000088900581841e-12,0.6480718008885227,3.338536208579302,1.0716036743024193,0.13522304556679432,0.1313109089402968,0.15947389818937918,0.43970298684479014,-0.20414120795802118,-0.1094994353024105,0
n_sim00015,64,1.0,0.65625,0.2870460150983304,0.5871050983272796,0.12233757263708261,0.06863891935247571,65.0,0.4331848477473518,0.4481251308559839,2.755006894860863,3.700368234550956,4.1588830833596715,4.174387269895637,1.000088900581841e-12,-0.6966582859729974,3.580958581712352,3.7207101303393433,0.0707930146959544,0.6558455083896566,0.040620111860083984,0.04906557200616335,-0.1280102603881919,-0.07027863975931395,6
n_sim00016,34,1.0,0.7058823529411765,0.32095133257948877,0.3865675963356163,0.13135724354691028,0.06230744030438014,35.0,0.6133324036643837,0.6113404396571605,-0.1750353784736285,2.269672575307673,3.5263605246161616,3.5553480614894135,1.000088900581841e-12,-0.5907965054061479,2.7805207085493815,-0.3656826032140814,0.48349530850256695,0.02214037576433606,0.04430042703093145,0.06844262511250801,-0.02780875191959236,0.005902372200464053,2
n_sim00017,106,1.0,0.6226415094339622,0.2187742932837778,0.5486824253316568,0.27158424107850193,0.034679698224484586,107.0,0.222195229681071,0.525311300904959,0.07245659242782479,2.384368983170377,4.663439094112067,4.672828834461906,1.000088900581841e-12,0.45199568725470823,2.6053211724464345,-0.25892096527292574,0.1991712185992333,0.06493512237915816,0.19970352145704093,0.36963290237728436,-0.046047678704528874,-0.11548429402418292,2
n_sim00018,54,1.0,0.6851851851851852,0.26919757909953584,0.4793577536888023,0.12853033271037012,0.042119384057559876,55.0,0.28780465428889196,0.5298660031288398,0.1751271160386146,2.12488565130757,3.9889840465642745,4.007333185232471,1.000088900581841e-12,-0.46671399432861765,2.8733271811118977,0.1507236762443504,0.11926296967217152,0.3825694437404253,0.31172791164319363,0.1808670427704611,-0.17994256911915338,-0.12507203106966924,2
n_sim00019,49,1.0,0.6326530612244898,0.09217071097831113,0.6777677764590193,0.3350380832736739,0.18328319570388207,50.0,0.49529248386290403,0.5661669824785074,-0.3259106200637123,1.8704742683148845,3.8918202981106265,3.912023005428146,1.000088900581841e-12,0.2928719356762461,3.2886085653697146,-0.6148112349532511,0.08352904411320605,0.15733821998052047,0.042251534889328646,0.1698293736143232,-0.07342530657500655,-0.12034177593666878,2
n_sim00020,87,1.0,0.5747126436781609,0.25249636762204103,0.7143080395304287,0.3600673623692426,0.11721887329414461,88.0,0.19554015723025867,0.4725391789127663,0.7695359844293219,3.202042664595777,4.465908118654584,4.477336814478207,1.000088900581841e-12,0.8281095950322492,3.343659885894483,-1.4833268515715359,0.08659449040551981,0.08337570596213838,0.02987600397386531,0.14535839020706567,-0.026584450618374483,-0.10373438892681576,6
n_sim00021,95,1.0,0.6105263157894737,0.1166996909235184,0.5041339559729827,0.7598591681008192,0.2995697949183779,96.0,0.7512582620430532,0.5405893592255012,0.15607397534885945,2.1078619304487156,4.553876891600541,4.564348191467836,1.000088900581841e-12,1.4027237451963928,3.623091209031236,-0.2604362336168238,0.1168805255569084,0.03453367785574932,0.04047828761246844,0.07337827025738199,-0.042985042246798374,-0.10878281133192375,2
n_sim00022,85,1.0,0.6823529411764706,0.27238897740624846,0.6081882337288251,0.2131842922580547,0.08609694802871565,86.0,0.3509270605683295,0.4002540672129552,0.42665396634989783,2.108726001389497,4.442651256490317,4.454347296253507,1.000088900581841e-12,-0.06621120255394099,3.535968206598141,-0.40039521448974114,0.2727108339001407,0.1325178321344582,0.5143334703402705,0.07551555842535851,-0.06513912079945655,-0.08523205894693693,2
n_sim00023,85,1.0,0.611764705882353,0.19042036526679487,0.5780084600559223,0.1869034264235104,0.03984986894897086,86.0,0.3776581472445217,0.5346993193798801,-0.1601275191575572,2.8640824950727337,4.442651256490317,4.454347296253507,1.000088900581841e-12,-0.22913163212220658,2.897178325465888,0.7662380272067302,0.02205250569270238,0.2504644795333304,0.25424569325056445,0.3252756761362492,-0.054084179900411616,-0.05830204768239191,0
n_sim00024,20,1.0,0.5,0.3738613346398284,0.2642973580265824,0.029416442716923247,0.021661608901122505,21.0,0.7414838965300761,0.3688141932480095,0.1946590133786293,2.0931151979384617,2.995732273553991,3.044522437723423,1.000088900581841e-12,-1.8743023586432654,2.6897199974708372,1.381854765347045,0.0011758442545855745,0.8547808259162497,0.082513895318762,0.035358150956998846,0.12261658066849497,-0.013558339982609477,2
n_sim00025,38,1.0,0.5526315789473685,0.3373108264435769,0.5284288245715191,0.06462016861326286,0.020901767602169642,39.0,0.47147117542848094,0.35964798658232366,2.160847985276682,3.298303246199437,3.6375861597263857,3.6635616461296463,1.000088900581841e-12,-1.349673461912306,2.5088933191496885,3.073646941665581,0.21766036049268847,0.6457811164514029,0.0838384428340152,0.0322940468606772,0.06989412379211353,-0.090133752245451,0
n_sim00026,111,1.0,0.6126126126126126,0.26307037202220995,0.6031293189027149,0.501193529055756,0.13997311092970985,112.0,0.961561798925373,0.4953156992350712,0.9821989651063784,2.592757900716765,4.709530201312334,4.718498871295094,1.000088900581841e-12,2.607136969836318,3.4339882284364767,-1.249731572510747,0.11086080108320007,0.031245884104658703,0.10802450417784856,0.09093703136103008,-0.1276619870823216,-0.15399553272569863,2
n_sim00027,41,1.0,0.7560975609756098,0.4930025603186407,0.0468362171283814,0.006671371638957384,0.0021936312348968872,42.0,0.0001,0.04159348494123608,2.5704627860076625,3.3343832716028876,3.713572066704308,3.7376696182833684,1.000088900581841e-12,4.200510569951274,2.601304848034296,-1.7229228097903235,0.6366659600608163,0.008342892602636848,0.08349752832590675,0.2714936188607458,-0.11025160565227146,-0.09031976946933667,6
n_sim00028,87,1.0,0.6436781609195402,0.34179853278164524,0.32884976116422837,0.07457653594621132,0.012227597028447435,88.0,0.32894976116422836,0.48150094814265637,-0.5295192275154679,1.8612632322822107,4.465908118654584,4.477336814478207,1.000088900581841e-12,-1.085167838060903,2.657777640052068,-0.2326986660998987,0.13323307602087958,0.18369577139068663,0.32760510756254535,0.34753018112910156,-0.05010221691951229,-0.06669629597910783,2
n_sim00029,14,1.0,0.6428571428571429,0.35090137184269377,0.3798847055764719,0.10765850215920893,0.10176854694060067,15.0,0.5767131207767655,0.5754857505076074,-0.3264551803735047,2.3368089896692985,2.6390573296152584,2.70805020110221,1.000088900581841e-12,-0.8186756231565572,2.5827942163807704,-3.3114388551131437,0.9452903848611669,0.047507865768338826,0.0,0.007201749361205666,-0.12904954597459314,-0.16765621423688348,6
n_sim00030,34,1.0,0.7058823529411765,0.22745163178072153,0.5011865762852374,0.08889883600368965,0.05630339144890287,35.0,0.5012865762852374,0.620096664734261,-0.7774827575598503,2.490274157762613,3.5263605246161616,3.5553480614894135,1.000088900581841e-12,-1.0339552476066127,3.069616247349776,-0.25363871512540026,0.013035118389284322,0.6333422795989444,0.005600632938784276,0.19070367144715883,-0.0788739509949201,-0.1353712174755577,2
n_sim00031,67,1.0,0.7164179104477612,0.3194174089518642,0.392931192865562,0.11966971318912314,0.03715070711272965,68.0,0.9539810148623381,0.5649604389466782,0.4356141007719955,3.0764906288416864,4.204692619390966,4.219507705176107,1.000088900581841e-12,1.0027930344546543,3.034939865929626,-0.9478518633993078,0.09182341063790354,0.2132850914442921,0.06824044758675844,0.6206896646750241,-0.29164558555798187,-0.14838088387895831,2
n_sim00032,66,1.0,0.7121212121212122,0.4856771127330112,0.0491706669185632,0.010339524832931254,0.001908513552216458,67.0,0.9670776400936636,0.08006490195827037,2.73993144594699,2.8563450614299946,4.189654742026425,4.204692619390966,1.000088900581841e-12,-1.1247016484098549,2.500005516560642,-1.947807152592713,0.39810149317743326,0.18581535452597017,0.1325347139274424,0.14397584207151057,-0.20889973155746325,-0.1520377863505436,6
n_sim00033,100,1.0,0.63,0.3381147963539439,0.7005048947621113,0.08782616952251394,0.01299377688317043,101.0,0.5728747178666045,0.36142873248864815,0.8780522935139156,3.10947937250327,4.605170185988092,4.61512051684126,1.000088900581841e-12,-1.0246296277552231,2.694281211905859,1.1629657713477513,0.3313030178179847,0.34643142524825443,0.21588361021984034,0.07546165913657094,-0.1679067045132026,-0.1766559567179792,0
n_sim00034,70,1.0,0.6428571428571429,0.38638181557818274,0.28791958871738865,0.12767802608022727,0.0455182534510281,71.0,0.20461688827534533,0.40992260917094536,0.7136418596843981,1.7833773242454545,4.248495242049359,4.2626798770413155,1.000088900581841e-12,-0.24269634045097244,3.2170969880947515,-0.5896823188601905,0.21526182658117748,0.2529911993267599,0.4661938024821428,0.049816512360551145,-0.11409382881064317,-0.05707119686064158,2
n_sim00035,98,1.0,0.673469387755102,0.4488193308207511,0.2061475316915387,0.023015422662317035,0.0070970271477742005,99.0,0.2062475316915387,0.21718817129205117,1.5728583337594266,3.130848961639955,4.584967478670572,4.59511985013459,1.000088900581841e-12,-1.9619288967034287,3.408478917589348,-0.006836360541414344,0.5858132299975802,0.15381637081963456,0.1278019235968018,0.03224161150270593,-0.00491570958180155,-0.10909412279984239,6
n_sim00036,108,1.0,0.6018518518518519,0.20448927158508745,0.803019444423297,0.2848583424659534,0.053159908489682196,109.0,0.25110654499247664,0.5042752005953127,0.45208388640857905,3.10540771679023,4.68213122712422,4.6913478822291435,1.000088900581841e-12,0.41527323685345446,3.003443726472173,-1.248843337682993,0.2022288544527031,0.041410444831163,0.08272292786724239,0.25546631983978485,-0.03591047470663793,-0.0026694300112903055,6
n_sim00037,93,1.0,0.6881720430107527,0.36928131948131565,0.4592932325162774,0.07170110157348489,0.01913605391872088,94.0,0.3613060782985174,0.4369516737959496,0.11286860311486946,2.020387869644058,4.532599493153256,4.543294782270004,1.000088900581841e-12,-1.1688894151472735,3.2116675761971374,0.8905681473070639,0.4844134888693718,0.09685082352228687,0.11357467051745013,0.28938137905374206,-0.04853434057374955,-0.12599722676110073,2
n_sim00038,37,1.0,0.7297297297297297,0.4475443432212925,0.17972664594502297,0.019035647359858306,0.0103639495492511,38.0,0.838643441423872,0.3332312968194079,1.549972643908691,3.0952878746746135,3.6109179126442243,3.6375861597263857,1.000088900581841e-12,-1.9613335243100842,3.002937907421448,1.4933599096568715,0.5623708757432576,0.23779521528207956,0.11477989490199925,0.07816689163972096,0.009721090747095599,-0.07220139305162943,0
n_sim00039,114,1.0,0.6228070175438597,0.40913772239740337,0.3134766052100658,0.08186081841884758,0.016296766703345456,115.0,0.9298505129987418,0.24474217701103182,1.6468488745912684,3.428464722393434,4.736198448394496,4.74493212836325,1.000088900581841e-12,0.22712341962518695,3.1221447046403976,1.5275696237011467,0.28900023684671133,0.5042486208454124,0.05861695744557795,0.14520814309046035,-0.34695542099193855,-0.13898167880821008,0
n_sim00040,71,1.0,0.6619718309859155,0.24519473642233666,0.5662664262414501,0.14392323497402545,0.02534043887690335,72.0,0.46253615085161726,0.5349579245225956,-0.05764150609722837,2.2213370560092995,4.2626798770413155,4.276666119016055,1.000088900581841e-12,-0.5465508722832406,2.525801303886383,-1.4842838662371258,0.31148000397293546,0.35233696287604316,0.1103888796739693,0.04658480277265858,-0.039121794148525485,-0.0758701579052422,2
n_sim00041,102,1.0,0.6274509803921569,0.24218681702061512,0.8687372418677914,0.22063425306648712,0.04862909091505352,103.0,0.4924792007807911,0.5300575273427887,-0.01909120096471842,2.596574173245283,4.624972813284271,4.634728988229636,1.000088900581841e-12,-0.12472827552701686,3.112688376118576,-0.48020483385443336,0.28900847013745606,0.0021603257392124858,0.27842058651531565,0.32577687412456113,-0.027030806931040412,-0.010823775576565706,2
n_sim00042,35,1.0,0.6285714285714286,0.1321610816136955,0.42760218009423445,0.35196791068685673,0.13025020190801287,36.0,0.789880239031312,0.582738701260127,0.004046386532156937,2.1328535976517395,3.5553480614894135,3.58351893845611,1.000088900581841e-12,0.7517362913029016,2.5612652835663288,-1.39859954601147,0.11071597479010131,0.11697762778925704,0.17482314703154683,0.16971776050489307,-0.10566556730509422,-0.059970801056489186,2
n_sim00043,96,1.0,0.6666666666666666,0.27262972214809544,0.9593534671648558,0.31757584385814214,0.1628320109767706,97.0,0.4196217122283042,0.5309331149362074,0.32984456279052243,2.43682902190894,4.564348191467836,4.574710978503383,1.000088900581841e-12,0.26543821560103625,3.8963505849336606,0.3899918273513632,0.12407791948750926,0.018868742511722714,0.03402480191165509,0.17803481994661982,0.040034570022240985,-0.035938606797183255,2
n_sim00044,96,1.0,0.5833333333333334,0.31138723470163326,0.4382834441062372,0.1420330801675629,0.036985428165277896,97.0,0.7606059967231811,0.4628436445687378,0.1064784781443026,2.8912167578804238,4.564348191467836,4.574710978503383,1.000088900581841e-12,-0.24841095512435168,3.218812203122559,0.5874700042185103,0.05466937251066597,0.2515239615787378,0.4329818549639393,0.20004457571548825,0.08640581888418657,0.032568124525464724,0
n_sim00045,28,1.0,0.6071428571428571,0.3383334161757325,0.703671014358316,0.18510837054787596,0.11517048933316038,29.0,0.703771014358316,0.4224761484786928,2.6883262011256215,2.4645215028417113,3.332204510175204,3.367295829986474,1.000088900581841e-12,-0.11888907564302634,2.857676616177035,2.800752967219397,0.622178721533021,0.13968256243727928,0.1511103488266648,0.08459036884819496,-0.17439865682755326,-0.15366784157007798,6
n_sim00046,38,1.0,0.6842105263157895,0.47673385360777015,0.06406421895886072,0.007771458518617126,0.0016888157192725723,39.0,0.9358357810411393,0.28496634008335686,1.2443586289201787,2.1957219835952406,3.6375861597263857,3.6635616461296463,1.000088900581841e-12,-2.0446725943238655,2.1111558225937137,-0.6118686434262322,0.5187168281116415,0.11652262918172973,0.08729049921130956,0.16088994271289017,-0.010154939887644545,0.19379812704279706,2
n_sim00047,70,1.0,0.6571428571428571,0.2910242844127361,0.4865802828180246,0.09715443406225076,0.02322527224853699,71.0,0.44220129625450827,0.44227591472334077,0.9611345630715911,2.8951196054166126,4.248495242049359,4.2626798770413155,1.000088900581841e-12,-0.9317062559433833,2.8174344320377513,1.5920366706732514,0.08064659801601272,0.5358060653644552,0.2763369316876438,0.09211598981266288,-0.1618678120454795,-0.19239251144953717,0
n_sim00048,22,1.0,0.9090909090909091,0.23255314427416882,0.6900240500544373,0.40479745789837634,0.40162987316109644,23.0,0.7607041662460637,0.8668701611631018,-0.7243783797621912,2.9863916652298177,3.091042453358316,3.1354942159291497,1.000088900581841e-12,0.7991969935662364,3.0831865662205975,3.07675657626152,0.0,0.007825110250735115,0.0,0.0,-0.059334096776808544,-0.07393711866126826,4
n_sim00049,77,1.0,0.6753246753246753,0.1744543797477728,0.7664680706681013,0.5606716743426893,0.126595294201047,78.0,0.3051487668489712,0.5965712073273731,0.1197835773537073,2.099754059110423,4.343805421853684,4.356708826689592,1.000088900581841e-12,0.9723935749660764,2.855665276665039,0.9139003741808529,0.021391465261766107,0.09083009884886992,0.031209240406227072,0.35421163963169633,-0.026695024020799575,0.037337551264488046,2
n_sim00050,18,1.0,0.6666666666666666,0.2219782641476145,0.542110160025403,0.5822290416846296,0.2722430526317903,19.0,0.39760225260946874,0.6276716141249337,1.054040937773395,2.120538450983052,2.8903717578961645,2.9444389791664403,1.000088900581841e-12,0.8882491143367789,2.1302030882884764,0.044747926528725834,0.014415452846789025,0.4675875525611208,0.0,0.4367536322615625,0.0027291408942079795,0.007008761160515116,2
n_sim00051,40,1.0,0.65,0.2976035176288804,0.5663374841675191,0.12461455278728603,0.07571454278618363,41.0,0.5488721268894111,0.492226186422109,0.11762387555875818,2.163055569892717,3.6888794541139363,3.713572066704308,1.000088900581841e-12,-0.68663565146969,3.190624311001602,0.09365607919215482,0.05382268515791045,0.8330538560726934,0.04904273577863734,0.0551957289495263,-0.12876360591664762,-0.13083700770800435,2
n_sim00052,10,1.0,0.6,0.20843256957831685,0.3373946293868011,0.16999447244624094,0.11248312894232172,11.0,0.4649605790961224,0.5674896224522994,-0.17275778611809756,1.327731832182924,2.302585092994046,2.3978952727983707,1.000088900581841e-12,-0.3807718534867209,1.8896224168860518,-21.061333674118874,0.2906578442940703,0.04765517657058342,0.6616869791294637,0.0,-0.1806434926181696,-0.25630100402329564,1
n_sim00053,21,1.0,0.5714285714285714,0.146627397295021,0.4819777765808852,0.10294940758752784,0.03705209374580248,22.0,0.4628947784947039,0.533518956756562,-1.1426386905816994,1.4034513243636317,3.044522437723423,3.091042453358316,1.000088900581841e-12,-0.8817008284411433,2.0226096199630508,0.6599221447144678,0.05803934183848074,0.19194770368985722,0.0,0.7056745325778764,0.4796838088843277,0.4615291558455997,1
n_sim00054,38,1.0,0.6578947368421053,0.328727440990567,0.482126337110161,0.11372398873459702,0.04288200946751352,39.0,0.2292775203135218,0.4959604013257042,-0.008219996470808025,1.7363069792566794,3.6375861597263857,3.6635616461296463,1.000088900581841e-12,-0.4407318689580187,2.66226417644513,-0.6901824745246015,0.16184966687737862,0.62496229348301,0.19762618708455942,0.007875084398098807,-0.04636038977780214,-0.0768986097344382,2
n_sim00055,67,1.0,0.582089552238806,0.3533469807161099,0.3300485058309752,0.08405240240296614,0.013809329409488197,68.0,0.26299982954822265,0.42894784777574807,0.28108215702042116,2.5044092243406464,4.204692619390966,4.219507705176107,1.000088900581841e-12,-0.8355457860824786,2.3985965841125667,-0.61680311415761,0.16288814742334895,0.2962854649720939,0.2447290537286054,0.2575755680610807,-0.16580582087119078,-0.1796896327778529,2
n_sim00056,66,1.0,0.6363636363636364,0.36201316690612645,0.7773629987025118,0.1746870243592861,0.10454421236850665,67.0,0.36133768726260773,0.3490093396816518,0.41456640726475286,2.7024949051804117,4.189654742026425,4.204692619390966,1.000088900581841e-12,-0.278437575980937,3.676268867917349,-0.9745103490274531,0.11861650551372369,0.8382475282320457,0.009287316198023619,0.0314008653624318,-0.06054233666339459,-0.040085904418956375,6
n_sim00057,86,1.0,0.6511627906976745,0.32357742513830007,0.568998711196651,0.1775406360528344,0.08013006204504472,87.0,0.5349049853610983,0.3551512937472157,1.1013436310465292,3.272499882320994,4.454347296253507,4.465908118654584,1.000088900581841e-12,-0.3373760537324884,3.6587988676534224,-1.4075713018678175,0.17569188051277107,0.6017820335879784,0.21377795031570015,0.005691523327764098,-0.10716299360041014,-0.11157194357972046,6
n_sim00058,99,1.0,0.7070707070707071,0.3040182725165894,0.6080574066829931,0.1521280299085662,0.0376469199383573,100.0,0.5698826056225531,0.49482063107859353,1.206375469097403,2.9398692743790797,4.59511985013459,4.605170185988092,1.000088900581841e-12,-0.4770108188523454,3.198648524324664,1.5518972387485845,0.29572716287826767,0.15483189388655244,0.36740518474920203,0.16010110209501183,-0.004207213771140236,-0.02202010816017703,0
n_sim00059,43,1.0,0.6046511627906976,0.3020143101808384,0.7712317746306795,0.15594073186473228,0.03805975741662443,44.0,0.6653638342497639,0.46544784312534593,0.268899490044715,2.210979494630429,3.7612001156935624,3.784189633918261,1.000088900581841e-12,-0.35614658934684224,2.350881592466366,-1.8621441035358504,0.37436112027833635,0.1827587058091135,0.4051441875494409,0.036827939708158,-0.07612442652489432,-0.0467532051568768,2
n_sim00060,116,1.0,0.6293103448275862,0.24202864325686707,0.8957870893714065,0.3440261492632062,0.04956501421643363,117.0,0.7037561698216567,0.5220085225307974,0.4671665620646127,2.2314815313024163,4.7535901911063645,4.762173934797756,1.000088900581841e-12,0.5008581364544046,2.8161577473138184,0.41169830712167255,0.08258913986420349,0.17002077759097642,0.3056401351086581,0.3903279930582104,0.05301623118089532,-0.046620356836981354,2
n_sim00061,37,1.0,0.5675675675675675,0.07191195291585571,0.5592008733643511,0.4011322133525087,0.13795888400945847,38.0,0.4862046485657793,0.5226712242225424,-0.028465044125981092,2.1227928951949067,3.6109179126442243,3.6375861597263857,1.000088900581841e-12,0.4735917009895246,2.5435825292895027,1.013949575652433,0.10935570881571016,0.012589632690711124,0.012332171688690729,0.1884599712187059,-0.026274296385749702,-0.01875416667254353,2
n_sim00062,67,1.0,0.6268656716417911,0.3396193333833942,0.6598114444635819,0.1876794358720517,0.12177253599229773,68.0,0.34008855553641815,0.2523423684364421,0.8487419987813368,2.4165049723132777,4.204692619390966,4.219507705176107,1.000088900581841e-12,-0.1788210340332875,3.7721120853248236,0.3002705350262018,0.11083205240930154,0.8752827686238135,0.004160203840040465,0.004671241225020164,-0.06065454728600641,-0.04879452839769035,0
n_sim00063,13,1.0,0.5384615384615384,0.24695325300566084,0.5573383760085711,0.2833810672568314,0.2782186764772677,14.0,0.49165850049161425,0.4494936748889191,0.19556268029212748,2.363416964982501,2.5649493574615367,2.6390573296152584,1.000088900581841e-12,0.12560996262985313,2.5465642486333513,-2.05771644510227,0.015208462255033603,0.0,0.9817828663343036,0.0020150973525582695,-0.08170216366433708,-0.03773637108039215,2
n_sim00064,59,1.0,0.6779661016949152,0.37996038555003797,0.5236097882231174,0.08872162642433905,0.053578218108182016,60.0,0.4766714807047471,0.20714477817935828,2.5659819917650277,2.7426086822670905,4.07753744390572,4.0943445622221,1.000088900581841e-12,-1.0337779907801945,3.5731763751843992,-2.437929638493852,0.22725818041179305,0.6989085904927979,0.0576703546466219,0.014219565420341421,-0.00810734939773883,-0.15704528419204422,6
n_sim00065,89,1.0,0.550561797752809,0.361218440118243,0.42993086017496907,0.16096293407145068,0.03295332278157989,90.0,0.2437011717078683,0.2678887404812365,2.696443084805956,3.521050513598678,4.48863636973214,4.499809670330265,1.000088900581841e-12,-0.13544994790665849,2.902554352896947,0.5038804926661098,0.36215454104327827,0.1375189063046932,0.0732361654537091,0.007470618193397767,0.1500343149948689,-0.12550663442035784,6
n_sim00066,55,1.0,0.7272727272727273,0.3015925996886941,0.534104386242669,0.20639027008184294,0.05618467455421499,56.0,0.534204386242669,0.536731463049852,1.0288722231134333,2.4567332069609615,4.007333185232471,4.02535169073515,1.000088900581841e-12,-0.1870012819281891,2.7062083185107033,-0.23600424340506565,0.15350214201248266,0.44514900860091444,0.2885355967949057,0.11234515803988421,0.008472144396708875,0.02259656424408354,2
n_sim00067,23,1.0,0.8260869565217391,0.2591776667147406,0.3830619083712101,0.03810253886560717,0.013262479524420155,24.0,0.6155795116246098,0.7485516181940023,-1.6465196644777906,1.8932040715407394,3.1354942159291497,3.1780538303479458,1.000088900581841e-12,-1.8262648989398627,2.080152258664434,0.6226975275954756,0.3033854311093268,0.0,0.0,0.5832681496734866,0.028580849873738597,0.05691878457849155,2
n_sim00068,67,1.0,0.6119402985074627,0.20920700311697388,0.7995285868902211,0.25247688009965596,0.05641395108679408,68.0,0.2527835741085339,0.5439448468047284,-0.18694087215493072,2.004045196220658,4.204692619390966,4.219507705176107,1.000088900581841e-12,0.290186405284577,2.7060894261924795,-0.15947059561189508,0.14654701171163056,0.05426352884627554,0.17905720824857954,0.2663705320269305,-0.12597042466024144,-0.08579807553293908,2
n_sim00069,116,1.0,0.6293103448275862,0.3118351830588981,0.6159091836044215,0.11163850789680128,0.017183259531106627,117.0,0.603717976307379,0.3470609927066465,0.9822401290521434,2.8614943509217228,4.7535901911063645,4.762173934797756,1.000088900581841e-12,-0.7622119788072829,2.882259773653292,0.4146616643533688,0.39481100405531144,0.22374571618741065,0.30517092745122304,0.03326321592417388,-0.1682224761875277,-0.15970638507982424,0
n_sim00070,51,1.0,0.6274509803921569,0.1813659811642228,0.6046444646044884,0.3962475276686655,0.2883831578731219,52.0,0.5010416975018942,0.5690428418272903,0.011303670289196944,2.566264010820024,3.9318256327243257,3.9512437185814275,1.000088900581841e-12,0.460582508530485,3.614076551956385,1.0744025872795484,0.04390087206255379,0.006438083682253853,0.1814283032109013,0.040447360097928355,-0.08594204809214066,-0.1550910775902121,2
n_sim00071,93,1.0,0.6774193548387096,0.3252047201338823,0.7765273346708563,0.15671639520637853,0.03662138920925702,94.0,0.7766273346708563,0.4366716069424809,0.49175364251352266,1.9565713843931019,4.532599493153256,4.543294782270004,1.000088900581841e-12,-0.10160908531561731,3.078794195040028,-0.2904894364361322,0.4451295443717934,0.4708100506377467,0.05085841638350641,0.03058416519595475,-0.15115821182965378,-0.13199542928536184,2
n_sim00072,80,1.0,0.5875,0.12133503586023904,0.401910883142655,0.24534027119688315,0.04593850108067865,81.0,0.6141401135072257,0.5223175589626237,-0.19973751471118262,2.6135057159799353,4.382026634673881,4.394449154672439,1.000088900581841e-12,0.03470397276164,2.7066840943416053,-0.6902278431641747,0.09158365360475673,0.17207929291925275,0.1793526493445046,0.28476132099069595,-0.24233859471662586,-0.25156858135697757,2
n_sim00073,80,1.0,0.7375,0.248933851445222,0.5995265532384073,0.09574771891351493,0.023157050734326036,81.0,0.5939161157796002,0.5804448627456388,1.2405537356820073,4.058908548023477,4.382026634673881,4.394449154672439,1.000088900581841e-12,-0.9238257563969817,2.9626091309806246,2.3577275919011433,0.3072356025530933,0.09462825146733199,0.2888244303661274,0.2906964851496336,-0.02177345729778005,-0.10139021760754356,0
n_sim00074,44,1.0,0.5681818181818182,0.20952926077138442,0.7797878502080503,0.49726723137481693,0.2998367829324616,45.0,0.3101151989536871,0.5099364682292841,0.2853486134546158,1.8194287583596254,3.784189633918261,3.8066624897703196,1.000088900581841e-12,0.8434143828312446,3.2783003330681777,0.6032319486668772,0.00706159487859698,0.1028500537052703,0.08726328721477727,0.09870326488400429,-0.19687891225388274,-0.07769248156960036,2
n_sim00075,20,1.0,0.6,0.20175937181869114,0.3249632740348163,0.15659653106370497,0.062494877930357046,21.0,0.7808304294773898,0.5593173549088083,0.013500222842128224,1.9376876867361272,2.995732273553991,3.044522437723423,1.000088900581841e-12,-0.0887758206261117,2.077144241973416,-2.0012410676791816,0.21906125996301937,0.05486084825801623,0.4164819745880285,0.3095959171845501,-0.14074082217592657,-0.08411049701043083,2
n_sim00076,110,1.0,0.7545454545454545,0.33883969307987616,0.49141116263548745,0.11121809654286124,0.030931341969967215,111.0,0.5412969675162088,0.36081681031909624,1.6448869250093368,3.3797980749840524,4.700480365792417,4.709530201312334,1.000088900581841e-12,-0.8031226779261907,3.420757230645862,1.66720498204745,0.26578866534143375,0.5647757250178793,0.14691095829629722,0.009608354557693795,-0.19823730738610507,-0.01354867949127858,0
n_sim00077,59,1.0,0.7627118644067796,0.4526290813079926,0.1847664299356382,0.039067447442434254,0.012381046326596189,60.0,0.8376247265955462,0.30504062964791584,1.1891967045960092,2.5911813346914445,4.07753744390572,4.0943445622221,1.000088900581841e-12,-1.2474354856591194,2.9284146496540506,-2.2339850586003043,0.6116202753646997,0.3152759832251791,0.06569322538138232,5.234306500179529e-05,-0.094125063312781,-0.025248813128476516,6
n_sim00078,102,1.0,0.5686274509803921,0.20328474962385168,0.849666140261222,0.2619091987359966,0.08569750182806454,103.0,0.3710347164375305,0.4677078595804559,0.004887012279630855,2.1590063280094696,4.624972813284271,4.634728988229636,1.000088900581841e-12,0.1153814573180021,3.5077986139057384,0.1783665894726726,0.12307008373724311,0.07082018765394875,0.08222471862717208,0.14545439763845416,0.24672499260314648,0.06857942866944859,2
n_sim00079,65,1.0,0.676923076923077,0.3965729408382433,0.38976573500290546,0.06765020192434953,0.022701249782559992,66.0,0.6152079748599639,0.3064982573874359,0.2790009383543643,1.9467795623423476,4.174387269895637,4.189654742026425,1.000088900581841e-12,-1.2525577565885964,3.082456908999894,-0.18023345324875323,0.6419070238997301,0.2504529701662606,0.0942543407416186,0.007004919325673097,-0.04997182950164947,0.00727876344875203,0
n_sim00080,73,1.0,0.5342465753424658,0.2539432550682167,0.4676107682412919,0.17998042105682857,0.06834894361242072,74.0,0.5344369381440405,0.3924225572773961,0.3178656667506902,2.664717883307079,4.290459441148391,4.30406509320417,1.000088900581841e-12,-0.32385794732921497,3.3222374751795534,0.9208897394143086,0.16452190245210815,0.12706980257835207,0.1530686599301871,0.5240111026743605,-0.09064218453544948,-0.25101033645850196,0
n_sim00081,101,1.0,0.6336633663366337,0.32917042768407884,0.5832584728298209,0.07142143943784059,0.012941144931748224,102.0,0.5693065036487897,0.3450277192370026,0.23485368915127475,1.880840556259069,4.61512051684126,4.624972813284271,1.000088900581841e-12,-1.233462276090886,2.906934184193868,0.8789034459876777,0.5560617208118901,0.18244712943873123,0.20444165300504138,0.03244902357642443,0.08544090445759894,-0.08792102305222735,0
n_sim00082,90,1.0,0.6222222222222222,0.36878063497988023,0.4231622687665144,0.06673737297496847,0.018219822456424443,91.0,0.2561634513316977,0.2865078515288221,1.5136664940015934,2.388581385737906,4.499809670330265,4.51085950651685,1.000088900581841e-12,-1.0491166510850334,3.201554705916237,2.0755725207748434,0.36908154416319566,0.30340635894175877,0.21542091850562217,0.06577375045650459,-0.011617844199149616,-0.1222572428217738,0
n_sim00083,104,1.0,0.6730769230769231,0.11728850368381552,0.4228640585322393,0.4777569306222611,0.16500327744950946,105.0,0.5000619418933381,0.5970495221858184,0.3082263119890295,2.4690275431631172,4.6443908991413725,4.653960350157523,1.000088900581841e-12,0.6476411872951875,3.581254146151269,-0.2379180168199216,0.09907092797269561,0.1178162451632324,0.17510262181605665,0.04586168771508758,-0.051599494203872664,-0.06699703542361488,2
n_sim00084,59,1.0,0.6610169491525424,0.26720829025808074,0.5252546596637645,0.16506001106247445,0.055695544164010465,60.0,0.8955407375268565,0.5520003917044165,0.44952946979830416,2.9572856864544423,4.07753744390572,4.0943445622221,1.000088900581841e-12,0.5678395157138733,2.9911284790585997,1.1657978235117814,0.012789734517997814,0.24229682427265536,0.17654298536781082,0.18051926237323673,-0.013532195878849095,0.004988253077153288,0
n_sim00085,52,1.0,0.8076923076923077,0.4492755461904497,0.16808451907307484,0.018677057611706058,0.01282336141117596,53.0,0.15768867661414945,0.39440286995301843,-0.02312394756695383,2.5514154084399108,3.9512437185814275,3.970291913552122,1.000088900581841e-12,-1.9617211927106823,3.5752164285984143,0.5441572687027147,0.03453192642176213,0.6926069640098025,0.14444712408708696,0.0,-0.020324719917223046,0.0013235715623431416,0
n_sim00086,98,1.0,0.7959183673469388,0.4530224823047234,0.14852071362952685,0.020502102181210416,0.004693729800737476,99.0,0.14862071362952683,0.3281627535167006,1.2353421612671684,3.066650394854515,4.584967478670572,4.59511985013459,1.000088900581841e-12,-1.8199725332821433,3.110667580874747,0.2775416607158532,0.37056614805792937,0.2340158696502663,0.21810565141113816,0.015263796844107573,-0.014804638689276959,0.021048835076072688,0
n_sim00087,46,1.0,0.717391304347826,0.13236731281645595,0.6264808484074831,0.3001286226064261,0.12886905286145117,47.0,0.41678013406790937,0.6655686340455372,-0.4890758507748639,2.131900221113673,3.828641396489095,3.8501476017100584,1.000088900581841e-12,0.21084333367313876,2.9832270662570237,0.1423716050870344,0.04991397805301451,0.11419946158418061,0.014778327050704634,0.26920524948003294,0.1692293949036242,0.03674612798292737,2
n_sim00088,35,1.0,0.4857142857142857,0.48111980231788454,0.050290223328349426,0.01045824164234284,0.0020605459238259407,36.0,0.05039022332834943,0.031678435540382535,2.767966630119053,2.594916003466042,3.5553480614894135,3.58351893845611,1.000088900581841e-12,-1.5207026929546064,1.9309286764068148,-2.7298593082271134,0.5382081636258641,0.278082894026665,0.07909581796158757,0.0708696469325831,-0.2856390512063492,-0.19577432028187156,6
n_sim00089,81,1.0,0.6666666666666666,0.3479998274504046,0.2897720166646609,0.07583261530482174,0.026727538366387846,82.0,0.801887823998915,0.48325436272570127,-0.3507356385823523,1.980866140759621,4.394449154672439,4.406719247264253,1.000088900581841e-12,-0.739518383327224,3.351615105840865,0.3698633285052336,0.07450343142237612,0.2964990239420185,0.491469315817705,0.1346321087074759,-0.08668621973961081,-0.15417058166980352,2
n_sim00090,103,1.0,0.6310679611650486,0.3618637355540653,0.560219792380523,0.08682352935284048,0.012277409217607026,104.0,0.43968020761947696,0.313724623335665,1.5634211556573154,3.4446798524615927,4.634728988229636,4.6443908991413725,1.000088900581841e-12,-1.0429224009446456,2.6786122513948154,1.91187251080801,0.5611920564408424,0.22749765206065287,0.14112611228012145,0.05216445242555852,-0.036681778458628,-0.09384555771856187,0
n_sim00091,13,1.0,0.6923076923076923,0.15668408861560013,0.533106251810572,0.20212576005896649,0.18749609748104326,14.0,0.6372232013786546,0.6616709055243888,-0.7930282265126594,2.219157303024621,2.5649493574615367,2.6390573296152584,1.000088900581841e-12,-0.1342623969308227,2.489817310930573,2.0758210750301114,0.002602130763654354,0.02020565843170795,0.04957122164216237,0.9276209891575279,-0.10538152869682683,-0.1029680866234028,6
n_sim00092,111,1.0,0.6486486486486487,0.1463107226049178,0.5050595451895826,0.2517365060163961,0.07682137805088403,112.0,0.2498156700883455,0.5690221441203901,-0.4049919669913197,2.08618533653836,4.709530201312334,4.718498871295094,1.000088900581841e-12,0.29509593260314604,3.522630232907835,-0.30626815697747284,0.09130966019346465,0.13005733024993024,0.17263449683159282,0.19163371371524424,-0.10931275411604113,-0.08230713312140078,2
n_sim00093,27,1.0,0.6296296296296297,0.23506887161127493,0.5054309990519525,0.10709725091152854,0.08171167083567003,28.0,0.4944690009480474,0.4438092160739253,-0.6850072170484333,2.07662256735723,3.295836866004329,3.332204510175204,1.000088900581841e-12,-0.8476012338694825,3.02529639861632,1.21636519248572,0.13951516299748837,0.09505190698893791,0.00042825055958820463,0.7650046794446481,-0.026450200356028294,0.0005414250222029867,4
n_sim00094,111,1.0,0.6756756756756757,0.3718931561471,0.3268156144128103,0.06872504912819732,0.02537091321676392,112.0,0.3269156144128103,0.37678736462260715,1.7685360073288632,3.65898451704242,4.709530201312334,4.718498871295094,1.000088900581841e-12,-1.1637037587860726,3.7130198197277906,-0.5800201910953984,0.22009758303766191,0.057200319455179865,0.20117304037306413,0.12054471490810256,-0.07637050110541553,-0.16690359651682993,6
n_sim00095,62,1.0,0.6935483870967742,0.4394935133323585,0.40714827762600386,0.03310125580414155,0.017112819379456797,63.0,0.40724827762600385,0.15640378902697766,0.8223752959864506,2.5505419798856175,4.127134385045092,4.143134726391533,1.000088900581841e-12,-1.986872148495793,3.4673910158237,-0.2860905554912798,0.776927097400115,0.1941014618270817,0.027309025710191268,0.0008312075162009058,0.1020705856278439,-0.18832769042773537,6
n_sim00096,28,1.0,0.7142857142857143,0.39017092323396335,0.16078450890684615,0.03876207016891326,0.01441220786183447,29.0,0.8508328180707383,0.5695177244183905,2.09827355278869,3.2425392194694664,3.332204510175204,3.367295829986474,1.000088900581841e-12,-1.1860858845611322,2.3428379296076747,-4.496546852517627,0.3309213394691995,0.37181212970975647,0.017062710609792166,0.10704437974901528,0.07734301968523177,0.0013241851248496797,6
n_sim00097,94,1.0,0.6702127659574468,0.13361418883703305,0.6228920572170552,0.2162230751157413,0.07748761726474784,95.0,0.7104221180374001,0.5851811846001246,-0.2054261784540837,2.7527206168630785,4.543294782270004,4.553876891600541,1.000088900581841e-12,0.0497822999324523,3.517102298287766,-0.4770408351879576,0.20409006902494803,0.07753108081096607,0.11764380252685318,0.07493707115585886,0.07073141730952139,-0.05054784924768352,2
n_sim00098,47,1.0,0.5106382978723404,0.2387384631815669,0.6015850152496105,0.3431917267051656,0.14695676960024956,48.0,0.5461484853427354,0.44592350761604793,-0.23295551981245521,1.8132379900501103,3.8501476017100584,3.871201010907891,1.000088900581841e-12,0.32538356569807547,3.001996799769008,0.4559933876201447,0.0711627257949453,0.02103266584291862,0.04215118031064909,0.1346972549147689,0.06948782034671137,0.040295950972047655,2
n_sim00099,82,1.0,0.6219512195121951,0.4703250107553991,0.14226053738021183,0.018015161524900455,0.002205429813391302,83.0,0.8576394626197882,0.13477548292641967,1.4711764413422534,2.4878514832496017,4.406719247264253,4.418840607796598,1.000088900581841e-12,-1.9135776505490552,2.3064279494834348,0.37121545351498386,0.3557127190704484,0.2400765530866554,0.03796654108477976,0.11018544409527845,-0.33456335727237707,-0.179332355951138,0
n_sim00100,35,1.0,0.6571428571428571,0.19975541319698623,0.28354939973368454,0.20714459949827851,0.04042393844476894,36.0,0.7737486914238241,0.6065968536814093,-0.06662701395129426,1.6557560218056748,3.5553480614894135,3.58351893845611,1.000088900581841e-12,0.168278877566546,1.921353108898969,-0.7234945673483679,0.15723129597404323,0.18651722447217037,0.3281630113566071,0.08733556031558368,0.10250559443312528,0.10344269906329578,2
n_sim00101,61,1.0,0.5573770491803278,0.3233635886699522,0.27011140532879563,0.05890522311558311,0.011493362959505595,62.0,0.27759818506775547,0.46236065689924,-0.4299652182846561,2.215001830843576,4.110873864173311,4.127134385045092,1.000088900581841e-12,-1.2250711617312557,2.4767138336221866,0.7553429562864775,0.288609473703109,0.10571397477484179,0.07201831839953596,0.2531356119834006,-0.21395597604171895,-0.1750376806706143,2
n_sim00102,107,1.0,0.7009345794392523,0.34020425655144315,0.47701980590978177,0.13029520880612938,0.04617291219987921,108.0,0.5228801940902182,0.41068080686229846,2.0292670456147612,3.6524091742102813,4.672828834461906,4.68213122712422,1.000088900581841e-12,-0.6495619962489388,3.63541943080742,1.9294162635526342,0.38792959984725883,0.16819492695014088,0.35398815785156407,0.07251920016170345,-0.1368799167691316,-0.11451643417202818,0
n_sim00103,74,1.0,0.6081081081081081,0.3538986476559137,0.3202292967707102,0.13965068994379456,0.07421884851014497,75.0,0.05017542127258867,0.462280577030641,-0.11971675635884314,1.9262106810208917,4.30406509320417,4.31748811353631,1.000088900581841e-12,1.0750969075830645,3.6719390007502235,-1.1133898831240883,0.026373812300480005,0.06836278687580563,0.03253432839682022,0.23151499919239996,0.045271807753283565,-0.10657051415936292,2
n_sim00104,71,1.0,0.5633802816901409,0.29682914271483113,0.4086496679694419,0.09119145474959046,0.016255225877266688,72.0,0.6735318710271587,0.3921429341430279,0.29071301163243624,2.505312113052703,4.2626798770413155,4.276666119016055,1.000088900581841e-12,-0.8801511722483532,2.5381331310782085,1.6616092665820705,0.12154272578099327,0.28790886602768484,0.19115992951233096,0.3617187472065489,-0.06058134678123458,-0.13381741100161676,0
n_sim00105,37,1.0,0.5945945945945946,0.19783619286263956,0.8347750429473854,0.4915581290178317,0.2060587824177968,38.0,0.6384198823637,0.5331493786249343,0.6733666364881057,1.873149619699624,3.6109179126442243,3.6375861597263857,1.000088900581841e-12,0.7558556478782925,2.741499191005145,1.0540070465954614,0.01710378170829252,0.06510542310264834,0.18484208040188205,0.2642140730879091,-0.04856105272298722,-0.10785302258384288,2
n_sim00106,74,1.0,0.6351351351351351,0.19638576372856367,0.6294919120001949,0.18440083364623672,0.04677389016218905,75.0,0.61947226989964,0.558914258440274,-0.4204304820816865,2.0894109632977247,4.30406509320417,4.31748811353631,1.000088900581841e-12,-0.24555987974927423,2.9322784055746145,-0.2538956966829777,0.07338713528804197,0.11013350793942082,0.3804083249894882,0.11175098620796427,-0.03761711107081025,-0.05575095539077322,2
n_sim00107,75,1.0,0.5466666666666666,0.358469364702232,0.43571270257764355,0.11878265926385236,0.019144713572377688,76.0,0.29744827950445,0.3017752187812657,1.606579105594906,2.9399785821288504,4.31748811353631,4.330733340286331,1.000088900581841e-12,-0.5649086719779931,2.4922193063302154,1.2607095281179097,0.41099768767408223,0.22151391538764054,0.27636640445782507,0.05584901851703462,-0.14821050332026964,-0.15557934412733546,0
n_sim00108,24,1.0,0.5416666666666666,0.13640631503903553,0.42926440018015904,0.5788254386262155,0.3043622585856193,25.0,0.6341863759457014,0.5035163461542084,0.08130146641921511,1.7496703727407024,3.1780538303479458,3.2188758248682006,1.000088900581841e-12,0.9142893639907048,2.535271517936517,0.3160509541905101,0.001449697815953933,0.1253108307921787,0.019065363035383507,0.1611317829843665,0.02874950996326359,0.054968894638840096,2
n_sim00109,83,1.0,0.6144578313253012,0.349876185225115,0.7753200380003373,0.4000805476165135,0.28411595196882944,84.0,0.7922469304668802,0.47113362557394933,1.62382663833674,3.439004354805375,4.418840607796598,4.430816798843313,1.000088900581841e-12,0.8881978419866702,4.076557148132763,0.29120125201579916,0.025120912956459667,0.11105464812580809,0.030696119600657018,0.028995865054847178,-0.025642912196457333,0.004060704363079642,6
n_sim00110,16,1.0,0.625,0.2002806617135997,0.4380601013570076,0.1817018036130733,0.11838671205890573,17.0,0.46449597023781974,0.5875855138120615,-0.26336889434915955,2.0417101125424466,2.772588722239781,2.833213344056216,1.000088900581841e-12,-0.3140391171643821,2.344178307402817,-1.4941745079189799,0.12832062037775152,0.6515439566596374,0.0,0.21235893561471078,-0.05899445777317767,-0.04142738701451812,2
n_sim00111,40,1.0,0.525,0.14126100412991932,0.4246242426845872,0.18650202253113357,0.048192176843598486,41.0,0.34639860172851916,0.476861494181386,-0.7539945120052548,1.4881982278601553,3.6888794541139363,3.713572066704308,1.000088900581841e-12,-0.19389046030229445,2.335634071958264,0.822046110685301,0.043197959360420216,0.1096077805437337,0.23259452051160698,0.14419600558370438,-0.4058300429882456,-0.23139758034367472,2
n_sim00112,32,1.0,0.75,0.2912144718631746,0.16682096331501428,0.08507048208094943,0.02782923380134934,33.0,0.8735286138874806,0.691613872726219,0.036742311769357563,2.5530034493641343,3.4657359027997265,3.4965075614664802,1.000088900581841e-12,-0.2613215797913453,2.3483428323804185,-1.7994676785523205,0.2661818881230301,0.32896281070066297,0.0,0.4048553011645519,-0.1028316621364347,-0.01751136821347827,2
n_sim00113,93,1.0,0.6129032258064516,0.23697740471442644,0.711392533143493,0.7575256034878518,0.1998703817412369,94.0,0.43573980247957944,0.5056723449059803,1.0021600075987793,2.161527831386585,4.532599493153256,4.543294782270004,1.000088900581841e-12,1.1252518456430354,3.2002112213914873,0.01726647544155191,0.11694616735716004,0.12387321074239235,0.04670408970789273,0.24773418757939233,-0.27148428078496895,-0.09049531006579818,2
n_sim00114,84,1.0,0.6309523809523809,0.3471740881322843,0.4894114315900661,0.18502640287105046,0.04106550878933968,85.0,0.2828951993270511,0.40314894247556204,0.6544931504634636,2.1032418719404626,4.430816798843313,4.442651256490317,1.000088900581841e-12,-0.09204469199069887,2.925486832265774,-0.8350663625816281,0.6033870903100075,0.2588114766029006,0.1105129663869894,0.02120562551493753,-0.13403356412979303,-0.13567201126063547,2
n_sim00115,81,1.0,0.7407407407407407,0.4620700684783557,0.22744935847598402,0.027941266246393075,0.013614267923616566,82.0,0.772450641524016,0.17833579419827972,1.7753867890468609,2.7659015044429807,4.394449154672439,4.406719247264253,1.000088900581841e-12,-1.8390753354414748,3.675462833684089,0.33218807084532664,0.6030817951318742,0.1516731547685546,0.08296744279166603,0.08752147004805633,-0.1546046911369981,-0.1849145540542574,6
n_sim00116,98,1.0,0.5918367346938775,0.29797099721596354,0.5866465907923397,0.22914121138395344,0.05254910789851838,99.0,0.7449998501934048,0.4024934664172447,0.5630665375386612,1.9995062965341557,4.584967478670572,4.59511985013459,1.000088900581841e-12,0.187445586155028,3.1123771420937056,0.8209138288026039,0.06496203157323788,0.23061493342721862,0.5150766982723685,0.1772188456446188,-0.13107804745142038,-0.21390856858548835,0
n_sim00117,69,1.0,0.6086956521739131,0.2616064168748905,0.7298988610287416,0.08421720010499888,0.02182476241140014,70.0,0.5802448138595845,0.4752114685481634,-0.2640424552300017,2.5437689910949093,4.23410650459726,4.248495242049359,1.000088900581841e-12,-1.061967302376744,2.8837525422465062,0.9114047203385192,0.12764480260546493,0.22721704156995837,0.45054919570473123,0.1640165995527645,0.046199301236335415,-0.060748112362910126,0
n_sim00118,78,1.0,0.6794871794871795,0.2736752342831247,0.712883722707947,0.6232004519867709,0.4029745423548089,79.0,0.8666326155448443,0.5819512070474341,0.9698813381184207,3.6321814328408557,4.356708826689592,4.3694478524670215,1.000088900581841e-12,1.6849007447365698,3.920713996358925,1.2343162956346259,0.025244271422918234,0.016768170250970375,0.050467833122140385,0.21805386570478763,0.002757509492227664,-0.009497723826144971,0
n_sim00119,54,1.0,0.7037037037037037,0.35375498565836333,0.36343068953150165,0.12273225120154237,0.03159800042960802,55.0,0.13291821494796155,0.5734388161227769,-0.15638342372538505,2.1079334219282564,3.9889840465642745,4.007333185232471,1.000088900581841e-12,0.06289312484625723,2.632072724045394,-0.18749873179643883,0.014902385005985452,0.20763093534098984,0.451415102315051,0.32108319443480016,0.0771768270180412,0.06515111636243706,2
n_sim00120,38,1.0,0.6052631578947368,0.20548350898743684,0.601049968416608,0.2371510674489176,0.1192317444090181,39.0,0.7054625089695434,0.5397567382424813,0.1217220401122929,1.9975294459471202,3.6375861597263857,3.6635616461296463,1.000088900581841e-12,0.13219270464959154,2.949957837438691,-0.08338549871733777,0.03719404676473732,0.3122469179735165,0.06788025751865519,0.5219420973754445,0.058788178737865085,0.039455546110852426,2
n_sim00121,101,1.0,0.6336633663366337,0.3962221249200205,0.40857366907448484,0.07757312040956912,0.012301024076941555,102.0,0.32514838356639403,0.3306589437162914,0.48020353492864837,1.844519091471803,4.61512051684126,4.624972813284271,1.000088900581841e-12,-1.0397982224571933,2.773582052112184,-0.03717886387908442,0.5169511039669615,0.1832142500460765,0.08292843344928524,0.19946103867663437,-0.15407359108012825,-0.07201456817482005,0
n_sim00122,95,1.0,0.6421052631578947,0.23591328419954805,0.7783478867924114,0.3878254710748691,0.1765239521549011,96.0,0.6395688016186117,0.5463862878213456,1.0551486898394646,3.5789752259017384,4.553876891600541,4.564348191467836,1.000088900581841e-12,0.5202154108017388,3.7667780431794102,-0.6361969487704463,0.052693443499819845,0.5034621697537633,0.11431797266051819,0.040313070295489424,0.008219308475554736,0.0024979178386257163,6
n_sim00123,87,1.0,0.6091954022988506,0.17837427854943694,0.7388570701624557,0.3318078082472523,0.05838420787797932,88.0,0.2662571841681005,0.5190329640000381,0.3271502411229227,2.4708418330812325,4.465908118654584,4.477336814478207,1.000088900581841e-12,0.5296899099378186,2.728397648154218,-0.2945522482312355,0.21134601929055247,0.15715398892373314,0.2736749578959486,0.24223614208365507,-0.13622406260944916,-0.1196864547895812,2
n_sim00124,51,1.0,0.6862745098039216,0.2864244652133762,0.4661477429177422,0.5103074481699029,0.22575046992518114,52.0,0.8162041457298651,0.6078604014933912,0.3187612104229346,2.061192107699107,3.9318256327243257,3.9512437185814275,1.000088900581841e-12,1.2242785063350679,3.1162425229089448,0.2803137329342078,0.05272643791589307,0.1053705116028702,0.0011609828775112528,0.13011729632009014,0.005402555266282249,-0.05470817736552681,2
n_sim00125,47,1.0,0.7021276595744681,0.2136181796929854,0.7393757830306121,0.7719147629053216,0.41830164545799436,48.0,0.5900291589621761,0.6165729459704972,0.6687554700914016,2.922188992764698,3.8501476017100584,3.871201010907891,1.000088900581841e-12,1.1603714167663217,3.2374762805864825,1.9858808476844936,0.0008510839797294642,0.06187113634375354,0.005098407489184413,0.3899123406492582,-0.04894605636625196,-0.03668087392631783,0
n_sim00126,18,1.0,0.7777777777777778,0.19679072935934994,0.41608098239475505,0.1794595581609861,0.14394509695284438,19.0,0.7398634374051296,0.737997405262901,-0.5435057623775692,2.1128355885760506,2.8903717578961645,2.9444389791664403,1.000088900581841e-12,-0.0699672001930697,2.6698538336961284,0.7132858600928744,4.188130234899445e-05,0.19035777384763555,0.0,0.8096003448444431,0.08256103254506755,0.1636820487422413,2
n_sim00127,39,1.0,0.6410256410256411,0.0570243301496953,0.45836513891420727,0.2062315617526926,0.0682944274346373,40.0,0.4054364832216087,0.5962693136423746,-0.25307602619748765,2.1087059375628447,3.6635616461296463,3.6888794541139363,1.000088900581841e-12,-0.15603687157048457,2.5583901960106417,-0.34735290278150144,0.03865882419864339,0.03696810489828187,0.7530381497358397,0.13905852333743932,-0.26982459292528604,-0.3294372448587929,2
n_sim00128,86,1.0,0.627906976744186,0.17897308910281862,0.7831371367120956,0.4429421783252511,0.14531453617918524,87.0,0.4534455542915853,0.5507652116968971,0.1416705485789129,1.766817295177187,4.454347296253507,4.465908118654584,1.000088900581841e-12,0.5806853830437412,3.3398086656071926,0.3320945241396168,0.07063679193940871,0.05483097595587871,0.15076846067684413,0.20314786359228576,-0.04646027811631603,-0.050095871772247724,2
n_sim00129,39,1.0,0.6410256410256411,0.49123006093552546,0.05153005957832746,0.008699821406141985,0.0020567409060021804,40.0,0.9520086846280426,-0.01877993338186444,1.929674535136878,1.9560179778388178,3.6635616461296463,3.6888794541139363,1.000088900581841e-12,-1.6585364455500733,2.2213817902321757,-3.2780612679528986,0.3272514509391773,0.3570976128135517,0.2929473248155997,0.02270361131672632,-0.4891925461857543,-0.4383230149279212,6
n_sim00130,33,1.0,0.5757575757575758,0.23481994811111617,0.5597545206721559,0.1503110546636025,0.05985435245890673,34.0,0.44789145577921624,0.5146277887510643,-0.4478809806205587,1.7138489830392685,3.4965075614664802,3.5263605246161616,1.000088900581841e-12,-0.4978334581843297,2.5757148687019518,-0.7937035564909094,0.26941847047218004,0.15048796887156016,0.13862004821288115,0.4380215521538932,-0.07150115168069639,-0.08990380961664476,2
n_sim00131,93,1.0,0.6559139784946236,0.12915271153897528,0.8227806500632914,0.9231200183397616,0.4083994853214988,94.0,0.6878989047007483,0.5837830493316443,0.4629847800126433,2.392079018483281,4.532599493153256,4.543294782270004,1.000088900581841e-12,1.458545490717301,3.7170860623597215,1.2302842319110616,0.04622732859726083,0.009870052790975243,0.17162140672898116,0.1085603448998901,0.02300478172372224,-0.05051184393969753,2
n_sim00132,22,1.0,0.5909090909090909,0.19091690017465154,0.4098353927967444,0.18165767464130042,0.08914634909259407,23.0,0.5026335820445845,0.5496020088048085,-0.18593676901134903,1.9638033443640635,3.091042453358316,3.1354942159291497,1.000088900581841e-12,-0.31930916707559365,2.3791978369256315,-0.7559901586751383,0.08213569483752588,0.5601312014524945,0.3430671058429769,0.014184833329715141,-0.19243540882972446,-0.2299047937015307,2
n_sim00133,40,1.0,0.75,0.39412231553527544,0.20735844430198552,0.04298235681414731,0.016457115942196683,41.0,0.11130693028167045,0.6458567971209344,-0.304848376724923,2.842186552235887,3.6888794541139363,3.713572066704308,1.000088900581841e-12,-0.833498441672393,2.728847692145407,-2.8249871201233976,0.6781531102776118,0.09154460604257356,0.0,0.041714008917686306,0.12713685014821696,0.1626262393317483,2
n_sim00134,91,1.0,0.7032967032967034,0.23001097355377897,0.8341999444670022,0.2803205043916236,0.0661698174890836,92.0,0.6319210492142758,0.566849839817907,0.23332232162840974,2.702528442793982,4.51085950651685,4.5217885770490405,1.000088900581841e-12,0.18662696651887326,3.067150328926398,0.4540553686280847,0.13601633609278557,0.10650658209405142,0.3315924912275947,0.1844117742481443,-0.11281620309635729,-0.12545298003446376,0
n_sim00135,23,1.0,0.5217391304347826,0.4098963290888694,0.239477137152191,0.05175579340771108,0.029870904100612723,24.0,0.8359851578497864,0.39377284611511104,-0.13620760139098426,1.5879670002576625,3.1354942159291497,3.1780538303479458,1.000088900581841e-12,-0.9742761290228965,2.5858427393489376,-1.3480468761557123,0.7066242310358534,0.21891432355750273,0.008316448663100415,0.06125324756015935,0.030631136513665492,0.04279187498226629,2
n_sim00136,24,1.0,0.5833333333333334,0.2753937104279969,0.28203851751501047,0.0758968781332269,0.03687162531117613,25.0,0.264347530343622,0.5317828665540149,-0.6783257312477448,1.9639195028292478,3.1780538303479458,3.2188758248682006,1.000088900581841e-12,-0.9408916282793828,2.4561205713047083,2.4286263639064076,0.031079857151005134,0.05356775804696099,0.5094537349857392,0.22104989882077364,0.020278176971875245,0.0756553730266974,2
n_sim00137,91,1.0,0.6813186813186813,0.30297350760480524,0.3628299539440282,0.1692028675232307,0.027476294573318526,92.0,0.3409615118324112,0.5527069859428957,1.107450734705544,3.750512463362922,4.51085950651685,4.5217885770490405,1.000088900581841e-12,-0.2836978655310511,2.6930847288578996,2.2257874668000652,0.046683867079830195,0.08896107075864598,0.2881407398957437,0.17960806786825254,0.1766844947975667,0.03951013691322383,0
n_sim00138,95,1.0,0.6842105263157895,0.26706108206534657,0.8143689119870189,0.12719517887138418,0.02982480458968097,96.0,0.24492889814388982,0.5110298788933128,-0.26840190135153164,1.9591567874889917,4.553876891600541,4.564348191467836,1.000088900581841e-12,-0.3743018490085184,3.1034945587198064,-0.34984367845425346,0.15837093243123174,0.2282060792163146,0.2895454440824317,0.32064829295043906,0.06870999624407453,0.050839159040927145,2
n_sim00139,77,1.0,0.6623376623376623,0.2280355697381911,0.5150250452261176,0.19734019381146262,0.03404135155791661,78.0,0.6184519251389672,0.4967939999906936,0.19281030915076558,2.2222260421917914,4.343805421853684,4.356708826689592,1.000088900581841e-12,-0.17877192827849867,2.586452317853456,0.05083494107539799,0.13460833641217307,0.10854484540025341,0.2637174144837385,0.490020620933722,0.18072504957408214,-0.0563733400416161,2
n_sim00140,104,1.0,0.6730769230769231,0.442473939771979,0.27143016767625117,0.03728451369748098,0.00852097433510337,105.0,0.21148424847079686,0.15403852745465604,2.138290435174549,3.623832599540393,4.6443908991413725,4.653960350157523,1.000088900581841e-12,-1.4979695661083556,3.1683435312878157,1.728490766595217,0.47124732479758547,0.19436270509762515,0.12659247408371327,0.13618420326215092,-0.0562213057170487,-0.05456095024738703,0
n_sim00141,78,1.0,0.6666666666666666,0.314065150974749,0.9365268914085954,0.33926353686544797,0.12815944403004934,79.0,0.7867773077487652,0.45750773846112963,1.2208641674400365,2.7549987478685134,4.356708826689592,4.3694478524670215,1.000088900581841e-12,0.7042501112445864,3.3832067714366123,-1.1392499413719535,0.036385871003631894,0.03224460776161031,0.02181466957554019,0.22345236547771197,-0.014683583671949956,0.04393313319254146,2
n_sim00142,59,1.0,0.7627118644067796,0.39514152980666833,0.3194704566651998,0.025582533375627645,0.008653722285040103,60.0,0.3195704566651998,0.48894835606000703,-0.7291276320938028,2.257336109014308,4.07753744390572,4.0943445622221,1.000088900581841e-12,-2.1400369436464013,2.9936171634616,0.4339197377540738,0.4461737366569071,0.14948537767959044,0.21869691959256124,0.18564396603185204,-0.027970923822823214,0.04132985768150549,2
n_sim00143,90,1.0,0.6111111111111112,0.14908219954089644,0.5403129756755354,0.2597889847222845,0.03809924034911405,91.0,0.559352721930158,0.5373480531859959,0.1347114633966694,1.9019186914847341,4.499809670330265,4.51085950651685,1.000088900581841e-12,0.052599989286246006,2.5801343093302838,-1.130500160738971,0.14368607018916432,0.1668901334291141,0.24195156394708375,0.36783828265593177,0.05666300942624138,0.06059631779429314,2
n_sim00144,111,1.0,0.6936936936936937,0.28919195202627945,0.6830836210341074,0.17646145196689755,0.04571084041277729,112.0,0.5232800570222905,0.35700708120169794,1.629389233731595,3.319801244320571,4.709530201312334,4.718498871295094,1.000088900581841e-12,-0.3461882703987448,3.3587632285667586,1.723407069768703,0.10606236481570525,0.3916109777302733,0.4578534821346479,0.023649708780941216,-0.1395220940704691,-0.05700883883781717,0
n_sim00145,30,1.0,0.6333333333333333,0.30294331540795205,0.9062335270142708,0.20189688680470427,0.06535296205930345,31.0,0.1407168040983708,0.5387207337660626,0.6455113972698086,1.7402293782506497,3.4011973816621555,3.4339872044851463,1.000088900581841e-12,0.5126644470236382,2.2732430409429267,-1.284903912545439,0.03971028691639917,0.08337057593076887,0.39242427413101666,0.3236947488060871,0.19332307040745317,0.07687437808265235,2
n_sim00146,107,1.0,0.6822429906542056,0.23514781237671548,0.6123130726694967,0.256504986972851,0.07933716703935677,108.0,0.578714227340206,0.5298141734452412,0.7990309690484073,3.2296072534704474,4.672828834461906,4.68213122712422,1.000088900581841e-12,0.05078319419254437,3.499387435107561,1.4449814577640798,0.1858845464070096,0.11187605462044128,0.13582735809011487,0.4397778883747096,-0.11940905069859925,-0.07257707887420581,0
n_sim00147,119,1.0,0.6134453781512605,0.3620084828332679,0.46063255614829,0.08899475386586142,0.025025167829542224,120.0,0.7197388992757718,0.17328896615828865,2.306720440741169,3.339877195018897,4.77912349311153,4.787491742782046,1.000088900581841e-12,-0.8182774759351221,3.5104281008009455,1.8953935786483154,0.21761675920369125,0.48679892313769707,0.21340173441198235,0.05881121340958336,-0.10378017121955975,-0.18507795816849534,0
n_sim00148,100,1.0,0.7,0.4497888345272261,0.13996618534418548,0.02692455027829404,0.005386359243646041,101.0,0.8761751751700669,0.2626541646130934,2.076711623546244,3.284274654507643,4.605170185988092,4.61512051684126,1.000088900581841e-12,-1.393640107258034,2.996001354003636,2.8739221277638523,0.3995503616658277,0.08653433077726838,0.30146563513905883,0.14011335050743073,-0.08695172027919511,-0.09520427634632071,0
n_sim00149,30,1.0,0.6666666666666666,0.4714004021686694,0.1074225210752447,0.016121340695222048,0.004559474710214681,31.0,0.06590367855429945,0.28648020172219485,0.6585097112810262,1.9871404065570166,3.4011973816621555,3.4339872044851463,1.000088900581841e-12,-1.3398746386688365,2.1382608984841953,-1.6641584811675818,0.778836304297924,0.05429043708549667,0.16633826245410127,0.0005349961004485481,-0.08440931289564273,-0.16990257267305905,6
n_sim00150,100,1.0,0.69,0.2955735889822296,0.5178804278656519,0.2300118343079889,0.03904708228913642,101.0,0.46815312386607033,0.5647574640449742,0.9008865836041534,3.170064864424947,4.605170185988092,4.61512051684126,1.000088900581841e-12,-0.07926501115208394,2.831807580653009,-1.4179430907996227,0.2418303395540629,0.09161174967908232,0.09303115249174544,0.4100908723347604,-0.113784565911758,-0.026062868772574306,6
n_sim00151,99,1.0,0.6363636363636364,0.30158881837932233,0.5751155915929186,0.2068991896433252,0.06670670719837317,100.0,0.4748156902559963,0.451008172978455,1.3005933086904582,3.5555454326657325,4.59511985013459,4.605170185988092,1.000088900581841e-12,-0.18668902831473985,3.4631936871486513,0.8514018895786984,0.4975788540452987,0.2448010136482123,0.20108176700558208,0.048306689435640676,0.0540078772911214,0.02187383057317797,0
n_sim00152,50,1.0,0.62,0.1920767595683227,0.8526636257085016,0.36420330660862077,0.08334727791128925,51.0,0.11117378450174326,0.5549989152718534,0.5722964570282619,2.233764376112058,3.912023005428146,3.9318256327243257,1.000088900581841e-12,1.3044711889133684,2.437326709080144,-0.7421478821704623,0.12032721916096263,0.15923748913915908,0.08649394606073782,0.3807011888708428,-0.13071096824435777,-0.07367887237102826,2
n_sim00153,104,1.0,0.6153846153846154,0.2464986349831094,0.9514461820160489,0.2985996854849174,0.09152052417217205,105.0,0.3185107707640754,0.4975741715598577,0.4511458865658553,3.360164626751333,4.6443908991413725,4.653960350157523,1.000088900581841e-12,0.31892237267470697,3.4618503220192878,0.8515179567866273,0.10050136351472472,0.14281261196933046,0.00854520913861181,0.2842801720368272,-0.04233387915534727,-0.049682636434147484,0
n_sim00154,103,1.0,0.7961165048543689,0.34918798332297246,0.46061797304673824,0.07533417240379969,0.01970162663032593,104.0,0.5392820269532618,0.47844244112077206,0.48634082801101636,2.7094080604423114,4.634728988229636,4.6443908991413725,1.000088900581841e-12,-1.1933356311845376,3.2934963406699964,0.8703980470670203,0.07662214626085798,0.570783184664237,0.32839089823321177,0.018369384331481105,-0.12974026887785106,-0.23093764165585204,0
n_sim00155,17,1.0,0.6470588235294118,0.21813100052700807,0.5746997887284734,0.08631997312837925,0.04041687848522985,18.0,0.5314403661872537,0.5897853313329876,-1.056738813285365,1.4924440154686585,2.833213344056216,2.8903717578961645,1.000088900581841e-12,-1.0594380840317743,2.0743998162439734,-0.7144337849412473,0.33109962409688026,0.20067874629658936,0.0,0.0,-0.07245449453518328,0.012636555798555443,2
n_sim00156,75,1.0,0.7866666666666666,0.4453082906252855,0.2633324377486832,0.021722820169564207,0.00569967659415208,76.0,0.7575791659889184,0.27484743954513235,-0.4191306596801638,2.026614168656852,4.31748811353631,4.330733340286331,1.000088900581841e-12,-2.134684633150797,2.979534216924012,-0.5390134928233472,0.7764949542639628,0.08322069743787511,0.13155944802984446,0.007593269038598108,-0.21056241886875285,-0.19580097179434391,6
n_sim00157,101,1.0,0.6831683168316832,0.2883864147828728,0.44162668187689724,0.15352153861055937,0.03214943348371382,102.0,0.8088547217342772,0.5785436615034588,0.000523797820762495,2.0298172990142067,4.61512051684126,4.624972813284271,1.000088900581841e-12,-0.007056928615756165,3.0516744718425564,-1.1169341271402817,0.13168684869075575,0.4285599368159409,0.13377036613177784,0.26868037094492675,0.03266560408607232,0.05600438877374557,2
n_sim00158,17,1.0,0.47058823529411764,0.2965227226235387,0.7300408077228325,0.257266096932571,0.1966872953365933,18.0,0.12392735746399486,0.41298430980247197,0.26575302178925947,1.8101695230593506,2.833213344056216,2.8903717578961645,1.000088900581841e-12,0.862721645037612,2.5647175324015077,-0.8456777937707234,0.006387655334928977,0.047266384382338864,0.1252179892170254,0.05659934610514637,-0.14113392060302893,-0.11062253413489063,2
n_sim00159,10,1.0,0.8,0.4322153459326724,0.16907298566749418,0.028988659466694853,0.028585674482520692,11.0,0.7961092475524231,0.7134298584700238,-0.7762883357755098,2.012063076425913,2.302585092994046,2.3978952727983707,1.000088900581841e-12,-1.7226607656332305,2.288586092169134,-20.457803124067535,0.9999999999655038,0.0,0.0,0.0,-0.9933302015342642,-0.9307157087728143,1
n_sim00160,39,1.0,0.7692307692307693,0.45573919147131037,0.08540418313208982,0.012573063351504744,0.003955948901568535,40.0,0.08550418313208982,0.4438610492567315,1.4097860287632429,2.641011392460045,3.6635616461296463,3.6888794541139363,1.000088900581841e-12,-1.8276262185176013,2.507225443973379,2.0422429208156445,0.001059363605745934,0.4020121681991409,0.1389367669136592,0.1488995465097585,-0.3011587797522734,-0.17628433107084018,0
n_sim00161,59,1.0,0.6779661016949152,0.4144023721041687,0.2180002687798398,0.03407394260419787,0.02200411812160242,60.0,0.7862546433107932,0.4267384696042149,0.7891651381856635,3.0345631666511084,4.07753744390572,4.0943445622221,1.000088900581841e-12,-1.5957778734466246,3.640234119729901,1.7251887545665494,0.05358654547548042,0.6679206643613106,0.09941022439758247,0.08526459362927796,-0.0983076152812263,-0.16840047320093945,0
n_sim00162,56,1.0,0.6428571428571429,0.3359592649126847,0.6585556672101709,0.07092465899865273,0.026111295419738306,57.0,0.3413443327898291,0.4223325919964275,0.4283239994331962,2.9434104184266463,4.02535169073515,4.04305126783455,1.000088900581841e-12,-1.1537191795424109,3.0261015126264827,0.9520502273161072,0.5805415647139109,0.23832186383160808,0.13161241674298274,0.010091203303849912,-0.11302775015306872,-0.10207204953267468,0
n_sim00163,101,1.0,0.6732673267326733,0.3912278906408435,0.5001111645076594,0.11233245683457041,0.028617742571340747,102.0,0.4568739448230786,0.3130965344237798,2.2003671138904726,2.7889342256597702,4.61512051684126,4.624972813284271,1.000088900581841e-12,-0.7925308417735143,3.247684572086302,-0.41810455661430823,0.516509582136105,0.17217628486831985,0.10554196042580857,0.19438919534743124,-0.10517111052951683,-0.06642902056962183,6
n_sim00164,32,1.0,0.6875,0.36425020291657945,0.34546652672353806,0.07626304413950806,0.029979726365241266,33.0,0.654433473276462,0.431571503449757,-0.03128234802650564,1.8917248393446982,3.4657359027997265,3.4965075614664802,1.000088900581841e-12,-1.0870113612394825,2.5320687962641535,-0.6951953679491392,0.10699501393032983,0.44676946565459,0.41326543059845483,0.03297008980351266,-0.008056113971637564,-0.07790579397715285,2
n_sim00165,70,1.0,0.5571428571428572,0.20742196754246456,0.49544586859544015,0.9406708143282081,0.2225188718556591,71.0,0.26757713061991134,0.48423944131324076,0.8021160220303896,2.579137955088152,4.248495242049359,4.2626798770413155,1.000088900581841e-12,1.5685826308789217,2.806913904304076,1.1844856326985196,0.02617789632033482,0.019535631889473618,0.0539497016721246,0.3593886706430658,-0.2205268893193433,-0.07949033235450499,0
n_sim00166,17,1.0,0.6470588235294118,0.3157970531718776,0.39035875913070117,0.054480676448835745,0.03189515164860631,18.0,0.3249579066656547,0.5757516917011284,-0.9056319311383295,1.5501399092599752,2.833213344056216,2.8903717578961645,1.000088900581841e-12,-1.3928693481914036,2.2978212778522753,-0.49829342814668787,0.7082533101453581,0.09213850412083988,0.0,0.19473291636151063,-0.18445229282418366,-0.22182092108606885,2
n_sim00167,105,1.0,0.6095238095238096,0.3854118367190333,0.30026375212534595,0.08950206584342953,0.013404861243847948,106.0,0.8430615200092866,0.3327160328644687,2.241217258825532,3.8954223272364943,4.653960350157523,4.663439094112067,1.000088900581841e-12,-0.39087682812515284,2.7553160625550217,2.644197384831132,0.2263758783275851,0.3669306399471472,0.2201106238289875,0.1625520308160222,-0.1677684562628616,-0.16077248005403666,0
n_sim00168,77,1.0,0.6363636363636364,0.19372219837888513,0.7326450297656633,0.22747243157345057,0.0503515018288266,78.0,0.7318028801902601,0.5596321447327305,0.007250128849559524,1.8933313247772623,4.343805421853684,4.356708826689592,1.000088900581841e-12,0.14755090996830675,2.8358048168856236,-0.749858308176488,0.15797838691258456,0.1084393198986814,0.3809421132353399,0.2938234105210595,-0.019853567911817107,-0.0028679694755280004,2
n_sim00169,87,1.0,0.6666666666666666,0.312671511219392,0.5609946710127476,0.2175997925983991,0.05304408416617776,88.0,0.497085146299222,0.5326456755003103,0.23062560065427723,2.112304398770841,4.465908118654584,4.477336814478207,1.000088900581841e-12,-0.1387693699467671,3.0543739009625464,-0.48115241045951723,0.1740021014674702,0.21923480743824064,0.08859933275927438,0.026231376993104613,0.07644389303827324,-0.1897252424486717,2
n_sim00170,50,1.0,0.58,0.10323888008103371,0.6005496111419666,0.2560093393588248,0.08925612513674536,51.0,0.5058715503074265,0.528031300637705,-0.3661154530396981,1.7734686101731427,3.912023005428146,3.9318256327243257,1.000088900581841e-12,0.02389091774337029,2.8583191268475487,-0.06293019556269036,0.07455524635559249,0.12187083033239557,0.1498453190769394,0.4239148794004161,-0.14400113006783027,-0.11316493831564765,2
n_sim00171,95,1.0,0.6,0.15519642395023356,0.703809200531835,0.14148752693717553,0.03555345253158768,96.0,0.6402909988771966,0.5211888665409518,-0.4448978596014515,2.7161603966315897,4.553876891600541,4.564348191467836,1.000088900581841e-12,-0.4872512897928555,3.1727025957723307,0.5144770838479005,0.10646401150780835,0.19675216633614864,0.13521692086167722,0.29984519782523444,-0.10877080782091098,-0.17502373297381554,2
n_sim00172,60,1.0,0.6,0.2271139227644224,0.4429284955241998,0.15168957141530068,0.03747013587275131,61.0,0.3194292638528114,0.5306012206632712,-0.14438706875385596,2.238928493589385,4.0943445622221,4.110873864173311,1.000088900581841e-12,-0.35987619873214044,2.6960526616254894,0.992800597489875,0.14065418194037713,0.07602799975097307,0.43267285095656616,0.21251120560774373,-0.02549325382144232,-0.0037200068977222773,2
n_sim00173,103,1.0,0.6601941747572816,0.419974775867885,0.2617893759947204,0.04988671795176457,0.014025574178212569,104.0,0.15639197781943803,0.2776802777077606,1.1066185214289883,3.2988712505810027,4.634728988229636,4.6443908991413725,1.000088900581841e-12,-0.972543419090293,3.3658565824142737,1.4975311275415062,0.4699755919657688,0.3611290084589698,0.07187830481509583,0.047341777269934444,-0.21316110811183736,-0.11017358883621418,0
n_sim00174,67,1.0,0.6567164179104478,0.2736028558285127,0.6085842072816341,0.1854153725696244,0.08118303450231067,68.0,0.5565742210863559,0.5005405908159645,0.33753981907063785,2.4498851697570534,4.204692619390966,4.219507705176107,1.000088900581841e-12,-0.2859771233500966,3.3788003442908567,0.4065899633246537,0.06349001823761305,0.1540733398858408,0.4582390014923225,0.3189272857670478,-0.16764645312580295,-0.1493266009815094,0
n_sim00175,71,1.0,0.5915492957746479,0.19436088627857231,0.41941924140965126,0.21850202129865132,0.06910761877185101,72.0,0.6479810028035264,0.5230793918711591,-0.5535002617102124,1.8972859856257884,4.2626798770413155,4.276666119016055,1.000088900581841e-12,-0.04299597844134912,3.111549593329312,0.19110278375882916,0.06317025894886105,0.031085660318648567,0.2724263323583216,0.04171409603654641,-0.1766248245508878,-0.15569293391155486,2
n_sim00176,34,1.0,0.5294117647058824,0.1034831036069639,0.5149999793173665,0.109480604782755,0.028688931769797584,35.0,0.692436824811496,0.48591369665269063,-0.9778840799217228,1.8538111350125988,3.5263605246161616,3.5553480614894135,1.000088900581841e-12,-0.6653948328205709,2.1871245118062683,-0.35897853108485345,0.2677484852909798,0.03709934753275252,0.06164640029176983,0.3229093160446637,-0.12602234819790017,0.03757808954222041,2
n_sim00177,18,1.0,0.6111111111111112,0.16186759168120632,0.5134256210837865,0.0703806544732617,0.03012047495984021,19.0,0.6018347438157379,0.5748509981793668,-1.2593473544547196,1.7766315114048998,2.8903717578961645,2.9444389791664403,1.000088900581841e-12,-1.2251763213594384,2.0416584984127777,-0.33278001785829514,0.10441174895158961,0.42796525813574676,0.38119612835006833,0.0037232317895948396,-0.21877759716200798,-0.21354982943515285,2
n_sim00178,48,1.0,0.6666666666666666,0.2623600003795839,0.4178024010044972,0.10010593422423408,0.03896013354106552,49.0,0.2643533644809527,0.5949952848256679,-0.6130566481143073,2.5627302882967986,3.871201010907891,3.8918202981106265,1.000088900581841e-12,-0.6640523521156803,2.927510949344554,-0.29052731212363875,0.2807719201675897,0.1708733769217122,0.394792152054907,0.07371668934084213,-0.14462641745768146,-0.14774575068647633,2
n_sim00179,103,1.0,0.5825242718446602,0.13768553831373825,0.6541969391104211,0.29847733158226536,0.0554318352725218,104.0,0.2894712681058963,0.5061976474455773,-0.02863401855935132,2.042774960990994,4.634728988229636,4.6443908991413725,1.000088900581841e-12,0.3723838366577983,2.9511890716685323,-1.1570299759902292,0.148377200057224,0.204015827778813,0.0881196008212481,0.14342081711067087,0.007762378193472935,-0.011722489480946814,2
n_sim00180,117,1.0,0.7264957264957265,0.44926183487060634,0.1311239939562427,0.02900640050577798,0.006379843910563497,118.0,0.05292603024349397,0.25171271433943787,0.7043661623119943,2.5033507637471475,4.762173934797756,4.770684624465665,1.000088900581841e-12,-0.5470006909066776,3.247801049819365,0.267394607764634,0.1684397172669384,0.49645584071274346,0.256441411229308,0.019885671279465986,-0.11876353232737741,-0.051730455448525614,0
n_sim00181,73,1.0,0.684931506849315,0.22771820630586437,0.5316447651943003,0.1320842842987055,0.030815481549117375,74.0,0.22094334052158374,0.5291663734158037,-0.5055598600400237,2.4193277771357056,4.290459441148391,4.30406509320417,1.000088900581841e-12,-0.26479455252872297,2.835036415785975,0.05391979145306802,0.02343180104702202,0.30061879048142653,0.15276789131973528,0.4896150009308036,0.010469729061993739,0.024195688610288216,2
n_sim00182,118,1.0,0.6864406779661016,0.37949963419627664,0.2722515950525815,0.08497657847379797,0.0352423085011311,119.0,0.2723515950525815,0.40220615181211566,0.5246468707727213,2.5838194773616148,4.770684624465665,4.77912349311153,1.000088900581841e-12,-0.8467808815951565,3.8905562588523774,0.27119635132395065,0.4162868897441438,0.2329006002683559,0.25189962973257085,0.08204253698757802,-0.09957247709337283,0.007063712037020842,0
n_sim00183,10,1.0,0.7,0.15252338759974196,0.18725437770453257,0.023658904155634423,0.019426159691167223,11.0,0.5630170257804249,0.6730858032335746,-2.3464183115193813,1.7303970900344001,2.302585092994046,2.3978952727983707,1.000088900581841e-12,-2.3417092824281096,2.1054661469078177,1.2068860440542026,0.1689518819560069,0.009955156021923105,0.8210929619798026,0.0,-0.13700386550522065,-0.13653943699722393,6
n_sim00184,34,1.0,0.5882352941176471,0.4196182109941301,0.22651885086905985,0.03529032903729485,0.02325718712693914,35.0,0.22661885086905983,0.25057958249875945,1.3382260747207244,2.2190015227906383,3.5263605246161616,3.5553480614894135,1.000088900581841e-12,-1.6026772995942222,3.1093657702446618,1.352514424961288,0.034396049338242904,0.6900143749464075,0.09826432957117764,0.04625709874274067,-0.15126066759002924,-0.19518538854349576,0
n_sim00185,23,1.0,0.5217391304347826,0.41209900730152066,0.24586006283880657,0.09948732367684426,0.060447170499101914,24.0,0.8749947742696036,0.37148087480309067,0.6547579379301999,1.520880010424652,3.1354942159291497,3.1780538303479458,1.000088900581841e-12,-0.09478794154932951,2.637233748570487,0.5409573695665955,0.1277790376005604,0.015130820073046839,0.0,0.8549408395125421,-0.07985004324887528,-0.28388493145812205,6
n_sim00186,110,1.0,0.5727272727272728,0.29043110648558956,0.565356243551059,0.22778950452205501,0.040370215265726705,111.0,0.5244117402705041,0.43954431986390924,0.8676458633190381,2.755755203779941,4.700480365792417,4.709530201312334,1.000088900581841e-12,-0.09065236325840904,2.9701506557655573,1.2782446109059504,0.13765004572859252,0.12146391248239864,0.2046494656058011,0.47346307798041215,-0.06639063637298011,-0.10582308770727666,0
n_sim00187,18,1.0,0.6111111111111112,0.4531866654935899,0.0830815949868803,0.004621368477159054,0.0026628281607644732,19.0,0.0831815949868803,0.4342260419358753,1.090870554839304,2.7899322108773417,2.8903717578961645,2.9444389791664403,1.000088900581841e-12,-2.803489382695121,2.3390696622763265,4.048931458444241,0.10878459414218512,0.010064435216099185,0.23447326236296864,0.6466777080623609,-0.019934302066014466,-0.024307259188168447,6
n_sim00188,39,1.0,0.717948717948718,0.3787043306981592,0.26795210736749553,0.04848976047753453,0.01517691390509645,40.0,0.17025854187957049,0.572524439463362,-0.4482184383707549,1.6754004103357176,3.6635616461296463,3.6888794541139363,1.000088900581841e-12,-1.069324341888687,2.5019844451518995,-0.4702906069589133,0.1579298270746372,0.5983705555413971,0.2369921446499189,0.0007505579496313284,-0.38897220544813693,-0.4380301519937721,2
n_sim00189,74,1.0,0.6756756756756757,0.2676754459659715,0.691872783073446,0.12892877790901186,0.058741973511130745,75.0,0.6012697374672071,0.4905610822355319,1.914037532916319,3.3827857213178114,4.30406509320417,4.31748811353631,1.000088900581841e-12,-0.6203133811465544,3.5179594725900727,3.529620034580441,0.08791081112043377,0.20676998829205875,0.5144683844570501,0.1795322696687194,0.013440909511857951,-0.031525380526205404,6
n_sim00190,96,1.0,0.5833333333333334,0.37827522874746516,0.3115114540121615,0.07533393006482321,0.0111187027658443,97.0,0.6972289241815662,0.33840631342833283,2.112116898937099,3.7244224985323586,4.564348191467836,4.574710978503383,1.000088900581841e-12,-1.0304048828161383,2.651046182765755,2.8919745188043264,0.11047250987119484,0.4488909677720892,0.21584601577779916,0.14499848086829664,-0.17794376029686623,-0.1123675523874078,0
n_sim00191,98,1.0,0.6224489795918368,0.3511359224840518,0.9998,0.29841794037180125,0.0737718748624987,99.0,0.6956490785723783,0.35945234068120635,3.5452759234427753,3.3263801084066067,4.584967478670572,4.59511985013459,1.000088900581841e-12,0.34322354920024833,3.1874500494894065,-0.530634681994036,0.08258662501227562,0.01592535003448064,0.07411681235456324,0.2754575680443005,0.23510081788879783,-0.11882129374924741,6
n_sim00192,87,1.0,0.5862068965517241,0.3471423352300687,0.529417232824202,0.08020822967362648,0.02449513377425194,88.0,0.47048276717579796,0.30328790743292067,1.5301218073009122,3.315840402272734,4.465908118654584,4.477336814478207,1.000088900581841e-12,-1.1333436387305933,3.279756469982111,1.6200039363309264,0.2810800474781404,0.43378672475595514,0.1809126250579226,0.07994036634782213,-0.15862936356442042,-0.21485940129886227,0
n_sim00193,58,1.0,0.7068965517241379,0.43916932520907637,0.23296334541587418,0.04914224966121093,0.02675163411260455,59.0,0.23306334541587417,0.3384958785951504,0.37046933589526937,2.0555255883506725,4.060443010546419,4.07753744390572,1.000088900581841e-12,-1.2912400690695143,3.4523194225048646,-0.8233173804752386,0.7027274503092376,0.2666102223392642,0.003736121896617129,0.005390498976758779,0.041173890127293535,-0.02114725646972452,0
n_sim00194,102,1.0,0.6470588235294118,0.1412353496697615,0.8526294870510587,0.4343364566678249,0.1273887278081996,103.0,0.48224789938832974,0.5672543143752579,0.04308082077033538,2.211654604732655,4.624972813284271,4.634728988229636,1.000088900581841e-12,0.5536199051308806,3.398396594007308,1.2379923148593293,0.03041963821592007,0.07353681753714748,0.10976045306586703,0.45142073596832927,-0.008440830021756678,-0.017817363345972646,2
n_sim00195,29,1.0,0.5172413793103449,0.20315786900170443,0.7483626271279913,0.24547400196812402,0.11341350144961994,30.0,0.5062278397999863,0.45004433470166794,0.035457411748581476,1.9205415054504016,3.367295829986474,3.4011973816621555,1.000088900581841e-12,-0.0181147185417004,2.5951452311558616,0.3225571425771855,0.27886820264517675,0.011570818839054791,0.46782644213758134,0.0851763457067762,-0.18976901254832984,-0.25001381416061613,2
n_sim00196,11,1.0,0.5454545454545454,0.20556692392420145,0.5940259424468949,0.14629167588230912,0.07033498518492079,12.0,0.35167819747111717,0.5103898186961174,-0.3671883163478666,1.5364524038881469,2.3978952727983707,2.4849066497880004,1.000088900581841e-12,-0.44374603984562205,1.6655621944956105,-0.5090592667514343,0.08235628952680675,0.4807859692647456,0.04040445475296607,0.39645328644864597,-0.5432823383237909,-0.5878285410169135,1
n_sim00197,21,1.0,0.47619047619047616,0.35639874349672673,0.5192254752687768,0.08354662988377329,0.036882064775711036,22.0,0.48049776537130834,0.3698427107090608,0.643641432538499,2.1034987198883153,3.044522437723423,3.091042453358316,1.000088900581841e-12,-1.0945334930982618,2.226842903238524,1.1365117795987665,0.7117975312501618,0.19044136954949742,0.020684859420562966,0.06027999506201118,-0.17373298422614306,-0.171356712237733,0
n_sim00198,50,1.0,0.68,0.32688292285719484,0.23965266650329387,0.08364425564007838,0.024437454249924804,51.0,0.7815079425944338,0.6008009763136114,-0.28492558970773046,2.469701488047753,3.912023005428146,3.9318256327243257,1.000088900581841e-12,-0.7136469437116338,2.681567216782305,-0.7713453202225886,0.07203358067265578,0.5405143886512819,0.2339974098296222,0.11387899284564008,-0.1385655128907799,-0.13164644038563178,2
n_sim00199,22,1.0,0.6363636363636364,0.34367801997461384,0.2742747248834515,0.11113727965328205,0.07522662470989301,23.0,0.23500431098734642,0.41303784228453233,-0.07381192236758158,1.9925476338028834,3.091042453358316,3.1354942159291497,1.000088900581841e-12,-0.48095258735470303,2.700781482665381,-0.1715708352282642,0.12328503279869919,0.19735653881350973,0.6768802056690847,0.0,-0.025946375045407935,0.010803515414449214,2
n_sim00200,56,1.0,0.5892857142857143,0.23377594675324645,0.5784538688055646,0.13527083887171257,0.023452514400579362,57.0,0.2549743655939367,0.4970295269632277,-0.3664322001177124,1.6577622658793871,4.02535169073515,4.04305126783455,1.000088900581841e-12,-0.3395473778812258,2.273050420869836,-0.7851092088686482,0.16885693257094364,0.22785228896961165,0.20866762931802932,0.34471473661055696,0.06629846092611959,0.08314078762436167,2
n_sim00201,81,1.0,0.7407407407407407,0.41454227463886034,0.24514160393746923,0.0509506761584296,0.015085640582718357,82.0,0.18124557267511113,0.3463216977338063,0.1821746627406817,2.1353081441739397,4.394449154672439,4.406719247264253,1.000088900581841e-12,-1.0690237515759997,3.1773344591387054,-0.1597314638036716,0.43657143822415684,0.37393728078073024,0.1777133586674514,0.00234590853728183,0.01442928764404219,0.0075375511971206635,0
n_sim00202,116,1.0,0.6637931034482759,0.28229574554428644,0.8039340518390972,0.16310101081061695,0.0424346291295048,117.0,0.20982097757257767,0.42566131772729005,0.8305173505690462,2.7385267754201426,4.7535901911063645,4.762173934797756,1.000088900581841e-12,-0.016389223769897102,3.407185236973171,0.7334259224379536,0.31204107927365293,0.3578367862022723,0.22081434070135975,0.09598633144879175,-0.08706263282525428,-0.15624765268724727,0
n_sim00203,10,1.0,0.6,0.2769474574577194,0.3200791368621763,0.0667171251486152,0.035760199043851915,11.0,0.3190621858140707,0.5585083383496807,-0.30154119553823044,1.2879775927339403,2.302585092994046,2.3978952727983707,1.000088900581841e-12,-1.1806400623688453,1.678958940443155,0.40762969040417185,0.04467602761686047,0.5359973014973077,0.2546329592173713,0.16469371165347188,-0.06339502386121451,-0.0023717517122911168,2
n_sim00204,37,1.0,0.7297297297297297,0.27245359721201656,0.8077642356408462,0.13680007688684076,0.06500925502593374,38.0,0.8078642356408462,0.5227075041695906,0.08404922654414683,2.1416065481515396,3.6109179126442243,3.6375861597263857,1.000088900581841e-12,-0.12632040118005694,2.8669269899367555,0.7788386223433033,0.06609487005640541,0.23306626381066414,0.21550603956287387,0.4755149981008362,-0.14788830006570708,-0.13696518493419627,2
n_sim00205,55,1.0,0.6181818181818182,0.2579375239021768,0.8338933569390227,0.14186226684069442,0.04435316723709301,56.0,0.28142849305879614,0.46322834016569453,-0.2197849813366083,1.755587466361629,4.007333185232471,4.02535169073515,1.000088900581841e-12,-0.3545317032554373,2.844660670596111,-0.2360877563476554,0.04267680225464033,0.3720580510092743,0.4276770106398164,0.1514576927457318,-0.026077396738739222,0.0010760366760988406,2
n_sim00206,71,1.0,0.6619718309859155,0.3876360099107884,0.25769524423328216,0.10341810267307634,0.05703123516058201,72.0,0.7786270700540366,0.44822459117128055,1.2147849649517302,3.237585608454699,4.2626798770413155,4.276666119016055,1.000088900581841e-12,-0.5108456473943422,3.6674989584328035,2.022409757753799,0.03162929873015979,0.10997906039956404,0.06894512521750225,0.18196355323204488,-0.11944377935147932,-0.053960423782736654,0
n_sim00207,13,1.0,0.7692307692307693,0.24556506736490794,0.6071831473911629,0.20235794423076053,0.15711397357012305,14.0,0.34922672348140354,0.7266133257118004,-0.15865676143352803,2.0208135358913144,2.5649493574615367,2.6390573296152584,1.000088900581841e-12,-0.11608925136936481,2.3118827152851327,-0.4935192149154348,0.0,0.0,0.9960251689145112,0.0039748310805470055,0.2846886160978652,0.22999164546757245,2
n_sim00208,80,1.0,0.65,0.24145759877984746,0.8678413585364187,0.29077308582089134,0.10440646031961635,81.0,0.8075652797119846,0.563408692582622,0.04430737065750449,2.448564118335053,4.382026634673881,4.394449154672439,1.000088900581841e-12,0.6265175937513645,3.357774999220063,0.7251487187549083,0.055185861543657594,0.055108067609274475,0.07839588015414362,0.2545812119673325,0.007013090862147388,-0.01849587079670479,2
n_sim00209,21,1.0,0.7619047619047619,0.2862298312578644,0.5286676892608292,0.09194243106099305,0.0622472203110178,22.0,0.5287676892608292,0.6519318235247086,-0.6674725777634408,2.121998204952584,3.044522437723423,3.091042453358316,1.000088900581841e-12,-0.9969824749942097,2.6544736863714493,-1.6347851490167717,0.26767693539017956,0.033197257668934825,0.6866385054858358,0.0,-0.1767259125172466,-0.23904164056515884,2
n_sim00210,84,1.0,0.7142857142857143,0.35450849749463403,0.3043626542988205,0.19897786148447988,0.038103966794076925,85.0,0.7795428883551064,0.569694643249379,1.0401200892238358,3.794902519247921,4.430816798843313,4.442651256490317,1.000088900581841e-12,0.14653797041462507,2.7779416207763594,-1.954717018271921,0.22722921786201797,0.10443050369425691,0.0484076535997023,0.24004019971890572,-0.003903272246880851,0.003446546225906941,6
n_sim00211,40,1.0,0.65,0.29113703323982204,0.6435857162843067,0.6387657237407474,0.27626489448466907,41.0,0.551042329265068,0.5643944226205517,1.3040717224684981,2.676445097923541,3.6888794541139363,3.713572066704308,1.000088900581841e-12,0.9485527990279443,2.8507018644812248,-2.144394052633695,0.023599729066350765,0.4411904673681933,0.02397735880040945,0.018158706439798007,0.01762188337329842,0.01792614848038307,2
n_sim00212,66,1.0,0.5757575757575758,0.19774155215855296,0.7998366351322593,0.3022940673132115,0.0863726870963143,67.0,0.6397825560671777,0.5104587861958583,-0.053021157405371576,2.7761526410693844,4.189654742026425,4.204692619390966,1.000088900581841e-12,0.27131933289892607,2.9369259696524983,1.901984577053079,0.032689444555176694,0.017063762777603665,0.09013212581523483,0.31085408180123114,0.0993255087810313,0.03040717621389525,2
n_sim00213,93,1.0,0.6344086021505376,0.28673214467799873,0.8170462545153858,0.11062039593789072,0.04735230826553256,94.0,0.18285374548461425,0.4723514874330663,-0.3349582006204017,2.885376003895026,4.532599493153256,4.543294782270004,1.000088900581841e-12,-0.30064495843238365,3.6841105759641555,-1.0262027847467532,0.1435436883707759,0.5032818376250539,0.26650623209272767,0.07510904871001274,0.1288716996699711,0.09595891920156158,2
n_sim00214,119,1.0,0.6134453781512605,0.23773239786427314,0.5762013309828262,0.12208974390423613,0.018089130326717114,120.0,0.5506949524899287,0.4708756679061611,0.7570673216818515,3.5486699648401943,4.77912349311153,4.787491742782046,1.000088900581841e-12,-0.7063714217115067,2.8696783355549838,1.390724631857526,0.36073668557286853,0.15266155854366856,0.13986022671922807,0.274728897319609,-0.1658092311097017,-0.11636401099408585,0
n_sim00215,108,1.0,0.6203703703703703,0.1799126848293539,0.6652506131712762,0.5850471882503004,0.14168337999465763,109.0,0.3194494273260873,0.5383134909205108,0.6499211954421776,2.6913601662695434,4.68213122712422,4.6913478822291435,1.000088900581841e-12,0.989946676009471,3.2640335690227453,-0.5085107814564553,0.08107883518329345,0.0663608769581935,0.2715295148208997,0.44282040356225666,-0.11956385818034544,-0.07572182528350274,2
n_sim00216,93,1.0,0.6451612903225806,0.1969236955891364,0.7315335164939334,0.2495762009725485,0.03631461683563271,94.0,0.3890922041708009,0.5200081614630163,0.05020251118355491,2.1541316448573293,4.532599493153256,4.543294782270004,1.000088900581841e-12,0.048757177221136205,2.605055537396764,-0.21754377144104767,0.14169359340024135,0.15778378704480858,0.17515822798688035,0.37079752929713133,0.07624147730812386,0.07477034686287419,2
n_sim00217,97,1.0,0.6597938144329897,0.4403515829286111,0.17571504778800096,0.037360101864245855,0.006543611557095127,98.0,0.1628745846237169,0.21318874455352677,1.5783102011869843,2.6509774849453387,4.574710978503383,4.584967478670572,1.000088900581841e-12,-1.29459576467168,2.8325968750479276,1.0142714264370438,0.3405919247020427,0.46655710078211504,0.11174601912612055,0.02987028414231732,-0.14816871410697346,-0.0927619298531929,0
n_sim00218,30,1.0,0.6,0.2634746355901666,0.4077465205659069,0.24381996706395215,0.16625722503360352,31.0,0.2694820544810992,0.5078280583854548,-0.30455002020698657,2.334815557107132,3.4011973816621555,3.4339872044851463,1.000088900581841e-12,0.21392979513349122,3.0183034059319898,1.850510687304879,0.001469338322782543,0.033012450758711336,0.20134076776867585,0.08229225123561096,-0.013868205999271159,-0.043851237827634316,2
n_sim00219,111,1.0,0.6126126126126126,0.15159041511067672,0.7394113425124207,0.3276439113295061,0.12147928894823709,112.0,0.46568239191931543,0.5158656377876735,-0.025895269544384786,1.6241050455761972,4.709530201312334,4.718498871295094,1.000088900581841e-12,0.2751883882531625,3.7173466054370365,-0.7763500411983257,0.09992933254930428,0.20818728943948686,0.16413734033175315,0.1413130731008534,-0.050859616883365745,-0.13232983651570948,2
n_sim00220,74,1.0,0.5405405405405406,0.40071955297282086,0.2059905997039986,0.05789082306570509,0.011605527608281572,75.0,0.2060905997039986,0.35672940588709157,1.0322816527366625,2.7938583091531375,4.30406509320417,4.31748811353631,1.000088900581841e-12,-1.0389710710724218,2.696987718838504,0.7238396696546882,0.2723677232191766,0.36911444063665744,0.22048485003413804,0.03190166251573088,-0.14784422542099987,-0.16777000590888205,0
n_sim00221,119,1.0,0.6218487394957983,0.3364642852408746,0.5319181072867777,0.1517938868522511,0.06638645502562464,120.0,0.48931230478692517,0.3380617361542704,1.0953775696391226,2.9512624488554864,4.77912349311153,4.787491742782046,1.000088900581841e-12,-0.4984803130447472,3.952092944353084,0.828458351921099,0.5105404849604637,0.22937889899008942,0.19574961085186454,0.04626216038759206,-0.044078041954155295,-0.0427022748504488,0
n_sim00222,43,1.0,0.6976744186046512,0.2131182185886903,0.6909214030045984,0.2655966028277504,0.11471095687734069,44.0,0.46537319904927693,0.5282427803882878,0.4788470832819885,2.27326612620968,3.7612001156935624,3.784189633918261,1.000088900581841e-12,0.06532530848460953,2.9216370345445943,1.4706562780536372,0.10656120880998556,0.15270297940466318,0.4569792981222427,0.27626086243871645,-0.003696352248290149,-0.017920371155009523,2
n_sim00223,76,1.0,0.7631578947368421,0.4807099850001639,0.09509070241510842,0.02787531292605495,0.006971262098751573,77.0,0.941873242687612,0.1076017630378655,1.6218429723490957,3.017068207842991,4.330733340286331,4.343805421853684,1.000088900581841e-12,-0.6750000656374288,2.9447881661805,1.0343524607696548,0.16748721309857284,0.37732311628546794,0.1554719623574539,0.22071998261710143,-0.057763074072561836,-0.0887186790126423,0
n_sim00224,44,1.0,0.6818181818181818,0.354107765300103,0.5143017669381631,0.08791997720035175,0.03638285408416932,45.0,0.41522975771060194,0.4318289597452876,-0.13502947522534775,1.86403017892451,3.784189633918261,3.8066624897703196,1.000088900581841e-12,-1.0158686921708213,2.901860204696648,-0.6801960704128774,0.5621653389727687,0.18533014449359902,0.1194414292803607,0.1305831435607619,-0.04178355487148127,-0.03875539620947662,2
n_sim00225,80,1.0,0.575,0.19858008924983805,0.6138084831692096,0.3967320231531517,0.13296371992726397,81.0,0.610606289927444,0.48092280340094645,0.20848533460890664,2.3935228238523556,4.382026634673881,4.394449154672439,1.000088900581841e-12,0.511973005687603,3.2888418948708504,0.10417171550402318,0.08818322929770714,0.14752644056289438,0.08752473094071951,0.3548522440338325,-0.10702111082575524,-0.04253461893695474,2
n_sim00226,83,1.0,0.6265060240963856,0.3812025094809414,0.7372724745814144,0.18572391129493748,0.05434725349427752,84.0,0.0971561858799973,0.41263663553669594,2.4275356551647334,3.359827748563424,4.418840607796598,4.430816798843313,1.000088900581841e-12,0.7501470796511733,3.1899734628736534,0.3339467186372489,0.04174445656280445,0.058022975027130906,0.07214227764550421,0.3082954979913529,-0.00024683603254687834,-0.03726775857118827,6
n_sim00227,95,1.0,0.6105263157894737,0.4026477686324351,0.27939910282515257,0.08427106187601459,0.014329398457452158,96.0,0.27949910282515256,0.35189747430834273,1.8671151114245803,3.4825381452939514,4.553876891600541,4.564348191467836,1.000088900581841e-12,-0.8711519337401402,2.782151623071801,-0.2985665126510866,0.09629063135369936,0.09762838271704277,0.294811017515676,0.24428484028878916,-0.1437316541709482,-0.07309050376883582,6
n_sim00228,114,1.0,0.6228070175438597,0.22579805817860737,0.7908263515463377,0.5204984260319419,0.22634627286471978,115.0,0.6600510894628948,0.5236076296710445,1.4032207176863714,3.6846259468595757,4.736198448394496,4.74493212836325,1.000088900581841e-12,0.841429559580921,3.90347759158164,-0.15241640732136963,0.04707566003320499,0.45509332114656015,0.09574110025491267,0.10108538799387409,-0.007610840845636966,-0.011848091529787733,6
n_sim00229,68,1.0,0.6470588235294118,0.19768747092279632,0.38850999787936746,0.0876875274394888,0.017025538175041464,69.0,0.6871809836724805,0.5797139730763752,-1.2175094585451087,1.726276849955218,4.219507705176107,4.23410650459726,1.000088900581841e-12,-0.8966875490333589,2.580442496077895,0.1447340476037864,0.15004310174734137,0.011061792413573721,0.15256005496141545,0.3472020911559411,-0.1126225306421784,-0.1112363836763984,2
n_sim00230,37,1.0,0.6216216216216216,0.281363062767649,0.6723244450606297,0.09034757589340985,0.02760100320295034,38.0,0.4180187712962732,0.3956018311034443,-0.3234387738879098,1.5717774804160507,3.6109179126442243,3.6375861597263857,1.000088900581841e-12,-0.990545067559407,2.425105845766228,0.38819248888844,0.13755716548721925,0.2754090059581979,0.46878719700191024,0.11403745162621987,0.11836217973283936,0.07147182993933307,2
n_sim00231,89,1.0,0.7078651685393258,0.23404466466214,0.5764241272553824,0.11600356816754209,0.025140204957029816,90.0,0.6666060456944182,0.48680274401633794,-0.02508291442002804,2.705687074186098,4.48863636973214,4.499809670330265,1.000088900581841e-12,-0.6501478422922421,2.9594837740617503,0.6622358259536761,0.26320061877809725,0.23183044456332585,0.3866013561413736,0.11062630927878653,-0.11286063178187425,-0.05708574281555028,0
n_sim00232,10,1.0,0.7,0.044716866615092415,0.029145466200717174,0.0006174310402052566,0.00023562480887345664,11.0,0.44593605126548097,0.6750419613005656,-5.9163393479245645,1.2415345603208565,2.302585092994046,2.3978952727983707,1.000088900581841e-12,-5.991888281840791,1.3392584416117859,-0.8972366286465734,0.0146694437696324,0.6898545636771741,0.29547599093357946,0.0,0.3215134883361861,0.3456967972938373,4
n_sim00233,110,1.0,0.6363636363636364,0.34091111742201413,0.9334615234887744,0.15865441595655463,0.03078194490735645,111.0,0.9335615234887744,0.28005631770663914,1.0176726173675033,2.285899167373381,4.700480365792417,4.709530201312334,1.000088900581841e-12,0.9392004099445644,3.0606803266949827,0.04166445221601611,0.22704198406376586,0.3777385364860292,0.29412934592276124,0.09184165708909944,0.0451742704472516,-0.03905751998667233,0
n_sim00234,77,1.0,0.6753246753246753,0.2268579768517855,0.5384918264127058,0.15756770714101906,0.03129403951329575,78.0,0.5918321173104425,0.5156032529889989,0.7430889881268993,3.3049559703900204,4.343805421853684,4.356708826689592,1.000088900581841e-12,-0.427291044507776,2.7273778174231276,0.954376608863873,0.41620548441263444,0.23241989168347785,0.07469418106168259,0.2711036077256225,-0.1594688538959519,-0.18217513386657364,0
n_sim00235,19,1.0,0.7894736842105263,0.3605336455189853,0.2189867311848096,0.04582840727518175,0.04575230325702666,20.0,0.7809132688151904,0.5586597948822133,-1.0760111607869047,2.3665140564296903,2.9444389791664403,2.995732273553991,1.000088900581841e-12,-1.3172723524154566,2.9427769686138996,20.512252111948083,0.0,0.0,0.9983393701924561,0.001112851461716204,-0.03505345920231408,0.2873929851906838,1
n_sim00236,31,1.0,0.6774193548387096,0.2799878070150884,0.6891022189213548,0.2512499378022018,0.15354681272652004,32.0,0.677370430834124,0.5246466472878566,0.31047235570960624,2.124612725995065,3.4339872044851463,3.4657359027997265,1.000088900581841e-12,0.13948038193328813,2.941544481984546,-1.603321189616417,0.009629303536074265,0.16922673911594496,0.790011456076715,0.03113250126728561,-0.216089212631204,-0.24838554758032627,2
n_sim00237,50,1.0,0.62,0.2600247744200145,0.6559820302874855,0.16476447882834327,0.06498147728758992,51.0,0.5845361638927861,0.427946901309608,0.6088201280581556,2.639656963054976,3.912023005428146,3.9318256327243257,1.000088900581841e-12,-0.3879418918240853,2.9816082164663125,1.022603766317138,0.45118942685841895,0.07095706122756087,0.43482293879305683,0.04237622646270113,0.048933045717290256,-0.06002994877209839,0
n_sim00238,45,1.0,0.7333333333333333,0.43897714885554306,0.18161086542392968,0.014179012588568444,0.005435792501478676,46.0,0.8182891345760703,0.4078122854466685,0.8652900223628704,3.401852028441475,3.8066624897703196,3.828641396489095,1.000088900581841e-12,-2.3501143480827036,2.8479049265764385,2.228096564186634,0.47989624614254783,0.006877361387299201,0.3628202479219704,0.10510409181196341,-0.17864033466056847,-0.016359992046341032,0
n_sim00239,97,1.0,0.6907216494845361,0.2541030520211598,0.8075588263545348,0.3999881298871977,0.15367026832878158,98.0,0.37726145094637165,0.5941127291036784,1.1274598581856594,3.4953748697008376,4.574710978503383,4.584967478670572,1.000088900581841e-12,0.5321249331808771,3.61808529908385,0.9913156317804683,0.12292466146084095,0.1063435314245384,0.045057712656920025,0.3269381314041329,0.0037859068487028588,-0.04824406522067088,0
n_sim00240,116,1.0,0.5862068965517241,0.42311266373837386,0.26891088808134445,0.04808471093066008,0.011818392427369527,117.0,0.24774898977488577,0.20791694124465013,1.4839199442178175,2.6204359422683967,4.7535901911063645,4.762173934797756,1.000088900581841e-12,-1.3547666085385681,3.3502829205403555,0.796949906131277,0.4897883622310298,0.2109704934368691,0.1740523996247194,0.036463892417860834,-0.01946366171597729,-0.1751631179392299,0
n_sim00241,91,1.0,0.7032967032967034,0.15485594407962885,0.7856128208951162,0.3804170938129797,0.19142998566281041,92.0,0.3461172229597365,0.6259999263579462,-0.2008117983858296,2.7985049269222286,4.51085950651685,4.5217885770490405,1.000088900581841e-12,0.5193179373055701,3.8241133718575164,-0.6870952204478552,0.05847609501672753,0.14113048076508672,0.07879854487733505,0.031758603610486304,-0.026388959576499012,-0.08666219489353744,2
n_sim00242,24,1.0,0.8333333333333334,0.19119887874670094,0.40052294761780893,0.05896394571430342,0.04409479427748704,25.0,0.37305231704663644,0.793381669672486,-1.100721969794353,2.7831974437875395,3.1780538303479458,3.2188758248682006,1.000088900581841e-12,-1.3779003203516276,2.887469394328006,-2.4439307837149196,0.7478263834376121,0.13733659663825826,0.0003171289450870423,0.11451989096208312,-0.10110681381421331,-0.09412459432211542,6
n_sim00243,29,1.0,0.7241379310344828,0.36698324009396627,0.29446024267430615,0.034789860810614054,0.01887529951024944,30.0,0.7054397573256939,0.6162170716500772,-0.3171446362512639,1.9970492819832026,3.367295829986474,3.4011973816621555,1.000088900581841e-12,-1.7872236516261362,2.7558240039965733,1.74599058877196,0.3782242982973718,0.010376356301148,0.0,0.5566213856468405,-0.19052810582523086,-0.31971787032275756,6
n_sim00244,59,1.0,0.6101694915254238,0.3342654746049269,0.4385667839439735,0.11070269168986786,0.0669439587970393,60.0,0.6074334346233085,0.433239738815647,1.160898566265017,2.935503525573138,4.07753744390572,4.0943445622221,1.000088900581841e-12,-0.7673452791532914,3.574545122311975,1.2323566209227783,0.07094888416440012,0.6128110231815767,0.16702634829176857,0.09726557383990414,-0.0241212014860926,-0.03598853246818983,0
n_sim00245,10,1.0,0.5,0.09894907882409801,0.44001304751669995,0.20608986074717153,0.19361148198493364,11.0,0.5829419296301884,0.47374123900740966,-0.8367931131544073,2.06030266122437,2.302585092994046,2.3978952727983707,1.000088900581841e-12,-0.1652454749745732,2.2401262829141575,2.840182572231024,2.0354185493468264e-05,0.02574597638466639,0.021793963684610593,0.9394517579955781,0.09785865010237792,0.1783490675943239,1
n_sim00246,82,1.0,0.5975609756097561,0.39531439409892943,0.25112241119538425,0.09330292608390975,0.02254947032625214,83.0,0.8736561849423466,0.37848980760894946,1.4757300592349643,2.881955070097599,4.406719247264253,4.418840607796598,1.000088900581841e-12,-0.16808705050966416,2.986579353783263,-2.632220251657455,0.13327868541659152,0.20220922581713513,0.11203675589656209,0.24686446729451889,0.056992726248477135,-0.10055888301767688,6
n_sim00247,53,1.0,0.6792452830188679,0.24859104131720408,0.5628091112666114,0.16908855455375987,0.07857542128472281,54.0,0.43712393774123254,0.607211810996648,-0.3023349653639154,2.138667336034057,3.970291913552122,3.9889840465642745,1.000088900581841e-12,-0.3750983829856045,3.2039282883526554,-1.3524272970652302,0.3128477009283356,0.0756317991535331,0.017636214536934987,0.12463220184062744,-0.06031578519354965,0.00958514743673246,2
n_sim00248,95,1.0,0.7789473684210526,0.34189774617086455,0.46109357470020174,0.06894430789248418,0.014228194287050909,96.0,0.23536363446630454,0.44763353938337563,1.2040416929675626,4.102954450628326,4.553876891600541,4.564348191467836,1.000088900581841e-12,-0.9594777548483507,2.9758033528488226,1.6958655044497644,0.5741660523146133,0.28556658344505864,0.09027781407928251,0.04965376510588431,-0.05207969989542071,-0.13125727986114216,0
n_sim00249,111,1.0,0.5855855855855856,0.1668110140151677,0.7187253677498874,0.6697846013952597,0.1676885526675741,112.0,0.705163186897876,0.5046926790828189,0.4086852544995381,2.5103634759569755,4.709530201312334,4.718498871295094,1.000088900581841e-12,1.1698601750591238,3.324682436633089,0.4061210302022772,0.07247066538744042,0.04037116507970827,0.08818237002463049,0.25874960419054605,0.0002907724653870029,-0.08309381372055093,0
n_sim00250,47,1.0,0.6382978723404256,0.18037692704971667,0.6077607749348338,0.20426677603538473,0.08492793487458658,48.0,0.6204728155508081,0.5777868307543901,-0.43110108529501195,2.484503207664542,3.8501476017100584,3.871201010907891,1.000088900581841e-12,-0.14222587551546712,2.972523808190907,-0.3225775590789805,0.2685402409891182,0.036054117933785254,0.19163741405396786,0.08799853347071801,-0.033300401659173,-0.015196252818417131,2
n_sim00251,112,1.0,0.6607142857142857,0.45194172330045784,0.253801476937194,0.037519125751323976,0.003958661715797748,113.0,0.8483793624507433,0.17570191652910397,2.7707893121075307,3.222124760966669,4.718498871295094,4.727387818712341,1.000088900581841e-12,-1.2321033906741639,2.4695540631590096,1.2596266182311004,0.37992289424415054,0.17801535872224764,0.1825079158463058,0.17711413371046628,0.016782033046594837,-0.056709321954709103,6
n_sim00252,24,1.0,0.7083333333333334,0.21320940290366222,0.3119306262088342,0.06602548146489366,0.019196536008420816,25.0,0.527007341040928,0.6656896704014773,-1.2287288614564535,1.9912530185918311,3.1780538303479458,3.2188758248682006,1.000088900581841e-12,-1.3284983172033464,1.9427429262481726,-1.1826750985845396,0.5669009306213963,0.0258128261484876,0.0,0.1757030562820653,0.2225548484156738,0.3107302871752695,1
n_sim00253,14,1.0,0.5714285714285714,0.19578562386819534,0.5240813576376795,0.19808900257632658,0.08199991511584713,15.0,0.15671192336579537,0.5258704395975309,0.7438577652392073,2.309658099342167,2.6390573296152584,2.70805020110221,1.000088900581841e-12,0.4047538522256016,1.7570591039905574,-1.9215484410645862,0.007180909930135123,0.5117479076152053,0.0,0.2857629601772763,0.32650647478375605,0.04484310250208745,2
n_sim00254,61,1.0,0.6229508196721312,0.18445152204694198,0.6938911365514424,0.49905801025432955,0.1658900206092889,62.0,0.21501885924017797,0.551765663591028,0.3199348932649824,2.4711654177394204,4.110873864173311,4.127134385045092,1.000088900581841e-12,1.084092186326637,3.0094765643866026,-0.6377760616062842,0.039606043107341844,0.12716453486708126,0.014493594841326316,0.1526271370617745,-0.08640841191006714,-0.0030112283087388387,2
n_sim00255,34,1.0,0.6470588235294118,0.22357855226569065,0.4640465878448763,0.11090216071093138,0.03296339020858421,35.0,0.4656508616095757,0.5944711598385236,-0.5683028593103279,1.7754772025877734,3.5263605246161616,3.5553480614894135,1.000088900581841e-12,-0.8080819152581221,2.3131097047783986,-1.2458071770312609,0.4931015044784044,0.10456900544216523,0.16696515720377847,0.21582034696426292,-0.1015147521887267,-0.11084927921122964,2
n_sim00256,100,1.0,0.71,0.20848650926044318,0.8059995032046333,0.277673745841595,0.11786971815678918,101.0,0.3622598510168457,0.6244738256814846,0.028635618330928682,2.4211025115198126,4.605170185988092,4.61512051684126,1.000088900581841e-12,0.18390944219395092,3.7483032683344026,-0.8378688261762066,0.19784394137415617,0.1512894383588175,0.1290181269260488,0.4807869592569428,0.01618323132761356,0.013207272380279675,2
n_sim00257,98,1.0,0.7244897959183674,0.47777497140907155,0.07827790522927625,0.017387809765171198,0.006127430447083553,99.0,0.9443633948801486,0.11429648044225087,3.424928625974116,4.192424219760274,4.584967478670572,4.59511985013459,1.000088900581841e-12,-1.105827742862033,3.541973586122861,-2.14444288741056,0.498497373881186,0.12776117506592508,0.021680179682516936,0.19411616413799704,-0.14466279477778685,-0.0710031842484663,6
n_sim00258,12,1.0,0.5833333333333334,0.2991586774020455,0.3622050287884909,0.06382378321829983,0.03140850289229171,13.0,0.6479778161923612,0.5137299167105467,-0.7912568060973657,1.1312180215513363,2.4849066497880004,2.5649493574615367,1.000088900581841e-12,-1.2736694796921826,1.7758594000337415,-0.3901800270663337,0.21957957098096248,0.492112834871782,0.0,0.28830759413158746,-0.30369197228880934,-0.32224082278664473,2
n_sim00259,85,1.0,0.6235294117647059,0.232645859754957,0.5742783151061506,0.13803893787205948,0.048227056067880116,86.0,0.7404903306011815,0.4936349783179397,0.27858293293600334,2.544615187043479,4.442651256490317,4.454347296253507,1.000088900581841e-12,-0.3308154564192444,3.3910356448234924,0.5020041007892357,0.2371245580328455,0.09954958191884086,0.45245242162839205,0.19266424561738874,-0.017703794264168057,-0.09804723149893935,0
n_sim00260,46,1.0,0.6086956521739131,0.32344442908271714,0.4239202752183977,0.07384257098428723,0.025553835266759313,47.0,0.7422406864108851,0.42859009019246086,-0.17987987774405384,2.0194054772647814,3.828641396489095,3.8501476017100584,1.000088900581841e-12,-0.9520091353339022,2.7674934016757065,-0.033713461342867374,0.4373598224502473,0.0862304902310028,0.40822997666828537,0.06685125651139277,0.11358968976516053,0.15414996940598844,2
n_sim00261,24,1.0,0.7083333333333334,0.4497249033930864,0.2401586760199138,0.014241307449776749,0.009377744296674168,25.0,0.7597413239800862,0.3571212577351441,-0.7758236277096572,1.474816832229652,3.1780538303479458,3.2188758248682006,1.000088900581841e-12,-2.5507921757145176,2.760246365706423,-0.4088159072352724,0.8359057413984369,0.12161959003946056,0.025867864468546543,0.0012217307303174889,0.08728524078156992,0.02940055216450096,2
n_sim00262,9,1.0,0.5555555555555556,0.20622425691908852,0.48982740206432235,0.14907147137199495,0.09841447198221899,10.0,0.3701172067814751,0.5214107224341077,-0.3081458673247881,1.2965956695634318,2.1972245773362196,2.302585092994046,1.000088900581841e-12,-0.44717234656700866,1.7819865789436875,-8.756328005466669,0.1364249101324305,0.0,0.8635482063628712,2.6883497990117554e-05,0.3932975153135972,0.446114371240429,1
n_sim00263,33,1.0,0.6363636363636364,0.2538774336428397,0.6661763205367996,0.12522966330125013,0.07754983668494647,34.0,0.38478157721034856,0.5528215078881298,-0.47811474372520296,2.0328954793094516,3.4965075614664802,3.5263605246161616,1.000088900581841e-12,-0.6367485682176843,3.017278986974412,0.7846089873440633,0.13179008964175906,0.2017349654217454,0.6192609214142402,0.029627857695607246,-0.06940175940066158,-0.02708129277173789,2
n_sim00264,113,1.0,0.6814159292035398,0.411625403165891,0.26550378418623943,0.06305617851339491,0.006589562867128084,114.0,0.2656037841862394,0.3433833950941996,1.507920702038144,2.9014359613608525,4.727387818712341,4.736198448394496,1.000088900581841e-12,-1.1292730212529103,2.4688487791507248,1.4596668018614325,0.4031021951642539,0.18880593307494076,0.291211942049513,0.05019160609005981,-0.11478480253693914,-0.2036559411131075,0
n_sim00265,77,1.0,0.5454545454545454,0.19485611151828247,0.6136682544250989,0.315383810301755,0.08385441817341478,78.0,0.8425761383985891,0.46705745732439413,0.13223648706303898,2.237529448356742,4.343805421853684,4.356708826689592,1.000088900581841e-12,0.8661396683963499,3.019097257371018,-0.7481950558007473,0.05970649846246637,0.08709070849921491,0.09385650239569124,0.13390151118899177,-0.03105806201063877,-0.15467636640129104,2
n_sim00266,118,1.0,0.559322033898305,0.19329989194256078,0.6466401319239856,0.3762888964670956,0.0682729334812247,119.0,0.44913989047190966,0.410685886810682,0.5857466355398705,1.859611745534896,4.770684624465665,4.77912349311153,1.000088900581841e-12,0.41929717751181594,3.0638408334577174,-0.19240187076313825,0.1879051201819167,0.072660689176654,0.33978917150829285,0.2762449073884882,-0.01833813674426051,-0.03953812888677959,2
n_sim00267,47,1.0,0.7021276595744681,0.2900032537388656,0.5763235280979373,0.06723007855562708,0.021406217482177452,48.0,0.46899253004810626,0.5109473288232556,1.2961951238577718,3.579171681803513,3.8501476017100584,3.871201010907891,1.000088900581841e-12,-1.3094869058315124,2.7057082724970916,2.6252072176384997,0.4176290306467977,0.28352826484708293,0.11287301515687356,0.12179479623970443,-0.07173089049424125,0.00018879444435535367,0
n_sim00268,31,1.0,0.6129032258064516,0.24493616812238145,0.664528825679509,0.39169488589652096,0.16971239032484806,32.0,0.7516101973236653,0.562316924943431,-0.12358708107170344,2.2393080320121803,3.4339872044851463,3.4657359027997265,1.000088900581841e-12,0.741021331267691,2.5976092026849877,1.65456306870547,0.02634088503583096,0.011046599216566276,0.016132523944718875,0.44371616000788233,0.04113991575193111,-0.03510662434873977,2
n_sim00269,44,1.0,0.5454545454545454,0.2458352317041731,0.7520698306649626,0.5663618093502683,0.19713995027351555,45.0,0.8616377830827955,0.4817118972896537,0.6428775163448435,2.1368808472837753,3.784189633918261,3.8066624897703196,1.000088900581841e-12,1.5582784082154149,2.7288704047318344,-0.07208037208355644,0.008157687337442873,0.04634703173856786,0.24104748696011966,0.16438234163071017,0.2686020703984698,0.09108057825535237,2
n_sim00270,60,1.0,0.7166666666666667,0.30622320661860286,0.22010353240773173,0.10098964444961014,0.01934526985466648,61.0,0.8084546468158854,0.6302527677822733,-0.45642183217569965,2.1020012048722028,4.0943445622221,4.110873864173311,1.000088900581841e-12,-0.4274759334388002,2.4417745179341943,-0.5289398607067486,0.16648887579835964,0.07292657304412364,0.13039956309769574,0.23514527194152818,-0.1151839606877579,-0.11407768362417016,2
n_sim00271,109,1.0,0.6513761467889908,0.34954503575556894,0.4533786956656468,0.17580969691906942,0.0882087709499556,110.0,0.7542599088839872,0.3726289190664101,0.39173593059117273,2.649758117637951,4.6913478822291435,4.700480365792417,1.000088900581841e-12,-0.05285403105060178,4.001652141024642,0.004664162677995354,0.03435594554894199,0.17083211295626144,0.6677886203083452,0.1207509708269164,-0.006890474611279306,2.7242030840901042e-05,0
n_sim00272,62,1.0,0.6612903225806451,0.3137167036305875,0.6672910456473304,0.08553359451120433,0.02995438727018751,63.0,0.5113904772179552,0.4028003887807038,0.6492834179112246,2.5931610769525832,4.127134385045092,4.143134726391533,1.000088900581841e-12,-1.072032594226778,3.077900967640449,1.2657463604884316,0.19228552037274685,0.5684716368779396,0.1588703738745778,0.014123055406888576,0.10706325423680195,0.005656367888323767,0
n_sim00273,103,1.0,0.6990291262135923,0.2672587274761599,0.5189250560236474,0.1906687594288478,0.05265200065733067,104.0,0.5842822532245195,0.49889778140652413,0.9478146810735605,2.7206850202411457,4.634728988229636,4.6443908991413725,1.000088900581841e-12,-0.24209775537955486,3.3478955460791466,0.7690722263922053,0.19015784908079758,0.46260475693988207,0.22265882766344466,0.106228107956894,-0.07507694658462394,-0.13097705841172513,0
n_sim00274,96,1.0,0.65625,0.3702395647958998,0.4550895367973428,0.09770014734363486,0.03273194717197,97.0,0.17812330899942397,0.38541629708220526,1.2308748389913424,2.7972640056967757,4.564348191467836,4.574710978503383,1.000088900581841e-12,-0.40440808434017034,3.4707967020521617,1.7067275808293423,0.06755179779246061,0.6837078759104578,0.11434942744941523,0.1061291859306602,-0.010069017242336775,-0.038303951417895526,0
n_sim00275,92,1.0,0.5978260869565217,0.25883729944001516,0.7310864500044119,0.17156601142849323,0.02857221677768191,93.0,0.5571059968210632,0.3971789291461531,0.7929175625763886,2.570592206697516,4.5217885770490405,4.532599493153256,1.000088900581841e-12,-0.36336261443971946,2.72925528204171,1.1314074425162126,0.15561994677355778,0.3354932752514901,0.2645194087210746,0.23154661999559562,-0.1159942778175493,-0.16066933593242613,0
n_sim00276,80,1.0,0.5625,0.2499868255592622,0.8469296309380323,0.16160501585971915,0.04417087003583851,81.0,0.2580038996727776,0.4401305379234882,0.06111442507578076,2.265807519799716,4.382026634673881,4.394449154672439,1.000088900581841e-12,-0.16940822402374225,3.084936972712787,0.20663981415135224,0.13028724898713795,0.09863594077801048,0.22071801739154795,0.5258981582020504,-0.07594798558350398,-0.07119710484856129,0
n_sim00277,12,1.0,0.6666666666666666,0.35440516571465186,0.0641049286522939,0.03129030051245655,0.023140875467528153,13.0,0.16049770653809808,0.6190588112083429,-1.4439540686499126,1.4278297210114819,2.4849066497880004,2.5649493574615367,1.000088900581841e-12,-1.4600254206908247,2.1831990422721566,-0.5357008134107408,0.13133277118090977,0.12911295516881632,0.0,0.0,-0.037921810313193215,-0.035634449402222476,2
n_sim00278,10,1.0,0.5,0.12072350140886948,0.23875229653035687,0.07050256396337948,0.05529139644669118,11.0,0.4739935231298011,0.473870949544173,-1.7475049562837293,1.5706660729969544,2.302585092994046,2.3978952727983707,1.000088900581841e-12,-1.2631028269978324,2.0595533322371793,2.2365249864997097,0.03404559120800561,0.023025233112301296,0.08553558081309745,0.07314698965623129,0.2718565934863037,0.04312999343735447,2
n_sim00279,101,1.0,0.6633663366336634,0.44421386657640394,0.18288302930014078,0.03847419666541509,0.006116304064006147,102.0,0.15551164976432053,0.2734077646486233,1.339195400794619,2.441838613634514,4.61512051684126,4.624972813284271,1.000088900581841e-12,-1.2277085090822581,2.776090717250439,0.5836345251553656,0.3804452175049224,0.2668863846361309,0.25489475570907616,0.04018347289787774,-0.08269267513804218,-0.14441143139981255,0
n_sim00280,104,1.0,0.75,0.48858864859209034,0.056755132425569815,0.022086900019268284,0.0025738922318789634,105.0,0.05685513242556982,-0.012551964795485666,3.3937942384580384,3.164697570435553,4.6443908991413725,4.653960350157523,1.000088900581841e-12,-0.88698643876812,2.494825461698448,-2.7204763998077324,0.2883827647647487,0.06200564257421416,0.4549412850518353,0.007081599371407006,-0.045100822952218525,-0.0593420072195926,6
n_sim00281,119,1.0,0.6470588235294118,0.3853352470888083,0.3687111055559469,0.06913623916326811,0.014718684546316082,120.0,0.36881110555594687,0.3335718508928043,0.7712306011713189,2.9075745243498727,4.77912349311153,4.787491742782046,1.000088900581841e-12,-1.2140554614393717,3.232162197206065,1.2388271864529132,0.5706221482180264,0.1768462823247788,0.12932484834996766,0.06160462841348955,-0.1316970277728369,0.06271514172875907,0
n_sim00282,75,1.0,0.7066666666666667,0.3451885009354808,0.6253795025270166,0.09214906644934963,0.019944740654049414,76.0,0.6254795025270166,0.3490053172922107,1.8834722143569278,3.8850994674771475,4.31748811353631,4.330733340286331,1.000088900581841e-12,-0.9330022617125703,2.7870460416970455,2.14098341043895,0.27926278191455783,0.5169838916694413,0.13616735324041954,0.06576528033975876,-0.09531327855934889,-0.0098558484704099,0
n_sim00283,113,1.0,0.6814159292035398,0.33409096093599194,0.9446267666583208,0.1540907641047663,0.059527907313116586,114.0,0.11160981486244798,0.49218948030232534,0.4682252436058485,2.616349105694432,4.727387818712341,4.736198448394496,1.000088900581841e-12,0.4408770480423081,3.7762912449568105,-1.6838698054636312,0.08528889740602376,0.09478875028314182,0.635256533164178,0.16319733721920887,-0.08579507287496,-0.029108531816286604,2
n_sim00284,53,1.0,0.660377358490566,0.458449593869874,0.13097879311376934,0.014440682610311974,0.0017829009269892222,54.0,0.12376202443956577,0.29123362432702465,2.1218853335383305,3.1762790934647755,3.970291913552122,3.9889840465642745,1.000088900581841e-12,-2.0161935959866946,1.8784842779049953,-0.5227549347609071,0.2175359190420244,0.07732851163063688,0.31406425931891746,0.36795744779300915,0.12835526199070582,-0.012529195050274302,6
n_sim00285,58,1.0,0.7586206896551724,0.3765107758339504,0.3799408911792709,0.10296963762694035,0.08740445746317319,59.0,0.38004089117927087,0.5003645171595037,2.2434337467646746,3.578069485950476,4.060443010546419,4.07753744390572,1.000088900581841e-12,-0.8277429342067107,3.8965551276259807,-2.238941035919015,0.0,0.9073741591468056,0.04632340814471316,0.01317101789661897,-0.07338831988262637,-0.16115143870085485,6
n_sim00286,30,1.0,0.6333333333333333,0.30317216068058245,0.7348098698183341,0.15832912999868237,0.07431128542654453,31.0,0.265090130181666,0.5223258444598822,0.6801816938315887,2.08771951132497,3.4011973816621555,3.4339872044851463,1.000088900581841e-12,-0.207386501029099,2.644784244032199,0.33393613694452773,0.23126648155533772,0.5554711393752194,0.13856431198329863,0.0687298984389109,-0.05749212023376621,-0.019445035914345297,2
n_sim00287,66,1.0,0.6818181818181818,0.4320272570385677,0.23361561398163688,0.02941273849319347,0.006599850312744789,67.0,0.7662843860183631,0.3245519663661761,2.452384171164796,3.202965626666584,4.189654742026425,4.204692619390966,1.000088900581841e-12,-1.8064752717505317,2.6952738462355823,1.6228261762887821,0.35909063370941746,0.23089030448680856,0.23688866812648646,0.12801973347615309,0.021961874288720363,-0.15213111454773307,0
n_sim00288,19,1.0,0.5263157894736842,0.30412103613183833,0.4517602208810755,0.17764293592026417,0.0784984176062042,20.0,0.41094075234730115,0.4555814412977395,0.9598291735829677,2.272698020407037,2.9444389791664403,2.995732273553991,1.000088900581841e-12,-0.3094449814360246,2.127741888127148,1.4481993794889958,0.05875452457275487,0.498140910169239,0.19604275372893643,0.14826350928829415,-0.09414342903868646,-0.01985382644152794,2
n_sim00289,88,1.0,0.7272727272727273,0.43394321776773204,0.2302114400965204,0.022865012264008538,0.0035769123023060853,89.0,0.7696885599034796,0.3514470844218525,1.16586870025736,3.7008006425944258,4.477336814478207,4.48863636973214,1.000088900581841e-12,-2.0480552732245187,2.622228860301953,1.8072667210965094,0.41203753491900774,0.1272663380138139,0.15384451395042284,0.26383141812749095,0.14912858284614147,0.010403464705993615,0
n_sim00290,22,1.0,0.7272727272727273,0.21097714348446395,0.527984657850738,0.1313356265750828,0.1050566163495936,23.0,0.7803639950071452,0.6873029890044612,-0.20776126231712483,2.547797590660989,3.091042453358316,3.1354942159291497,1.000088900581841e-12,-0.26622076376251114,2.867785779660457,-4.957432300176288,0.17528194299624086,0.7999095073318453,0.02480854966429985,0.0,-0.10723816409578679,-0.09624515648869537,1
n_sim00291,81,1.0,0.6666666666666666,0.4418302610982432,0.3314528218641448,0.038337758001231764,0.010956706172918527,82.0,0.6684471781358552,0.18399331094553575,1.5549593199112386,2.435678068224133,4.394449154672439,4.406719247264253,1.000088900581841e-12,-1.7545539786652902,3.14196559818092,-0.0783371113787934,0.5209854003741164,0.28779053825989814,0.10853122305111977,0.06637772962855633,0.002958638522243823,-0.06195750613704792,0
n_sim00292,114,1.0,0.7192982456140351,0.3976148026513419,0.3841549999089733,0.11501685733056784,0.02624270756658858,115.0,0.7186702620507763,0.23585174330224234,1.6776457777761282,2.337067585596979,4.736198448394496,4.74493212836325,1.000088900581841e-12,-0.564096090156964,3.2585078877926175,0.7851048184295644,0.37869638142734197,0.4717467875216699,0.0875771015256649,0.013289866321696193,-0.13034979308569938,-0.14738233495920774,0
n_sim00293,20,1.0,0.6,0.3948534135946073,0.7770745252439356,0.5118314748210842,0.49953909611071234,21.0,0.1265610026624685,0.4499786130295528,6.169634755215084,2.9949954779484633,2.995732273553991,3.044522437723423,1.000088900581841e-12,1.5325879825904778,2.971422718917024,9.216710170471263,0.0,0.003092369839200305,0.004657169982814874,0.0066129426575370865,0.057243286124787435,-0.04885355844385619,6
n_sim00294,34,1.0,0.7352941176470589,0.4656502860036586,0.13423325684917153,0.009062489504874264,0.002003948605300035,35.0,0.8656667431508285,0.36007441899346476,1.3484611611226485,2.26488133270448,3.5263605246161616,3.5553480614894135,1.000088900581841e-12,-2.551924574083776,2.017336196102051,2.7121371370166587,0.2397613359119897,0.3045474086948861,0.05500741491642022,0.11728281794097088,0.07617583661351848,-0.02260521768838091,6
n_sim00295,76,1.0,0.6578947368421053,0.16437571859269384,0.6165807200170484,0.23888704176425385,0.03898523007120301,77.0,0.63743075736792,0.5902787691751878,-0.4331925405298597,2.2685641774594236,4.330733340286331,4.343805421853684,1.000088900581841e-12,0.0330849651366578,2.517925386663464,-0.20599080521005253,0.0101486579311869,0.2328028561665238,0.08369611938608987,0.34001447156517894,-0.08658696109627852,-0.2479147737516219,2
n_sim00296,95,1.0,0.6105263157894737,0.42224505189758166,0.33202574932014794,0.08210958654098181,0.024179280396619134,96.0,0.9587405481558794,0.29616422181725305,1.5984753601309196,2.739186864751937,4.553876891600541,4.564348191467836,1.000088900581841e-12,0.7303093389752573,3.3313181986768337,-1.3413263106717037,0.13724153739845366,0.053942467744377796,0.5437017590803683,0.23950863915615808,-0.2462016562723745,-0.0860731623526784,6
n_sim00297,101,1.0,0.6534653465346535,0.4360843425997426,0.1697520557205148,0.07160537934766137,0.015971096083059754,102.0,0.0829672275970157,0.34191188650115756,2.5116825121754567,3.2999471629406156,4.61512051684126,4.624972813284271,1.000088900581841e-12,-0.06066341124775573,3.1147309075464764,0.1423573520377217,0.06370753492092518,0.06544910128005692,0.29650577767819863,0.15038741683846618,-0.2011612580001921,-0.1347944308300616,6
n_sim00298,110,1.0,0.7090909090909091,0.2908537056919352,0.6123881465533841,0.15654151366950983,0.04922067100144001,111.0,0.5928298404693697,0.517604884619725,0.47261927758434674,3.085248327824357,4.700480365792417,4.709530201312334,1.000088900581841e-12,-0.4330620744914769,3.54347280481079,0.4232611222080253,0.4191874076050054,0.10596144750229303,0.14370515598737912,0.24907674524135437,-0.24504515182580863,-0.1881864964682259,0
n_sim00299,75,1.0,0.6,0.15647364083355247,0.5781341299883241,0.4739456306105573,0.2012133134219457,76.0,0.5586252194196214,0.532743870656612,0.23258668902842872,1.9249569362916747,4.31748811353631,4.330733340286331,1.000088900581841e-12,0.653474733583369,3.4607611077457787,-0.46965016363343276,0.18907333248279182,0.03231463130580556,0.13584200167244626,0.0799829320471489,-0.023966921962034538,-0.018898217001256514,2
n_sim00300,106,1.0,0.6037735849056604,0.18177122378069233,0.46775763766837025,0.24186062165696254,0.06461187673372147,107.0,0.740745348277997,0.521219714298335,-0.2645415879235414,2.3200254095686192,4.663439094112067,4.672828834461906,1.000088900581841e-12,0.23064919901874342,3.343475721275419,-0.32190493463704917,0.05616769741606811,0.18030240451447116,0.0730623990900653,0.199968826455421,0.1531340313179048,0.03274916097655801,2
n_sim00301,39,1.0,0.5384615384615384,0.24566847021457944,0.6625985704789634,0.12009075826821054,0.06546498860779874,40.0,0.42506540768586815,0.3990621600713919,-0.4226978512321353,1.8532095807557958,3.6635616461296463,3.6888794541139363,1.000088900581841e-12,-0.7104962845450188,3.0568293446613573,-0.7300214788297964,0.22032407675026922,0.11493632390841241,0.6192920479273861,0.029274401319641048,-0.1794612821865613,-0.1798823388945635,2
n_sim00302,12,1.0,0.8333333333333334,0.43417106758044016,0.24759279947515944,0.05097721765155546,0.05044893522403643,13.0,0.7523072005248406,0.46776029639556205,-0.518999301219984,2.05968531627892,2.4849066497880004,2.5649493574615367,1.000088900581841e-12,-1.2961999192014246,2.474489470376288,-20.743263035758968,0.9896368916773834,0.010363108302999982,0.0,0.0,-0.12274009016324809,-0.19986682686136698,1
n_sim00303,83,1.0,0.6385542168674698,0.2967976638978349,0.4668822198310629,0.25390621305847694,0.07556885289812859,84.0,0.3216278754212262,0.5093938674055627,0.4833182684124299,2.7208742034161717,4.418840607796598,4.430816798843313,1.000088900581841e-12,0.15162903334883004,3.2069198481662062,1.0080013456095953,0.04293708548882348,0.13109147042901867,0.038722322629816015,0.3594858957280863,0.031088661754693415,0.0424358614318938,0
n_sim00304,98,1.0,0.6224489795918368,0.32745265839621585,0.49295671331881485,0.11264933419171234,0.048952223590348606,99.0,0.5212012450202784,0.3246813340221984,1.7706089487459178,3.2280160853155104,4.584967478670572,4.59511985013459,1.000088900581841e-12,-0.7953815719600873,3.751532515068068,2.2803532236646094,0.127484787663499,0.14388239978032985,0.6104868830668234,0.05101447065530843,-0.1567122667728071,-0.2099035058677463,0
n_sim00305,113,1.0,0.6194690265486725,0.3669151626195246,0.39222416529034704,0.06794854811937556,0.010287428314534993,114.0,0.2251596934166853,0.3142492925235494,1.229723458592969,3.0623243937047175,4.727387818712341,4.736198448394496,1.000088900581841e-12,-0.9429607986066212,2.839559641442713,1.6524577981715478,0.3460490807234011,0.27864984106040286,0.20757397328201924,0.040470519788895064,-0.016023615471851858,-0.07557164419304956,0
n_sim00306,63,1.0,0.5714285714285714,0.18419292547723082,0.7318195326699816,0.4785851383796354,0.08488560527727657,64.0,0.327521722923071,0.5017453571395137,0.5707982886267621,2.0513460734806315,4.143134726391533,4.1588830833596715,1.000088900581841e-12,0.7760652100719564,2.413605133351306,0.43140184383554886,0.10235753721144948,0.053986656542284815,0.2190488408837928,0.32298974209678444,-0.0607939769810696,-0.013323513593863181,2
n_sim00307,76,1.0,0.631578947368421,0.19899498425921128,0.548249803676053,0.15349066042624576,0.03743180447820732,77.0,0.5455183337411585,0.5147100063298842,0.10362397687977913,2.694159061331252,4.330733340286331,4.343805421853684,1.000088900581841e-12,-0.47949898827383886,2.9196143489344832,0.5123734379240158,0.1920394421754705,0.23456820802181919,0.23199467063533163,0.3322427814520298,-0.08506360018785203,-0.0934707457359374,0
n_sim00308,56,1.0,0.6607142857142857,0.1895280159683948,0.5802240222256383,0.2006692074921988,0.07756119575763881,57.0,0.5213516868132653,0.5654864299505464,-0.3020979565332925,2.1255066422146047,4.02535169073515,4.04305126783455,1.000088900581841e-12,-0.217977856517632,3.074761119437708,0.06579824475236085,0.20540917524420002,0.11593988813453422,0.22103607517924131,0.43371051547002826,-0.007675371318784309,-0.022044828263048134,2
n_sim00309,48,1.0,0.7291666666666666,0.3445586895703426,0.20624985449035496,0.04512607758336971,0.010640357755645057,49.0,0.2088370724234482,0.6449343180473943,-0.7826147240277297,2.590911415254187,3.871201010907891,3.8918202981106265,1.000088900581841e-12,-1.2978427381050777,2.426394820605479,1.2815107412308724,0.004763849442602937,0.3248794270432647,0.045887845721660325,0.5921921676497104,0.10254563130305872,0.07221446683400139,2
n_sim00310,72,1.0,0.5555555555555556,0.1680147149994547,0.7149190939614676,0.5994723432201274,0.17983454554589498,73.0,0.43639997147911785,0.48670031709849465,0.6075836443798185,2.0593719332925255,4.276666119016055,4.290459441148391,1.000088900581841e-12,0.8909011000724342,3.0726535153384895,-1.6058887332762286,0.15880291956087675,0.12495514682839369,0.2622459160890946,0.03153945824467189,-0.19072810204240614,-0.09341415034853023,2
n_sim00311,93,1.0,0.6451612903225806,0.2880156782675257,0.4441395000209669,0.12581630039531527,0.05722325646176373,94.0,0.7274375550983494,0.51173674810996,0.5308731881671002,3.4435582897362904,4.532599493153256,4.543294782270004,1.000088900581841e-12,-0.45481771515177494,3.7447369799228185,1.1335361696464616,0.14426479444895485,0.11202279358267002,0.47897582930535565,0.2384338969132897,-0.03054146331375479,-0.03592366165322708,0
n_sim00312,68,1.0,0.6470588235294118,0.2747122823559143,0.8644435364129137,0.268178532418216,0.11432993913579773,69.0,0.36563111745053145,0.4900247515596495,0.8790756552932599,3.0028761155756993,4.219507705176107,4.23410650459726,1.000088900581841e-12,0.1451526351954546,3.3669432516689795,-0.6950399358893975,0.1082181718434323,0.03870799803102775,0.5576102321458066,0.29148304689590493,-0.05220445949804825,-0.046441684043028335,6
n_sim00313,57,1.0,0.6491228070175439,0.4023002381703856,0.16315364310059255,0.04866905372766041,0.0129909587823664,58.0,0.8560299741333419,0.4942454962329785,0.342555457886409,2.1959739984540554,4.04305126783455,4.060443010546419,1.000088900581841e-12,-0.9291118562144147,2.7222615229293154,0.6719474604566174,0.10274864936544688,0.26692441679251794,0.10543062279453139,0.46453003280713284,-0.02503421236887689,-0.06629462239591447,2
n_sim00314,75,1.0,0.5733333333333334,0.25999121300213657,0.817823712839125,0.20317831842103462,0.07926159074333777,76.0,0.6742387144710411,0.37839034972041513,-0.016166240262752242,2.1406752128076576,4.31748811353631,4.330733340286331,1.000088900581841e-12,-0.07790979582979925,3.376157761351819,0.6053854542076056,0.09526843978535428,0.17006079067878088,0.49845144395659324,0.2344066005801644,-0.0754801621839132,-0.05660952321685865,0
n_sim00315,48,1.0,0.6041666666666666,0.3702959915208022,0.3369015685201962,0.04948424011174395,0.03255193519170121,49.0,0.23501974225995856,0.40259088509536195,0.1652646409431182,2.618402147093083,3.871201010907891,3.8918202981106265,1.000088900581841e-12,-1.2901100305538418,3.4523835924504382,1.0949330936602737,0.1784801554683077,0.09177097282237454,0.66538040305594,0.03955680893474083,0.061100523512928766,-0.07874072463761271,0
n_sim00316,90,1.0,0.6333333333333333,0.4028423225399064,0.34666891271482725,0.06559588492425864,0.01497441689568808,91.0,0.7388545615351162,0.3746059897158894,0.5384153113341162,2.6713291406643322,4.499809670330265,4.51085950651685,1.000088900581841e-12,-1.0789103416224652,3.022639909580757,0.462045349637041,0.538271502747297,0.2470378593168421,0.07649786251761902,0.13013259804923488,-0.24025392616281904,-0.21275479172087705,0
n_sim00317,82,1.0,0.6585365853658537,0.34136528122093995,0.4171087095659514,0.12445377207147375,0.027132965513629682,83.0,0.36849396134114004,0.3627669929787252,1.8953212576105123,3.8942151576349615,4.406719247264253,4.418840607796598,1.000088900581841e-12,-0.6258422112355158,2.8835343365922266,2.5002692262078363,0.06672615913820694,0.34152847857835245,0.5171461108129637,0.07244999651027664,-0.10483347878740613,-0.01360208408949222,0
n_sim00318,109,1.0,0.6788990825688074,0.36281916309841633,0.46953871269520037,0.07235629234464606,0.03309267250965013,110.0,0.39267174126682836,0.37371835075144544,0.8730636283198465,2.7168798583299933,4.6913478822291435,4.700480365792417,1.000088900581841e-12,-1.1926857332751928,3.909057344102046,1.7224051509780276,0.55578900808674,0.21243487648698337,0.026466236677396913,0.18584929023012947,0.0578100636935049,0.02424564298595639,0
n_sim00319,106,1.0,0.6792452830188679,0.4670307554439155,0.24823943817246893,0.0367967618018862,0.021840739657252688,107.0,0.24833943817246892,0.005777133925028661,2.539906690742923,2.8833027570603877,4.663439094112067,4.672828834461906,1.000088900581841e-12,-1.6239162283594715,4.141806261881538,-0.11190406591048507,0.7233397601870494,0.07688111351475853,0.08038436962595356,0.04058785111895196,-0.16535059826279833,-0.21052577893301788,6
n_sim00320,108,1.0,0.5648148148148148,0.20412752691351088,0.6707742848965312,0.22944615101948318,0.04203568843642983,109.0,0.6557306344031946,0.3986145639178089,0.9566235126719759,2.674672491238618,4.68213122712422,4.6913478822291435,1.000088900581841e-12,0.016249168057635675,2.9849818429373807,0.971796789002711,0.35178478643952465,0.10037772016666775,0.237821440826834,0.2543813784062027,-0.12404416635228631,-0.17484418558807333,0
n_sim00321,59,1.0,0.5932203389830508,0.41411591620152644,0.297361218424645,0.07437327802227374,0.013342637976921383,60.0,0.297461218424645,0.31010569342564204,1.0637490384481147,2.469977299487826,4.07753744390572,4.0943445622221,1.000088900581841e-12,-1.0331324730785858,2.3594055025633516,-0.6792640072398307,0.1343464352557268,0.26291390384988544,0.2875192122861288,0.30591286811085033,0.02796893372272126,-0.008489744706606411,6
n_sim00322,69,1.0,0.6521739130434783,0.44639753284915,0.23396775685998167,0.027118403778773247,0.009154538941991072,70.0,0.22674582372138483,0.19849811122495617,0.9301168189247174,2.440974676869882,4.23410650459726,4.248495242049359,1.000088900581841e-12,-1.866469600692756,3.1481437140616557,1.2330093965229485,0.5001498355148803,0.26247109840554456,0.16066392743890387,0.054771661918210125,-0.11745463874639213,-0.06162550812322097,0
n_sim00323,18,1.0,0.5555555555555556,0.2133460016408632,0.489603447539343,0.2736006018019359,0.12833016632072777,19.0,0.8575448935246354,0.5163703830200737,0.20330700667869678,1.3958979909216465,2.8903717578961645,2.9444389791664403,1.000088900581841e-12,0.8063242248634797,2.133308739818576,-0.897270538689467,0.09445172296470536,0.1845057010547094,0.11287377971218658,0.4796741976935464,0.24058142900868482,0.24045248870205713,2
n_sim00324,51,1.0,0.6470588235294118,0.20369864473300694,0.6830791085243876,0.17835235965394172,0.04228010307954845,52.0,0.30019491504041457,0.5867596694915269,-0.22680846647937536,1.7915923598277528,3.9318256327243257,3.9512437185814275,1.000088900581841e-12,-0.1637174055260375,2.492381089297346,-0.8019075690207288,0.1692306436068419,0.22913627826940436,0.35184880449547,0.1814150009124972,-0.09343045539408547,-0.08117838370551572,2
n_sim00325,66,1.0,0.6666666666666666,0.12102867413036521,0.46500324192656667,0.10701176706240537,0.030618852923692895,67.0,0.3472058940311962,0.6074612713370966,-1.0785751526246596,2.075453550627723,4.189654742026425,4.204692619390966,1.000088900581841e-12,-0.7504856533524544,2.9383318683398727,0.016514437456494724,0.08933029612235016,0.09869104441019078,0.5771630201065255,0.17962249416476778,0.09980200946612243,0.04835280964680678,2
n_sim00326,54,1.0,0.7777777777777778,0.3507949933848825,0.33454405504975127,0.6417338385476327,0.5465688854217622,55.0,0.7677401078001775,0.6659374950326432,0.4116930280896915,2.8123080033502426,3.9889840465642745,4.007333185232471,1.000088900581841e-12,1.2806206707468908,3.8284707584766555,1.9955051627615548,0.016197576754471456,0.007827263192913323,0.0007239547827954273,0.07274672560842697,0.06248017984821397,-0.008797758553725355,6
n_sim00327,58,1.0,0.6379310344827587,0.2614497219893054,0.649726788803994,0.1575768173631195,0.06497120055727276,59.0,0.4097450560801303,0.3817142937307936,0.9614516594449883,3.037956519430726,4.060443010546419,4.07753744390572,1.000088900581841e-12,-0.42842135612106047,3.174474044901875,1.2621461078016238,0.127722075661844,0.11112870415655793,0.725036215859249,0.035339643073600185,-0.03399937690028081,-0.15527399635038255,0
n_sim00328,65,1.0,0.6461538461538462,0.385156790481548,0.4896191521164006,0.06978546347552778,0.0295677445825114,66.0,0.6478797967383928,0.34471463056779217,1.3094229277835612,3.099761463237421,4.174387269895637,4.189654742026425,1.000088900581841e-12,-1.1844967767197951,3.315645597695728,0.7298879377776661,0.6538219272014594,0.24682235376263192,0.05045321673964336,0.017613955719596203,-0.1262360784560424,0.1792114690531531,0
n_sim00329,104,1.0,0.8076923076923077,0.3885687689430454,0.5018209548376314,0.06694026351338604,0.023378551028766487,105.0,0.34953782407779316,0.2593558682639584,0.6661898862680814,3.4424056732375106,4.6443908991413725,4.653960350157523,1.000088900581841e-12,-1.2227390179885946,3.592409244600088,0.6831141322934204,0.526186284085094,0.43645804780662323,0.014258601636599267,0.020602380026500586,-0.11100837788412918,-0.06748318753108774,0
n_sim00330,97,1.0,0.6804123711340206,0.45516334764516864,0.20868802280060433,0.029198752125728,0.0046924595905726155,98.0,0.1915052046182,0.20740726405610074,2.3672939696987028,3.3883834040196623,4.574710978503383,4.584967478670572,1.000088900581841e-12,-1.6682079760844086,2.7465418804028503,1.712942459570907,0.49382874825717216,0.04234844949647453,0.06138622231216326,0.3094324143211796,-0.2093223666147182,-0.12073468559680668,0
n_sim00331,115,1.0,0.6347826086956522,0.3097298970020131,0.9470283188812281,0.22268093921033222,0.09418967830869872,116.0,0.08517882756376091,0.49618544499961686,-0.02145261291185943,2.2139983560766443,4.74493212836325,4.7535901911063645,1.000088900581841e-12,1.0500137536432912,3.8845027502774703,-1.128657474238772,0.045210834154996486,0.052267603707024685,0.04798066625394889,0.1825674032062848,-0.04786731553723598,-0.11521419119311052,2
n_sim00332,105,1.0,0.6857142857142857,0.431088240206414,0.26870066273942544,0.06006487905107937,0.008343113175985566,106.0,0.24471023640083073,0.33290792837741595,1.591502508841232,3.047711285751828,4.653960350157523,4.663439094112067,1.000088900581841e-12,-1.123995695960155,2.679971482202222,1.4537420167690294,0.5488754011020887,0.03007730982307233,0.25918422284471615,0.13694793589432463,-0.30201519114824693,-0.1148062290195298,0
n_sim00333,25,1.0,0.84,0.43883258380479234,0.2117062856446671,0.030092601410298948,0.02550273722934738,26.0,0.7881937143553329,0.550981513552082,-0.6531875230513514,2.176113520474156,3.2188758248682006,3.258096538021482,1.000088900581841e-12,-1.7133813798103048,3.053382271588911,-0.9040590877560926,0.8845967170113596,0.03302919127232065,0.08175466175022743,0.0006161594162419838,-0.09571437542097164,-0.05982348536825404,2
n_sim00334,61,1.0,0.6885245901639344,0.21977047155541737,0.6584962328830227,0.43761689062769116,0.19062100298314885,62.0,0.45530655001726544,0.6190740019028365,0.5877351484589398,3.000177650577675,4.110873864173311,4.127134385045092,1.000088900581841e-12,0.5679050399578204,3.2798171945343504,-0.440963485684626,0.06619560912187702,0.014413807108242506,0.5236234517881572,0.016339173840962465,-0.13641449303428735,-0.1516930878079636,2
n_sim00335,27,1.0,0.8518518518518519,0.41071475601718616,0.24747211596225605,0.028816677525660944,0.019745484992210485,28.0,0.752427884037744,0.6124520050050793,0.06650696498213296,2.515051172964774,3.295836866004329,3.332204510175204,1.000088900581841e-12,-1.8662974947536362,2.9178074220495565,1.0877441629258207,0.0,0.9609185097665931,0.0,0.03908149019870483,-0.07352539833337393,-0.014064473745513636,2
n_sim00336,28,1.0,0.6785714285714286,0.14935449094234224,0.5535785679969034,0.09450019056385782,0.05061419494248411,29.0,0.5630898480678479,0.6368048829630251,-0.9322748274174529,2.1791850677297533,3.332204510175204,3.367295829986474,1.000088900581841e-12,-0.9568096453848361,2.7078347282639488,0.4473029153282976,0.09357103047456977,0.17990882241340847,0.5355988664144157,0.07950349627478515,0.018788190750467545,0.08145296816874961,2
n_sim00337,41,1.0,0.6829268292682927,0.21972014798399378,0.5417049255812209,0.10032435705298785,0.03818443234367181,42.0,0.4805112112412197,0.5935113005142186,-0.6559056566007803,2.0360202939991066,3.713572066704308,3.7376696182833684,1.000088900581841e-12,-0.9115320035838946,2.747591461110541,-0.36403305697923194,0.04589690082921071,0.38246897297069327,0.40586683348178415,0.06431709760973833,-0.011167037482454437,0.057212926457980456,2
n_sim00338,24,1.0,0.6666666666666666,0.3653309415304446,0.17186116195781664,0.049364534780741695,0.016978803368476673,25.0,0.8870421443152112,0.5950331144863498,-0.23048820211041837,2.2886756846100034,3.1780538303479458,3.2188758248682006,1.000088900581841e-12,-0.7079197591650356,2.110787288373368,-0.4038114363114453,0.006556449756419332,0.3439473995560993,0.11052284009069673,0.5389733105765271,-0.0980844806113537,-0.10872664615586741,2
n_sim00339,28,1.0,0.5714285714285714,0.39843183636783014,0.32648831027921354,0.041969854204300897,0.01644002413356013,29.0,0.801630347230371,0.2605615308814438,0.8924136009883491,2.314069402819141,3.332204510175204,3.367295829986474,1.000088900581841e-12,-1.3320729287243582,2.394971763641946,1.2770435888643825,0.5341112345975116,0.4180797408428248,0.018424969779605633,0.02938405475623143,0.14833219832639882,-0.05403000993858622,0
n_sim00340,114,1.0,0.7192982456140351,0.4537953862702451,0.17809232900967764,0.04775450372722632,0.005266200451507222,115.0,0.8218076709903224,0.2848879160436,2.0657830808496245,3.509238565046012,4.736198448394496,4.74493212836325,1.000088900581841e-12,-1.1205411974382817,2.531434190404195,0.6323462345869522,0.4820177950683899,0.1331989327010908,0.14887193115695654,0.14770483331113016,-0.35618781299492097,-0.11242586163320499,6
n_sim00341,27,1.0,0.6666666666666666,0.45840321031110315,0.12375584883511206,0.007646797181155213,0.0033722663831569797,28.0,0.12385584883511207,0.4404882169948722,0.5209342802727795,2.322776448114541,3.295836866004329,3.332204510175204,1.000088900581841e-12,-2.6526068433497,2.4771350073111,1.8427667768239142,0.6780522566974397,0.0014670794738948368,0.0682165895805506,0.22910948611487664,0.025051525426116494,-0.26099476215636525,6
n_sim00342,90,1.0,0.5444444444444444,0.22114522536694806,0.5219231805809089,0.42975741081873853,0.07099278583257818,91.0,0.7749139014595565,0.45347031822033884,0.7474401384030729,2.2005220731693442,4.499809670330265,4.51085950651685,1.000088900581841e-12,0.9017412501016604,2.6991670454196255,0.06575153485163798,0.21491441234185837,0.09049537750248765,0.31584147912962474,0.14179976058861088,0.011673842870826831,-0.023971368434603936,2
n_sim00343,69,1.0,0.5797101449275363,0.221175443614214,0.44581703749447216,0.5313672912824969,0.2683720555439374,70.0,0.4132878612424119,0.5074307570749831,-0.201638356272816,1.534606561257099,4.23410650459726,4.248495242049359,1.000088900581841e-12,0.7845301020778154,3.551027309725245,0.5167445524189078,0.06289949945961007,0.018144833522763283,0.04131244912751689,0.04340166153952249,0.040654920155690374,0.03626406661809415,2
n_sim00344,47,1.0,0.5531914893617021,0.19168882502764975,0.6017113479155624,0.20760785002648163,0.12299873366584889,48.0,0.5200187675589429,0.4280393907058063,0.17809616373090867,2.3090452433633044,3.8501476017100584,3.871201010907891,1.000088900581841e-12,-0.184205663650655,3.3266706976051057,0.9177696761703458,0.17859378367235587,0.060536866576440695,0.12570823126537886,0.6315635312252253,-0.027176843855999593,0.01754480007614617,0
n_sim00345,72,1.0,0.6388888888888888,0.37840419098182126,0.364660339927935,0.034899263216331966,0.010321886422819275,73.0,0.3644164822503532,0.36451402480633965,-0.07480064313448355,2.030036461779238,4.276666119016055,4.290459441148391,1.000088900581841e-12,-1.8926199013827687,3.05846693560188,0.778152631206642,0.26042072633193053,0.4629793939040283,0.2321937567559064,0.03708604689121649,0.07246602851364661,0.007010452459401607,2
n_sim00346,90,1.0,0.7,0.3934346540304672,0.32977350833419716,0.09223230202341084,0.024282678626047875,91.0,0.7720773981632991,0.39111960800650014,0.5205491980992801,2.3322004620747743,4.499809670330265,4.51085950651685,1.000088900581841e-12,-0.6460252118640097,3.165262535296007,0.3093396726992274,0.23225371844482545,0.5799743346150948,0.1553612118762106,0.009149113898780932,-0.22047574075614382,-0.08090056108110624,0
n_sim00347,55,1.0,0.6545454545454545,0.31589557016185954,0.4058879754317557,0.10704042832275545,0.02978481042393535,56.0,0.7654010867048381,0.5478115852440373,0.3234926808604385,2.0790052228342373,4.007333185232471,4.02535169073515,1.000088900581841e-12,-0.5173154199473002,2.7281251331035183,0.24593507084354346,0.5884878809391365,0.08521096895167414,0.1319984790114916,0.10071222940462271,-0.004378086676363936,-0.10809971270401146,2
n_sim00348,113,1.0,0.6814159292035398,0.32724481289880125,0.7389656410990166,0.13889322498926293,0.04702645178363904,114.0,0.6754558434300587,0.40734209049396103,1.3880491545742675,2.66695233004806,4.727387818712341,4.736198448394496,1.000088900581841e-12,-0.4563486377669718,3.644392592827092,1.5677674874608094,0.3582871939345252,0.43028116560129465,0.1343942968928632,0.02325725531408873,-0.12035486725327449,-0.056308003935971615,0
n_sim00349,28,1.0,0.75,0.32966680715137703,0.5795654810503434,0.3005191371646197,0.1574342279651813,29.0,0.7632961265717625,0.6306270473289618,0.5642240197259646,2.173204950064212,3.332204510175204,3.367295829986474,1.000088900581841e-12,0.5088107704462622,2.6857008445581965,-1.113662702628238,0.01093936822852736,0.3521538575424163,0.6350504881067204,0.0018562861190085519,-0.004332893318260575,0.0009373136707272916,2
n_sim00350,118,1.0,0.576271186440678,0.44740682710674856,0.15125601454959736,0.06448596665933141,0.007029613233549445,119.0,0.875493039951435,0.12719710799997525,2.9740396120478003,3.505000596152982,4.770684624465665,4.77912349311153,1.000088900581841e-12,-0.5249459122975617,2.554368681565841,2.1955851587615793,0.2570300867041584,0.2965651788215107,0.1370508913677695,0.2744802713096888,-0.14925523182806363,-0.07323086624733792,0
n_sim00351,46,1.0,0.5652173913043478,0.4483273797202647,0.17414553581573888,0.022108227884898968,0.00492107353009235,47.0,0.8257544641842611,0.2510377831027378,1.19813689701225,2.914501598327901,3.828641396489095,3.8501476017100584,1.000088900581841e-12,-1.8730577796236894,2.3262182567670973,1.171200622407747,0.3090074236701113,0.2574455381745529,0.2980948587224611,0.12383466392668496,-0.006271813627713001,-0.15666345795888723,0
n_sim00352,13,1.0,0.7692307692307693,0.39361175012977156,0.09794656613885822,0.017664278686636215,0.009140851299911773,14.0,0.8092098848527985,0.7084567369171734,-1.2784965463207294,1.6046482890229044,2.5649493574615367,2.6390573296152584,1.000088900581841e-12,-2.167932544974058,1.9061584309309594,-19.930277105026136,0.517476623956898,0.23261970405886365,0.24990367192762702,0.0,-0.35683000429754236,-0.3298248488968808,1
n_sim00353,100,1.0,0.66,0.2899716765286324,0.4802368092359577,0.1302497871224907,0.03815656672955803,101.0,0.2730923445663506,0.4635989733486669,0.5022434366376449,2.9754800551527234,4.605170185988092,4.61512051684126,1.000088900581841e-12,-0.4214001192864654,3.377414011123758,1.069183259512753,0.1869853068621799,0.09392406540083868,0.3904582294722175,0.2916927487540647,-0.012807933021134936,-0.027121311739667107,0
n_sim00354,53,1.0,0.5660377358490566,0.20510151636425325,0.5976084772380729,0.26433491543807935,0.05793193023685734,54.0,0.5166365424506101,0.4830183766391772,-0.010446400857006889,1.883260329703899,3.970291913552122,3.9889840465642745,1.000088900581841e-12,0.05686371181493469,2.452343699869428,0.4036028214301367,0.05609249733114073,0.1677036091252182,0.3187099412073931,0.4554444580127236,0.0029196034013575334,0.013372978562741304,2
n_sim00355,37,1.0,0.6756756756756757,0.37329524226803257,0.23261173642620722,0.06939628713248158,0.02261794981217256,38.0,0.1831362213596476,0.5149676488690751,0.717384878502632,2.143809465231593,3.6109179126442243,3.6375861597263857,1.000088900581841e-12,-0.768113956751805,2.489828376119261,1.2823685672554386,0.19293476435900947,0.1893155959753747,0.03575002759401427,0.5622833903657625,-0.166216538742288,-0.11998521914157022,2
n_sim00356,20,1.0,0.75,0.29166328777124717,0.6454762945555272,0.45045993030656684,0.23379310940166934,21.0,0.6683934830417655,0.666047874110009,1.2975681598792852,2.427836012964364,2.995732273553991,3.044522437723423,1.000088900581841e-12,0.7091982844116509,2.339899721769125,-3.192253085020564,0.061820462172748065,0.5190097801641073,0.3458641801243159,0.0210061872460075,-0.01279549529948467,-0.00020532734984765575,2
n_sim00357,98,1.0,0.5816326530612245,0.3874046580206148,0.2718640488837817,0.13789608839386,0.028929465154858496,99.0,0.9138342110079339,0.3896454381002437,1.3066394691711158,3.2179763516414854,4.584967478670572,4.59511985013459,1.000088900581841e-12,0.5603333117897689,3.0233276903803556,1.0325043048193803,0.0525468634033432,0.20616840440865702,0.3156321689184414,0.3301031503163295,-0.0535357082953494,-0.15523844773254686,0
n_sim00358,55,1.0,0.6545454545454545,0.24927870125446053,0.47729656074005145,0.23994554632608178,0.07650793973709168,56.0,0.5667274663299567,0.5720016537359078,-0.008051804084164947,2.4912029702768512,4.007333185232471,4.02535169073515,1.000088900581841e-12,-0.023078180893679173,2.8643157005857365,-0.11921244122793753,0.002734357588943443,0.33132803067456984,0.4029461927498384,0.03167857404927942,0.0008191799271831214,0.004456645506375673,2
n_sim00359,60,1.0,0.7166666666666667,0.3882706598788669,0.2631575598184652,0.057719344389874055,0.01659091892684547,61.0,0.817840033428737,0.5405838005525857,1.7039287382718016,3.7780575476493077,4.0943445622221,4.110873864173311,1.000088900581841e-12,-0.9482043431884761,2.8476076789334495,2.1086740113277793,0.24376034276701955,0.3323329016711705,0.26847930520291047,0.02789487131189566,-0.05549980196868805,-0.1288288636952566,0
n_sim00360,84,1.0,0.5595238095238095,0.29479687911180724,0.7502069713626229,0.34081263725606037,0.07631993077828629,85.0,0.2503403574655735,0.39695929206660385,2.22148972036347,4.050606259110804,4.430816798843313,4.442651256490317,1.000088900581841e-12,0.5966474390052888,2.9344180433383786,2.075318042004039,0.18074488068989528,0.24966277660281336,0.05456313897363516,0.1904258693348539,-0.09524959829742163,-0.0225042974915649,0
n_sim00361,39,1.0,0.6923076923076923,0.24172045868670317,0.8520102993492741,0.48846495034558024,0.1934073808781229,40.0,0.5700855665718978,0.5632922057431243,0.7260160906484949,2.0620264841237668,3.6635616461296463,3.6888794541139363,1.000088900581841e-12,0.6896503351269665,2.7370926727815665,-0.9985794720359739,0.2140236205756981,0.24264320802928555,0.07069106740032355,0.39594935264217973,-0.0513669401518161,-0.05283803196029699,2
n_sim00362,58,1.0,0.6724137931034483,0.3033444151864367,0.45894644245380434,0.2139785035730661,0.12613081679679278,59.0,0.22878115418945263,0.5204179506779787,0.26186736953536016,2.655919356298369,4.060443010546419,4.07753744390572,1.000088900581841e-12,0.1928927703114681,3.531887047811036,1.2703395938400996,0.02569918549839907,0.17942150860290332,0.6399560151470607,0.008048300577125689,-0.04398660023227336,-0.023584074581424176,0
n_sim00363,83,1.0,0.6987951807228916,0.31025313888492695,0.7852174411184462,0.1616379980800562,0.03179004543897639,84.0,0.3826130265065076,0.4375717747124087,1.585535787538781,3.701320612627405,4.418840607796598,4.430816798843313,1.000088900581841e-12,-0.3794055825581842,2.7926345565036397,1.6916869777590444,0.2877333303612112,0.4350568111351905,0.2540766961279139,0.020927158161321683,-0.16971521071907256,-0.19568050923520527,0
n_sim00364,112,1.0,0.5892857142857143,0.2578812529849633,0.6292597750624761,0.37818323614524085,0.16399134499871665,113.0,0.6102162926146321,0.44347703492573315,1.3712321239725724,4.192022493027116,4.718498871295094,4.727387818712341,1.000088900581841e-12,0.46372864764638705,3.8829336931661302,1.9255128793995053,0.07897649874322123,0.13541159894921143,0.08270850044257602,0.006485551437895122,-0.007556773852781504,-0.08325654270675602,0
n_sim00365,83,1.0,0.6144578313253012,0.22235515431043124,0.8609570138991057,0.32685326082928684,0.10700643168158981,84.0,0.2949079358173436,0.5170159398445838,0.2071272752515402,2.578573902524352,4.418840607796598,4.430816798843313,1.000088900581841e-12,0.4522749980841633,3.3022182228407955,0.8707041220903726,0.08260767837856664,0.06775493265471498,0.11564825992073817,0.6339559425238971,-0.04243936831792103,-0.03753538104780025,0
n_sim00366,40,1.0,0.65,0.2183214319642215,0.7673753047367208,0.2007018463077161,0.0828145095364174,41.0,0.33594354454917646,0.5291849820720682,-0.13794297991855983,1.84623072806508,3.6888794541139363,3.713572066704308,1.000088900581841e-12,-0.10573455871879707,2.803662280812104,0.02613289103102838,0.13770041523064677,0.18668836956209536,0.4126245525864947,0.2613736050106785,-0.243954244817867,-0.28657263708148106,2
n_sim00367,101,1.0,0.594059405940594,0.4171659480025265,0.2362359575461784,0.07707307761414404,0.010245601630346043,102.0,0.23029303935708653,0.2555838406536893,2.7289756118903568,3.9719095575326984,4.61512051684126,4.624972813284271,1.000088900581841e-12,-0.8328531432522304,2.597214988179584,3.1893839156401524,0.13501672767038006,0.3340410119861069,0.29601876388533094,0.1361150819116044,-0.19295389763689869,-0.0625780904522432,0
n_sim00368,95,1.0,0.6947368421052632,0.41404596015277106,0.36322654124899645,0.08286105541458523,0.022736601346938966,96.0,0.7200513404755555,0.2529063794135436,2.4348332324524122,3.8783040771715003,4.553876891600541,4.564348191467836,1.000088900581841e-12,-0.8890082903192764,3.260687736720701,1.9154869929261527,0.3542585108712419,0.23158164021267516,0.014223652327384742,0.3260376701017982,-0.1388195750821799,-0.027818036077131042,0
n_sim00369,49,1.0,0.5714285714285714,0.1549056653014514,0.6550658572068261,0.5681604217031773,0.10910545398489942,50.0,0.5066476676891082,0.5141843188936601,0.705723993183348,1.9796611982461656,3.8918202981106265,3.912023005428146,1.000088900581841e-12,0.8211196751238685,2.2417313688981717,-0.17984362714811408,0.02426999511677309,0.1740294660833393,0.3965937129299241,0.1384154994956709,0.007233686179505507,-0.05835496081228492,2
n_sim00370,23,1.0,0.6086956521739131,0.24696076366105785,0.6618277063386577,0.11935813088430683,0.02404199814564587,24.0,0.32711156405506275,0.5453349056158104,0.9144802075255988,2.645962984410019,3.1354942159291497,3.1780538303479458,1.000088900581841e-12,-0.6119970760008098,1.5331679626788308,2.3831195791237803,0.06798774992789341,0.25824016807725325,0.30291692278091875,0.08310710537296494,-0.19943244586420053,-0.13727481846027015,6
n_sim00371,61,1.0,0.4918032786885246,0.16808532668313783,0.747391532844935,0.5306379911062128,0.19733429103105454,62.0,0.17559025066450995,0.4270873952513441,0.4470826743295237,1.6945167134978103,4.110873864173311,4.127134385045092,1.000088900581841e-12,1.2990144839437503,3.1216930240494305,-0.5896888350809328,0.05008680055105529,0.1553260883238508,0.1695213208965917,0.1565786459439084,-0.16737990386194743,-0.18084334980120575,2
n_sim00372,87,1.0,0.6551724137931034,0.33372875323259305,0.4297794026411814,0.044097924213842295,0.008136660184505476,88.0,0.4298794026411814,0.4274409027856844,0.9230435869689223,3.644982448419866,4.465908118654584,4.477336814478207,1.000088900581841e-12,-1.7151846327764553,2.775875204516439,2.284646948232822,0.36300156118421417,0.33386825554923405,0.19084588032547362,0.05836925635908627,-0.12131558756279731,-0.06291676584320248,0
n_sim00373,58,1.0,0.6379310344827587,0.26488290875571857,0.524374580890184,0.24335904412429504,0.062181925644350794,59.0,0.13658559347174745,0.5541310388919072,0.10421833757563358,2.1553732141126916,4.060443010546419,4.07753744390572,1.000088900581841e-12,0.7244469343559836,2.6959694826680867,-0.22912617640817742,0.06227980695039345,0.05454324896506377,0.0453648838803261,0.48720596912755765,-0.10979102807481705,-0.037076788474682605,2
n_sim00374,23,1.0,0.5652173913043478,0.45071557919193045,0.24773765320014632,0.034321074851746326,0.012767627972418706,24.0,0.2478376532001463,0.1664670731517726,1.6092889721506665,2.7072545676083517,3.1354942159291497,3.1780538303479458,1.000088900581841e-12,-1.6922112233043107,2.1466475254683193,-2.8726254998504457,0.550983057493248,0.4223842401537869,0.02079257751039289,0.005840124813435502,-0.09555702279060056,-0.06654157013766955,6
n_sim00375,116,1.0,0.5862068965517241,0.27465300803610715,0.3630721119139363,0.2976931686040328,0.04202837701431189,117.0,0.627305550647509,0.48228700740327884,0.40722039328566667,2.4052399910338917,4.7535901911063645,4.762173934797756,1.000088900581841e-12,0.24162594265022636,2.795871903568017,0.4707387487634621,0.12003811644107687,0.033377994886746504,0.22866078288397865,0.20473732449932708,-0.03527250580865644,0.032348995995771956,2
n_sim00376,49,1.0,0.5510204081632653,0.18996761697459957,0.67307270215261,0.5168023231959121,0.23154729161001505,50.0,0.5863176133020378,0.4950897775750254,0.3747145378880489,2.603961167663881,3.8918202981106265,3.912023005428146,1.000088900581841e-12,0.7564555843158869,3.088943986289582,1.8097203753502376,0.04938056835810722,0.027251192006849743,0.2460056056989492,0.18623947664704402,-0.04341643227600584,-0.05897549034116096,0
n_sim00377,94,1.0,0.6702127659574468,0.4270294106994923,0.36089512045934713,0.07917436183171786,0.022057166468690104,95.0,0.6390048795406529,0.22339627902015122,0.994960219558447,2.057394323447547,4.543294782270004,4.553876891600541,1.000088900581841e-12,-1.0693687209125926,3.265279807966952,-0.2888635298011545,0.5629108762609352,0.2614571766333908,0.12346364891801208,0.019480000092287952,-0.15181062146446236,-0.1827841311081632,0
n_sim00378,40,1.0,0.6,0.23344702386554972,0.6920540910271935,0.22366252430832234,0.0748680795679715,41.0,0.7716414686616432,0.49369016243502883,0.31511070460515517,2.0963422836300767,3.6888794541139363,3.713572066704308,1.000088900581841e-12,0.23845668383337945,2.594468751740288,-0.8311930840115545,0.42234853458182836,0.24623154975794195,0.1986586733864431,0.13038684746602552,0.057238587618695325,0.09438027133893738,2
n_sim00379,10,1.0,0.7,0.1151128653058926,0.48979587873668595,0.12938110740173792,0.0881914466948044,11.0,0.5780845571827368,0.6726118181988696,-1.1730403577925526,1.5062153693523501,2.302585092994046,2.3978952727983707,1.000088900581841e-12,-0.6340074233030256,1.9193327051135811,20.46651620908893,0.0,0.0,0.0,0.9690216457335291,0.4736577492163622,0.6123108282616597,1
n_sim00380,81,1.0,0.5308641975308642,0.243241375100157,0.8592912147884055,0.3782257155207161,0.10797182770505792,82.0,0.8465941924185184,0.42733341256119156,0.6588605316656874,2.120526095567583,4.394449154672439,4.406719247264253,1.000088900581841e-12,1.0689382119296804,3.140828344565497,-0.4050866843580534,0.11762119422276356,0.2086632895289285,0.49864646309389354,0.15978027131963002,-0.11367557334956625,-0.14814363266115446,2
n_sim00381,42,1.0,0.7142857142857143,0.26351765938399263,0.44178075676168804,0.1478510439637789,0.09135814337736353,43.0,0.4229783237041618,0.6462195063864125,-0.1111048666261986,2.4653550488648373,3.7376696182833684,3.7612001156935624,1.000088900581841e-12,-0.501240180350611,3.256251734420565,-1.9093394070124778,0.1930329498877705,0.6179066506904536,0.13899847246959968,0.05006192694541271,-0.07444745412297361,-0.06311372952300005,2
n_sim00382,14,1.0,0.42857142857142855,0.2243124082153439,0.5614059303184931,0.25409892797580336,0.13287770985106145,15.0,0.8420180980822575,0.3533411696720345,0.2505918674340491,1.1435967519889796,2.6390573296152584,2.70805020110221,1.000088900581841e-12,0.647196960576483,1.990762888598635,-0.3835863690233289,0.07477914651687108,0.2207469841196532,0.17904925378483036,0.522936916377671,0.009876246091818664,0.018668352932910953,2
n_sim00383,115,1.0,0.6260869565217392,0.2769430319916153,0.8080848254096662,0.18983000554051052,0.04866159545677608,116.0,0.35125106453589977,0.48498087235099946,1.392429269715892,3.3442763676093517,4.74493212836325,4.7535901911063645,1.000088900581841e-12,-0.1826628019540194,3.383693288456614,1.7204306784296184,0.0990716604588471,0.11692364776694403,0.5076169158606354,0.18644642011189222,-0.06263499191917177,-0.13250284979649904,0
n_sim00384,52,1.0,0.6923076923076923,0.22579105694725352,0.7845403742239497,0.31814309025092674,0.1564608430960785,53.0,0.23121529974947538,0.6226126394950089,-0.004551023337019714,2.6602642367517992,3.9512437185814275,3.970291913552122,1.000088900581841e-12,0.5820962632615077,3.2415482423225797,0.7098233510564907,0.0013446411688538894,0.08553346407024565,0.10620611404502957,0.6750341078417648,-0.03372989250091129,-0.039680566785702184,2
n_sim00385,104,1.0,0.5961538461538461,0.3770314611287459,0.356755406076397,0.06665970204492715,0.013477865618889893,105.0,0.25005445445063035,0.2680315050679481,1.5332291502010178,2.8407655964187297,4.6443908991413725,4.653960350157523,1.000088900581841e-12,-1.0343234278178182,3.045839050628821,1.9942416533796978,0.46907292780241594,0.20019306085955701,0.21766958346049825,0.059535359164529,-0.20689985546458625,-0.14592392008747312,0
n_sim00386,68,1.0,0.6911764705882353,0.2778342686233042,0.5417396432622303,0.12373615361364958,0.05510854896023271,69.0,0.4567462651356889,0.5477521976333882,0.05326375717146851,2.3836958211336112,4.219507705176107,4.23410650459726,1.000088900581841e-12,-0.6957977281484857,3.410661057113805,-0.7120025832844065,0.03846384859775367,0.26560359728141725,0.6354733888342574,0.0586835051167754,-0.031208600871349877,-0.005541274191392817,2
n_sim00387,22,1.0,0.7272727272727273,0.07662181447317641,0.4421001864126313,0.04874930428375286,0.016016540088398867,23.0,0.832292875680059,0.6912260930234896,-0.8583211066907478,2.2747084960649686,3.091042453358316,3.1354942159291497,1.000088900581841e-12,-1.0519573381371103,1.9779734705373688,-2.5895582893783287,0.7051293776786776,0.0,0.02404763029607171,0.27082299200473775,0.1383000866027255,0.4328008694565112,1
n_sim00388,44,1.0,0.6590909090909091,0.2662909895636241,0.6186924384965136,0.13356560227765832,0.05169032656459931,45.0,0.41536624730740257,0.4470434881680714,-0.1735178317094469,2.042368836877211,3.784189633918261,3.8066624897703196,1.000088900581841e-12,-0.5977982031108574,2.8348675305777666,0.001532778094191084,0.039535213165933496,0.48648028004200805,0.4584048577073843,0.01406319265689964,-0.04883405807818761,-0.06527636815094433,2
n_sim00389,12,1.0,0.5833333333333334,0.2627045208617694,0.45291924808785206,0.1963402473735039,0.09500952938557379,13.0,0.17777943410273406,0.5443179819124202,0.124165005345075,2.195785119727524,2.4849066497880004,2.5649493574615367,1.000088900581841e-12,0.2950520540872294,1.759034735441421,7.805712538414524,0.0,0.000297096444906688,0.020964482482116683,0.5905194037322832,0.004580312319565931,-0.09024472558676579,1
n_sim00390,45,1.0,0.6444444444444445,0.4771890690849389,0.05351719300578779,0.010829423399005623,0.002589331388053767,46.0,0.010845273821670852,0.1526688188835488,2.282045196334273,2.925837473912637,3.8066624897703196,3.828641396489095,1.000088900581841e-12,0.00944193838944968,2.375795358548743,0.738591144729245,0.16036489864878611,0.006919771127547705,0.39385985433489595,0.20958055262621234,-0.2932316795727949,-0.15562886971842244,6
n_sim00391,64,1.0,0.546875,0.3604686285845212,0.46651671848469844,0.059942804078672605,0.0099026093338856,65.0,0.5590706677173802,0.2372060534040243,2.3150960615104164,3.2781100487867323,4.1588830833596715,4.174387269895637,1.000088900581841e-12,-1.4140143803983074,2.3582905316643714,3.0701129966249012,0.2529287799157029,0.3154914423281158,0.1824967579579277,0.1627956965178798,-0.2653240674022557,-0.1502824964421559,0
n_sim00392,9,1.0,0.4444444444444444,0.43355618423956116,0.16409725551779375,0.013186535698979393,0.010665222001174148,10.0,0.18121012468690384,0.3309193773177756,-1.2712645088036358,1.608444006452779,2.1972245773362196,2.302585092994046,1.000088900581841e-12,-2.4205331909777614,1.9850164581062475,-3.8213841396622428,0.17147626414163572,0.8087963543897898,0.016435839695070762,2.4550523036643426e-05,-0.2142823980983819,-0.2450814261344452,6
n_sim00393,100,1.0,0.67,0.37931562980630384,0.372978596785515,0.061029822818499814,0.019942273290745993,101.0,0.37307859678551497,0.4096539402205687,1.0710940126299218,3.340135081505861,4.605170185988092,4.61512051684126,1.000088900581841e-12,-1.34349236938025,3.486649305626873,1.5294880478276356,0.1871035670853785,0.37368684873524344,0.20885951861328192,0.13113859867115737,0.005247537432770066,-0.06016201398794767,0
n_sim00394,58,1.0,0.5862068965517241,0.2772154353319877,0.882678977540519,0.3348456446244875,0.07622559555839693,59.0,0.1109096552230468,0.47423576614904683,0.5622576821680909,2.005201491558159,4.060443010546419,4.07753744390572,1.000088900581841e-12,1.2225101337875308,2.5804706530672097,-0.08889892671231847,0.12321250398172881,0.04533830677523425,0.14505165529497735,0.44829957099514367,0.0676533747039537,0.01686449709952347,2
n_sim00395,56,1.0,0.7321428571428571,0.47310331781526827,0.1525438087056079,0.01854814589475174,0.006638421352496587,57.0,0.8473561912943921,0.16362287449434532,1.663087849276425,2.382143573252159,4.02535169073515,4.04305126783455,1.000088900581841e-12,-1.9421031873476342,2.9978560426778835,-0.3399656051707154,0.6134081733815006,0.16507795182730783,0.012598111869221646,0.16609227154983147,-0.21396524786584004,-0.19457486088990059,6
n_sim00396,83,1.0,0.6385542168674698,0.1570834182418852,0.6436083539303603,0.2731136098733503,0.059243913705332274,84.0,0.6313233943532204,0.547981855497772,-0.13479893614083463,2.0860229861865975,4.418840607796598,4.430816798843313,1.000088900581841e-12,0.15990504655795681,2.8906157979762552,0.5294679814419725,0.045454731893711776,0.17766333757122327,0.06520276673975493,0.3996021103217118,-0.03463884455796215,-0.08356613370356825,2
n_sim00397,52,1.0,0.5961538461538461,0.13912028267662316,0.7218219647489562,0.21903737125778852,0.08788948378661252,53.0,0.31552795522332033,0.5339874653034931,0.11461190407699333,2.3162202598777095,3.9512437185814275,3.970291913552122,1.000088900581841e-12,0.014102551561978002,3.038081517240703,-0.007381694600315958,0.11343479921584558,0.2736461186055916,0.10681385420834558,0.07715584751864518,-0.11914242776178116,-0.1853898579652355,2
n_sim00398,110,1.0,0.6090909090909091,0.15120389426700165,0.8166447998940352,0.47962774449295825,0.11400345351133913,111.0,0.30554337850753965,0.5163857282727858,0.013927953883204707,1.8480873164506368,4.700480365792417,4.709530201312334,1.000088900581841e-12,0.8155440891315863,3.2636988367517525,0.32374889816954205,0.05663935204032421,0.059325996756193405,0.10035342884908767,0.22843315113487944,0.1594844370479513,0.11631672749785255,2
n_sim00399,36,1.0,0.6666666666666666,0.28038278344299983,0.47699224050861694,0.10179562156837241,0.024976854677276967,37.0,0.34751016366488563,0.5869572822914597,-0.4689684175863013,1.9044530127340584,3.58351893845611,3.6109179126442243,1.000088900581841e-12,-0.8008671030661194,2.178501428214714,-0.9523047287136093,0.5837261627961119,0.020818778832509956,0.2135638422834368,0.16523264256241918,-0.0648790673512521,-0.052300226916962955,2
n_sim00400,37,1.0,0.7297297297297297,0.3091758416268329,0.4036078846019564,0.0814985836956878,0.03881865879672969,38.0,0.4037078846019564,0.5877636148515443,-0.058019009639546544,2.351794974050062,3.6109179126442243,3.6375861597263857,1.000088900581841e-12,-1.0830813108930688,2.8692332979455304,0.8400045452186509,0.0,0.49067614914736213,0.09189823514995277,0.40171782244028315,-0.03295341497670523,-0.0033265574195723607,2
n_sim00401,44,1.0,0.5454545454545454,0.15282960920545544,0.40382788619672705,0.22040291537055262,0.06939779349247392,45.0,0.4935340814849422,0.49352346928687113,-0.49242933428966257,1.4941145383837993,3.784189633918261,3.8066624897703196,1.000088900581841e-12,-0.12583636664247655,2.6285874018584203,-0.27810211097762344,0.08906930688374617,0.1223229773890752,0.11818100215000442,0.30740767631680915,-0.08824331472542786,-0.06206973190790782,2
n_sim00402,15,1.0,0.7333333333333333,0.2618356355918882,0.3684051308005265,0.10961028836513066,0.10196418270225771,16.0,0.660114059107029,0.6499317092453261,-0.7204327202645863,2.2293542339665255,2.70805020110221,2.772588722239781,1.000088900581841e-12,-0.716336209244942,2.6357405605611413,-0.9548072710302393,0.017123558160425285,0.0,0.9351656333916648,0.04771080843878663,-0.1630947944533901,-0.31728946620052323,2
n_sim00403,33,1.0,0.5151515151515151,0.2425097460287089,0.6620486761020914,0.44076684049301657,0.22300047604881268,34.0,0.6272709119447155,0.458178155985116,0.34018564804192436,2.6477154135262486,3.4965075614664802,3.5263605246161616,1.000088900581841e-12,0.6340409341914305,2.8151654383346627,1.417145212733595,0.015145845497912987,0.06885180574023803,0.011040339271221514,0.5207329071198746,-0.07853202082647683,-0.06036581950984466,0
n_sim00404,89,1.0,0.6404494382022472,0.171275227945753,0.5587998316844949,0.1685006907187054,0.020409533337056782,90.0,0.5588998316844949,0.5490569683746243,0.43414706174736556,3.2510145986201233,4.48863636973214,4.499809670330265,1.000088900581841e-12,-0.38054712582392397,2.3776986323820695,1.3716492443233497,0.25747523936933303,0.047681326697314376,0.1410869220806903,0.4121471852533315,-0.06654648416779207,-0.1144387166035797,0
n_sim00405,49,1.0,0.6938775510204082,0.2461016289553719,0.813295093655219,0.12938749456308843,0.05116862578031162,50.0,0.813395093655219,0.5778749990154983,-0.2628006013590974,2.487303591225603,3.8918202981106265,3.912023005428146,1.000088900581841e-12,-0.15964352833342776,2.9641351285541395,-0.10249730222978795,0.3030093425825513,0.028278658369241233,0.43025710775732917,0.21904178559482954,0.05488916219049096,0.09841302163724185,2
n_sim00406,30,1.0,0.7666666666666667,0.4862610731391723,0.04100863680224182,0.0013101448940148893,0.0007589758287580885,31.0,0.026320937624379447,0.2506664452279633,-0.5030881559937189,2.3669223460802393,3.4011973816621555,3.4339872044851463,1.000088900581841e-12,-2.973553457523983,2.855274274604466,-2.1618196729280834,0.18701439696347166,0.6592369231748403,0.10858359090296402,0.024088658284842336,0.0003830338115411296,-0.007126819573912078,1
n_sim00407,51,1.0,0.7647058823529411,0.40009617917311774,0.4197845156858885,0.07471951151850341,0.04606829030582082,52.0,0.5801154843141115,0.46538867628967834,-0.009808358729450836,2.2092798742118216,3.9318256327243257,3.9512437185814275,1.000088900581841e-12,-1.181710370025159,3.448209243124907,-1.08563980317451,0.6701422684937455,0.08250439285864881,0.22060493166119732,0.02663181370715941,-0.08657886395845277,-0.09032917133603388,2
n_sim00408,30,1.0,0.7,0.41796867210516636,0.1856849001297789,0.04471588919701348,0.016724651681927234,31.0,0.20447949973874177,0.5623980168786993,0.4262751096745155,2.439124673855253,3.4011973816621555,3.4339872044851463,1.000088900581841e-12,-1.2913801619355054,2.4177522591778304,-1.142793994008263,0.09207640581642962,0.49233271353040625,0.35290437295502675,0.06268650767577391,-0.41000940311303147,-0.3734090521624678,2
n_sim00409,106,1.0,0.7169811320754716,0.2598150503923392,0.8435668970506541,0.2971270539543638,0.10732469009079823,107.0,0.3863730913028321,0.6221969879885598,-0.5929359043588145,2.038522373107594,4.663439094112067,4.672828834461906,1.000088900581841e-12,0.22572455407115927,3.645137981875776,0.15403131993562513,0.07252576217768426,0.03831342847756419,0.11027373538996664,0.05572029619949405,0.5301980978394467,0.23708198428222724,2
n_sim00410,115,1.0,0.6347826086956522,0.19127400886553902,0.7046971147610382,0.20869647183219536,0.02445745615760512,116.0,0.6919567859410192,0.537698548743413,-0.15254673073955888,2.249575655214115,4.74493212836325,4.7535901911063645,1.000088900581841e-12,-0.021127396652966254,2.6009863441174397,-1.5991413531611642,0.20448538662305496,0.10426480061126511,0.4149802784309462,0.052515624350292764,-0.056160380164695614,-0.05202825062565862,2
n_sim00411,40,1.0,0.625,0.41160670599395993,0.2549355347793715,0.019673010026629092,0.006948214147084064,41.0,0.8070261902996987,0.463363756765853,-1.172985497841797,1.8212671456719816,3.6888794541139363,3.713572066704308,1.000088900581841e-12,-2.0689076743232495,2.6481164745695858,-1.4498449721987532,0.4163626197750903,0.4220400059721755,0.031480383193305796,0.06035840275541912,-0.016947240742602926,0.1036484264375086,2
n_sim00412,93,1.0,0.7956989247311828,0.34117683238704405,0.40450351523920725,0.09163134893991137,0.026924140010178035,94.0,0.6573150446635352,0.4439143443101729,1.538935197753447,3.6529050264676086,4.532599493153256,4.543294782270004,1.000088900581841e-12,-0.8994462216605634,3.307849324044632,1.7323430389359311,0.07160948630943437,0.4963693174166221,0.3432040973702319,0.012034719123183454,-0.17065368313075313,-0.08711967114313472,0
n_sim00413,76,1.0,0.6842105263157895,0.3456393413977781,0.40080042232388285,0.05038964993948732,0.012256013789853575,77.0,0.3471328097467391,0.37016452246872034,-0.5179476527295245,1.8468188420088034,4.330733340286331,4.343805421853684,1.000088900581841e-12,-1.5035400937007146,2.9169642813636125,0.36098296191844387,0.18721359389709086,0.352589205845889,0.44283537564973013,0.008923638752194749,-0.11325576207880703,-0.20444964084997286,2
n_sim00414,52,1.0,0.6153846153846154,0.48520948423218463,0.06071906334965205,0.011520327581363008,0.0016924785551701278,53.0,0.939180936650348,0.023153320978374584,2.5307217380674123,2.9218643717557997,3.9512437185814275,3.970291913552122,1.000088900581841e-12,-1.6010430634003157,2.0333246791317845,-1.7708169543159218,0.426626180332997,0.030698997718507703,0.1461027709911968,0.23662659206100964,-0.14044676672600082,-0.18142716060905187,6
n_sim00415,108,1.0,0.5555555555555556,0.2295145832331698,0.8276078943347854,0.27127634468952816,0.027744984604504717,109.0,0.7904296943286048,0.44835159832812765,0.32413348019333615,1.5823482749299231,4.68213122712422,4.6913478822291435,1.000088900581841e-12,0.49325731693866304,2.402048292229376,-0.5932346929915565,0.1696175467057102,0.28810175656295434,0.2341734364427572,0.1450913874018043,-0.07621176643141106,-0.08725698217662024,2
n_sim00416,99,1.0,0.5858585858585859,0.08829355190155111,0.5627094688557837,0.6566638029844022,0.17443932495019063,100.0,0.39800377589074143,0.514983071860342,0.08024768962120561,2.3805352228045473,4.59511985013459,4.605170185988092,1.000088900581841e-12,1.0082147856489474,3.2695246510288047,0.929433200765994,0.05950318651671522,0.0262563566715276,0.008294374933829396,0.2809122147729939,0.09536575478785003,0.048982980987059145,2
n_sim00417,117,1.0,0.6581196581196581,0.26370728207338573,0.8795660112292203,0.13759921362920113,0.038211654820861383,118.0,0.7263623527232045,0.5326059396385598,0.5467397355444605,3.365388840953508,4.762173934797756,4.770684624465665,1.000088900581841e-12,-0.36775328516086686,3.4809692924963107,0.7957634171010162,0.24935294887157672,0.09895216729789522,0.0787051288899871,0.43598439295601477,0.04563370148598313,-0.013326974389924567,0
n_sim00418,101,1.0,0.7722772277227723,0.48779443851118715,0.06471031811800917,0.015924637286261204,0.002595349907000141,102.0,0.045690868415232504,0.05286440760954914,2.8101722624269554,3.3222990934539642,4.61512051684126,4.624972813284271,1.000088900581841e-12,-1.0072634144872818,2.8009744325072297,-2.1887631889529002,0.40588376585457736,0.11761513060390451,0.15334760242386347,0.015843696270446163,-0.0868626111838733,-0.0613284367460644,6
n_sim00419,76,1.0,0.8026315789473685,0.2733376566830549,0.540812999827228,0.17172872486129256,0.05315826211368204,77.0,0.7650973192643176,0.702609095734272,-0.5696699968748328,2.394380012549437,4.330733340286331,4.343805421853684,1.000088900581841e-12,-0.04550301460438833,3.1580908308418856,1.1180578467706848,0.027229152101626672,0.03397551544972479,0.1367095109299374,0.5760332940248231,0.02389246806244847,0.04778668596099081,2
n_sim00420,46,1.0,0.6521739130434783,0.1363868110482204,0.7391567393091572,0.862635264503072,0.44930040996491255,47.0,0.492673271868348,0.6008520926493806,0.32636038799898764,2.616508455901158,3.828641396489095,3.8501476017100584,1.000088900581841e-12,1.2387457939904083,3.176341159947619,0.9432264111403309,0.0026797188327503906,0.08701271852550176,0.010427016071564531,0.3752473414199138,-0.025965470497035178,-0.05698735040857587,2
n_sim00421,102,1.0,0.7352941176470589,0.41607871838877974,0.30220177541028337,0.059313824941445735,0.015340967449780507,103.0,0.21088558606328,0.29943371307299244,0.7181225457490734,3.0051051669117257,4.624972813284271,4.634728988229636,1.000088900581841e-12,-1.0316293684903026,3.272657258272698,-0.058427513266999465,0.3417064142265416,0.4647468951219414,0.17717713769244445,0.01581136408178732,-0.0851513292493019,0.005128718786322968,0
n_sim00422,83,1.0,0.6265060240963856,0.1994812470550149,0.5086293690915764,0.16784988322536112,0.024161435409970743,84.0,0.43400014738702886,0.5472748313578195,-0.1897753018224726,1.9355438984581668,4.418840607796598,4.430816798843313,1.000088900581841e-12,-0.38081338480231264,2.4805283635921027,0.4178771382594522,0.08595202990719264,0.19653927346591235,0.18829014176281933,0.411353880461487,-0.025561141081887857,-0.016335420030479858,2
n_sim00423,58,1.0,0.5689655172413793,0.45715585833513095,0.18809402835111455,0.022655173710495292,0.006371070575918066,59.0,0.8118059716488855,0.07766365130135874,2.81004833683489,2.484065707434625,4.060443010546419,4.07753744390572,1.000088900581841e-12,-1.9085913319963543,2.791822283164591,-1.2966341266280652,0.3754281877237522,0.30546517119595595,0.12145999517327277,0.13642193587947682,-0.016788479070095383,-0.2010032948335553,6
n_sim00424,15,1.0,0.6,0.14195406618701714,0.49982308774420425,0.15413064248980665,0.04552559458012918,16.0,0.6697727836839091,0.5678828294944704,-0.3934659395041694,1.397802345963682,2.70805020110221,2.772588722239781,1.000088900581841e-12,-0.36116362823164727,1.4885243164314628,0.1321244644684108,0.22270991778872917,0.19126251309100123,0.3398615591553376,0.09326820739205018,0.10844445239188331,0.0625090821206427,2
n_sim00425,40,1.0,0.75,0.2174343663221653,0.5415062974222647,0.15083922760578614,0.0838794944285328,41.0,0.3576445670343572,0.6902150274791996,-0.39557305405956955,2.274673411217423,3.6888794541139363,3.713572066704308,1.000088900581841e-12,-0.4207116173580086,3.1020460808000774,-0.16191652452416372,0.25679416590191645,0.12024423025809466,0.6179925921557694,0.004969011677589948,0.027585039167988618,0.06633537712657311,2
n_sim00426,73,1.0,0.6575342465753424,0.3269916257386113,0.6327622577635688,0.10223591217435626,0.027906238159954827,74.0,0.6328622577635687,0.4686915108093721,0.5846672673880269,2.4892572125618257,4.290459441148391,4.30406509320417,1.000088900581841e-12,-0.8209516071089591,2.9920266870828267,0.27026552330956305,0.172534233489101,0.4056293170569459,0.3502183197778976,0.04305733062001856,-0.13942964861137083,-0.13814051944697125,0
n_sim00427,75,1.0,0.6666666666666666,0.2529434822810406,0.8100454895638781,0.21897818345169387,0.054626875874861744,76.0,0.20890566440984837,0.5480337149658469,0.22645691820618466,2.702543578341713,4.31748811353631,4.330733340286331,1.000088900581841e-12,0.28142737945204455,2.9290420010846336,-0.9227107736174534,0.1163001805064441,0.32915044659005016,0.31770135413176664,0.22333239787855913,-0.09392864190757355,-0.09002923993885133,2
n_sim00428,118,1.0,0.576271186440678,0.22050562212044822,0.4616318922049201,0.19111146607108312,0.029032876111701675,119.0,0.3175408506517535,0.4700603971998438,-0.05296769720127,2.297880200920661,4.770684624465665,4.77912349311153,1.000088900581841e-12,-0.12569701555836435,2.886256620968941,-0.8409461664264604,0.19129768010406412,0.23864802937056584,0.11697067076744985,0.22825582471630568,-0.0016885714135415415,0.047534098613679604,2
n_sim00429,74,1.0,0.5675675675675675,0.2369509484357162,0.5909166805735051,0.19611117005389875,0.035916478155246456,75.0,0.38867665205276364,0.48346110290820987,0.061567252233908916,1.981575888071984,4.30406509320417,4.31748811353631,1.000088900581841e-12,-0.19193682795968167,2.606579591989567,-1.140587099523132,0.391722705412057,0.18489690609119672,0.2058368241337753,0.10947203857933549,-0.051707328540159844,-0.04532622873874223,2
n_sim00430,56,1.0,0.8035714285714286,0.4292956889470914,0.18077158822193407,0.033583738756846705,0.01601009429631478,57.0,0.8255374767218199,0.3514091660193387,0.2920441708056095,2.8906026066086046,4.02535169073515,4.04305126783455,1.000088900581841e-12,-1.4559473501525189,3.2845291217099546,0.44644374329645803,0.1077261060829982,0.8138006195138388,0.042081221228302046,0.03630409352688357,0.09124025227433066,0.055099121900220156,0
n_sim00431,52,1.0,0.5769230769230769,0.3045630239960445,0.4144769602838513,0.1887010383516697,0.05993185358890088,53.0,0.5520259413801794,0.48466012457653157,0.03331084036117641,1.534148549209632,3.9512437185814275,3.970291913552122,1.000088900581841e-12,-0.2704111322974483,2.8042879065288706,0.40486592441948466,0.09550602300568267,0.15026406861308036,0.07473481471658552,0.11179049887625626,0.02357050642235681,0.002355724803147136,2
n_sim00432,10,1.0,0.5,0.3317284359203139,0.29977873667787747,0.04815866810043316,0.041206458769929066,11.0,0.7428905015417893,0.41272792031977595,-0.9638280839505241,1.477866831225506,2.302585092994046,2.3978952727983707,1.000088900581841e-12,-1.3777942947291422,2.1466789582437795,-0.31468607824986694,0.041996953124704556,0.855639501556373,0.08798527158605574,0.014277482936468544,-0.1628507480322533,-0.1859514184485623,2
n_sim00433,79,1.0,0.620253164556962,0.27914400634896575,0.4335277481207609,0.11587301045298427,0.03824324526937338,80.0,0.4336277481207609,0.5166002212783612,-0.4532969958316153,1.7905091633843475,4.3694478524670215,4.382026634673881,1.000088900581841e-12,-0.7511878607185262,3.260919948255249,-0.1332081077474646,0.11581923085467585,0.19017403923786635,0.18200935176428723,0.16363688237640578,-0.060922578463921205,-0.041637009718278856,2
n_sim00434,100,1.0,0.61,0.26786621243803327,0.6475233260373173,0.09649196223095301,0.013513540306090858,101.0,0.3941068425893905,0.3232364465574103,1.6551671526466583,3.701950615252244,4.605170185988092,4.61512051684126,1.000088900581841e-12,-0.906110718322888,2.639402641520063,2.8329132440059466,0.10557754206280236,0.4521164760275716,0.28718367411745355,0.12190168153896114,0.06269330770647205,-0.04113381560155926,0
n_sim00435,11,1.0,0.45454545454545453,0.3194467881438121,0.15959651356545743,0.028699904336801585,0.02189036431777793,12.0,0.23940554733939687,0.414064379338599,-1.6049357569850253,1.7281544361067698,2.3978952727983707,2.4849066497880004,1.000088900581841e-12,-1.8476101982348554,2.1270480374240903,1.428894846399237,0.12817323179080692,0.08060830236627071,0.0077756627724857134,0.7674560129525814,0.15976433132208961,0.10827329580571522,2
n_sim00436,13,1.0,0.6923076923076923,0.19349079308668998,0.5910908393234181,0.19022045228489443,0.13828553700383384,14.0,0.6646275481726489,0.6572471431288134,-0.15948592226675615,1.8547575328816748,2.5649493574615367,2.6390573296152584,1.000088900581841e-12,-0.158529562826345,2.2460863388786922,-1.878802217892521,0.1276578112667097,0.034948268725552484,0.7269751246096067,0.11041879539287419,-0.1807252588746803,-0.18764609991987197,2
n_sim00437,117,1.0,0.5555555555555556,0.15636887862962282,0.42750297138752263,0.243775478644702,0.08362352813531677,118.0,0.7413050951127301,0.47327140117762295,-0.31374975438006275,2.001699323365633,4.762173934797756,4.770684624465665,1.000088900581841e-12,0.23994124238221098,3.6922512196613244,-1.1820153640469406,0.13830321557770847,0.15001688346243955,0.11575510415166895,0.09285653764843686,0.004306977756235563,0.03390152093731589,2
n_sim00438,90,1.0,0.6555555555555556,0.10919155570885268,0.6327149365545015,0.411046657528355,0.17647304984449833,91.0,0.4667470756291958,0.5866155930008382,-0.005255186853723259,2.4254951096690562,4.499809670330265,4.51085950651685,1.000088900581841e-12,0.5016786505997348,3.6542711127126406,-0.8233460363148124,0.11619079312889592,0.06020787215570988,0.22120088304073723,0.08771437878571531,-0.09894589352371527,-0.09761829139634656,2
n_sim00439,38,1.0,0.5,0.10805070947322473,0.5969214075672487,0.4238675591104994,0.11368724410187853,39.0,0.5047360249487635,0.45400699811785405,0.2610172058607197,2.0205469591226453,3.6375861597263857,3.6635616461296463,1.000088900581841e-12,0.5280498517392123,2.3216163191819876,-0.018547358129456237,0.19310887659620596,0.06670982933267296,0.15818435991035182,0.32854171807951654,-0.13475149288988278,-0.09991695640826614,2
n_sim00440,98,1.0,0.6326530612244898,0.10994558348232938,0.6446205862921723,0.2284288858322032,0.04483008105401922,99.0,0.36426748350586957,0.5444986577469295,-0.24467382687496392,2.3427577892884996,4.584967478670572,4.59511985013459,1.000088900581841e-12,-0.013686126755826072,2.9566219043065223,0.24636135670194903,0.20737623281531128,0.05193505290117212,0.1015733040141957,0.3983879350860352,-0.10494943449706454,-0.026043714396678706,2
n_sim00441,79,1.0,0.5443037974683544,0.18058471513279528,0.6405416394785615,0.6311722110567047,0.18513153255870476,80.0,0.24989046795815362,0.4710594669078358,0.4432592923783042,1.684748537735795,4.3694478524670215,4.382026634673881,1.000088900581841e-12,1.2140920896870437,3.142935668611066,-0.2795130151215078,0.06626037190402619,0.03738336661946627,0.1633140198725292,0.1841305683083778,0.06120895990303271,0.12869281076806685,2
n_sim00442,64,1.0,0.65625,0.28293136836251487,0.6026710300167608,0.12183255909406725,0.0380806555320124,65.0,0.39722896998323914,0.3808890616773337,0.7021236107986606,2.578209908978239,4.1588830833596715,4.174387269895637,1.000088900581841e-12,-0.6756473570028969,2.9959418716403072,1.008301675777491,0.32135582888751085,0.20725013864453926,0.41968846448723984,0.037027375452921715,-0.06740730531399883,-0.04300097278061022,0
n_sim00443,104,1.0,0.5769230769230769,0.3540400442224422,0.4129163492081509,0.07911481263170338,0.02207687847081239,105.0,0.6729865015596079,0.26519663080373984,0.8329247946809123,2.846581011059186,4.6443908991413725,4.653960350157523,1.000088900581841e-12,-1.0230713211497982,3.3680216138172354,1.5257370030783015,0.1452550349158618,0.30160770620521427,0.48564242087173176,0.024099893787904145,-0.1127750630053907,-0.09873669423798286,0
n_sim00444,42,1.0,0.6904761904761905,0.3339984865703649,0.6042218793785523,0.08768019769677146,0.028345086114031574,43.0,0.6043218793785523,0.46415455990046556,0.08174080021130398,1.8100328400687704,3.7376696182833684,3.7612001156935624,1.000088900581841e-12,-1.0032566659439397,2.608427225728591,0.5295295537900069,0.46288718173822785,0.3378702257676434,0.14519011041146196,0.045005927240947305,-0.010278668607464509,-0.04712238849814553,2
n_sim00445,54,1.0,0.6111111111111112,0.1532544413652247,0.6294183300578952,0.37133083069256106,0.12309535879973166,55.0,0.5140937404249277,0.5541219493210146,-0.1630675998123088,2.1884106887895163,3.9889840465642745,4.007333185232471,1.000088900581841e-12,0.3964273242118975,2.88484998403439,0.7885765324891945,0.0004357624155521626,0.06704391644893673,0.05787678599589327,0.44371188092786,-0.12571338242536717,-0.07640443656532059,2
n_sim00446,82,1.0,0.6829268292682927,0.1403089866026558,0.5774042772334892,0.3994941827893172,0.10083051693154291,83.0,0.4796749674003459,0.6156995641539309,0.01823906730116698,2.0495903859925098,4.406719247264253,4.418840607796598,1.000088900581841e-12,0.4703920805737084,3.0299611003521156,0.06480122879313122,0.01822336719229459,0.09742578360431949,0.2702598565265078,0.45836666732126147,0.044167476034318864,0.03363371321560007,2
n_sim00447,87,1.0,0.6666666666666666,0.4476835291089559,0.29010694303442724,0.04166721315962683,0.007760974479410015,88.0,0.29020694303442723,0.232887514438378,2.8080261733450644,3.4328694773415975,4.465908118654584,4.477336814478207,1.000088900581841e-12,-1.5980978802688348,2.785301455870761,0.23770651381322594,0.5092213461042246,0.08549619341895545,0.2626305758774645,0.13170939605893964,0.010729526381735245,-0.11183235463808293,6
n_sim00448,85,1.0,0.7294117647058823,0.4258133048535838,0.33197154411636454,0.03330332217761458,0.009362712524677685,86.0,0.3320715441163645,0.28124260887091423,0.8526444011942127,3.124145627589313,4.442651256490317,4.454347296253507,1.000088900581841e-12,-1.8961190697461565,3.1737291450918486,1.325402980571814,0.5992182373675886,0.3094053461529737,0.073681069732202,0.013597735523133515,-0.14913132715510702,-0.15234524448520362,0
n_sim00449,91,1.0,0.6373626373626373,0.18629247100507088,0.6658605412851653,0.3658734205756058,0.06416744765184326,92.0,0.6430670859334473,0.5476351614397966,0.19403090801731523,2.4115439466547257,4.51085950651685,4.5217885770490405,1.000088900581841e-12,0.46624580729365805,2.7700681143057286,-0.7471348851009323,0.1848700643364301,0.12402751237151259,0.1334264736281009,0.16227468611856388,0.069433909201168,-0.09265579901122471,2
n_sim00450,103,1.0,0.7378640776699029,0.4814701573108935,0.07429485366420385,0.023939911973150513,0.0055197252809854646,104.0,0.9288191857843933,0.07571428306931478,3.3922683170291936,3.4965885995812798,4.634728988229636,4.6443908991413725,1.000088900581841e-12,-1.0158351033878377,3.167510052076262,-1.8874192217593868,0.35368260782774175,0.43153707938163294,0.07915647247075128,0.0850146534518915,-0.2566347756385534,-0.11015653995588955,6
n_sim00451,19,1.0,0.47368421052631576,0.30224206914278423,0.6226506189376652,0.07458132058181796,0.02978278284696595,20.0,0.6227506189376651,0.2724896577359963,-0.5415831206715094,1.2156108619537471,2.9444389791664403,2.995732273553991,1.000088900581841e-12,-1.1474072445086307,2.0264793671674024,-1.0828807968127128,0.6043393165150759,0.1500084782303794,0.19584355588215335,0.0496010662507417,-0.3933672004206066,-0.3527701917818379,6
n_sim00452,15,1.0,0.8,0.39481327534882593,0.19807778308617052,0.02377119933628391,0.022110604207499936,16.0,0.2854557753558988,0.7335935251009954,-1.4282117178816163,2.413544346312608,2.70805020110221,2.772588722239781,1.000088900581841e-12,-2.1495019910544406,2.6356327863730247,-19.805879741162293,0.9999999999579323,0.0,0.0,0.0,0.9281300478209414,0.8701809318129079,1
n_sim00453,118,1.0,0.7372881355932204,0.45221577336387575,0.14668103530113674,0.04622043351506612,0.009441276602294883,119.0,0.8871708883745293,0.2591824844011637,1.389634791786102,3.1056973336496716,4.770684624465665,4.77912349311153,1.000088900581841e-12,-0.7727347469485824,3.182353842141861,0.6081713927510866,0.21031186779649952,0.3226905633646116,0.37570988764224506,0.04811255828216309,-0.12352766355079604,-0.05754869796482802,0
n_sim00454,11,1.0,0.45454545454545453,0.10056923659783211,0.5105363834144864,0.30899926514749676,0.2606473987899434,12.0,0.39732196861424296,0.4193465896962436,-0.3601163139906905,1.5939553433935691,2.3978952727983707,2.4849066497880004,1.000088900581841e-12,0.25496411215139425,2.227724905494647,1.9658069961384244,0.02689866383876142,0.05242712271390816,0.07540123941006721,0.8435210959633942,-0.087022209920377,-0.2194381679405284,6
n_sim00455,82,1.0,0.6829268292682927,0.4027456832676132,0.32620430566126407,0.05099644944761721,0.008692434163578514,83.0,0.3238131247758384,0.28787306902336407,0.8657529825354401,2.0572247884393997,4.406719247264253,4.418840607796598,1.000088900581841e-12,-1.457124763865397,2.637416245081855,0.4840515580398912,0.40275498002022486,0.49142548382038187,0.06370069951061111,0.020468966961598594,0.08957254619325457,-0.11757438460049381,0
n_sim00456,113,1.0,0.5929203539823009,0.32900519587229476,0.5276542684419154,0.1604972300875394,0.029536355266874117,114.0,0.5854364476117813,0.4372005096578122,1.4623739877365594,3.8972895390682143,4.727387818712341,4.736198448394496,1.000088900581841e-12,-0.41355195580800674,3.034733020156973,1.4442753565962076,0.3571908313675357,0.27588903358771405,0.16347889055694173,0.12972878989213424,-0.06304412825322885,-0.03256001269354761,0
n_sim00457,33,1.0,0.5757575757575758,0.31176524178790244,0.36107516980808385,0.12138009092064699,0.028354114367554386,34.0,0.33135768174548874,0.5018333583960589,0.0748750406460326,1.3965744270370424,3.4965075614664802,3.5263605246161616,1.000088900581841e-12,-0.6017655188033818,2.0423528390116528,-0.6358470102913696,0.41596889400859666,0.29274451446437816,0.05111582699447127,0.0946628443447673,-0.03393559222264593,-0.08936600422126208,2
n_sim00458,31,1.0,0.8064516129032258,0.4866277324939087,0.0915877421621748,0.009435969692477246,0.00616664190877782,32.0,0.06397517606108401,0.24598181154095475,0.35716717923374264,2.1955610406546215,3.4339872044851463,3.4657359027997265,1.000088900581841e-12,-1.847852902791639,3.0086126803407027,-7.968112335213255,0.7651112206754087,0.0,0.23485378714981825,3.499206879556395e-05,-0.2626940580152329,-0.09694447364277402,1
n_sim00459,20,1.0,0.65,0.3051329393073448,0.2779802130548509,0.16828386547213503,0.07727299885002029,21.0,0.8624330342502726,0.5804473695875146,0.3389276475839354,1.9921383570331077,2.995732273553991,3.044522437723423,1.000088900581841e-12,0.34953918129094,2.217424635720495,1.0490988889559318,0.08858214916212125,0.04675768061188979,0.16366251455391295,0.24181519849613128,-0.04657058935872103,-0.06223670150908839,2
n_sim00460,27,1.0,0.6666666666666666,0.17083245838253372,0.6627833391094011,0.5070582215577403,0.3710361602196693,28.0,0.5279142277435325,0.6104036642353847,0.1568723204200682,2.0332364072818914,3.295836866004329,3.332204510175204,1.000088900581841e-12,0.7102865983843281,2.9835105582932924,0.0031622613100296404,0.11876491494098643,0.07338669433214384,0.005654045779250078,0.06471370990549175,0.04916371272458225,0.08670475764473128,2
n_sim00461,71,1.0,0.7605633802816901,0.4048288851145664,0.34618793752688887,0.038627734731950795,0.014670319690747306,72.0,0.34628793752688886,0.5379186792245407,-0.47787830871296133,2.418619390113861,4.2626798770413155,4.276666119016055,1.000088900581841e-12,-1.768211787588756,3.294535724499254,0.4615247712684417,0.5569253662314629,0.04539682073015941,0.0035406033532598908,0.3761520250807292,-0.18419300344340575,-0.10419084203459464,2
n_sim00462,27,1.0,0.5925925925925926,0.33034439098742824,0.9714036977330162,0.26198100322777235,0.1073251701564519,28.0,0.7263486254848404,0.46821425043590686,0.9511384183743006,1.4780028345338274,3.295836866004329,3.332204510175204,1.000088900581841e-12,0.2761422329191191,2.4034280710834772,-1.735886243370075,0.233751582303513,0.01876979128814674,0.3227574766794527,0.409700759861393,0.046200715175100285,0.044242682935551635,2
n_sim00463,47,1.0,0.5957446808510638,0.16462581675035645,0.8164325895255841,0.607771531824344,0.48566010070140914,48.0,0.38421313122658846,0.5373746263781263,0.21370996326333364,2.9631073498586282,3.8501476017100584,3.871201010907891,1.000088900581841e-12,0.9434559810354112,3.625857558260117,1.7720669413018508,0.032823748294451095,0.012411817412804034,0.05536992476328281,0.08644653264723162,0.03958564043333475,0.04376329020716949,0
n_sim00464,94,1.0,0.6914893617021277,0.3059936340642256,0.919133105799878,0.28025207643564154,0.0949274094043466,95.0,0.31900133769185285,0.5603970212427006,0.6417094793690238,3.0777429754407883,4.543294782270004,4.553876891600541,1.000088900581841e-12,0.2546891121223128,3.4607177987794397,0.5283020807486305,0.05066863742150925,0.05571625313142212,0.19794925083235526,0.03330735339090707,-0.0300246043446143,-0.04921725610713954,0
n_sim00465,63,1.0,0.6666666666666666,0.1916668499770782,0.6193769246447033,0.22070233178985538,0.06369221563976793,64.0,0.39487805400960446,0.5968325516157666,-0.14853774142368628,2.688943256170112,4.143134726391533,4.1588830833596715,1.000088900581841e-12,-0.07943683693295629,2.9003821991407106,-1.4639530514780326,0.03590198012758186,0.4506824741560947,0.17813338448921326,0.08826326514703088,-0.10010251429513227,-0.1085406376927194,2
n_sim00466,27,1.0,0.6666666666666666,0.27328855394605167,0.6581417643978185,0.1769369192860535,0.15681340731723148,28.0,0.6546079288743198,0.5891824214975334,-0.30850805349922583,2.8829276778798967,3.295836866004329,3.332204510175204,1.000088900581841e-12,-0.24516812454080836,3.1751001951306206,-3.38849330749861,0.07115494900243705,0.034135048294367934,0.886267308988382,9.32283280356194e-06,-0.08708332621226479,-0.11238116107248647,6
n_sim00467,86,1.0,0.6511627906976745,0.22081307403147238,0.5901121588706442,0.32630036202043966,0.068938620912956,87.0,0.5340675558655821,0.5638419689685992,0.0998163467878995,2.749724912377294,4.454347296253507,4.465908118654584,1.000088900581841e-12,0.2710105980329372,2.8997455396595875,-0.11134881918168729,0.25386434156477955,0.02998352880651755,0.03251103003717066,0.345316032167961,-0.029725750378902772,0.03513260111637189,2
n_sim00468,82,1.0,0.6219512195121951,0.13169052610040538,0.6708438355990227,0.23855705487982445,0.08825376522428478,83.0,0.6366301491051352,0.5292776662736101,-0.3589326580452546,1.8432328488811034,4.406719247264253,4.418840607796598,1.000088900581841e-12,0.030753722659977847,3.4123271017323833,-0.43618985517866327,0.13748845624268952,0.19327355784525324,0.043909343963989544,0.19901474385821405,-0.019089354642491545,-0.11094118628566528,2
n_sim00469,39,1.0,0.6923076923076923,0.172901045419289,0.7794679638121663,0.37806037871251974,0.3160110470679237,40.0,0.6820790183923496,0.6344731793299612,-0.5486115081847817,2.162397480724963,3.6635616461296463,3.6888794541139363,1.000088900581841e-12,0.5558608136183796,3.4842849031737324,-0.20419435418513904,0.033249228174572085,0.04538873870958272,0.06310391480122501,0.022383573237297325,-0.06230020313243225,-0.08378768475927441,2
n_sim00470,17,1.0,0.7647058823529411,0.3182123894404209,0.8083584802276148,0.18264710533256895,0.0773054828682354,18.0,0.19154151977238518,0.5841049658087607,0.07043256018084273,1.534911747301236,2.833213344056216,2.8903717578961645,1.000088900581841e-12,0.16507726175836573,1.97342232183524,-1.4163170055664716,0.10254452802558414,0.38324160149277864,0.42325052306223065,0.09096334741393147,-0.28857820567875364,-0.33425403545721627,2
n_sim00471,9,1.0,0.6666666666666666,0.16658575419939786,0.3975066662385745,0.08994797801880024,0.05259929135208558,10.0,0.4081776627827411,0.6399016261795393,-0.6668287434191724,1.2801874664656556,2.1972245773362196,2.302585092994046,1.000088900581841e-12,-0.9879222512254326,1.6606957433164653,-20.461902200986053,0.0,0.8991588260519772,0.10084117393690521,0.0,0.06753937358167694,0.02889845784305677,1
n_sim00472,103,1.0,0.7087378640776699,0.4598297501217712,0.14229407837358596,0.026160297890461315,0.0024922273358285625,104.0,0.14239407837358595,0.20202044444977946,2.6273292473829453,3.3179401328781086,4.634728988229636,4.6443908991413725,1.000088900581841e-12,-1.5407449160459203,2.2836628939391925,0.22790759216692846,0.28233312757758383,0.1984601456005068,0.42889347971547287,0.0690960608883537,-0.27975770323831384,-0.1684730238011359,6
n_sim00473,49,1.0,0.6122448979591837,0.3516087100641542,0.4098356301604328,0.21234635940800084,0.046716798153236525,50.0,0.6975351982431027,0.4477917607909409,1.4585985513087787,2.9163824875786517,3.8918202981106265,3.912023005428146,1.000088900581841e-12,0.006456102569303646,2.377705389080951,-1.6796163986446728,0.06544043126432852,0.09569567491402942,0.08930289873330295,0.3208366447537937,0.10059599586897155,0.17237424801310303,2
n_sim00474,25,1.0,0.76,0.3906324340431146,0.2836164666969789,0.04489475486857837,0.02311087539707877,26.0,0.17513675835740167,0.5879107756910557,-0.6184186825127064,1.8383131270939046,3.2188758248682006,3.258096538021482,1.000088900581841e-12,-1.1687085010954592,2.554858157650143,-0.3435763202508398,0.2626042417952147,0.5355413641377085,0.1931030748841855,0.001994533266047386,-0.029267105296909797,-0.010794465446214667,2
n_sim00475,69,1.0,0.6376811594202898,0.2604443612672992,0.4916153107273211,0.1883156355105782,0.03574773711335253,70.0,0.2555729069680866,0.5451356094611244,0.5128961366811245,2.9672672193679093,4.23410650459726,4.248495242049359,1.000088900581841e-12,-0.01024789270670287,2.572474006544358,1.1574378709575377,0.18892606148361352,0.13968596600680971,0.06811369410702042,0.41317972282007415,-0.1726093855569477,-0.26874167353054856,0
n_sim00476,112,1.0,0.5714285714285714,0.21656001980211478,0.9130421695540234,0.5988847988469532,0.23314263358920087,113.0,0.323369817726894,0.45700914954533717,1.443975507632847,3.8645160477440945,4.718498871295094,4.727387818712341,1.000088900581841e-12,1.006903057253911,3.7750800415508623,1.6427697202516156,0.05181959061770553,0.12346045521455919,0.04964750188898954,0.31133938921534493,-0.03971327274995295,-0.07343055920988047,0
n_sim00477,117,1.0,0.7777777777777778,0.47963161574597263,0.11182679441814215,0.014634028783316218,0.002503928567344284,118.0,0.0872225099900717,0.08134834300815999,2.3111500726748733,3.081253272493384,4.762173934797756,4.770684624465665,1.000088900581841e-12,-1.6938497431815953,2.9966852972750706,-1.6522584728545175,0.3970402331608477,0.2018113964407075,0.039482356245939744,0.2596118842766564,-0.1019524609795144,-0.15417148166099737,6
n_sim00478,26,1.0,0.5,0.3132953303881059,0.6912170072654963,0.35671915883843686,0.21623816376113383,27.0,0.9588172672160951,0.2863474060212947,2.6275988012377094,2.139868945439933,3.258096538021482,3.295836866004329,1.000088900581841e-12,2.2009845083200195,2.757528145942546,-2.620444695536853,0.012412882088605309,0.0018152335595978814,0.17706370381840264,0.8024631015951446,-0.005236436875080393,-0.21363227876028923,6
n_sim00479,110,1.0,0.7454545454545455,0.4173187194549973,0.3179471663658119,0.04163290135811557,0.0062955016637848814,111.0,0.18912919734813705,0.3022035092833424,1.789507671900246,3.6442519752854436,4.700480365792417,4.709530201312334,1.000088900581841e-12,-1.3038930688720058,2.8114249673465097,2.0529838393081183,0.39932378022585535,0.3757673095014818,0.10729421837378994,0.003232332357492552,0.0630648013430559,-0.0012569820752510086,0
n_sim00480,63,1.0,0.6031746031746031,0.11786300282206298,0.5927200601886103,0.2929635464378222,0.06965029602657025,64.0,0.43584024992264314,0.5451509881046218,-0.6055225050938263,1.7756319040562498,4.143134726391533,4.1588830833596715,1.000088900581841e-12,0.17519023221213859,2.706573490220728,0.3907594136928803,0.036105590170886416,0.059604485286017785,0.17224254596684907,0.19551980215090473,0.15974489309399648,-0.026367546015651076,2
n_sim00481,27,1.0,0.5555555555555556,0.24416953264262617,0.5284139527007059,0.12904577625737024,0.07756916828205179,28.0,0.47148604729929416,0.438297508181812,-0.17021171710997549,1.6352015584261983,3.295836866004329,3.332204510175204,1.000088900581841e-12,-0.6580362399024374,2.786839701969402,0.3761852657340667,0.051215203559066835,0.08984654836653622,0.6706821616735762,0.18261763543058301,-0.31864971259542824,-0.3054199100380961,2
n_sim00482,100,1.0,0.63,0.3353533475936792,0.426374575088566,0.13080257202888854,0.035481535215385954,101.0,0.6798442575311884,0.4210133757593977,0.8028792860557038,3.194041423976118,4.605170185988092,4.61512051684126,1.000088900581841e-12,-0.5092269298624377,3.300493508979065,1.045213068108016,0.07112928429414787,0.42221977838838803,0.33658175829832043,0.16365308914325938,-0.10578372787679152,-0.06744458995755881,0
n_sim00483,23,1.0,0.782608695652174,0.2859313670323874,0.5129134098037081,0.08741973816332171,0.06684085042265317,24.0,0.47767712729746414,0.6986006093882232,-0.6979154576718131,2.3440735860748387,3.1354942159291497,3.1780538303479458,1.000088900581841e-12,-1.0487445918472904,2.8670875483135156,-1.862825742968264,0.09823427287747563,0.7645967813014186,0.1049290608015934,0.03169861643402367,-0.14212610620850846,-0.16777293673041324,2
n_sim00484,67,1.0,0.5074626865671642,0.15567576242135792,0.6841314473513757,0.27322416970948993,0.04857357276416347,68.0,0.4885153208018126,0.442099130066006,0.3900525925502563,2.1898667389329285,4.204692619390966,4.219507705176107,1.000088900581841e-12,0.08935940549336906,2.477479639185912,0.1250505379475565,0.2562047396998795,0.16828252065916097,0.26908329828296873,0.1734004940363058,-0.16870074607833743,-0.16468858321021815,0
n_sim00485,69,1.0,0.6521739130434783,0.12689077361717463,0.5318354039936664,0.3090350845574861,0.12409225936546396,70.0,0.6515955733330653,0.5908599553435493,-0.15542423466658054,2.318462467803128,4.23410650459726,4.248495242049359,1.000088900581841e-12,0.30842205791932026,3.3216770077673923,-0.2413308858554896,0.03893717302219625,0.11032201014445027,0.21085366944074518,0.4069951546965009,-0.10571958895070827,-0.15960359956597134,2
n_sim00486,9,1.0,0.3333333333333333,0.07837501803697793,0.28395437705413257,0.16843009321526287,0.08063008824820049,10.0,0.46099848528305726,0.3087505801514941,-0.34840760079242505,1.1903782949738353,2.1972245773362196,2.302585092994046,1.000088900581841e-12,-0.3888370727813516,1.4605756738286044,-1.7733964456740707,0.05694540040687458,0.16970991806657088,0.5449698244284371,0.009922665647161004,-0.017269951278980553,-0.0538395735933532,0
n_sim00487,106,1.0,0.6415094339622641,0.2428407283820139,0.8474398585363717,0.20729671253152843,0.03751832529513304,107.0,0.5265698995289726,0.5321182440937082,0.7457358703375193,3.3978709683778754,4.663439094112067,4.672828834461906,1.000088900581841e-12,-0.18448192425541896,2.954117420968977,1.0040488632942197,0.26903236000938824,0.05338841699449244,0.4248614912968765,0.19768793225383813,-0.017329925674634525,-0.1544073998630859,0
n_sim00488,87,1.0,0.8160919540229885,0.4317509666007491,0.24714260950617462,0.02385528765879997,0.007441798765732114,88.0,0.7527573904938254,0.3918445321195642,1.5825081786607096,3.871880271114305,4.465908118654584,4.477336814478207,1.000088900581841e-12,-2.0543518880367286,3.301014806820097,2.406477809930832,0.4162301367601098,0.057724693733735746,0.41324786784865825,0.11279730161557687,-0.11915835016945774,-0.070787624542187,0
n_sim00489,94,1.0,0.7127659574468085,0.38994129721199394,0.4141579713844573,0.06421133445182767,0.012195435635655222,95.0,0.5857420286155427,0.42479403676333527,0.83822791208434,2.9409578723793373,4.543294782270004,4.553876891600541,1.000088900581841e-12,-1.3294333442971253,2.8821767901920428,1.3173415617268625,0.5327577808238996,0.23194283387819814,0.12505051014439303,0.05320566183636251,-0.045442434786447106,-0.044850719707188,0
n_sim00490,95,1.0,0.6210526315789474,0.45246138448336143,0.2929441394343645,0.11911722179839046,0.03619453848664499,96.0,0.9713102333541818,0.26893490675148485,3.5045032679091155,4.121900545166432,4.553876891600541,4.564348191467836,1.000088900581841e-12,1.4526769319442583,3.362677062355124,-2.9144159098412166,0.0357025141017432,0.11502192205252006,0.18048004810261917,0.6560241517222595,-0.43406883555114306,-0.20173056396873806,6
n_sim00491,115,1.0,0.6086956521739131,0.24761154288575662,0.44997419645148073,0.3030591487243109,0.048891134068723495,116.0,0.19026556434074254,0.5102143821704201,0.08783285666194904,2.3765101774403283,4.74493212836325,4.7535901911063645,1.000088900581841e-12,0.676556135716008,2.9206002038892547,-0.12850412112567913,0.03918892634916379,0.14493077362591733,0.09856840186812077,0.191056207397727,-0.1308534653115512,-0.029640871687977303,2
n_sim00492,66,1.0,0.5606060606060606,0.24214029859629496,0.5156433251484588,0.19956689011308515,0.057440173242100906,67.0,0.7604465117726504,0.43883112747499553,1.1257201484977157,3.174435726541164,4.189654742026425,4.204692619390966,1.000088900581841e-12,0.09122224684449252,2.94424921358124,1.6021186515075205,0.18001514222601905,0.19932086415518438,0.39766937504161887,0.12124906272153418,-0.008960311411399916,-0.04683759721054192,0
n_sim00493,21,1.0,0.5238095238095238,0.3145839977525861,0.5664956547762986,0.0986767494745354,0.043187697463443156,22.0,0.4334043452237014,0.4317978001381644,-0.24691855138672028,1.6712607444805319,3.044522437723423,3.091042453358316,1.000088900581841e-12,-0.9117124033284849,2.2182287602320825,-2.0257592680478855,0.43766842435512665,0.13108692614060957,0.41281286131590145,0.007639659710177974,-0.2980619118767288,-0.3599324086143761,6
n_sim00494,35,1.0,0.6571428571428571,0.33705595742535205,0.3223863454501755,0.0398271657638499,0.010178602300898731,36.0,0.3224863454501755,0.5523244295743822,-1.0880290021326973,1.6611281172217192,3.5553480614894135,3.58351893845611,1.000088900581841e-12,-1.7021859871802367,2.191086527533423,-0.24418594690742812,0.34159918748509405,0.26703964695187893,0.26470035161664435,0.016041982847966117,-0.0016542549883166607,0.0006142978801639149,2
n_sim00495,74,1.0,0.5540540540540541,0.4547320752343773,0.30575429457988446,0.05105320226859083,0.01367381246478873,75.0,0.21991377436915566,0.06772578291905886,2.6737426493263667,2.3730325790581004,4.30406509320417,4.31748811353631,1.000088900581841e-12,-1.2120164443733767,2.9866793257704387,-0.8507971436529318,0.6357138957626522,0.1976733028210955,0.0673378337684336,0.027683451128273383,-0.30224805898493157,-0.2588210719513655,6
n_sim00496,20,1.0,0.7,0.34779908095599477,0.2870159842339186,0.029175123894130763,0.009503013750351175,21.0,0.8103674182013225,0.6051092468177812,-1.1796407963878877,1.5103341452522305,2.995732273553991,3.044522437723423,1.000088900581841e-12,-1.6615044637655927,1.8740248334012306,-0.39986464820227163,0.32572316691814285,0.16656015278083405,0.434140311337585,0.0636243660865832,-0.06929450247439706,-0.07204103820379329,2
n_sim00497,81,1.0,0.6666666666666666,0.3293251854582894,0.4721804077509364,0.1551964901508276,0.11228423903268449,82.0,0.34967769055281667,0.30567427252066404,1.426124146011686,2.597747034922741,4.394449154672439,4.406719247264253,1.000088900581841e-12,-0.38203267528371065,4.070790666575407,1.1039725341060311,0.17249901952903407,0.7538746056088893,0.0315000573781278,0.009914784849499866,-0.055491015535960024,-0.12076304145872996,0
n_sim00498,86,1.0,0.5930232558139535,0.35063403583724806,0.37171883716310644,0.10038823294629845,0.034607897742109005,87.0,0.2637367097997128,0.37512969154412246,1.2477289735150847,2.6291363806821826,4.454347296253507,4.465908118654584,1.000088900581841e-12,-0.659738802498589,3.389384211225995,1.2444891743956141,0.4113795159301158,0.24141340299198857,0.2699371356163684,0.06728985335219316,0.025475068994141623,-0.16875542073504,0
n_sim00499,53,1.0,0.5094339622641509,0.2861699247879364,0.47964063773246,0.20362251265589876,0.058553496324375426,54.0,0.5193813510333312,0.41518865307803837,0.2635802984628216,1.912552456004278,3.970291913552122,3.9889840465642745,1.000088900581841e-12,-0.2036893893042333,2.723964865230044,0.7204428072533815,0.11491652745428262,0.14472251329218583,0.41959895841504125,0.21331840620688935,0.01088396843334163,-0.03469461280819527,2
n_sim00500,58,1.0,0.6551724137931034,0.4810512484357314,0.11934209030035638,0.013951553191020214,0.0030144433414019847,59.0,0.11944209030035638,0.10324865945214895,2.1806994190900246,2.588368500122599,4.060443010546419,4.07753744390572,1.000088900581841e-12,-2.0200412278277073,2.5282673482088462,0.44938979081263586,0.43557669403768795,0.03301355300269447,0.3388179232433399,0.04591274730255012,-0.22625225096686008,-0.17213537206593532,6
n_sim00501,62,1.0,0.6774193548387096,0.3887462185954425,0.32535811440658535,0.035167430943473056,0.012767405272955588,63.0,0.6745418855934147,0.49489209718125815,0.011068526361275349,2.5692823058306584,4.127134385045092,4.143134726391533,1.000088900581841e-12,-1.8313918690321849,3.1139094464823147,1.0008285126267467,0.45449321804842724,0.286946135488402,0.07851358992183495,0.075702305618065,-0.011883875160336121,0.0324755256362521,2
n_sim00502,27,1.0,0.6296296296296297,0.4588874884878568,0.15134019221673367,0.02138572754886462,0.009920438238611424,28.0,0.8485598077832663,0.25239337826821234,2.405176752886442,3.0126906871476677,3.295836866004329,3.332204510175204,1.000088900581841e-12,-1.7932523032577763,2.527710199885511,-1.8671546273355497,0.4665119216049058,0.06910642475343294,0.29058197899023314,0.13083319615551722,-0.17692451288436747,-0.09153842548120115,6
n_sim00503,101,1.0,0.6633663366336634,0.4248130929328446,0.2564909410678305,0.0709171026491294,0.014104867573985937,102.0,0.11349146581857038,0.3673283437359036,1.530708123895897,2.7873322788893433,4.61512051684126,4.624972813284271,1.000088900581841e-12,-0.3497514897962022,3.0001288447309538,0.43669818552484707,0.12243449643490965,0.41610995958484315,0.1535884582551073,0.1607934665902541,-0.11858887048199035,-0.1736236717316176,0
n_sim00504,14,1.0,0.42857142857142855,0.2464720454037804,0.40944081668417986,0.10069135106319262,0.06421632351227313,15.0,0.42151777409364843,0.3819250742712364,-0.7051870815586654,1.4992411747584233,2.6390573296152584,2.70805020110221,1.000088900581841e-12,-0.8844545800610683,2.1892548602999113,0.6075176679866763,0.09164788419125049,0.1817356514379606,0.6912247095840266,0.0,0.0510031838199958,0.08452530161966497,2
n_sim00505,10,1.0,0.7,0.15502144125123918,0.6468783326382693,0.4706816613330317,0.41845157723686743,11.0,0.5611334820509816,0.6551990362322189,0.1828119809398396,1.871697593715163,2.302585092994046,2.3978952727983707,1.000088900581841e-12,0.64778314557581,2.18496428344921,1.6367274197931139,0.00021045371463331619,0.110756444694221,0.0,0.8890331015890212,-0.0442165926203845,-0.019704675764332984,2
n_sim00506,56,1.0,0.5714285714285714,0.17413564572650378,0.607476205480633,0.5347449059467955,0.1938911309986416,57.0,0.4809769964393116,0.5052005413240417,0.2486610719051664,1.996079253565876,4.02535169073515,4.04305126783455,1.000088900581841e-12,0.7617774513026807,3.0108586898879293,0.9238657793145867,0.038848359297723886,0.0283757957415814,0.3576737964065948,0.06481396133412051,-0.11778254151843438,-0.09722944884008511,2
n_sim00507,76,1.0,0.5657894736842105,0.17607742169903168,0.5597652034130067,0.14254981133401293,0.020974494561335506,77.0,0.5695079939104496,0.48460490804722206,-0.39073733061541405,1.8006971296214251,4.330733340286331,4.343805421853684,1.000088900581841e-12,-0.5422548034682076,2.414349002818464,0.24627719941108933,0.22112666027855862,0.08178873305964264,0.25344833150212465,0.3897422743642711,-0.028356188406275695,-0.048872802371383695,2
n_sim00508,12,1.0,0.6666666666666666,0.16787495163188507,0.7072875846442657,0.18622998740220045,0.10044102849117308,13.0,0.7073875846442657,0.6081938237166545,0.26136444856198704,1.407746912971657,2.4849066497880004,2.5649493574615367,1.000088900581841e-12,-0.1056899644911869,1.867495022529884,0.9704406232849165,0.08924769047399417,0.36703063888486,0.0,0.5393386419218914,-0.3148714006528683,-0.5184455386214134,6
n_sim00509,84,1.0,0.6904761904761905,0.4313361593040936,0.1969809930595473,0.0335228239224686,0.005990874350324381,85.0,0.8621687484278504,0.3063991778030191,0.366874059004491,2.27193098786711,4.430816798843313,4.442651256490317,1.000088900581841e-12,-1.2654993405905905,2.7088276483516864,0.5848925758618657,0.3709073267878128,0.21881303832771315,0.35261577550771606,0.0177315732865209,-0.13520723077798807,-0.06708690179502778,0
n_sim00510,25,1.0,0.56,0.35384861682238467,0.4261079434117132,0.11297772097996785,0.06644561881532554,26.0,0.5380523956743217,0.4756941159189412,0.014298703713200772,1.7521458353640509,3.2188758248682006,3.258096538021482,1.000088900581841e-12,-0.78846150045722,2.6880690357937858,-2.185737716208756,0.6856405853413099,0.02320348377617767,0.09470873179440538,0.19644719907925579,0.04995232437375938,0.19587602021458006,2
n_sim00511,52,1.0,0.5192307692307693,0.17976081822266832,0.7068697006607029,0.38553608296641384,0.1488472154937448,53.0,0.12821354460523457,0.4592789446059279,-0.2380399652551762,1.36593732833375,3.9512437185814275,3.970291913552122,1.000088900581841e-12,1.2381483736618677,2.9995293098914724,0.3720226565719064,0.05479859441404775,0.040706118884077276,0.0747390349155164,0.26075410599677784,-0.1756361921518697,-0.1335923343901465,2
n_sim00512,16,1.0,0.5625,0.42727250873688694,0.133726962179484,0.012359508052091284,0.006959323009846621,17.0,0.8891654895274704,0.44581779061099913,-1.3954828812859863,1.6331939021989565,2.772588722239781,2.833213344056216,1.000088900581841e-12,-2.076140634135611,2.1982452723774446,-1.3187159873547343,0.37989407784393886,0.009174502959142678,0.5630744346742828,0.02704373529290591,-0.2200229768831173,-0.2106735757683086,6
n_sim00513,10,1.0,0.8,0.19666605157900904,0.16976385858338136,0.01666480703104537,0.014032682565208711,11.0,0.40873757146670364,0.7715142434583588,-2.4110788242794587,1.8927381540044381,2.302585092994046,2.3978952727983707,1.000088900581841e-12,-2.674278864476398,2.1306750379872423,-18.82301263197455,0.15794509115978664,0.8420549087802067,0.0,0.0,-0.1724306029495875,-0.17800707425678758,1
n_sim00514,89,1.0,0.6067415730337079,0.324297499095131,0.45883291547197746,0.12360934242002024,0.038357086703496815,90.0,0.5864981487258578,0.38827788833979204,1.6266355017606708,3.8714882526350345,4.48863636973214,4.499809670330265,1.000088900581841e-12,-0.6739500960726836,3.3184495418726967,1.4591865268916338,0.4815548490613293,0.3222257960300421,0.1345464464059733,0.049662027429561106,-0.0851965570502324,-0.02971040656116072,0
n_sim00515,45,1.0,0.6888888888888889,0.2484294013582426,0.6330483011279368,0.1010930156263361,0.059065043508858966,46.0,0.4499140175271493,0.6214979186584979,-0.5555017694152444,2.8601140833378755,3.8066624897703196,3.828641396489095,1.000088900581841e-12,-0.8953347713093225,3.2692607185437255,-2.092621454030052,0.24850724132556,0.6448961377697955,0.0254138772760483,0.06320041843756932,0.2319752088605322,0.23316368490301756,1
n_sim00516,21,1.0,0.6666666666666666,0.13194789711809668,0.6995618559698522,0.2874912976727315,0.2298217727561621,22.0,0.480442457502399,0.6104743375726908,-0.48603481838963997,2.0647503942329237,3.044522437723423,3.091042453358316,1.000088900581841e-12,0.14126283445600069,2.820633954311862,1.2447385257690025,0.016178788953898612,0.05583191918016699,0.10240815004577618,0.7994042762886776,0.0916087895099653,0.15868507597729795,2
n_sim00517,64,1.0,0.671875,0.3475975780814802,0.6281538882126152,0.09548268986758048,0.06182495728674552,65.0,0.37174611178738476,0.3661676723464085,2.182470117936869,3.620010545596588,4.1588830833596715,4.174387269895637,1.000088900581841e-12,-0.8944552393195159,3.724245232112918,-1.5204123909862342,0.12494787040422567,0.7824457046451985,0.07654309087288796,0.012776669640315371,-0.023292932792281885,-0.03859327667316392,6
n_sim00518,39,1.0,0.5641025641025641,0.13342904775052944,0.4975885706396283,0.28426731075883294,0.0777111312589138,40.0,0.36308799873032427,0.5161286173650987,-0.2527381654764765,1.4220375099585045,3.6635616461296463,3.6888794541139363,1.000088900581841e-12,0.2063935834388205,2.366645122020195,-0.034160889220990226,0.10633692352469198,0.11170252131930951,0.10260665740657576,0.2194127129884259,-0.07273951807458462,-0.03548222324336824,2
n_sim00519,69,1.0,0.6956521739130435,0.25158211990752194,0.6190258125139861,0.25664486050751534,0.07681733305430627,70.0,0.18102204359664076,0.5935598246577634,0.019856139225636425,2.242641555231214,4.23410650459726,4.248495242049359,1.000088900581841e-12,0.5487725625785853,3.027843546333224,-0.6195335114039611,0.058449847003789995,0.08543290552010784,0.3344980085539712,0.452440001372552,-0.025718664636149715,-0.02746602703806053,2
n_sim00520,35,1.0,0.5714285714285714,0.11346887404135912,0.6513655061567517,0.2749380110402394,0.1459369271901481,36.0,0.3485344938432483,0.5177722774608101,-0.7362723713597644,1.8536252729500113,3.5553480614894135,3.58351893845611,1.000088900581841e-12,0.19133928361369415,2.9219769263312925,1.2140960209202583,0.02617560595778133,0.055744680003253125,0.1653387926995669,0.221941536276348,-0.08245255207320792,-0.02960626070636168,2
n_sim00521,115,1.0,0.6695652173913044,0.17740996962429678,0.8138349443359394,0.3487370081363549,0.129202893554641,116.0,0.29685140901555995,0.5755353027352832,-0.16151461449185467,2.200886167544785,4.74493212836325,4.7535901911063645,1.000088900581841e-12,0.5132734150512165,3.751998035286634,-0.17509962849626384,0.056072291440037204,0.08599455414846585,0.08703031133992564,0.09968408375567041,0.09115160437686153,0.007119207999302566,2
n_sim00522,23,1.0,0.6956521739130435,0.24287904707711416,0.13686264425110306,0.2160280953678168,0.18280875919497652,24.0,0.749971680901396,0.651824830332633,-0.9893720859451792,2.007615651926508,3.1354942159291497,3.1780538303479458,1.000088900581841e-12,0.1415541144936677,2.9685263201488152,-0.047611642710194024,0.0,0.09722084330985523,0.010877484362744763,0.045674893889744134,-0.014754866979408485,-0.013059164470363536,2
n_sim00523,35,1.0,0.6285714285714286,0.4307049762260581,0.1577525661963571,0.04943931922539196,0.024885872141536033,36.0,0.13570028661632552,0.39472878745384926,3.27860358983982,3.469809475917851,3.5553480614894135,3.58351893845611,1.000088900581841e-12,-0.8638669557769898,2.868902276053438,-3.3605669650179575,0.1728608373000284,0.18680295196726077,0.03394924827199732,0.5781087148621634,-0.05200636187705292,-0.05384198247509787,6
n_sim00524,34,1.0,0.6764705882352942,0.4294558424398061,0.21257897951646237,0.06779615325880606,0.03584099472268188,35.0,0.2121823424189974,0.3722479831519012,1.1709626886677158,2.3309823523957043,3.5263605246161616,3.5553480614894135,1.000088900581841e-12,-0.902451939083235,2.8889474096622663,-1.378290322107705,3.638088515630634e-06,0.7413167574454164,0.014458345102609347,0.012323565487186947,-0.33186403460113995,-0.47838821977617596,6
n_sim00525,49,1.0,0.6530612244897959,0.2534339320956239,0.4084273269101101,0.16453968334953362,0.05244553269267229,50.0,0.7474715482111901,0.5828961089904748,-0.11065072583536163,2.873989938354888,3.8918202981106265,3.912023005428146,1.000088900581841e-12,-0.13731310840294442,2.748443679081772,1.4507275992834008,0.09460339794055009,0.046586732114920475,0.017031305929876936,0.11744723318946089,-0.02310014517452471,-0.048088391536104044,0
n_sim00526,65,1.0,0.6615384615384615,0.38129643659128026,0.26060914818978304,0.041963222219501044,0.005677483532911157,66.0,0.260709148189783,0.40506957715420067,2.053189803242118,3.969279727121385,4.174387269895637,4.189654742026425,1.000088900581841e-12,-1.5245479773280468,2.1741017898767403,3.2835617321389687,0.09921440682245203,0.173751460588699,0.35294886770554734,0.35792845344315743,-0.13918819169499305,-0.027986727073737293,0
n_sim00527,77,1.0,0.6103896103896104,0.1331615600345435,0.5312104537526382,0.27584173010871216,0.069104425021399,78.0,0.508877108974007,0.543988733840385,-0.25848385346624436,2.137527131741792,4.343805421853684,4.356708826689592,1.000088900581841e-12,0.09868160368365966,2.9595969286470902,-0.06814610834361784,0.09914376511802916,0.13277171495558815,0.11277249903545404,0.36286214309675124,-0.1505175540485429,-0.1308080036366158,2
n_sim00528,48,1.0,0.7708333333333334,0.2998796815066257,0.18592941931707008,0.04010059748737605,0.014662655679943131,49.0,0.8482569220887978,0.7003172465614794,-1.245816256034607,2.215476844484326,3.871201010907891,3.8918202981106265,1.000088900581841e-12,-1.1662258647469483,2.865113607124173,-1.0813126861308162,0.11637570662517312,0.19619035326832387,0.6191305075551355,0.0,0.06347411343317243,0.060818489308035885,2
n_sim00529,11,1.0,0.9090909090909091,0.08474075129267357,0.21540365623688573,0.04639873512021844,0.04639873512021844,12.0,0.4764887869093779,0.8824842948670711,-1.8352645830410828,2.3978952727983702,2.3978952727983707,2.4849066497880004,1.000088900581841e-12,-1.6819751626503148,2.397895272582847,-19.339986375369552,0.0,0.0,0.9999999999784477,0.0,-0.11111111108450329,-0.11111111111040778,1
n_sim00530,52,1.0,0.6153846153846154,0.3611999927458097,0.3435448426380619,0.07704313645729813,0.025002656014974867,53.0,0.3093110721600914,0.33812976031411274,1.169919817503765,3.342663432376916,3.9512437185814275,3.970291913552122,1.000088900581841e-12,-1.01991626443493,2.825860299046842,1.8520490046880238,0.19970242834576682,0.603974774063283,0.10138998520306264,0.08037701105758657,-0.26993104567913767,-0.14362880238607412,0
n_sim00531,49,1.0,0.5714285714285714,0.3008748930037207,0.4946760713924287,0.09143320884948208,0.017800220690217135,50.0,0.5115857930651067,0.43841505247222157,1.9568892110646945,3.5090966785824778,3.8918202981106265,3.912023005428146,1.000088900581841e-12,-1.0053151034537635,2.2554224053755734,2.6471721854962347,0.21407866806133594,0.2742962439265741,0.2034566367537253,0.1609658724605695,-0.07908364798508216,-0.006812476779017013,0
n_sim00532,99,1.0,0.6666666666666666,0.22259362355218704,0.6880698817191545,0.14963581260677836,0.022019318227473893,100.0,0.6881698817191545,0.5025503616202182,0.15587483035344152,2.2830340201087536,4.59511985013459,4.605170185988092,1.000088900581841e-12,-0.3605345704283912,2.678835592846042,-0.02316978359811206,0.38071478973893114,0.3082748681687109,0.12145051281475498,0.17244044067285885,-0.07519795459501619,0.010524247338360236,2
n_sim00533,48,1.0,0.5833333333333334,0.3231176979658458,0.47853222753430347,0.11547453245067334,0.047118448601523456,49.0,0.5883599348811029,0.48429886028769814,-0.041995528586651516,2.0764460288030695,3.871201010907891,3.8918202981106265,1.000088900581841e-12,-0.7406829475615245,2.974815617512899,-0.46748745840559824,0.4869670571581848,0.20712631506913204,0.16914790546812297,0.0697983452032445,-0.2580067496951095,-0.26828615065047295,2
n_sim00534,16,1.0,0.625,0.3897470986772817,0.18923962112790155,0.037402475085126174,0.012228773679664953,17.0,0.1691928360502219,0.5052330041673281,-0.06098102631737322,1.5268525505279258,2.772588722239781,2.833213344056216,1.000088900581841e-12,-1.3239446610861165,1.654643514096867,0.5055975596382452,0.0,0.46477469343979166,0.4923608416274927,0.022382075304025275,-0.039269230815427214,-0.0037817707955589354,2
n_sim00535,20,1.0,0.65,0.25131024677580743,0.3927414244362865,0.0908787843168407,0.059006908565998856,21.0,0.3928414244362865,0.5430549580121513,-0.825135525546322,1.467589616229681,2.995732273553991,3.044522437723423,1.000088900581841e-12,-0.9649141748938466,2.563860226652497,0.38313017171017205,0.0,0.32338414113693265,0.01716097759316615,0.6587523782095667,-0.06290883711002644,0.056931379347661425,2
n_sim00536,79,1.0,0.620253164556962,0.41655288226960524,0.3936173087266195,0.04573373333907679,0.015313870988860912,80.0,0.6062826912733805,0.26084968738735304,2.579926854305324,3.237230907989827,4.3694478524670215,4.382026634673881,1.000088900581841e-12,-1.652388073718091,3.2753706960016817,-1.505073568587926,0.6415500406574763,0.105860877410452,0.15041823022919446,0.02230737517342385,-0.01974752513670403,-0.08571823413678913,6
n_sim00537,83,1.0,0.5180722891566265,0.2761850194762311,0.6050287046739795,0.3346331834178671,0.1306543935045804,84.0,0.58828725276199,0.3957280324773696,0.3192222180839657,1.9055413403469992,4.418840607796598,4.430816798843313,1.000088900581841e-12,0.3232489915564702,3.4783612699761974,0.4165837709268576,0.08260628948074489,0.06703939205933765,0.04898135615825257,0.1984482774811081,0.1542456024288416,-0.007108512150034451,2
n_sim00538,35,1.0,0.6,0.3531463711379457,0.35500900422906667,0.10368711299266102,0.02857757328102772,36.0,0.35510900422906666,0.4211867225990613,0.7424310043808071,2.2971186960962755,3.5553480614894135,3.58351893845611,1.000088900581841e-12,-0.792372985727993,2.2665924848883985,0.611007828056283,0.2419173508662826,0.19864082600504965,0.28909123432849193,0.2666840496702986,-0.05103115130688178,-0.06963589092644566,0
n_sim00539,17,1.0,0.6470588235294118,0.25843568746221823,0.5447159065534586,0.08616794813994469,0.03831100285322233,18.0,0.5005667673138172,0.5339326483619663,-0.8496644124230769,1.759993772106338,2.833213344056216,2.8903717578961645,1.000088900581841e-12,-1.065161355752971,2.022652202377305,-0.3695774827455026,0.170112040569222,0.44591760398483,0.0,0.38397035543434277,-0.1319912136146889,-0.10949395359471319,2
n_sim00540,68,1.0,0.6470588235294118,0.28826456481718,0.5240221134486631,0.24640858891732256,0.07643688727910036,69.0,0.7772743566636617,0.5473648462327897,0.33021552156330164,2.279901656149271,4.219507705176107,4.23410650459726,1.000088900581841e-12,0.35301226714773076,3.0489820136851105,-0.3051597477723994,0.01653907956270266,0.14181945982646796,0.5842538886938244,0.21173670014496745,-0.061067826442874416,-0.09392459157069809,2
n_sim00541,80,1.0,0.625,0.2298422304205356,0.49031637164778,0.2557062434881374,0.04630358210744757,81.0,0.36862096999992144,0.5417530953599509,0.22174459481431485,2.4293418746432263,4.382026634673881,4.394449154672439,1.000088900581841e-12,0.09410928000186991,2.6732166605750565,-0.9395056612748001,0.14719750275854876,0.31536773750230745,0.0920441736904982,0.13846020574156404,-0.12377986861453284,-0.10583066012404425,2
n_sim00542,117,1.0,0.5982905982905983,0.2999921945049912,0.9536481975824425,0.312682813906498,0.06353215701724244,118.0,0.13613809402484503,0.36639103737993794,3.363974208053803,4.3482786670731945,4.762173934797756,4.770684624465665,1.000088900581841e-12,0.9778618888127327,3.1685308192473625,-2.115824066675049,0.10182493813880138,0.04356231669756615,0.323691874794685,0.25134239035916334,-0.08476682751195391,-0.04102724246964463,6
n_sim00543,39,1.0,0.46153846153846156,0.2488143154582126,0.42610548907081763,0.0783541128226011,0.04118202847472392,40.0,0.3796191087724848,0.35808690098431323,-0.9950796691510545,1.7091800069542986,3.6635616461296463,3.6888794541139363,1.000088900581841e-12,-1.1005082954349545,3.0203251444041412,0.4858458666452825,0.04400516595686091,0.22610328977860417,0.16773963725979335,0.5282719258794617,-0.10285882764268706,-0.11613522507641076,2
n_sim00544,82,1.0,0.6219512195121951,0.28481096311417287,0.7097547746806707,0.1446914769120567,0.03423773543892434,83.0,0.7096327740099817,0.47604197675425186,0.17769492351306065,1.8852393877798972,4.406719247264253,4.418840607796598,1.000088900581841e-12,-0.35353502584319696,2.9654439278111377,-0.0591775898513702,0.31632620063784955,0.18814608042711856,0.3196420728563469,0.06256368885190633,-0.0819870493938777,0.10152375729118517,2
n_sim00545,97,1.0,0.6597938144329897,0.17008891048040503,0.7926640951905606,0.2944124441237454,0.03706516564019031,98.0,0.3763396372635631,0.5760292469538009,0.23619988112848497,2.3525584064837006,4.574710978503383,4.584967478670572,1.000088900581841e-12,0.22663897841858904,2.502406919807237,-1.150654860044078,0.2553387321651003,0.23494226366797888,0.1477282260029002,0.23949608062256686,0.03561506376408841,0.0049909862317579845,2
n_sim00546,95,1.0,0.6631578947368421,0.2337561186112584,0.7884024758748682,0.26362063738991465,0.06267987752950296,96.0,0.4617248277332756,0.5168734508710577,0.234333070851517,1.8719342469187186,4.553876891600541,4.564348191467836,1.000088900581841e-12,0.05892736441215112,3.117406264723969,0.4812613158951885,0.15391422860074028,0.13551647247143564,0.1851022303797748,0.49195640987944245,0.06327628694353951,0.026440760104810508,2
n_sim00547,53,1.0,0.6226415094339622,0.18771746101454567,0.44843451833225345,0.2820809461725461,0.07582698150795392,54.0,0.5947723081437708,0.5613334515615244,-0.3117180876116664,2.0035381359370743,3.970291913552122,3.9889840465642745,1.000088900581841e-12,0.1573215837333146,2.6565520263433866,-1.0369047843546395,0.2519609940988511,0.06070835648589778,0.025276659707552083,0.06533862045755144,-0.13846037749613455,-0.15896869712192518,2
n_sim00548,65,1.0,0.7230769230769231,0.25223446616238737,0.3058866212362117,0.15782448148579162,0.05113203663591123,66.0,0.2939073411557163,0.6440801570179695,-0.14915054568185407,2.360901276653324,4.174387269895637,4.189654742026425,1.000088900581841e-12,-0.2737722073721164,3.047314971431669,-1.5936757534350354,0.23503410788977777,0.10951704808688084,0.20576980077778845,0.01995070184058195,0.023070051239533467,0.04038463358867666,2
n_sim00549,58,1.0,0.5689655172413793,0.15509472410710193,0.7099209064690631,0.19507067942427347,0.052876237147164336,59.0,0.31389493653314354,0.5055965086741279,-0.5271642308896267,1.7954842957608632,4.060443010546419,4.07753744390572,1.000088900581841e-12,-0.09897187217065415,2.7550350934655103,-0.05899404348055898,0.11679348872239413,0.19461725530043208,0.09650924361513193,0.42067711718598766,0.04045068796802531,0.054005587819361316,2
n_sim00550,62,1.0,0.5806451612903226,0.26963861134118206,0.676487392887003,0.32645897188063694,0.11284729495796711,63.0,0.323412607112997,0.38933035780061315,1.01683490182361,2.207284250825006,4.127134385045092,4.143134726391533,1.000088900581841e-12,0.40006900685263125,3.0648656371719674,0.19001636108843956,0.38796026277476825,0.14858178525538399,0.4443594665374154,0.015351922041929507,-0.06009649565434085,-0.06290816997280461,0
n_sim00551,92,1.0,0.6630434782608695,0.18412121143069338,0.6093568996556693,0.41406023605915165,0.236391955709707,93.0,0.40394768422971356,0.5830658076255725,-0.07259887356492391,2.632251651165964,4.5217885770490405,4.532599493153256,1.000088900581841e-12,0.5421529235031172,3.96126837251435,0.7515570581161758,0.04719040156126038,0.06266418147041752,0.08322884535612683,0.12486211021793098,-0.18318417400320197,-0.05311583910313312,0
n_sim00552,18,1.0,0.6111111111111112,0.2375083574489451,0.8457730937354373,0.6266337296319948,0.5101744471361785,19.0,0.283406015797406,0.5515512899371662,1.010401240669555,2.36068188745851,2.8903717578961645,2.9444389791664403,1.000088900581841e-12,1.126727521473976,2.684762271632376,1.914808580143321,1.8532687625318744e-05,0.09577518952566216,0.062234621392279296,0.8141509513619323,0.1338310337112132,0.08995071233951075,2
n_sim00553,82,1.0,0.6951219512195121,0.21293189818142605,0.8537112770100613,0.3445238084747614,0.10835850995660339,83.0,0.6975231976102064,0.6021328684362817,0.4653452577071658,3.3067838298399557,4.406719247264253,4.418840607796598,1.000088900581841e-12,0.4903781176969242,3.250001314998673,-1.1050521337366075,0.041817870569527994,0.31827019124341305,0.1091645196518248,0.4079787019394473,0.07598310282264577,0.029274578461361153,6
n_sim00554,76,1.0,0.5657894736842105,0.4034507125738714,0.24957783358076135,0.10389175620170565,0.031574891654534996,77.0,0.7529813020948534,0.29104999855808567,1.5198437579011126,3.1029373251294814,4.330733340286331,4.343805421853684,1.000088900581841e-12,-0.5823995996994709,3.1397460250743783,-1.0393657685620883,0.20539645792897673,0.42012878612567445,0.19677389256401726,0.16693519414313793,-0.1275230427557839,-0.10449786950700321,6
n_sim00555,111,1.0,0.6756756756756757,0.3176389023958901,0.9179299165007806,0.42540177954126135,0.1200073628812346,112.0,0.7751984237131846,0.5490147223112815,0.5518472641958466,2.67847396808445,4.709530201312334,4.718498871295094,1.000088900581841e-12,0.8924522078271558,3.444049213326971,1.2663111318570848,0.009542984270918898,0.09880114577662782,0.08977735334212478,0.05135863717718147,0.13216035757322298,-0.009631779176475546,0
n_sim00556,50,1.0,0.64,0.43988978098204773,0.3026301723277349,0.04000231286150949,0.013819493284540192,51.0,0.6972698276722651,0.33024793086934245,1.1554514682025838,2.715432043436484,3.912023005428146,3.9318256327243257,1.000088900581841e-12,-1.6633217984735698,2.8491658825644817,1.6155882859428607,0.4865617677699215,0.322406082826668,0.12233390055753325,0.04197540870751374,-0.02512666767188963,-0.15233876924766437,0
n_sim00557,73,1.0,0.684931506849315,0.4186902833189085,0.16260635107895371,0.06935014950854157,0.014258720076764595,74.0,0.15579392778933598,0.44565070427370634,1.1994788268745722,3.0398794129041136,4.290459441148391,4.30406509320417,1.000088900581841e-12,-0.6400072028606483,2.7086597923226226,-0.8496949161444118,0.18959965317655017,0.29654496380202044,0.22664599237633976,0.25960198036232585,-0.02000494960800184,-0.049696457318008244,6
n_sim00558,82,1.0,0.6585365853658537,0.33168645016908893,0.31523010773900995,0.0991605434886903,0.01582661678809206,83.0,0.7070987653851116,0.5501887378067598,-0.39394554432064277,2.2939158045482233,4.406719247264253,4.418840607796598,1.000088900581841e-12,-0.7365103544828664,2.571672187937496,0.5324108215507808,0.11385899936244483,0.20952691618470648,0.02950036475230503,0.2731724936360517,-0.16790348996191118,-0.055602068277933694,2
n_sim00559,116,1.0,0.6982758620689655,0.37355726866144595,0.34512102374403764,0.07102894911554834,0.01370498180173359,117.0,0.3347318473311375,0.338304279462068,0.951198001292098,3.121436911979574,4.7535901911063645,4.762173934797756,1.000088900581841e-12,-1.1426771450811104,3.1082620634818716,1.5916305560192188,0.330421190391769,0.22397692762750776,0.18940345307668183,0.20394055220323518,-0.25554798858013966,-0.19257648203653926,0
n_sim00560,84,1.0,0.6547619047619048,0.45803382579857665,0.13961566864453057,0.02049304756276289,0.0029263536537897337,85.0,0.9082914626490304,0.20479850757602852,1.5271569881397504,3.0603664594064894,4.430816798843313,4.442651256490317,1.000088900581841e-12,-1.4023398326510093,2.4844882709947473,1.8627018688495554,0.34253700179091107,0.2851881323463048,0.20767517186309017,0.11550175051331958,-0.04757638558664676,-0.0010394201426377778,0
n_sim00561,43,1.0,0.627906976744186,0.15941713584937747,0.3842360265978988,0.28660711737898925,0.1348892503564433,44.0,0.2877497751220071,0.5744299850322429,-0.20582606333700926,2.4046623635223248,3.7612001156935624,3.784189633918261,1.000088900581841e-12,0.33534707270409847,3.007541840646298,-1.1227460600783803,0.18661187234832174,0.14615008383872183,0.04553540825750841,0.046453092184848846,0.07349822387012284,0.05002953592801546,2
n_sim00562,23,1.0,0.6521739130434783,0.2499367593151547,0.577318968612616,0.278790117818285,0.09350338159149381,24.0,0.15406951939787114,0.5896331727884305,-0.41504589022318417,1.8674362491258532,3.1354942159291497,3.1780538303479458,1.000088900581841e-12,0.7603734046069239,2.043032585408811,1.4935807378635007,0.0009121384891385865,0.03623327453445904,0.029298292515335323,0.3353898707848167,0.3002246602736156,0.14171469262021058,2
n_sim00563,51,1.0,0.6274509803921569,0.42567618723879624,0.24360534312519744,0.07081716155058614,0.013713489170162397,52.0,0.9669923107119681,0.32503488940202446,3.093518063528851,3.530093779143181,3.9318256327243257,3.9512437185814275,1.000088900581841e-12,0.796925558293874,2.290104225351398,-2.113328567733981,0.25509267874355024,0.28419542141523324,0.3991132762364191,0.027577681956197794,-0.00024135102460885526,-0.03453642032125462,6
n_sim00564,55,1.0,0.7090909090909091,0.3722146882902147,0.3362851054033973,0.057566126882321524,0.021398899866943284,56.0,0.7349027663150542,0.5058091480745529,1.3803113048504647,3.008974791570641,4.007333185232471,4.02535169073515,1.000088900581841e-12,-1.2191452792347377,3.0177383771851325,2.342218749908502,0.23700703310197763,0.5694923820636769,0.11874032785243661,0.01684123531584758,0.014533606370028165,-0.009281172011669581,0
n_sim00565,79,1.0,0.7341772151898734,0.23989994495273737,0.5264123649456987,0.19189047829530906,0.04280386579680868,80.0,0.4665082483326048,0.6484060933389674,-0.140097779493455,2.0977106942548,4.3694478524670215,4.382026634673881,1.000088900581841e-12,-0.26003924856313243,2.8691514892149974,-0.9080068613125272,0.26485009518671065,0.0794228572765754,0.34461634321411794,0.049190992030309626,-0.11338456493952463,-0.15332897072517682,2
n_sim00566,72,1.0,0.5555555555555556,0.16560279575861933,0.5315793548879371,0.275190337864402,0.04684029483287635,73.0,0.49628017988624007,0.48552639278482385,-0.35815748717828744,1.847664382099466,4.276666119016055,4.290459441148391,1.000088900581841e-12,0.09605742785435506,2.5059469560148897,0.9115763107887518,0.09268715334919785,0.03940712218013705,0.05961908254848208,0.461058695760898,-0.04485164791922689,-0.04641631370827091,2
n_sim00567,94,1.0,0.648936170212766,0.3029316914825419,0.6969296533600623,0.19930811266525256,0.038107399703482814,95.0,0.4100702541009267,0.44889480674586557,2.1740504975898616,3.9235054001037337,4.543294782270004,4.553876891600541,1.000088900581841e-12,-0.19372474037765205,2.888851330851747,2.2435336311426273,0.1923974572357215,0.28344347915465107,0.34166316527732077,0.0956954713740108,-0.09627543063954241,-0.1365211487285403,0
n_sim00568,74,1.0,0.581081081081081,0.06215168899279942,0.4036891588842753,0.30653828765058383,0.047924561687281986,75.0,0.569960581950692,0.5209030731218546,0.03998691469488051,2.094209659210946,4.30406509320417,4.31748811353631,1.000088900581841e-12,0.2236538671479613,2.4483505695684564,-0.1549186998529066,0.1928754994234975,0.12097691443911508,0.2370430247813288,0.17801750172202338,-0.007718488949305661,0.053658224932803214,2
n_sim00569,66,1.0,0.7424242424242424,0.3661241714383129,0.4943757700275522,0.09270701894997613,0.024485453616252588,67.0,0.5055242299724478,0.4217732390609415,1.399326939426542,3.1742723952158074,4.189654742026425,4.204692619390966,1.000088900581841e-12,-0.9918946554036879,2.8582897660960733,1.9177995288144924,0.509621949597005,0.32141134000844135,0.1525783641498665,0.004961261336822901,-0.12078249022964647,-0.16045763097818214,0
n_sim00570,86,1.0,0.6162790697674418,0.1232154563193997,0.7764752849198058,0.3159884540924532,0.05937794439838902,87.0,0.5662535095148685,0.5474821571250766,0.16952084610786766,2.3819355733522,4.454347296253507,4.465908118654584,1.000088900581841e-12,0.2519588394939507,2.782564471753776,0.18471778384562343,0.03362869064804243,0.23162373511170714,0.30849884385018306,0.2214882278672144,-0.07242140075628196,-0.140324220350331,2
n_sim00571,37,1.0,0.8378378378378378,0.4883622760049032,0.02854793707400715,0.002160147974631806,0.0007535194865528472,38.0,0.023668342556021446,0.26165211426295604,-0.3509698747234053,2.1167555600869714,3.6109179126442243,3.6375861597263857,1.000088900581841e-12,-2.3700087342116696,2.5577407708533153,-0.534419195988205,0.07384172599458519,0.4505760871212914,0.043762980199592204,0.08299148929982018,0.0024527025481867215,-0.005170595971340885,0
n_sim00572,98,1.0,0.7040816326530612,0.398237884833983,0.3788308715875005,0.1469449920581922,0.017276636900064587,99.0,0.10857541243058164,0.36321857386277595,2.7045793486979806,4.215389179691213,4.584967478670572,4.59511985013459,1.000088900581841e-12,0.4175477718230597,2.4442642855956165,-2.2025808998927894,0.11656105945404516,0.3825582593199499,0.43431466902642385,0.03239373070537751,-0.18692746183664583,0.05503127592114903,6
n_sim00573,119,1.0,0.6974789915966386,0.46600845416521036,0.17471700202901927,0.029582734259326775,0.0028354083393732255,120.0,0.17481700202901926,0.18771562199573796,2.135739734427068,3.1362691155547453,4.77912349311153,4.787491742782046,1.000088900581841e-12,-1.5843987334608645,2.4341185622081234,1.2607864477376192,0.37679383797868937,0.10686649633461291,0.2987204521398721,0.10086297451645909,-0.2125420286543857,-0.1623424019836581,0
n_sim00574,71,1.0,0.7183098591549296,0.30553900505661435,0.4918309950469534,0.15466431413791237,0.0633649664244085,72.0,0.5539846870281621,0.5463382153280882,0.7101492330680458,3.021275914828892,4.2626798770413155,4.276666119016055,1.000088900581841e-12,-0.4684779989583193,3.370333952128699,0.7651741770275615,0.5517371804942085,0.15379892698608696,0.15754982714701438,0.09161508382512265,-0.04448897391021242,-0.007225950099220085,0
n_sim00575,109,1.0,0.5504587155963303,0.16226869963901125,0.6836111008417889,0.4296688503539898,0.06064414939771506,110.0,0.7029578204381197,0.4673228688145608,0.4075291881117375,1.7415376674999015,4.6913478822291435,4.700480365792417,1.000088900581841e-12,0.7215990374404946,2.7333562511878564,-0.38108482877886135,0.16624985422302863,0.1395097737775353,0.18153437963068667,0.08362888345653291,-0.01159759307133383,0.0485819107350467,2
n_sim00576,34,1.0,0.7647058823529411,0.2184651163080367,0.5600103191854491,0.09168833692816657,0.03975825179793397,35.0,0.46083393485631086,0.7080270720464124,-0.6945673063527127,1.9854666878320688,3.5263605246161616,3.5553480614894135,1.000088900581841e-12,-0.9969109091732535,2.69078275231493,0.5565262332404395,0.05544630420070863,0.20591663812485075,0.6489582641759103,0.08078507846717013,-0.048992049155307055,-0.10120908467141607,2
n_sim00577,115,1.0,0.7304347826086957,0.25686418536105354,0.8915128514057746,0.42420437068373074,0.2529961598622527,116.0,0.5255136259718697,0.5480656312773964,0.6995055506322716,3.0699477924920555,4.74493212836325,4.7535901911063645,1.000088900581841e-12,0.5313616037428724,4.22809109286459,0.7936694036300969,0.05361952395056832,0.13843629341415348,0.05395979712473566,0.7390895900961664,-0.11031453344818913,-0.14816806809673558,0
n_sim00578,78,1.0,0.717948717948718,0.47216986799054483,0.144451353467273,0.019583032420776494,0.006695997106744435,79.0,0.9522896798571353,0.11076760623021431,1.0418087375437375,2.5511775331837327,4.356708826689592,4.3694478524670215,1.000088900581841e-12,-0.8415982262576173,3.283555225465303,0.24531618219836415,0.4037006638093235,0.3817312626073824,0.010431327047663749,0.02409707983345355,0.005999381470489057,-0.021261951638519055,0
n_sim00579,114,1.0,0.6578947368421053,0.24635619916228405,0.603969591968421,0.18048986467522396,0.039452859536084295,115.0,0.566775315686116,0.5512811026551575,0.26643035637465634,2.7086241364973356,4.736198448394496,4.74493212836325,1.000088900581841e-12,-0.30778954760265936,3.2156303527124535,1.0858955690757561,0.24595881520958954,0.03659513079452199,0.2879254710890893,0.2135197593850408,-0.16000396796214944,-0.15948089330972898,0
n_sim00580,47,1.0,0.6595744680851063,0.20916074556790568,0.6699010337422977,0.5790690274193965,0.15598972985071408,48.0,0.2211418189251098,0.5984370251726918,0.5899036439484987,1.9126044714322163,3.8501476017100584,3.871201010907891,1.000088900581841e-12,1.2125437807240633,2.538516083619395,0.0009944298774742233,0.026020888164318603,0.11713249338394727,0.21764555136533306,0.376299742283933,-0.08151452310796797,-0.08859575965676603,2
n_sim00581,69,1.0,0.5797101449275363,0.21261882646608726,0.7353103415737843,0.24993674562801985,0.043381098761067036,70.0,0.7684228356443639,0.5009470458185757,0.06282038907088877,1.7381428810152173,4.23410650459726,4.248495242049359,1.000088900581841e-12,0.33970985711723817,2.4829224698097123,-0.6877257013844291,0.11981104029255503,0.17931708864907292,0.29424544685654175,0.3816057408910264,-0.07713347239902801,-0.06664085286043553,2
n_sim00582,83,1.0,0.6867469879518072,0.20787020546392448,0.5494429568200041,0.3633950944877301,0.1816675615737872,84.0,0.5556195007370375,0.5715847277938684,0.6892713303176331,3.1018072881812304,4.418840607796598,4.430816798843313,1.000088900581841e-12,0.38648105137947864,3.7255283827130325,-0.9937923164881146,0.5061595263883076,0.08478980754960669,0.04042724335700834,0.328109824845809,-0.001537408811490265,-0.007850743020240162,2
n_sim00583,30,1.0,0.7333333333333333,0.25364086739012476,0.5570425487003663,0.30497205097133523,0.083789735425932,31.0,0.1609512979605853,0.6065222413245368,3.02088606292607,3.180367519594002,3.4011973816621555,3.4339872044851463,1.000088900581841e-12,0.8146048406379788,2.109287756361676,2.5004970744996515,0.26820540770916795,0.21680024734780942,0.27474562065207997,0.14609097027038878,-8.372616094643325e-06,-0.03652255432599355,6
n_sim00584,33,1.0,0.5757575757575758,0.1347180657675877,0.4037788750652536,0.24331197941987362,0.09401043262893799,34.0,0.6889223332940684,0.5297419369044647,0.20138336771550808,2.701969163021174,3.4965075614664802,3.5263605246161616,1.000088900581841e-12,0.12692861077301332,2.545568837052479,-1.5520483754604855,0.08397392931051757,0.40160707883955427,0.1607320606539197,0.061629227728510885,0.04605724225842695,0.06399480940693329,2
n_sim00585,54,1.0,0.7222222222222222,0.4055183701034846,0.35694393485035003,0.03959057566757282,0.013856342098342606,55.0,0.64295606514965,0.5001208441435088,1.3987955319608734,3.17484947270715,3.9889840465642745,4.007333185232471,1.000088900581841e-12,-1.7575888542546567,2.939135984589146,2.424655566265886,0.51136122623831,0.22510979081942756,0.017932143781918868,0.15403857101897783,-0.12254417855742002,-0.10096791075534155,0
n_sim00586,49,1.0,0.6530612244897959,0.19580820998382895,0.5472352685442896,0.2679605969475537,0.08320009141151163,50.0,0.4707059601352432,0.5428303011261562,0.28256689957063313,2.2296402835489713,3.8918202981106265,3.912023005428146,1.000088900581841e-12,0.07281749337104648,2.7222288010760654,-0.6781409567873341,0.032101747097593794,0.1081524878755733,0.6576123807336967,0.16127798796492437,-0.15024532663179552,-0.13297614543176506,2
n_sim00587,73,1.0,0.6164383561643836,0.2092846381637681,0.5291563646895393,0.3883059961297426,0.13399031199013817,74.0,0.665747168339305,0.5383111588910775,0.3548614366198058,2.163525803785545,4.290459441148391,4.30406509320417,1.000088900581841e-12,0.5567412986248248,3.226433261102705,0.13794793381989562,0.05741257579099947,0.16024569324332108,0.28072550187342465,0.38553435284435617,0.039595890226213626,0.057482121150537815,2
n_sim00588,45,1.0,0.6666666666666666,0.16645319842543455,0.5673712352904167,0.3932652676235544,0.17581236248019522,46.0,0.4249208225373616,0.6138186493257357,0.0026201768534372754,2.1649275935600634,3.8066624897703196,3.828641396489095,1.000088900581841e-12,0.47582906147394144,3.0015954283132142,0.8229443791879891,0.048795063451370246,0.07253419917667459,0.17685959596135803,0.09837859518078519,0.028115424331841235,-0.003363648208359599,2
n_sim00589,116,1.0,0.6551724137931034,0.2230925851203425,0.9554713413911865,0.3716322415753262,0.09988869948897593,117.0,0.7989646562565171,0.5425329008099272,0.14910073171825866,2.149867018203565,4.7535901911063645,4.762173934797756,1.000088900581841e-12,0.8388626044149953,3.439741984459791,0.21011265599644527,0.12532807059955017,0.036200934920796186,0.19613603965579512,0.059841734499087335,0.11869746006483363,0.0337289806020698,2
n_sim00590,55,1.0,0.509090909090909,0.279851324143661,0.45021755818147824,0.15684241527503565,0.08623628792348241,56.0,0.4673601207858807,0.43327489187672813,-0.642577398858478,2.209683307066694,4.007333185232471,4.02535169073515,1.000088900581841e-12,-0.4619487882393266,3.4091826706519517,-0.35074067729211617,0.2644683659462546,0.05069511966987137,0.0539164479666604,0.07625075725620876,0.12847353651437338,0.1355316925437298,2
n_sim00591,14,1.0,0.42857142857142855,0.24703297431767254,0.19253364830506184,0.057673984722322165,0.03706920572965724,15.0,0.24240764230531164,0.39279962169256805,-1.973613249802458,1.194354489048825,2.6390573296152584,2.70805020110221,1.000088900581841e-12,-1.1582047561896665,2.197037719625246,1.0458422083449426,0.0003716735136221285,0.08736430372175176,0.011261243275346574,0.2539642708323124,-0.34845548155534517,-0.3453753835622702,6
n_sim00592,55,1.0,0.6727272727272727,0.46760268790447285,0.1283453895426074,0.01944579355047289,0.01117463106112498,56.0,0.1284453895426074,0.24231403453831754,1.1015464279140785,2.571655732958673,4.007333185232471,4.02535169073515,1.000088900581841e-12,-1.7503962996974716,3.453348531007607,1.4246226799709791,0.6026240084118257,0.057052192060719376,0.1513300136096968,0.048009382029154744,-0.05692440578017018,-0.07540166884087257,0
n_sim00593,115,1.0,0.5739130434782609,0.21030718664788586,0.5205106782528726,0.18629963119817117,0.016488212378330373,116.0,0.5775932399663248,0.45773259087817475,0.5794337039246455,3.163792709944576,4.74493212836325,4.7535901911063645,1.000088900581841e-12,-0.26972704300593003,2.3202215541006432,1.2554105549971195,0.10131808207162724,0.09942985798013396,0.3088179717540966,0.29789318241781804,-0.08176384136465506,-0.14548328100363203,0
n_sim00594,42,1.0,0.5476190476190477,0.1677124430760474,0.6693199688104933,0.18548728454279123,0.10136551435395044,43.0,0.4441127364226123,0.49433515746088075,-0.9246350283985882,1.6965279921667165,3.7376696182833684,3.7612001156935624,1.000088900581841e-12,-0.285902339662962,3.133416223490818,0.4947831253750984,0.07137200932822646,0.043826092384839824,0.07087818292489405,0.26651938438733036,-0.027495977532859574,0.019508203135823847,2
n_sim00595,28,1.0,0.6071428571428571,0.3793366530548269,0.22087330501132366,0.04349598757453291,0.02249780544283507,29.0,0.22396266888578215,0.516343658090891,-1.019315565646787,1.7201602980107036,3.332204510175204,3.367295829986474,1.000088900581841e-12,-1.3852560341646551,2.6729535839809713,-1.2668472371695167,0.026304340767018305,0.2997902941345459,0.07674352688341843,0.003009324030623403,-0.03849071620876677,-0.02333180730987488,2
n_sim00596,77,1.0,0.6623376623376623,0.3797711207994789,0.45307037067479994,0.06550623201497804,0.019424798087486636,78.0,0.5468296293252001,0.3543267304468316,1.714741681239437,3.060641297899412,4.343805421853684,4.356708826689592,1.000088900581841e-12,-1.3305048767573837,3.1282106390807867,0.017939163019608406,0.47499698825489833,0.24390164485632537,0.20566623022125535,0.03380956119842811,-0.08429750740402656,-0.03558772269893879,6
n_sim00597,16,1.0,0.625,0.4294111739482522,0.2028279929437166,0.02311215103160848,0.01685094063952283,17.0,0.20820179977401104,0.4044100944803457,0.43343100855220484,1.6175940581547479,2.772588722239781,2.833213344056216,1.000088900581841e-12,-1.9647005853126205,2.45663670323836,-0.4808541603372267,0.7515143112091124,0.10926753975846179,0.13783986362918196,0.0013782853599765986,-0.049119990907885804,-0.014577310748990071,2
n_sim00598,32,1.0,0.5,0.3385613415251439,0.13475123149298274,0.028308043788984532,0.008154210952537119,33.0,0.778756095992186,0.43142217525494236,-1.0236733699762774,1.6808578128094231,3.4657359027997265,3.4965075614664802,1.000088900581841e-12,-1.8060623528911093,2.2211243798147886,-0.43184830705455746,0.4306166504047415,0.1235645325802802,0.12139240609162286,0.2824167107677749,-0.16005690709830345,-0.13037066052402274,2
n_sim00599,63,1.0,0.6825396825396826,0.35985705972005133,0.34512482658934024,0.1202941995394263,0.03487425099607392,64.0,0.31536131335469336,0.4638741978601286,0.8168296847229695,2.268699407658462,4.143134726391533,4.1588830833596715,1.000088900581841e-12,-0.5849145581944111,2.904943083804005,0.3176838178750536,0.5016338475160735,0.27232757319467993,0.16311102690825538,0.04549969770809789,-0.04756435652250529,-0.05008096286725419,2
n_sim00600,41,1.0,0.7804878048780488,0.4680057408552773,0.09341798952583687,0.007817506560216647,0.0023735457291923917,42.0,0.0776819876896976,0.4033687151964156,0.5731784697545005,2.4045153054457185,3.713572066704308,3.7376696182833684,1.000088900581841e-12,-2.2153925630425144,2.521591337749602,-0.42415761263616725,0.3364346276071117,0.22054545559005218,0.35731016124022097,0.08565895919886009,-0.10293992379729226,-0.14321647760378545,0
n_sim00601,91,1.0,0.7362637362637363,0.43295157258704176,0.27061630409827364,0.05390875792955263,0.01942942530461411,92.0,0.805487997141006,0.310472636723223,2.0880734520021997,3.059877159742977,4.51085950651685,4.5217885770490405,1.000088900581841e-12,-1.066893945400875,3.4903552406033937,1.9132372640777289,0.531722457295111,0.279411414323148,0.05543579145100754,0.06792891736544711,-0.15548303905523247,-0.05452009940095442,0
n_sim00602,49,1.0,0.7142857142857143,0.290263919699263,0.4470737714880485,0.15697194413325039,0.07525421110242567,50.0,0.5528262285119515,0.589165094689444,-0.020944054908789495,2.1683002272759184,3.8918202981106265,3.912023005428146,1.000088900581841e-12,-0.45416861901119276,3.1566250717776008,-0.6636894259501827,0.22811835385356036,0.16123174553296415,0.48084230955381796,0.030002250066750284,-0.1204257559763709,-0.09216196811944163,2
n_sim00603,113,1.0,0.7079646017699115,0.4806391432593309,0.10601224599715076,0.025751017789898273,0.003457298861429976,114.0,0.9413545294857106,0.020303083827177666,3.404923553711943,3.51003722048036,4.727387818712341,4.736198448394496,1.000088900581841e-12,-0.7626007387320776,2.719401270759729,-1.9143658439845632,0.4694029378679536,0.13044411942927006,0.22782731641165527,0.04884960644036641,-0.3668825793254249,-0.14081276076275634,6
n_sim00604,81,1.0,0.6790123456790124,0.36637073476432536,0.7524602691734117,0.38179992318581374,0.26018092035716256,82.0,0.7815463119458961,0.5189732162809997,-0.08386356225168291,2.335154409317774,4.394449154672439,4.406719247264253,1.000088900581841e-12,0.8048035425633543,4.010929680915532,0.5071535694320364,0.012901617149799201,0.07204915541865328,0.007100964997414735,0.0775120978268101,-0.08989740172525097,-0.06275941989384534,2
n_sim00605,117,1.0,0.7692307692307693,0.4328504016859095,0.22981889328611516,0.06399858937677987,0.022620435819288826,118.0,0.7700811067138849,0.34694995785658655,1.9399790843725206,3.278255544096194,4.762173934797756,4.770684624465665,1.000088900581841e-12,-1.0176061304195259,3.7221666283761117,1.742622012805453,0.548815627408204,0.32226307234061485,0.02984853112959221,0.0532174770921271,-0.06550358701346316,-0.04963516162342785,0
n_sim00606,83,1.0,0.6265060240963856,0.1894101546283011,0.7848122650648637,0.25854205346234904,0.060242314001962526,84.0,0.47787867426563985,0.5452014410605289,-0.12625424750515862,1.92717576189299,4.418840607796598,4.430816798843313,1.000088900581841e-12,0.03555677593821327,2.962157239936483,-0.40886783117425457,0.15156637755905997,0.18310091865080833,0.09374818780301825,0.4803895670550839,-0.04118171353007103,-0.05616935776377691,2
n_sim00607,86,1.0,0.5930232558139535,0.17329778357077902,0.7552732417522177,0.15999267936929293,0.033030909304406185,87.0,0.3470482308708116,0.5170049538120971,-0.5800656706378061,1.7157928764875727,4.454347296253507,4.465908118654584,1.000088900581841e-12,-0.34808369102624587,2.876663004176877,-0.9813686362155016,0.08467262352632846,0.19418063433798796,0.18632752335295721,0.30345065121940723,0.0018129009380717055,-0.01532657335021393,2
n_sim00608,49,1.0,0.6122448979591837,0.18282847372395794,0.6262702071621085,0.24190166276772582,0.07084072333877138,50.0,0.5857053869429014,0.5357312214723302,0.2361089407673974,2.3520053723787635,3.8918202981106265,3.912023005428146,1.000088900581841e-12,-0.0031076866229888377,2.663723030291359,-1.3712858151553324,0.3025101079024482,0.29388708871504593,0.29411486028021866,0.0661213730601856,0.047630872441681925,-0.0018829603346396761,2
n_sim00609,36,1.0,0.7222222222222222,0.38008592252955886,0.17810461200443284,0.07841646488962878,0.019526759465035567,37.0,0.9336841939439507,0.6188858438036546,0.5560093397888839,2.146162055008558,3.58351893845611,3.6109179126442243,1.000088900581841e-12,0.23622266586553592,2.193270826505763,-0.5889888665768652,0.13994968900417332,0.22424386313691685,0.0866932929874857,0.3391891461870685,-0.09426739826061417,-0.1300455833387129,2
n_sim00610,60,1.0,0.5833333333333334,0.16399197092070764,0.6774822789649636,0.25215725072549977,0.04013722828349667,61.0,0.503552516851835,0.47789847580925054,0.5774684241165283,2.629339727074196,4.0943445622221,4.110873864173311,1.000088900581841e-12,0.008642468628989538,2.256595948046741,0.4972334239781126,0.11348512073336016,0.3636897790372502,0.14150866077461136,0.32458233754541926,0.10385645030120776,-0.12425981428776992,0
n_sim00611,53,1.0,0.5849056603773585,0.31593909705438733,0.45742033680100047,0.09305369669456971,0.0392357399906731,54.0,0.6301556436659014,0.4559651104193612,-0.3015131242168422,2.071416998512537,3.970291913552122,3.9889840465642745,1.000088900581841e-12,-0.9181171115584648,3.1067032685390727,-0.1698799247467561,0.016553708926316697,0.7491653992978957,0.12897471237791924,0.0989284109762106,-0.027446205677195915,-0.05466518345761139,2
n_sim00612,40,1.0,0.625,0.20560524798719665,0.43126177014726974,0.05790631011654898,0.021319440448369885,41.0,0.5466583235994494,0.5582317148997242,-1.0481394841931422,1.7660443055998087,3.6888794541139363,3.713572066704308,1.000088900581841e-12,-1.4538884233919664,2.689672445381875,2.7293049987273577,0.025071871117614237,0.013446156987327759,0.49967942953109445,0.4000587581696446,0.04060696622914575,-0.060118363974441945,2
n_sim00613,69,1.0,0.6956521739130435,0.32554410279661566,0.2905423071630624,0.07905906249030191,0.026642441504729178,70.0,0.2766941405803039,0.5884448407502642,-0.028022284172664325,2.82408367073478,4.23410650459726,4.248495242049359,1.000088900581841e-12,-0.928794406687671,3.146416793717114,0.8877634130628627,0.14783569225787802,0.16355969830861655,0.06331917247677726,0.24116823237583226,-0.20119412561775138,-0.2460483984408069,2
n_sim00614,96,1.0,0.6770833333333334,0.33648871220252957,0.4018171932254623,0.047594746904981326,0.010071450891377549,97.0,0.25281268319989675,0.4624206614726554,-0.4515430368322496,1.9323476412972647,4.564348191467836,4.574710978503383,1.000088900581841e-12,-1.378487069360328,3.0113305704673894,0.6427033086594857,0.42391194558541184,0.2928198173357293,0.1194442893099489,0.12097212100069779,-0.007941881938324085,-0.08781237326516067,2
n_sim00615,87,1.0,0.632183908045977,0.31987556741860207,0.9334584092112069,0.20750040721693075,0.03849932257933893,88.0,0.035947821173635056,0.5054635990708884,0.6674500990639666,2.7225260457642517,4.465908118654584,4.477336814478207,1.000088900581841e-12,1.7896746853599927,2.7814154618983147,-1.0241629409386035,0.019859188711662104,0.06866869586457665,0.13257834330570956,0.5440053613924416,-0.025207988096509776,-0.08468914773194228,2
n_sim00616,103,1.0,0.6504854368932039,0.14952829356583933,0.7955685155021729,0.5112527213075666,0.20810785928269115,104.0,0.4057556699689253,0.563608110665547,0.3246439760121373,2.7795856877556537,4.634728988229636,4.6443908991413725,1.000088900581841e-12,0.751577564023014,3.735921457381379,0.5371242608335373,0.0629482905478087,0.10073855687649916,0.24647632907490089,0.15125863647418614,-0.039582684636748994,-0.055132493846251636,0
n_sim00617,27,1.0,0.7037037037037037,0.2754322485364603,0.5712000327469446,0.13232670462434723,0.08306019299890276,28.0,0.49305109711142286,0.5655974463291611,1.047180601661986,2.732261294578691,3.295836866004329,3.332204510175204,1.000088900581841e-12,-0.6359938504330096,2.8301285278559143,1.531222552440061,0.3266425858859064,0.0,0.6377789564782632,0.025294141623306093,0.00528822292338217,-0.07435935100351307,0
n_sim00618,92,1.0,0.6630434782608695,0.4116688487211743,0.2408991947198702,0.03074819289019072,0.008007778014743713,93.0,0.8324161838066806,0.29461260291348784,0.6976856156393378,2.983817756638959,4.5217885770490405,4.532599493153256,1.000088900581841e-12,-1.5122296542326712,3.1763706706470187,1.4735812877668697,0.10569746635523386,0.556294006316809,0.2593982799529104,0.0261618131259099,-0.1229134264491079,-0.08829753525680956,0
n_sim00619,50,1.0,0.52,0.21649892496784215,0.6982545969187309,0.17732863093620177,0.05234889206784506,51.0,0.2744492273287681,0.4308959973777649,-0.005059102765879333,1.8295986560324218,3.912023005428146,3.9318256327243257,1.000088900581841e-12,-0.11593737050210226,2.6919490952749725,-0.2315711576646758,0.05320416889676104,0.3789952425979552,0.3644840332754196,0.1481563273351128,0.02995743591096111,0.024635580451128018,2
n_sim00620,15,1.0,0.7333333333333333,0.4312500027989384,0.19683849525520436,0.014282656314616265,0.00862763519870207,16.0,0.8030615047447957,0.5152549903132235,-1.347315089268346,1.9208421972985976,2.70805020110221,2.772588722239781,1.000088900581841e-12,-2.404521542795066,2.203974690662503,0.37157336071487923,0.6040637685350484,0.03373726800380797,0.3621989633911287,0.0,-0.1085461309074615,-0.0986649235673602,2
n_sim00621,62,1.0,0.6451612903225806,0.3120508432704442,0.5688423288709273,0.1035891159097051,0.06261408640100061,63.0,0.49709065510253264,0.5443460357807594,-0.2680260481579443,2.7982811019287794,4.127134385045092,4.143134726391533,1.000088900581841e-12,-0.8809947946128055,3.6236923941153685,-2.362270250117431,0.21585413549805843,0.6337783584074618,0.07365445792601642,0.039163827882654684,-0.02796128613161644,-0.022695317201489717,6
n_sim00622,71,1.0,0.5915492957746479,0.2407232979043363,0.7977285041951482,0.1872020669602731,0.03624912022520602,72.0,0.32362974819301726,0.4757299004044798,0.4314233153308036,2.6001732264325264,4.2626798770413155,4.276666119016055,1.000088900581841e-12,-0.15639686132061287,2.6209063826093293,0.533394187481791,0.13573556624094374,0.22471080010255343,0.34790292387710164,0.28061812490257243,-0.11962363470714103,-0.18267980926131006,0
n_sim00623,108,1.0,0.6388888888888888,0.13225726623189,0.6658661251136446,0.2845981144667952,0.0628436904654043,109.0,0.5842815650470752,0.5478135970255801,-0.04720405273815292,1.7364057280367033,4.68213122712422,4.6913478822291435,1.000088900581841e-12,0.15844214879409713,3.171703705960692,-0.16687099800680044,0.2234900583723942,0.08688813944284832,0.05892689635247268,0.3168373178236078,-0.008570116938468538,-0.11771219392565674,2
n_sim00624,71,1.0,0.6338028169014085,0.13636247616648495,0.6816224583221999,0.34034857371348176,0.0744498708679546,72.0,0.7342746475298638,0.5660468063338615,0.013886341363780868,2.2766493150216074,4.2626798770413155,4.276666119016055,1.000088900581841e-12,0.5563791845299522,2.7428355922557923,-0.5720968663987224,0.15768969935353153,0.07693683704073478,0.16780452667208043,0.3349971731095775,-0.11330484044760666,-0.07108088196967774,2
n_sim00625,57,1.0,0.6842105263157895,0.17176698307867738,0.8558394691549698,0.31535234459293976,0.10131247041654197,58.0,0.47604147727753926,0.5840359019197315,-0.0654569817175795,2.8284187030654913,4.04305126783455,4.060443010546419,1.000088900581841e-12,0.23452833330332867,2.907570207184248,1.5811803402652684,0.03392830540070419,0.038265075327535925,0.06002335367888764,0.40613642018295637,0.013120749850447352,0.010988316924845847,0
n_sim00626,117,1.0,0.6666666666666666,0.4085947805872658,0.19740046142638867,0.04368739773910135,0.0046838892610119595,118.0,0.8237270598888888,0.41293559673699276,0.14641909640911746,2.0007144139922532,4.762173934797756,4.770684624465665,1.000088900581841e-12,-1.201057868667097,2.5292430565635997,0.1539662472752381,0.2517333437398051,0.24889035648093183,0.2379057701318502,0.2000765973873037,-0.10337172603523395,-0.055177114662967354,2
n_sim00627,50,1.0,0.76,0.44301632415599757,0.2411512239791349,0.025957060701356206,0.013194959256983739,51.0,0.7587487760208651,0.4027140681379269,-0.3263887463998896,2.0675375939129674,3.912023005428146,3.9318256327243257,1.000088900581841e-12,-1.9533106026132712,3.2354142244797153,0.2223052515034168,0.3824429583342067,0.5164443364279557,0.06275932147117422,0.002453437356671104,0.06613371207284659,0.02033298380887306,2
n_sim00628,38,1.0,0.631578947368421,0.1741326190871526,0.5426453579674431,0.49514035677164037,0.2801276578558641,39.0,0.5814534270941569,0.5825751194437752,0.291618088775677,2.0301296696487947,3.6375861597263857,3.6635616461296463,1.000088900581841e-12,0.7102775035639335,3.067990308426021,-1.1055532547495281,0.1436400524775246,0.18396664825404474,0.060913955367062865,0.018360920008863076,-0.02043943706832138,-0.027177946596220564,2
n_sim00629,106,1.0,0.6132075471698113,0.23682473806731727,0.82566012045668,0.26103410566539526,0.12656360317428195,107.0,0.21651786745429252,0.45128776359739853,0.449001461923749,2.3201903249860005,4.663439094112067,4.672828834461906,1.000088900581841e-12,0.4309850212468129,3.9395329955823266,0.1761830917024852,0.1289782662473622,0.2614106028775951,0.045606122755421946,0.5430214402558781,-0.017694544063109986,-0.06103739458763283,2
n_sim00630,59,1.0,0.711864406779661,0.4379978679001247,0.2288007403676624,0.03647672114781454,0.00804097435973865,60.0,0.7807680121392586,0.31418131235248903,0.862606802686608,3.2038225084170397,4.07753744390572,4.0943445622221,1.000088900581841e-12,-1.5459789812952285,2.565413426932791,1.0676323609038687,0.6743715560227431,0.21151920053023335,0.10889966373933274,0.0,-0.23883929143950583,-0.0611237609396795,0
n_sim00631,43,1.0,0.627906976744186,0.2563891919281394,0.7088386522361814,0.16432308798597378,0.06062029001577262,44.0,0.7089386522361814,0.5081605517372116,0.4134854870295508,2.355108015831029,3.7612001156935624,3.784189633918261,1.000088900581841e-12,-0.22771324012703065,2.7639952327083663,-0.32685046467637835,0.44288476598610155,0.3997854438954428,0.11244481080519193,0.03054842405177804,-0.05720608242824125,-0.018451874772182946,2
n_sim00632,108,1.0,0.7685185185185185,0.4375336125015356,0.2062409619215159,0.02944981345596355,0.005681099626592263,109.0,0.1458547040710273,0.29908574085772455,0.8700708898658285,2.8255544238167625,4.68213122712422,4.6913478822291435,1.000088900581841e-12,-1.4422694088370638,3.03658845804491,0.8428449887312106,0.5355105978660081,0.31946525296244704,0.07860268266947856,0.04222080341264979,-0.1311093563325513,-0.04976403449117623,0
n_sim00633,81,1.0,0.6419753086419753,0.4136416720310646,0.4055955460518411,0.06283205978689616,0.019940966917047734,82.0,0.4056955460518411,0.22950141195610832,1.327593063360735,2.8177681662452865,4.394449154672439,4.406719247264253,1.000088900581841e-12,-1.3447740001481332,3.2467599587468463,1.518657076015246,0.4801072270724494,0.3718075327404106,0.08449074178395687,0.05124347053010431,0.06517864150718533,-0.04498131098634369,0
n_sim00634,104,1.0,0.6730769230769231,0.2964379012337154,0.5759771919802051,0.09121749489925465,0.01678696240903549,105.0,0.5280842378487184,0.41820750048012745,1.3941201670007213,3.406477377302074,4.6443908991413725,4.653960350157523,1.000088900581841e-12,-1.0050543242924213,2.9517467273894407,2.284737846627046,0.22619480371525028,0.12570376913517356,0.5096916540517313,0.11624949291623304,-0.2587534542637309,-0.14142314329966216,0
n_sim00635,31,1.0,0.7419354838709677,0.2842940193477601,0.37592149081114823,0.15689767321458667,0.0723981465491649,32.0,0.661148641381687,0.6560613830050871,0.024548783300789204,2.1369660449769703,3.4339872044851463,3.4657359027997265,1.000088900581841e-12,-0.35619112026239913,2.6605740733216257,-0.7583858935291454,0.25178773159937506,0.22565160195267686,0.4614354379219224,0.0,-0.03697572775001318,-0.019271683719499895,2
n_sim00636,58,1.0,0.603448275862069,0.22594094588428193,0.45730490449460703,0.3172845243695453,0.10285779247093389,59.0,0.4509479025347346,0.5321024150040817,0.10920472917801709,2.311364896749457,4.060443010546419,4.07753744390572,1.000088900581841e-12,0.24800905392041317,2.933991464464334,0.16440972492126255,0.017106315743899675,0.29141727617008617,0.054304651786098675,0.03992750864414025,-0.0037027110828520794,-0.06372106576113913,2
n_sim00637,44,1.0,0.6590909090909091,0.1492712304726956,0.46689145838999624,0.3387245131092758,0.10598838176462272,45.0,0.6146202713811503,0.6074131996740574,0.24360200558774112,1.761897010598096,3.784189633918261,3.8066624897703196,1.000088900581841e-12,0.3577086217837955,2.622331984598975,0.26003064520886554,0.12304386751597693,0.15720742522831774,0.3381811431069938,0.31290437409269206,-0.23237706643520006,-0.2370802973015501,2
n_sim00638,21,1.0,0.6190476190476191,0.2360461733643223,0.7608868124306541,0.14350606147034672,0.063229123016868,22.0,0.21643924483984478,0.5696178526851995,-0.29928639402700524,1.7870447537036676,3.044522437723423,3.091042453358316,1.000088900581841e-12,-0.16702593233168422,2.2249101653165346,-0.8635604683407864,0.1520613634230868,0.00013533598544025082,0.5788268852963989,0.2632924867707795,-0.010121554710091199,-0.04170362238637535,2
n_sim00639,84,1.0,0.6547619047619048,0.41762421779442577,0.22816323315250278,0.04457659702003533,0.00799379296167769,85.0,0.029253997786191508,0.32698914291790343,1.0765060040544443,2.9341094671095203,4.430816798843313,4.442651256490317,1.000088900581841e-12,0.4508831786357447,2.7122731670087425,0.76617203891058,0.27671673358791915,0.11779567530368738,0.275528338388702,0.21613325472735076,-0.013773960961469765,-0.11756358586158065,0
n_sim00640,43,1.0,0.6511627906976745,0.32814458147685055,0.4833955882330977,0.17320698669194756,0.08184966590369507,44.0,0.8706190911891389,0.45602812587805897,0.39537765947938713,2.804317102067512,3.7612001156935624,3.784189633918261,1.000088900581841e-12,0.43027722056708967,3.011597003271622,-0.9939868862595449,0.03409218440199689,0.47438292737189364,0.48223776010720043,0.007849382380922316,0.06541029661595799,0.024902531391520294,2
n_sim00641,14,1.0,0.7142857142857143,0.3732810340597888,0.16515483170469422,0.008710209902351888,0.005927897501970405,15.0,0.18987582105498085,0.6532950933389093,-2.44565557867095,1.8328878843583878,2.6390573296152584,2.70805020110221,1.000088900581841e-12,-2.8713066596775128,2.254231035948984,1.3338861863155826,0.14801380029481986,0.0,0.03776406511641812,0.8142221344739543,-0.25778991523646705,-0.26892657225980343,6
n_sim00642,24,1.0,0.5416666666666666,0.11971389786103166,0.436153195558085,0.16940234606115914,0.031758518201417,25.0,0.48825870251954195,0.5043244027310295,-0.2492416341296226,1.1920997123749895,3.1780538303479458,3.2188758248682006,1.000088900581841e-12,-0.3886327021380768,1.5039381780401115,-1.4089675763165685,0.4342033897027558,0.21176170852339593,0.03993411536723426,0.31410078640071076,-0.18046503700768526,-0.24968417406508417,2
n_sim00643,76,1.0,0.631578947368421,0.42161148953159405,0.28133669978164316,0.10909456939851057,0.048276504496508436,77.0,0.05153080716611463,0.2634842282854379,4.104755282659934,3.880942601331165,4.330733340286331,4.343805421853684,1.000088900581841e-12,0.8029412590164756,3.5154632173318916,1.3046340007348474,0.03957204381798846,0.12028265283656632,0.014205841863052735,0.7768575637582942,0.14729357282492944,-0.02432452789102117,6
n_sim00644,45,1.0,0.6,0.19377956813545186,0.7398885864330647,0.435239567216249,0.09702391347863791,46.0,0.6894366510369508,0.5387667719258337,0.6236825987208645,2.0763788754838677,3.8066624897703196,3.828641396489095,1.000088900581841e-12,0.7093891683726838,2.305723359778771,-0.8144097216079429,0.17101667978333554,0.18017527644282363,0.12064841898875875,0.20676283628771827,-0.11273569781030648,-0.12252860499845901,2
n_sim00645,61,1.0,0.7704918032786885,0.48627312181276966,0.04057502137707958,0.0033114920899175912,0.0006833995662355854,62.0,0.9593249786229204,0.18275992365570407,0.8277909323927651,3.076426147489603,4.110873864173311,4.127134385045092,1.000088900581841e-12,-2.466689919005247,2.5327994029299394,-1.43880788436954,0.2430670154811474,0.30333408216741803,0.3834262965606621,0.049559708861473886,-0.20775413217885264,-0.22548008819573875,6
n_sim00646,111,1.0,0.6756756756756757,0.20180584243259614,0.5185804537005215,0.22367894371756428,0.034575527544967365,112.0,0.4533949939922663,0.5779735406746078,0.03293684392553728,2.09177607870031,4.709530201312334,4.718498871295094,1.000088900581841e-12,-0.10252311314802555,2.8424645995267874,-0.9661473673806558,0.20089726725629764,0.1788469341056293,0.34855021619908055,0.24587574036277599,0.11328589454988938,0.09699938651692563,2
n_sim00647,11,1.0,0.5454545454545454,0.12685100205900984,0.3918101774386429,0.18696592444995888,0.1535152151445008,12.0,0.26229850782317155,0.5157446192821359,-0.7061985074514695,1.593255710927226,2.3978952727983707,2.4849066497880004,1.000088900581841e-12,-0.03434080162974889,2.2007685782662683,0.8612895468206833,0.005699760026572602,0.15628433976487627,0.0,0.8210865995785656,0.12106966415708764,0.19559211513635083,2
n_sim00648,33,1.0,0.696969696969697,0.3855114293411373,0.27724060293855646,0.03055573794518415,0.010077273076662972,34.0,0.27734060293855645,0.501650777817413,-0.5546866146572524,1.7712485141889385,3.4965075614664802,3.5263605246161616,1.000088900581841e-12,-1.8808766103148704,2.3872377689931263,0.8496731645397178,0.3434947846314109,0.0,0.37475122068192357,0.27072899267196227,-0.1000792480100171,-0.21112641815235356,2
n_sim00649,50,1.0,0.68,0.3934254731388287,0.38295322615754634,0.04510142450148512,0.009102239443060395,51.0,0.38305322615754633,0.44152945785882347,0.3316062787875975,2.815745470345041,3.912023005428146,3.9318256327243257,1.000088900581841e-12,-1.656287594933657,2.311629648911765,-1.2846782394946004,0.33448285651682735,0.427613131062299,0.16315988093608466,0.0644718824337197,-0.08392913163802392,-0.048954245962464116,6
n_sim00650,36,1.0,0.6388888888888888,0.3409719703899392,0.3203143396316115,0.11734035696801315,0.06731263701323044,37.0,0.7888666191901031,0.49025496676067803,1.152416031274428,2.3243149100524407,3.58351893845611,3.6109179126442243,1.000088900581841e-12,-0.3502533017548994,3.0277881828971913,1.2749126304815854,0.07323551591590663,0.2947597092867415,0.00273039902931413,0.6214801243587306,0.08178728510295201,-0.05416458442849501,2
n_sim00651,91,1.0,0.7472527472527473,0.3902946447658293,0.3489791776667545,0.08524065529393049,0.03726990857339157,92.0,0.06918285888573446,0.4977668597301057,0.6285954520481046,2.5701131212375934,4.51085950651685,4.5217885770490405,1.000088900581841e-12,0.28041779911377274,3.6835672710408085,-1.2045933172143575,0.048329206470856825,0.07918792070138496,0.5447276217273539,0.30320281051289855,-0.028447355397217374,-0.13157457412447576,2
n_sim00652,117,1.0,0.7606837606837606,0.29688525871300464,0.4895188473873936,0.1717131479337683,0.043579566433475304,118.0,0.28325447317602603,0.47824189890603636,0.05581663557202133,2.1545307112859806,4.762173934797756,4.770684624465665,1.000088900581841e-12,-0.16748593694578368,3.3909369748481066,-0.7257639754441878,0.1380241184335639,0.27968943356760556,0.43240912453051245,0.14872798276579133,0.04435633360093893,0.09379079371065394,2
n_sim00653,99,1.0,0.6565656565656566,0.47012115799625925,0.08746009692668666,0.017744278963425446,0.0033935792855174264,100.0,0.9762613170095382,0.11342766929319095,1.3183337347211586,2.3979631748781904,4.59511985013459,4.605170185988092,1.000088900581841e-12,-0.26701777362157364,2.9409418936268437,0.5021396467578698,0.0802227716585933,0.3159154116985402,0.37589102847265815,0.10972816541954919,-0.18583849259098828,-0.18321799945378173,0
n_sim00654,21,1.0,0.5714285714285714,0.3460392215533846,0.27974537145811607,0.050740587214569775,0.02515318919800933,22.0,0.6608424258520963,0.5095493481365355,-0.8545892846284243,1.6746978509941184,3.044522437723423,3.091042453358316,1.000088900581841e-12,-1.4854988376848983,2.3427810058186216,-2.081537457391542,0.515169764790091,0.22990943548632886,0.17539670914052283,0.010192268033022358,-0.1583344639448235,-0.14474205179742192,2
n_sim00655,25,1.0,0.56,0.09331787559473463,0.4680321652037477,0.41097743071242265,0.11037388499006119,26.0,0.5209318026193167,0.5227090823181495,0.20942170272981364,1.6361281553866447,3.2188758248682006,3.258096538021482,1.000088900581841e-12,0.49883148099223257,1.9042110817942342,-0.14411758631069987,0.0,0.24090367199346135,0.16484632480234354,0.3102190951882949,-0.27254437981247653,-0.324972687086761,2
n_sim00656,115,1.0,0.6782608695652174,0.46961112705981084,0.14033709346731812,0.030062131449441882,0.002889793936202913,116.0,0.0876096120006698,0.09327389537473948,2.8690263152191915,3.0476172162709636,4.74493212836325,4.7535901911063645,1.000088900581841e-12,-0.9779371061431021,2.4028510338013516,0.15567396942045963,0.3876267928254396,0.1072324283594738,0.2352707683003273,0.2113021076384918,-0.03398365441433472,-0.03621416113808222,6
n_sim00657,102,1.0,0.5588235294117647,0.20741898552097077,0.7391221490583856,0.31114147237733225,0.05844907616252258,103.0,0.3669032296017031,0.4303948693477392,1.2314909156044094,3.6149216209008785,4.624972813284271,4.634728988229636,1.000088900581841e-12,0.2922815628186686,2.9528809913142444,1.3723660323195543,0.1213949449001382,0.29667786132975166,0.1899956806883978,0.34106916976814283,0.14020510823526194,-0.06135329228578599,0
n_sim00658,15,1.0,0.5333333333333333,0.15663396906993193,0.4055179732871517,0.10682336755179574,0.05433395938173587,16.0,0.3667761250773197,0.49937151276150793,-0.9513825036902571,1.4599057462928697,2.70805020110221,2.772588722239781,1.000088900581841e-12,-0.776643702105589,2.0320229355207897,-0.30064911986043485,0.10766427226858401,0.0,0.549711253284037,0.19694914441145592,0.14706901807597852,0.16121702621206366,2
n_sim00659,83,1.0,0.6265060240963856,0.41143547992686785,0.31004555872706685,0.05531950879726533,0.014796799851404077,84.0,0.797065754332448,0.26903283097705627,0.9696109606985851,2.9731193303920964,4.418840607796598,4.430816798843313,1.000088900581841e-12,-1.072938284835474,3.100125910037435,1.217375278015528,0.29890524266222224,0.40078999563992207,0.22849092528517728,0.057448534686110095,-0.07375858963122582,-0.19473102063639286,0
n_sim00660,57,1.0,0.543859649122807,0.23873229233556492,0.5018113776592024,0.1278924268082972,0.02452395396531263,58.0,0.5162275854794277,0.43450971145218525,-0.3069331143425997,1.693794385495784,4.04305126783455,4.060443010546419,1.000088900581841e-12,-0.6692175295736923,2.391512125188011,0.48917031891970836,0.12081085337546947,0.10714273300978702,0.2587470401344243,0.2991619778449203,-0.031780871689589006,-0.10220071986567184,2
n_sim00661,36,1.0,0.5833333333333334,0.17721720591061335,0.9448868019006875,0.7102690308875023,0.4594024309897365,37.0,0.4794234505358389,0.503512519004359,0.532519311306184,1.7490675038183527,3.58351893845611,3.6109179126442243,1.000088900581841e-12,1.045877910417758,3.1478017053035616,1.1366835278106688,0.0026087899681623583,0.08232987612005682,0.0513090791117356,0.2169516609235916,-0.04086424902849649,-0.05988787328629468,2
n_sim00662,52,1.0,0.5769230769230769,0.14939558846995987,0.4085186921977167,0.2216469111124878,0.05411259409989515,53.0,0.2082917649301706,0.5203818114241989,-0.4049583083065916,1.7474582942551997,3.9512437185814275,3.970291913552122,1.000088900581841e-12,0.29570815749237506,2.541225044884423,-0.5100473879950427,0.06603061513666772,0.28043181151154895,0.0340677205889283,0.31877657652984104,-0.17183219044113332,-0.19021522874463695,2
n_sim00663,74,1.0,0.5675675675675675,0.27000701155986123,0.45739181358769154,0.21410063506482366,0.0432133427014515,75.0,0.6485385778304968,0.456070052576992,0.11052179592717591,1.762839903444972,4.30406509320417,4.31748811353631,1.000088900581841e-12,-0.062620002215347,2.7037682374767757,-0.5350864522972175,0.22174783013440402,0.18607731468546124,0.019939227034276925,0.40758730945621824,-0.03331414179953178,-0.027398252525310907,2
n_sim00664,59,1.0,0.576271186440678,0.35006427903478377,0.2834153123933769,0.08674938918432681,0.01799319599990681,60.0,0.8150095329666566,0.4257173898826922,-0.04451303190864254,1.6322386460031204,4.07753744390572,4.0943445622221,1.000088900581841e-12,-0.5527254475788438,2.504507752012834,-0.7258293192893888,0.19013531421092886,0.11587437860173679,0.39543902476920023,0.25235475812928365,0.0985606883357025,0.13771653648440502,2
n_sim00665,42,1.0,0.5238095238095238,0.22904509641812165,0.4745620956776524,0.21446262198535068,0.04711157120838705,43.0,0.598695038578136,0.4525386251864066,0.17548292620190487,1.4649102832493064,3.7376696182833684,3.7612001156935624,1.000088900581841e-12,-0.11358324578778771,2.222052795467472,-0.3397474071317857,0.019971957427935266,0.43347596959163376,0.18640509044531897,0.33075520366723704,-0.14320073317477194,-0.18068598576690126,2
n_sim00666,33,1.0,0.5151515151515151,0.4108145096653748,0.1528234283054483,0.028050368612416953,0.006369845699745703,34.0,0.10405763795282838,0.3661745183315516,0.2674415748262146,1.8419457709738054,3.4965075614664802,3.5263605246161616,1.000088900581841e-12,-1.2010639873893971,2.014081033632852,0.2557207852973565,0.5592378777887467,0.06445314729558932,0.2453205920084178,0.07843512789736745,-0.42562943250809265,-0.36781434006128066,6
n_sim00667,117,1.0,0.6837606837606838,0.4497709267561931,0.2210296126371073,0.04343442083259463,0.00815800300315385,118.0,0.7788703873628927,0.22601039289708658,2.3292602326500456,3.520773682742275,4.762173934797756,4.770684624465665,1.000088900581841e-12,-1.3775861482883014,3.0899211077404916,1.5861736394955133,0.5942642732392246,0.12914073672551002,0.08807805792628863,0.1652963255552302,-0.052951882631965735,-0.08597726620542466,0
n_sim00668,48,1.0,0.6666666666666666,0.2095025503917803,0.5479356628455819,0.6939605745206388,0.5085596068537057,49.0,0.3212215154499574,0.5998355778279599,1.0976610734906895,2.8002027002640903,3.871201010907891,3.8918202981106265,1.000088900581841e-12,1.157744627850385,3.5603682905656666,1.5890846453205503,0.01068773587098962,0.06629127180359441,0.1276570483939588,0.05018539593292745,-0.052510565485462346,-0.13221537896496746,6
n_sim00669,16,1.0,0.4375,0.16360394727844949,0.7370554876169964,0.2087799772224772,0.05478952536940227,17.0,0.4101447522914318,0.4033040117308516,-0.5348294819216584,0.8341323692787445,2.772588722239781,2.833213344056216,1.000088900581841e-12,-0.14735107982538062,1.4348067980891732,0.8704269215664323,0.0,0.06528800363936,0.19495356682349052,0.5187685114352927,-0.09042044725769403,-0.12393023484010632,2
n_sim00670,11,1.0,0.6363636363636364,0.09831369505224964,0.18780845508346194,0.05528846501255506,0.027209096984258,12.0,0.5195896418659992,0.6096028912633239,-1.2686236754176006,1.418639587371931,2.3978952727983707,2.4849066497880004,1.000088900581841e-12,-1.507360424744103,1.6888823404877307,-19.906627283978793,0.42625988041544843,0.08161039634866232,0.49212972321780235,0.0,-0.14773069982426965,-0.16565624723347067,1
n_sim00671,82,1.0,0.6707317073170732,0.3866633585244537,0.3929359169178742,0.0760457059591782,0.018009630415813993,83.0,0.6069640830821258,0.4555994081867235,0.9987561809010601,2.997265186664039,4.406719247264253,4.418840607796598,1.000088900581841e-12,-1.1432807847393955,2.9662913304435694,1.0781613500791862,0.3778142916787536,0.2634910195119991,0.05842809102622853,0.2657577113599899,-0.05154622254132372,-0.1060341250679356,0
n_sim00672,71,1.0,0.6056338028169014,0.39284674130234465,0.36051023611520133,0.0532200115775156,0.007987645339694482,72.0,0.29452329487618667,0.33624735774335746,1.0976576262383322,2.7578175347471032,4.2626798770413155,4.276666119016055,1.000088900581841e-12,-1.3620420894143195,2.366141408173216,2.0735053444435505,0.4004399026355952,0.24729796852256475,0.22104501533595314,0.057399627277067426,-0.2675394678204645,-0.18709205150677824,0
n_sim00673,38,1.0,0.6578947368421053,0.16312614200667688,0.44488884761634107,0.2360020920181484,0.13247100786067353,39.0,0.6286455754731419,0.6080310373132557,-0.7225799836041829,2.3192517849033214,3.6375861597263857,3.6635616461296463,1.000088900581841e-12,0.01087139482546304,3.060109302988411,-0.34561772985045547,0.03789468766992316,0.21978892083758,0.011878935437805603,0.16912460188335915,-0.0381297883349864,-0.05296023999508396,2
n_sim00674,117,1.0,0.6153846153846154,0.14108682469350622,0.8041523878989436,0.8523472127793217,0.3355004993117899,118.0,0.45484624306373794,0.5347790223547779,0.5003771827222915,2.4928671642952165,4.762173934797756,4.770684624465665,1.000088900581841e-12,1.2347219373273057,3.8298034087866246,0.38098048561940984,0.03395648524356713,0.0557894295200701,0.05826731495669338,0.09729812827530622,-0.13970822329627205,-0.09996746140111255,2
n_sim00675,106,1.0,0.6509433962264151,0.15565841374138842,0.7377333985470651,0.46340090350805174,0.1795626844252527,107.0,0.375785865490335,0.569341812442836,-0.26619489310529204,1.8890752139245648,4.663439094112067,4.672828834461906,1.000088900581841e-12,0.6808348924481739,3.715370895975773,-0.6194497708254261,0.05884861031421217,0.09204205370974573,0.044876877884830066,0.13042630822800555,-0.09654675404074257,-0.10555484342746631,2
n_sim00676,86,1.0,0.6395348837209303,0.3329862585858722,0.6271856464812048,0.12156283157241883,0.03377568445774896,87.0,0.3727143535187952,0.3222810894586777,0.20860247797701723,1.8317357212804775,4.454347296253507,4.465908118654584,1.000088900581841e-12,-0.6540277910336127,3.1736571830378466,-0.14750370476534697,0.4587617069164444,0.4338884261932619,0.09606994625795495,0.005371609051670721,-0.18905698828591777,-0.04307175590759182,0
n_sim00677,14,1.0,0.7857142857142857,0.2780355566128101,0.2777084572595862,0.05590789668615884,0.047806667222677145,15.0,0.43513451000560016,0.7454924047267563,-0.9913927135278093,2.2902921123719286,2.6390573296152584,2.70805020110221,1.000088900581841e-12,-1.4807819199999126,2.482516806107426,-2.2297887733913146,0.8550968656572191,0.0625543644322248,1.6030225511814008e-07,0.08234860959041444,-0.06599051043460506,-0.07672863075240657,2
n_sim00678,61,1.0,0.6229508196721312,0.2846966144587863,0.6910399037780288,0.10793210936983713,0.019875993427002213,62.0,0.270119658771461,0.5436144054133312,-0.5591583069597187,1.8853988288498817,4.110873864173311,4.127134385045092,1.000088900581841e-12,-0.6024879545371902,2.418884094182447,-1.2575440789533476,0.41124517484422246,0.18338176802013742,0.03984553503361756,0.07629158761437656,-0.08354818654538095,-0.028803132792772496,2
n_sim00679,113,1.0,0.672566371681416,0.372846869499526,0.4399067521483623,0.05880808267628755,0.015879529710353894,114.0,0.5599932478516377,0.37349490820340986,1.7566920546014224,3.8057044352032867,4.727387818712341,4.736198448394496,1.000088900581841e-12,-1.432680213901089,3.4181393510784157,2.494189108749814,0.45840804960847104,0.38211534553586646,0.05755231090378117,0.08924772292526996,-0.03915297220592723,-0.03957892379959725,0
n_sim00680,113,1.0,0.672566371681416,0.2807680652330967,0.6288156470942406,0.2231182093437809,0.08980081963698008,114.0,0.7063069451809221,0.5076873992111827,0.33759485315658955,2.503894485700941,4.727387818712341,4.736198448394496,1.000088900581841e-12,0.07287189645328966,3.8172802030869146,-0.8659798764543887,0.13205063934390407,0.5736014804208601,0.09536960456325169,0.18282682163400027,-0.05560632946522304,-0.04540443966106498,2
n_sim00681,118,1.0,0.7796610169491526,0.36565561401556557,0.3889372658916832,0.04942650005842857,0.014680566500054995,119.0,0.8374492789521499,0.3331476075117423,0.12443325340302114,2.6347076487734786,4.770684624465665,4.77912349311153,1.000088900581841e-12,-1.0131087842258164,3.5567225157182527,0.3784769784833343,0.4218077711717658,0.272911707608157,0.28061074909168005,0.02456809215823297,-0.0033264905215704597,-0.12917287993360393,0
n_sim00682,64,1.0,0.59375,0.2359213745490873,0.6527246547144225,0.4068158856859184,0.18352170677503363,65.0,0.19569785417527982,0.5196066026033315,-0.6468610772289932,1.8159906801303025,4.1588830833596715,4.174387269895637,1.000088900581841e-12,0.949569081428069,3.362855322987652,0.7774929775075712,0.008360618692621271,0.025161187996900026,0.024579228904645943,0.18780188540958118,-0.4614568856757091,-0.19078416764249537,2
n_sim00683,110,1.0,0.6272727272727273,0.2551900205595693,0.8235479732007022,0.19778578312107808,0.07019347645215794,111.0,0.3713313764238773,0.4623645000643265,1.9487708215342756,3.773691036989556,4.700480365792417,4.709530201312334,1.000088900581841e-12,-0.16575932859687806,3.6645512023466047,3.5008779387445963,0.04655598996554852,0.08067564817270133,0.09330848263891783,0.6924587396760049,0.005396161528999975,-0.03299653138547892,0
n_sim00684,106,1.0,0.5849056603773585,0.3245657825043207,0.3788494758937869,0.10258776964246927,0.013599337973131368,107.0,0.674148590871603,0.3747450125206209,2.2739021937500423,4.300803178011978,4.663439094112067,4.672828834461906,1.000088900581841e-12,-0.761418024732527,2.642741484896444,3.09817375334021,0.18566021118174852,0.26190692459536447,0.24326802827267874,0.2550541269049306,-0.008760729066693075,-0.015140252767427797,0
n_sim00685,24,1.0,0.5,0.18840712497336545,0.5834690423172714,0.15603312696028,0.05039888089674138,25.0,0.3832059837655918,0.4526382306550407,-0.39104694085637093,1.3009706559002026,3.1780538303479458,3.2188758248682006,1.000088900581841e-12,-0.41528416612566466,2.0479544635995763,0.19367254111450255,0.05460439197085521,0.2422530797537526,0.47422373913290067,0.05484622668148989,-0.05901117354059696,-0.09552279775033484,2
n_sim00686,61,1.0,0.639344262295082,0.4733580431880052,0.13073233540126006,0.025599896520326508,0.005396855113265472,62.0,0.13083233540126005,0.1175600771366687,3.1097941675752243,3.165008069248999,4.110873864173311,4.127134385045092,1.000088900581841e-12,-1.4911090790582417,2.5541019501582394,-2.776038295034884,0.3723651011535023,0.39170746889865166,0.15342246918928104,0.002695491363902701,-0.20516575063306136,-0.150624238302204,6
n_sim00687,108,1.0,0.6574074074074074,0.4271670451452213,0.31807839136226845,0.09418422899281001,0.030996123382348625,109.0,0.31817839136226844,0.22989513580681653,3.0681987808759446,3.8512568506943645,4.68213122712422,4.6913478822291435,1.000088900581841e-12,-0.8343722312366451,3.5707406233855052,-0.6273479416244601,0.18429994327600804,0.12379524495242275,0.07056280184973295,0.012530882833952947,0.011129009756709326,-0.022061272683227894,6
n_sim00688,92,1.0,0.6195652173913043,0.2637965373847062,0.8588325216560397,0.264316081721426,0.05771147514050432,93.0,0.203169105552597,0.4199935611102319,0.5834261523314997,2.032712474883551,4.5217885770490405,4.532599493153256,1.000088900581841e-12,0.4902198019943006,3.0000989401508575,0.18056573807142867,0.09687378677643807,0.21359636586466932,0.3709855634531046,0.315675401536731,-0.15318410525082,-0.16729364419575762,0
n_sim00689,42,1.0,0.5714285714285714,0.105854451864372,0.5400726244247791,0.3363586157960545,0.1308981599163884,43.0,0.5646532256817998,0.5237682105739896,-0.4273525309382635,1.713313666845668,3.7376696182833684,3.7612001156935624,1.000088900581841e-12,0.31357849998002657,2.793911334101923,0.6421551301094823,0.027896473333399133,0.06939992940248924,0.0805716550010302,0.30069141225153956,0.10874608605971052,0.03217312185774773,2
n_sim00690,47,1.0,0.6808510638297872,0.22573852861292315,0.49282883600934013,0.36394893775637593,0.23162899367263298,48.0,0.3439633585566192,0.6098014704555861,-0.27350499938695966,1.8919472231691237,3.8501476017100584,3.871201010907891,1.000088900581841e-12,0.4780170767684079,3.3982709511104896,-0.12382483355137724,0.020103608872793867,0.054332339018338845,0.059704900003067725,0.16772085675608933,0.0704042844873289,0.11555447902551975,2
n_sim00691,81,1.0,0.6049382716049383,0.28328842404706106,0.5646727651472452,0.16975706755410455,0.034603248952666116,82.0,0.09502863694077783,0.48302805342463606,-0.04625343478655327,2.3207374014856414,4.394449154672439,4.406719247264253,1.000088900581841e-12,0.6800420917953671,2.804028331597757,-0.2976670862843327,0.04485151419294471,0.022750760251816837,0.4692932319393186,0.3608586158707483,-0.03697750615160392,-0.003315797059498594,2
n_sim00692,51,1.0,0.6274509803921569,0.3047437585558664,0.9849336983744412,1.0488274356223775,0.5960400995597557,52.0,0.8445307319459591,0.5126013352235915,1.6123684520149297,2.6443121781562393,3.9318256327243257,3.9512437185814275,1.000088900581841e-12,2.0779541648632454,3.366705487452397,1.3841316958856553,0.013401063707041163,0.0061739069963916504,0.13652154111217737,0.27020573494729166,-0.02146556023488248,-0.1258764576920766,6
n_sim00693,76,1.0,0.6578947368421053,0.3905285971205946,0.3212206187239157,0.040046543176670085,0.011139931172826877,77.0,0.3049875247197753,0.42254808702966196,0.5515375800461271,3.0627744961155554,4.330733340286331,4.343805421853684,1.000088900581841e-12,-1.666403032560725,3.0512270374797383,1.280006076257656,0.43616389850309417,0.3658106026589481,0.10003196558062998,0.06410897829228644,-0.04051854724638705,-0.05116185818927645,0
n_sim00694,10,1.0,0.7,0.10895133005276714,0.1688212927271282,0.03831752176648402,0.02850062887805871,11.0,0.6129979064058817,0.674044019408019,-1.5337668846366839,1.675260359765169,2.302585092994046,2.3978952727983707,1.000088900581841e-12,-1.8231290654738874,2.0066039667493905,-19.700324574221476,0.2561985336106955,0.7438014663632068,0.0,0.0,0.0783143716161465,0.11766460747558125,1
n_sim00695,56,1.0,0.5892857142857143,0.31956265215408813,0.7916941362963957,0.523295322737516,0.2790398980429662,57.0,0.6790697025397883,0.43372014857008423,2.09387027778361,3.1372635059960357,4.02535169073515,4.04305126783455,1.000088900581841e-12,0.8759535196334955,3.3965604906425737,2.395542440259379,0.06263200945787657,0.1829995604344233,0.0037905726190393123,0.029366725812196105,0.31486871942484945,0.0041493518047726035,6
n_sim00696,12,1.0,0.6666666666666666,0.25191644100246,0.57945942397758,0.18410941344534257,0.08732160257092896,13.0,0.4143577850037015,0.5395226884230452,-0.05327634894405888,1.4424998255641241,2.4849066497880004,2.5649493574615367,1.000088900581841e-12,-0.2761533659351139,1.7389743149267733,-0.3585298901050207,0.16008063439011003,0.47429189489204604,0.36553277192318795,9.469878922438355e-05,-0.17249386700992136,-0.18474290468522836,2
n_sim00697,32,1.0,0.6875,0.3970372251134712,0.33699490939990207,0.057335870930073134,0.023491434951147718,33.0,0.662905090600098,0.4465459284186337,0.6276860645124461,2.298856375657643,3.4657359027997265,3.4965075614664802,1.000088900581841e-12,-1.3603146229055234,2.5734453392608407,-0.1375982723610979,0.3039973034128955,0.037579395967479126,0.2093968929822013,0.4102138193701271,0.07786350359270483,0.03117778027538121,2
n_sim00698,115,1.0,0.6086956521739131,0.10396205064681087,0.5988950782904503,0.516029170611469,0.10223740425707024,116.0,0.48431764722245924,0.532493653984461,0.19291707790453236,1.9829604553857898,4.74493212836325,4.7535901911063645,1.000088900581841e-12,0.7256866071611388,3.126066433658727,-0.04562289190931296,0.12398272968569281,0.07093187470225315,0.1208970157210421,0.20493166907545488,0.04923897697895058,-0.029210156830528276,2
n_sim00699,89,1.0,0.6179775280898876,0.2808112394411098,0.7572528612744279,0.4678996022222249,0.1547642941678292,90.0,0.21683298056175093,0.4901624739025596,-0.0047674167248943355,2.0151288601352237,4.48863636973214,4.499809670330265,1.000088900581841e-12,1.0135356640407587,3.3822858985302013,0.8208885028572283,0.015304961199746548,0.006423963698458343,0.05994773915296873,0.2696915969162728,0.1045038088095476,0.0828787246465001,2
n_sim00700,58,1.0,0.6551724137931034,0.33939032866068,0.5064899707040984,0.149609896244107,0.04647092665509897,59.0,0.6682653353693997,0.3703790298425387,0.5266324440983075,1.7507067783368557,4.060443010546419,4.07753744390572,1.000088900581841e-12,-0.3932342560695681,2.8912386792932705,0.37498251529811705,0.5040823000873484,0.17306106410602548,0.31287122147947005,0.0077923623359483895,-0.07936966567208878,-0.12457689120355582,0
n_sim00701,111,1.0,0.6846846846846847,0.4063368681979855,0.2733944039907365,0.06737599073709544,0.017664738685038112,112.0,0.10431632336838922,0.34575072180430527,1.7785536720263706,4.139399888427748,4.709530201312334,4.718498871295094,1.000088900581841e-12,-0.32697115201576327,3.3708119536758923,2.0033586855281604,0.2909854781591549,0.40700213269006186,0.2189232220733024,0.06554752901772698,-0.08691309282250083,-0.020942370647932786,0
n_sim00702,75,1.0,0.72,0.4880577464289966,0.06863446274758278,0.0099362339644241,0.001830425483066038,76.0,0.05396724347210938,0.0044717575398454616,2.180089416480277,2.500749221449338,4.31748811353631,4.330733340286331,1.000088900581841e-12,-1.6367111038202937,2.625848478712514,-2.984892421404531,0.5872206566075309,0.10544359195538133,0.2721529699936702,0.03231964211615337,-0.2121147860388087,-0.17023972853417352,6
n_sim00703,80,1.0,0.5625,0.22236621472578402,0.7443978605604165,0.17734774409816773,0.029836629372449974,81.0,0.5065432926559015,0.4342557957204621,0.6498733647368534,3.3995757617922786,4.382026634673881,4.394449154672439,1.000088900581841e-12,-0.34317718339574665,2.599650985441156,1.3866510556893914,0.07368424643200785,0.26932496058089295,0.30385658700460483,0.15589589905288928,-0.1354252655828769,-0.15880751777686478,0
n_sim00704,51,1.0,0.6274509803921569,0.45301604223094827,0.19684068069945837,0.03081321098736859,0.004771173763367982,52.0,0.19694068069945836,0.22463556734379386,1.930726456925734,3.221286994581795,3.9318256327243257,3.9512437185814275,1.000088900581841e-12,-1.6356323483314947,2.0664744517157314,2.3436141551992793,0.2531899280481734,0.38319347089138156,0.2747069158082516,0.08063976954155733,-0.28677884688693045,-0.1950914602016459,0
n_sim00705,64,1.0,0.625,0.24296529281705287,0.7846648562317478,0.315601548774565,0.12162899115801366,65.0,0.33562299056426204,0.5532540346247761,0.13266874657697247,2.655097952566865,4.1588830833596715,4.174387269895637,1.000088900581841e-12,0.3473975235959704,3.2053779420525372,0.7965151311371153,0.09905710757274745,0.05145260038201459,0.03839162028460398,0.47591389949111945,-0.21793923130149487,-0.20252244419214568,0
n_sim00706,20,1.0,0.7,0.21074537384833922,0.4947355546552313,0.2543642627964309,0.17850571269839702,21.0,0.6781898857701412,0.6601681214151311,-0.05921410911151068,2.5390109062914252,2.995732273553991,3.044522437723423,1.000088900581841e-12,0.15313364367624896,2.641585532932028,2.272257745383251,0.04706966207924413,0.00535383800304507,0.7077577401809017,0.0,0.0020091815271572042,0.0010898962703286565,6
n_sim00707,61,1.0,0.5901639344262295,0.3601791629850584,0.25627396583323914,0.07109182666890529,0.010192021804501829,62.0,0.7845752279573388,0.4506506246683825,-0.22820373768237798,1.8066896861518544,4.110873864173311,4.127134385045092,1.000088900581841e-12,-0.8660265696357349,2.1685067268440914,0.31205527403783895,0.23600718416021782,0.10980582774846277,0.27010843289870123,0.32894414631345437,-0.3124135998376836,-0.23059552593333374,2
n_sim00708,65,1.0,0.5846153846153846,0.4157551124241572,0.36681866102893435,0.0687677359450241,0.017802259800944735,66.0,0.6330813389710657,0.3739759556650422,1.482488505019093,2.691394074157036,4.174387269895637,4.189654742026425,1.000088900581841e-12,-1.2172491432397148,2.822977992697369,-0.4436827501100218,0.5822582359032568,0.08133438939334962,0.16443313265364135,0.06930781232987024,0.0015704537751936496,-0.06022212804718937,6
n_sim00709,29,1.0,0.6896551724137931,0.37507594404486333,0.4027265032127988,0.1113608120216911,0.10436858431914585,30.0,0.6827008896839676,0.3968136781453647,0.0060783611296032,2.2609569407000474,3.367295829986474,3.4011973816621555,1.000088900581841e-12,-0.6653709548650193,3.3024490549954777,-0.3031598447346985,0.032446937565076994,0.9555050421431773,0.005614726728490328,0.002375765703910922,0.099490417507769,0.17075236301408087,2
n_sim00710,72,1.0,0.6111111111111112,0.15481445673487612,0.4819957872234165,0.2974413371811565,0.15675471912206307,73.0,0.35885884879350677,0.5456708826655723,-0.827028251707169,1.8922484873716865,4.276666119016055,4.290459441148391,1.000088900581841e-12,0.25679352888290835,3.6361313842858047,-0.9492065173941138,0.04788672977922154,0.09133422890574153,0.07282967583849297,0.013354491888830615,-0.03467036918392365,-0.08134585717192987,2
n_sim00711,44,1.0,0.7272727272727273,0.2395559717725966,0.9734439700698,0.4063818998433767,0.1658122457281545,45.0,0.47800675262262154,0.6397393791918868,1.437251004035075,2.375626889517001,3.784189633918261,3.8066624897703196,1.000088900581841e-12,0.4877691255085119,2.887752374737123,1.4683482985322187,0.10789116831550813,0.22498018336065412,0.029123658293606178,0.22411060963170998,-0.024937456042050773,-0.16243020930487187,6
n_sim00712,34,1.0,0.5588235294117647,0.3920907761310492,0.3152977080664544,0.0917572261509519,0.07134867891857824,35.0,0.6941053332885159,0.1999025572655326,0.7909136189820716,1.9078963382263652,3.5263605246161616,3.5553480614894135,1.000088900581841e-12,-0.8389630203623161,3.2747931095323213,0.6026319028804024,0.1933093842540383,0.7780600152095439,0.006090455708328077,0.017355361924728013,-0.005820102404998582,-0.248027402271525,6
n_sim00713,11,1.0,0.5454545454545454,0.42326426780115267,0.23560181069855035,0.02471087178754989,0.019427644452228835,12.0,0.7642981893014497,0.3136535026707232,-0.12112841610753829,1.4727455093304267,2.3978952727983707,2.4849066497880004,1.000088900581841e-12,-1.986526926127597,2.157348995792581,0.7700668041300461,0.1628345616849691,0.7861982619824402,0.028192127717299155,0.0,-0.17843747595812665,0.00934600388542037,2
n_sim00714,78,1.0,0.6666666666666666,0.3337016015129985,0.4325730730700911,0.27173055331687374,0.09740393778336456,79.0,0.11199220474500747,0.5469130687843562,0.4415832766381314,2.4185696193693014,4.356708826689592,4.3694478524670215,1.000088900581841e-12,1.0051564517091975,3.3307645027221393,-0.8708241671555081,0.043236376526395996,0.045467296035760545,0.07044625325518446,0.0746974450125918,0.09977870393364568,-0.022348281355373645,2
n_sim00715,45,1.0,0.7333333333333333,0.3004150350497267,0.4561044856307108,0.068524734655278,0.048145509803030936,46.0,0.5595617585236604,0.4618531832967334,0.6809876881829169,2.7421665355197766,3.8066624897703196,3.828641396489095,1.000088900581841e-12,-1.2799740889370872,3.453695598730727,1.7992195872714536,0.01013786545969398,0.7428070685564867,0.1951869004433294,0.03585912661664795,-0.06266363253163021,-0.09124409023630649,0
n_sim00716,11,1.0,0.6363636363636364,0.391593070820941,0.2174560224578105,0.017002158342956687,0.013298255845653329,12.0,0.22637663900433433,0.5559395961648543,-1.4864420203285196,1.5245217364399386,2.3978952727983707,2.4849066497880004,1.000088900581841e-12,-2.332189721466524,2.1521878620825126,-0.9188921199975546,0.7821510408635921,0.0279386419997119,0.09888172593713301,0.09102859114074702,-0.3124687024817172,-0.3724960018398243,6
n_sim00717,11,1.0,0.6363636363636364,0.12690772199068256,0.3328088543708191,0.18001223308684644,0.09408128273747476,12.0,0.50781426761213,0.6089545505461332,-0.5128331191160372,1.052737695856173,2.3978952727983707,2.4849066497880004,1.000088900581841e-12,-0.32819182673875774,1.749029581170228,-0.7629026339300413,0.16070725497797117,0.1056959303959727,0.21095854096738295,0.0,-0.10863720823570912,-0.08921886402679906,2
n_sim00718,111,1.0,0.6486486486486487,0.3544180173707087,0.5482437915898303,0.13869489260730172,0.08524683037155076,112.0,0.6075264455057565,0.31016389826044427,1.568145395001239,2.874653758339506,4.709530201312334,4.718498871295094,1.000088900581841e-12,-0.5418330815109215,4.222804632268133,0.737362510826834,0.14347709344982976,0.67137954773443,0.05356373533063274,0.09678996342688392,-0.0851690056703005,-0.17407446488910785,0
n_sim00719,93,1.0,0.6774193548387096,0.22633230012822733,0.44869844619768073,0.1369275155327551,0.01622801406248817,94.0,0.7407038393592194,0.5559283294361999,-0.3067404813229782,1.98539680181775,4.532599493153256,4.543294782270004,1.000088900581841e-12,-0.3383647731349402,2.399886802325147,-0.6818551174505092,0.1750057847881103,0.23612060464758042,0.17668708531971175,0.36458465768994924,-0.01781347265315503,-0.03328098491161255,2
n_sim00720,87,1.0,0.6091954022988506,0.3164785549264656,0.38356175013131055,0.17931757909988744,0.04536244568092477,88.0,0.7473862769396104,0.45927188673607133,0.31859421952463135,1.800922763909279,4.465908118654584,4.477336814478207,1.000088900581841e-12,-0.05152999376450406,3.091434274536098,-0.6124175100653859,0.18121308743918219,0.1279957308234188,0.29071763184954963,0.3780896370133382,0.07258999123995936,0.04519501301382249,2
n_sim00721,19,1.0,0.631578947368421,0.41976228744897837,0.20121592110130926,0.014281516111821895,0.009865009920863931,20.0,0.7986840788986908,0.35295403639244444,-0.9464837993977686,1.6529519811334406,2.9444389791664403,2.995732273553991,1.000088900581841e-12,-2.421119492268842,2.57446700150291,-0.4006949581724474,0.10760475812571517,0.19534614056979235,0.6916956920659828,0.0053534091684889614,-0.16242294170372143,-0.13514992370842305,2
n_sim00722,108,1.0,0.7314814814814815,0.4446189098556044,0.22789088342669364,0.04898461773081162,0.01396609561868572,109.0,0.05243357530421195,0.24576116309521864,2.1985280790907207,4.1192266312004575,4.68213122712422,4.6913478822291435,1.000088900581841e-12,-0.014182571986191727,3.4272575509596432,-1.663769206092379,0.42674253815033913,0.3231951139010494,0.1425631584568533,0.02574519106556687,-0.07501318789621143,-0.025383543960950706,6
n_sim00723,105,1.0,0.5333333333333333,0.2538819896940733,0.9163842256939077,0.2868412249727995,0.060856013616853014,106.0,0.3775426659068008,0.37485739236220933,0.657470895426444,1.9213920849826789,4.653960350157523,4.663439094112067,1.000088900581841e-12,0.1993254476125287,3.1035421516742088,-0.058406012649333094,0.12918900610183606,0.1256219303327676,0.17076128011741798,0.34413260982947996,-0.08977740316315987,-0.2036824652438299,0
n_sim00724,30,1.0,0.7,0.3488822071272202,0.4362748771361232,0.06236486148967849,0.024238062029704195,31.0,0.43637487713612316,0.5963411650074871,-0.4396766013369449,1.9483401223194152,3.4011973816621555,3.4339872044851463,1.000088900581841e-12,-1.3721337599924697,2.456119590344961,-0.042812792750336726,0.7504587130936403,0.04490095158114299,0.021052762525439823,0.14773891671977632,-0.14749452637977922,-0.07986922037925241,2
n_sim00725,119,1.0,0.6218487394957983,0.14038278104939286,0.697926554854151,0.23936024237258843,0.04600819249357712,120.0,0.37777229681315533,0.5329211592608688,0.0019801561973794494,3.2008969354489127,4.77912349311153,4.787491742782046,1.000088900581841e-12,0.018127253585287235,3.1299732635825355,0.9960962533902372,0.03987392472717942,0.13108562797100953,0.17074134531410157,0.2446527769559095,0.08890823652878485,0.08809440683970621,0
n_sim00726,36,1.0,0.7777777777777778,0.3817792678895424,0.1968899263142023,0.05292704227068852,0.01726025667305335,37.0,0.18419506879078237,0.6090250883405243,0.14142767335454345,2.2149806502608533,3.58351893845611,3.6109179126442243,1.000088900581841e-12,-1.0435009407211842,2.4630110900636852,-2.0314480645542314,0.38492730510790124,0.24101880679968504,0.0,0.37405388807351986,-0.12805832108426163,-0.2787044155819443,2
n_sim00727,100,1.0,0.63,0.4558588337102325,0.19632081180401262,0.034152716793735334,0.005313592696434144,101.0,0.8239444864711541,0.2386317051316918,0.9697636495742151,1.985331830126126,4.605170185988092,4.61512051684126,1.000088900581841e-12,-1.4463051033560799,2.7445962428095236,-0.9857710534069413,0.5306924622347992,0.15409102478639572,0.24930000190338708,0.02944758926354412,-0.22668481896363854,-0.17707990319866657,6
n_sim00728,51,1.0,0.5490196078431373,0.2982609785064489,0.9275838911074431,0.25167683781336525,0.08838811195786728,52.0,0.699954551374077,0.4378428714466286,0.5390213224329954,2.040234162602924,3.9318256327243257,3.9512437185814275,1.000088900581841e-12,0.18095178896924635,2.885417238102022,-0.7150381476270641,0.21023180095346647,0.09986106476479817,0.04076424507993592,0.5847544747088198,0.06791433059174413,-0.052870753383767274,2
n_sim00729,22,1.0,0.5,0.2148438682153935,0.48968071553357684,0.2153798468612998,0.08298555313643378,23.0,0.3413434968393826,0.4430716654794695,-0.33735846321424307,1.4640910855291311,3.091042453358316,3.1354942159291497,1.000088900581841e-12,-0.04293297361469818,2.137305788433542,0.3387534559455008,0.16361344992887422,0.005961366608459162,0.3778917590133809,0.06723482596671973,-0.0667803744789215,-0.07228186528185258,2
n_sim00730,42,1.0,0.5952380952380952,0.35714569334927265,0.3479900232470844,0.07385660794863147,0.03550545061629811,43.0,0.6463919074846571,0.47872748215087785,-0.05548011184081678,2.6046295554613352,3.7376696182833684,3.7612001156935624,1.000088900581841e-12,-1.1297144423981373,3.0052303579737973,0.5099669518250931,0.17553593526252867,0.14858590890560733,0.009158275725187213,0.16433673768273951,-0.07962151316614771,-0.10354214311079835,0
n_sim00731,84,1.0,0.6547619047619048,0.18725254964789895,0.5830534004607815,0.16523291318510597,0.037186197521895274,85.0,0.6096838301817873,0.5531646035229207,-0.3112203001288613,2.5463977901420463,4.430816798843313,4.442651256490317,1.000088900581841e-12,-0.36478626157031646,2.9393983828348897,-0.8071649717621161,0.4109811157264716,0.039494069849904695,0.2006326870023495,0.20080593760207097,-0.0030332787490612613,0.0011337358078086768,2
n_sim00732,89,1.0,0.7078651685393258,0.3855868431460353,0.3882021131724681,0.050050674991628824,0.014290038718492397,90.0,0.699204921994186,0.356327441286438,1.2828002204163589,3.4154341785700124,4.48863636973214,4.499809670330265,1.000088900581841e-12,-1.4355818216972585,3.2351630774271296,2.298730611287291,0.44238852068646667,0.3640849659107765,0.07554673038119793,0.027719882309233987,-0.10886335146615488,-0.03636719719928835,0
n_sim00733,67,1.0,0.6119402985074627,0.26174315667643233,0.7057212096416472,0.25136747610368704,0.07589319315743182,68.0,0.6794794523499247,0.4755693103795083,0.06272615165399914,2.3831944645028598,4.204692619390966,4.219507705176107,1.000088900581841e-12,0.143397816356396,3.007103701117342,-1.0110618332980272,0.03738676376448931,0.27918012020097993,0.35441591143024637,0.3263065927149581,0.05855215574997255,0.06175661812511918,2
n_sim00734,27,1.0,0.5555555555555556,0.27793251132679414,0.4238729940934301,0.06765213343390203,0.027764809770242767,28.0,0.4250938314484457,0.4568204423414077,-0.3094569529583573,1.4212257813294458,3.295836866004329,3.332204510175204,1.000088900581841e-12,-1.284382597328529,2.4052273584214867,0.42680966598129133,0.062297211730596956,0.41109959360896253,0.417834315331156,0.09645635409448859,-0.17497133665721507,-0.2954590650120877,2
n_sim00735,47,1.0,0.723404255319149,0.1486231704651261,0.6984792235794381,0.33047266282925214,0.22318250272353599,48.0,0.44118735085069205,0.658927655652033,-0.465511815401337,1.8113287137213951,3.8501476017100584,3.871201010907891,1.000088900581841e-12,0.2929953397737299,3.4576134949064237,-0.23865132943928508,0.06720237483509035,0.05024841640164128,0.11352247940751123,0.0926035466373093,-0.04500691355370626,-0.21465801976236176,2
n_sim00736,41,1.0,0.7317073170731707,0.47440715997642413,0.08069445431229105,0.005057310326872641,0.002285767377331493,42.0,0.9670152453032838,0.22532529997635092,0.3588920309843786,2.6137893565835335,3.713572066704308,3.7376696182833684,1.000088900581841e-12,-1.841669671562064,2.919439073512561,0.2908795463345011,0.4578864408082361,0.43875308306819705,0.09449249301798686,0.008867982907846529,0.06514556976320926,-0.0977678203947858,0
n_sim00737,13,1.0,0.6153846153846154,0.20386222538773094,0.477582163611439,0.1085650851122939,0.05606878515430574,14.0,0.5084168631902555,0.5733606115402812,-0.8213338910557536,1.6425968122234442,2.5649493574615367,2.6390573296152584,1.000088900581841e-12,-0.8338276474342161,1.9041787447497405,-0.4235889438863498,0.3525392869675742,0.03755355827525354,0.09345293346804023,0.5164531957562115,-0.2082738100765369,-0.18459259940785636,2
n_sim00738,18,1.0,0.5,0.47592526702698557,0.04608573170705275,0.00549958073827266,0.0016362572041997935,19.0,0.0357702513840881,0.1771625169871553,1.7418754047033786,2.5983842476239203,2.8903717578961645,2.9444389791664403,1.000088900581841e-12,-1.8360190366291,1.678111336411069,-2.784889856611624,0.6842943594379358,0.0806185398322316,0.014302870358943816,0.21208231763037963,-0.3071348904372776,-0.21817575885137164,6
n_sim00739,90,1.0,0.6777777777777778,0.4146144269857331,0.28902624787906667,0.034706043215731466,0.01021683350185519,91.0,0.27664803841317015,0.2977630700988615,0.9325886096022342,3.459009992418147,4.499809670330265,4.51085950651685,1.000088900581841e-12,-1.7519728828312837,3.2769325432618603,-1.2152308846377824,0.38444953976813134,0.4232886557096137,0.12440256506299026,0.04605406022423407,-0.10973462242489482,-0.1322203501075725,6
n_sim00740,38,1.0,0.5526315789473685,0.35215949519418627,0.2833909803744091,0.07197890496719249,0.02600806999692313,39.0,0.30281815430575926,0.46378016363871954,-0.5368270792683432,1.7613842709503835,3.6375861597263857,3.6635616461296463,1.000088900581841e-12,-1.0760503804579071,2.6196199440757906,-1.283409163050538,0.14953622790331428,0.2968856184690709,0.5085217468982233,0.03830288932266397,-0.0800457418474896,-0.07222553509988743,2
n_sim00741,23,1.0,0.6521739130434783,0.2492751186054038,0.8295812981065152,0.4760925563235321,0.3962278189811652,24.0,0.5328618959983601,0.6040294642954138,0.14139498033663062,2.1956861769980516,3.1354942159291497,3.1780538303479458,1.000088900581841e-12,0.6484803368561871,2.9518712807863894,0.847017601421369,0.11768546305187595,0.01758318912271326,0.023935922399293815,0.0,0.06631520016160546,0.08325175652427895,2
n_sim00742,55,1.0,0.5636363636363636,0.16381154133178094,0.6885306295073872,0.2882296569383519,0.10001251983135556,56.0,0.36811211432849045,0.4826857611681728,-0.14011953644762995,2.5665030046664783,4.007333185232471,4.02535169073515,1.000088900581841e-12,0.21441332867952517,2.9488709792262116,-0.5553437221788904,0.009619696793768952,0.3015416641445176,0.12957350924651898,0.20188694696689333,-0.03148939588255237,-0.06433301531803014,2
n_sim00743,109,1.0,0.5688073394495413,0.14628297872670298,0.7304416270137635,0.49550015557916094,0.0980979149405278,110.0,0.48102591099608766,0.47866709440742294,0.29063666261427556,1.5412100550480472,4.6913478822291435,4.700480365792417,1.000088900581841e-12,0.6855478519930605,3.0717463261817533,-0.46291152481629144,0.1307322177369769,0.11340976257577395,0.1164135679009523,0.2370310559885275,0.0028436874580440794,-0.06647749514461762,2
n_sim00744,11,1.0,0.7272727272727273,0.4536765697215573,0.05486534985301361,0.0017904016804989984,0.001177084379076464,12.0,0.9217022058614303,0.6134978853048328,-2.4537458862185364,1.581150409954539,2.3978952727983707,2.4849066497880004,1.000088900581841e-12,-3.6965463382102177,1.9784957859755143,-1.545029115065876,0.6574415066963969,0.0,0.23602377355912624,0.013841019315671145,-0.27221265672019895,-0.2718468758326712,6
n_sim00745,82,1.0,0.6341463414634146,0.12033339244010738,0.6941906325384446,0.309491187396329,0.04593376815238571,83.0,0.6747074399331072,0.5591277034086386,-0.054551159803192514,2.078374953347759,4.406719247264253,4.418840607796598,1.000088900581841e-12,0.3436807601968341,2.498990165154895,-0.0633825851352245,0.07445218684595697,0.19147539068862998,0.29984849156530113,0.23705955647603766,0.03625857637749557,-0.005384427090400398,2
n_sim00746,31,1.0,0.6129032258064516,0.4553800011105432,0.16179282814128396,0.031721314664581265,0.011120961129858034,32.0,0.0312105434604195,0.3050722816268814,2.6828259749125616,2.660072499483816,3.4339872044851463,3.4657359027997265,1.000088900581841e-12,0.047940842485846534,2.3858300793986023,-4.038683860065151,0.05699453821336383,0.17283188992840376,0.41181924808557174,0.35451919052645764,-0.24846028666425377,-0.18784978320740842,6
n_sim00747,41,1.0,0.6585365853658537,0.280890945662792,0.7590926127845674,0.27477347966002263,0.17591196723731148,42.0,0.655068423650037,0.5649850351947026,0.45939175972418506,2.9183456411521873,3.713572066704308,3.7376696182833684,1.000088900581841e-12,0.19561656517673287,3.2676087024088503,-1.6719281379523383,0.07691084696917541,0.6465828706284906,0.13127022274208666,0.13102667403196142,-0.1298502681374187,-0.14644298701354377,2
n_sim00748,100,1.0,0.62,0.37230265369311766,0.6451256511114535,0.09708813528514122,0.015586596698648987,101.0,0.37175056022235536,0.2575786996000701,0.9670252838061371,2.474297578210359,4.605170185988092,4.61512051684126,1.000088900581841e-12,-0.8777859208891475,2.7759623668287454,1.0657670368955787,0.44839036164605617,0.34952111315288864,0.11051879323534225,0.04997204013165123,-0.0022880989573202198,0.0469175084743366,0
n_sim00749,115,1.0,0.6695652173913044,0.3510635413519548,0.49116881818980024,0.11109864676332712,0.02422754464059739,116.0,0.49124355217313054,0.31637252216115846,2.782210861594916,3.6396108921840518,4.74493212836325,4.7535901911063645,1.000088900581841e-12,-0.810735653077227,3.222003805329935,0.9932855241135914,0.24280198632318348,0.37936467575082133,0.08346316819244995,0.027227063358495392,-0.1874379627878426,-0.08077520026222351,6
n_sim00750,34,1.0,0.6764705882352942,0.4613331829286728,0.11605293457639398,0.01637607487667784,0.005771427937255882,35.0,0.9189755612046022,0.2517561883018185,0.7716023650519955,2.619344961134814,3.5263605246161616,3.5553480614894135,1.000088900581841e-12,-1.514433652157688,2.483458628052752,1.1242184972469278,0.2859797529906224,0.4505399783510806,0.06378167739013825,0.16369945674585018,0.18743697821497374,0.1675925808376055,0
n_sim00751,97,1.0,0.5876288659793815,0.12544124495686051,0.6705038358624009,0.7521228838663578,0.13036156848237757,98.0,0.5376783744310548,0.51544802294925,0.8292095285277841,2.482652292350917,4.574710978503383,4.584967478670572,1.000088900581841e-12,1.1071336265054574,2.8221231442122,-0.5425011945904482,0.09915476719841711,0.17040982578496675,0.08711149450402714,0.1934186822005217,0.10278373994214425,0.06722216334236031,2
n_sim00752,23,1.0,0.6521739130434783,0.4064070888307789,0.24886787791340192,0.018952485771698776,0.010865122814291042,24.0,0.7445765086354942,0.5316387471639166,-0.3363932056125067,2.40268024906084,3.1354942159291497,3.1780538303479458,1.000088900581841e-12,-2.3060481528124885,2.5791170339012033,1.6772986311671478,0.6493744313466584,0.012856067756551931,0.00038654536417690046,0.30713305122510404,-0.128488137727805,0.013970790812773103,2
n_sim00753,24,1.0,0.7083333333333334,0.48045362450330337,0.04951163243100165,0.004411552880267332,0.0015978584268059133,25.0,0.9503883675689984,0.26687573537608067,1.4970469391542838,2.871943515931394,3.1780538303479458,3.2188758248682006,1.000088900581841e-12,-2.3691140063666305,2.1624913204428124,2.117497036188725,0.0,0.2642731744989926,0.372778432907065,0.3621986338622075,-0.03806429766724733,-0.04212324848986996,0
n_sim00754,29,1.0,0.6206896551724138,0.265841274037658,0.4795790310838528,0.1429999288971381,0.053337543127704196,30.0,0.5639849099543167,0.544531853011598,-0.3749094713363025,1.3946360441224317,3.367295829986474,3.4011973816621555,1.000088900581841e-12,-0.542104936664579,2.3810921538605268,-0.39301950615214964,0.013332452412216316,0.3660266652882018,0.07792611282859696,0.04364596695946021,-0.07044275659816285,0.03234280583030687,2
n_sim00755,87,1.0,0.6896551724137931,0.19356349970049708,0.5610894859189822,0.19727561299310625,0.04176566651006091,88.0,0.7297485382492731,0.6049963661629615,-0.2202929822633969,2.508472465837449,4.465908118654584,4.477336814478207,1.000088900581841e-12,0.0003042086509152607,2.913380943192468,-0.3516453409968675,0.1548821682462734,0.22730279070257245,0.27417357543678317,0.14863697363175565,-0.033921982165143756,-0.023867555969872382,2
n_sim00756,74,1.0,0.6486486486486487,0.3332179472050927,0.8363175847458497,0.6766302408705662,0.4661759176511567,75.0,0.12099283263592518,0.4438245170104361,3.2948525990213153,4.18182387861702,4.30406509320417,4.31748811353631,1.000088900581841e-12,1.8503558685890036,3.931503210981421,3.139545162478444,0.01767402679080967,0.02213581154098114,0.06624385635179635,0.03233157364442536,0.04245574203342354,-0.004665059154094844,6
n_sim00757,40,1.0,0.625,0.47038436236132364,0.07903437773775712,0.015715537972991692,0.0033646545637628475,41.0,0.9208656222622429,0.23805841507630285,1.9987780521652525,2.568952556326726,3.6888794541139363,3.713572066704308,1.000088900581841e-12,-1.5340563311131623,2.1475548512981217,-0.8121517700326508,0.141210232532313,0.16229296671715557,0.2644522162787239,0.22321822746283387,-0.06193949740529425,-0.10265507232944641,6
n_sim00758,27,1.0,0.6296296296296297,0.4556596813980587,0.2340258159534172,0.024544233936859894,0.019070634476545428,28.0,0.7658741840465828,0.14701171741299024,0.4980348508164943,1.9478830532171212,3.295836866004329,3.332204510175204,1.000088900581841e-12,-1.9886443160524396,3.0435095984756706,1.2559790441171335,0.8962490613571807,0.0029870672594106682,0.014331107636826365,0.02838418177134028,0.005979251159861777,0.06838738112048329,5
n_sim00759,92,1.0,0.6956521739130435,0.39693297044231496,0.300043298541239,0.133868231821102,0.030621525267632257,93.0,0.05873842410068916,0.415684452011093,1.4730360653495593,2.4073391396752863,4.5217885770490405,4.532599493153256,1.000088900581841e-12,0.8842960760066054,3.0466358066416936,0.5311979927564141,0.23285427802810615,0.36613934999234177,0.1019060154994796,0.267815899548854,-0.055407985585979064,-0.13457051301070663,6
n_sim00760,55,1.0,0.5454545454545454,0.1398976699460363,0.47772559270606857,0.3236903086657028,0.0869884208428231,56.0,0.5713113234940803,0.48873483170650217,-0.047395127522842286,1.9236814884492264,4.007333185232471,4.02535169073515,1.000088900581841e-12,0.27887725441679,2.6933209798733437,-0.551903946691934,0.08771859475930936,0.25774022712567585,0.05477109496860553,0.1913653026407365,0.02899857047866953,-0.021199743759933033,2
n_sim00761,53,1.0,0.660377358490566,0.4198701613815939,0.3613067015551584,0.04329829077075352,0.014804784376660683,54.0,0.3614067015551584,0.29767988273115725,2.4823748817753644,2.7392640223363065,3.970291913552122,3.9889840465642745,1.000088900581841e-12,-1.6734032682803819,2.8971291495061195,3.245865306540679,0.5758696122586733,0.1086332713535578,0.05163830197106532,0.262190223192176,-0.09775784450085476,-0.1377108017941025,6
n_sim00762,57,1.0,0.49122807017543857,0.24416382124099698,0.5015337923336665,0.22712498329071396,0.08717342753193091,58.0,0.34453646298249885,0.3213423580629465,0.9002842450810472,2.521229290683878,4.04305126783455,4.060443010546419,1.000088900581841e-12,0.0057131286330156985,3.085450368784268,0.879710515083201,0.033588025908644514,0.3725541379332766,0.506646413981606,0.08192470583670927,-0.18124582707987852,-0.12923209140408357,0
n_sim00763,46,1.0,0.6521739130434783,0.4686705800632583,0.07103349828831207,0.012573949970413209,0.0030373848941531692,47.0,0.9288665017116879,0.2593079863797953,1.2318346844136725,2.3436122310389482,3.828641396489095,3.8501476017100584,1.000088900581841e-12,-1.6591409063884643,2.4080110950390266,-1.2618274275557024,0.3610808240093729,0.12794723077249895,0.341115090032573,0.11357476475289432,0.03753717157250657,0.0953395989023321,2
n_sim00764,82,1.0,0.573170731707317,0.382776212753455,0.40843626407767564,0.1143443560221254,0.02377986837533491,83.0,0.8886382653769961,0.3635923279446248,1.3361625057072177,3.363799169313982,4.406719247264253,4.418840607796598,1.000088900581841e-12,0.14449581588932486,2.8363440405294083,-1.8593552424679327,0.06755014465700285,0.07830692363915139,0.11095974792406858,0.6027201543166135,-0.05882307192340623,-0.09190004076415031,6
n_sim00765,67,1.0,0.6268656716417911,0.40463546209798035,0.2527238833967418,0.05746994432826752,0.013525107068955763,68.0,0.2528238833967418,0.43997736449112557,0.8275854444748134,2.5659465714121783,4.204692619390966,4.219507705176107,1.000088900581841e-12,-1.1899766730110461,2.7579782555643715,0.7967475051997934,0.6606461736230897,0.11032932537109869,0.10696043925278102,0.11045233997484694,-0.03521919844155234,-0.16965741430669073,0
n_sim00766,34,1.0,0.7352941176470589,0.3475249427555668,0.3347021588222796,0.11051295086802729,0.04198000089757837,35.0,0.3289416186221241,0.45367314847100393,-0.15199204756941953,1.9416912986060673,3.5263605246161616,3.5553480614894135,1.000088900581841e-12,-0.691848428231355,2.5584211435901816,-0.6515694393594548,0.412232872292122,0.20751897210149586,0.3798649892837475,0.00038316631358576727,-0.23922377698205227,-0.1928162748208859,2
n_sim00767,60,1.0,0.6166666666666667,0.39645819970401897,0.2412438173525884,0.09716677160015903,0.023878193916160823,61.0,0.10251284472360206,0.4013431746949552,1.3090727360681276,3.049685522226162,4.0943445622221,4.110873864173311,1.000088900581841e-12,0.05459716234229263,2.6908814186042314,-2.0052823822404426,0.220035752361898,0.1229148896386157,0.5179361666200398,0.1223832821117062,-0.15066269780360148,-0.1656172963837816,6
n_sim00768,89,1.0,0.6292134831460674,0.23747790946643169,0.6373337874965668,0.4593530668624684,0.22999328697482543,90.0,0.571703973124392,0.4971676932548639,0.5302157834695675,2.378946788530206,4.48863636973214,4.499809670330265,1.000088900581841e-12,0.6291384662099903,3.796867367752273,0.8837675844624029,0.08038386388962723,0.09031374007848274,0.14305258675893323,0.17231801896915955,-0.06422419465082356,-0.09564127204982385,0
n_sim00769,96,1.0,0.6458333333333334,0.31578344876306214,0.9299640811454342,0.44727206433584216,0.20327724382660758,97.0,0.6612913899645124,0.444911837028406,2.706213017424494,4.319891652261696,4.564348191467836,4.574710978503383,1.000088900581841e-12,0.691587578426398,3.77575191715975,3.5017928446445676,0.01820395983022492,0.030139753402406506,0.013469487014859083,0.12310272224091724,0.046325262070840624,-0.04533554104103864,0
n_sim00770,80,1.0,0.6625,0.23886497883641283,0.5209403695079273,0.12825300477829937,0.028140127047601365,81.0,0.6246724629701058,0.48882009538678217,-0.34947246321416253,1.9466710529649538,4.382026634673881,4.394449154672439,1.000088900581841e-12,-0.6032663381191701,2.865218287754853,-0.36524441959051834,0.05482645800376215,0.34947641039522875,0.5097425946370798,0.08262271035280493,-0.04332136938606176,-0.07915526004698396,2
n_sim00771,89,1.0,0.6404494382022472,0.45943507857183485,0.17397411734175794,0.02012397750877093,0.004042965533128367,90.0,0.8504789395906326,0.0797802109437683,1.7540109006152238,2.4225246311602815,4.48863636973214,4.499809670330265,1.000088900581841e-12,-1.8435696103355885,2.8837028161095106,0.5473914721139326,0.3337353726867074,0.4062044142714198,0.08891303333618175,0.145734761460157,-0.3045510213138697,-0.22811829503731876,6
n_sim00772,27,1.0,0.5925925925925926,0.27200969275479614,0.3602943157173918,0.05626382706128607,0.018534095162381758,28.0,0.5826511887163706,0.5377174161579398,-1.2449372964027368,1.696834890918691,3.295836866004329,3.332204510175204,1.000088900581841e-12,-1.463703948955371,2.1853970579059347,-0.47233562852758504,0.014786213420896026,0.4138074651327423,0.15674456672013973,0.4146617547084485,0.1808146344736197,0.18772959470073064,2
n_sim00773,12,1.0,0.75,0.2687970864503045,0.5835276451679646,0.26457710750579755,0.26224345574449665,13.0,0.4163723548320354,0.6661467036324232,0.19774315770270248,2.359409359223038,2.4849066497880004,2.5649493574615367,1.000088900581841e-12,0.08504488032510847,2.47604721187319,-2.381916387457742,7.914941651616242e-05,0.9911796913032587,0.0027930099540730414,0.00594814932237281,-0.13133101459730553,-0.18745291622574306,2
n_sim00774,106,1.0,0.6509433962264151,0.184293070522855,0.6595590464317331,0.15081092220101328,0.027988033114849195,107.0,0.3979998579490774,0.5530343181909742,-0.20320527629959112,2.9122632735516136,4.663439094112067,4.672828834461906,1.000088900581841e-12,-0.46292716932196615,2.979189242168414,0.5909206414470481,0.08461113343356659,0.2541047589787282,0.3076758198350884,0.24148118652939832,-0.15221085216849545,-0.12625194292896183,0
n_sim00775,47,1.0,0.6382978723404256,0.2543541333705147,0.4871093609536723,0.1130876848300469,0.018734659133902917,48.0,0.24106392113701142,0.5577062917210706,-0.38623180764141435,1.8114153816878273,3.8501476017100584,3.871201010907891,1.000088900581841e-12,-0.48106091879899127,2.052359349598441,-0.7416287134840808,0.21734354186116542,0.1344682866381304,0.383973308066854,0.014644940830337124,-0.02653497751091689,0.026868873110650737,2
n_sim00776,22,1.0,0.6818181818181818,0.18160409056039348,0.29984312395042745,0.13631064962065287,0.07689466763839005,23.0,0.38163115023082395,0.6418174643933748,-0.7330951020363045,1.9718662168042451,3.091042453358316,3.1354942159291497,1.000088900581841e-12,-0.5488479422141762,2.518542516483194,0.8414879985395696,0.007840361863242426,0.22400619185808177,0.0,0.20404001968419666,-0.07800552446238829,-0.1274738916926985,2
n_sim00777,97,1.0,0.6391752577319587,0.3981762558610291,0.18636609810124055,0.05289356244169711,0.01073599416501776,98.0,0.13050656836791535,0.4444972444594821,0.37000960814204026,3.1343492155234136,4.574710978503383,4.584967478670572,1.000088900581841e-12,-0.7632974199157437,2.9800313750095055,0.677312347010233,0.2971411224598541,0.08219774601111007,0.2744858828049913,0.3036510290425527,-0.1083528626324875,-0.11960474663964057,0
n_sim00778,67,1.0,0.6268656716417911,0.16932731095730247,0.756901471617969,0.22420434476753387,0.0639633993093899,68.0,0.6700292157398322,0.5610090446102346,-0.17802543126487225,2.0356168868871594,4.204692619390966,4.219507705176107,1.000088900581841e-12,0.013987733400837535,2.950445763656342,-0.9179457827147864,0.13544239835317262,0.1837116149440338,0.11286397892264236,0.434547497837729,-0.082959396059746,-0.14784769584896693,2
n_sim00779,115,1.0,0.5826086956521739,0.25279913044979974,0.9379848227506197,0.24929105627846743,0.03709604523131134,116.0,0.6686398777545423,0.45962316304136586,0.5226324051559779,2.2241937419149305,4.74493212836325,4.7535901911063645,1.000088900581841e-12,0.11792501109038,2.839821379772686,-1.5442103720161435,0.2380673951440097,0.17452831469728614,0.1830185802197028,0.21953375016095564,0.02649655169272313,-0.03338762366741224,2
n_sim00780,41,1.0,0.7073170731707317,0.2455088912268103,0.2645532622499137,0.13582028891518733,0.03328352494478207,42.0,0.3790028833619948,0.6470993033764465,-0.6018513907796189,2.0963969997029968,3.713572066704308,3.7376696182833684,1.000088900581841e-12,-0.5497823658360645,2.307301987713396,-1.1177526749308035,0.13478860449481914,0.26719200444051633,0.0,0.1551898612709288,0.031171958955703637,0.020009045735592274,2
n_sim00781,103,1.0,0.6116504854368932,0.3666977431015399,0.4442080663199607,0.12105225522253872,0.049752693625270045,104.0,0.3948476709873029,0.26906110783811776,1.9258437395134635,3.2120129782352196,4.634728988229636,4.6443908991413725,1.000088900581841e-12,-0.680002664581371,3.7455712790445164,1.5857303310370723,0.20391863215301007,0.5677824381023393,0.15625364331399397,0.05037240756516247,-0.11796319621778242,-0.06571448505015513,0
n_sim00782,36,1.0,0.5833333333333334,0.12639167398319393,0.6369905835506177,0.24684341833873058,0.07835028248784058,37.0,0.3262955832871155,0.5363270992291208,-0.7484191276016655,1.9104249874024213,3.58351893845611,3.6109179126442243,1.000088900581841e-12,0.11591434912280177,2.435954310823535,1.571998120658865,0.052664679152051454,7.261787991356372e-06,0.03194624825448061,0.4560482660276592,0.34563468242305906,0.28525348820257657,2
n_sim00783,34,1.0,0.5588235294117647,0.17557284751791977,0.6351483844547101,0.3652311937868389,0.09580245814505645,35.0,0.7301881163668209,0.5003406712253458,0.41079730203608533,1.483150266129334,3.5263605246161616,3.5553480614894135,1.000088900581841e-12,0.6172586561946061,2.1881183076156145,-0.47576086350426317,0.22832948390381605,0.09261571090890623,0.2550344801844446,0.37827798861982875,-0.17017614381245574,-0.21701170728265468,2
n_sim00784,23,1.0,0.7391304347826086,0.4326341046814822,0.24469602590663603,0.026337379973932897,0.0182056942711986,24.0,0.24479602590663602,0.53835404663462,1.170985639041498,2.822621791648766,3.1354942159291497,3.1780538303479458,1.000088900581841e-12,-1.9486686926843693,2.7662394104140824,-4.195494254841556,0.6912492544256952,0.2921061769104547,0.0008149100174554552,0.0,-0.1548095112592272,-0.18897788127572857,6
n_sim00785,78,1.0,0.6282051282051282,0.453158093682469,0.12745610471664337,0.025048092419018154,0.002346764659740392,79.0,0.9135349291257716,0.21069042901394872,1.8284944840782904,3.11176854561525,4.356708826689592,4.3694478524670215,1.000088900581841e-12,-1.148509186439156,1.9889487893499378,2.339106906229207,0.1764482664671256,0.31781999937168776,0.2896126973047905,0.15540300154869444,-0.30287425734532863,-0.27229588323981907,0
n_sim00786,110,1.0,0.6272727272727273,0.3838824314602375,0.32077607224304816,0.06366423591879929,0.008271764892244082,111.0,0.32087607224304815,0.4075771558719381,1.4271401864972255,3.7749066761091505,4.700480365792417,4.709530201312334,1.000088900581841e-12,-1.2304803684617531,2.6597053000663595,1.8242046239757708,0.19411693131215257,0.15276955674984485,0.22953976915805605,0.2683891915389705,-0.0029579545225653777,-0.03596552710770318,0
n_sim00787,80,1.0,0.65,0.2840097679320327,0.5244375557865992,0.10587014589536994,0.018460605960486827,81.0,0.5494802244276232,0.42800392129503717,0.5568205020793474,2.2969610624485153,4.382026634673881,4.394449154672439,1.000088900581841e-12,-0.849406174516894,2.635452383687707,1.0612365815934164,0.24879105623905795,0.34040732894085574,0.35700241794123017,0.022174925174712003,-0.07301954724295621,-0.14933383660566865,0
n_sim00788,10,1.0,0.6,0.3512778770119662,0.11179366305889593,0.009099277876302013,0.00391311897733178,11.0,0.9204699462568924,0.5544528148395518,-1.5791492128694486,1.5478282095872407,2.302585092994046,2.3978952727983707,1.000088900581841e-12,-2.0850690003000842,1.45872478445104,-2.4391408710165186,0.2664445568300447,0.45561761195835787,0.0,0.2779378311016985,-0.12207987170938511,-0.14843846849886158,6
n_sim00789,9,1.0,0.5555555555555556,0.44635661386582043,0.3021498846428129,0.04274850730887225,0.03425156615262136,10.0,0.3022498846428129,0.2496273714726557,-0.3853406274148486,1.0969969681271137,2.1972245773362196,2.302585092994046,1.000088900581841e-12,-1.5960255885547154,1.9756225898798607,-20.74339031714969,0.989857317285892,0.008608390245426832,0.0015342924452886111,0.0,0.8472082698689479,0.4500330594048208,1
n_sim00790,46,1.0,0.5652173913043478,0.28505550527984674,0.4035781275724193,0.1622469423012317,0.049929784969319546,47.0,0.7085850226118705,0.4817895018333657,-0.005515626583317522,1.9095663137434402,3.828641396489095,3.8501476017100584,1.000088900581841e-12,-0.2411435573060861,2.650139604280358,-0.7150088665284897,0.13731175047814512,0.06892713254521803,0.3532651509832089,0.41179135291959584,0.09696282553319843,0.10309454488176241,2
n_sim00791,107,1.0,0.6355140186915887,0.36581741399757023,0.5604804999019412,0.12312753730860493,0.02190985848247609,108.0,0.5442501414883542,0.27628769108532997,1.3687767371910031,3.1967367772668154,4.672828834461906,4.68213122712422,1.000088900581841e-12,-0.7003770773423552,2.9465448213244874,1.1863517358420328,0.3347221164141097,0.37528260199693486,0.2275941761767895,0.03148274188263263,-0.02088083580831602,-0.009147337343720727,0
n_sim00792,50,1.0,0.68,0.3157241149078069,0.47576184718450387,0.03397475348886128,0.007058776550650042,51.0,0.47586184718450386,0.5167164777372523,-0.8087139511242349,2.2579750106423333,3.912023005428146,3.9318256327243257,1.000088900581841e-12,-1.993509891724005,2.3406770431290087,0.40349892546255095,0.6344253926427239,0.011980600297994366,0.14012919169710586,0.18709156060624094,-0.004542576806580309,-0.15381192248685796,2
n_sim00793,21,1.0,0.47619047619047616,0.24766143140117183,0.3058157702780152,0.09192528684053837,0.03203289162274693,22.0,0.4436161359170055,0.4306696231310333,-0.6661850240313293,1.715459175250548,3.044522437723423,3.091042453358316,1.000088900581841e-12,-0.9876866622521462,1.990309528088883,-1.075068808257684,0.5234781230453579,0.004711637556815686,0.15854918870504237,0.2799026572946042,-0.15145262234913812,-0.06550817414396541,2
n_sim00794,117,1.0,0.7350427350427351,0.23978169113628098,0.5073305638001048,0.3081090173678426,0.08949225113949047,118.0,0.31665224151981125,0.5872130131821692,0.06836449393500532,2.258215531900962,4.762173934797756,4.770684624465665,1.000088900581841e-12,0.3534009168148146,3.52587230367459,0.0632144501447026,0.013776056649378275,0.14690290031614675,0.2110361275042603,0.23421403513575895,0.020637960575638038,0.016687154845858625,2
n_sim00795,29,1.0,0.5517241379310345,0.3875026079485976,0.33458825854351837,0.04888037222364618,0.028231650416175865,30.0,0.6653117414564816,0.38044546225774095,0.9468053244355221,2.70573395438969,3.367295829986474,3.4011973816621555,1.000088900581841e-12,-1.5163240331361956,2.8183636033021235,2.24837280203823,0.670246512340189,0.010150261917759017,0.20753538779591002,0.06393032721502712,-0.15848523749199556,-0.22264539929183583,0
n_sim00796,59,1.0,0.6271186440677966,0.29851078309754175,0.49186752576225234,0.06612238471746314,0.01338495371245592,60.0,0.5080324742377477,0.4972562226746496,-0.7911448213560273,1.9815931787528163,4.07753744390572,4.0943445622221,1.000088900581841e-12,-1.3296954631628166,2.4801613230793174,-0.18930283029899575,0.20888903936310507,0.05637568087495844,0.507019790481139,0.1431421878637614,-0.08989353447895963,-0.07181761891574212,2
n_sim00797,55,1.0,0.7090909090909091,0.45275333738639867,0.09702722234376114,0.013751914786077894,0.0035569211505178102,56.0,0.032370027234756855,0.3787128274501133,2.3717484920090213,3.4290977789791977,4.007333185232471,4.02535169073515,1.000088900581841e-12,-0.8231493133430561,2.65505043523693,1.2999324306029196,0.11477839114509533,0.12593866047264332,0.5183120378291446,0.15975643895949165,0.026146947829094373,-0.04956681566097588,6
n_sim00798,67,1.0,0.746268656716418,0.38816304174780153,0.4451322502929822,0.06761586163739447,0.031092460112932343,68.0,0.6472055204314995,0.32682608020048864,0.4026741736493783,2.416658772342834,4.204692619390966,4.219507705176107,1.000088900581841e-12,-1.2169516978271424,3.4278153729936567,0.44777276630499124,0.3928097986083292,0.5827184976864671,4.5778166321249424e-05,0.005833933389566548,-0.018164351474673292,-0.03000354191443365,0
n_sim00799,55,1.0,0.6545454545454545,0.40603697133583133,0.28623498694564753,0.033005003468303595,0.008113438557353081,56.0,0.2863349869456475,0.39802269648176636,0.6485608181560626,2.5512089327353715,4.007333185232471,4.02535169073515,1.000088900581841e-12,-1.8231616420508552,2.604195781542692,1.559774849837691,0.4766695540892127,0.27967422057998553,0.11498286891968375,0.06131898775386305,-0.1859824598633825,-0.2023288899927561,0
sim00000,113,1.0,0.504424778761062,0.38263932788550004,0.583551949200903,0.0394488138684203,0.005679031281790677,114.0,0.583651949200903,0.10595096413999666,-0.46740672670530303,1.2414030124484585,4.727387818712341,4.736198448394496,1.000088900581841e-12,-1.8180671396615153,2.7891645050982086,-0.7528632090231295,0.6753752641153054,0.20977487813135906,0.09790642403163477,0.015925802237416277,0.19922944158533737,-0.009341027324883705,3
sim00001,78,1.0,0.38461538461538464,0.32298149613759275,0.5925297177121733,0.07865211089630972,0.009586642210887222,79.0,0.572888928715804,0.0893544372240419,-0.42957246979032426,1.1370575724246486,4.356708826689592,4.3694478524670215,1.000088900581841e-12,-1.1349462085002489,2.252045050705525,-0.7027462928424082,0.4641096540595357,0.3525227054130096,0.16909569803841745,0.014270642221133702,-0.2282310507523269,-0.22912400774258795,3
sim00002,104,1.0,0.25961538461538464,0.2984738037801302,0.8891745301930873,0.12394556167318356,0.013397901636425605,105.0,0.7426434359185189,0.09113239914847715,-0.019226916746348428,1.0552667188013118,4.6443908991413725,4.653960350157523,1.000088900581841e-12,-0.43308083449005935,2.4196465483315994,-0.5393431769407446,0.15883858179264948,0.3262837045168246,0.3726184335445692,0.1300839519189885,0.07431293225748592,0.054127532627013565,3
sim00003,68,1.0,0.07352941176470588,0.21067345154609127,0.5556437019659553,0.3129281288989239,0.06800409588421749,69.0,0.3410159321088275,0.0033041170095890666,-0.18364834763606813,1.0532275301347476,4.219507705176107,4.23410650459726,1.000088900581841e-12,0.33110026708336704,2.693102097884899,0.10634659723585652,0.05625717705113951,0.07340618634809926,0.1651576423724949,0.1012183209079712,0.1254687680384712,0.07559802092125548,3
sim00004,96,1.0,0.13541666666666666,0.21305045960780533,0.7802187759224631,0.19332950146603484,0.015969666833153283,97.0,0.6737581250188974,0.012360142562884952,-0.21545307058120963,0.9769331548770346,4.564348191467836,4.574710978503383,1.000088900581841e-12,-0.12835896194661878,2.0706432963262777,-0.5639301915893931,0.13669635344902697,0.19863891384973498,0.25402110413102735,0.2718573182622245,-0.18350973287670147,-0.14802248726501102,3
sim00005,13,1.0,0.0,0.16485741900404038,0.6005886428953041,0.4073729925425778,0.2126740403757206,14.0,0.659998561277523,-0.030664425788384044,0.33397351141615844,0.961608264448524,2.5649493574615367,2.6390573296152584,1.000088900581841e-12,0.5962969840647399,1.9149808147649223,-0.08475489346085102,0.04822166139892884,0.2510686663894074,0.008997228788065434,0.5227565073432826,-0.38437032882753774,-0.30908651591924374,3
sim00006,33,1.0,0.6363636363636364,0.46828698874650737,0.1854074750612903,0.01300440597032351,0.002963488673071446,34.0,0.18550747506129028,0.1288416499427014,-0.626518272038029,1.2266632375726794,3.4965075614664802,3.5263605246161616,1.000088900581841e-12,-2.452616928689851,2.017586518524173,-4.523386052102933,0.681553590761087,0.3162053963292829,0.0022410128327330996,0.0,-0.020435669900070008,-0.2805935450311877,7
sim00007,105,1.0,0.780952380952381,0.4528783902257184,0.29969855214223007,0.00861711122450443,0.00146251743516728,106.0,0.29979855214223006,0.13180985352164562,-1.1352568218914054,1.6154082588517624,4.653960350157523,4.663439094112067,1.000088900581841e-12,-3.192973649705836,2.880369656449653,-2.0978314182768654,0.9140780569344364,0.052999997286599335,0.032489499678323625,0.00043244598459231485,0.08341656125112372,0.024230660696185697,5
sim00008,111,1.0,0.08108108108108109,0.2001681111051937,0.5847548173487154,0.2210592268897882,0.023702624453156323,112.0,0.48634908259078635,-0.03480294487264623,0.07666736874164884,1.2524388418555088,4.709530201312334,4.718498871295094,1.000088900581841e-12,-0.12228458914595337,2.4766853186928235,0.5096434832577235,0.12849867824737965,0.1649221186109077,0.25857707903933863,0.13393966481000477,-0.039136417236215644,0.04223592847847598,3
sim00009,41,1.0,0.07317073170731707,0.12640053592971365,0.5777869508203779,0.4004521134444591,0.06431414264030752,42.0,0.11704511834360404,0.022001867535633955,0.06825451329873748,1.1180342786565713,3.713572066704308,3.7376696182833684,1.000088900581841e-12,1.3545158814266431,1.884757428996285,-0.08569848547432145,0.07211986503807713,0.08109128343490113,0.11205922873165002,0.24946555681281074,-0.3189286737493388,-0.05256157846395624,3
sim00010,77,1.0,0.42857142857142855,0.3902607192588341,0.3988310688442774,0.04794325203695276,0.004698637082164209,78.0,0.39674398602585415,0.06914028865365436,-0.40924710303477,1.7827814709869223,4.343805421853684,4.356708826689592,1.000088900581841e-12,-1.6078595336734867,2.02105984233533,-0.3094894691296653,0.5073485022900381,0.348722023005685,0.13858532920814307,0.0053441454752758836,0.11762774704006575,0.09814972865210037,5
sim00011,119,1.0,0.5714285714285714,0.3970048886909747,0.45453870391262496,0.04142265192373214,0.005389550916224176,120.0,0.5912162711826412,0.11033853659187647,-0.5421203027126174,1.3985463428128597,4.77912349311153,4.787491742782046,1.000088900581841e-12,-1.7637849692260552,2.739757674802663,-1.1503949181954534,0.5483758087548577,0.4072860116007857,0.04108058103759821,0.0032575985826171026,0.09339836757120437,-0.052536555504377046,5
sim00012,114,1.0,0.2631578947368421,0.2793479884399016,0.7241041569019306,0.12896926744967144,0.008600020762306397,115.0,0.5050665613357082,0.029935358757768038,-0.1096008424772836,1.1593329991175836,4.736198448394496,4.74493212836325,1.000088900581841e-12,-0.6617840932569296,2.028388925950545,-0.11520206615824329,0.15988206279201303,0.32417880604434207,0.3443354221525328,0.1710785005304685,0.06341226680977329,0.04100577828393723,3
sim00013,41,1.0,0.21951219512195122,0.19380194581391438,0.5620068948081322,0.11771229172817906,0.03136852804271698,42.0,0.5621068948081321,0.08172692721286244,-0.6396830240051223,1.0198494612035534,3.713572066704308,3.7376696182833684,1.000088900581841e-12,-0.7376681441147178,2.3911337235304027,0.4174553587024506,0.11219981646749409,0.09092016704823112,0.30867277478825966,0.4854737814281004,-0.047139565296292124,0.020002145075616967,5
sim00014,20,1.0,0.05,0.12628167321850212,0.6325818564020634,0.2664848868250014,0.09087675554916091,21.0,0.5392647092424135,0.014035726579537522,-0.20700591707251964,1.3524273871484866,2.995732273553991,3.044522437723423,1.000088900581841e-12,0.0700425775324065,1.9199189952942246,-0.22877227906973108,0.06352270298125066,0.2886632031472227,0.049183244845673706,0.4937847067753221,0.23135540827345216,0.08809671216347985,3
sim00015,76,1.0,0.19736842105263158,0.3788971527711953,0.41758914903607414,0.06143146727046834,0.007798124785160494,77.0,0.39604931560649725,-0.015877362549059023,-0.21844464782331505,0.9014726272159325,4.330733340286331,4.343805421853684,1.000088900581841e-12,-1.3593538049791674,2.266694431676976,-0.08950481166012245,0.42382620563951123,0.19436875796910255,0.15732833568158527,0.08040527706051162,0.05170966088207039,0.203498774517424,3
sim00016,62,1.0,0.22580645161290322,0.26376034902861806,0.6817231140157085,0.1387610235998528,0.029408675614579376,63.0,0.5952800788303209,0.018637064449251867,-0.10692603056902479,1.3452892364591091,4.127134385045092,4.143134726391533,1.000088900581841e-12,-0.5517188128967352,2.575670905539097,-0.511387522993968,0.31539255245476727,0.3568970498403114,0.186400205890328,0.14128265624020697,-0.07013883727788484,0.03218663920359504,3
sim00017,60,1.0,0.4,0.3743799201300401,0.3954210942473576,0.07463874398494472,0.010340177257196489,61.0,0.13046701668059235,0.07229634246154051,0.05475871877701928,1.443365696129448,4.0943445622221,4.110873864173311,1.000088900581841e-12,-0.41866170806764474,2.1177218445531887,-0.6459439146992381,0.18191690807401456,0.4681325831259485,0.3420548808688144,0.007857894357088007,0.17918836880035618,0.16015509806107078,3
sim00018,27,1.0,0.18518518518518517,0.25765736142642437,0.6133616956885197,0.36669792529844486,0.09652558336909439,28.0,0.6154445669461907,0.040654426784565045,0.6009156792519449,1.0254601027080485,3.295836866004329,3.332204510175204,1.000088900581841e-12,0.4378608687914557,1.9611065344843088,-0.04604054584387984,0.22601312251600889,0.2308245761070742,0.48970306661892204,0.053459234755267836,-0.32295795033931934,-0.29455509793821616,3
sim00019,97,1.0,0.05154639175257732,0.10477719753494387,0.701689955184921,0.48353314840168743,0.07435681106928815,98.0,0.5259171940992001,-0.019121828929831206,0.17955960321547676,1.1048141883093061,4.574710978503383,4.584967478670572,1.000088900581841e-12,0.6623493736735578,2.702466383419289,0.2548024059670525,0.07147982476923984,0.08599734585914295,0.2237553174403823,0.19496253751411097,0.11112064707738953,0.032116031665391016,3
sim00020,104,1.0,0.6346153846153846,0.4649680224882777,0.2864528982227602,0.01736211855712233,0.005250222640562473,105.0,0.7134471017772398,-0.005081032375329985,-0.24426381957195864,1.7927831989828926,4.6443908991413725,4.653960350157523,1.000088900581841e-12,-2.465985432724087,3.448370638285397,-2.1544145242845953,0.8665671205442487,0.10196235832497375,0.03125063850622812,0.00021988256695295232,-0.10470741339617697,-0.20378425005737927,5
sim00021,116,1.0,0.45689655172413796,0.39438420597868457,0.41364273246434385,0.04450762718021841,0.006649781509028899,117.0,0.3552322785426343,0.04164528545859963,-0.5620156163608793,1.4809924937347734,4.7535901911063645,4.762173934797756,1.000088900581841e-12,-1.6382461606355898,2.8525136151996895,-0.9960131348418646,0.4310873823955885,0.3480076950394284,0.21741744853258632,0.003487474009928763,0.010486474322790037,0.0184349141932965,5
sim00022,69,1.0,0.391304347826087,0.4767225164172999,0.053489259081733395,0.005822689211555802,0.00045897482220986385,70.0,0.04632789824371678,-0.07041239601762773,-0.04254399849995539,1.3247409175455087,4.23410650459726,4.248495242049359,1.000088900581841e-12,-2.02654673900831,1.6935843520605225,-1.2014557089250628,0.27368525594363874,0.2521698522861243,0.36573687727437,0.10019267606615247,-0.13448474232239588,-0.11519983516466928,5
sim00023,10,1.0,0.2,0.25048872821289075,0.49431133516666775,0.14848344180303452,0.05917076950655518,11.0,0.6841431296775982,0.14417108869162784,-0.05455638525031507,0.9195449849681713,2.302585092994046,2.3978952727983707,1.000088900581841e-12,-0.3752275906063893,1.3825393055435915,-0.670564790809022,0.6337809372742529,0.08029247516910898,0.24505262563924435,0.040750570333378325,-0.5466873263205957,-0.5434395061149391,5
sim00024,32,1.0,0.09375,0.21372516620844978,0.8207977322806785,0.18526790356074166,0.028721791135992863,33.0,0.3989288927442545,0.021866246930827275,-0.11140490399144352,1.1553844928777408,3.4657359027997265,3.4965075614664802,1.000088900581841e-12,-0.2579382458805221,1.6015891054481164,-0.9894616569724403,0.2571839085095642,0.11109614508990721,0.21303123201357535,0.4048362454008792,0.048775662855137826,-0.021165956775104154,3
sim00025,98,1.0,0.46938775510204084,0.3741936016614348,0.6254893069849667,0.05010449595362129,0.005682178982127199,99.0,0.41702466745224365,0.10170810946155165,-0.5763864334514488,1.5212125294277619,4.584967478670572,4.59511985013459,1.000088900581841e-12,-1.5794242261717975,2.4081915160152247,-1.4821179474529695,0.46467803686029274,0.3592670910335035,0.1444723014500988,0.031582570636146695,-0.07996222356951661,-0.052434766610199156,5
sim00026,96,1.0,0.3541666666666667,0.3852916937350606,0.32886734484574853,0.06594059819230023,0.012995189847300642,97.0,0.23113848056555097,0.03557559300382268,-0.19441983366662385,1.2541658611296034,4.564348191467836,4.574710978503383,1.000088900581841e-12,-0.9914183000412146,2.9401731579639296,-0.5619137585863044,0.3116936793630922,0.1997366329540266,0.474331253548922,0.012753841415945986,0.15708215387641883,0.10723916690316654,3
sim00027,11,1.0,0.2727272727272727,0.3160425364647043,0.5073151300427843,0.07328941976657766,0.04481058405367661,12.0,0.6076501667648244,0.10984771324367087,-0.5014242416115843,0.9441878237639182,2.3978952727983707,2.4849066497880004,1.000088900581841e-12,-1.1795816703455626,1.9059233784324756,-1.3495800042026147,0.7020007086296465,0.2433714243050986,0.05459236325728085,3.550379432947318e-05,0.21037410687868838,0.24318331419142825,5
sim00028,31,1.0,0.12903225806451613,0.27850473530199377,0.49554381487028154,0.3843647405290812,0.17687480923445742,32.0,0.4039700724353956,0.059738587479360825,0.6926711458720481,1.5967513158387618,3.4339872044851463,3.4657359027997265,1.000088900581841e-12,0.46771554895243367,2.6578374473758575,0.8499815768490604,0.06966021194928262,0.04939373837283274,0.04039894319851214,0.04843808675803914,-0.5361684126895547,-0.2577322540364826,5
sim00029,102,1.0,0.27450980392156865,0.37019841277654286,0.4729968885736333,0.10793748144610861,0.014735792032705523,103.0,0.059230211135504446,0.04300909835091519,-0.15429552027181317,1.2119864818455828,4.624972813284271,4.634728988229636,1.000088900581841e-12,0.6611772635789452,2.6336999949355286,-0.33327521714622915,0.0452479851291322,0.12879210326799478,0.19343218950971255,0.6283790791770827,-0.11771735291362538,-0.08564704677508601,3
sim00030,16,1.0,0.25,0.4333161784947981,0.2340365849069561,0.03390859606630221,0.008935411023504949,17.0,0.2341365849069561,0.0643877787999162,0.765964529390838,1.6547124662714112,2.772588722239781,2.833213344056216,1.000088900581841e-12,-1.6654846532944636,1.4389423174246658,-0.7345125835044676,0.42433721735264346,0.4111274409956193,0.13774754715599385,0.02678666225673926,0.008287311647550626,-0.13321555537404886,5
sim00031,33,1.0,0.06060606060606061,0.21982944178026315,0.5603282047412097,0.34209261626630083,0.07825114942654642,34.0,0.5420955582566896,0.006774672584505918,0.20984770910558492,0.8312161453322882,3.4965075614664802,3.5263605246161616,1.000088900581841e-12,0.32073397466846815,2.0213495716553216,-0.205286346536535,0.17201325087028502,0.04038114512304383,0.09468089999283782,0.5560713071357317,0.03494758939979659,-0.010777188778917313,3
sim00032,57,1.0,0.07017543859649122,0.2730468001385672,0.41089108734228663,0.13595223608704288,0.015935123413291685,58.0,0.6761223860505756,-0.003294316175611974,-0.36343189186160174,0.8934415882773596,4.04305126783455,4.060443010546419,1.000088900581841e-12,-0.47668091602686663,1.8992733413045888,-0.24716847440589812,0.21986313515799108,0.17024375822713203,0.12547850703463231,0.3654625684878352,0.003791968428856418,0.043094195491178405,3
sim00033,51,1.0,1.0,0.4991012458370127,0.004715889454956937,1.4812119396259506e-05,7.572847774476817e-06,52.0,0.004815889454956937,0.13737766462980003,-2.8686099295398595,3.0746024574848025,3.9318256327243257,3.9512437185814275,1.000088900581841e-12,-5.7794027187018076,3.2609457867003773,-1.5933284997600508,0.6671986706818419,0.02142855038809255,0.1700758758879808,0.14129683552980604,0.10249277620992449,0.0845021555332549,7
sim00034,106,1.0,0.08490566037735849,0.21049400082485606,0.6054647447525756,0.2481764752300883,0.019235767986525678,107.0,0.6613045444045915,-0.015683277235770232,-0.12686146571651757,1.2270482764157509,4.663439094112067,4.672828834461906,1.000088900581841e-12,0.10257955663395824,2.106070468887694,0.47610397673238203,0.06780141283932178,0.082398899102601,0.2196995455222827,0.29048322250176356,0.13165851283356927,0.10868438681079294,3
sim00035,96,1.0,0.4166666666666667,0.4306250909005536,0.21005696954932057,0.0381344041098418,0.004018860469134664,97.0,0.09078952593851258,0.05090838561765181,-0.20224417639551717,1.4032474898297589,4.564348191467836,4.574710978503383,1.000088900581841e-12,-0.772248389167597,2.314229716569985,-0.913132824216965,0.06235146673008994,0.6074401340499549,0.3094025934143984,0.02069857065023257,-0.16935373610236729,-0.17868464987377786,3
sim00036,100,1.0,0.2,0.18959268050178502,0.6176388555848312,0.2115160546694589,0.03004582166083702,101.0,0.5683094701867388,0.0072827485834176,-0.14349732943105337,1.2319472826733946,4.605170185988092,4.61512051684126,1.000088900581841e-12,-0.14831889439416462,2.6535928864255416,-0.1581778680600056,0.18429765338658827,0.17392801595505486,0.2547457031264898,0.3863212804055643,-0.044685545393382924,-0.030114603777302927,3
sim00037,76,1.0,0.05263157894736842,0.19508976306282705,0.8690663739780579,0.33278411843287076,0.030313650326247058,77.0,0.7165049205507179,-0.03399355318800765,0.09131086085365438,0.9052013691883642,4.330733340286331,4.343805421853684,1.000088900581841e-12,0.4936693844297939,1.934837470222431,-0.1001574329169024,0.09182863279085042,0.12268842141039676,0.199810172637706,0.3342325578384221,-0.024940850242923744,-0.049648145447130476,3
sim00038,52,1.0,0.15384615384615385,0.4206857794955834,0.256275906394804,0.06328153340857767,0.01315985233227756,53.0,0.2381000328468234,-0.039380246325452437,-0.007922726335499607,0.9967994635364681,3.9512437185814275,3.970291913552122,1.000088900581841e-12,-1.0531573275353316,2.3808208674321683,-0.24331843511651563,0.15252490823951115,0.07316957081408362,0.08710246793035499,0.6145826939801807,-0.14982310450854316,-0.021506442187955083,3
sim00039,39,1.0,0.1794871794871795,0.27933977044588953,0.8003655349210366,0.14212957166461063,0.03822338401770482,40.0,0.7209441078158839,0.005340327571102332,0.04647666093470817,1.4132232095215116,3.6635616461296463,3.6888794541139363,1.000088900581841e-12,-0.3474793090375109,2.3502700032097064,-1.216766688841117,0.32909808085690007,0.39743050131440505,0.2437027829167075,0.02872000839040104,0.2650997279526718,0.19662275147359898,5
sim00040,23,1.0,0.08695652173913043,0.17221813141147993,0.8124916611736884,0.3936570072287916,0.10014099065593127,24.0,0.31961153024209005,0.04580478030945886,0.13222760158016142,1.0983913881735865,3.1354942159291497,3.1780538303479458,1.000088900581841e-12,0.5934650646571306,1.7665933253136328,0.9205171419811733,0.023603598679530227,0.08780665706855525,0.10782143843789668,0.6232125701777451,-0.2908505443540404,-0.1726863629100461,5
sim00041,83,1.0,0.12048192771084337,0.2720662751739425,0.4768728305262311,0.17422545744728374,0.019670448470143768,84.0,0.6674289151807056,-0.012049810173028029,0.14538985816095878,1.2585418933292347,4.418840607796598,4.430816798843313,1.000088900581841e-12,-0.24218104475202576,2.2376078462810507,-0.2865733185816786,0.09983756678143102,0.4140146397759244,0.2019223521144126,0.2593971238858407,-0.1847219414973726,-0.24960702402634713,3
sim00042,23,1.0,0.043478260869565216,0.3511053533375142,0.6762578894080384,0.2705047426922566,0.15060960956545066,24.0,0.49509238451405274,-0.07884952183032215,0.8274932428862309,1.468911469912648,3.1354942159291497,3.1780538303479458,1.000088900581841e-12,0.07892505672844154,2.5498957065253234,1.3274462459640641,0.11728986276243811,0.06713707723574742,0.026663180648762316,0.00877686412715967,0.3966524668598909,0.40551702385350746,5
sim00043,42,1.0,0.40476190476190477,0.3986578762306509,0.48311425038714945,0.04387956314099912,0.016744701009661828,43.0,0.4300754205443505,0.11247618104732167,-0.3781754474147444,1.3060034455079172,3.7376696182833684,3.7612001156935624,1.000088900581841e-12,-1.720260666659105,2.7743027883815112,-1.4011981121912132,0.6101582397499592,0.32707868409181634,0.037489472488363804,0.02527360364707111,-0.017383246868465922,-0.09414557512031183,5
sim00044,46,1.0,0.41304347826086957,0.4288323882948834,0.160091467340295,0.032508119274462746,0.00827307583604483,47.0,0.902028265086267,0.14831906021205082,-0.31556749258384553,1.704459008868602,3.828641396489095,3.8501476017100584,1.000088900581841e-12,-1.0000797124434762,2.460157880088663,0.7306188134712047,0.07301356693967974,0.32064993741570724,0.20560877032746727,0.40072772528638423,-0.4062342668321967,-0.30585978343779635,5
sim00045,100,1.0,0.31,0.27066601337854884,0.6520981208125871,0.15107011310554502,0.017033130766528477,101.0,0.39503622871022903,0.0951485057610709,-0.09729765551662183,1.5031080819162557,4.605170185988092,4.61512051684126,1.000088900581841e-12,-0.45864671978497734,2.4225864472280514,-0.880846517540216,0.4731297132036961,0.16418603228293918,0.2878550059556741,0.07413480995711826,0.008892960373515677,0.054338531083957496,3
sim00046,38,1.0,0.5,0.36664886912799854,0.5799617146609215,0.052475868006610436,0.012374625020669378,39.0,0.4747684024092166,0.16255360025274324,-0.5149509864265807,1.3006887048800593,3.6375861597263857,3.6635616461296463,1.000088900581841e-12,-1.5585577289402712,2.1928807588126986,-0.9613961392297252,0.47750402347963444,0.3472238136543583,0.175227441882018,4.472096493284498e-05,0.02252038431271067,0.006545853483313947,5
sim00047,74,1.0,0.24324324324324326,0.37398379283805583,0.40457383527197643,0.057095327433744875,0.00780131068672991,75.0,0.4046738352719764,0.038682353520597935,-0.25275017517134646,0.8248717245945449,4.30406509320417,4.31748811353631,1.000088900581841e-12,-1.4397132679739209,2.3136345663447955,-0.14909515671625193,0.423255962939384,0.19666144597744145,0.15730694240364387,0.174947967557738,0.009844966398403219,0.003953438915630272,3
sim00048,24,1.0,0.7083333333333334,0.4868559303170304,0.07738132111181542,0.0017941439136555828,0.0005601772449898131,25.0,0.07748132111181542,0.18348389421844094,-0.9402559878531935,1.5329090133406675,3.1780538303479458,3.2188758248682006,1.000088900581841e-12,-3.6848612538510332,2.0140238024871273,-2.4555152005512983,0.7179303133589504,0.27207856361923194,0.009978511246055479,1.2611218393229687e-05,0.18656420310397692,-0.11511909289293863,5
sim00049,19,1.0,0.15789473684210525,0.2588691754860829,0.5278946265874706,0.07478517365561797,0.011510388979436266,20.0,0.45191722592522365,0.10361788499467384,-0.2525668201684897,1.220775080157201,2.9444389791664403,2.995732273553991,1.000088900581841e-12,-1.1975504265364405,1.07306934390052,0.783310386177898,0.11276433856529883,0.39470072832509295,0.1822151108247995,0.20698680023641744,0.02116724921151871,-0.19376513770968518,5
sim00050,43,1.0,0.3023255813953488,0.2842951331101731,0.5485234658478118,0.09018542902906744,0.022776210244785745,44.0,0.4724835138911073,0.12367500332839985,-0.5172114511547218,1.3832464634811181,3.7612001156935624,3.784189633918261,1.000088900581841e-12,-1.0165598209271933,2.385048822851383,-0.3348055038867136,0.3901881340859157,0.25869037129876243,0.32778878616798085,0.022600608383170417,-0.0315180145491453,-0.1083521046145659,5
sim00051,98,1.0,0.07142857142857142,0.23478698766707945,0.5951582467395446,0.3101522082076208,0.027289984862281954,99.0,0.5546161257353796,-0.024086816882718146,0.07665065046644849,0.885384579613009,4.584967478670572,4.59511985013459,1.000088900581841e-12,0.22760569198233657,2.1544240872138785,-0.4332457866006816,0.13211879279926378,0.13179550322249367,0.19158922387270952,0.10977564336517626,-0.02122945322926217,-0.12005214910542318,3
sim00052,23,1.0,0.043478260869565216,0.24907405060285667,0.6409295512874232,0.26876149674442695,0.10095328987851754,24.0,0.7409679506861717,-0.007073932201060799,0.07864861353313571,1.7722289318592064,3.1354942159291497,3.1780538303479458,1.000088900581841e-12,0.3366704665979093,2.156327792158389,1.534445089303004,0.021776438131942383,0.019216482379702592,0.14956868491474357,0.43385216103523133,0.09184448638906363,-0.004301305726618972,5
sim00053,106,1.0,0.6886792452830188,0.4567180037662259,0.19839795097523638,0.013219546804519615,0.0019437463425744147,107.0,0.14163669401777856,0.10703302873894219,-0.30989929875501404,2.2361846529177165,4.663439094112067,4.672828834461906,1.000088900581841e-12,-2.2188408978081147,2.7463597491320257,-0.04576370160688281,0.8191710228835556,0.14469383961752577,0.01602490111283651,0.019833939135601327,0.12044590089584019,0.01630864576743257,5
sim00054,58,1.0,0.27586206896551724,0.36727648132275154,0.3185916245091741,0.06869725783304849,0.009265478895277686,59.0,0.7872874565607826,0.014632798855603351,-0.1165443621352543,1.4511235220162149,4.060443010546419,4.07753744390572,1.000088900581841e-12,-0.8910705684251158,2.057029273516839,-0.4020180643778557,0.21791097951500138,0.33819903122562706,0.40841447519603796,0.035475514048776906,-0.237653280400749,-0.22642268208341235,3
sim00055,16,1.0,0.125,0.4257589581581551,0.192940177407671,0.02386016040068115,0.007904161747967348,17.0,0.193040177407671,-0.018655821239928302,-0.4324922490515687,0.8921335526035618,2.772588722239781,2.833213344056216,1.000088900581841e-12,-1.8762068029947017,1.6677680067726792,-0.9086196570396488,0.5427656602747034,0.2238186336711881,0.20594827286237266,0.027078012939798883,-0.02644723042312216,-0.07846796034135387,3
sim00056,63,1.0,0.06349206349206349,0.2916188627351143,0.7001442281713119,0.420742105439056,0.07646306806130121,64.0,0.5682284597910155,-0.04403139337505054,0.301015423534244,1.0523809468438439,4.143134726391533,4.1588830833596715,1.000088900581841e-12,0.5393551867630307,2.4379225102490003,0.2276898532018042,0.061437210304950314,0.012220655966156362,0.06951820709315554,0.30097310620528406,0.12120814268991872,-0.03069353611929842,3
sim00057,86,1.0,0.05813953488372093,0.15751527001331464,0.5927339107248776,0.36892495194608005,0.05712070384067508,87.0,0.6207084065208358,-0.030597551714554336,0.039000309032666707,1.139396319144719,4.454347296253507,4.465908118654584,1.000088900581841e-12,0.4491818179359618,2.588920695038382,0.12156388000760003,0.0675949657321034,0.14430559500166343,0.14991881269582705,0.23568746171920021,0.011516641968422862,0.09635720032266236,3
sim00058,118,1.0,0.06779661016949153,0.09665788993112251,0.5429365253579683,0.6001967987451443,0.047691939809909684,119.0,0.36061963966914234,-0.008931938539202903,0.03841913687412,1.0041933116939745,4.770684624465665,4.77912349311153,1.000088900581841e-12,0.9566895848001922,2.2381894318295306,0.22972296541485157,0.04496358677177337,0.07711014598219107,0.09979015633519418,0.16502020912159787,-0.11388551409560203,-0.13823301298019952,3
sim00059,20,1.0,0.1,0.2548881926042929,0.43564534460979853,0.15016892869359724,0.041690370631419935,21.0,0.5819699950970215,0.039801685108599286,-0.15174705960556065,0.9063311709420645,2.995732273553991,3.044522437723423,1.000088900581841e-12,-0.48245597290552233,1.7142416037643529,-0.5854944497396324,0.350743427602842,0.13799735386652986,0.3345249207117884,0.16965042172368328,0.0011447375896011037,-0.12428852612385113,3
sim00060,47,1.0,0.6382978723404256,0.43695358410852264,0.3005629754057081,0.015964800232296003,0.0037594688128377365,48.0,0.241973207948736,0.2052302063169545,-0.9841594760614543,1.3207054147213648,3.8501476017100584,3.871201010907891,1.000088900581841e-12,-2.44140414752952,2.404038960037339,-1.6758404943746856,0.7039354083095768,0.2706781150873484,0.025141460578673804,0.00024501596176316456,0.024442988034088915,0.3162347358277854,7
sim00061,74,1.0,0.4594594594594595,0.4022382598870566,0.4668661841974615,0.05024669756995123,0.006722578272256437,75.0,0.5330338158025385,0.05354696680340234,-0.2949950636215267,1.2502565753622215,4.30406509320417,4.31748811353631,1.000088900581841e-12,-1.6001416069942367,2.2925920195203413,-1.3189746124949355,0.5487645455804511,0.18243476069414555,0.267800505885616,0.0010001878198855568,0.08547228523968302,0.05599284136421507,5
sim00062,96,1.0,0.125,0.285573682735165,0.5149405586615294,0.19071153910574434,0.019592661113576652,97.0,0.6195064659853946,0.00752099118089562,0.40652190714664144,1.9171154336668246,4.564348191467836,4.574710978503383,1.000088900581841e-12,-0.21187502324100257,2.288741234171049,0.4908208665048472,0.11375495977084722,0.21047267474299342,0.32177023916205066,0.04131737846539656,0.03955748064807323,-0.014594326352682869,5
sim00063,114,1.0,0.7631578947368421,0.4561774634404989,0.3896710827502397,0.02480370887869609,0.01036235541713356,115.0,0.3897710827502397,0.03587521691607633,-0.6995719044353442,1.7632925396212575,4.736198448394496,4.74493212836325,1.000088900581841e-12,-2.2606452878656222,3.8633848182012245,-6.052260911330755,0.9840994465508716,0.014129028334662503,0.0017715250741495107,0.0,0.2597089471491475,0.12061427788112192,7
sim00064,18,1.0,0.05555555555555555,0.4001637702172972,0.24690823648896593,0.043227384941157736,0.0117882580338513,19.0,0.28503791748294516,-0.029134586772740168,-0.16798377574048493,0.614811898090679,2.8903717578961645,2.9444389791664403,1.000088900581841e-12,-1.5506222409731547,1.5910015066480363,-1.3509797728152313,0.5020932373842354,0.18105174240816566,0.04894199557867701,0.11661507241084472,0.2596308436599175,0.03620840027609855,5
sim00065,30,1.0,0.2,0.4223394883781579,0.2889868234544851,0.040375607764778845,0.013461973177487709,31.0,0.20537262071206303,-0.023040146181257826,-0.1563751624845855,1.0735731738654726,3.4011973816621555,3.4339872044851463,1.000088900581841e-12,-1.3967181772514998,2.3028404556916366,-0.6638072020892544,0.5931245717479877,0.24458132968337945,0.020900747527763573,0.02720252105717177,-0.26276087739040366,0.010111890550049095,3
sim00066,21,1.0,0.09523809523809523,0.17773117793080212,0.6023800864016883,0.15933826870510798,0.03835572826691351,22.0,0.6282784823077763,0.05430167137026414,-0.4621619781611649,1.114909584232018,3.044522437723423,3.091042453358316,1.000088900581841e-12,-0.3823437794489182,1.6203969039036346,-0.8707115378815692,0.12571006454367006,0.2614110891594681,0.3114847180164963,0.12847750957871892,-0.26603528094955836,-0.19496625083250851,3
sim00067,59,1.0,0.05084745762711865,0.25360343862120377,0.6294079075501011,0.46810100269459853,0.13148500468290955,60.0,0.4685503467089441,-0.03369541044787894,0.1695689928897559,0.9344393265629964,4.07753744390572,4.0943445622221,1.000088900581841e-12,0.6311873422087071,2.807746165717427,0.2616756515507621,0.06542827816615633,0.11056945776010835,0.026918654436694233,0.13642154299690598,0.1738718223366127,0.031978997667502035,3
sim00068,41,1.0,0.04878048780487805,0.1259001266540155,0.6872719309324373,0.6939813724707631,0.16061595879119286,42.0,0.5569947723508889,0.0001127913686378976,0.5378703209736556,1.1751543274307257,3.713572066704308,3.7376696182833684,1.000088900581841e-12,1.0340629732512514,2.2501431137090813,0.6396206459402097,0.04683955017001534,0.08962420354763782,0.07721656763572468,0.22504269275292516,-0.015968419162212876,0.02292403488271724,3
sim00069,110,1.0,0.41818181818181815,0.34718127481607575,0.4407599190492066,0.0954414050700108,0.009213611072053918,111.0,0.3829508552492387,0.062433985387324385,-0.20856765330015226,1.278975961165744,4.700480365792417,4.709530201312334,1.000088900581841e-12,-0.9065875588464607,2.3626497201222203,-0.7964245841203476,0.3431969279871585,0.31917973178799247,0.30571782795155866,0.031728609471914464,0.019011628415053623,-0.016704058852998277,3
sim00070,54,1.0,0.0,0.1430504179095126,0.6468724313886025,0.3572086165207765,0.06649621102862166,55.0,0.48004045812726076,-0.058411996207498956,0.17201894056283484,1.428278198627117,3.9889840465642745,4.007333185232471,1.000088900581841e-12,0.3584538575181835,2.3078090443434953,-0.34314982409546496,0.09524789777195042,0.23031846077699059,0.16806885916816677,0.27284165369916796,0.12376725643852557,0.08082753099034973,5
sim00071,23,1.0,0.13043478260869565,0.3544810722827627,0.770523589835768,0.37377016536558527,0.12751852569748615,24.0,0.9509107396226698,-0.007502407243206185,0.25011965408690146,1.018876106797362,3.1354942159291497,3.1780538303479458,1.000088900581841e-12,2.080335876430646,2.0601147921022664,0.6095742751372194,0.0015202572492998472,0.005564085722782789,0.059893455159056974,0.5968845145561211,0.25964941691603366,0.14575062265304814,3
sim00072,40,1.0,0.6,0.4342666304107522,0.37616590263742955,0.023025543110749405,0.005855010182072481,41.0,0.34703097298808416,0.09292637669401507,-0.8475603185177082,1.1520547786983948,3.6888794541139363,3.713572066704308,1.000088900581841e-12,-2.2865842828557166,2.3195730188995163,-3.8912141025100104,0.881301236426467,0.11635045788558951,0.0022456695128219364,0.00010263613169154224,0.3331777513344414,0.18789677896598433,7
sim00073,104,1.0,0.18269230769230768,0.2857558558468161,0.5809792332922346,0.14502000031580953,0.016638862190846516,105.0,0.4189207667077654,0.00945974144770125,0.048934578834569066,1.2049290259297634,4.6443908991413725,4.653960350157523,1.000088900581841e-12,-0.5179419775488973,2.479260287464436,-0.3202792080316079,0.2756568323176347,0.2746647687148892,0.12489006951020323,0.1593817864392456,-0.12384176998775799,-0.08212298780465035,3
sim00074,66,1.0,0.12121212121212122,0.2484197420922773,0.7565700791255398,0.147465649874881,0.025092589328805762,67.0,0.2427441468701187,0.02289352176151085,-0.12488038784979923,1.8484821393722255,4.189654742026425,4.204692619390966,1.000088900581841e-12,-0.22035862901485778,2.418632031844094,-0.618844210919513,0.27511786151122686,0.10994970756977314,0.40073722283341623,0.14700764342995642,-0.02313892402302105,-0.01087032354504189,5
sim00075,29,1.0,0.4482758620689655,0.41248814131384515,0.379864515646057,0.04356386271475114,0.01681772278281469,30.0,0.3122846149936373,0.13229417563132706,-0.3135863781899203,1.1193795089333316,3.367295829986474,3.4011973816621555,1.000088900581841e-12,-1.5953068184223664,2.415501117430704,-1.4079815844483026,0.6912296570874189,0.2569293176879429,0.051245539468514505,0.0005954857331689911,-0.24026939793283128,-0.18385048578732036,5
sim00076,84,1.0,0.17857142857142858,0.22913916737629897,0.5664664485061893,0.13561554789744995,0.015701412909387598,85.0,0.4334335514938107,0.028215015032595187,-0.5502741574307666,1.0458984914577754,4.430816798843313,4.442651256490317,1.000088900581841e-12,-0.5937535629487628,2.2747434718771067,0.19211246515673402,0.14820155124108428,0.16832523764766075,0.1062862827905601,0.5572934615890407,-0.12645595716661254,-0.10544934210053764,3
sim00077,109,1.0,0.045871559633027525,0.18200526524354235,0.7626310649927659,0.34762057452813483,0.02821499659192657,110.0,0.5328957702177006,-0.04932195062940482,0.09366512278451714,1.0829610943025012,4.6913478822291435,4.700480365792417,1.000088900581841e-12,0.3339885860045492,2.180089930701095,0.3523597285325871,0.07738046515882589,0.12824574769582045,0.08693913941472707,0.4427709969491763,-0.046050647341243256,-0.00648782062968024,3
sim00078,101,1.0,0.1188118811881188,0.2654423788918947,0.6975282751573044,0.21475904581094374,0.02072243344519336,102.0,0.4379168652059456,-0.008659744100600615,0.2013768382499547,1.801597998442892,4.61512051684126,4.624972813284271,1.000088900581841e-12,-0.1364068910497488,2.276820688684372,0.3495132504880646,0.24019771714992755,0.13302696894086996,0.05564472828617623,0.0636230089683503,0.19748253456928952,0.012266999572035042,5
sim00079,27,1.0,0.3333333333333333,0.3657506018592578,0.3847726794216658,0.03835130818845433,0.011496493135196295,28.0,0.6294011299259371,0.0633188031912025,-0.7827613711504637,1.204209027277434,3.295836866004329,3.332204510175204,1.000088900581841e-12,-1.8053451267490919,2.091090270430277,-1.360026159082036,0.28997950475594997,0.6653708844251647,0.042772897693620096,0.0018767130991906137,-0.06756449795531212,-0.14761203579622734,5
sim00080,19,1.0,0.05263157894736842,0.17392077372302628,0.6143235485772882,0.22229154906920925,0.0450720995919088,20.0,0.24770188708614627,-0.002874653911225141,-0.04444003909984438,0.7648701998227291,2.9444389791664403,2.995732273553991,1.000088900581841e-12,0.1763864563046623,1.3487125954883394,0.0012383661745150598,0.20335166186447606,0.08695060938374204,0.14778869756441754,0.4082456287528227,-0.07675546043561758,-0.17651973556484618,3
sim00081,119,1.0,0.865546218487395,0.4849423231233524,0.12964689674835322,0.0048736807102956,0.0009218114004785106,120.0,0.12139658212962373,0.06042705804950178,-0.8826086149367754,1.5206061298539053,4.77912349311153,4.787491742782046,1.000088900581841e-12,-3.0857916226299227,3.1138593943386677,-3.5811450046490223,0.9612604806766608,0.03397362384913599,0.00466623822432395,9.965704469543225e-05,0.05360640570332049,0.05647067093059479,7
sim00082,99,1.0,0.1717171717171717,0.3583241177662784,0.3368719617186311,0.13543689631988448,0.014268940870608562,100.0,0.37134869134465415,0.03270109465590953,0.18936242649690885,1.5573720949450838,4.59511985013459,4.605170185988092,1.000088900581841e-12,-0.5444571337771236,2.344699235480878,0.07333603502369104,0.13029607285898542,0.09328436411502036,0.21193007601099118,0.19044425086753253,-0.028254426190863668,-0.04670008664926128,5
sim00083,63,1.0,0.07936507936507936,0.27521338454409494,0.3451599095917982,0.2505352145050756,0.0361439582019152,64.0,0.7175869640968433,0.00036678862729007145,0.10149916307992711,0.979205924231572,4.143134726391533,4.1588830833596715,1.000088900581841e-12,0.21208995620354348,2.2070450419490473,-0.39028394953634815,0.11586580618719512,0.13625245570180783,0.15429150079587972,0.3429252753219237,-0.1295025690871381,-0.1979619082495619,3
sim00084,103,1.0,0.3300970873786408,0.23947045430640929,0.6000243258356638,0.1312325573979952,0.011564678013156271,104.0,0.4416398241646199,0.1172617950461324,-0.4213592047047276,1.269283060897541,4.634728988229636,4.6443908991413725,1.000088900581841e-12,-0.6307726273767803,2.205713444711033,-0.5465274003698628,0.14541810452575907,0.3477126471642581,0.2966184866805578,0.210217200806251,0.09192889395329669,0.14118606420683683,3
sim00085,21,1.0,0.42857142857142855,0.39915445385795256,0.30500576808143365,0.03308335979959646,0.011858078633299508,22.0,0.7503315775188977,0.11990616467631329,-0.7708733331409389,1.1957495221695948,3.044522437723423,3.091042453358316,1.000088900581841e-12,-1.7338632297552625,2.018501382794198,-3.7408289146747213,0.46001266598958523,0.5223781197894181,0.017609189311661173,2.487910886679451e-08,0.1333889355438728,0.22495978727372573,7
sim00086,26,1.0,0.5,0.4368691501590318,0.18433298602522874,0.01410436754676774,0.004046512100268582,27.0,0.831820705395776,0.12403207693340626,-1.0537466262735893,1.1450997442651514,3.258096538021482,3.295836866004329,1.000088900581841e-12,-2.2944077758254626,2.009467332169378,-4.082101140355111,0.31774592098912585,0.6431763679080335,0.039077711031940555,0.0,0.3586701112895226,0.5133573714895742,7
sim00087,52,1.0,0.1346153846153846,0.25669370399941405,0.6717651661163793,0.2714320513887324,0.030213597978675746,53.0,0.6958834739287927,0.04086944564487785,0.33350708790515704,0.8671704397890992,3.9512437185814275,3.970291913552122,1.000088900581841e-12,0.2488739546956955,1.7558239687369417,-0.2621031649959774,0.2616449473498766,0.22488149995716838,0.1976733959638238,0.2547519033389216,0.2693613984625392,0.23733080811188995,3
sim00088,44,1.0,0.1590909090909091,0.20010981385976645,0.728409248565757,0.18973981676405108,0.036638938692988746,45.0,0.5328937946841952,0.02891714821343695,-0.11266096783772775,1.1903103793090632,3.784189633918261,3.8066624897703196,1.000088900581841e-12,-0.2714697697695569,2.1396474590543417,-0.20389230293198501,0.13788753570078718,0.2186659880132341,0.2666195318080901,0.3656298166414605,-0.09319048747376456,-0.05999169286110232,3
sim00089,46,1.0,0.06521739130434782,0.16553119470243988,0.7929688096885799,0.39058849152732344,0.05631504622128904,47.0,0.34108074561715657,0.007801726592434823,0.22550961899270916,1.1302986666572254,3.828641396489095,3.8501476017100584,1.000088900581841e-12,0.5526895939903562,1.8919485922189736,-0.17710694886628273,0.04492976089289552,0.21270542055532457,0.24432640586361576,0.2814859019926864,-0.11454098502726853,-0.12735301867596258,3
sim00090,84,1.0,0.08333333333333333,0.21472071287993882,0.6905234008389778,0.46434089570118103,0.07236356208770052,85.0,0.5320504239936502,-0.002917823531851377,0.023196690690815064,1.7012896113013425,4.430816798843313,4.442651256490317,1.000088900581841e-12,0.6232754371360519,2.5719007138099035,0.6720878051111123,0.044718154464688596,0.033135102800775466,0.037823848172101264,0.18234378308332563,-0.09922028265239845,-0.03177690392928647,5
sim00091,71,1.0,0.8450704225352113,0.484322527063849,0.09789387042920517,0.0029314352923079812,0.0006131576565409748,72.0,0.9267681500162467,0.12094613907681656,-1.3010607151851872,1.6845187564330668,4.2626798770413155,4.276666119016055,1.000088900581841e-12,-3.1420864185779487,2.6980545028809657,-7.3598988884079635,0.9536645340093827,0.04453364154614898,0.0018018241033384973,0.0,-0.391010517406837,-0.24547752461356379,7
sim00092,82,1.0,0.08536585365853659,0.20206558805577202,0.5790055752007246,0.30527008125920363,0.04488892837378269,83.0,0.6178160504280235,-0.011194213832467236,0.03823321938847596,1.0354689343408385,4.406719247264253,4.418840607796598,1.000088900581841e-12,0.2568593798740543,2.4897135301585007,-0.19949317920575077,0.11069961419635871,0.13866189865274903,0.1434405974513368,0.2341657496509217,0.0176084539623963,-0.06462322902862319,3
sim00093,71,1.0,0.38028169014084506,0.3170426320690727,0.6759379548029866,0.07475370651076227,0.02358784336030806,72.0,0.5141095160194982,0.12907781840753885,-0.40042803107125813,1.5875244430559063,4.2626798770413155,4.276666119016055,1.000088900581841e-12,-1.206465490387689,3.109212547128711,-0.31691251759491607,0.20386254321428438,0.6045043242050973,0.07819220572045552,0.11333365291803246,0.08568088075569835,0.012799240134018572,5
sim00094,39,1.0,0.8974358974358975,0.4948372022211497,0.05813672687732479,0.0007606154727912455,0.0002674101402956853,40.0,0.05823672687732479,0.14157174875969042,-1.090046657023907,1.4244102923326527,3.6635616461296463,3.6888794541139363,1.000088900581841e-12,-4.278142202831389,2.618217246204659,-9.277330096392205,0.9601040852734157,0.03956621086397598,0.00031106428869864485,1.8638259184894155e-05,0.6943381365212987,-0.07912713342889387,7
sim00095,35,1.0,0.2857142857142857,0.2855451411329524,0.5286944472190972,0.10857544507906508,0.034080553334147876,36.0,0.42952815783793946,0.10366246597783957,-0.37699100169401223,1.1070403326567129,3.5553480614894135,3.58351893845611,1.000088900581841e-12,-0.8139505538376234,2.3966297216662564,-0.5410740226719791,0.19604854160120522,0.23893084642469123,0.5422617802704414,0.022424330551951935,-0.3366923843471664,-0.33788140011095025,3
sim00096,16,1.0,0.3125,0.4560028970152089,0.12471368159668028,0.009573222477124783,0.004596759319450991,17.0,0.9000981806429785,0.05871579123710814,-0.6801586804715584,0.9626214067752117,2.772588722239781,2.833213344056216,1.000088900581841e-12,-2.239966589415634,2.0389704044784187,-1.2209555883330694,0.7599197109698449,0.12199571471132137,0.11285291147817748,0.0010338623559999656,-0.21684062594511974,-0.18562858294860787,5
sim00097,118,1.0,0.635593220338983,0.44455576672585606,0.20362482406306065,0.027017150586434148,0.003041486029039322,119.0,0.16323252865071336,0.040490464941977805,-0.32711048602476894,1.830214887839261,4.770684624465665,4.77912349311153,1.000088900581841e-12,-1.6204948100035121,2.586558970499898,-2.9822577052493235,0.4910170894064247,0.5017786804086095,0.007011277494971665,0.00019295265298058847,0.024145715979880234,0.044453701643282106,5
sim00098,105,1.0,0.18095238095238095,0.3674259529503577,0.37595130113513386,0.05675776195875974,0.004888566049105909,106.0,0.7875586269580969,0.011914875330040672,-0.009299796139339905,1.8578552402409951,4.653960350157523,4.663439094112067,1.000088900581841e-12,-1.081056172985353,2.2020669458911537,0.6996759416879297,0.2270489552948956,0.2580706077700333,0.11007870817874923,0.2204694845657855,-0.07873706828683633,-0.1059179653881318,5
sim00099,113,1.0,0.1592920353982301,0.23291564276160662,0.6444539739451958,0.1935956987483725,0.02491108588567371,114.0,0.3320501698091739,0.03428108808860316,-0.10337067934435641,1.2943252614718541,4.727387818712341,4.736198448394496,1.000088900581841e-12,-0.13597190122475472,2.6769287814653535,-0.12624304711760778,0.08446827774081524,0.24621432315178624,0.38197066979606153,0.23932176545639522,0.1512818051941227,0.16056752719691006,3
sim00100,92,1.0,0.10869565217391304,0.17479697874963285,0.6826043526071071,0.7662715491905381,0.15306139490056944,93.0,0.6152929930591005,0.03114576639985452,0.23693331841896967,1.3429992179727748,4.5217885770490405,4.532599493153256,1.000088900581841e-12,1.1747112992897883,2.9110910819200453,0.17400966503967158,0.08336658123698593,0.02166105318537179,0.08604964856521327,0.09006129327539938,-0.21539324332975596,-0.1504176096866051,3
sim00101,116,1.0,0.1206896551724138,0.1704953016843031,0.5439130980834623,0.22255774046325366,0.014562284600838145,117.0,0.4414094628855232,0.030638628356477095,-0.1902992873794479,0.9804707139113922,4.7535901911063645,4.762173934797756,1.000088900581841e-12,-0.10244779032216411,2.0268385548715817,0.041877863925815745,0.1265271552163945,0.1670862022766595,0.14627762277078638,0.3624334760671039,-0.10033392326506708,-0.10906273027807505,3
sim00102,113,1.0,0.09734513274336283,0.27325325596113126,0.5671348563820967,0.1676876079476905,0.012515552180150614,114.0,0.4274945698651686,-0.014921367312760097,-0.07513761854324791,1.251120575795875,4.727387818712341,4.736198448394496,1.000088900581841e-12,-0.3781057556485791,2.1322570915662213,0.00406868263374513,0.14697797758002296,0.18959706028465675,0.20550149143498364,0.16486143989287125,0.02154930122203871,0.05619739345020445,3
sim00103,19,1.0,0.631578947368421,0.46204597029140065,0.1471607580253736,0.005059488012603406,0.0027016266755244623,20.0,0.13436396347627505,0.21609385193637787,-1.3836284278965005,1.443740832716291,2.9444389791664403,2.995732273553991,1.000088900581841e-12,-3.1349962282372035,2.317027744894331,-4.9688828941872085,0.7152053112201793,0.28406996403693197,0.0005845852542432212,0.00013481784690036965,0.0009559760762026589,0.2941591992389259,7
sim00104,26,1.0,0.11538461538461539,0.17352198348953632,0.6175279899031809,0.22418232490454418,0.04069704866857023,27.0,0.48893122156379526,0.06522737727731298,-0.049971113712224124,0.7474125195362045,3.258096538021482,3.295836866004329,1.000088900581841e-12,-0.10851105506954448,1.5517924422198788,0.5855318748150387,0.2101482277957555,0.038800251043950115,0.2462411893226935,0.15076025461340534,0.15828093353606856,0.29008323054714746,7
sim00105,87,1.0,0.09195402298850575,0.2607382783956493,0.6100578415664902,0.17877969746464867,0.015620615881038554,88.0,0.7313129015339852,-0.0011606665061862256,-0.012654027577516774,1.0861074845137295,4.465908118654584,4.477336814478207,1.000088900581841e-12,-0.09447932744683651,2.028345383433133,0.12098985488763436,0.07397687196791929,0.2975287275250492,0.16607336590024083,0.3278750951989463,0.00402915443119526,-0.059266160699855734,3
sim00106,41,1.0,0.36585365853658536,0.39614704510119075,0.34194980129594765,0.042989895946020394,0.008491524265524908,42.0,0.3411463302158927,0.0967880343070385,-0.29204617169357755,1.1914072857695992,3.713572066704308,3.7376696182833684,1.000088900581841e-12,-1.654092577981854,2.0916754765698444,-0.8306682341239298,0.3400106344975482,0.47511472241204555,0.1731235315453163,0.01174755849353881,-0.13444489949627433,-0.13298149397126002,3
sim00107,87,1.0,0.6206896551724138,0.4376834527502374,0.3583923888022276,0.020276197878711648,0.005039862473229256,88.0,0.3584923888022276,0.05697456866433424,-0.9309098275869553,1.2265641544249601,4.465908118654584,4.477336814478207,1.000088900581841e-12,-2.4285255189636596,3.073839229395242,-2.409042864743482,0.9184916646876724,0.07174365257647394,0.009722596319545898,4.20863669890907e-05,0.17110225738243837,-0.01497403665635865,5
sim00108,28,1.0,0.03571428571428571,0.12143581801449509,0.5597366578842833,0.3647582152808374,0.09375827899443759,29.0,0.7291327802479969,-0.00506192071230223,0.11045375204736362,1.274018831518664,3.332204510175204,3.367295829986474,1.000088900581841e-12,0.6135053967001655,1.9736897701398621,-0.2283963635799761,0.15801113898915278,0.11456173030808525,0.1425218233056449,0.10962762034756637,0.03767126761710398,-0.06779641039253688,3
sim00109,110,1.0,0.44545454545454544,0.2894110159834869,0.6873856947152152,0.0964951929344763,0.009782681297248332,111.0,0.5685660957008594,0.13760778364850748,-0.4671357901944014,1.3280847070799204,4.700480365792417,4.709530201312334,1.000088900581841e-12,-0.9329834200119698,2.4116007795452425,-1.1683203507082442,0.43423574155386174,0.3350636248618852,0.22148546794673787,0.009110638172432694,-0.09143122732179333,-0.046852772942650826,5
sim00110,18,1.0,0.3333333333333333,0.41849576260889526,0.16872285183801916,0.016394896134698075,0.006235571887368778,19.0,0.8535228761084357,0.1606942290690238,-0.8649412555788358,0.8522407164409131,2.8903717578961645,2.9444389791664403,1.000088900581841e-12,-2.0315162558033526,1.9236719789015209,0.9834043239141184,0.1123599222494002,0.1743399195093568,0.6575109584429429,0.05578909452436965,-0.1693865816432956,-0.25450250343006386,5
sim00111,71,1.0,0.04225352112676056,0.21031069413307943,0.7143075417207341,0.4302893446161575,0.11037237995655184,72.0,0.3327748558025919,-0.030456589187533842,-0.13237865769395235,1.415784970254186,4.2626798770413155,4.276666119016055,1.000088900581841e-12,0.6616194667351956,2.902081921022946,0.27390022546280984,0.0659131331494636,0.0774629670324867,0.026799129784383362,0.14605394778176944,-0.023414949494855054,-0.17762009868064912,3
sim00112,80,1.0,0.4125,0.41552072561313097,0.3177366340923066,0.02320139536408922,0.0023037470727218135,81.0,0.29042574282803374,0.13506669874451804,-0.7266110978165804,1.25276352153342,4.382026634673881,4.394449154672439,1.000088900581841e-12,-2.184045376630754,2.072351169135584,-0.363110095747038,0.5144597627940257,0.20507409364878654,0.22750466055311874,0.05250426770174978,-0.15036226798167815,-0.11230429809168666,5
sim00113,68,1.0,0.1323529411764706,0.26174395048895766,0.40280604218293453,0.49120107707294103,0.25956922436228413,69.0,0.3698337934414969,0.05485790247694189,0.11604474552434171,0.9668900603459084,4.219507705176107,4.23410650459726,1.000088900581841e-12,0.7455715462233861,3.581677563052898,-0.058086310893116444,0.06982617924237047,0.050852344459947456,0.0804268093955696,0.06772643814873822,0.1297436738992015,-0.1786983785750824,3
sim00114,70,1.0,0.42857142857142855,0.4558703033456325,0.14192411734435106,0.01228679210198109,0.0011368484552813619,71.0,0.8889052511985173,0.0688512649071194,-0.29974236997841947,1.0343129903147448,4.248495242049359,4.2626798770413155,1.000088900581841e-12,-2.0840939291353675,1.8682302858228197,0.1398115967351381,0.3252121555806829,0.22890615059521713,0.09908334072286155,0.3002184275198499,-0.19175764498020428,-0.12065193208672113,3
sim00115,107,1.0,0.102803738317757,0.1407938234699629,0.8390110981059541,0.40252090060142626,0.02246061573099276,108.0,0.638534384015913,0.016107976048652363,0.13828847464198596,1.1115054665073458,4.672828834461906,4.68213122712422,1.000088900581841e-12,0.5561598539577916,1.7868451752634973,0.2484609824292156,0.051504604294338306,0.14779822892212557,0.11621635406569152,0.30661723152008147,0.12406195924083648,0.11029674818467278,3
sim00116,81,1.0,0.5925925925925926,0.47792653857347334,0.0848300190438676,0.007243377240781942,0.001530900279061902,82.0,0.04105297378915927,0.015934001077805078,-0.432010789873714,1.1046547922968015,4.394449154672439,4.406719247264253,1.000088900581841e-12,-1.6928562647089092,2.840217556829366,-1.3118553289467005,0.1816182871648319,0.6576046469475759,0.15280280916715813,0.007334719985544383,-0.12140003870341136,-0.059438588424179616,3
sim00117,40,1.0,0.3,0.3622059014385518,0.7386322996619852,0.06422178571291767,0.010172668285175476,41.0,0.2612677003380149,-0.020518948259777153,-0.283392585896487,0.6608718046726472,3.6888794541139363,3.713572066704308,1.000088900581841e-12,-1.100383388610884,1.8462415030391333,-0.6476901606949664,0.7153820732995376,0.24071544573645243,0.040792237131152397,0.0031102438172864876,0.19235053256620935,-0.07989904584002187,3
sim00118,71,1.0,0.352112676056338,0.4518906466605771,0.16420763883919864,0.019384702437484348,0.001731465178043454,72.0,0.8356923611608014,0.0174880095315521,-0.03932890388427203,1.273261636694179,4.2626798770413155,4.276666119016055,1.000088900581841e-12,-1.9577615736307994,1.8471636268904659,-0.078939555965514,0.18515869237708218,0.09498662187843265,0.5515071202132351,0.11372179955701897,-0.26728605541903777,-0.08035976051023039,3
sim00119,114,1.0,0.5087719298245614,0.2911018968097475,0.5842648345762135,0.08657334724343968,0.015017114876569388,115.0,0.43738124177617504,0.08182587942276318,-0.6017938895388278,1.673504498981493,4.736198448394496,4.74493212836325,1.000088900581841e-12,-1.044660180470291,2.984396989934966,-1.3913867512494087,0.4649420397586931,0.17942605184072302,0.35547543537044246,0.00014526297244021899,0.08330596016642754,0.07260980095684616,5
sim00120,18,1.0,0.3888888888888889,0.4495987570530813,0.13672408843478334,0.007182888787879481,0.0017244842855032043,19.0,0.8753220694288402,0.17836157973939792,-0.8930849265923182,0.9194617213125679,2.8903717578961645,2.9444389791664403,1.000088900581841e-12,-2.720868835419452,1.4635981565401954,-0.17389283162460223,0.3619447287405627,0.26044268107494145,0.22139868516601205,0.15621390487926398,-0.3792731704440082,-0.19002551273518495,5
sim00121,115,1.0,0.4956521739130435,0.3626464726448311,0.48746839249079255,0.04369070689621558,0.008646842331504954,116.0,0.5356979868193961,0.06995729315586546,-0.5909077870794813,1.5743864333498432,4.74493212836325,4.7535901911063645,1.000088900581841e-12,-1.7392150741561687,3.1249909091135373,-0.6468529949361553,0.4382017285657282,0.49121032115233604,0.06712847790642953,0.003456522684351768,0.13244772340265742,0.02500531819417482,5
sim00122,14,1.0,0.5,0.434776395319349,0.3051740207881631,0.022555892801929035,0.010019247656196559,15.0,0.30527402078816307,0.1815388472964818,-0.16290681855651637,1.340327665117627,2.6390573296152584,2.70805020110221,1.000088900581841e-12,-2.2409756629530695,1.8275689843167717,-3.1212565322102157,0.7999917945430003,0.1844556965366906,0.015328810801889315,0.00022369807408554655,0.5107867293022198,-0.2897984733991351,6
sim00123,58,1.0,0.05172413793103448,0.2877172225196452,0.48383517274094023,0.25564073065414666,0.10773850172267423,59.0,0.23310910372705845,-0.03205601022348537,-0.18960895653078927,1.39625605485331,4.060443010546419,4.07753744390572,1.000088900581841e-12,0.35767719770163436,3.1963769581528885,0.3007366380856269,0.05237606775702946,0.058719294206679894,0.08549875819121802,0.15688397374822316,-0.1679851729049723,-0.09240092684119029,3
sim00124,35,1.0,0.08571428571428572,0.20300577490292065,0.5021071153628607,0.7004102488897689,0.23408172261130158,36.0,0.41146455174035074,0.03441177192779208,0.3622787222626352,1.11764370795533,3.5553480614894135,3.58351893845611,1.000088900581841e-12,1.0620614799738968,2.459352124545216,0.4448545485446833,0.09754155302555466,0.008717827150049134,0.044556576705707875,0.1558849735646266,-0.16830864044934196,-0.12229384509190577,3
sim00125,31,1.0,0.0,0.20192690002257987,0.6792979108216198,0.2321272430606179,0.03131910079065979,32.0,0.5699699769407574,-0.056626964808783785,0.09727234518100494,0.8429779406944885,3.4339872044851463,3.4657359027997265,1.000088900581841e-12,-0.05439775295901718,1.4309296819218897,-0.6555153754289849,0.14247714092950783,0.2166260403327644,0.4595191825059359,0.1647118118826534,0.21514757870385023,0.13453085233697187,3
sim00126,38,1.0,0.10526315789473684,0.30981812313053253,0.42664432260831275,0.11204237751367625,0.024400326202068067,39.0,0.6746443964634141,0.0005985275798681893,-0.21566169268056185,0.9951469384199254,3.6375861597263857,3.6635616461296463,1.000088900581841e-12,-0.6724720315203416,2.113305490186428,-0.40857286774584556,0.1358269520754105,0.10644832740029471,0.49596799288419363,0.2307322661551604,0.01638662321483029,0.22074838528294066,3
sim00127,45,1.0,0.17777777777777778,0.26454853700252645,0.7223544942580902,0.11588262053607418,0.027496178386946006,46.0,0.5526711331323929,0.05903969981383688,0.029348754084753556,1.7536161313472993,3.8066624897703196,3.828641396489095,1.000088900581841e-12,-0.7577241069690028,2.368131729818859,0.41150563899026826,0.12313568206948466,0.4240360313837205,0.38010964832774047,0.04955174245244617,0.0677997889813078,0.19616361273834873,5
sim00128,83,1.0,0.40963855421686746,0.38997179379860636,0.356925985869476,0.07847398410778476,0.014069938817425513,84.0,0.2797850017981688,0.08919815958590438,0.017407310686520235,1.8873784545914405,4.418840607796598,4.430816798843313,1.000088900581841e-12,-0.9430487973398516,2.700113972265783,-0.9683064619405635,0.13345681400959528,0.17686536552454069,0.6543346938974687,0.035343116292795816,-0.2333809722743271,0.06859047943022516,5
sim00129,45,1.0,0.0,0.1958060767647079,0.8373624860381983,0.30238060651262194,0.04077683186171385,46.0,0.38894472234711913,-0.05948038850372702,0.18665770793747286,1.001521929346656,3.8066624897703196,3.828641396489095,1.000088900581841e-12,0.24081713187211506,1.8030900528974858,-0.2861407165749059,0.1133482916348787,0.19906039735919745,0.2183670261148842,0.09330840812644893,0.3875675228692982,0.23201864446745418,3
sim00130,106,1.0,0.3113207547169811,0.38137139091184924,0.5086301504085581,0.059497097016575566,0.006389614059643131,107.0,0.4977723623688302,-0.012916186054121875,0.2998562384483703,1.9452014357492995,4.663439094112067,4.672828834461906,1.000088900581841e-12,-1.4355135464508268,2.4321854397765286,0.5446189726182611,0.6017342756020554,0.14750284362248206,0.06351368638057452,0.12058285138961176,-0.04322616280894704,-0.10680979281739539,5
sim00131,39,1.0,0.20512820512820512,0.3148618691619808,0.8484793630986351,0.13562769597296007,0.05641583112863874,40.0,0.6263635259794917,0.05112270263969917,0.4577358784650944,2.2336625855095136,3.6635616461296463,3.6888794541139363,1.000088900581841e-12,-0.5455453638790376,2.7863978565081,0.39270591356520607,0.184592109253838,0.3304058979780003,0.4667068825743365,0.014395336276020975,0.29271983006319174,0.15050472957320404,5
sim00132,34,1.0,0.0,0.1391648017531479,0.5399245305368093,0.35111730712419553,0.07181454480066218,35.0,0.30093583104599,-0.04540643852654985,-0.14007606953236357,0.8111691702172115,3.5263605246161616,3.5553480614894135,1.000088900581841e-12,0.5122360597151153,1.9393271779357597,0.07523947697427308,0.0499824980390685,0.15296370094485282,0.08199697357001379,0.2837908410287039,-0.11377526644800218,-0.1481935648693499,3
sim00133,49,1.0,0.6530612244897959,0.45273160102885424,0.26818895787885816,0.0202363462707646,0.0052440662615109955,50.0,0.24132720828850251,0.1618396974569946,-0.4190233533670088,1.1287802980133719,3.8918202981106265,3.912023005428146,1.000088900581841e-12,-2.202488716423986,2.5414371894781356,-1.611191731864472,0.723769594217607,0.2561215136110666,0.015924659816873656,0.00040974100734644483,0.11468409258426547,0.0454354834840852,5
sim00134,107,1.0,0.5233644859813084,0.4456327739060511,0.23319521363500256,0.018482783928051586,0.0023859134201130294,108.0,0.23329521363500255,0.03559350637820563,-0.20049129913497862,1.3526403951239516,4.672828834461906,4.68213122712422,1.000088900581841e-12,-2.269811516896314,2.6255711651593403,-0.7023269165719634,0.5594812757633075,0.29113675460148636,0.1315932247595382,0.01756137953079441,-0.12237493536597654,-0.025415009792267587,3
sim00135,71,1.0,0.4507042253521127,0.4198208978459719,0.3643031686755605,0.026056356241688245,0.005698155509653424,72.0,0.28436737713467974,0.05134284992780477,-0.15046726899967036,2.635052192430633,4.2626798770413155,4.276666119016055,1.000088900581841e-12,-2.0554169033386915,2.74256066213057,0.6554723344685711,0.7216313545166959,0.20403188209712322,0.057568682589850595,0.016768080757951925,0.16719974504765356,-0.1644384510647285,5
sim00136,18,1.0,0.3333333333333333,0.3408703930260788,0.3631154308779672,0.04951378791631066,0.01785354821874201,19.0,0.30912061502656263,0.17867817289076882,-0.8432097457124206,1.130095341425634,2.8903717578961645,2.9444389791664403,1.000088900581841e-12,-1.461690344195241,1.8703228512692827,0.26530009712413993,0.1106527934530644,0.5047686978577153,0.36385719026995417,0.02033662713849987,-0.27073594048490673,-0.23555668054632303,5
sim00137,102,1.0,0.3137254901960784,0.4032698810943188,0.29916618015488866,0.0773439872210926,0.010163431569898263,103.0,0.27778330379649974,0.04853852253680891,-0.17336930285611724,1.2144056629432267,4.624972813284271,4.634728988229636,1.000088900581841e-12,-0.9531484358078565,2.5955061108319164,-0.4321918327746641,0.23801312087986873,0.13221597821174325,0.061446433700019114,0.006682449498472687,-0.12363667437012685,-0.017977306647191188,3
sim00138,14,1.0,0.07142857142857142,0.3410424857523508,0.3009272941232298,0.07657557018969592,0.02541780216694114,15.0,0.7832993405495474,0.016367356550487617,-0.29703333864232623,0.7396896626503225,2.6390573296152584,2.70805020110221,1.000088900581841e-12,-0.7959984963320097,1.5362290318628675,-1.1566514343295173,0.1368957420629255,0.5263632794320136,0.11661310202776987,0.06479949934547051,-0.07731962971060664,-0.17777454235093365,3
sim00139,43,1.0,0.18604651162790697,0.3726989922683231,0.3332980245984556,0.09281581064223789,0.01804620349668658,44.0,0.7256405189163146,0.03982466658990762,0.19667693280319623,1.1380217483319521,3.7612001156935624,3.784189633918261,1.000088900581841e-12,-0.7631216828792758,2.1235184467677897,-0.7963358222803587,0.23470900560036886,0.1845134809632779,0.2988874577731888,0.27828655793380036,0.009702675480892976,-0.06532870812018429,3
sim00140,100,1.0,0.41,0.44144737213787927,0.33093283478344704,0.041819032553546395,0.010060283636227779,101.0,0.668967165216553,0.06444310180843049,0.19819076654250647,2.187895150258952,4.605170185988092,4.61512051684126,1.000088900581841e-12,-1.6668457085775432,3.180413982276813,0.2213400350932474,0.37750967976527794,0.18129458471518617,0.031950842713360315,0.39361146498115585,0.12650758536996154,-0.04959603643963608,5
sim00141,97,1.0,0.44329896907216493,0.4180931468022367,0.385343978233206,0.04642075155802964,0.005958893061326973,98.0,0.677491724151485,0.07210192763903996,-0.1191154180814778,1.034452301442837,4.574710978503383,4.584967478670572,1.000088900581841e-12,-1.5490242647500052,2.5218491213360887,-0.226140898271987,0.8123219466831277,0.0998487131663588,0.02064608485733919,0.06258474793042929,-0.18913457382010046,-0.053661805215964586,3
sim00142,86,1.0,0.5232558139534884,0.4005177613127762,0.39841362736318786,0.04991300641640924,0.007039061774558249,87.0,0.7792159114945985,0.08209058646939424,-0.35924578645500427,1.3676904879876657,4.454347296253507,4.465908118654584,1.000088900581841e-12,-1.2374365238755647,2.4955405668801625,-0.9463816719673216,0.705662476053389,0.24847137099538066,0.04523253269912926,0.0006262605519453434,-0.08137731280036455,-0.055119864822017604,3
sim00143,26,1.0,0.46153846153846156,0.3832943030344586,0.39371927910642524,0.04992741034798888,0.015327695752933149,27.0,0.6061807208935748,0.16202395155726318,-0.5603765393214718,0.9898940559308025,3.258096538021482,3.295836866004329,1.000088900581841e-12,-1.5647448459937654,2.077187751978115,-1.323827329741943,0.5618559417096661,0.3967227633623104,0.04075852700734082,0.0006627679006536476,-0.012121149566909056,-0.09071313296416351,5
sim00144,47,1.0,0.14893617021276595,0.3909700016667907,0.32729583694991016,0.0732693118998112,0.008304530966927752,48.0,0.8549498842664498,-0.030886821208314173,0.028524611423835607,0.6885545447803223,3.8501476017100584,3.871201010907891,1.000088900581841e-12,-0.5262250249597366,1.6728070098396923,-0.5358789371184633,0.1941132368100592,0.56190362971938,0.13112528187823186,0.07883884010534234,0.14626276233201893,0.1087694937188765,3
sim00145,107,1.0,0.897196261682243,0.4886437777030538,0.08814682141859809,0.0019057982250209962,0.0007301920549789952,108.0,0.9117531785814019,0.08725046067044658,-1.1189850693333139,1.6692858385098528,4.672828834461906,4.68213122712422,1.000088900581841e-12,-3.7428507771006205,3.713480152682604,-5.024408838427386,0.9450434989227303,0.04556554674198695,0.009365919694888338,2.5034115679771668e-05,0.05500371628611304,0.08011542603536587,7
sim00146,24,1.0,0.041666666666666664,0.15078543583114518,0.39415674502907916,0.23675429033080073,0.046368093665967475,25.0,0.5086286338633654,0.001698675992342737,-0.3321742418756763,0.6588962714099161,3.1780538303479458,3.2188758248682006,1.000088900581841e-12,-0.05414020653805195,1.5476425627812116,1.4034316747013806,0.021611436742574562,0.08845744006893232,0.1439158541031877,0.30840355373640504,-0.5184163012892117,-0.4398282337720874,5
sim00147,23,1.0,0.043478260869565216,0.23862905790962574,0.6031868282074838,0.38228317660833727,0.07265397167077237,24.0,0.3778162818038329,-0.0038968435595619767,0.5072146010757496,1.0241439541544146,3.1354942159291497,3.1780538303479458,1.000088900581841e-12,0.4862734464837053,1.4750406389619815,0.3534230625572334,0.186877827404605,0.06418839520097232,0.07302470058032338,0.30887709286362397,0.3772963458544789,0.08804215308522856,3
sim00148,44,1.0,0.13636363636363635,0.3445962640268807,0.4409582112181384,0.21211549416915462,0.0440219616084823,45.0,0.5839482899214576,0.007305347645500984,0.5626406015727086,1.7817581019218245,3.784189633918261,3.8066624897703196,1.000088900581841e-12,-0.1357358007318901,2.2117473604466813,0.3188635415463586,0.14169837950217418,0.04113303172022174,0.12238164022643237,0.5191835756276215,-0.09367241791707519,-0.009897004301576551,5
sim00149,90,1.0,0.05555555555555555,0.19783548104794327,0.6629369587878542,0.2715523662875213,0.030614645682137388,91.0,0.46741913508687205,-0.0372117277864874,0.4538451504549669,1.8370464655115921,4.499809670330265,4.51085950651685,1.000088900581841e-12,0.08694917169078979,2.317133183106624,0.07528704580771423,0.100616736105853,0.3005284430616817,0.2320062580052581,0.21186698657603764,0.016337803598197437,-0.04146974209625474,5
sim00150,16,1.0,0.0,0.22872866834963698,0.5614801674713661,0.2526391723799399,0.06890730891464002,17.0,0.6237160217496664,-0.04201288864102794,0.4915012816527501,0.7777214501277359,2.772588722239781,2.833213344056216,1.000088900581841e-12,0.07367826253612031,1.473388700007711,-0.6244217008381813,0.3217941394232213,0.18618404558334162,0.3807786187964083,0.09604462719765049,-0.24038891129465767,-0.16267615044452038,3
sim00151,19,1.0,0.2631578947368421,0.396326908697035,0.2822827637053108,0.06678192991247674,0.021420826202424404,20.0,0.22474351683417432,0.07544193545997273,-0.20150120446452927,0.9984238763913338,2.9444389791664403,2.995732273553991,1.000088900581841e-12,-0.9589659347901035,1.8073700810902844,-0.9017879538021728,0.6601725985577168,0.051101437660565546,0.033456587422927855,0.2552693763438155,-0.3626376725549568,-0.2588385558271397,3
sim00152,100,1.0,0.06,0.2124947499101177,0.580501707902906,0.3423271421494101,0.03382822394674166,101.0,0.14024154154030222,-0.03637436723602825,-0.04138351206150149,1.087418745201034,4.605170185988092,4.61512051684126,1.000088900581841e-12,1.0435043945704316,2.2906988319357966,-0.1518685567650805,0.03780145624619608,0.04719810061488935,0.1537519423675939,0.31500283589405087,-0.15025645966700232,-0.07299487363740774,3
sim00153,57,1.0,0.14035087719298245,0.39148584350082066,0.2896078636562457,0.09474536044239865,0.018960914907660675,58.0,0.1978849973703965,-0.015487303550035305,-0.03432235587888335,1.1365649344399253,4.04305126783455,4.060443010546419,1.000088900581841e-12,-0.515989877534399,2.434238141115281,0.2879226862867852,0.13807656465608015,0.0729828596824264,0.06703629389980462,0.45353470617566793,0.04364646983098193,0.03386866087703374,3
sim00154,50,1.0,0.14,0.20614619300796008,0.5398332818456628,0.24984528835996633,0.045827027384886095,51.0,0.6770208435269365,0.05691213600146739,-0.04936493307750238,0.9656575085706423,3.912023005428146,3.9318256327243257,1.000088900581841e-12,0.13330730810824618,2.216055160155467,-0.05979247521921152,0.05098845293100613,0.17770700014111335,0.2533803654055327,0.43393171031891575,0.025100281885396022,-0.11223518281837971,3
sim00155,25,1.0,0.04,0.16865883080037725,0.6109544806835581,0.3777078867784763,0.09336455587972389,26.0,0.47137596018545774,-0.0008856089829355262,0.08610439687231301,0.8851064164272477,3.2188758248682006,3.258096538021482,1.000088900581841e-12,0.415942917573806,1.8212665000888404,0.44130009656127056,0.06002352876639002,0.05503952472159617,0.2662534518756308,0.35251161085648314,-0.13102497709183766,0.03737934100250692,3
sim00156,32,1.0,0.0625,0.18782902717647923,0.7262726845441915,0.1633294619453107,0.02261569972551353,33.0,0.6654264654350917,-0.004509326266999111,-0.15261929754085027,0.9022155469642271,3.4657359027997265,3.4965075614664802,1.000088900581841e-12,-0.30976014743539054,1.4886108460891623,-0.08634061117040005,0.1409383951553658,0.295435044684536,0.11344806319048346,0.4099976584911603,-0.23223601243619388,-0.3373052063910981,3
sim00157,53,1.0,0.09433962264150944,0.20382913548214893,0.6092446769589241,0.14116491406739987,0.013132319231865515,54.0,0.5674405314405956,0.011279955198762842,-0.26264104013457357,1.030894955352649,3.970291913552122,3.9889840465642745,1.000088900581841e-12,-0.5531716807055524,1.5954394118195359,-0.6111308375598269,0.29725322010149285,0.25188853466752237,0.1620042725720574,0.17210492772207445,-0.12759373220921347,-0.14805055048337612,3
sim00158,20,1.0,0.0,0.15106311605442527,0.4510771569170856,0.2866567277785445,0.053149010467572026,21.0,0.5344457962223013,-0.03692456532147782,0.2185399092848201,0.9167967603833108,2.995732273553991,3.044522437723423,1.000088900581841e-12,0.14158186134995934,1.3105463309477587,0.29852466607238126,0.08524931414009412,0.2135836407507402,0.10091055399870112,0.26573597340172284,-0.21468535120537172,-0.25640475297812265,3
sim00159,96,1.0,0.0625,0.22788760926175944,0.6788855074387256,0.37006232528856065,0.05890721154705044,97.0,0.22671682806812865,-0.026757542017694327,0.3446131988053444,1.2423660205493452,4.564348191467836,4.574710978503383,1.000088900581841e-12,0.7470796218310849,2.726640273341157,-0.17992118520850361,0.07670257660604028,0.11238936197646104,0.1491387486023528,0.4473336337694887,-0.05002424393859081,-0.03024491986418339,3
sim00160,75,1.0,0.16,0.3375164929890977,0.9609092400289876,0.21361837290161903,0.049307506179851135,76.0,0.23692121479826223,0.009086227013900678,0.3710043670239011,2.3095442317814943,4.31748811353631,4.330733340286331,1.000088900581841e-12,0.16685745586881573,2.851373318989954,-0.466785425439651,0.04133807809409598,0.025749407214226343,0.17133987800055764,0.729322357879862,-0.05906645279676047,0.03208841200326388,5
sim00161,22,1.0,0.18181818181818182,0.2918055151528112,0.7393250053661049,0.17202832352378558,0.05695232784732029,23.0,0.43090787955740334,0.047023880310812484,0.16044322189248061,1.3509863610442296,3.091042453358316,3.1354942159291497,1.000088900581841e-12,-0.3545222367095026,1.9855978826815088,-1.412286114566661,0.3011029935554107,0.5411921457371995,0.04562289582953701,0.11208048843786482,0.25463508820407066,0.18917622884700686,5
sim00162,51,1.0,0.21568627450980393,0.38097950859204033,0.4359264818286198,0.08280568073755172,0.012035786747889646,52.0,0.4261889656581792,0.05813976554115174,0.2635865818367446,0.9836544354064454,3.9318256327243257,3.9512437185814275,1.000088900581841e-12,-1.0829310169589426,2.0032134059674753,-0.7354354209566765,0.6018084948297243,0.10560814366626525,0.14343475315551915,0.11172294002437996,0.1611375278743838,0.045234053283134436,3
sim00163,37,1.0,0.02702702702702703,0.19494860447721676,0.5180830388903098,0.398760503337236,0.11032073602942571,38.0,0.33478840305680135,-0.024039794798389476,0.2781779293507346,1.3062925108609844,3.6109179126442243,3.6375861597263857,1.000088900581841e-12,0.582512392859198,2.3259488233813195,-0.0030874842596209096,0.061517705518214394,0.2125280972636517,0.09317423403550654,0.12882180184010752,-0.3594463233683962,-0.3128307038788634,3
sim00164,45,1.0,0.2,0.3672166818789053,0.3378471482070722,0.1796851858626938,0.04704388018094549,46.0,0.6764996100511697,0.0899944924629141,0.2667041964141113,0.9792044266827516,3.8066624897703196,3.828641396489095,1.000088900581841e-12,-0.1971705593211479,2.466536924337929,-0.2230298386790477,0.16715576885409897,0.06178406837336852,0.0694102666848808,0.11128598289184474,-0.2269488483125653,-0.008130401689904115,3
sim00165,80,1.0,0.2,0.32055519031801605,0.4802233181304848,0.09856913420956741,0.010373896003446027,81.0,0.5988427926295112,0.00815992585218581,-0.3290446164389286,1.3011916959525625,4.382026634673881,4.394449154672439,1.000088900581841e-12,-0.8908390516608078,2.1305611129768725,-0.31036631694246786,0.3880582811570112,0.10971253797106373,0.14954848452468425,0.3489758689011131,0.0033911680379513963,0.06598287323371832,3
sim00166,61,1.0,0.19672131147540983,0.27847723654102896,0.4574757328825594,0.10948922678607267,0.017180827704476695,62.0,0.7001728160303167,0.03851500774617896,-0.32198039267583684,1.1208884572362783,4.110873864173311,4.127134385045092,1.000088900581841e-12,-0.6509520019685652,2.258841798543549,-0.056961971418030166,0.1377659290836953,0.268046943585484,0.349414081800901,0.24080877062437397,0.03695510634998673,0.08890434609936275,3
sim00167,45,1.0,0.7333333333333333,0.4726412842589281,0.2002739592066321,0.014192342778618248,0.0077519298626423615,46.0,0.2003739592066321,0.15021815320909124,-0.7234005136718904,1.7527177357879185,3.8066624897703196,3.828641396489095,1.000088900581841e-12,-2.423871728791345,3.201901735407224,-2.8959724134371676,0.9840247953008033,0.013774375378851938,0.0021678794402383425,3.2949809645877996e-05,0.14794711450044176,-0.13504371331133497,5
sim00168,92,1.0,0.25,0.3324374273498842,0.37472078378662355,0.08898901658692963,0.011635392458141306,93.0,0.08562280541902689,0.06046711054739509,-0.17641850506492202,1.02561516656908,4.5217885770490405,4.532599493153256,1.000088900581841e-12,0.12807339399034115,2.487327150129899,-0.44466796256925334,0.16011901838986742,0.24389350542417126,0.2986014126161142,0.2906840552399987,0.054153786523441175,0.037302375871959045,3
sim00169,38,1.0,0.7105263157894737,0.4718078349226494,0.14565759815949986,0.005390670393686109,0.001242748201330235,39.0,0.8607071368655435,0.13008120205096688,-0.944051882508109,1.192022671154825,3.6375861597263857,3.6635616461296463,1.000088900581841e-12,-3.101907915592762,2.170241617649162,-5.289975027834174,0.7291660892351727,0.2648059372135791,0.006027430042414001,5.433233283609198e-07,0.2806646003620483,0.048662012295862936,7
sim00170,26,1.0,0.038461538461538464,0.20034498362256722,0.6706947716536573,0.2536956396666369,0.05652696982170883,27.0,0.6718853230512248,-0.02740471600842707,0.3004510392748438,0.7577319934243876,3.258096538021482,3.295836866004329,1.000088900581841e-12,0.14043971060993185,1.7566791246836027,-0.4993772447429342,0.17948757447423355,0.2363785364808763,0.22246378299911918,0.3542285393311948,0.19307210090498766,0.12109652895034499,3
sim00171,9,1.0,0.0,0.21978097416216816,0.6552643681507719,0.12930182075715968,0.0861892075518229,10.0,0.7348319074748383,-0.03146788547291868,-0.5242302978352255,1.128600440534337,2.1972245773362196,2.302585092994046,1.000088900581841e-12,-0.4101010657439734,1.7916201773671072,-1.7699301498428421,0.017913126745484072,0.1469871351487035,0.7913509161400302,0.029954352797444374,-0.06731663449695811,-0.22632984012435362,5
sim00172,76,1.0,0.23684210526315788,0.28555859635080383,0.492683089499741,0.13543970723102472,0.01905305118685024,77.0,0.33645028577160835,0.031006445787773965,-0.16187607436317794,1.0388805757284398,4.330733340286331,4.343805421853684,1.000088900581841e-12,-0.4997723220257508,2.3694340196049795,-0.6360594221386787,0.2347081024075216,0.19440722915837336,0.4751354523004073,0.09496030920307881,0.04365160246511022,0.04863577908243846,3
sim00173,76,1.0,0.8421052631578947,0.4889246912665679,0.057300069280136326,0.0021379581341758004,0.0007925695203946315,77.0,0.027835695366034453,0.11136069565862672,-0.8210106704049334,2.845067519697666,4.330733340286331,4.343805421853684,1.000088900581841e-12,-2.5382375208487087,3.338407021176262,-9.25061654505535,0.7206262445891701,0.27914627587130925,0.00022074374434615827,6.735327438456957e-06,0.0011970702941540093,0.06000766659707578,1
sim00174,67,1.0,0.5671641791044776,0.42496216334059306,0.24430580411627334,0.026317454641922033,0.005907605208994631,68.0,0.8174180242280652,0.07860593807559024,-0.8423711392380262,1.5978277601921302,4.204692619390966,4.219507705176107,1.000088900581841e-12,-1.7353622033917826,2.710700762681747,-5.006356786189561,0.37689953967154893,0.5949511511383518,0.028149309152101686,0.0,-0.14599892167259426,0.03542544181448484,7
sim00175,84,1.0,0.2261904761904762,0.38534663992087265,0.379183615761162,0.07794297952283173,0.013959952548954248,85.0,0.8048795879381432,0.02179014908881651,-0.06756855607814584,1.021114650423052,4.430816798843313,4.442651256490317,1.000088900581841e-12,-0.7005767451872211,2.7110319684966266,-0.1721807806480164,0.22142892310892265,0.20833139808351012,0.5224861333764916,0.03369283120760204,0.26165100015565373,0.05973760199983788,3
sim00176,86,1.0,0.2441860465116279,0.3537683970644102,0.3961805930633607,0.07856400154495292,0.005385589036698795,87.0,0.2546754572912861,0.07872497963454836,-0.3378581871529799,0.9840352156612362,4.454347296253507,4.465908118654584,1.000088900581841e-12,-0.8821408914789747,1.7741603857755508,-0.46239602338234803,0.19865686272497693,0.08893632332128718,0.4162189681449721,0.24794638196127874,-0.02380597856275892,-0.0484361192507501,3
sim00177,67,1.0,0.14925373134328357,0.13775847102587738,0.664464781263677,0.18829054390606043,0.018949968885378907,68.0,0.5076049410856871,0.026766955503207908,-0.29768052650251,1.0173568241718678,4.204692619390966,4.219507705176107,1.000088900581841e-12,-0.28324333441633076,1.9085086925168857,-0.6114292979889733,0.3191323459687651,0.07734801028275266,0.21826564363629858,0.28249059490552414,0.18658991209113107,0.08391617844951155,3
sim00178,41,1.0,0.4634146341463415,0.39637966537434194,0.7094002133992149,0.07211876189469464,0.029432158886860054,42.0,0.3750446865823649,0.07333964842955112,0.07060702326907364,1.1576556857080684,3.713572066704308,3.7376696182833684,1.000088900581841e-12,-1.1786558218544019,2.8173457515038987,-0.6768784629904284,0.7772047449064423,0.20472389218666814,0.004874719249130023,0.012994566975813103,0.5131559102780103,0.17975236840393782,3
sim00179,101,1.0,0.9108910891089109,0.4892772622309981,0.08157601291513115,0.0024012290463736046,0.0006483008019246878,102.0,0.06831565462213958,0.12182984850156194,-0.9603079818000122,2.7160220727838005,4.61512051684126,4.624972813284271,1.000088900581841e-12,-3.277397027940899,3.3057392775556855,-20.42683465213878,0.9130885289704362,0.0862699201808218,0.0006415504322886162,0.0,0.04547552820886701,-0.15457857288032875,1
sim00180,13,1.0,0.8461538461538461,0.49304667077269543,0.04592483709188292,0.0007803344004724069,0.0004971466558724806,14.0,0.046024837091882924,0.31237447984621974,-1.5759547627109387,1.3937806902684986,2.5649493574615367,2.6390573296152584,1.000088900581841e-12,-4.030096276354424,2.1141118612558474,-19.63281888815742,0.9790732554952516,0.020843338015898563,8.340520734797668e-05,0.0,0.8192233041756992,0.48455557898024504,1
sim00181,80,1.0,0.1,0.27248527418004875,0.9105220314108091,0.3546994977599869,0.06547027769560083,81.0,0.4141719153694361,-0.016869166420989852,0.01752642271014213,1.3944670741332783,4.382026634673881,4.394449154672439,1.000088900581841e-12,0.37971870705792304,2.692351952656425,0.1921329894574159,0.094628253964203,0.035181255331391596,0.013360912144582356,0.10742494277481317,-0.12233771021382552,-0.115296881149036,3
sim00182,57,1.0,0.631578947368421,0.4314502488204175,0.5206851829389002,0.04633561789116145,0.01373766041356351,58.0,0.5207851829389002,0.06793499424480301,-0.08052006406380714,1.3366658040792108,4.04305126783455,4.060443010546419,1.000088900581841e-12,-1.6838203773957812,2.827281313144723,-2.311955761202882,0.9318034544262757,0.06234579807352003,0.005807693410580209,4.305406804255567e-05,0.39376651881199165,0.062067880117742696,5
sim00183,90,1.0,0.06666666666666667,0.1696750737342955,0.6932496327605513,0.3301105548016696,0.027650103020321812,91.0,0.4267724485653013,-0.012935376915783782,0.1450425140442457,0.9916852639441842,4.499809670330265,4.51085950651685,1.000088900581841e-12,0.2996491672404615,2.020011511019592,-0.026859489064271047,0.127564255836284,0.11470365530789645,0.2811444972734644,0.31483069614707043,0.01781658534883133,0.0070396096513768965,3
sim00184,61,1.0,0.09836065573770492,0.2927522270347309,0.9452171838137304,0.5264625097604541,0.0840292510090977,62.0,0.3311753347275467,-0.006570476132193327,0.4249298541275685,1.0375678599541556,4.110873864173311,4.127134385045092,1.000088900581841e-12,0.8657655132050155,2.27585870608886,0.1794850141859582,0.03722400866609993,0.015895649946585988,0.03247536699050946,0.30431244989533063,0.023646030548039196,-0.18721632688977471,3
sim00185,98,1.0,0.19387755102040816,0.3557255639517227,0.5571324920915945,0.28055654331944324,0.05881194335835618,99.0,0.1340503281135519,0.04346737100028885,0.13080694172822505,1.3100082917260745,4.584967478670572,4.59511985013459,1.000088900581841e-12,0.882488460443355,3.0225371458468917,-0.08664544421056508,0.02773048687385688,0.05253389968858431,0.03125179811597706,0.19303117949009255,-0.05589757683120053,-0.019378722909861486,3
sim00186,15,1.0,0.0,0.2766542323092429,0.440017850870582,0.2269733148591358,0.11038221296255793,16.0,0.6755263886573751,-0.051071698328151796,0.665557191365809,1.1514321473127884,2.70805020110221,2.772588722239781,1.000088900581841e-12,0.03489130000004115,1.987166752553698,1.2433017286585337,0.22231655130244762,0.05756836149662811,0.053789807938907724,0.5592166916025819,-0.18839597427616844,-0.05552427657832222,5
sim00187,87,1.0,0.21839080459770116,0.25616493089948866,0.88257716370415,0.21363670457037134,0.030278297371065407,88.0,0.6217238966326777,0.04696305787468676,-0.1424250844439824,1.0162553775303,4.465908118654584,4.477336814478207,1.000088900581841e-12,-0.09608825008927484,2.5120623855795614,0.003306751659698487,0.08840379660056166,0.15470411045011856,0.18422852027344452,0.5682498559991304,0.3095341409785355,0.20175984469636576,3
sim00188,47,1.0,0.6170212765957447,0.47475026114571883,0.1292912833816543,0.013960637495415927,0.004825653479277027,48.0,0.9028404185588299,0.08724175599213131,-0.19761827561770723,2.1990405093450023,3.8501476017100584,3.871201010907891,1.000088900581841e-12,-1.837903569162291,2.787851998138261,-7.70029451829589,0.9163085688176672,0.07182332100408913,0.011868110106613552,0.0,-0.5449760222834247,-0.47030132510071837,1
sim00189,37,1.0,0.5675675675675675,0.4326428288920583,0.29109511420098305,0.026931430196226597,0.010310010807468977,38.0,0.2148211547237205,0.1477553740558616,-0.30477602049361,2.0787164393705644,3.6109179126442243,3.6375861597263857,1.000088900581841e-12,-1.8346680713301249,2.6507392443156497,-2.7436724283168936,0.789853600412245,0.17984919163494223,0.030255278782047323,3.9797478003944815e-05,0.3704630722724312,0.09912473287625789,5
sim00190,26,1.0,0.15384615384615385,0.3135998029870836,0.36988206287496306,0.0919573243489383,0.025184535148226436,27.0,0.8215843709955056,0.054865151049862844,-0.24899022155744582,1.0925091820279293,3.258096538021482,3.295836866004329,1.000088900581841e-12,-0.466270575981497,1.9630020556625505,-0.1552937045178673,0.10634296551994406,0.07947988542211609,0.5675125818791382,0.20376384597215091,0.21960187747778123,-0.022156093141487573,3
sim00191,40,1.0,0.175,0.30184414635649737,0.4883296988359876,0.0837744066569557,0.017350676861668562,41.0,0.314341011722413,0.02927586843567182,-0.26873024449739247,0.9643163991386492,3.6888794541139363,3.713572066704308,1.000088900581841e-12,-0.9449759936887111,2.1143834205064986,0.004295242441569869,0.33793815239656094,0.29188622366504946,0.2176928436067326,0.1449454998608319,0.2373964455993505,0.2084943136257978,3
sim00192,17,1.0,0.0,0.17670986733157465,0.6480350949183551,0.25760272967471587,0.04888071389540744,18.0,0.5504060731530777,-0.04404977570398791,0.510179890880571,0.9522978416944531,2.833213344056216,2.8903717578961645,1.000088900581841e-12,0.04017275850389087,1.1711776730915016,-0.6551188078322916,0.20433574276342104,0.18885683074455065,0.09098775431833885,0.3255617499478495,0.20731170328233375,0.05512291197522063,3
sim00193,75,1.0,0.09333333333333334,0.14494007743075019,0.7178584129335337,0.3169836124407617,0.02915099403932254,76.0,0.30681467047726674,0.02689803481597643,-0.006234831122531677,0.9609042352181391,4.31748811353631,4.330733340286331,1.000088900581841e-12,0.3990640754733434,1.9311270496129425,-0.4036596562384305,0.12134144075556244,0.1623525905100662,0.12432125653480747,0.31580691434866437,0.17686596195082968,0.09785756142875429,3
sim00194,114,1.0,0.42105263157894735,0.40425388340934065,0.30000630845179044,0.047819557479653954,0.005862586380227101,115.0,0.8416942424677234,0.058662762315125974,-0.22579157501703992,1.3649852730944216,4.736198448394496,4.74493212836325,1.000088900581841e-12,-1.0247551659699985,2.6373546061006006,-0.7281311703466626,0.5090598518155047,0.21607540384596013,0.09616911690444188,0.1783922025738673,0.05175653094012112,0.09131996898634484,3
sim00195,81,1.0,0.2716049382716049,0.37075591977116795,0.38409129279400633,0.07279420298312944,0.01101588671291133,82.0,0.6718226611554242,0.03310057610528355,-0.20908226267993382,1.166302479227817,4.394449154672439,4.406719247264253,1.000088900581841e-12,-1.1081569364206285,2.5061513084766385,-0.4371312722118356,0.1268891507847304,0.22119288097872725,0.5535840794760644,0.09762175105167079,0.05127048935023607,0.03553462297870821,3
sim00196,44,1.0,0.5,0.4010567223276038,0.3552025478812181,0.034388700177697094,0.007253128600926002,45.0,0.6801459720965449,0.11264887273920925,-0.749399868969092,1.193843819261549,3.784189633918261,3.8066624897703196,1.000088900581841e-12,-1.844688862681912,2.2278945125121923,-1.8014029053078484,0.7004976319362961,0.23701346931913317,0.062342986761091575,0.00014591195439979396,-0.06037123753973623,0.09481760835576203,5
sim00197,64,1.0,0.203125,0.32910619182502826,0.3512875809721796,0.11734405660464414,0.01791907064642419,65.0,0.7378707415129857,0.040264926507014534,0.2307038380944532,1.8059887137569117,4.1588830833596715,4.174387269895637,1.000088900581841e-12,-0.49974084410907854,2.2796383535524765,-0.5090865684233896,0.1180699462244656,0.24953765082375076,0.4652536916440132,0.16074314210673743,-0.21699699614660642,-0.2151126367675942,5
sim00198,117,1.0,0.811965811965812,0.45992135923487426,0.32919427988079697,0.013141666279747524,0.0033100499108822457,118.0,0.7190477045247947,0.088206339138838,-0.9215716197419802,1.70729971514403,4.762173934797756,4.770684624465665,1.000088900581841e-12,-2.7325694980925688,3.3833493795497365,-3.3667234925443763,0.9476522635917064,0.05024181462532994,0.002098020269495622,7.90143737412973e-06,0.3750347918289048,0.12084466339944061,7
sim00199,94,1.0,0.7021276595744681,0.4415336572777442,0.35222420030752044,0.027254842988192727,0.0060429946323929985,95.0,0.3039537039683692,0.04705028463906312,-0.7578359722868007,1.5315417631532502,4.543294782270004,4.553876891600541,1.000088900581841e-12,-2.0493050669707196,3.0369632384746024,-3.513270894911416,0.9441901727532839,0.053794772570298535,0.002002149302410586,1.290533731636221e-05,0.3495816774367828,0.15765242757834247,7
sim00200,40,1.0,0.5,0.4069706872989694,0.3826823268142422,0.030617462350982786,0.007394991538011796,41.0,0.37755666193424153,0.1578830185429636,-0.607712945025447,1.058460171601568,3.6888794541139363,3.713572066704308,1.000088900581841e-12,-2.038047466006753,2.2681118935639977,-1.561598386784204,0.7156058879709114,0.26810042317269467,0.013376566270773734,0.0026961423395089356,-0.2141431226438188,-0.23045146182622003,5
sim00201,38,1.0,0.18421052631578946,0.2630603922291596,0.6689492039497204,0.09154101947237049,0.017432843792949713,39.0,0.66919116080515,0.07960254733158505,-0.4919104885136294,1.0923698178733376,3.6375861597263857,3.6635616461296463,1.000088900581841e-12,-0.8830679928219888,1.9791549885973605,-0.9046297679388604,0.4345877059197679,0.3387865162842257,0.1450998603394523,0.07001578344824985,-0.08190988790348379,-0.01109573491116722,3
sim00202,100,1.0,0.77,0.47660403805925056,0.10619498910966829,0.003965751555774332,0.0009576222177402073,101.0,0.8937050108903317,0.15656472479999928,-0.9815717169139377,1.5979021197978185,4.605170185988092,4.61512051684126,1.000088900581841e-12,-3.1761432365422597,3.1841728536829845,-1.5845224537279048,0.7454447670591862,0.1289602573147258,0.11994180572429794,0.0028576793931018025,-0.0254692998314643,-0.06722085620377792,5
sim00203,67,1.0,0.1791044776119403,0.22442360084471008,0.6787765236623939,0.22187466130241107,0.037791281489245716,68.0,0.5293810253748563,0.05487779081447946,-0.002974676946952391,1.252196140550818,4.204692619390966,4.219507705176107,1.000088900581841e-12,-0.1158893302596392,2.434658413000733,-0.42343612696292954,0.13729666809109525,0.16466716822965605,0.40284377151200057,0.2878378539601191,-0.1664210623331464,-0.1529619169579329,3
sim00204,76,1.0,0.06578947368421052,0.22015898272542983,0.6017333246633132,0.18739486234802544,0.033239329107023936,77.0,0.3841176932078389,-0.010436868577076711,-0.16628446212841982,1.2691532797378573,4.330733340286331,4.343805421853684,1.000088900581841e-12,-0.233031650254329,2.601249172395471,-0.7429383182704061,0.1464846267873336,0.21697946254762154,0.4316939360960848,0.10798654650613279,-0.09206280552352458,-0.08229438892259563,3
sim00205,103,1.0,0.5533980582524272,0.43888997128564217,0.26071449138510927,0.02757888876927505,0.00523933458320254,104.0,0.9045869366079966,0.07257355129611398,-0.2858586566979276,1.8068543711549023,4.634728988229636,4.6443908991413725,1.000088900581841e-12,-1.1408880583984404,2.973872906642463,-0.8529238018788786,0.2118245122704934,0.5683652305672975,0.20840287731871174,0.011316055705175184,0.15301726545910244,0.05961519326765894,5
sim00206,61,1.0,0.32786885245901637,0.3577570952254076,0.4574965752881482,0.09795883233214071,0.025747415371823762,62.0,0.4575965752881482,0.05468241784815808,0.14469612783433256,1.176725316275425,4.110873864173311,4.127134385045092,1.000088900581841e-12,-0.9296954154096658,2.7746607995821027,-0.17234183945070353,0.5405635588064789,0.25097056595809153,0.06146335912767356,0.14228016265027219,0.012026796367671625,0.16210096772425014,3
sim00207,63,1.0,0.746031746031746,0.48268707556143114,0.14485435945845482,0.005410998563337242,0.002458884939242103,64.0,0.8550456405415452,0.07986543463616465,-0.48784175820270625,1.321600964004598,4.143134726391533,4.1588830833596715,1.000088900581841e-12,-3.1313848464677956,3.354409032454983,-1.4049336915624973,0.7929574287787304,0.16969614377565892,0.03568709814023513,0.001659329120566718,0.2849617986401971,0.032804638808219495,5
sim00208,58,1.0,0.3620689655172414,0.44619903710305747,0.18249779005927114,0.022143660094696923,0.004209282303392995,59.0,0.8815273175016918,0.06583107040253694,0.13120477450102766,1.6820152771399108,4.060443010546419,4.07753744390572,1.000088900581841e-12,-1.5510318891436718,2.4001839375255654,-0.05220095741673354,0.25005849656808915,0.08596756250995014,0.4224410377827665,0.23186692102849035,-0.05611230822419003,-0.1083963353874082,5
sim00209,116,1.0,0.27586206896551724,0.20396842967931617,0.774769094151314,0.20091693622409154,0.01351816454854405,117.0,0.32913153763180825,0.12520291832521788,-0.17195043636058338,1.1087315903014812,4.7535901911063645,4.762173934797756,1.000088900581841e-12,-0.09438371779738657,2.054732923727815,-0.07620272779460827,0.1614895958347171,0.08905858527141133,0.29446025602688103,0.41689987815974566,0.017157576765282533,-0.01995027278869857,3
sim00210,99,1.0,0.1111111111111111,0.2496521865162058,0.5482593694881863,0.1490799205013894,0.009964607611136428,100.0,0.3773764101985093,-0.017327104992106823,-0.12747006933179536,1.0270100304238574,4.59511985013459,4.605170185988092,1.000088900581841e-12,-0.4549474510150408,1.8896768844060148,-0.5337736826372883,0.13752506036488074,0.35758304238631444,0.31353977074695044,0.14957074619001992,-0.08709965387519614,-0.0803171908562434,3
sim00211,110,1.0,0.15454545454545454,0.2517203492501783,0.8784963089974058,0.20819213906526587,0.022111563962679045,111.0,0.5096618276742694,0.025767598446860145,-0.2914839651223199,1.0191593351839292,4.700480365792417,4.709530201312334,1.000088900581841e-12,-0.1826260456558231,2.4581196943949193,-0.009450659850342269,0.131938664548019,0.04625745794702397,0.09629883566819299,0.2886107655552589,0.09171068995149434,0.017829807683918474,3
sim00212,29,1.0,0.27586206896551724,0.31255491820331294,0.39680388970387553,0.09932362523410364,0.02648611205675984,30.0,0.3112489174602948,0.07279865740514271,-0.3720932503369945,0.8314108048569373,3.367295829986474,3.4011973816621555,1.000088900581841e-12,-0.7693341624389148,2.0455328915016104,-0.8364383933683744,0.2507278096148125,0.25922973329369015,0.4125848909085016,0.07745756617292764,-0.19800411550130936,-0.1971012074154776,3
sim00213,94,1.0,0.05319148936170213,0.15475996369704978,0.6208476116482318,0.7021962225890332,0.15247507559482903,95.0,0.2999259976401586,-0.021266108387151005,0.02222605728087513,0.8231453095852757,4.543294782270004,4.553876891600541,1.000088900581841e-12,1.2072463464971166,3.016083041785016,0.04390469283420705,0.037589648524583276,0.06275744768673096,0.07525548654983165,0.08021061304561419,-0.010407521494451488,-0.008224756999071813,3
sim00214,99,1.0,0.13131313131313133,0.22995631610914924,0.6080804545315169,0.3533672535576169,0.05979419540570245,100.0,0.4833800377684502,0.03143243643984236,-0.04052637101688123,1.391015496900356,4.59511985013459,4.605170185988092,1.000088900581841e-12,0.3471524800236842,2.8185205448571766,0.2705966171631,0.09696117806456986,0.07812159851214248,0.029340296777673237,0.2764585450353631,-0.06167004316191618,0.021384694014945384,3
sim00215,78,1.0,0.4358974358974359,0.39864014917727053,0.2984771394386053,0.042847509828157125,0.005740526611701952,79.0,0.21824876804655258,0.099504043958538,-0.47326766758895855,1.3270208628017461,4.356708826689592,4.3694478524670215,1.000088900581841e-12,-1.3817693135835416,2.346612245705723,-0.984004581766549,0.4045847892321392,0.3614002020900236,0.22275167111689326,0.011217209332993033,0.23817078935908897,0.2628174109491493,5
sim00216,17,1.0,0.0,0.28911285553644817,0.8901488164887581,0.19128446564859233,0.052236069868236014,18.0,0.24772933959618693,-0.056605795115241636,0.08281712354126386,1.0312177741419755,2.833213344056216,2.8903717578961645,1.000088900581841e-12,0.02608399046209225,1.5352249248812846,-0.4674453497353455,0.047113223928293944,0.08262428571437055,0.20545487552416053,0.6611066226654324,0.013284970643108617,0.17220331442318734,3
sim00217,64,1.0,0.078125,0.19591725074080707,0.8877210857586982,0.2627418571167938,0.042858524764612,65.0,0.5195510603838094,0.003919099624820874,-0.0011971437533986572,0.9495546701152537,4.1588830833596715,4.174387269895637,1.000088900581841e-12,0.05124124634709102,2.345615634443469,-0.5794601252580647,0.189085284196655,0.07338810478713288,0.16559395035077246,0.3470797706425224,-0.01803729148498851,-0.10751178171472107,3
sim00218,49,1.0,0.6122448979591837,0.4523403464868002,0.3092579008319084,0.02670270412969765,0.006270221566915077,50.0,0.6906420991680916,0.15067298870992024,-0.4837637668140946,1.4121083440171671,3.8918202981106265,3.912023005428146,1.000088900581841e-12,-2.0796004875746332,2.442867149537834,-0.3911252605963364,0.941507563392055,0.039358759474969,0.013656717346963013,0.005476959748563584,-0.1323152770876483,-0.19189671343276593,5
sim00219,48,1.0,0.041666666666666664,0.19421429556447053,0.7388415183522857,0.28688363940934875,0.03794677320896314,49.0,0.2971441901956959,-0.020809297726665333,0.10596888844162491,1.0856069589712605,3.871201010907891,3.8918202981106265,1.000088900581841e-12,0.31746270125547116,1.8483087876122408,0.6262097751283623,0.07391380387260882,0.11995421332807815,0.1292869153315222,0.3659942715166733,0.34645548407876764,0.2387218894397027,3
sim00220,118,1.0,0.7372881355932204,0.4662063324030259,0.18346832985366163,0.012897601394379754,0.002049700646805763,119.0,0.12992438166392373,0.04248956318521069,-0.7675233198169764,1.6445874775886,4.770684624465665,4.77912349311153,1.000088900581841e-12,-2.1707360924957446,2.9313370166848736,-4.934991296445408,0.8710372379881763,0.12827064837932364,0.000594525499725829,9.758805524031299e-05,0.037908777045463825,0.08268014863574555,7
sim00221,60,1.0,0.13333333333333333,0.2393966897959262,0.743404210020426,0.23614009129370467,0.023831546493497866,61.0,0.7016091857915945,0.02430984731632309,0.2839513078561114,1.4254191189460583,4.0943445622221,4.110873864173311,1.000088900581841e-12,0.12039989709131599,1.8009295118431987,0.429712132872232,0.19390317778800983,0.14498428861305826,0.14069169754428595,0.43842881762938385,-0.019199229953611365,-0.10394391983580734,5
sim00222,19,1.0,0.10526315789473684,0.09740832015963743,0.33765797087154914,0.24562263848496396,0.13737317708421076,20.0,0.6044017501570188,0.07194175559791878,-0.5686816763020645,0.8946735157741975,2.9444389791664403,2.995732273553991,1.000088900581841e-12,0.026913345479487146,2.363343753832701,-0.6200311810846272,0.050325853326391175,0.20115252142914372,0.07732976462659816,0.11105802942527784,-0.11731466382606938,-0.18333735100264914,3
sim00223,59,1.0,0.4576271186440678,0.38009764110452715,0.4755124007399925,0.04865536807102907,0.009653438506779024,60.0,0.37079756298481936,0.09468130190834813,-0.5007214714845937,1.1577935339764553,4.07753744390572,4.0943445622221,1.000088900581841e-12,-1.5675918835654472,2.460089473463835,-1.0552721563489986,0.5941366922271082,0.3260694721907998,0.07290410962009086,0.00687889639989656,-0.022712560436485358,0.07710191460903121,3
sim00224,29,1.0,0.3793103448275862,0.3958491757025608,0.32974641573127816,0.024992044394958716,0.006369438734611555,30.0,0.6701535842687218,0.11698876431891281,0.2709704227422763,2.5737650427113223,3.367295829986474,3.4011973816621555,1.000088900581841e-12,-2.1798212265777033,2.000249633926694,1.4141658789279505,0.46254201212278434,0.35067095646147745,0.1535403227730541,0.03324231102357407,-0.1908933710123218,-0.3248252426502195,5
sim00225,25,1.0,0.2,0.3142835527657485,0.5278736560582798,0.09520206317859117,0.024094149722584838,26.0,0.4097278140039453,0.11960506170896654,-0.39881869439283313,1.020360657381911,3.2188758248682006,3.258096538021482,1.000088900581841e-12,-0.9323199410776405,1.8448432719684165,-0.6312918229570368,0.3733750479355523,0.2951722363020674,0.011184417199834292,0.12540899776755812,-0.2515583127646198,-0.1952385222435786,5
sim00226,62,1.0,0.0967741935483871,0.22201146056824786,0.6139501938524261,0.19884445077372317,0.04016793871490376,63.0,0.46156667799544066,0.013177766866117645,-0.10819027234724346,1.0933379207274005,4.127134385045092,4.143134726391533,1.000088900581841e-12,-0.2230120480949397,2.5276806531000395,0.41378017090759744,0.12545262765182338,0.1030414736744026,0.2436513432820448,0.1504593055454927,-0.1387279830301592,-0.13777820154775916,3
sim00227,113,1.0,0.21238938053097345,0.37909082340938344,0.27743247763116935,0.0658392125623046,0.004972964266375877,114.0,0.18851752191032561,0.008225169166205283,-0.19351554490686798,1.0703043705977695,4.727387818712341,4.736198448394496,1.000088900581841e-12,-0.8430828762978833,2.144188314947739,-0.2429087241141974,0.21618818801711612,0.10119052559661842,0.28317712367250164,0.3208528200643674,0.0627380608104772,0.015527205479321026,3
sim00228,17,1.0,0.8235294117647058,0.4862993456265135,0.08600602505515786,0.0023312805291089275,0.0012009357259251416,18.0,0.9136628545821253,0.2941543706062106,-1.373445273130573,1.489423193859167,2.833213344056216,2.8903717578961645,1.000088900581841e-12,-3.5215485834905462,2.1698966622105202,-2.6363977491905737,0.9858084149596554,0.009058125366067588,0.0016007722967454128,0.002285578467706745,0.23635549314578705,0.2619225494266494,7
sim00229,17,1.0,0.0,0.29643792670451413,0.6066409810259766,0.3349968216145382,0.13367035785403922,18.0,0.7757840636706617,-0.05163044730845433,0.6139722744892302,2.0266264466544563,2.833213344056216,2.8903717578961645,1.000088900581841e-12,0.6553925210736289,1.9144690530759891,1.6349018120520915,0.021720888223739087,0.043015941404601056,0.05531169600749816,0.5239327724746679,0.2413771286639769,0.08715717835387496,5
sim00230,64,1.0,0.234375,0.27113987740740425,0.7537969473136439,0.1891818059500737,0.044379399945593694,65.0,0.6482334689454803,0.06744246936075993,-0.0013810797117539996,1.5054389250488847,4.1588830833596715,4.174387269895637,1.000088900581841e-12,-0.18675484661463387,2.708949990688366,-0.3683118017055017,0.211276256489581,0.19123688489918966,0.5611092312586061,0.030322907017911793,0.15295221982854537,0.05839606147009878,3
sim00231,103,1.0,0.2912621359223301,0.2843774319850189,0.45912749302007216,0.07635220371011327,0.009168994116092264,104.0,0.6399156611967408,0.05663383492021105,-0.5577714507866552,1.3298985461297164,4.634728988229636,4.6443908991413725,1.000088900581841e-12,-1.1045624932538585,2.515199679828862,-0.20838917769201826,0.26722801324074996,0.3357182810757837,0.3086607891066807,0.08641415907803028,-0.0034388787006775275,-0.03719688372604516,3
sim00232,116,1.0,0.7672413793103449,0.4763997707508794,0.17654661735816535,0.006513451865457966,0.001179528702609593,117.0,0.8233533826418347,0.051441936239430226,-0.43656991532643724,1.6513101008449302,4.7535901911063645,4.762173934797756,1.000088900581841e-12,-3.1059118815391358,3.0448355721086395,-2.340305765312779,0.7897833693800026,0.19187214174513575,0.018197936134985996,0.0001465525863470868,0.07887119731996753,-0.060167205762435505,5
sim00233,38,1.0,0.3684210526315789,0.3614180537957884,0.48229172679267235,0.07706140135661517,0.018276511033237283,39.0,0.4712200320522142,0.12857048596443474,0.03603407183929178,1.8718926042819364,3.6375861597263857,3.6635616461296463,1.000088900581841e-12,-1.1735397467122204,2.198600320284167,-1.382622283253247,0.4957395876889115,0.3272298295812276,0.16944109269583338,0.0075868190154578345,-0.38259459674803104,-0.40578269989511895,5
sim00234,55,1.0,0.7454545454545455,0.48307553742216386,0.07004208158761449,0.0044835843199922225,0.001224844547479394,56.0,0.9512610741619172,0.12634960058812553,-0.7601020666432722,1.8106828960324057,4.007333185232471,4.02535169073515,1.000088900581841e-12,-2.336088482994714,2.7097243117421153,-6.308198863918715,0.6293552143771671,0.36849296891737604,0.002151816482420925,0.0,-0.15373611493258532,-0.08039848627772525,7
sim00235,55,1.0,0.38181818181818183,0.43722374343906495,0.1570470537160804,0.02059361617738436,0.004539608093154385,56.0,0.8421635033949466,0.041131040746745395,-0.4422016285803991,1.4101725599267978,4.007333185232471,4.02535169073515,1.000088900581841e-12,-1.8647974330611659,2.4951927345488363,0.09410376761493289,0.35413858000064585,0.17747712643787833,0.43926500965221377,0.003399194082155782,-0.11093406144203503,-0.07035375126037108,3
sim00236,39,1.0,0.05128205128205128,0.1435550450984107,0.6733326218206648,0.6847615618607215,0.23522853220847556,40.0,0.26152448680683726,0.002416668036219649,0.24260814115725116,1.6339613030980138,3.6635616461296463,3.6888794541139363,1.000088900581841e-12,1.265710108921364,2.5950484723623237,0.9965716724986821,0.022624675586178287,0.02038104356027474,0.11947852504684366,0.11998644645149271,-0.47116251237317164,-0.17090103658797792,5
sim00237,104,1.0,0.20192307692307693,0.20469710458985999,0.7056320080971934,0.20156376315302874,0.02437994780684247,105.0,0.46172719532859646,0.05435100660183213,-0.024690841013258722,1.2644925865730063,4.6443908991413725,4.653960350157523,1.000088900581841e-12,-0.20947868113926424,2.532046108122476,-0.7918433168947883,0.12710971270757426,0.3090025380385161,0.38503580092296286,0.15616694134931886,-0.050617175316783156,-0.05734442308377025,3
sim00238,26,1.0,0.07692307692307693,0.30329494221855674,0.502774596097375,0.06078115092745999,0.018715017921072538,27.0,0.5097439948813889,-0.04414240592451042,1.1477735721214088,2.7950161234502304,3.258096538021482,3.295836866004329,1.000088900581841e-12,-1.4138013407031924,2.080143113314841,2.436500992064376,0.14404367502101897,0.450519850665856,0.1813765416389606,0.05662253290652101,-0.01943128945274139,-0.08844010783477062,5
sim00239,77,1.0,0.16883116883116883,0.2885377048473949,0.8682061030866555,0.45713100476487417,0.13216184783011015,78.0,0.18733342586410673,0.06958015255612801,0.4240553139366207,2.132099240210965,4.343805421853684,4.356708826689592,1.000088900581841e-12,1.0995143286229103,3.102862700813539,1.0320763386027871,0.008520950927921048,0.047071768569868055,0.11508124719960049,0.0914948424866927,-0.3981502499005699,-0.02321598039261864,5
sim00240,73,1.0,0.0547945205479452,0.2108409071372735,0.5297081512728796,0.7260000861960867,0.27847739835336455,74.0,0.23909745806225058,-0.019818323310096534,0.4100296141677757,2.4559746051582376,4.290459441148391,4.30406509320417,1.000088900581841e-12,1.3839288855212615,3.332246208648267,0.578647959017245,0.015559024444294915,0.022070053460702267,0.11170650453274812,0.14491177052350088,-0.4248413801692264,-0.24628132842372044,5
sim00241,26,1.0,0.11538461538461539,0.3282460138266599,0.4313870163611498,0.09636695150728801,0.025493419007381793,27.0,0.3376021127625889,0.013113920549070355,0.2974475930948164,2.0817397357698635,3.258096538021482,3.295836866004329,1.000088900581841e-12,-0.8418158392560032,1.9283535623553882,0.6635660988458794,0.25294674649115756,0.3299477130925729,0.28946928656311277,0.11397248271509049,-0.23031444129316686,-0.13464815354815915,5
sim00242,77,1.0,0.07792207792207792,0.19816868436211826,0.7990133914927045,0.32384710988655857,0.03669327792973781,78.0,0.29804720002378626,0.002443105075881331,0.06109322518370795,0.9986735475016507,4.343805421853684,4.356708826689592,1.000088900581841e-12,0.43690877176582743,2.166127475895619,0.45298828747069764,0.08778169251235973,0.039104897289575044,0.21491541419745072,0.40732011708111954,-0.27080153939932156,-0.21897096573868802,3
sim00243,38,1.0,0.21052631578947367,0.26896405697232134,0.49961839425914334,0.14449444442080644,0.024964707013126558,39.0,0.2960535452268592,0.03530262997304158,-0.16072611609579143,0.8555438491054065,3.6375861597263857,3.6635616461296463,1.000088900581841e-12,-0.3662462898227851,1.8818082075834068,-0.11070802506619128,0.21709403194949214,0.13563096327694898,0.28911720244203604,0.3581559395185061,-0.32205527402355205,-0.23629316592576707,3
sim00244,107,1.0,0.40186915887850466,0.4222330162697834,0.3528591608966908,0.038299757790165784,0.006718023783723627,108.0,0.31271033028723394,0.035780198881793006,-0.2848922093469577,1.2972266414479143,4.672828834461906,4.68213122712422,1.000088900581841e-12,-1.724834296310569,2.9321792911490454,-1.0118701639198087,0.40919300137668735,0.22799480409714468,0.33773161614948966,0.025079305510814245,-0.19066039618922423,-0.21931279974232565,3
sim00245,63,1.0,0.38095238095238093,0.2992933992647668,0.7100129363521489,0.1280050750707737,0.01724108824521912,64.0,0.6426675976844185,0.07194176558464097,-0.12359364851951418,1.4435879728403989,4.143134726391533,4.1588830833596715,1.000088900581841e-12,-0.5844688915698925,2.1383602003492572,-1.3866788039034879,0.3125447469512283,0.2561694024992555,0.4294805634008108,0.0017994629997235994,-0.15511817559793123,-0.21421728726409,5
sim00246,41,1.0,0.0975609756097561,0.15180505507300157,0.5559662464359352,0.22595269621496675,0.04358765453411004,42.0,0.524035148874106,0.047607093052179965,-0.3174181292575848,1.0442586378510064,3.713572066704308,3.7376696182833684,1.000088900581841e-12,-0.09882182184452766,2.06802035533724,-0.34478423997284896,0.14446771900217614,0.0714304687173474,0.18984435180735607,0.33556418140464767,-0.08872472343463977,-0.03203786037341065,3
sim00247,38,1.0,0.5,0.3988846905304149,0.37970016144524055,0.045646184421544604,0.014070676426613879,39.0,0.6810362561317723,0.10843561321852498,-0.5926305601536203,1.328839400185587,3.6375861597263857,3.6635616461296463,1.000088900581841e-12,-1.5600176857904073,2.4607590845133807,-3.477917393595953,0.4110230266309287,0.5073010178057091,0.08166950157772923,6.4539637252745284e-06,-0.32113044293413745,-0.0985366553740605,5
sim00248,69,1.0,0.21739130434782608,0.22017370653722582,0.6028051348755208,0.18142391528437676,0.01911695994439259,70.0,0.558983833744339,0.07388610627184128,-0.12351666022615809,1.0083292435671454,4.23410650459726,4.248495242049359,1.000088900581841e-12,-0.30661044046680697,1.983846034245522,-0.6278320307844135,0.18789515235508344,0.27478947699756434,0.27727826877956363,0.2528945551096509,0.00045217213616412797,-0.027113856050283245,3
sim00249,14,1.0,0.07142857142857142,0.22265338766148748,0.5006476509733234,0.14582556976851518,0.060891297006389664,15.0,0.37939992592074134,0.03099795139786938,-0.32755824695640634,1.310505197951428,2.6390573296152584,2.70805020110221,1.000088900581841e-12,-0.47911127480442445,1.7657364079009878,-0.7198548690876742,0.11665733536391133,0.5014978489715891,0.027582363371562228,0.341578717486505,-0.4494007693911511,-0.4818400866079652,3
sim00250,66,1.0,0.30303030303030304,0.2765929432506486,0.5533623999101646,0.15249539656586938,0.013906350409755698,67.0,0.4745149819426753,0.12318950704684513,-0.09826484951348573,1.0028618185569493,4.189654742026425,4.204692619390966,1.000088900581841e-12,-0.49172518362542056,1.7948659323442648,-0.777965432042274,0.22839443868785628,0.24532242605501867,0.41890019921263233,0.10493531834415666,0.09095158976080943,0.10132026184066693,3
sim00251,65,1.0,0.24615384615384617,0.4267078057999566,0.796162768073671,0.25136472860393055,0.08571340679463957,66.0,0.03592329407342423,-0.018391221130786038,0.4415130610775776,1.4025780626486202,4.174387269895637,4.189654742026425,1.000088900581841e-12,1.9821034583978154,3.098491535286053,-0.03796900889476712,0.008069670726751783,0.01210511745683146,0.02083522204681181,0.020092623297989286,0.1715012185390376,-0.10765898356289837,3
sim00252,90,1.0,0.4666666666666667,0.43593656039580914,0.24405863793600668,0.024714828835743698,0.003709232453347775,91.0,0.7693308074395842,0.05496557964858442,-0.42108991346325375,1.3589530119907158,4.499809670330265,4.51085950651685,1.000088900581841e-12,-1.971346972795701,2.603231215069995,-0.5051090719940617,0.6158119146913298,0.19796217626683882,0.09142172122550755,0.09480418777586244,-0.14088161580333797,-0.13506088166500624,3
sim00253,63,1.0,0.15873015873015872,0.22361819842037148,0.7429494536542629,0.16424884457074265,0.023694995853472525,64.0,0.6243668678830623,0.04637436595696356,-0.28850020327480025,1.009460005780836,4.143134726391533,4.1588830833596715,1.000088900581841e-12,-0.3562131777771448,2.2070159837107557,0.08847110898723076,0.13524371472676022,0.18287968629090612,0.2241316483436742,0.45068670783100245,-0.05282427828391896,-0.10798073310818186,3
sim00254,46,1.0,0.043478260869565216,0.22142271799406882,0.5978731575279139,0.21731217368706807,0.039448916590439524,47.0,0.2962504762041146,-0.02196638693569576,-0.07712001266014615,0.881434754109593,3.828641396489095,3.8501476017100584,1.000088900581841e-12,0.04146238448990731,2.122313072181153,-0.8068560609972983,0.08453343620239137,0.301198522746464,0.10667965607231834,0.41029238578229493,-0.12023859136930512,-0.15826886821405586,3
sim00255,22,1.0,0.045454545454545456,0.2043695447174313,0.39154121771597494,0.21161993145080182,0.044103831216510424,23.0,0.7869682520186565,0.004073290793275796,-0.15674904759078453,0.8469192424096581,3.091042453358316,3.1354942159291497,1.000088900581841e-12,0.2329180552792788,1.5227972180641243,0.1634907543145629,0.10959365074613414,0.12591215825380966,0.24257698242644793,0.2787750961978871,-0.10636275832271151,-0.19143438733528337,3
sim00256,61,1.0,0.09836065573770492,0.14790459410801307,0.6663063615242382,0.47703299755107087,0.16100880876735932,62.0,0.3786037470083639,0.0392297522061576,0.017276842000013934,1.761805104377334,4.110873864173311,4.127134385045092,1.000088900581841e-12,0.7068818419994596,3.0247472746285404,0.9562584680408455,0.03534224183829084,0.04807289112104032,0.10840203331572776,0.12226485651756344,0.07799285502072895,-0.002085368406207299,5
sim00257,102,1.0,0.029411764705882353,0.10195279599312676,0.678071976092024,0.42917310525556734,0.054316767192729695,103.0,0.4237429573746198,-0.04243174834141973,-0.0002046681457094876,0.9970088538004168,4.624972813284271,4.634728988229636,1.000088900581841e-12,0.5639347707713289,2.5579454341249255,0.14094522093376588,0.04505159847226685,0.13172660758068241,0.23206531044019174,0.2013501011113328,-0.011384496028670322,-0.07815982882555628,3
sim00258,15,1.0,0.5333333333333333,0.4762172778596753,0.09506938490613226,0.0044705148916782626,0.0023871619096584454,16.0,0.9048306150938678,0.15030826364278665,-0.7309137737540115,1.2184219036197264,2.70805020110221,2.772588722239781,1.000088900581841e-12,-2.958147194015809,2.080651782704363,-13.312950538479862,0.7484315888247505,0.24791425083554822,0.0036541128802226245,4.7235790746154446e-08,0.14524547254396802,0.004192050339266252,1
sim00259,86,1.0,0.22093023255813954,0.171099328894175,0.6613158178868197,0.1808547454198518,0.021097053473731784,87.0,0.4959207164330843,0.06010810157800582,-0.3409844031529483,1.1479920297924822,4.454347296253507,4.465908118654584,1.000088900581841e-12,-0.3237001558391138,2.305786483172761,0.289705340920522,0.1436332813205623,0.12151387148111444,0.3626928331224432,0.36277961768353834,0.012414997992458529,0.0185553802450585,3
sim00260,106,1.0,0.3113207547169811,0.28571218548924104,0.7443665669908484,0.09240455383291295,0.0061409269705054136,107.0,0.2829071824859648,0.024971733736454962,-0.29744032041652074,1.1393005300870087,4.663439094112067,4.672828834461906,1.000088900581841e-12,-0.7863926112594802,1.952238534947453,-0.3933063436256848,0.31598769763336754,0.26036467648956735,0.3928242132676406,0.03060369040274381,-0.148786767806459,-0.13733287445893883,3
sim00261,94,1.0,0.6595744680851063,0.47317013286294135,0.11372434245534661,0.006490345123959011,0.0010848643343550953,95.0,0.09599465039737681,0.07560038503239709,-0.6223603967623643,1.2779539617003126,4.543294782270004,4.553876891600541,1.000088900581841e-12,-2.5930567567319973,2.754434003314761,-1.5592830532455892,0.3522394304623308,0.5510528995843029,0.05807185541759111,0.03863581438170011,0.41830443437806236,0.3739129703852388,5
sim00262,112,1.0,0.13392857142857142,0.282833800533425,0.4627750584605804,0.1262084157365587,0.020763302311144323,113.0,0.2658925341279692,-0.01280811473883515,-0.30880363510938047,1.3219335515247383,4.718498871295094,4.727387818712341,1.000088900581841e-12,-0.436057736700073,2.9137513533740886,0.3404500878934469,0.1500478098238689,0.16888141974734516,0.4651669709265337,0.17471238619691593,-0.06134264147179839,-0.07967999569364473,3
sim00263,114,1.0,0.6754385964912281,0.47746569597221666,0.07397878331095809,0.006551755344581337,0.0009807219091387356,115.0,0.06419097248939516,0.05890989027823738,-0.4657839902812532,1.4270235836981793,4.736198448394496,4.74493212836325,1.000088900581841e-12,-2.2157857262007212,2.8369990902045084,-1.9863599203949975,0.23893458688027758,0.49061173310364065,0.26966512435965334,0.0007737699254975726,-0.0080435014493026,0.050216629446569,5
sim00264,39,1.0,0.1794871794871795,0.29803590025671095,0.7356809494489026,0.11609145688163938,0.01642452593414142,40.0,0.38651930702705795,0.0313959555280711,-0.007338467711602846,1.2185315697906056,3.6635616461296463,3.6888794541139363,1.000088900581841e-12,-0.7141970327916035,1.7079590454926636,-0.026442985597959497,0.32904565465061897,0.2117648417804472,0.21400695492345698,0.2442228754938352,-0.2968648476930974,-0.32378707139272944,3
sim00265,38,1.0,0.6052631578947368,0.4554724971788654,0.312517564421004,0.021658277488756993,0.005063407665885828,39.0,0.687382435578996,0.0677705382516854,0.08407718005823125,2.290132132628446,3.6375861597263857,3.6635616461296463,1.000088900581841e-12,-2.2947284242536883,2.184238153135519,0.24678320325654188,0.9242497110141494,0.05845621946246034,0.01689118035267125,0.0003985050032660608,0.21483015480230302,0.07425154978666028,5
sim00266,15,1.0,0.0,0.20177876170301665,0.49249232972990037,0.0895965713388123,0.039046967679309035,16.0,0.4816720716324689,-0.04010601081084397,-0.7537231475116819,0.8366661559604001,2.70805020110221,2.772588722239781,1.000088900581841e-12,-1.024799309571747,1.8774983690317815,-0.6641908768139761,0.2164571920524161,0.13995187092314457,0.4819958255698209,0.12226706280525729,0.37222239614141395,0.34222748230781436,7
sim00267,19,1.0,0.05263157894736842,0.3093359807664031,0.25306301207207127,0.06425768535536036,0.016018842528052336,20.0,0.8116140247133385,0.002235579661975459,-0.9190230095193178,0.87947750627765,2.9444389791664403,2.995732273553991,1.000088900581841e-12,-0.866861194308214,1.5553033332332935,0.1230900319228243,0.10341367809051896,0.2599476513598293,0.06642839002455393,0.23143380101429958,0.16213369902473582,0.03858913080772503,7
sim00268,94,1.0,0.26595744680851063,0.37511719311125286,0.3249964805541862,0.12306728591939559,0.012743265126475257,95.0,0.20359220946044848,0.06834538569682232,0.2622713855673063,1.1702052471913709,4.543294782270004,4.553876891600541,1.000088900581841e-12,-0.27574384955431097,2.27556644245877,-0.5733789799788678,0.269115642386783,0.11451954196180066,0.36307037698754663,0.15655325732963424,-0.3130733618890808,-0.2856670991960734,3
sim00269,106,1.0,0.27358490566037735,0.2413568733323975,0.6854851158576747,0.15361090897669977,0.015220471763119624,107.0,0.3556381195187186,0.021205260803238302,-0.147186141319033,1.0090792100556467,4.663439094112067,4.672828834461906,1.000088900581841e-12,-0.39999607097763246,2.3516576015283133,-0.5326508828094485,0.20958535636895276,0.28448991452452876,0.4178955363261661,0.08760423196241161,-0.09009362847706681,-0.09300337231530786,3
sim00270,114,1.0,0.08771929824561403,0.20738181194871116,0.7744069079859703,0.2725328112255857,0.024455155272876165,115.0,0.47479741643316753,-0.01868291153105463,0.0037804004874798488,0.9652818086906993,4.736198448394496,4.74493212836325,1.000088900581841e-12,0.08884201104012734,2.325280476296598,0.18069257357846236,0.1238001360199325,0.12195764075015779,0.21072513322626765,0.3004404115959565,-0.05828521036310421,-0.07493775874893926,3
sim00271,61,1.0,0.6557377049180327,0.459890837419931,0.19516554562108002,0.016987873635449163,0.0036299144887569617,62.0,0.17657701183562374,0.11830403293058912,-0.5079764076835221,1.6900403333943277,4.110873864173311,4.127134385045092,1.000088900581841e-12,-2.1469720834256574,2.567583178077223,-1.9527487212697974,0.9019747327877996,0.07742697245823707,0.020109194017977717,0.00048421235205863206,-0.3735594523097429,-0.26816833127732104,5
sim00272,113,1.0,0.19469026548672566,0.3058478502311423,0.7158970145491802,0.11730758609991662,0.009607989255702132,114.0,0.5042462373825731,-0.011956296995885015,-0.037718712754705425,1.0997699487938692,4.727387818712341,4.736198448394496,1.000088900581841e-12,-0.7565893669273543,2.2251833581625866,-0.26860188416624164,0.3248834040383692,0.3815905407969641,0.07129041869076412,0.05625592663517598,0.038967458387561826,-0.046159027304425386,3
sim00273,107,1.0,0.5700934579439252,0.4534297693131491,0.18675828460112037,0.017858161478690317,0.00412734561973552,108.0,0.15233328761550302,0.019966970219862858,-0.2946235596323188,1.3097542346521742,4.672828834461906,4.68213122712422,1.000088900581841e-12,-1.9783424243395906,3.2080026925481424,-0.7956710559861199,0.638591907844701,0.24860188504498187,0.08938051805838791,0.005366201750708172,-0.01837403925748292,0.021851350189152553,3
sim00274,102,1.0,0.22549019607843138,0.17968016021132477,0.6307318470163636,0.21668768722587245,0.02009912534485844,103.0,0.4670671736838695,0.09249488153153461,-0.08630360657458162,1.2118657400041917,4.624972813284271,4.634728988229636,1.000088900581841e-12,-0.13865610852349733,2.247192024319146,-0.5416745601834998,0.21811367770378656,0.26860284656163946,0.23038590355332966,0.24207906474902938,-0.08168473755774099,-0.03924174730789219,3
sim00275,104,1.0,0.19230769230769232,0.28831159600813455,0.615600687288959,0.17399561293679772,0.015215101960714544,105.0,0.9001856151227527,0.004477111739631759,0.07965142538590499,1.248529983266732,4.6443908991413725,4.653960350157523,1.000088900581841e-12,0.6608720738040357,2.207649297374688,-0.6851930752568958,0.03226187275744602,0.23036118560511504,0.40896125422983326,0.3138210588081507,-0.01849537867222602,-0.01555395144199774,3
sim00276,55,1.0,0.6363636363636364,0.4525199842967295,0.15536948788477428,0.012393543510717123,0.0033347000913426564,56.0,0.10727814994795576,0.16365699941857564,-0.8982544351438803,1.0918284823262367,4.007333185232471,4.02535169073515,1.000088900581841e-12,-2.0447691165574406,2.6945402763969275,-1.4487584995111176,0.3885482578230092,0.5615253758555223,0.04832925752793624,0.0015971087128449418,0.18411689725536615,0.263262605749123,5
sim00277,28,1.0,0.32142857142857145,0.4374755193681524,0.2378682215751874,0.023453417684614924,0.005522483986202231,29.0,0.7620317784248126,0.08765621987341181,-0.4082256297039778,1.1991105688076789,3.332204510175204,3.367295829986474,1.000088900581841e-12,-2.045353893977433,1.8860160379802033,-1.5861789159461877,0.44029000099300225,0.37057000072439733,0.1635025303228799,0.02563283705801935,-0.23556813580693664,-0.2676801311401013,5
sim00278,46,1.0,0.0,0.14372870663813184,0.47086447807390425,0.44692029763422625,0.10022935342842806,47.0,0.6144294721301112,-0.051785520489726816,0.17222294281124173,1.2767074248372756,3.828641396489095,3.8501476017100584,1.000088900581841e-12,0.6347172750392494,2.33372221688693,0.40944734204314065,0.09496852192294415,0.07667828754564956,0.11460317435911964,0.27652647859530294,-0.1546225133167956,-0.15694165969523796,3
sim00279,97,1.0,0.14432989690721648,0.29385103558918585,0.49672545373168286,0.16142733851696384,0.02322258210399283,98.0,0.2739036101170528,0.01667861444994944,-0.2694188821475538,1.1702900400490481,4.574710978503383,4.584967478670572,1.000088900581841e-12,-0.20864862694820777,2.635781024638818,-0.2297774755034772,0.11191084088205526,0.09547181801245894,0.09044632359979618,0.39509017931756035,0.06470239891732685,0.10144783478219356,3
sim00280,66,1.0,0.07575757575757576,0.16242226912123825,0.4964877098109456,0.3103116763292927,0.04570261318268136,67.0,0.6935168896092527,0.008426717041321403,-0.18818565788081504,1.206922197190078,4.189654742026425,4.204692619390966,1.000088900581841e-12,0.3783942361758432,2.2742330194318634,0.44537619677169,0.044884221728884566,0.08245632870053174,0.20918645676107897,0.2573684878241272,-0.09952968359362077,-0.11370743243044863,3
sim00281,110,1.0,0.09090909090909091,0.1915209855145112,0.7382692615540238,0.5018236676366019,0.152247780559151,111.0,0.5339991578041019,0.0007009668261676059,-0.004736763849587586,1.2645212981040115,4.700480365792417,4.709530201312334,1.000088900581841e-12,0.7014223740532396,3.507740896157782,-0.01707963866103076,0.09107055407606633,0.056341371701996004,0.09189638551121146,0.06385397024013117,0.11126243288132362,0.04257557050688597,3
sim00282,115,1.0,0.08695652173913043,0.17132754771524303,0.681856394908002,0.254162630813597,0.0313149899523097,116.0,0.13572594664105053,-0.016304733643081427,-0.19129092051746363,0.9017224438810404,4.74493212836325,4.7535901911063645,1.000088900581841e-12,0.77320195553518,2.651054682140126,0.17772258768124205,0.08331862656069962,0.1055052309497891,0.1857825671403195,0.42051097890160766,-0.08035393591165986,-0.051874006935610395,3
sim00283,43,1.0,0.11627906976744186,0.2573796088221959,0.568051065212184,0.20484607868189014,0.037586025719014635,44.0,0.7769158641509393,0.01965567855505666,0.12093392978817666,1.392616629683264,3.7612001156935624,3.784189633918261,1.000088900581841e-12,0.16713308773785676,2.0655735789935443,-0.8170535500914831,0.03235995606782752,0.5093762922696451,0.20475715223328803,0.22972404010622713,-0.2779141383033117,-0.2582240264353597,5
sim00284,42,1.0,0.2857142857142857,0.22466817277054515,0.7453862984593093,0.15634269776096257,0.02453126879513643,43.0,0.48871976393610456,0.1421333905709493,-0.28058532841137945,1.112932986080499,3.7376696182833684,3.7612001156935624,1.000088900581841e-12,-0.46890143501136466,1.8855678208348814,-0.924946168249421,0.136323348803087,0.39735508200016906,0.3206175627780329,0.14562859678688592,0.011186908374580544,0.025176567484512427,5
sim00285,76,1.0,0.18421052631578946,0.27431967665038054,0.7441523089284614,0.12138082737208841,0.021149605152405514,77.0,0.6787779665786057,0.0446457972780202,-0.08707771796767932,1.5746405608465492,4.330733340286331,4.343805421853684,1.000088900581841e-12,-0.585738434634688,2.5834216393449863,-0.35447106140385953,0.1955435316782912,0.21626029010339146,0.36466371328626357,0.20794844101504,0.04755766114455725,-0.01863423433181931,3
sim00286,12,1.0,0.0,0.19750716961356451,0.6423529233908994,0.3002869548047728,0.08984110334619355,13.0,0.6745063328058121,-0.031907828012088614,0.33539198626020933,0.7028568326941289,2.4849066497880004,2.5649493574615367,1.000088900581841e-12,0.31316974215533144,1.2782107078472318,0.5749183638856711,0.08493467457281366,0.1806273662198505,0.18233147867017405,0.2529223104978632,-0.020211095650763244,-0.001385219429069533,3
sim00287,102,1.0,0.5882352941176471,0.3994308970418264,0.5727894693141701,0.03742520815944744,0.01045034277509613,103.0,0.5542234421459589,0.029297049629422204,-0.3627675885755066,1.410473127090018,4.624972813284271,4.634728988229636,1.000088900581841e-12,-1.8872859943923534,3.3492630976390885,-0.23675112356530048,0.8042976083905771,0.17855786883413202,0.006473886203304191,0.000977436977502583,0.16864671372258563,0.0843758515885575,3
sim00288,65,1.0,0.06153846153846154,0.2312236301669385,0.4786473515030988,0.22367271181729065,0.026508141013904387,66.0,0.4666843980135266,-0.0193125943798826,0.09732549399881976,1.058333048555156,4.174387269895637,4.189654742026425,1.000088900581841e-12,-0.10682744026843256,2.041655288090661,-0.389120298221036,0.28601038833181763,0.14053787933981335,0.1290423909839667,0.35296496459555493,-0.17999479384286962,-0.1885588855765352,3
sim00289,91,1.0,0.46153846153846156,0.46704407165181466,0.15095977956005935,0.017583956946668602,0.001658599117138662,92.0,0.908060385061356,-0.053377086576119157,0.25041202836916543,1.2672032232698625,4.51085950651685,4.5217885770490405,1.000088900581841e-12,-1.5577006537025138,2.1498458934659155,0.00554799544739093,0.21443525122909515,0.01698190295122976,0.04684884616765966,0.5394699309358819,-0.11039763737291197,0.015319103129167988,3
sim00290,44,1.0,0.22727272727272727,0.3703215393349946,0.3238718460607879,0.06744877460662158,0.0151868614893712,45.0,0.6782150098297699,0.08815670488510699,-0.10466795276848899,1.058888748869269,3.784189633918261,3.8066624897703196,1.000088900581841e-12,-1.1742242573835249,2.293251896641242,-1.1110014413895446,0.4605433236509317,0.1530160164420271,0.15143737337496457,0.1776161489351135,0.11166854364396893,0.1378724001640553,3
sim00291,106,1.0,0.11320754716981132,0.3093529428214448,0.4645163392620098,0.3510408859494219,0.15344281437427468,107.0,0.42809966646364983,-0.009844633741294307,0.2024325854634753,1.2773236475947163,4.663439094112067,4.672828834461906,1.000088900581841e-12,0.3603372116787372,3.83586434577033,0.21072853268406483,0.09224688029271223,0.0789816490202833,0.044888194439279064,0.05112286612456607,0.10489812022618447,-0.0635723009677841,3
sim00292,102,1.0,0.5196078431372549,0.4659310349094503,0.08882502686487626,0.008940487468784796,0.0006865194261064948,103.0,0.9483058016266002,0.022937424055716336,-0.4429254804411285,1.2231523147865464,4.624972813284271,4.634728988229636,1.000088900581841e-12,-1.701677190380634,2.058261932063675,-1.4896726429885359,0.23421547855061045,0.27209145869382556,0.4117394084504517,0.08195365419326155,-0.10707298154865189,0.06307191997009441,5
sim00293,12,1.0,0.0,0.28652386472785724,0.20802914203045675,0.13118001870079382,0.05266017427232481,13.0,0.7142136877495104,-0.037912534111284556,0.07613931799705309,0.8221968678295237,2.4849066497880004,2.5649493574615367,1.000088900581841e-12,-0.44210072431053393,1.5721955447414533,-0.42648591762087795,0.253800893482105,0.16249641984853852,0.10420208651574271,0.07806618358263394,-0.4325391060673462,-0.3967539655138286,3
sim00294,10,1.0,0.0,0.13706703367982406,0.5234685501553422,0.3518764519534172,0.20023409887721214,11.0,0.3297957993461929,-0.02790873652547259,0.09417155831013085,1.02889888531702,2.302585092994046,2.3978952727983707,1.000088900581841e-12,0.4649792880826898,1.7387921441918224,1.502854924118172,0.04148321333359819,0.020839153260529004,0.11557131012111806,0.25305972250752834,-0.09329922927417204,0.06689906306174138,5
sim00295,77,1.0,0.11688311688311688,0.22590016018481401,0.8917363459062758,0.44358791168351663,0.07794214457088532,78.0,0.44074001415688846,0.029156683906984563,0.057805717101771466,0.9416538850904752,4.343805421853684,4.356708826689592,1.000088900581841e-12,0.5875816630673826,2.6048762322724732,0.08582101081992492,0.08579908915390184,0.04074456586350487,0.021932188485264233,0.2675261891128016,0.06274902406988804,0.13501086446774282,3
sim00296,45,1.0,0.4888888888888889,0.45382872171971,0.17241389347726038,0.02047845270101537,0.00508175228524028,46.0,0.08075564776489569,0.10024553098432949,0.03851502271665509,2.2199972800479655,3.8066624897703196,3.828641396489095,1.000088900581841e-12,-1.287851352670544,2.412945382313139,-2.1359763722448317,0.23615735322591339,0.2571363365330196,0.5033741916863509,0.00333211850588441,0.4191490571937594,0.4360906567814371,1
sim00297,53,1.0,0.5094339622641509,0.4077525381543054,0.37809684228734697,0.018609584543180287,0.0034159872570054756,54.0,0.31768760958412623,0.08026564353278372,-0.9153031240668985,1.0181495879158404,3.970291913552122,3.9889840465642745,1.000088900581841e-12,-2.4551241185333126,2.275081710512252,-1.590480892718863,0.4800770996184293,0.461518968182576,0.05756995216838465,0.0008339799768744894,0.4180391214632939,0.026508735481766646,5
sim00298,91,1.0,0.21978021978021978,0.23959662703657755,0.5696337757019043,0.1601880824308286,0.018813879676341207,92.0,0.547516275677545,0.007137554996448369,-0.20420740884612218,1.1446089868789426,4.51085950651685,4.5217885770490405,1.000088900581841e-12,-0.436040063624826,2.369105744049667,-0.010131065482163526,0.13400031366298543,0.31396402046542443,0.31727194966784117,0.23440233955451173,-0.04476248477091824,-0.023576326705894556,3
sim00299,104,1.0,0.5673076923076923,0.42472683897673547,0.5023696516296202,0.02507828392604388,0.005071238250424082,105.0,0.5024696516296202,0.04144069708380763,-0.5335383803384106,1.6579750207698414,4.6443908991413725,4.653960350157523,1.000088900581841e-12,-2.299434231389829,3.0459736244057662,-1.7645432221984543,0.7918686535889194,0.13162999830922054,0.076175837081869,0.0003219255642862167,0.19028850669097477,0.17095753347783404,5
sim00300,82,1.0,0.4878048780487805,0.44383626754165967,0.20115695418691037,0.016908984453481823,0.0012643244456974267,83.0,0.7987430458130896,0.05774475034808861,-0.46930329777099117,1.5122749017797885,4.406719247264253,4.418840607796598,1.000088900581841e-12,-2.252021385815991,1.813412082582708,-1.49534882297212,0.4218172015098615,0.28660734179186265,0.2799501364238217,0.011621445381687379,0.002626291940429463,0.12466642585258443,5
sim00301,65,1.0,0.03076923076923077,0.2267650800748094,0.6689139487837806,0.38559593913141593,0.15708480240762968,66.0,0.7954810359557274,-0.044272980280123,0.2198128575806499,1.513025782360205,4.174387269895637,4.189654742026425,1.000088900581841e-12,0.8629375971220268,3.276383040598183,-0.09054435626514404,0.09107482866878629,0.0942442367684036,0.1920440094603388,0.09116544900842448,0.23502639994777944,0.023219119927607588,5
sim00302,42,1.0,0.23809523809523808,0.25850005040430696,0.5812707238311876,0.12341704317454347,0.023515301348971,43.0,0.4730447536828989,0.09172153783131103,-0.29722953108144223,1.116860024929691,3.7376696182833684,3.7612001156935624,1.000088900581841e-12,-0.7029811298510429,2.079751733300621,-1.6156402454088374,0.3589949378140996,0.43189807848468814,0.18205691699075735,0.023843800513250208,-0.18309274532893643,-0.17688146772729563,5
sim00303,37,1.0,0.7027027027027027,0.46750422319674334,0.1641519981689139,0.0065168384030485195,0.001920858275530901,38.0,0.8357480018310861,0.18293209688172424,-0.9706751815265787,1.4521141301711393,3.6109179126442243,3.6375861597263857,1.000088900581841e-12,-3.0475843271775513,2.389300661324586,-6.400031019929611,0.8243695494359938,0.17466403961224972,0.0009664107983076353,0.0,0.009458214907549512,-0.08173932398867281,7
sim00304,57,1.0,0.12280701754385964,0.23025244244845816,0.886326271471427,0.18243851847113357,0.02205765164732165,58.0,0.6292013439941945,0.02434205531286723,-0.22091412180307335,1.0893206208187327,4.04305126783455,4.060443010546419,1.000088900581841e-12,-0.2459420061660361,1.9302975915746905,0.0007468872689367356,0.14642413590075207,0.04706287487301849,0.20221197934496046,0.21497890274405235,0.23542089963483148,0.2331429117820054,3
sim00305,106,1.0,0.07547169811320754,0.2126449019122945,0.8737633556446103,0.22645555634492887,0.01607986984070174,107.0,0.35467303150245366,-0.02075630911141729,-0.037354464035465655,1.1976123539254009,4.663439094112067,4.672828834461906,1.000088900581841e-12,-0.010649457868345738,2.0184585564986204,-0.7323402517309552,0.1600683558775203,0.12388590582829602,0.26280924933310024,0.1618437158239258,-0.12089392520530669,-0.03914321682004213,3
sim00306,106,1.0,0.22641509433962265,0.2003516640046749,0.6860089522808112,0.1733480609283878,0.017431991271097045,107.0,0.48563475987106824,0.03840555900642517,-0.14207093529459655,1.350635008336265,4.663439094112067,4.672828834461906,1.000088900581841e-12,-0.36533365030861326,2.3664447042675256,0.3894817005128337,0.14520570144991243,0.1404865095702622,0.4130202170816176,0.28581034604475086,0.01633773859336288,-0.02338756000592815,3
sim00307,63,1.0,0.20634920634920634,0.30941125435934647,0.7013884551669631,0.13249951169324034,0.033280435474637306,64.0,0.6208740652466159,-0.012262512852315341,-0.027599564845513777,1.2360537502151423,4.143134726391533,4.1588830833596715,1.000088900581841e-12,-0.5746624603737989,2.7615254669034535,-0.8719621440177994,0.3005238766825824,0.46873339580677453,0.19140550593525202,0.03850700204097119,0.31906244091706953,0.16155904057344622,3
sim00308,98,1.0,0.20408163265306123,0.19996471476519484,0.7079521252071744,0.20311347128708046,0.017176326866763687,99.0,0.39237996378173845,0.03655476523373341,-0.14960736902979463,0.9390008169017837,4.584967478670572,4.59511985013459,1.000088900581841e-12,-0.1602603381520264,2.114734774344662,-0.322933286002437,0.17083692709707238,0.12985153937392338,0.33476010804848777,0.35609236462716476,0.003700755844849354,-0.004864775172316088,3
sim00309,51,1.0,0.21568627450980393,0.2796222148893534,0.9361501682203412,0.1866575940126626,0.03191563366817722,52.0,0.43636052667420555,0.06941963616565942,0.15247160164764426,1.3823039160167685,3.9318256327243257,3.9512437185814275,1.000088900581841e-12,-0.2758524437513932,2.1656457154870794,-0.5368677570546848,0.23617850615374206,0.09294179590600536,0.21067090194510196,0.4567522204220123,0.18798427526963304,-0.0013025774729805682,3
sim00310,73,1.0,0.3561643835616438,0.4178834015290233,0.28067180181668816,0.04765970329094404,0.008818719766149676,74.0,0.7547485138358107,0.07463359896577712,0.026294030544736238,1.2833513362412763,4.290459441148391,4.30406509320417,1.000088900581841e-12,-1.356827232610819,2.603249901868136,-0.3848206724682791,0.6481397661669649,0.09533524079177028,0.03359966261830806,0.15068436139538957,0.014746091832100554,0.02187819701414845,3
sim00311,23,1.0,0.43478260869565216,0.36936244776678745,0.6013051524805237,0.12471756452726877,0.06317604635111722,24.0,0.5853818162414559,0.1588330996856608,0.07963447965334486,1.593813024808153,3.1354942159291497,3.1780538303479458,1.000088900581841e-12,-0.6658153932439481,2.4553677346025853,-1.8574404455837374,0.8927428692004973,0.09039358834766742,0.016505900979559333,0.0003154256387322252,-0.06874878876742825,-0.15075394639379452,5
sim00312,12,1.0,0.16666666666666666,0.3513558700717809,0.2281015084211792,0.09778484447460162,0.03794036595994423,13.0,0.0964549461362329,0.11303153889826643,0.4248782574125568,1.30352819408023,2.4849066497880004,2.5649493574615367,1.000088900581841e-12,0.11512288492091027,1.5381526593468136,0.34125917702929454,0.07178210759823155,0.138205887538334,0.3881230877869552,0.20928919278947952,-0.013938536047250717,-0.13986259437084037,5
sim00313,77,1.0,0.19480519480519481,0.2701536035944541,0.5269941366412292,0.08809948128250308,0.009868791451674828,78.0,0.3603871292205486,0.02376682058999228,-0.187669489039817,1.2175936009410748,4.343805421853684,4.356708826689592,1.000088900581841e-12,-0.961819992451426,2.1547161752918664,0.2806432485622487,0.34537809565574296,0.31038079090302406,0.2529457474767143,0.04392111263356825,0.0013991623525767916,-0.12659839950012347,3
sim00314,82,1.0,0.06097560975609756,0.23294424901535896,0.6616371959603686,0.34187744753852983,0.07285252212229658,83.0,0.23234739479842081,-0.020415603548237713,-0.3313225756798926,1.2248242176718849,4.406719247264253,4.418840607796598,1.000088900581841e-12,0.6506366743905682,2.860704067526423,0.12240011050312233,0.027004074140562304,0.06165113525830879,0.06563774440477987,0.1956969628526207,0.1352983024458106,-0.10768043469805891,3
sim00315,107,1.0,0.14018691588785046,0.19806951302504439,0.59605251855903,0.2857505072341369,0.033740019253936854,108.0,0.5159576476986055,0.022039197533293586,0.20121724232397742,1.68217211794367,4.672828834461906,4.68213122712422,1.000088900581841e-12,0.1346772650998146,2.5363944041199162,0.4581214974424017,0.15180165006517984,0.12438472009595984,0.16293239622368025,0.33005645131893735,-0.18245012664141264,-0.021411635359074675,5
sim00316,63,1.0,0.4444444444444444,0.3449628658523464,0.5343805068233783,0.07530175938021226,0.025604115170667827,64.0,0.5924745393786361,0.09186609624462436,-0.4222575932149838,1.578999022802875,4.143134726391533,4.1588830833596715,1.000088900581841e-12,-1.1651525328874557,3.0643843135390214,-1.0934708526240062,0.35908954992298087,0.5194770528830398,0.11945440762430216,0.001978714219584884,-0.19734521476201106,-0.19699373040025847,5
sim00317,76,1.0,0.09210526315789473,0.1558427451920381,0.7620931347086186,0.3297749556121722,0.03691001114188496,77.0,0.7633896837268617,0.02419797998113537,0.09934084303274733,1.482866312821792,4.330733340286331,4.343805421853684,1.000088900581841e-12,0.6019825687199823,2.1408056898564887,-0.0836799086920876,0.05989494739360318,0.1443039887709277,0.17386591191126394,0.21059209000220103,0.062008678459078675,0.0835455199223931,3
sim00318,62,1.0,0.25806451612903225,0.23556039590609068,0.6926288468113819,0.15960482480943147,0.047634424877921286,63.0,0.33532827215038985,0.07584845844801122,-0.18296323558060837,1.6969918892220943,4.127134385045092,4.143134726391533,1.000088900581841e-12,-0.33394705115151896,2.917989181050151,0.27382164422256977,0.13302719077884104,0.134885761789375,0.5746613601554541,0.15684283731832152,0.14851624450407055,0.16986849445653296,5
sim00319,73,1.0,0.0136986301369863,0.08943083730570431,0.48478482553677366,0.3590222920456878,0.06265030356003308,74.0,0.4325981211274784,-0.04674634182411218,-0.3320404330786198,0.8848004156973451,4.290459441148391,4.30406509320417,1.000088900581841e-12,0.3802627563349391,2.5446434862278355,0.08939608882964234,0.0926780560741465,0.04644489624005206,0.11262251437286587,0.22463056578422166,-0.06598425377666599,-0.17472924044674204,3
sim00320,43,1.0,0.16279069767441862,0.2785790522746934,0.45798395949816917,0.1861186419870772,0.03459636983359011,44.0,0.715397152691331,0.050823091521844485,0.06471331047935067,1.306776364813946,3.7612001156935624,3.784189633918261,1.000088900581841e-12,-0.08979292750261812,2.078564543434027,0.5006778390990867,0.03629362316180242,0.13292678448582992,0.27963987092568504,0.5423893563980949,0.11887514952528867,0.08128716885357806,3
sim00321,117,1.0,0.7521367521367521,0.4492861806677788,0.31675853906713813,0.03319778806395679,0.006348510932908236,118.0,0.3168585390671381,0.05557052308590413,-0.6010734104035762,1.8035780127565273,4.762173934797756,4.770684624465665,1.000088900581841e-12,-1.8749188523050753,3.10791096895849,-4.109509112830497,0.9109823403725892,0.08884723165683382,0.00017009531932267823,3.3262113187221476e-07,-0.2589601895267324,-0.06382777633907695,7
sim00322,48,1.0,0.14583333333333334,0.14878480180032486,0.7483800206830582,0.2778361470630699,0.06250793076745755,49.0,0.5000676117360067,0.08950733999969025,-0.17220562695423128,1.1165377892753894,3.871201010907891,3.8918202981106265,1.000088900581841e-12,0.10557064129576883,2.379462910849629,-0.22118386867643094,0.05853389020187178,0.10123670333208346,0.2805047209350761,0.2333000762079279,-0.1638424396849071,-0.029898203863424924,3
sim00323,59,1.0,0.1016949152542373,0.13749381314949902,0.7203956175170694,0.37774275579641453,0.1985052485478081,60.0,0.5525478430780665,0.04109090885952024,-0.3356678252245941,2.0173490287383453,4.07753744390572,4.0943445622221,1.000088900581841e-12,0.4238590591641243,3.4341395608532936,0.3358126829423975,0.0284937942584429,0.07154649162417169,0.07527305445727717,0.07825371352836999,-0.0330022140372952,0.03852773743740247,5
sim00324,84,1.0,0.14285714285714285,0.2501233834073461,0.5130734719012817,0.18603932423641742,0.032026562024934556,85.0,0.5131734719012817,0.0387031675849179,-0.15936712017362278,1.0756511562479887,4.430816798843313,4.442651256490317,1.000088900581841e-12,-0.2948084433786161,2.671424348197038,-0.3126437405464564,0.19981163094998675,0.19461589584776542,0.13494477990743212,0.11318250616474781,-0.15462416380764915,-0.06866112279393677,3
sim00325,78,1.0,0.1282051282051282,0.34453527513314064,0.4184224792379214,0.11430836548566886,0.015777020657157397,79.0,0.6049208071551208,0.0016074890276194754,-0.002147249405088288,1.2635726694365885,4.356708826689592,4.3694478524670215,1.000088900581841e-12,-0.7375287492594245,2.3763635616924805,0.07135052745155272,0.20589178847887957,0.18915389800316057,0.07477595247522292,0.3742096147534564,0.02262216306031499,0.09737672242280208,3
sim00326,24,1.0,0.125,0.33849959811240166,0.37369691830354396,0.14563853854799913,0.041223223700267375,25.0,0.27411414538296336,0.037573412543168226,0.29385535915770494,1.6110402075269432,3.1780538303479458,3.2188758248682006,1.000088900581841e-12,-0.31205431849354115,1.9159278212305626,0.08177063876228352,0.19477726864859632,0.30959795713861427,0.011700169856663618,0.4811388962836073,-0.2650156318394162,-0.20420104153851307,5
sim00327,96,1.0,0.10416666666666667,0.3043536679499651,0.4257610006195349,0.3083656539268501,0.11344208131670316,97.0,0.2731492247106493,-0.004031820958071408,-0.10413003174129748,0.9171223646041691,4.564348191467836,4.574710978503383,1.000088900581841e-12,0.44030209385349894,3.564354334174695,0.35946640281883024,0.05707127736163757,0.058951300797183505,0.04661969607385493,0.21157835842848519,0.09731853505607113,0.06215935516974334,3
sim00328,48,1.0,0.20833333333333334,0.26656188902109934,0.4280457617502279,0.15498396578142906,0.02106833369817612,49.0,0.3324936450620481,0.11539344596894001,-0.3198394404054533,0.9213092198407841,3.871201010907891,3.8918202981106265,1.000088900581841e-12,-0.3590927140723572,1.8756504862453183,0.05999465180383673,0.16981870030223029,0.14828106229904472,0.18183932022697083,0.4538584923959065,-0.18867759971332068,-0.20858479306539876,5
sim00329,23,1.0,0.08695652173913043,0.2267814596001094,0.6360163040570933,0.5107639669538182,0.27536105607635863,24.0,0.6308655417358353,0.042064773202643686,0.10020109286233735,0.6481554061075536,3.1354942159291497,3.1780538303479458,1.000088900581841e-12,0.7854091428120021,2.5176698043074595,-0.00653065571533222,0.05820822161801403,0.05821206033017832,0.03736922244235311,0.23678456470463527,0.3077110987980521,0.054183654989714246,3
sim00330,104,1.0,0.19230769230769232,0.2910098119513029,0.5634910137728757,0.10613425000190196,0.009569925966864424,105.0,0.5542025134905505,0.018844980467499932,-0.24502988755645222,1.0799075822590223,4.6443908991413725,4.653960350157523,1.000088900581841e-12,-0.8449348693414263,2.2383115655236714,-0.6129953733120131,0.2669244711100951,0.20494672350830784,0.32740225335043044,0.18092384299286673,0.0285961442587988,0.0003789778262683877,3
sim00331,14,1.0,0.07142857142857142,0.22789243423676334,0.7030103508684618,0.21664880625739508,0.08951616445986553,15.0,0.3854652767953615,0.012437234689489858,0.018482249332434045,0.6934891725684009,2.6390573296152584,2.70805020110221,1.000088900581841e-12,-0.08928363247979995,1.7551989088593483,-0.5656748101354045,0.10091635193812358,0.29063061388462125,0.11552215384360642,0.46748906185889527,0.08467087005569227,0.3161381715006321,7
sim00332,33,1.0,0.3939393939393939,0.4575456884934786,0.13680474468479076,0.00910917932034544,0.0015720227540914245,34.0,0.865720589170191,0.1399395897471951,-0.5486374486063895,0.9571153123073894,3.4965075614664802,3.5263605246161616,1.000088900581841e-12,-2.5464470949641873,1.73958810536337,0.2770182593289523,0.4036262533874428,0.08494641044856224,0.22219643370030814,0.2590308537467403,0.14640163454284702,0.14233118279198492,5
sim00333,74,1.0,0.20270270270270271,0.35460889791191913,0.5210117086379817,0.07004685517397953,0.012801133664375462,75.0,0.5877073479190722,0.01701369928095121,-0.15730671813569824,1.0824772991736942,4.30406509320417,4.31748811353631,1.000088900581841e-12,-1.2410428774078046,2.6044344490024853,-0.12388651662154442,0.4478546788929467,0.25323044585580484,0.17427062380931485,0.10359629010423335,0.003350742289525183,-0.003681147783399335,3
sim00334,105,1.0,0.3047619047619048,0.36968541202306965,0.3353940160828123,0.061532794340202646,0.004107137604387612,106.0,0.6645059839171877,0.05434522581408757,-0.3466117786173785,1.066347123149093,4.653960350157523,4.663439094112067,1.000088900581841e-12,-1.2873224507013232,1.9471164139561539,-0.688955504513479,0.3604111730959999,0.1905638052387216,0.18609599138510485,0.2478162294441918,-0.09744772119866281,0.010276676673050237,3
sim00335,96,1.0,0.8541666666666666,0.49092583561224507,0.0656582631558264,0.0023793818325216795,0.00041924597048945367,97.0,0.03336777161126633,0.049583500088158504,-1.0386478734268847,2.0777014484913474,4.564348191467836,4.574710978503383,1.000088900581841e-12,-2.606812614111191,2.828209944233784,-20.35714585549347,0.9700546271931022,0.029945371745072596,6.415480317525635e-10,0.0,0.11017323751434878,0.16892491202631277,1
sim00336,54,1.0,0.07407407407407407,0.19210988328555467,0.7775342541606431,0.35635264666781247,0.046003686531747495,55.0,0.10209587821551991,0.009629740274555786,0.07450824819246442,1.149597581989632,3.9889840465642745,4.007333185232471,1.000088900581841e-12,1.3577004517821745,1.9417847606284195,0.46549114071038983,0.049931129854382944,0.04605430276220674,0.23590400122862387,0.2526140179501994,0.013734647570739581,0.11022769233668775,3
sim00337,110,1.0,0.4727272727272727,0.42520405693104685,0.3390942139970896,0.02522676099831885,0.0034238948786677686,111.0,0.7340164581630118,0.05684987005892885,-0.101754396399019,2.012293524683351,4.700480365792417,4.709530201312334,1.000088900581841e-12,-2.0463052305550558,2.703353742777512,0.09275657112435841,0.7470845577644889,0.10281294509717916,0.062050715162231755,0.041706030681565795,-0.15774755673286223,-0.011545131482435465,5
sim00338,49,1.0,0.1836734693877551,0.4045924544976446,0.2061929674640841,0.03849530120319572,0.010467022960552148,50.0,0.8931933580773657,-0.009491760307300612,0.14729770311356102,1.753217518287916,3.8918202981106265,3.912023005428146,1.000088900581841e-12,-0.9075317325468346,2.5895137542418922,1.0524190516510599,0.10580108674750831,0.14760862733002864,0.6098733889290483,0.12224166567670904,-0.17201535965160047,-0.17880474303437052,5
sim00339,16,1.0,0.25,0.30011298214018545,0.5915654360372177,0.12376445081352394,0.045583137229781,17.0,0.5391708622569334,0.144093520699334,0.36426508896992,1.4314540295488773,2.772588722239781,2.833213344056216,1.000088900581841e-12,-0.6969244117607655,1.7737464037863526,-1.3554425861032868,0.39062109557473185,0.2533729997356624,0.3067553753745291,0.049182184723052594,0.34488324344397636,0.26970511855778473,7
sim00340,29,1.0,0.3793103448275862,0.3223925315055099,0.7015137446821813,0.1371894191380806,0.03137087863870544,30.0,0.663845196846415,0.14641337545995553,0.01243001420410794,1.0871887963588376,3.367295829986474,3.4011973816621555,1.000088900581841e-12,-0.4865028912322475,1.8918132681687165,-1.5724724624671171,0.17269228701843686,0.43722917209955164,0.3716053309179331,0.018473209956789187,-0.3829259834629235,-0.42128794110946066,5
sim00341,116,1.0,0.08620689655172414,0.17526197868437599,0.5630497691345675,0.3443144235564391,0.026835360583235216,117.0,0.22566412989164897,-0.005374224923842091,0.13478699231315594,1.1780937515484708,4.7535901911063645,4.762173934797756,1.000088900581841e-12,0.6782570777494928,2.2017553715191114,0.03677945086868635,0.11198223035039295,0.1153780482248459,0.19802134676205982,0.31040683629934934,0.013451504695326084,0.0771675209023512,3
sim00342,50,1.0,0.16,0.2909194037557675,0.5815753720455477,0.18235145316308565,0.03299190364953172,51.0,0.2438378153518153,0.04919799723206743,-0.16701434266277315,1.0904723207176663,3.912023005428146,3.9318256327243257,1.000088900581841e-12,-0.011068030943659529,2.202349306285079,0.16901484378500406,0.07950962418333717,0.09143202251261687,0.24525159031092553,0.5747256283981826,-0.020274893874214425,-0.1685949324596334,3
sim00343,44,1.0,0.06818181818181818,0.18498423733503158,0.5118002362962986,0.2893548965006416,0.052758328400809726,45.0,0.35800880487974773,0.013069796627153381,0.10756932206614002,1.6108812148050675,3.784189633918261,3.8066624897703196,1.000088900581841e-12,0.23027705970805357,2.0822573277632563,0.2971894273673766,0.06874655704709774,0.046799736416588265,0.42212229816022534,0.1796048670869338,-0.23510942740489035,-0.22929779095133124,5
sim00344,68,1.0,0.3235294117647059,0.29933904807261713,0.6310075406503968,0.09481410335599587,0.014207223398336683,69.0,0.30533541952212706,0.04811953142833287,-0.516956374619531,1.2306003980074767,4.219507705176107,4.23410650459726,1.000088900581841e-12,-0.8051665727666474,2.3213400620474207,-0.846912125677223,0.3028028991718057,0.4249033104759643,0.2507431860557411,0.021550603609528138,0.16281724189039787,0.19796276093066395,3
sim00345,117,1.0,0.20512820512820512,0.29682488009133257,0.6420914952307504,0.11698240929898562,0.010437205475018422,118.0,0.4703981625564689,0.008915016630698979,0.10665533734145466,1.2154628668242622,4.762173934797756,4.770684624465665,1.000088900581841e-12,-0.7559261099475494,2.3455272300874856,0.14153731461276708,0.2442921976943663,0.4034476360915909,0.17776086881971526,0.0422580858015995,-0.09829959155503404,-0.011032975245300605,3
sim00346,60,1.0,0.08333333333333333,0.18307579575955124,0.591867533101121,0.23897707123255535,0.02787093465923432,61.0,0.4097373574762558,-0.00808889699226346,0.1185966455180541,1.1492570628976013,4.0943445622221,4.110873864173311,1.000088900581841e-12,-0.011961067531319331,1.945561328266176,-0.7053081685811875,0.23750817842809938,0.315412155083985,0.2770592996517451,0.14873833965040503,0.004393806762274439,-0.04541282815006289,3
sim00347,93,1.0,0.4731182795698925,0.4366337971552157,0.2377152605771813,0.021739641888416747,0.002420373481656113,94.0,0.8052810891162764,0.12187510479685883,-0.6631358660211254,1.2617923965520594,4.532599493153256,4.543294782270004,1.000088900581841e-12,-1.9758557433715445,2.3373839397286633,-0.7451380014546156,0.3658419648028003,0.1438496494719164,0.3844030839894106,0.10590530168987379,-0.04358137499171152,-0.03898975463884886,5
sim00348,59,1.0,0.3559322033898305,0.254677719681461,0.5767964891771596,0.14101714228009773,0.025237698126944985,60.0,0.42481256975484444,0.08977315867160292,-0.21727882950021896,1.5055570827968572,4.07753744390572,4.0943445622221,1.000088900581841e-12,-0.5497072742060923,2.3569948181902185,-1.0753437008526265,0.21217261102879606,0.2464517872894372,0.5294258892000686,0.011946909834573758,0.14971596933160392,0.11995623723903977,5
sim00349,24,1.0,0.041666666666666664,0.15472169660289403,0.4641472260011375,0.3372172265722452,0.07263685919094903,25.0,0.19013149385981387,0.0018226702138092004,0.27216608250195545,1.0272503294855617,3.1780538303479458,3.2188758248682006,1.000088900581841e-12,0.7838947887831866,1.6427990137096262,-0.40255173050728965,0.21669794444884155,0.026390292391091308,0.14571067684092798,0.25442251549829425,-0.2599294387083005,-0.2504771242512107,3
sim00350,29,1.0,0.10344827586206896,0.1486946133333189,0.5109505757634109,0.21957049274002038,0.045101849569306456,30.0,0.31301475312594723,0.057068633501538166,0.35390503566475867,2.36978619830363,3.367295829986474,3.4011973816621555,1.000088900581841e-12,0.02086547007580515,1.7845457535578921,1.2566345827029584,0.07396617377038493,0.21094095010700178,0.04297598967895941,0.24200064827710333,-0.1443791980535571,-0.07492722229323599,5
sim00351,104,1.0,0.46153846153846156,0.45265971672148,0.18193467103006944,0.03939141956883168,0.005494438436367529,105.0,0.8179653289699306,0.04900708131168108,-0.08566490743230537,1.3572272873579188,4.6443908991413725,4.653960350157523,1.000088900581841e-12,-1.329713825534373,2.674579268786844,-0.25616010793758925,0.15412162655933198,0.014504555855813846,0.07543168038950995,0.44640486609808644,0.1332729518149453,0.21191915083142393,3
sim00352,53,1.0,0.3018867924528302,0.42844795931589136,0.31697858724987266,0.09591806138408984,0.021288469740376605,54.0,0.08218535015056594,-0.04597599451819504,0.19539928422305186,0.9165426460095973,3.970291913552122,3.9889840465642745,1.000088900581841e-12,0.24027705081763595,2.4649632126918295,-0.4936013921068036,0.019454131620004197,0.01855293981641453,0.06518420706446044,0.10123939068730706,-0.02790131104031992,0.1866308997076253,3
sim00353,90,1.0,0.13333333333333333,0.25246337289411713,0.929978145289519,0.26152889680645613,0.034349481943472995,91.0,0.8488082464954159,0.017430191548867872,0.33028961998317385,1.4091662308860913,4.499809670330265,4.51085950651685,1.000088900581841e-12,0.7119178357456944,2.4698518254261916,0.26783540100698405,0.10970955872415776,0.053622979941511474,0.24613721849660156,0.3948873442513119,-0.2667852771635013,-0.14668345409150904,3
sim00354,115,1.0,0.5391304347826087,0.3901512493079806,0.5247205250593157,0.045664280862819484,0.008567463242864688,116.0,0.5657027842617854,0.06120084971634531,-0.5913839917474187,1.4226547766361137,4.74493212836325,4.7535901911063645,1.000088900581841e-12,-1.682726281822803,3.071587418504784,-1.0896897558185983,0.7711129384589005,0.19263768268701364,0.03566712592644069,0.0005819297336257397,0.040057511028964266,-0.018495206691172075,5
sim00355,58,1.0,0.05172413793103448,0.22951773408606882,0.8594608035113511,0.1989600058342475,0.02528533695295276,59.0,0.4739901466620403,-0.024852282872722793,-0.006571386869990338,1.2228663738017826,4.060443010546419,4.07753744390572,1.000088900581841e-12,-0.225647371188092,1.9975638421181725,-0.4633669871255267,0.22445389225646467,0.12552103778363458,0.18854789184376633,0.321900646859976,0.10079762310883615,0.06040964878516256,3
sim00356,107,1.0,0.12149532710280374,0.31773516232587234,0.47866411572229806,0.12882390301588345,0.009676830906721695,108.0,0.7930556386907965,-0.03313507626123393,0.057038716712346685,1.0381634015625227,4.672828834461906,4.68213122712422,1.000088900581841e-12,-0.24214169478991399,2.0841169168780853,-0.6072989433292499,0.11338578999971985,0.36243967157951207,0.21647181047670017,0.2778511230491528,0.07026842281457887,0.02866960666243431,3
sim00357,38,1.0,0.8421052631578947,0.4898945447289952,0.04042816981602727,0.0010869164424872318,0.0004209693227114404,39.0,0.03980644272565569,0.21642044504747032,-0.9168913396857097,1.4002115281310157,3.6375861597263857,3.6635616461296463,1.000088900581841e-12,-3.5600636477948275,2.6890460761695647,-4.27749912008471,0.4664430087157402,0.4998075016247512,0.033543819219917795,0.000205669519556819,0.13657215097871794,-0.12543881563182796,7
sim00358,60,1.0,0.21666666666666667,0.3323503068673921,0.4770159367020042,0.13978918129899687,0.023324421668604753,61.0,0.4233004613146748,0.04350106572990019,-0.049752298226373434,1.1218913069997785,4.0943445622221,4.110873864173311,1.000088900581841e-12,-0.5575129192296417,2.303710073958772,0.3311532692893225,0.20319793865330255,0.05397227222346094,0.13882950621488832,0.5954069170388837,0.2950537328333379,0.20820278917466786,3
sim00359,88,1.0,0.06818181818181818,0.2410334746440469,0.8207255339034838,0.416850564699735,0.056947460606496976,89.0,0.7601724620608982,-0.017297247033806515,0.019891132739837905,0.9420440638110644,4.477336814478207,4.48863636973214,1.000088900581841e-12,0.8270176741059914,2.486738113767546,0.4871251496532123,0.05513741505552022,0.025732860745920384,0.0730610410373467,0.38377828774903294,0.3373713190245981,0.1979104945423855,3
sim00360,59,1.0,0.15254237288135594,0.24726873385726153,0.6479091489052421,0.098208405144028,0.024079927561582348,60.0,0.44993501253412294,0.02904883017245546,-0.5246150669604015,1.5110733544397783,4.07753744390572,4.0943445622221,1.000088900581841e-12,-0.9242925032356539,2.671824251746974,-0.2998154931965097,0.11656434196737804,0.524863315142654,0.14888467217971352,0.1734591194618381,-0.012563457735312365,-0.07033099775450974,3
sim00361,118,1.0,0.1016949152542373,0.21413553545453462,0.5534023124670197,0.44916741069075145,0.08146342678116722,119.0,0.7784157655185349,0.011008808415083853,0.16887913378525865,1.5477819971518703,4.770684624465665,4.77912349311153,1.000088900581841e-12,0.957087356824944,3.063443122023762,0.2369954944437713,0.05400188141214948,0.06678958881353297,0.14849726429178076,0.30259680916217624,-0.00790039865256808,0.034138206294951526,5
sim00362,27,1.0,0.18518518518518517,0.44816861043875705,0.11616823464512603,0.015906005023532416,0.00443980358353378,28.0,0.10736677284486018,-0.0005003238684488684,-0.2495461222639207,0.8950171688528225,3.295836866004329,3.332204510175204,1.000088900581841e-12,-1.7959745418404667,2.019750289693708,-0.3008071672239425,0.1965380739732585,0.48777689838519356,0.10042166804753044,0.10728190964039684,-0.20845535775868881,-0.08716308960628467,3
sim00363,114,1.0,0.13157894736842105,0.23983017696131428,0.6154634876130501,0.1946504955795447,0.020876531006021642,115.0,0.4832305885219023,0.003858183294274872,-0.0736482148941867,1.0250211084104017,4.736198448394496,4.74493212836325,1.000088900581841e-12,-0.24912981203773032,2.5036184374535773,0.260169622309894,0.10701586217468091,0.1742176112311568,0.1465026096023219,0.4223989902187901,-0.0738495247531271,-0.08210075661134905,3
sim00364,91,1.0,0.24175824175824176,0.2957623531838265,0.575406415910203,0.15359185756665067,0.01650943619207331,92.0,0.7857004605025071,0.05150311628311048,-0.0605885570645587,1.182644443418257,4.51085950651685,4.5217885770490405,1.000088900581841e-12,-0.09189629223775878,2.280492805178478,-0.6910629326784469,0.1883620064328448,0.06652098343567843,0.3295305913944224,0.40416794703033265,0.19053523855037602,0.12131048569090064,3
sim00365,70,1.0,0.2714285714285714,0.3296854438261077,0.5589649257258663,0.08110959950166108,0.011812766268687888,71.0,0.47769599321054906,0.054530243400138824,-0.21623973762621077,0.9519036160289833,4.248495242049359,4.2626798770413155,1.000088900581841e-12,-1.123667740195494,2.3218747547497083,-0.5279708120625384,0.44202361807817137,0.3354932045240719,0.14184743914452755,0.07909651408309877,-0.07720984556776105,-0.05748250225534397,3
sim00366,22,1.0,0.18181818181818182,0.22836662363215093,0.6728228964713148,0.19367807026327016,0.042527719738397925,23.0,0.6334545658189727,0.0727282559226232,0.06962073376132534,1.0820840770784275,3.091042453358316,3.1354942159291497,1.000088900581841e-12,-0.1813581312453689,1.5750011966794715,-1.0297194473000344,0.24218641251392875,0.4630352117434186,0.1836611412338871,0.11106131996190342,-0.33869854469115807,-0.3620017172118283,5
sim00367,50,1.0,0.12,0.17982382857809104,0.7252045059742984,0.12742393728620616,0.021577721634892622,51.0,0.27269672909417275,0.04918213171654318,-0.4010920303574837,1.3847978251543107,3.912023005428146,3.9318256327243257,1.000088900581841e-12,-0.44242894447574377,2.13616476543989,0.235661048591418,0.20971333665598865,0.16258762936013008,0.17540744008803108,0.32538401881569745,-0.1169317331076653,-0.15822680026001362,3
sim00368,104,1.0,0.5673076923076923,0.46782768636864674,0.09612285773694727,0.006745153659695552,0.0006882274295952351,105.0,0.08049715010225655,0.011460876402936042,-0.46142962074793675,1.1214745202498488,4.6443908991413725,4.653960350157523,1.000088900581841e-12,-2.3954753749888926,2.3619306850996726,-0.5143974300401861,0.4233173611554637,0.378722176633034,0.1530623226881267,0.0448713578724708,-0.10210109698728495,-0.046166731839905835,3
sim00369,17,1.0,0.0,0.1238949565707476,0.42321429698318014,0.27995213615001446,0.09936671724078443,18.0,0.2918083184833802,-0.0326077752948786,0.047154644855742486,0.7463642319012105,2.833213344056216,2.8903717578961645,1.000088900581841e-12,0.30356198839505594,1.7974119187503932,-0.8085959272526753,0.18976574258002935,0.23105334214178147,0.09882186836822494,0.09802066055940746,-0.07380725913543046,-0.028035047733966815,3
sim00370,16,1.0,0.4375,0.44716577437650423,0.19655732910612317,0.014540301260107347,0.005884474498836915,17.0,0.12179820572992872,0.1269004691383236,-0.6236981614423921,0.8272636969856166,2.772588722239781,2.833213344056216,1.000088900581841e-12,-1.9955625547993756,1.86798197172668,-0.6711887830262193,0.8449114464859083,0.1263941726854091,0.022202206062042283,0.006439958751195719,-0.5798972265507358,-0.3813591302302207,5
sim00371,47,1.0,0.23404255319148937,0.25771494207173357,0.569908044149451,0.09898117516753081,0.022278221567430756,48.0,0.43278188585886596,0.01958138230495242,-0.4603312990894604,1.4720130570596257,3.8501476017100584,3.871201010907891,1.000088900581841e-12,-0.9082928228432303,2.3588275089937505,-1.1461722077362249,0.3671842786354722,0.40080656210763516,0.2079664275352187,0.024041022606687678,-0.01797301541511426,-0.013011543256540851,5
sim00372,94,1.0,0.22340425531914893,0.1453349172369481,0.6141600951291704,0.22774646028034168,0.027956782239831897,95.0,0.34704666558112274,0.09939855893640104,-0.058635848986939375,1.2192154127726642,4.543294782270004,4.553876891600541,1.000088900581841e-12,0.00502335567380151,2.4457216143323572,-0.3999976246237711,0.2260283783155056,0.21441040894681604,0.14740065533182653,0.2555065603000399,-0.25023354753052496,-0.2803861985974157,3
sim00373,69,1.0,0.08695652173913043,0.19202671016675585,0.6692761705049223,0.3237993541885946,0.07937261916445328,70.0,0.5970148302281716,-0.019265522250836154,-0.032778875665108856,0.9152464670138408,4.23410650459726,4.248495242049359,1.000088900581841e-12,0.29703760971316084,2.828135919615916,0.20610703735802,0.07883100412031609,0.06786968190091153,0.20645785619370519,0.19573414910505849,-0.052033189869673695,0.05113300875400493,3
sim00374,72,1.0,0.7638888888888888,0.48962356777935956,0.0680864746819502,0.0017994230577125954,0.0005116143664665934,73.0,0.0681864746819502,0.05760455535140437,-0.29631147550659465,1.3968153063716713,4.276666119016055,4.290459441148391,1.000088900581841e-12,-3.564157571718664,3.019015862699313,-0.6218575542756444,0.5012318171336535,0.086815481681907,0.31854717196053106,0.09340552866817475,0.29648534268549476,0.10955216045951388,3
sim00375,47,1.0,0.19148936170212766,0.29334827889300186,0.9191131237997846,0.1634381527218698,0.02663779206803002,48.0,0.6260231792910788,0.10762133304161675,-0.4014139326806928,0.9091271243526943,3.8501476017100584,3.871201010907891,1.000088900581841e-12,-0.3593912898713177,2.036043915407645,0.37079763784065556,0.08929011082169935,0.06426613477909185,0.054749278761236204,0.3696025064665537,0.26965558366116404,0.07509246006796043,5
sim00376,76,1.0,0.32894736842105265,0.4351093547184639,0.14165644325639115,0.026294191978535254,0.0021720582019413128,77.0,0.8582435567436089,0.09466605938174333,-0.21880741839355217,1.4550980640768394,4.330733340286331,4.343805421853684,1.000088900581841e-12,-1.5318949650311564,1.837060458565406,-0.602655856625314,0.18269227006251693,0.2458578559275862,0.24944809980608623,0.17108363843986124,-0.1274158647239478,-0.059803484291890266,3
sim00377,70,1.0,0.2571428571428571,0.23870081080621475,0.7630758756687763,0.1599462031252884,0.011148438225896002,71.0,0.23682412433122368,0.11948938951388066,-0.2224802610550114,1.0278051557035952,4.248495242049359,4.2626798770413155,1.000088900581841e-12,-0.12221347719377189,1.5849571321417901,-0.7154568773453357,0.2710027394998776,0.17093947094960923,0.36087261723333,0.18319136025774235,-0.16667036950520228,-0.20005458865834827,5
sim00378,90,1.0,0.28888888888888886,0.3412932157431856,0.440023884070668,0.0736414108459347,0.009381932278737258,91.0,0.440123884070668,0.03554089018031121,-0.20776328339168246,1.0877851990682188,4.499809670330265,4.51085950651685,1.000088900581841e-12,-1.2078089858275634,2.4393878960117745,-0.49118684890604597,0.2809277454293827,0.541279765428202,0.08296424998665194,0.09154724047303653,-0.2842159305623236,-0.17741533190688327,3
sim00379,64,1.0,0.0625,0.14720465239995187,0.4981949597571328,0.29801963259285025,0.02935283056514763,65.0,0.5913316212005342,0.001763763322702814,0.11019423296109801,1.3893463223269293,4.1588830833596715,4.174387269895637,1.000088900581841e-12,0.20963364830279396,1.8411127010261719,-0.3836571841346459,0.16614257258392073,0.09677739786008116,0.30827019943715717,0.24810232803338514,-0.18539663866681383,-0.13362723716941485,3
sim00380,103,1.0,0.10679611650485436,0.14640204281810837,0.6595290446681585,0.3933783961230777,0.09364721389781777,104.0,0.5827488776252564,0.027901537592056165,-0.11557558670473986,1.2238903885216652,4.634728988229636,4.6443908991413725,1.000088900581841e-12,0.4810826632357108,3.1994916776252804,-0.02584676328341874,0.06981683424987811,0.08559248749274219,0.1395789360460862,0.09732100009009434,-0.08708893760472079,0.06861797936073558,3
sim00381,99,1.0,0.1111111111111111,0.17598791054180182,0.6551416642833409,0.3310771780407139,0.055470819414263225,100.0,0.4045926681720727,0.013303818765130473,0.20236302192685873,1.8038210744149643,4.59511985013459,4.605170185988092,1.000088900581841e-12,0.31798022744468163,2.80862544153339,0.1397510253143274,0.15004292792855628,0.09283326951937469,0.27352535410511536,0.3635800384163028,-0.09127563003013482,-0.12455431067949402,5
sim00382,110,1.0,0.11818181818181818,0.27530186681247976,0.5504120606264532,0.1685982395740093,0.011022955781909188,111.0,0.46995707644126716,0.008200641614389936,-0.10528632865488374,0.9607702256415763,4.700480365792417,4.709530201312334,1.000088900581841e-12,-0.39032547186434996,1.9729417486869985,-0.3101302532174717,0.14295536859019414,0.22451714566261194,0.18652949403209523,0.1260369167569622,0.19201967804341152,0.1963498598112529,3
sim00383,109,1.0,0.42201834862385323,0.3843284447978696,0.3525296075403417,0.05467606252758236,0.005506540131571741,110.0,0.34996554474438835,0.03888612330360704,-0.23319126921895003,1.1374011302656053,4.6913478822291435,4.700480365792417,1.000088900581841e-12,-1.4256787967326972,2.395858381158022,-0.3017270754317548,0.31751495925187867,0.4739266322657897,0.17366944591495762,0.020411729596300207,-0.08665603750677084,0.0031073199196481787,3
sim00384,27,1.0,0.48148148148148145,0.46146386378743925,0.21549190806332785,0.008570725542888256,0.00415758422791608,28.0,0.21559190806332784,0.08232565698826601,-0.47033096512526723,1.2381547441973961,3.295836866004329,3.332204510175204,1.000088900581841e-12,-2.982209047610663,2.572418664437985,-1.3788916120534715,0.8001844935851522,0.15697110093307834,0.021443629174370947,0.02140077619072212,0.2567685489575365,-0.13207132026836882,5
sim00385,69,1.0,0.18840579710144928,0.2735446733194881,0.5147661075853253,0.09263101255734278,0.01056012143793165,70.0,0.48508657556350676,0.04906935527602575,-0.48040532036762884,1.0759037483322857,4.23410650459726,4.248495242049359,1.000088900581841e-12,-0.9919468865671359,2.0625672875539043,-0.29177166540096505,0.26069802217433136,0.3115026947504118,0.18116237131039567,0.19689767065807676,-0.11445621436280204,0.020323538000807287,3
sim00386,81,1.0,0.13580246913580246,0.330143016459186,0.40278910493242304,0.18598206763934066,0.01952471497909735,82.0,0.8257611327337633,0.019168301554216127,0.16327184007416,1.2102445932273236,4.394449154672439,4.406719247264253,1.000088900581841e-12,0.2566728331921075,2.1404799936416117,0.06521518792884337,0.17037537556097787,0.06396874546232292,0.1351725163405597,0.35932301830168917,-0.09061517533435737,-0.07023990671345094,3
sim00387,42,1.0,0.07142857142857142,0.16589181343044745,0.5457707201692097,0.17175128681989235,0.02294131076024261,43.0,0.5309172751787105,0.0050625742176691494,-0.2922534266850893,1.0246367752832946,3.7376696182833684,3.7612001156935624,1.000088900581841e-12,-0.3715826544606042,1.7245614433088519,-0.32385237961998753,0.14362868795297168,0.27067506826581383,0.2392153860483592,0.194349034959571,0.07880418773552143,0.05103471941136801,3
sim00388,87,1.0,0.21839080459770116,0.2698117292194407,0.5412824628438098,0.1743790332328104,0.013648448237453913,88.0,0.6553108775811469,0.07003818869269848,-0.04750591078081541,0.9976865863339035,4.465908118654584,4.477336814478207,1.000088900581841e-12,-0.2587661007205187,1.9183026692011143,-0.6615417445103746,0.20196727483845378,0.2577199881071059,0.22506606194758014,0.2846474590889805,-0.23722721129342722,-0.2250338169637022,3
sim00389,80,1.0,0.1125,0.219007229966599,0.6655099028492897,0.22979236138164086,0.02924756770265142,81.0,0.7344677270974553,0.0012554085528549807,0.18777580722318174,1.1526154269094697,4.382026634673881,4.394449154672439,1.000088900581841e-12,0.16404895902407116,2.320646924541866,-0.60456971313226,0.2000653319856944,0.266910671023421,0.14548551795030262,0.3411489696010602,0.14166879917982822,0.09146086437778443,3
sim00390,115,1.0,0.10434782608695652,0.19667539405079687,0.7913919766736512,0.23634643216953055,0.028258808018777,116.0,0.2069899567337165,0.008843801753445442,-0.18177894285759635,1.1592830154218456,4.74493212836325,4.7535901911063645,1.000088900581841e-12,0.36454778021821355,2.6210386635969023,0.2981945725803927,0.11479864822766941,0.09512165119784942,0.15370753453802713,0.41805211783995366,-0.07613000556803778,-0.029773324975718347,3
sim00391,33,1.0,0.2727272727272727,0.46517401823482457,0.09953215588258109,0.01168082087807682,0.0022367645530139545,34.0,0.06135482633262023,0.0069272822922471335,-0.0005382178908958316,1.2267966839116946,3.4965075614664802,3.5263605246161616,1.000088900581841e-12,-1.5954078332291743,1.8435897292462444,-0.4747073644612487,0.10815782805395642,0.3574195223114973,0.052872755209934,0.3790916111634154,0.1051677597515647,-0.026690919284076253,3
sim00392,39,1.0,0.8717948717948718,0.49507728564836767,0.023280038461223063,0.000355318961042732,9.190236260950524e-05,40.0,0.9809689910627735,0.1462607460269889,-1.4280481126750009,1.5644107334602155,3.6635616461296463,3.6888794541139363,1.000088900581841e-12,-3.9615946770430495,2.311272416870759,-3.912856956111566,0.878306929484385,0.10320752586985758,0.01653660936777527,0.0019489324636093334,-0.3011533421631009,-0.18036753025237562,7
sim00393,104,1.0,0.14423076923076922,0.19162967188298913,0.8236251276318096,0.28171789036977274,0.01906798848021864,105.0,0.4367790439681182,0.031630119235277504,0.2786918671787301,1.2815563463550046,4.6443908991413725,4.653960350157523,1.000088900581841e-12,0.13556200040589758,1.951495650569326,-0.7191746804069596,0.1922247138517595,0.22821445714059427,0.24843345222517416,0.284308077537063,-0.08615881891621525,-0.08956026735266875,3
sim00394,103,1.0,0.1262135922330097,0.2455561719665283,0.8885774181841297,0.25419874754158084,0.027185458212358325,104.0,0.7122664094630125,0.024033754862260965,0.01020967770060565,1.119582159509958,4.634728988229636,4.6443908991413725,1.000088900581841e-12,0.2153846794722477,2.3992947619707365,-0.09032333006484972,0.08051286170447032,0.10350446362312972,0.27906106695810945,0.3706987921595167,-0.04038056386478531,-0.059740390011443455,3
sim00395,12,1.0,0.08333333333333333,0.24756881201777822,0.5384270564805709,0.12669294961069288,0.06539995177632721,13.0,0.5439249051285919,-0.015798411223027848,1.014428772375678,1.8427064477253905,2.4849066497880004,2.5649493574615367,1.000088900581841e-12,-0.6719469545352811,1.8236617313520926,1.5467143330290396,0.20771769669402496,0.5353849000047678,0.23126686963622226,0.011513517518202359,0.4231881298817484,0.03644530879815453,5
sim00396,21,1.0,0.047619047619047616,0.22571795564984662,0.6844092972485334,0.36658747897655175,0.14898733108202958,22.0,0.6473186985838537,0.005871771902843434,-0.08704150839951252,1.4437811655031059,3.044522437723423,3.091042453358316,1.000088900581841e-12,0.47358888688005835,2.144146533341606,1.4765354277602944,0.02518496674779952,0.021508077908999026,0.2998298409060719,0.09977682603379423,0.5406894633182292,0.3043661729555833,5
sim00397,40,1.0,0.35,0.40471107468657336,0.2784188811415712,0.03555294133786198,0.0069454441345923835,41.0,0.7439139763202962,0.060700841686332496,-0.40835463064648686,1.0354678158445483,3.6888794541139363,3.713572066704308,1.000088900581841e-12,-1.6786606530689232,2.055942486677856,-1.0789478878780558,0.2852564199798881,0.28802877039034264,0.41960334756824547,0.00711059549201741,0.008827223555043283,-0.05152327701724576,3
sim00398,25,1.0,0.32,0.39543205582738067,0.2791100116823946,0.04047446466591368,0.011100106285466477,26.0,0.732299672297154,0.11811517565129787,-0.6104417449331105,1.27729247570828,3.2188758248682006,3.258096538021482,1.000088900581841e-12,-1.5776314410485117,1.9251592346940467,-1.3996878326835445,0.4301511962353154,0.4748540159212136,0.08506866436414555,0.009766083959931608,-0.229919699405144,-0.23323438952606831,5
sim00399,48,1.0,0.2708333333333333,0.38915672310555305,0.39964103390718275,0.051891599527418425,0.009576378751620384,49.0,0.39974103390718274,0.007431345678178815,-0.23912659499233763,1.1228567711207325,3.871201010907891,3.8918202981106265,1.000088900581841e-12,-1.5312658972142403,2.18134361148035,-0.42535176307035466,0.506294723851963,0.1445692220310886,0.33896892049670513,0.00976531489886719,0.17222394489724827,-0.00688380613765253,3
sim00400,11,1.0,0.18181818181818182,0.40102342173124117,0.40137927657229217,0.03659108031772716,0.02352552133003569,12.0,0.40240289666944584,-0.02657762529264832,-0.4168535740139852,0.7317819527510568,2.3978952727983707,2.4849066497880004,1.000088900581841e-12,-1.882810821332818,1.9561766149078224,-0.026366263868585815,0.8788907639070659,0.10810809851337275,0.006507557116597245,0.000252522357767958,0.8513049951688636,0.7112176475136444,7
sim00401,42,1.0,0.14285714285714285,0.22895895389250173,0.8106686111744226,0.1777299002633579,0.018727954780341387,43.0,0.4760580612013814,0.0078753747761996,0.004912096641512101,0.9498504005874482,3.7376696182833684,3.7612001156935624,1.000088900581841e-12,-0.3389004358829629,1.4874219501356325,-0.5857481302023336,0.07218880747714367,0.41655273873564735,0.3717364700863058,0.13925484780804395,0.18165687449013926,0.03650552712425743,3
sim00402,14,1.0,0.07142857142857142,0.352003479483164,0.3651479307731288,0.10396011946394935,0.07420991560807705,15.0,0.6898763436056212,-0.03788448619484449,0.6234708553456038,1.7790202894039022,2.6390573296152584,2.70805020110221,1.000088900581841e-12,-0.7217208410094732,2.301947745364848,0.9865278456276931,0.10591717837344909,0.8565610360736411,0.020005011283240597,0.01654089239616877,0.08627890740508179,0.02053685110302346,5
sim00403,70,1.0,0.3,0.241287786904165,0.6136401621792665,0.2289538327347612,0.04412141359380626,71.0,0.3324655923212956,0.10644320624439858,0.0054673399903959405,1.3414896519136512,4.248495242049359,4.2626798770413155,1.000088900581841e-12,0.031148349402189166,2.601920095938016,-0.37040605741199795,0.16258372941827004,0.15949033469143611,0.4592015876138404,0.21789644865974622,-0.19256251977886044,-0.08879095468979528,3
sim00404,71,1.0,0.7887323943661971,0.48444651816603274,0.09849880035357361,0.0026316712752994893,0.0014232670663401246,72.0,0.9134490182879724,0.08879281916605687,-1.4279121931532905,1.9137449107472295,4.2626798770413155,4.276666119016055,1.000088900581841e-12,-3.402586799715967,3.648015720386925,-8.561614163443638,0.8887500262269254,0.10966319509841399,0.001586778294673952,0.0,-0.009576998344440554,0.1172025133587758,7
sim00405,105,1.0,0.9047619047619048,0.4912030498924712,0.09301761351038118,0.001536578822824344,0.0005699243761176328,106.0,0.9068823864896188,0.07511174225129331,-1.025560687722185,2.1276960389410275,4.653960350157523,4.663439094112067,1.000088900581841e-12,-4.006562443004519,3.6621502816290135,-20.362681451462983,0.9196599244052277,0.07877944530049154,0.0015606296434843212,0.0,0.23094608016715387,-0.049121989498106144,1
sim00406,74,1.0,0.24324324324324326,0.2930816368229885,0.5818460226803555,0.10420137973369024,0.017133231601658448,75.0,0.44981647360689025,0.04872274359676813,-0.008988174817737908,1.7411202618994917,4.30406509320417,4.31748811353631,1.000088900581841e-12,-0.865010920639185,2.498759668243517,-0.3552536871514892,0.36637650995793514,0.29881215327415567,0.24150453447205444,0.09049547314324796,-0.07841985487823927,-0.024623222923994548,5
sim00407,29,1.0,0.0,0.1153158933486355,0.5965529172765189,0.659690494716748,0.12387552946531348,30.0,0.5904385177559455,-0.04108040891363143,0.40151585222006003,1.1556436656799718,3.367295829986474,3.4011973816621555,1.000088900581841e-12,1.0035735135377546,1.6948023191504389,1.0326815403977703,0.054428517963984756,0.05371065532093987,0.043069781366320885,0.24617961021728918,-0.015564679885840989,-0.13058431570151596,3
sim00408,111,1.0,0.24324324324324326,0.37188812838840174,0.45633015122162945,0.14229096069654887,0.024011952118637745,112.0,0.5435506444305923,-0.003966732508233789,0.18377796819395723,1.5959675279000842,4.709530201312334,4.718498871295094,1.000088900581841e-12,-0.5559713782235091,2.930207931686947,-0.06446927358968174,0.20038442665288694,0.08399606068230447,0.024666449672267488,0.028882982547897444,0.07519311733373964,0.028695289005871715,5
sim00409,13,1.0,0.3076923076923077,0.43694649713931305,0.16226471864342434,0.018082595748280614,0.007993193460631851,14.0,0.13507148686782683,0.047717852339111265,-0.25722508022145274,1.3836023242229767,2.5649493574615367,2.6390573296152584,1.000088900581841e-12,-1.8657458365428135,1.7485898041688777,-1.9875070971543607,0.5489954656202235,0.14976703208458683,0.30123341053155456,4.091708333298877e-06,-0.14234032271499394,-0.3407040455231397,5
sim00410,92,1.0,0.07608695652173914,0.2787929712251909,0.7648908798707339,0.28046430676229805,0.041222142364848925,93.0,0.20208006550878688,-0.034771186040570744,-0.10275840321818995,0.8692256411496154,4.5217885770490405,4.532599493153256,1.000088900581841e-12,0.5535295047531658,2.6043176565270487,0.43553337912439477,0.03963249720053868,0.05075908583585492,0.050042688363326294,0.358258379598747,-0.043392166605948725,-0.11830722361098676,3
sim00411,47,1.0,0.44680851063829785,0.38692570287182826,0.49711591406244865,0.0666053397677732,0.021415565704212332,48.0,0.454843900235843,0.07425294002754511,-0.3081393509282886,1.2707071976451725,3.8501476017100584,3.871201010907891,1.000088900581841e-12,-1.3144864289012843,2.715480877004087,-2.3880781740277417,0.7604273071314837,0.2114462872709248,0.02746001895056468,0.0006663866320130525,-0.15340945563519484,-0.11223911884071718,5
sim00412,71,1.0,0.6056338028169014,0.43182792679664495,0.37911420419875164,0.025399456764703884,0.006917592186064072,72.0,0.6207857958012484,0.09356673310821946,-0.821697215242261,1.6295116067627478,4.2626798770413155,4.276666119016055,1.000088900581841e-12,-2.2266042505451575,2.962019846901334,-3.1192909513886735,0.7405829685278715,0.2066757870736233,0.05274124435913428,0.0,-0.09153086430604283,-0.12553915653093478,5
sim00413,63,1.0,0.06349206349206349,0.2645699731192762,0.5366174658041116,0.1924032796001789,0.016303174576597898,64.0,0.47903593572531916,-0.014291366966677625,0.214160604815234,1.1162705028523048,4.143134726391533,4.1588830833596715,1.000088900581841e-12,-0.26010781903305646,1.674900990450199,-0.03308248351537124,0.2126617523936993,0.2110224619390308,0.26721373162572887,0.1538198259990745,-0.126965550086579,-0.1396895738525085,3
sim00414,50,1.0,0.12,0.24975792453062556,0.8249934837212969,0.19865997272715777,0.029526512417941696,51.0,0.6187127609178481,0.027679598743928033,0.0508791816401678,0.8462184338726171,3.912023005428146,3.9318256327243257,1.000088900581841e-12,-0.17184416464309282,2.0057169074724035,0.6396583931477582,0.11928518444449047,0.08285843324270087,0.2981612833142678,0.42508883298609335,-0.004130087442083486,-0.09176497722452445,3
sim00415,49,1.0,0.061224489795918366,0.2776131640996164,0.5104981601160319,0.29040637940889347,0.045210667461754415,50.0,0.2282698816067109,-0.015211103843413922,0.13209210095644877,0.8722783757191571,3.8918202981106265,3.912023005428146,1.000088900581841e-12,0.49987300781761146,2.031872112377408,0.28065786522031366,0.061883782287621904,0.1717940955681869,0.0564364710856328,0.14426425831590864,-0.11694752612820059,0.09367650317692042,3
sim00416,85,1.0,0.7294117647058823,0.4813795046080143,0.08835376417412966,0.005274941092017762,0.001137433322224383,86.0,0.9115462358258704,0.09928480147053334,-0.6036035281590458,1.4026827822866812,4.442651256490317,4.454347296253507,1.000088900581841e-12,-2.726899503535234,2.9084579816459466,-2.148811314767506,0.2272063701708569,0.7238368980038147,0.04837486914574214,0.00021701302197460484,-0.040120816890983756,0.04482609839658878,5
sim00417,102,1.0,0.6372549019607843,0.45409102141362423,0.23533243601522613,0.012018495096543711,0.001749289413777354,103.0,0.7645675639847739,0.12849032624947748,-0.40911779434350765,1.9930196557389723,4.624972813284271,4.634728988229636,1.000088900581841e-12,-2.7065323741797003,2.697735740259897,-0.9043934284357729,0.5582298529118042,0.2363542786253207,0.19548242934960144,0.008191853103076598,0.03423364689998735,0.01709741562663367,5
sim00418,39,1.0,0.20512820512820512,0.33797010488226353,0.39678452904735767,0.06376564237194202,0.009102168860460702,40.0,0.39379429747887507,0.029188343434724456,-0.5051582732590961,0.9206369709204891,3.6635616461296463,3.6888794541139363,1.000088900581841e-12,-1.3200782534473698,1.716859842587101,-0.3775628750969539,0.24513638751789488,0.25963802092038657,0.3277454267436445,0.16735974105749357,-0.408894733320867,-0.4223117281471617,3
sim00419,18,1.0,0.1111111111111111,0.22773891818307326,0.6303983817952135,0.21962551112279746,0.0627292578930227,19.0,0.5901896716740845,0.06701470761363698,-0.3609886542433212,0.9479701440036824,2.8903717578961645,2.9444389791664403,1.000088900581841e-12,-0.0964592487315443,1.6372758559353329,0.2564119357259874,0.11677226586584541,0.020105804644039958,0.04110538033190998,0.29592162544293493,0.43913822429407984,0.4433025376396554,7
sim00420,74,1.0,0.13513513513513514,0.23603703233049517,0.769242504963654,0.1869478979230154,0.020899063438667004,75.0,0.34218060493939506,0.01790921843201309,-0.06041604623343439,1.310192371032382,4.30406509320417,4.31748811353631,1.000088900581841e-12,-0.18568386406819498,2.1129394819757703,0.4959364691266286,0.11470951258616223,0.21324614938228745,0.23950409864098343,0.2366278562457891,0.09495941866273598,0.07367323652303695,3
sim00421,50,1.0,0.1,0.27754407820841565,0.5041574388780737,0.2223794979227816,0.05054780716378424,51.0,0.21393442163101795,0.015522029509239635,-0.23161757967013993,1.2991269914341224,3.912023005428146,3.9318256327243257,1.000088900581841e-12,0.2794309024378069,2.4305571976713054,0.1810548418793812,0.048630921353739205,0.01882652454705919,0.21972127691754537,0.270428156235348,0.2868744670725004,0.24247331923674567,3
sim00422,23,1.0,0.08695652173913043,0.14922358801300623,0.5344231866312746,0.14815965473407,0.03896707884205611,24.0,0.5069543731226528,0.04628518474589847,-0.5271216152487102,1.2033864807080201,3.1354942159291497,3.1780538303479458,1.000088900581841e-12,-0.5229770053863382,1.7999209326574368,0.9056399769108187,0.09203808411618858,0.12459967201781326,0.06699290705389419,0.45822497965440573,0.05731449004027278,0.04410593733991632,5
sim00423,95,1.0,0.3263157894736842,0.39083668211770184,0.30527033461763486,0.06932624999067331,0.011833244894018366,96.0,0.30537033461763485,0.0334106929927549,-0.18434945955149312,1.2579538938618569,4.553876891600541,4.564348191467836,1.000088900581841e-12,-1.1183251986813822,2.7859662021370264,-0.17934682214080955,0.2930011441755348,0.19227192103588872,0.15273930350514073,0.36165904578565433,0.17640148853003262,0.0745681923165571,3
sim00424,53,1.0,0.5094339622641509,0.34262295282806576,0.6135322073090566,0.04698041852681175,0.006999802624247875,54.0,0.4472660431068779,0.110103264506979,-0.7800020244524921,0.9793659383568469,3.970291913552122,3.9889840465642745,1.000088900581841e-12,-1.6605442206478667,2.066442976880851,-1.7784273936821064,0.6730812220924847,0.2527583174701826,0.07401798998956664,0.00014247042648052422,0.011879236802015058,-0.008296474170045963,5
sim00425,100,1.0,0.19,0.20932308264721558,0.7496587913711725,0.20242284767825103,0.02602790953881188,101.0,0.6964625379298909,0.024062024814267894,-0.15781076644768174,1.0853393412895564,4.605170185988092,4.61512051684126,1.000088900581841e-12,-0.043404948180546986,2.5539807767973697,-0.40857366194577655,0.1492502151387882,0.24049918626396585,0.2705603469952476,0.3352227311521669,-0.006903784268838924,-0.045908619652043896,3
sim00426,110,1.0,0.22727272727272727,0.40982501413846234,0.32978610090606897,0.04449799309347893,0.00357255307822279,111.0,0.3045450754658483,-0.03415681569987657,0.10759422021063078,1.467918437494653,4.700480365792417,4.709530201312334,1.000088900581841e-12,-1.5601859382526644,2.178316762624711,-0.28411794574381644,0.4889845208361121,0.14618180394202912,0.1355605988058909,0.0911633723300467,-0.10851025955070144,-0.08608427613673052,3
sim00427,38,1.0,0.05263157894736842,0.26094392436209657,0.5108691451781092,0.2557895568003203,0.09911286017374173,39.0,0.22716020591779518,-0.027782491711779548,-0.02393901542774428,1.0036263270395713,3.6375861597263857,3.6635616461296463,1.000088900581841e-12,0.3763830452010185,2.68949029950133,0.5627166515078634,0.0744550967133982,0.1432464849898613,0.057670771293955175,0.20999304092621462,-0.21764993211434194,-0.03291356202676255,3
sim00428,14,1.0,0.0,0.17169766239460366,0.5701786556334117,0.17894929647470845,0.08228433188677454,15.0,0.31444206879601666,-0.033634266601747904,0.06310223386749292,1.87888635248943,2.6390573296152584,2.70805020110221,1.000088900581841e-12,-0.18617507827316035,1.862135535264262,-1.1405171760757586,0.4861336990419941,0.10450019500728486,0.03846003696558239,0.35167485811280086,0.22353531511180003,0.2769049863176334,5
sim00429,83,1.0,0.1927710843373494,0.2836832027850254,0.6126303817658125,0.13536808713478793,0.017978655291647105,84.0,0.37918103307009354,0.040607003264744666,-0.03238352038093997,1.0224789888423393,4.418840607796598,4.430816798843313,1.000088900581841e-12,-0.5533003532174918,2.4000282049127333,-0.34639900153499525,0.2820254775833602,0.2276166411160719,0.3934604097162177,0.07986262660065772,-0.015216426679241397,-0.09005825863808871,3
sim00430,43,1.0,0.2558139534883721,0.46008673238725456,0.11364174938000697,0.020475942182480073,0.007179791687632983,44.0,0.0455493738861145,-0.04077331099482363,-0.0023510147098119087,0.9585933750013699,3.7612001156935624,3.784189633918261,1.000088900581841e-12,-0.7529268683862506,2.7132198385888198,0.28288307706330684,0.24010058211191507,0.13788681953570364,0.05878433998724728,0.09813701538442099,-0.2666103267645322,-0.07696541185616938,3
sim00431,118,1.0,0.2711864406779661,0.30271864813719496,0.3863107664161658,0.10030783533786447,0.007729575398532213,119.0,0.6346727699452197,0.073273549526549,-0.45412406520958487,1.2141896142521267,4.770684624465665,4.77912349311153,1.000088900581841e-12,-0.8379039258670263,2.2074947445324735,-0.5824424528560945,0.1647419693431685,0.12424919639538391,0.34798008412083875,0.3480939677182917,-0.1454909319532347,-0.08242057373131853,3
sim00432,32,1.0,0.0625,0.2620309237089109,0.7564505080845055,0.10999324020426239,0.019043602726228806,33.0,0.7644572971781046,-0.04555728713135286,0.7715595892631003,2.3017984056715783,3.4657359027997265,3.4965075614664802,1.000088900581841e-12,-0.4928842017668325,1.7120482216238473,1.7873202790005647,0.2078202406629652,0.3248722357416211,0.2008156981881663,0.07643198723982071,-0.33841772310244417,-0.040227499666451505,5
sim00433,60,1.0,0.23333333333333334,0.3521056611711267,0.4678166290441333,0.07971436628759503,0.01271836146403168,61.0,0.4679166290441333,-0.007198732198995787,-0.17663789703104124,1.1208011180792214,4.0943445622221,4.110873864173311,1.000088900581841e-12,-1.1388852232743694,2.2589414713400098,-1.0318919661076558,0.3615464841599161,0.4091622229023026,0.18562712927379763,0.04245566386625646,-0.10656006695519904,-0.0940937907833125,3
sim00434,34,1.0,0.08823529411764706,0.24025134971091214,0.5645974249528867,0.25235132674606153,0.06843437439341891,35.0,0.7596695291433899,0.029114157200926007,-0.08018249479746471,1.8224590554307958,3.5263605246161616,3.5553480614894135,1.000088900581841e-12,0.32367910257450067,2.221413502164566,-0.412849518269063,0.05711871551875916,0.05961771823008162,0.07827245973096501,0.31791135224958667,0.4143619152877041,0.2094716225540837,5
sim00435,102,1.0,0.24509803921568626,0.2716092800892408,0.8614903091010291,0.1496348988829931,0.014485685451544343,103.0,0.2826536603300924,0.09146083586696097,-0.2256624406925482,1.019932630054323,4.624972813284271,4.634728988229636,1.000088900581841e-12,-0.30382749841944307,2.2899354446089273,-0.01842286234953408,0.12306066686713879,0.09901594031806614,0.3822504536096362,0.3307545595409213,0.06963055246084522,0.005068766539614607,3
sim00436,54,1.0,0.2777777777777778,0.3089446441321996,0.6559744066520967,0.11875858735714857,0.018181475210005127,55.0,0.3773281467986211,0.0370753362898604,-0.1552514283282632,1.263399651702617,3.9889840465642745,4.007333185232471,1.000088900581841e-12,-0.6822868505327465,2.112294521399911,-1.7879050616064553,0.3170812130105115,0.5503287054702017,0.1174512010258737,0.015117579644108724,0.06899234088792806,-0.03630225946840762,5
sim00437,68,1.0,0.14705882352941177,0.38299467003921794,0.27700630453117003,0.07963171253704251,0.011030525858524088,69.0,0.21392407280825693,-0.015932127812214605,0.051561758758408044,1.0762605728707249,4.219507705176107,4.23410650459726,1.000088900581841e-12,-0.7475068481424465,2.2427617996214395,-0.3766636420793217,0.30063480318691627,0.2655207163801232,0.21062881322015822,0.09228591369261238,-0.19860851653083123,-0.19436822003338416,3
sim00438,42,1.0,0.30952380952380953,0.4046031164988915,0.2793190731057139,0.03358450569620904,0.00631862744407467,43.0,0.2599999867147488,0.09727074891352008,-0.5435151844512434,0.8134805201058077,3.7376696182833684,3.7612001156935624,1.000088900581841e-12,-1.7455116844453142,2.0671068045754755,-0.7505106045117266,0.4913458939948948,0.23544347608218333,0.24151777017458337,0.031004743909300504,-0.16131612106200244,-0.16329413859294278,5
sim00439,34,1.0,0.7647058823529411,0.46994985956228885,0.18167042450460635,0.009053937416973273,0.006276202460004132,35.0,0.8191354417794949,0.2592606274685131,-1.2222014285656893,1.7889092560735544,3.5263605246161616,3.5553480614894135,1.000088900581841e-12,-2.795042882906586,3.159925877978815,-4.691186180044959,0.9059257084866428,0.09177115603274515,0.00230285855964388,2.7681051897668524e-07,0.3336481553773239,0.3233973007545232,7
sim00440,17,1.0,0.11764705882352941,0.20128566662657013,0.7871224017433293,0.20066222862307742,0.0517038995804776,18.0,0.50419084358891,0.0649552808964324,-0.2343999832643518,0.9061957489674836,2.833213344056216,2.8903717578961645,1.000088900581841e-12,-0.21976762281363507,1.4771235098494366,0.9257390318275774,0.19296345869691947,0.025782393721393564,0.054591359423514084,0.7073683625066252,0.23205069407157275,0.0808731995119702,5
sim00441,34,1.0,0.7941176470588235,0.48385801980709775,0.11819439057550545,0.00489512223545545,0.002220155981324625,35.0,0.11829439057550545,0.14257572627567525,-1.2099510885384557,1.5656680665030596,3.5263605246161616,3.5553480614894135,1.000088900581841e-12,-3.0590400507044273,2.735698726231647,-20.149303513549917,0.9960531555088759,0.003934308942095763,1.253534474318609e-05,0.0,0.0474039395856955,0.2970147591838862,1
sim00442,98,1.0,0.5102040816326531,0.4376380673892202,0.3690978082767855,0.028824762604790964,0.006268138556226773,99.0,0.6831018687336177,0.0368345531586436,-0.41417606717750377,1.322053461444029,4.584967478670572,4.59511985013459,1.000088900581841e-12,-2.0162342577675494,3.0592120746315485,-1.1832371993005082,0.7483219718277702,0.15874615340287168,0.04877493487492701,0.044156939859738766,0.022741988433193475,0.11793468595107058,5
sim00443,101,1.0,0.09900990099009901,0.19242509258743193,0.6834214963233506,0.2544346871004896,0.021204608856277507,102.0,0.5015188888055078,-0.0017870725063996067,0.15620938082385805,0.9378535508213096,4.61512051684126,4.624972813284271,1.000088900581841e-12,0.017592481109855958,2.13029490258595,0.024715984275811592,0.21439341990435454,0.1907415634789,0.35381926579847506,0.11480322950441826,0.12133497719504373,0.09338754510849294,3
sim00444,11,1.0,0.45454545454545453,0.3915752288684964,0.6035396595292641,0.1141314489866086,0.06172685475943696,12.0,0.3963603404707359,0.17736044714069335,0.010954809172939691,1.1991764165978298,2.3978952727983707,2.4849066497880004,1.000088900581841e-12,-0.7401950535020881,1.7832635108375923,-6.134444120095137,0.9186304073920455,0.08060408528040977,0.0007655073187828865,0.0,0.5527226915987572,0.48132079561483876,7
sim00445,68,1.0,0.19117647058823528,0.3420967497191836,0.36589729825679373,0.10882964505595902,0.017759621898734874,69.0,0.7853699748452962,0.042923519661498113,0.11773139494663695,1.3651049715329264,4.219507705176107,4.23410650459726,1.000088900581841e-12,-0.43753159564810534,2.406651382210703,-0.35458953685297806,0.11433033280339977,0.5375251942845666,0.2045403504525892,0.11460990580986416,-0.18494253939121327,-0.14722169989176703,3
sim00446,43,1.0,0.06976744186046512,0.323842430003401,0.3049097135357742,0.11689656563461615,0.020591133714686023,44.0,0.32072214159506307,-0.0139743755359185,0.20876760312063225,1.7817652194149107,3.7612001156935624,3.784189633918261,1.000088900581841e-12,-0.6225606383433715,2.02477120693429,0.5482570745490467,0.20269548771930151,0.1629082020409909,0.262816005973765,0.10482975218653055,-0.1566639235129363,-0.12924450591107045,5
sim00447,117,1.0,0.1452991452991453,0.22291839743129768,0.9118557151196975,0.29504601999458074,0.07110470836028786,118.0,0.5980851325043404,0.03833238010333142,0.04698293870294679,1.418243628178507,4.762173934797756,4.770684624465665,1.000088900581841e-12,0.20491322347735116,3.3391961465408744,0.1179082672563089,0.11322910716281369,0.12869486876260855,0.16265563771017197,0.10189022001701997,-0.06120121203176518,0.018259290409870222,3
sim00448,41,1.0,0.024390243902439025,0.18867431740063487,0.7891501046115132,0.39201322479369644,0.07147732490514802,42.0,0.7965918957555143,-0.04038533648463266,0.37278349136048955,1.4701675919859027,3.713572066704308,3.7376696182833684,1.000088900581841e-12,0.8834940310686533,2.0116567558822496,-1.179078272089657,0.0762346363572932,0.3351838522653029,0.11684279938391594,0.05607120754148421,0.04413155743031138,0.025599587384199162,5
sim00449,19,1.0,0.3684210526315789,0.44324950887667375,0.20034293161740901,0.015237019677626187,0.005319887015509208,20.0,0.8487891925059214,0.06961760251091316,-0.36856156743742513,1.3199851946306445,2.9444389791664403,2.995732273553991,1.000088900581841e-12,-2.131002542907289,1.8921630716258182,0.09474119977400725,0.443201095901059,0.513772191247536,0.028104852607485534,0.014921860178289826,0.0264668340991799,-0.03684956435490077,3
sim00450,34,1.0,0.17647058823529413,0.3569606610163569,0.42437714285362127,0.08730136825832899,0.024185815886687827,35.0,0.6792868058327237,0.04719463258272541,0.17318213592335388,0.984460014722282,3.5263605246161616,3.5553480614894135,1.000088900581841e-12,-0.9144692656809915,2.242760729425269,-0.5379431605484466,0.36764959183646445,0.15508715680221144,0.08641803548801452,0.3778720574367901,-0.07514747207909897,-0.25411986296389794,3
sim00451,25,1.0,0.04,0.13938226752515315,0.6667641781149556,0.19110316221417606,0.030906451551576324,26.0,0.48561548549745787,-0.016905839570799497,-0.22336623702049088,0.7489830551908819,3.2188758248682006,3.258096538021482,1.000088900581841e-12,-0.26781951959303235,1.3970273764162375,-0.8060980697865922,0.2586304477832927,0.1857273353626907,0.181710002386986,0.2727882457691258,-0.11827285421685786,-0.26713546417800127,3
sim00452,93,1.0,0.6236559139784946,0.40475804478690014,0.6118931020419773,0.04362353997051301,0.007928825980824892,94.0,0.4969230066669878,0.09376716675193579,-0.6132578091520489,1.7905476469656316,4.532599493153256,4.543294782270004,1.000088900581841e-12,-1.7458261333363878,2.8275075557809224,-3.3616464985530965,0.7765814779437729,0.20830532801644758,0.015053805560069319,5.938845678681003e-05,0.2929941419846255,0.2167090983131448,7
sim00453,97,1.0,0.865979381443299,0.48769356957798626,0.07866320928718255,0.003406333090141397,0.0008453326216878701,98.0,0.07254518435064385,0.09045514074696784,-0.8778740033340794,2.0359470466530283,4.574710978503383,4.584967478670572,1.000088900581841e-12,-2.983262025339773,3.1810494846966977,-6.516131303243482,0.9562166366113694,0.043115480285913325,0.0006678828091465577,0.0,0.08418485046724697,-0.034252257895117,7
sim00454,83,1.0,0.8072289156626506,0.4730324851602245,0.17723317243209596,0.00877843365568328,0.0021643057109960785,84.0,0.15048206192473113,0.1097484176118388,-1.2362902171744072,1.7686496343009346,4.418840607796598,4.430816798843313,1.000088900581841e-12,-2.6784596724492387,3.018642228458063,-10.06225917474287,0.9584058921844355,0.041408059097570775,0.00018604860407805095,0.0,-0.28349191535624263,-0.13299251489665076,7
sim00455,48,1.0,0.1875,0.23719995804184835,0.8037671714747987,0.18542516049386346,0.02202204385131385,49.0,0.38517570845737503,0.049824101548513654,-0.14442685897589014,1.367613441710424,3.871201010907891,3.8918202981106265,1.000088900581841e-12,-0.24462950580397047,1.7405936024659128,-0.2897684077615105,0.1796284914971362,0.1525596128092035,0.26857247474028056,0.3981803440093697,-0.12412242361210246,-0.14923224799996518,3
sim00456,39,1.0,0.10256410256410256,0.18706666706871836,0.5763185504769226,0.22832649660615495,0.034296350350070386,40.0,0.18899134435127535,0.04646722218820568,-0.07253558986195469,1.0614521193910684,3.6635616461296463,3.6888794541139363,1.000088900581841e-12,0.39855194245903197,1.7678239834355756,-0.34639106482728793,0.06333102405650604,0.26196541268943735,0.19162628067430637,0.20400201815914876,0.21424354433410725,0.19896075444550795,3
sim00457,34,1.0,0.4411764705882353,0.4602496549963073,0.12079040056270907,0.013533720628906308,0.003958396826328467,35.0,0.9449878878367355,0.1023958584115524,-0.3412201517088363,0.9182304121477362,3.5263605246161616,3.5553480614894135,1.000088900581841e-12,-1.3457858179788718,2.297015228386535,-0.23228084855697353,0.33737450912827904,0.3567505895780594,0.0115319693056247,0.2342066566269394,0.17259145893454278,0.345547843502019,7
sim00458,39,1.0,0.20512820512820512,0.4054700728041156,0.4297970442619604,0.04922089681286625,0.014234035874394133,40.0,0.4298970442619604,-0.05706219881552547,0.762177141980008,2.4015609619664757,3.6635616461296463,3.6888794541139363,1.000088900581841e-12,-1.605289172397753,2.4228793693186477,0.7482129826918187,0.591595384463418,0.17638730624151813,0.12052345543620188,0.09167710031522867,0.24838004554358445,0.08724730858180059,5
sim00459,93,1.0,0.12903225806451613,0.2051840734022769,0.6017614836170937,0.37883055630659546,0.03639171981246513,94.0,0.39813851638290637,0.0306742519499634,0.1445767581648405,1.124653815171481,4.532599493153256,4.543294782270004,1.000088900581841e-12,0.45801700208490315,2.1898517398947477,0.3478018787998587,0.06691958774332578,0.028704590804800336,0.1702071336864482,0.4835181370385127,-0.1969107945045537,-0.08394607933768569,3
sim00460,33,1.0,0.06060606060606061,0.22178957754183334,0.6401671594757237,0.10416288759580047,0.019856447166061424,34.0,0.6012435672072896,-0.00869274105650144,-0.6409820426001593,1.0377324941906727,3.4965075614664802,3.5263605246161616,1.000088900581841e-12,-0.8336397289381459,1.8390804090890842,0.34681349868995465,0.09697486806600417,0.11630810918232679,0.4147704504907946,0.3592688600545801,-0.1523433033239814,-0.11009692302884817,3
sim00461,97,1.0,0.29896907216494845,0.376701286093879,0.4917492669100775,0.07601890635959195,0.007694478826187312,98.0,0.6893350223417446,0.02218144630871516,0.1341984661093028,1.042649177392339,4.574710978503383,4.584967478670572,1.000088900581841e-12,-1.0357051302144622,2.2842319362258494,-0.050476135488020504,0.5193081192037509,0.31423071992024487,0.02215462117806052,0.034483418388300165,0.02925779791442969,-0.0800231714438878,3
sim00462,70,1.0,0.14285714285714285,0.2593619236381229,0.7162823427381377,0.255457401857326,0.0326911524900439,71.0,0.6861374800320631,0.007954889893708688,0.39543721987898794,1.3274196248792338,4.248495242049359,4.2626798770413155,1.000088900581841e-12,0.17077787870563596,2.192544045931034,-0.5402347105858971,0.32433540673525246,0.056744709550342574,0.39648406069940273,0.16773145108171164,-0.05076046426844349,-0.12099300441349709,3
sim00463,12,1.0,0.08333333333333333,0.29604495736581665,0.43079945256997776,0.0611119900784655,0.01628580359905679,13.0,0.5555711775995532,0.03266077940654435,0.5349890197963423,2.0125446609840965,2.4849066497880004,2.5649493574615367,1.000088900581841e-12,-1.3963232830294403,1.1624923492407724,2.160600803366373,0.4005838015645161,0.11463348658328959,0.1746246668374532,0.1503131973834771,-0.5577176515742991,-0.4681978422596438,5
sim00464,93,1.0,0.06451612903225806,0.28876159189835565,0.8697918933959042,0.17999791073281193,0.02781133895586842,94.0,0.6893021752255358,-0.035994587483125284,-0.021678643874536694,1.2870583602079588,4.532599493153256,4.543294782270004,1.000088900581841e-12,-0.17380003814964717,2.6650980625377425,-0.20483200629073928,0.19139546180471745,0.09072873916264158,0.17775818071497088,0.3601858219716958,-0.08064040857511177,-0.04677636923830026,3
sim00465,112,1.0,0.22321428571428573,0.3695580011318413,0.5415106794495688,0.08608874080301451,0.012040890155317367,113.0,0.5260001026607887,-0.0249216538348275,0.2348504337918641,1.8655638570451465,4.718498871295094,4.727387818712341,1.000088900581841e-12,-1.0633745999873574,2.7514286063465057,0.21670807500942002,0.49083961920616365,0.18601359273269474,0.027714291784328573,0.2666455266374717,0.08586402964977057,0.00997040418433261,5
sim00466,103,1.0,0.11650485436893204,0.18903140407752106,0.7164907198277575,0.22412944326879414,0.02218970489239019,104.0,0.4334006611709624,0.021962319124587657,-0.054286064608697976,1.121730277430425,4.634728988229636,4.6443908991413725,1.000088900581841e-12,-0.09133599946202581,2.322133668857887,-0.49147613572865395,0.1374683225759441,0.2674265500948198,0.1995233462427492,0.33474526280379946,0.22639634445953385,0.17169327656979716,3
sim00467,10,1.0,0.1,0.4068577887605449,0.2799552791614066,0.023484757401019407,0.014553442828615258,11.0,0.7095175972229066,-0.014677314319604706,-0.8716958028543863,0.6744479712843662,2.302585092994046,2.3978952727983707,1.000088900581841e-12,-2.17202142890787,1.8240610893164761,-1.3111775821238794,0.8146555245343988,0.11346665561553311,0.055077047168661075,0.0017090351268607377,0.27894583260688205,0.1114040106567665,5
sim00468,17,1.0,0.0,0.11984839899903864,0.5223098638181363,0.3988333100617244,0.09518285694561056,18.0,0.7026509006573163,-0.032755023069279965,0.09878971042287352,0.4940867677232725,2.833213344056216,2.8903717578961645,1.000088900581841e-12,0.6465317887629923,1.4004696351742913,0.06744931899053122,0.1333082514845369,0.07601747339575211,0.08948419403156294,0.2637501494941045,-0.22409633592177347,-0.03457639058765185,3
sim00469,73,1.0,0.273972602739726,0.39877402329223105,0.3368309573513898,0.0509300361989079,0.015144201324403228,74.0,0.7620870990090233,0.04586028656720385,-0.22326503576951728,1.399211663051299,4.290459441148391,4.30406509320417,1.000088900581841e-12,-1.269757366133582,3.0776242959498616,-0.24886228772154895,0.320828952758883,0.4522152812437442,0.0504110445870696,0.16186048864596927,-0.03532438230415201,-0.06135863449397251,3
sim00470,117,1.0,0.7692307692307693,0.46306853636481105,0.2507655551359299,0.01688357186633603,0.0022903961134242874,118.0,0.12251510750014005,0.0460677749275112,-0.7590530863380808,1.5242254326259979,4.762173934797756,4.770684624465665,1.000088900581841e-12,-1.8511977383089366,2.7645576359677606,-3.9062012145987928,0.9594579803627117,0.03994516000780486,0.0005483627796504524,4.849679060393681e-05,0.1330869261636862,0.2012888229736539,7
sim00471,59,1.0,0.06779661016949153,0.12995949480396754,0.4519310567352954,0.3619750899873948,0.06914114482919673,60.0,0.5647608032062958,0.0110127610051468,-0.2511555689761955,1.049885644420176,4.07753744390572,4.0943445622221,1.000088900581841e-12,0.38703263425289414,2.422112038976276,0.11915851062986921,0.04968514686926242,0.07978986079755972,0.1395368527666814,0.23577079571539794,-0.17881522665528102,-0.13711112361494582,3
sim00472,71,1.0,0.07042253521126761,0.2658493199110455,0.8845437936553985,0.432088099968194,0.09373652962373143,72.0,0.7852893667543319,-0.02885334793809378,0.5098033582110924,2.0416962457062873,4.2626798770413155,4.276666119016055,1.000088900581841e-12,0.9410412818932278,2.734538344837385,0.44577805813530325,0.036283059366732914,0.034566030584023216,0.15598035661176235,0.23566010149476782,-0.13956907118459777,-0.09411739441512983,5
sim00473,45,1.0,0.28888888888888886,0.2999807707941284,0.7000349440944749,0.1145017967584258,0.022251806290511163,46.0,0.6321578481431708,0.058146493731164255,-0.06248215432482236,1.2052491376930947,3.8066624897703196,3.828641396489095,1.000088900581841e-12,-0.7084472395894952,2.1684951612509633,-0.5642572726952002,0.35849633866189207,0.30812129897673657,0.2419649197840842,0.0914134963008943,-0.09825575001059798,-0.15420578516373307,3
sim00474,34,1.0,0.20588235294117646,0.36781155541728716,0.24852193397357786,0.07740280362704241,0.012796320284684002,35.0,0.20451602700122778,0.09052266738571005,-0.0108373737739566,1.7537814093280626,3.5263605246161616,3.5553480614894135,1.000088900581841e-12,-0.7428187630519612,1.7264951735806382,0.9083190612087504,0.09753350871951405,0.15270227604373782,0.037728141262812154,0.37910553504728867,-0.30954413871691205,-0.014840217394906059,5
sim00475,45,1.0,0.17777777777777778,0.22321238065928387,0.7572333116187959,0.25948795887582343,0.04747141419899754,46.0,0.43864022278844067,0.07763942788427508,0.25744713744738873,1.1621513759259696,3.8066624897703196,3.828641396489095,1.000088900581841e-12,0.052424026187855084,2.108079912883413,-0.5478582892544284,0.13985189470801487,0.22724026464282895,0.3422639475542417,0.20364348678089644,0.14282759882918383,0.11430182891132117,3
sim00476,16,1.0,0.0,0.1283309114173556,0.6611007688692214,0.2991623635568484,0.07037892864997276,17.0,0.5627721285436705,-0.03287092886443302,-0.058166097770880706,0.6488224242238486,2.772588722239781,2.833213344056216,1.000088900581841e-12,0.19541242157732341,1.3254961836765002,0.26494755548012827,0.11635270227487361,0.08216009873797295,0.35111270593127963,0.1895857611570631,0.007588095148005102,-0.15312007903739183,3
sim00477,101,1.0,0.40594059405940597,0.39415504167508514,0.4140069751885929,0.03892009091866205,0.004000078787129541,102.0,0.3541419059402908,0.01644411724314605,-0.1842526733227752,1.2538754418978306,4.61512051684126,4.624972813284271,1.000088900581841e-12,-1.7710116357028172,2.339923978849794,0.01044157415633798,0.6105155451256306,0.28330385265760033,0.03221571023087748,0.02210400732662031,-0.04219690978822965,-0.008870390387689988,3
sim00478,45,1.0,0.4222222222222222,0.4086676872451123,0.3323032516931751,0.025069703019465685,0.008808657460702201,46.0,0.19847536279719658,0.10359886550526175,-0.5727801977397594,1.5051715200076474,3.8066624897703196,3.828641396489095,1.000088900581841e-12,-1.847765340915363,2.7607374622615497,-0.05964737116056196,0.8287213540794277,0.12842975501154402,0.03505412280210012,0.007587138966489482,0.38497054007783327,0.020631775860160118,5
sim00479,54,1.0,0.18518518518518517,0.1725671485722631,0.7128759029913361,0.19956306383431427,0.030900027369404105,55.0,0.5535352733505278,0.06751857679630346,-0.017346169596886844,1.1998739381514187,3.9889840465642745,4.007333185232471,1.000088900581841e-12,-0.2138003006665985,2.123610820147548,0.20198846850611774,0.22444186757558843,0.1584053382683274,0.40683093417098576,0.19852403901417268,-0.03480653564125898,-0.06277732866670212,3
sim00480,21,1.0,0.38095238095238093,0.41125679447484514,0.19231918876080534,0.02886880528296302,0.006946708562281587,22.0,0.11635336766334659,0.19074866623147416,-0.28630232375362236,1.631137278448443,3.044522437723423,3.091042453358316,1.000088900581841e-12,-1.2701721899459404,1.6200287862065017,-1.4807467434376471,0.32577788816280645,0.33337714803392227,0.2734325158563935,0.06741082486528392,-0.2688267009884857,-0.22759419737051806,5
sim00481,117,1.0,0.2564102564102564,0.36256468945998227,0.409737157023897,0.06929803303906218,0.0066374101464802245,118.0,0.8388557222827864,0.029251456034078617,-0.15974863953326837,1.560298553982655,4.762173934797756,4.770684624465665,1.000088900581841e-12,-0.668167024850965,2.4164792599647065,-0.026384022425053527,0.22613198041667468,0.3506114729945363,0.12702257870158065,0.2630626988874282,0.05593044795087682,0.05283560540968952,3
sim00482,97,1.0,0.10309278350515463,0.21874166431136105,0.6626510242479853,0.2710347123753973,0.03305010227920245,98.0,0.6011129196331428,0.0022961039378369993,0.05954626012750893,1.3880742620680897,4.574710978503383,4.584967478670572,1.000088900581841e-12,0.12254100823644469,2.4704887365265202,0.12426252703011945,0.08096226873741307,0.15361368011221418,0.14523152543040566,0.4357396544598393,-0.026846506289774218,-0.05111408207049158,3
sim00483,48,1.0,0.5,0.4311015214432334,0.24807290003721527,0.04162234264299951,0.010803460561571677,49.0,0.9288684631124144,0.08059082929743018,-0.07461744257156022,1.5773018711017543,3.871201010907891,3.8918202981106265,1.000088900581841e-12,-0.46210554943752785,2.5224304091665632,-2.594926260176357,0.40502723317374567,0.5306599104649571,0.06388919531366126,0.0002682102334721453,0.2899971170746093,0.3991217503461224,7
sim00484,100,1.0,0.17,0.25213625772080933,0.8102260565534676,0.44535151704379966,0.06734140579260063,101.0,0.2808448804710115,0.06872594650904224,0.09980233373151542,1.1246746761977506,4.605170185988092,4.61512051684126,1.000088900581841e-12,0.7907396072564971,2.716081579054352,0.2513541300998967,0.04977107959101366,0.07822926635160764,0.09329699711435101,0.06460936529468989,0.07948945390104886,0.04811951964021058,3
sim00485,14,1.0,0.0,0.1408473940477006,0.5956112289027311,0.21197126370658556,0.04907831637978855,15.0,0.4345473536210747,-0.030927430439447585,-0.1918745374912874,0.7222086588180487,2.6390573296152584,2.70805020110221,1.000088900581841e-12,-0.14772548145721745,1.176023928302991,-0.11157293795114273,0.21621512275890892,0.07767212028496247,0.08626220112022928,0.43028554994278634,-0.1982216418646718,-0.35294461671269156,3
sim00486,30,1.0,0.16666666666666666,0.31367290886367294,0.4325406357761441,0.12060301359054384,0.027436404097790877,31.0,0.775899178110677,0.0048000279889823284,0.41418184588978224,1.8913607873701173,3.4011973816621555,3.4339872044851463,1.000088900581841e-12,-0.36585908366022324,1.9205638574275363,0.7311959321531155,0.32940308738207086,0.18473265087508922,0.4671540161597262,0.018430928158388506,0.38028605201253785,0.20638671290712063,5
sim00487,59,1.0,0.0847457627118644,0.17972815306599982,0.8223360715115067,0.38401220360165206,0.06349769140331382,60.0,0.6180555030254197,-0.006366380810060935,0.16204051923978036,0.9391960974281528,4.07753744390572,4.0943445622221,1.000088900581841e-12,0.48657604495814927,2.2778666608568754,0.15395564773692993,0.0791642462986438,0.11436890081928479,0.202272199259841,0.39285991060951564,0.15031088285255165,0.16504630009990107,3
sim00488,65,1.0,0.12307692307692308,0.20805017525478683,0.7518912763431533,0.18860112140840476,0.01862781604444516,66.0,0.6863799637779271,0.012315635661934467,-0.25411366815318165,0.8733144865224655,4.174387269895637,4.189654742026425,1.000088900581841e-12,-0.1322239397707337,1.8594089033148444,-0.061357806724306685,0.10341350793069128,0.213904132260731,0.25599868915526597,0.3113130970919915,0.057468363495793345,0.06176817854126461,3
sim00489,114,1.0,0.42105263157894735,0.34160918253067374,0.5182424097483833,0.07405704786747967,0.00826352203318298,115.0,0.5040689933435724,0.012088865772093,-0.43153913286540724,1.2685366879174427,4.736198448394496,4.74493212836325,1.000088900581841e-12,-1.2165589755040322,2.543213626568814,-1.0885034705633516,0.4296739417042224,0.4598539530289741,0.10831316852925811,0.0021453465083499787,0.099338383750854,0.012170224465848067,3
sim00490,63,1.0,0.031746031746031744,0.1919610263510125,0.6634290413203838,0.5431123399092326,0.10843280762201488,64.0,0.4153847312596931,-0.03713406252231923,-0.11961125137052604,0.7361915619252353,4.143134726391533,4.1588830833596715,1.000088900581841e-12,0.8049123403547053,2.5319492368099885,-0.13618640794750675,0.03503649450141201,0.04310407069407453,0.04997652675440125,0.10043511091714621,0.3028174368345217,0.1648328397047716,3
sim00491,21,1.0,0.19047619047619047,0.2766646491060718,0.5412290121276273,0.07477153964063682,0.022436814571060015,22.0,0.5414627403693937,0.046400305541414,-0.38545471913468815,0.7439329958442616,3.044522437723423,3.091042453358316,1.000088900581841e-12,-1.2001232029942357,1.8407882284145198,-0.026333984835987034,0.38031877938307385,0.13634209919710705,0.4590672127824764,0.02393315549418461,-0.3346077653984029,-0.44903845578965024,3
sim00492,12,1.0,0.0,0.22442859288617126,0.7623147536770446,0.2154630317233839,0.06651906241558797,13.0,0.5580897286036741,-0.034949583326179645,0.11043239258729505,0.7511247822614456,2.4849066497880004,2.5649493574615367,1.000088900581841e-12,-0.13508198169800958,1.3096058608972565,0.9026492078791947,0.19223379077124114,0.050115377057635774,0.24313688115515542,0.49426073014678973,0.6581687682810333,0.5087853128641711,7
sim00493,36,1.0,0.25,0.3502277914524339,0.42757716011535796,0.08851570277341854,0.018538702380807275,37.0,0.5808330243388778,-0.030938873136738224,-0.002153012132854402,0.7905727685603516,3.58351893845611,3.6109179126442243,1.000088900581841e-12,-1.0117974247189978,2.02019953680129,-0.648381046015601,0.4411264413679746,0.22406071362994248,0.32683331353551537,0.0016901446621715385,-0.051048661084034705,-0.07778896952406332,3
sim00494,119,1.0,0.10084033613445378,0.24674796068796578,0.4885511979304885,0.5351130368504795,0.16192593220666457,120.0,0.2972060538716449,-0.004476717803140361,0.1609509414218983,1.1834655716944105,4.77912349311153,4.787491742782046,1.000088900581841e-12,0.9407438627217098,3.5837845065637555,-0.19016465478253025,0.10308861902648628,0.06351574463428047,0.04046145789095401,0.08592511999810121,-0.08622025355063132,0.02726590621815847,3
sim00495,75,1.0,0.17333333333333334,0.3636294100489655,0.2862212100169278,0.13283163594548594,0.014811698863726502,76.0,0.769797301241165,0.037649126240901915,0.04318696294765669,0.9512106870172169,4.31748811353631,4.330733340286331,1.000088900581841e-12,-0.2882497446730912,2.123823014169697,-0.19385392137274934,0.15191880466897545,0.05813225701559239,0.1322784131660128,0.2587796682415721,-0.06955152030441304,0.047306979797449626,3
sim00496,104,1.0,0.21153846153846154,0.2552523787103658,0.7723046361344086,0.1895798506048225,0.013539170219754735,105.0,0.5767017000673584,0.014914735333145097,-0.05294733486126749,0.9030183039702282,4.6443908991413725,4.653960350157523,1.000088900581841e-12,-0.25283668986020946,2.005167569658401,-0.3961593358528295,0.23001582202132473,0.13157512608237332,0.33491860445335553,0.30210370147610544,-0.017945213986667766,-0.07621662806162877,3
sim00497,10,1.0,0.0,0.15774955969362545,0.5550084133701116,0.18711169754510862,0.12804978637114647,11.0,0.4486190455750028,-0.027467227948765105,-0.4783506332996391,1.220221620927686,2.302585092994046,2.3978952727983707,1.000088900581841e-12,-0.2791390037719052,1.9232984856592406,1.1255148250568314,0.03750267282401476,0.13377547576744234,0.08110369566719834,0.68855131805048,0.24187574299898373,0.2654524341528081,7
sim00498,104,1.0,0.09615384615384616,0.23336094795187926,0.8667587089073289,0.3316418160329815,0.06060352700006731,105.0,0.5593151144318822,-0.00502631045323863,0.10127337275337527,1.995571278493508,4.6443908991413725,4.653960350157523,1.000088900581841e-12,0.2967676979908476,2.9446884723975364,0.7072568997223581,0.05004187181238169,0.05056447252894065,0.2079104953241598,0.17768676418080362,0.158813229462058,0.051213713091504,5
sim00499,62,1.0,0.4838709677419355,0.4010347678399972,0.5132191841404723,0.042850205999338836,0.015993862909263815,63.0,0.5327941882750186,0.06802988469279082,-0.5544895745624834,1.4469470046879536,4.127134385045092,4.143134726391533,1.000088900581841e-12,-1.759439350704772,3.1416290116636825,-2.0774888936567133,0.7397508511647078,0.22238141127569272,0.03667038526525676,0.0011973522710055878,0.27119670380974714,0.29496897762001467,5
sim00500,18,1.0,0.1111111111111111,0.20221640425932677,0.5852173482538479,0.14436184652808173,0.07351499631603435,19.0,0.2838868934105297,0.02817663952703189,-0.5031217448642911,1.027633774950206,2.8903717578961645,2.9444389791664403,1.000088900581841e-12,-0.3423357709655366,2.215538203876319,0.5674878294166953,0.17182025030750392,0.05933309477467286,0.17611885336735889,0.592708184178336,0.4005687937827799,0.35725233475945845,7
sim00501,45,1.0,0.1111111111111111,0.2603602271984366,0.5666477345760215,0.11463688166624393,0.026442617353474803,46.0,0.2861671959707539,-0.007959588252432445,-0.35652104741224333,1.620693482711236,3.8066624897703196,3.828641396489095,1.000088900581841e-12,-0.5777001471561709,2.3398699096355915,-0.6694594676248207,0.3282145415232236,0.32168384560956914,0.18317131172409237,0.15912959012638023,0.1891396733481733,0.16617921859278223,5
sim00502,88,1.0,0.14772727272727273,0.24027084409376134,0.8643903718459832,0.22105811666523828,0.03317505790800848,89.0,0.43097374040449377,0.009242173112781183,0.03664843524807184,1.2153312553813436,4.477336814478207,4.48863636973214,1.000088900581841e-12,-0.10379282733941683,2.58070950157577,0.10445499794821114,0.17232403054772238,0.13440260952231037,0.1551188211643867,0.5249008440862521,0.08136830226799499,-0.007954126103253793,3
sim00503,35,1.0,0.5428571428571428,0.4387047691796741,0.24773166228449023,0.0167400036333862,0.004101805964409109,36.0,0.20934695812144039,0.14638785488616157,-0.9899958470842686,1.393127155184097,3.5553480614894135,3.58351893845611,1.000088900581841e-12,-2.291295640379745,2.1489741333849266,-1.7514689393624359,0.7657429494095297,0.22621589526675046,0.007913190051903182,0.00012796521207973044,-0.30599930082695603,-0.1889128463932753,5
sim00504,105,1.0,0.2857142857142857,0.3054089012694702,0.521844210952157,0.14288702403216494,0.015518603906764803,106.0,0.7568878003322108,0.014599274546688802,-0.05428869592647743,1.109909045676438,4.653960350157523,4.663439094112067,1.000088900581841e-12,-0.25292853478885136,2.4339456294556574,-0.23502028254690863,0.13509998209006444,0.24264706953960052,0.49973610234012056,0.1152518173044893,-0.1287857241352861,-0.0740613944352387,3
sim00505,23,1.0,0.391304347826087,0.41048689867118393,0.3232431206726164,0.04796114336876347,0.016422952141338706,24.0,0.13849241672115853,0.08792875468316667,-0.30280736572136896,1.0571084902080552,3.1354942159291497,3.1780538303479458,1.000088900581841e-12,-0.9113529806358368,2.0637829228130657,-2.233213351980151,0.6431714865273226,0.3378328043712663,0.01799877640783373,0.00099693267272724,0.17743188016456965,0.20316584559387707,5
sim00506,22,1.0,0.045454545454545456,0.31760350487321687,0.37148807222396435,0.14635392608278847,0.03810896442418679,23.0,0.30666976211617114,-0.0174298143417804,0.2632019252529393,1.6894881736270926,3.091042453358316,3.1354942159291497,1.000088900581841e-12,-0.37349477617793775,1.7454641549698087,1.3442360038831458,0.10008637548848262,0.04472361467163978,0.18916439693398698,0.408838262662334,0.07880258869716211,0.0631430988387802,5
sim00507,49,1.0,0.30612244897959184,0.24343254450668578,0.634275553608012,0.13743308847836383,0.029916991015710805,50.0,0.5127737714740461,0.0978105860317357,-0.3132848774866725,1.205821297770573,3.8918202981106265,3.912023005428146,1.000088900581841e-12,-0.5976708584060408,2.3671097087638775,-0.7794022904129324,0.1289767310311897,0.24147467059012095,0.5500109192472846,0.07922673817934185,-0.016675805879372296,-0.0048093726162949995,3
sim00508,80,1.0,0.1375,0.24011696784539188,0.8265880537203474,0.22292364926254732,0.023629104260170154,81.0,0.6879690959244658,0.01926859544005348,-0.21474627729231768,1.0246587284500304,4.382026634673881,4.394449154672439,1.000088900581841e-12,0.037738459189715245,2.1376764851007253,0.28899579485730426,0.04934452658879912,0.14990547297636056,0.1380078287654407,0.6250912262729289,-0.09174079738241861,-0.03823333747665463,3
sim00509,101,1.0,0.04950495049504951,0.22967762913486314,0.8415607361147541,0.22021644489932332,0.018640512413459404,102.0,0.7117719807012616,-0.05255710778346229,0.022635931965656064,0.8995290861415813,4.61512051684126,4.624972813284271,1.000088900581841e-12,0.0708566732791324,2.145846912158312,-0.03938219105621295,0.13639879038629044,0.14884688764324513,0.21375687039872002,0.3073761098598114,0.17544186785895383,0.12411093610982919,3
sim00510,118,1.0,0.1694915254237288,0.13262868611647577,0.7145530417113797,0.28940857270591513,0.03546200256055617,119.0,0.5854323904794956,0.046998231448768836,-0.1537554801157666,1.0438112845299377,4.770684624465665,4.77912349311153,1.000088900581841e-12,0.17600793954656488,2.6713069608254276,0.13785951029849625,0.09370965377352522,0.11876709761177187,0.15003342011122592,0.431021692473672,-0.1705335846558628,-0.15598003246508063,3
sim00511,16,1.0,0.5625,0.47782498966573633,0.06359724860820126,0.0024508283992013507,0.0014749823647570953,17.0,0.9363027513917987,0.21115289640574414,-0.9581996483596378,1.1363977208804958,2.772588722239781,2.833213344056216,1.000088900581841e-12,-3.191898876298599,2.2648086604835416,-1.5424573603425746,0.14585558270406493,0.7813049084952123,0.0728266631740378,1.2845218659666618e-05,-0.4461069055744509,-0.32735421007239207,5
sim00512,37,1.0,0.2702702702702703,0.3670837566577949,0.3480345545495999,0.054300852386647724,0.012741700193840706,38.0,0.1889642624347771,0.06506111046607217,-0.5741944819068349,1.0035185472966046,3.6109179126442243,3.6375861597263857,1.000088900581841e-12,-1.0375748251875057,2.1612580819419547,-0.6440481287451711,0.42113198449710937,0.3539389287574376,0.13318649773353172,0.09173441685383493,-0.05023114736124138,0.046874779595153314,3
sim00513,52,1.0,0.07692307692307693,0.08527672899377957,0.43598081298915353,0.282107600527989,0.03668157807026912,53.0,0.537503612014896,0.025417625001097184,-0.27256916432580647,1.1360944244331788,3.9512437185814275,3.970291913552122,1.000088900581841e-12,0.12646961213243618,1.911229827204876,0.38623035109316767,0.060796085957531325,0.09864872975665133,0.2593361380538588,0.4190317923253601,-0.2594834043367453,-0.2327712284271807,3
sim00514,43,1.0,0.09302325581395349,0.3767508894520932,0.4599471505942656,0.18913256166552905,0.06403658687654823,44.0,0.4711043743636384,-0.07192551163489229,0.22201498654887483,1.31051512878039,3.7612001156935624,3.784189633918261,1.000088900581841e-12,-0.2756673457819706,2.6782065517683438,0.6793616953181911,0.12880139142793826,0.027413084437804804,0.010347782517128458,0.058169121097642655,-0.054209390455952015,0.032487235947016635,3
sim00515,49,1.0,0.08163265306122448,0.2955569537247749,0.6940562317794811,0.3115884049672384,0.1293544203668744,50.0,0.14831958128751233,-0.0036184113993312306,-0.30956396466291786,1.0414361922956599,3.8918202981106265,3.912023005428146,1.000088900581841e-12,0.9028577411738151,3.012693277668861,0.2677043990751742,0.06943771442937198,0.012523300928954054,0.022534004275620075,0.25381716169429747,0.27148590880148454,0.07946678644144839,3
sim00516,118,1.0,0.22033898305084745,0.2723197322119859,0.7540968140236719,0.20009343351937509,0.027467996372300674,119.0,0.5395129852818594,-0.009078608497220243,0.1270064149571937,1.3238019359134763,4.770684624465665,4.77912349311153,1.000088900581841e-12,-0.2164118065482049,2.7849217575446428,0.048074214891620184,0.12582901575513672,0.29310525944075416,0.17876586463452662,0.03365320119379073,0.05611203806149537,0.06267403593392416,3
sim00517,37,1.0,0.13513513513513514,0.22778135250915624,0.5621036404559239,0.15315275942536904,0.02223752593214465,38.0,0.47176968336718333,0.05016760199146479,0.01632362092616893,1.1081881441715828,3.6109179126442243,3.6375861597263857,1.000088900581841e-12,-0.4868321719706255,1.6812632806717738,0.42281742189248184,0.22972115887451003,0.1876530813266048,0.2127375037547499,0.29481448273338784,0.11070695162740778,-0.010358179356905854,3
sim00518,116,1.0,0.14655172413793102,0.17170857345983898,0.7030477337408665,0.24683086799328532,0.025738053122238407,117.0,0.42663456197001703,0.03758539529024971,-0.21886184870411446,1.1883170667279213,4.7535901911063645,4.762173934797756,1.000088900581841e-12,0.009007539931443388,2.492857396589388,0.15834130362737636,0.09345849508372765,0.09973298791101644,0.2915806790278791,0.32756261072582316,0.06887259319176406,-0.013637200601228208,3
sim00519,38,1.0,0.2894736842105263,0.21145466309848793,0.5931248355820751,0.12565330551106946,0.023442633850430473,39.0,0.410792332609963,0.12178712591252117,-0.5283069560091718,1.1583233835443405,3.6375861597263857,3.6635616461296463,1.000088900581841e-12,-0.6555846611525145,1.9586159125613753,0.08428503467135967,0.0855302125112392,0.15582392667681258,0.47628674621128664,0.28228726035987345,-0.015552260493900303,0.09954017189964476,5
sim00520,58,1.0,0.034482758620689655,0.15064340999068096,0.6960819387311372,0.24165942996787337,0.025995326260281577,59.0,0.3660085523570371,-0.03972787522447831,-0.19033286828308515,1.0983435119464737,4.060443010546419,4.07753744390572,1.000088900581841e-12,0.04059253471145676,1.8308303522101164,-0.28335620384390475,0.17212347774160724,0.1603186144469315,0.22685528956595577,0.2834329064411887,0.02385887723840476,0.05751345727223744,3
sim00521,51,1.0,0.45098039215686275,0.32819519356599336,0.56789372665546,0.10479358009907051,0.01637948687228434,52.0,0.761569413004672,0.09514835871901332,-0.31933102107252476,1.0067511649274345,3.9318256327243257,3.9512437185814275,1.000088900581841e-12,-0.5497117588908252,2.075862872340676,-1.5150063358289605,0.1907358815408454,0.39454490424892963,0.4142591311425878,0.0001667086625851858,0.18931115536652873,0.15724688035174897,5
sim00522,92,1.0,0.6521739130434783,0.44185660023901685,0.18645501612043414,0.017027616897427298,0.0020158270209141883,93.0,0.9490805600140977,0.12943550676173615,-0.836052417934899,1.8782669633765356,4.5217885770490405,4.532599493153256,1.000088900581841e-12,-1.0431466317439055,2.3879815662284583,-2.065542889024959,0.5275406393176685,0.4160510033410655,0.056397482277769,1.0875004768975029e-05,-0.06800023754261474,0.0029622215694681668,5
sim00523,59,1.0,0.3220338983050847,0.3098549879397845,0.7144088271909906,0.09945408990288956,0.0271908850692978,60.0,0.506448873663777,0.11433443057153399,-0.2567791577631282,1.6166795113262669,4.07753744390572,4.0943445622221,1.000088900581841e-12,-0.9215984224601019,2.780723123071702,-0.7926033050185449,0.23815556349421318,0.5320996434961581,0.20315985397179748,0.026101419854617794,-0.012230884033119904,-0.06495272706647227,5
sim00524,58,1.0,0.3620689655172414,0.45409218584042754,0.18095926905832949,0.024422406658072437,0.004284018408567531,59.0,0.8843931442552186,-0.009819910979223412,0.316110928590846,1.1564936151878378,4.060443010546419,4.07753744390572,1.000088900581841e-12,-1.431840661737462,2.3198334414593162,-0.6122986066807118,0.5058748701507628,0.030516302259659213,0.07126082092975979,0.381873613650218,-0.11562008280400457,-0.08931732652923083,3
sim00525,36,1.0,0.19444444444444445,0.40358451398903417,0.29802012130877964,0.03796593045412592,0.008045998086824201,37.0,0.29812012130877963,-0.007694525660239833,-0.4100116227652788,0.7862385668968469,3.58351893845611,3.6109179126442243,1.000088900581841e-12,-1.7068143037580252,2.0320045828068856,-0.24304447033092108,0.5764908296348533,0.25096016206401917,0.1408385090831524,0.028502541633776857,-0.3082120576587472,-0.2648486215647062,3
sim00526,76,1.0,0.11842105263157894,0.13613826076740657,0.739956834843521,0.2782837086149034,0.03522220397537507,77.0,0.4495098496293524,0.007380927784476653,-0.3187185249601827,0.9958666602541651,4.330733340286331,4.343805421853684,1.000088900581841e-12,0.11742957693170053,2.263768890648037,0.6355857168512424,0.05008960467025087,0.11211993221060443,0.1422713191274571,0.4895660320500185,0.11285875682742424,0.07927231480326578,3
sim00527,101,1.0,0.16831683168316833,0.24019068185861336,0.6463943325112345,0.23764060930418265,0.03232415876970311,102.0,0.5436675384778179,-0.012728474273724163,0.14418854250323884,1.216503059939509,4.61512051684126,4.624972813284271,1.000088900581841e-12,-0.04304477723026226,2.6201759291632065,-0.5799625351531739,0.23300302220333635,0.24608664368558014,0.3278522721602774,0.1913019759362748,0.08034442542712968,0.100167414805698,3
sim00528,56,1.0,0.03571428571428571,0.12707586446816188,0.528865411046811,0.42083988323596183,0.07335772321289963,57.0,0.7473162431129764,-0.021768833530708527,-0.0644331050640288,0.8854348698063652,4.02535169073515,4.04305126783455,1.000088900581841e-12,0.8013805349505543,2.278447045785885,0.08813405474615664,0.05377399507760473,0.08347883936651206,0.13766487095146748,0.24023090147650392,-0.08887851784909608,-0.16154022420667424,3
sim00529,38,1.0,0.39473684210526316,0.36940598400731994,0.5636371070877285,0.10159277516406862,0.01986044128973387,39.0,0.766555401024104,0.12564906507762438,-0.11938150348766317,1.0796618396070985,3.6375861597263857,3.6635616461296463,1.000088900581841e-12,-0.5661240580764612,2.0053436157737137,-1.6508451763158287,0.7035202599652445,0.23078097087581206,0.06303306073287812,0.002486416949684192,-0.03150019343969252,-0.004882201698345726,5
sim00530,21,1.0,0.0,0.21676540411603015,0.536198169332439,0.34989968451111986,0.07482468507722496,22.0,0.2592573438883493,-0.04161725922413005,0.11697949095976949,0.6546393706464749,3.044522437723423,3.091042453358316,1.000088900581841e-12,0.5999273302728165,1.5020237848970106,0.3693381704198408,0.0508084710803914,0.05681334640082803,0.20763197121981797,0.468801815672155,0.03720799287081629,-0.04804010304274164,3
sim00531,65,1.0,0.13846153846153847,0.2911569255586885,0.44453289069042484,0.25102936834029027,0.07544262505704073,66.0,0.16224397787711298,0.044312905037973645,-0.03214342767867332,1.309253881111395,4.174387269895637,4.189654742026425,1.000088900581841e-12,0.6134970629899139,2.9721897663631474,-0.7162802927110393,0.09146904630982038,0.033944307904472615,0.11817553054082408,0.03342459186636855,-0.23621174850618715,0.004257489948742115,3
sim00532,83,1.0,0.2289156626506024,0.31904579514383063,0.5199634086484342,0.106772118925036,0.010279600375016993,84.0,0.47289365345167356,0.05661480451951583,-0.1281215171919976,1.0229794322198758,4.418840607796598,4.430816798843313,1.000088900581841e-12,-0.8478207406853988,2.07830515867236,-0.38696614534321383,0.3074031552064077,0.12304870226158658,0.279354020058451,0.2777283245399695,-0.02383849645772319,0.028579746416491247,3
sim00533,11,1.0,0.5454545454545454,0.4817504973016804,0.07382732916721882,0.0013508519676909685,0.0007225497915036809,12.0,0.07392732916721882,0.1563193286207003,-1.495093648978913,1.024612335490021,2.3978952727983707,2.4849066497880004,1.000088900581841e-12,-3.925544521911031,1.7721908396681976,-3.1745126846316456,0.7566607377375256,0.23988132511001026,0.001573593064929238,0.0018843433472612813,0.5195771231574301,0.3225583372773145,5
sim00534,11,1.0,0.09090909090909091,0.22122553277608026,0.512316751150094,0.1466099418939394,0.042095279412417905,12.0,0.5138320482498793,0.022989393009162754,-0.0825560792055222,0.6527156785902049,2.3978952727983707,2.4849066497880004,1.000088900581841e-12,-0.5329197190117493,1.15005527555827,-0.4286989388153508,0.08780376546660022,0.19935074431391575,0.6760096208966621,0.03682220676450711,-0.5172183489513867,-0.4585973370243908,3
sim00535,95,1.0,0.08421052631578947,0.29482538022252225,0.8691433780308359,0.1861037023155897,0.018725718881160074,96.0,0.6804555591276027,-0.02961824804385025,0.2946219528389449,1.660028325719597,4.553876891600541,4.564348191467836,1.000088900581841e-12,-0.15559953630124362,2.257470753650028,0.291370153211039,0.11477745096871307,0.12401566906676659,0.3586351925166764,0.27846671078845997,-0.02541785996312297,-0.09990320695323873,5
sim00536,18,1.0,0.16666666666666666,0.26834811478024867,0.44800418388846996,0.08720857914370567,0.032569934890083925,19.0,0.3759288024744446,0.02834336393405945,-0.5869317413861674,1.0620388652747697,2.8903717578961645,2.9444389791664403,1.000088900581841e-12,-0.9896062410577721,1.905458667179277,0.1484193302659832,0.13927171159438292,0.3738210076522418,0.3986645179568262,0.08824276278508225,-0.10582884209852644,-0.019064698688995324,3
sim00537,14,1.0,0.07142857142857142,0.27926228126121216,0.3719664820632128,0.07138444485954468,0.02426817080408162,15.0,0.6553014950906615,0.02499590097265736,-0.8716261881270781,0.63492631906736,2.6390573296152584,2.70805020110221,1.000088900581841e-12,-1.1519302982322057,1.56014299125787,0.2893534106804764,0.192135842690161,0.14008443925016226,0.11172188261833804,0.5271910991331809,0.27546357836013474,0.33547533155787623,7
sim00538,114,1.0,0.4298245614035088,0.4043966858446629,0.2848315596973845,0.04690087106261918,0.006163341919240006,115.0,0.18372831567814152,0.10285353634980444,-0.3425446604228959,1.2100243367006331,4.736198448394496,4.74493212836325,1.000088900581841e-12,-1.1624138401966597,2.70678134787474,-0.6850281991140568,0.3659784442222144,0.2789623822484072,0.2423056982534331,0.11275032689371524,-0.06667084441447518,0.0062969359334635565,3
sim00539,14,1.0,0.0,0.16650852444864483,0.4879656600896492,0.5681368829559135,0.21770908214316606,15.0,0.40181866706295505,-0.034687752864161384,0.8924203874299499,1.1938654946692115,2.6390573296152584,2.70805020110221,1.000088900581841e-12,0.8602228095701815,1.6798546347766186,-0.920596941669561,0.10041475656131926,0.2227415182863621,0.08611781878724213,0.16230845453654127,0.05827790406518942,-0.10367286856747539,5
sim00540,57,1.0,0.05263157894736842,0.13350854115623234,0.7494663189313141,0.32424353284668506,0.038444778223269235,58.0,0.31243680707869326,-0.005157651270485206,-0.09280783230061573,0.7358061537050667,4.04305126783455,4.060443010546419,1.000088900581841e-12,0.4116941833454522,1.9107792694392003,-0.003842114804043839,0.06461956138446415,0.16197583294713347,0.2797013062186096,0.1850072022145959,0.21622492242510863,0.18529757325438406,3
sim00541,38,1.0,0.05263157894736842,0.13705132871631934,0.729876872037355,0.8767404958076644,0.1580047511742261,39.0,0.6473914669890952,0.004939460254460226,0.45313663154211625,1.139443090105776,3.6375861597263857,3.6635616461296463,1.000088900581841e-12,1.3456566967836028,1.9240002142792332,1.306438735751643,0.01747565355698962,0.048614181329466793,0.060040190751919055,0.2522838490731557,0.0030807269881605232,-0.04553061204392037,5
sim00542,33,1.0,0.030303030303030304,0.1568723924090778,0.6554574149078165,0.8646758013206797,0.29060924295049434,34.0,0.3319299561334332,-0.01562873926843624,0.5329838658381064,0.8303658930214086,3.4965075614664802,3.5263605246161616,1.000088900581841e-12,1.360792924212339,2.4061324779816085,0.6986355519467916,0.040029956217085313,0.06539319205396042,0.09148955484540014,0.19764846053379428,-0.09222267694887887,-0.09565874453752093,3
sim00543,29,1.0,0.10344827586206896,0.3823784427862645,0.2974994648908379,0.04547459017083099,0.008765066503048912,30.0,0.7625759841036988,-0.020279885760301295,0.7198809521890411,2.445585019184904,3.367295829986474,3.4011973816621555,1.000088900581841e-12,-1.3816408028412894,1.720916222971493,1.3661561530701207,0.5191593509650286,0.15040774730461617,0.13522409004382618,0.04350222946997312,-0.32494026584225766,-0.23588728628832942,5
sim00544,91,1.0,0.3516483516483517,0.3689082976182401,0.482226508367519,0.06668538758204501,0.006569975333584233,92.0,0.3502662111421755,-0.00818818219873648,-0.08534420043833449,0.8892044921026883,4.51085950651685,4.5217885770490405,1.000088900581841e-12,-1.2275150608477348,2.193383731202924,-0.40463400250480164,0.529780282293594,0.2492947034863895,0.20729817046964807,0.01309205280664232,-0.10848053722870903,-0.04293077876563698,3
sim00545,64,1.0,0.015625,0.16524773575698062,0.70831680331597,0.44729535585160296,0.0667828161904022,65.0,0.44612531953657786,-0.05425959215926119,0.18920074968099762,1.15119969091801,4.1588830833596715,4.174387269895637,1.000088900581841e-12,0.5934360560721611,2.2571097602635675,0.41540873603666006,0.07283636781737565,0.059059338778586636,0.12178901369443858,0.36706163790274243,-0.1679374238541169,-0.1399270166919543,3
sim00546,45,1.0,0.2222222222222222,0.380739724121296,0.3425133657631002,0.06329894599230546,0.01785850782445717,46.0,0.7629119586272768,0.05423510859593128,-0.020776982293920325,1.4341678510596558,3.8066624897703196,3.828641396489095,1.000088900581841e-12,-1.0499502339202862,2.541273834589678,-0.8035141886518591,0.4572618742341392,0.18779472457197516,0.12214809357685925,0.21536583819937305,-0.24732111726615139,-0.25667865490711955,5
sim00547,14,1.0,0.6428571428571429,0.46191629341235757,0.1267180082415833,0.004294411437085431,0.0023795176090696127,15.0,0.8731819917584167,0.2873997369761382,-1.3702907011834267,1.2859539166203564,2.6390573296152584,2.70805020110221,1.000088900581841e-12,-3.249827263129055,2.0486405970431814,-4.94751349785229,0.18087300664136896,0.8103789968045412,0.008747397202375282,5.991188537663402e-07,0.5518593032549675,0.5065580342723873,7
sim00548,55,1.0,0.01818181818181818,0.2048595675964647,0.47691809714483546,0.3945536442078016,0.06991210721447118,56.0,0.5452798136580999,-0.06163139264751301,0.7472587252892042,2.7256614857986783,4.007333185232471,4.02535169073515,1.000088900581841e-12,0.46452905310186793,2.2768169157052887,0.994269637019658,0.07617644977790125,0.08871623401602738,0.16114385304630982,0.15507165873890127,0.10337099394086167,0.17173770286777723,5
sim00549,58,1.0,0.05172413793103448,0.14069166542754324,0.6979602746747252,0.2093187309527404,0.02143598513076581,59.0,0.3876242042863182,-0.008140144424841535,-0.2779624519555849,1.3099427674665851,4.060443010546419,4.07753744390572,1.000088900581841e-12,-0.12576906621899206,1.7816559495194206,-0.3931654128115366,0.13199718602511257,0.25308641104044377,0.19217190147425556,0.1695063280221813,-0.11406778818951961,-0.1931742925760747,3
sim00550,19,1.0,0.0,0.1654829728740147,0.5027990994330009,0.08156354945693388,0.025035434102098717,20.0,0.6475934216434552,-0.043654241062009255,-1.0948463479551127,0.6410610688875874,2.9444389791664403,2.995732273553991,1.000088900581841e-12,-1.0289108815553671,1.7633487000740578,0.15590556655724952,0.17401950164108854,0.09653682181122455,0.2632129204162001,0.14624309341743186,0.08641330693607917,0.22767056969373592,7
sim00551,68,1.0,0.27941176470588236,0.268034822873829,0.8608205301302965,0.11158608149073079,0.014408371787075882,69.0,0.23458933230085477,0.058940566705305814,-0.4498364477881321,1.2962207490520627,4.219507705176107,4.23410650459726,1.000088900581841e-12,-0.47569737030400544,2.172520792043808,-0.42278671110262833,0.1830836693282511,0.18141366725945435,0.5330042642262511,0.10247182883244818,0.26663438831109476,0.2600445415005731,3
sim00552,42,1.0,0.14285714285714285,0.29920440611835136,0.8835077995709938,0.13278086527737581,0.014034805451579932,43.0,0.21138011205099605,0.0335667993201879,-0.13418702546338615,0.6573466318479844,3.7376696182833684,3.7612001156935624,1.000088900581841e-12,-0.2274870132329754,1.4905098262004264,-0.9286012403085496,0.15134259566758254,0.27760700054478105,0.21120692395207297,0.34788086750668873,0.100696174537354,-0.048195491584966284,3
sim00553,76,1.0,0.35526315789473684,0.37735968951680593,0.4006965903140419,0.05246259110779415,0.00724105219568041,77.0,0.5992034096859581,0.10621601193676816,-0.21576660981072243,1.2782356162295703,4.330733340286331,4.343805421853684,1.000088900581841e-12,-1.5211995208356814,2.3503995004237743,-0.08791465645280577,0.31781611995940484,0.26358260587898863,0.20863740029864003,0.20951035608797525,0.0317691414119451,0.026809647247302205,3
sim00554,112,1.0,0.39285714285714285,0.33143409339325947,0.5459609346642579,0.08744120522411633,0.011948578758811699,113.0,0.3892915144252338,0.03250541622800452,-0.19669089661066033,1.2171911318724375,4.718498871295094,4.727387818712341,1.000088900581841e-12,-1.0002262861339113,2.728144581870728,-0.47815285778972816,0.28620746865451774,0.3258864540845593,0.3732744914776888,0.014127698201302214,-0.18563369794934675,-0.1420217070581114,3
sim00555,111,1.0,0.09009009009009009,0.24048737552007302,0.9363916367529836,0.3879224911961523,0.15642978747844155,112.0,0.27305704323191826,-0.026098518877245305,0.1057836992250287,1.1653513658715369,4.709530201312334,4.718498871295094,1.000088900581841e-12,0.6700321001761667,3.801331913323219,-0.295770151019409,0.03699852179336739,0.08320732436310756,0.15097954260157337,0.12972174756419305,0.05824082042843168,0.1414033950093335,3
sim00556,72,1.0,0.25,0.24094727392221355,0.6587047482988992,0.10140884315830387,0.010777614097370014,73.0,0.6522399014069707,0.042338972920942824,-0.5205939271925757,1.009096617204399,4.276666119016055,4.290459441148391,1.000088900581841e-12,-0.8050097344070992,2.034977034620111,0.06604716378003,0.28996305493277075,0.17265412362111685,0.399111635872954,0.13630405168003348,0.0045288892055001875,-0.08097588203148885,3
sim00557,118,1.0,0.059322033898305086,0.15311817308279047,0.6487200321544644,0.38310076018011313,0.0439944183545225,119.0,0.42502784950311345,-0.023100327932235494,0.12758344993988333,1.110521645021816,4.770684624465665,4.77912349311153,1.000088900581841e-12,0.449577014245585,2.6064493584817425,0.05205453628094425,0.09103927510250391,0.13899038154873666,0.1197119757945089,0.4179865939735953,-0.1393816133150367,-0.0956103443081758,3
sim00558,80,1.0,0.05,0.1983109814362915,0.7661195891081793,0.4331979314783165,0.06845890989549128,81.0,0.5741516653997214,-0.023634747050499956,0.0245485139312055,1.0589477643862018,4.382026634673881,4.394449154672439,1.000088900581841e-12,0.5719731714483648,2.537065604111774,0.21972187859835163,0.06710169500066931,0.06201775578116921,0.1771756953166867,0.14203859222533596,0.06443338835473211,-0.017913371333945365,3
sim00559,83,1.0,0.6265060240963856,0.41213036136592907,0.3196140700142675,0.02992055119968325,0.003142421462362927,84.0,0.2860106035395723,0.11463962525099455,-0.8726293330056413,1.4630082153856319,4.418840607796598,4.430816798843313,1.000088900581841e-12,-1.9205961423827658,2.1652886990367075,-2.555365639579496,0.5341801814191486,0.45306332076773725,0.012735533679528685,2.096410016374253e-05,-0.053709242678178136,0.019764595404166287,5
sim00560,14,1.0,0.0,0.22036880932040556,0.8883649494217681,0.30309895546237275,0.09175056269121677,15.0,0.4610874575721344,-0.043388057666509404,0.37622724053114553,0.9147791961570145,2.6390573296152584,2.70805020110221,1.000088900581841e-12,0.1986735803192576,1.444071611493868,0.7863585206844359,0.12704972876961718,0.1238248870228581,0.04197684449023101,0.4758941596259173,0.5777397379580312,0.4356004356703871,7
sim00561,61,1.0,0.08196721311475409,0.2076705642823906,0.7246601171966354,0.33169564943453417,0.07535209265712081,62.0,0.6497108987308057,0.013341818519729012,-0.10397695324157295,1.1829721651252119,4.110873864173311,4.127134385045092,1.000088900581841e-12,0.37668679896038637,2.628827731277158,0.34958844412725426,0.08127577638529701,0.03859015514451566,0.12824681907288216,0.1770539741033604,-0.10053242159246556,0.0010315704618698413,3
sim00562,30,1.0,0.0,0.2148697745590071,0.7643232004963411,0.28972375120104626,0.066522292073989,31.0,0.34561912433347936,-0.05165801230803146,0.1614058774426733,1.2485503016213253,3.4011973816621555,3.4339872044851463,1.000088900581841e-12,0.24765623325421135,1.9298066052992584,-0.10815358272088482,0.08506890199977904,0.18493277736304753,0.10882085414946663,0.09463282994246687,0.46275421125572663,0.17451701391696953,3
sim00563,41,1.0,0.17073170731707318,0.40134895213682714,0.24045862064985046,0.062092169160062216,0.0097758190042689,42.0,0.8801585541471353,0.012251497201212063,0.07247071614954571,1.0358254945092624,3.713572066704308,3.7376696182833684,1.000088900581841e-12,-0.5298964914715675,1.8648640736048518,-0.42375536490656773,0.3594729303931462,0.18967421844994706,0.29998940691764514,0.14428248521680093,-0.24338844488977612,-0.19678246031893423,3
sim00564,83,1.0,0.40963855421686746,0.4459452349831276,0.1757380179642803,0.021874414628977833,0.004539808199303887,84.0,0.1600216218980962,0.03853309014646853,-0.0044164732926546815,1.1543672173171595,4.418840607796598,4.430816798843313,1.000088900581841e-12,-1.8156121430300747,2.846407696466482,-0.07693093978242181,0.29099867991082584,0.552993826152774,0.050125096700054175,0.08176155735146498,-0.28677821172361545,-0.20830025632620214,3
sim00565,78,1.0,0.6410256410256411,0.4816863562367696,0.10979285149829399,0.004052616510291036,0.0011351103705032459,79.0,0.890107148501706,0.036539283232994636,-0.34194716071556874,1.341603724733163,4.356708826689592,4.3694478524670215,1.000088900581841e-12,-3.183729657178123,3.084075972823017,-0.13067975393240405,0.6198446265036598,0.10921831517219346,0.06794751272531563,0.0641185342610666,0.10464235962923284,0.03206280607511403,3
sim00566,23,1.0,0.043478260869565216,0.29411998593927124,0.7079488959915691,0.224272200465316,0.067468535753439,24.0,0.6814261015631975,-0.0460404200864839,0.5221734379788353,0.9587897432659009,3.1354942159291497,3.1780538303479458,1.000088900581841e-12,0.03257349516179336,1.934295073288834,-0.1834266992048546,0.12157924416491306,0.3930326279077165,0.4255071275524363,0.04113148689943454,-0.3381476765867727,-0.14203546828813643,3
sim00567,102,1.0,0.14705882352941177,0.21440288782137348,0.8463059522276295,0.3055338897949228,0.030054374155167596,103.0,0.17010679624371633,0.013078932886119318,0.17220307242140886,1.1086078690058847,4.624972813284271,4.634728988229636,1.000088900581841e-12,0.7720925083189993,2.3059203212549573,-0.1815610739172081,0.11352578056093975,0.14557148947471157,0.23699348448142957,0.44814330216270437,-0.11875079074172025,-0.09597423721048054,3
sim00568,103,1.0,0.11650485436893204,0.12714471701482977,0.6689636519752387,0.23909390954936213,0.02010575513697256,104.0,0.6226042489312487,0.027704852065669115,-0.2144829386818603,1.2311216601899246,4.634728988229636,4.6443908991413725,1.000088900581841e-12,0.01740622380078575,2.158878685412184,-0.6072319386825223,0.10148669092697461,0.29651289076062465,0.1872322309590968,0.25840467016478,-0.004419621857499359,0.046176093836807576,3
sim00569,83,1.0,0.18072289156626506,0.34017102628225404,0.46407304796020404,0.126080194889999,0.021829182251260935,84.0,0.2338773259462626,-0.030467150786946746,0.09163968926955877,1.2346622699818688,4.418840607796598,4.430816798843313,1.000088900581841e-12,-0.3514655847546255,2.665170145311568,-0.9901163406477189,0.32831314695745467,0.2756197103997612,0.2735315433611362,0.12075667676897234,0.14141850579559345,0.08913992697146961,3
sim00570,26,1.0,0.2692307692307692,0.37367030674286067,0.3258640168985866,0.033565751028846715,0.011322423232749795,27.0,0.6939169342755194,0.08231443069608295,-0.907266615950333,1.1797797785307933,3.258096538021482,3.295836866004329,1.000088900581841e-12,-1.8449472723239522,2.171375421201546,-0.9955464976638644,0.5041473305132061,0.44303690018176517,0.032361485582660846,0.019703885570707142,-0.41076152560958396,-0.25206519602640026,5
sim00571,47,1.0,0.2978723404255319,0.2862907176599637,0.43592532167471953,0.07874150881124196,0.013593515480254545,48.0,0.6143886049600413,0.1087900100392126,-0.6737226778796147,1.0968261289909043,3.8501476017100584,3.871201010907891,1.000088900581841e-12,-1.101532022535169,2.0935700300265205,0.015741590492034607,0.2143183791995659,0.24538741791727176,0.48035129756047557,0.05994194647257395,-0.08719119757025495,-0.01955401915605374,5
sim00572,26,1.0,0.4230769230769231,0.32245397071301696,0.741178984599628,0.11092908380318889,0.028587127264225805,27.0,0.7412797561956981,0.20205382564494914,-0.22064738074835025,1.340674930478201,3.258096538021482,3.295836866004329,1.000088900581841e-12,-0.5474790394798246,1.9021619461853811,-1.1409390878753622,0.5492227136689264,0.31551488237005954,0.13353148784134003,0.0017260168181501467,0.06934676359312263,0.16320826636581348,7
sim00573,57,1.0,0.2631578947368421,0.3495284070425117,0.40194959107991035,0.06540526354667514,0.009324411804757791,58.0,0.6421290504094719,0.07476552679437684,0.012769908636918305,1.787423163681801,4.04305126783455,4.060443010546419,1.000088900581841e-12,-1.2566037254151379,2.0950844157832775,0.6303842887071256,0.23279341991287805,0.24550760144762174,0.3316066742931112,0.1887184297360629,0.04616625660756135,0.05129862794979987,5
sim00574,13,1.0,0.0,0.14213955448534177,0.40923740890585814,0.2505914996097757,0.12662424962847565,14.0,0.5259453755797129,-0.030667417473535227,-0.2791239794835505,0.8756275824082551,2.5649493574615367,2.6390573296152584,1.000088900581841e-12,0.0050594856306549404,1.882349272299671,-0.07565158704612085,0.051456066450533015,0.2710568195264662,0.07544973343459759,0.09673592452883517,0.21795248348471277,-0.034501603861042306,3
sim00575,40,1.0,0.075,0.20385656669070965,0.6624887755433067,0.2874455254577784,0.10743630352602498,41.0,0.5829747652015521,-0.002143769114334837,-0.05767918668327658,0.9750061647893999,3.6888794541139363,3.713572066704308,1.000088900581841e-12,0.16749800850003324,2.7047442349841537,0.29744828814661206,0.09239038436003823,0.14381494545530135,0.04152021868035765,0.32832961669003224,0.15356461192811727,0.1390348154893035,3
sim00576,67,1.0,0.14925373134328357,0.19919372447661002,0.63191166335238,0.11885735826631674,0.013752760653170229,68.0,0.3873892699172742,0.04581099698455224,-0.5422868994192399,1.1998515770267646,4.204692619390966,4.219507705176107,1.000088900581841e-12,-0.6914803797060529,2.0480080935349645,0.06524175541058463,0.2474013545374783,0.11178502885156875,0.45314397224070463,0.11632567081686951,0.016316134419943156,-0.01097840904211498,3
sim00577,25,1.0,0.0,0.16588847962297235,0.7506542450236401,0.25080708022748127,0.04106546275357477,26.0,0.4079124415891982,-0.04213859252147692,0.15235860555351366,1.3977998239206106,3.2188758248682006,3.258096538021482,1.000088900581841e-12,0.03773224382054711,1.409359231796525,0.2734373725371219,0.1972518843214532,0.19604956047804725,0.19638320206375967,0.2199369683488287,0.19059508933131805,0.23013271468069485,3
sim00578,89,1.0,0.30337078651685395,0.27195562507568005,0.8832472703040856,0.14104433748009132,0.011761103216245057,90.0,0.790347726478891,0.09834036447152086,-0.21488264066136964,1.0648028830043146,4.48863636973214,4.499809670330265,1.000088900581841e-12,-0.16109375649613056,2.0043598269993885,-0.37063469559138174,0.03618313735326427,0.30596388109378836,0.3690497355249348,0.2843422489610921,0.21846428089766892,0.1460283872867568,3
sim00579,10,1.0,0.0,0.23511334553834945,0.736515021147048,0.23133080686501065,0.07739342896708096,11.0,0.7917888413329589,-0.036081610664155696,0.8503460521797399,1.209758196145554,2.302585092994046,2.3978952727983707,1.000088900581841e-12,0.3387565369909289,1.207638222443073,0.19234911746140648,0.368600419994821,0.14342967394026032,0.2656971256002169,0.21479410038028396,-0.2533112478655399,-0.14684825887669553,5
sim00580,115,1.0,0.09565217391304348,0.13117149219931262,0.5635301031429586,0.7075496287974428,0.10396958856653556,116.0,0.6449598349630564,0.01618419483238085,0.1597336132884759,1.0846876961346206,4.74493212836325,4.7535901911063645,1.000088900581841e-12,1.1281440852402553,2.8272227931924774,0.0545553634890075,0.04541989444487123,0.05720666868692238,0.08148858736298925,0.17148970147004797,-0.257371586130956,0.043375496574828,3
sim00581,114,1.0,0.2807017543859649,0.364971818381619,0.4683862259204592,0.06647519816278662,0.004548867574384695,115.0,0.6198258820698197,-0.005253290631696788,-0.09833079061352477,0.8792482314431914,4.736198448394496,4.74493212836325,1.000088900581841e-12,-1.2654837589524168,2.0542478459978484,-0.03650114897244759,0.4605376843644842,0.13339284379626115,0.3150453165813093,0.08384927892912052,-0.09993971463554509,0.0061150961647902504,3
sim00582,113,1.0,0.10619469026548672,0.18513104409214978,0.8535161504740348,0.430857812704255,0.08532887627822111,114.0,0.6659108013089333,0.014870156949408048,-0.11881054302172891,1.3346966917818388,4.727387818712341,4.736198448394496,1.000088900581841e-12,0.6609696648627889,3.1081226070382897,0.5899370429001871,0.03310902525289555,0.061710077844816656,0.1345453416756682,0.19864234025559974,-0.08444187830144818,-0.02727995716393297,3
sim00583,15,1.0,0.13333333333333333,0.15628963840368326,0.5877897101566165,0.3222900830701194,0.18722474028148478,16.0,0.4973500934597005,0.0986076642225387,0.2118531588207824,1.6204220830586562,2.70805020110221,2.772588722239781,1.000088900581841e-12,0.2540191896461512,2.1649078968993734,1.5034509037185744,0.0019358311765683624,0.15881333478861354,0.6166625071366505,0.05023585870852872,-0.22141316832845254,-0.22931155026230263,5
sim00584,110,1.0,0.18181818181818182,0.25991178579638524,0.49695655904321384,0.17524334756457324,0.02416205160699902,111.0,0.3897096957228927,0.06587785573568024,-0.1822927639410592,1.1993220714727202,4.700480365792417,4.709530201312334,1.000088900581841e-12,-0.3054060001220217,2.719088086670055,-0.08070134633855047,0.12609829688387228,0.21527477322612804,0.3572228993261866,0.197277393791,0.1584179149763292,0.15040219046210007,3
sim00585,75,1.0,0.36,0.3860609745144835,0.25242224503502264,0.032691525436541136,0.0034627593275110826,76.0,0.25252224503502263,0.07404906258472577,-0.5182125467442555,1.4679336871195607,4.31748811353631,4.330733340286331,1.000088900581841e-12,-1.7533327272007802,2.072437992918738,0.3948027070681456,0.2180302632718076,0.4027460615673972,0.3121114771103457,0.06442630986617125,0.08869998374827867,-0.06945584467392592,5
sim00586,60,1.0,0.03333333333333333,0.13225145186370088,0.6862101518940733,0.5926357831938538,0.08078461210813542,61.0,0.4876760713852917,-0.02518748199676221,0.23455407965367364,0.9922621593747818,4.0943445622221,4.110873864173311,1.000088900581841e-12,0.8637268003158832,2.1015510486159434,0.2389652141347735,0.07179708001949571,0.10146502371388089,0.04062646893611656,0.22458252744188767,-0.08700851294127725,-0.129136731063211,3
sim00587,35,1.0,0.2,0.4444944266026555,0.17060744343132905,0.03671916953135693,0.015159296229314095,36.0,0.9370529752449503,-0.05934836619666424,0.3619659287364494,1.7517138056705728,3.5553480614894135,3.58351893845611,1.000088900581841e-12,-0.4739790852330752,2.6706630676222978,1.2351378672734303,0.02382282766915518,0.06521282791797176,0.19985948702851117,0.506042453714173,-0.2957571820711576,-0.15106869540519094,5
sim00588,82,1.0,0.12195121951219512,0.16498063970610483,0.7678991490613443,0.4376754720702697,0.10399360635710914,83.0,0.27145160602674573,0.04870841549951444,0.05910075608113619,1.3166019853109074,4.406719247264253,4.418840607796598,1.000088900581841e-12,0.7943950535344317,2.9695709625978512,-0.1664960287620686,0.08375865774754249,0.10272180871240089,0.09300741284056598,0.38990227070748057,0.02040599046769397,0.0802248380177755,3
sim00589,45,1.0,0.022222222222222223,0.16243127331016022,0.6952131532000865,0.3075827489629357,0.03967411903425669,46.0,0.6465719910464223,-0.048804938275522604,0.15667861999719118,0.97769367312266,3.8066624897703196,3.828641396489095,1.000088900581841e-12,0.2971350728574733,1.7586173978960455,-0.5976429514170319,0.11210960267133187,0.2991467272525499,0.32200389241163285,0.09922292587307646,-0.06429909550123292,-0.07380872937114483,3
sim00590,44,1.0,0.022727272727272728,0.1566416711223755,0.7253409739679603,0.3534338104425255,0.0898137974399807,45.0,0.5934488326730425,-0.03024193208814131,0.2617775683416912,1.572238874775529,3.784189633918261,3.8066624897703196,1.000088900581841e-12,0.38179071473858156,2.4142320164459097,-0.8151386013785354,0.20068023359181011,0.0497078458424767,0.14273324404634216,0.23600620422750648,-0.028540685230241676,-0.07670044770699473,5
sim00591,60,1.0,0.6666666666666666,0.46435566353236146,0.17297909657415045,0.011911677856398049,0.0026319522139305563,61.0,0.8318296837308041,0.06791479702881258,-0.999163371205644,1.6001699624031718,4.0943445622221,4.110873864173311,1.000088900581841e-12,-2.4633304355412053,2.584551163665785,-20.384459822164985,0.6425605181499625,0.35741599313786493,2.3488628221269072e-05,0.0,0.13013688249707855,0.35704242132701997,1
sim00592,50,1.0,0.12,0.2831296229426803,0.8114110802752148,0.14894646693186844,0.04039506593213977,51.0,0.21345301074558798,0.03162057232869002,-0.01619587337266954,2.0239419689478004,3.912023005428146,3.9318256327243257,1.000088900581841e-12,-0.11972694570068208,2.6071436931815675,-0.9375856585568993,0.09557826869606979,0.5202220161678192,0.23174089874775022,0.09167688515342651,0.12419096807243353,0.07268544568083742,5
sim00593,93,1.0,0.10752688172043011,0.17665431991373415,0.7508054011309422,0.35533138914432566,0.06529006782456945,94.0,0.8022447967035455,0.025046814910373402,0.11983499917584252,1.1435217346068205,4.532599493153256,4.543294782270004,1.000088900581841e-12,0.80636241068075,2.838388572333555,-0.08288124503409616,0.07949796714521062,0.10912013757820896,0.24603548511307205,0.08749913789527403,0.057549360336376414,0.1254787441084377,3
sim00594,70,1.0,0.12857142857142856,0.14416114251448256,0.7432819165304331,0.24283766277462188,0.03394337745356523,71.0,0.5902416519908577,0.052455784132526835,0.05579515617525863,1.5590182690861056,4.248495242049359,4.2626798770413155,1.000088900581841e-12,0.00404882112188439,2.2807958434580944,0.2180189275957275,0.0960414242701717,0.15041076106514648,0.28336511018791316,0.28992823553017727,-0.03719486581656764,-0.06419161939343639,5
sim00595,115,1.0,0.2608695652173913,0.3052082953779828,0.579852272058809,0.10686383127014921,0.007157894418176596,116.0,0.4730640885293219,0.0710426741245266,-0.14222996412506186,1.0725573972680578,4.74493212836325,4.7535901911063645,1.000088900581841e-12,-0.8469991060185024,2.0415925704162974,-0.5615802952311464,0.3408043979090155,0.37814344146219897,0.14533919653304286,0.09122134309406554,-0.03998912663109016,0.005131363526138475,3
sim00596,13,1.0,0.15384615384615385,0.3424030071783362,0.40518741120599977,0.05808269307850481,0.019258035166223375,14.0,0.6933215904427535,0.079737463655021,-0.6378815487776628,0.9534199093233331,2.5649493574615367,2.6390573296152584,1.000088900581841e-12,-1.2976706028309994,1.4610100042908718,-2.269830294711587,0.5233415965010882,0.4565921024839715,0.005014385517287766,0.013947213399478535,0.12373149762696217,0.15818552866951588,5
sim00597,93,1.0,0.34408602150537637,0.3792084711109015,0.3687349780197545,0.06673342864645958,0.008115860649974563,94.0,0.2839029621432053,0.03145776720470703,-0.2861839772976356,1.1123511043086607,4.532599493153256,4.543294782270004,1.000088900581841e-12,-1.1139868972177873,2.42571373742721,-0.5019036727881419,0.15816132654458653,0.4990881955731115,0.23170582731922287,0.11099924042445057,0.06348379086782581,0.02210774249236035,3
sim00598,35,1.0,0.08571428571428572,0.15459462291916698,0.42176746502595097,0.33604642391499706,0.04490609941694714,36.0,0.4235460989673894,0.03727683747995557,0.13133953152549088,0.963228740789193,3.5553480614894135,3.58351893845611,1.000088900581841e-12,0.31944686230723546,1.5426723745723647,-0.3535204710770968,0.05480444993501309,0.13825072991481122,0.1471602821275915,0.2759091430568641,-0.28737561450424715,-0.06941948863712492,3
sim00599,86,1.0,0.05813953488372093,0.10815367011566901,0.750284921449201,0.4685912684035412,0.0760390513301809,87.0,0.3285110285515908,-0.012497359606006455,0.18560184540723268,1.0811646033391473,4.454347296253507,4.465908118654584,1.000088900581841e-12,0.7534181696216151,2.635863445162558,-0.516118542187925,0.15367014845484359,0.08669775854906077,0.1304499747276737,0.17604165027598045,-0.04537687537562656,-0.01371011962735941,3
sim00600,99,1.0,0.8080808080808081,0.46700734989903514,0.21945214823360515,0.007417969290462934,0.0014659076600651712,100.0,0.21345885869915027,0.09572229951903474,-1.4171192850030416,2.059317468794866,4.59511985013459,4.605170185988092,1.000088900581841e-12,-3.119428526972581,2.9736891120828703,-4.735998639942149,0.8712154414197308,0.12832222405608487,0.00043573112169119046,2.660326768532643e-05,0.2610937769772651,0.3372226910414058,7
sim00601,38,1.0,0.2894736842105263,0.3608137699276962,0.39223124361968564,0.037944600944553396,0.006851143922654954,39.0,0.6984961186200598,0.09492503753040875,-0.7701799024297855,0.8192283926262488,3.6375861597263857,3.6635616461296463,1.000088900581841e-12,-1.713830006471799,1.9258745670908193,-0.45764631865413563,0.3062027655220045,0.53212355839895,0.10591769142997998,0.05513864664764199,-0.24010785468520376,-0.28582061727990266,5
sim00602,19,1.0,0.05263157894736842,0.32170623472337334,0.3776246046060926,0.13143794303412917,0.036013424917301536,20.0,0.6149714959743465,-0.027083681762838374,-0.011471843294221212,1.316077383619868,2.9444389791664403,2.995732273553991,1.000088900581841e-12,-0.5886031835750893,1.6497959382198646,1.0664226993968695,0.06988202054554678,0.13981044065047954,0.007161065764318775,0.397768674366286,0.2695347339490823,0.4066484101018098,5
sim00603,38,1.0,0.39473684210526316,0.426928691116138,0.2318517924038319,0.017340229680632816,0.0058431458846532015,39.0,0.8377348214945433,0.1288969233293015,-0.8150140801239234,1.2490944917161217,3.6375861597263857,3.6635616461296463,1.000088900581841e-12,-2.0591490135840673,2.5498262714139073,-1.1577174831190549,0.4570606429035368,0.4718210494039665,0.05236021362062272,0.018661312878488018,0.03248241432894078,-0.05693241631187069,5
sim00604,112,1.0,0.2767857142857143,0.3026851098576379,0.5289246924357767,0.1153610106482671,0.009998800071036564,113.0,0.6607522193249814,0.028963164863810655,-0.19003097646914066,1.0639362532321115,4.718498871295094,4.727387818712341,1.000088900581841e-12,-0.6642879558069182,2.2728975290033335,-0.5598173690967017,0.23745232961243837,0.5151370723766056,0.12202437025070331,0.1243900903813163,-0.06300698109282865,-0.11920974896478974,3
sim00605,15,1.0,0.0,0.1607195304635152,0.6774162206135341,0.2625750266065542,0.07155369151292669,16.0,0.3947660342714688,-0.03387740327026574,0.0654360052819328,0.6884136727096649,2.70805020110221,2.772588722239781,1.000088900581841e-12,0.09438376122238518,1.4079614423645084,-0.3283848384591753,0.22330558457693936,0.051963743512082244,0.3994242195377222,0.29826138359011106,0.07625373764590487,0.1167883942181798,3
sim00606,41,1.0,0.3902439024390244,0.3818445955018492,0.5072063705203932,0.048189319970388514,0.01701321662772711,42.0,0.4923320347245961,0.058476161893469256,-0.37467160916726594,0.9959167534136426,3.713572066704308,3.7376696182833684,1.000088900581841e-12,-1.6460882802911223,2.672425137474805,-1.0901380804056,0.6782806538233804,0.24321586471195486,0.07484221574086602,0.001298153300540267,0.15219623537570773,0.0758966177164376,3
sim00607,24,1.0,0.20833333333333334,0.31268749703713156,0.5176778575240593,0.032826481525954646,0.007292503670785637,25.0,0.5181025461404817,0.05232112288502416,-0.37058846560034625,2.0323916643355764,3.1780538303479458,3.2188758248682006,1.000088900581841e-12,-2.0289136960238863,1.6736652026344665,1.3585689449651552,0.2807314383677375,0.36818230225172616,0.1012209405635337,0.23397576999150718,-0.23889345638389659,-0.2990074635881737,5
sim00608,88,1.0,0.7386363636363636,0.4458214123892336,0.3070823945333625,0.026846917862420744,0.004487070931963709,89.0,0.1914019668841611,0.10444231443972939,-0.7636603686108304,1.8134316034054603,4.477336814478207,4.48863636973214,1.000088900581841e-12,-1.7517713776077357,2.6883859232246325,-20.630279791994795,0.8352272844309615,0.16463718241163755,0.00013553312015286722,0.0,-0.06405615408349821,-0.04074170245625928,1
sim00609,36,1.0,0.05555555555555555,0.28234046761660564,0.6351940027577672,0.17126180299228153,0.03679029573533571,37.0,0.6966132330869004,-0.02456297670148491,0.4449199380393805,1.5512679864977748,3.58351893845611,3.6109179126442243,1.000088900581841e-12,-0.2102901280856631,2.0455596484781764,0.4874913253202071,0.10640914043628584,0.5762961802230557,0.08306800230763775,0.14024542584050897,-0.16481497437925857,-0.19540417212490843,5
sim00610,64,1.0,0.078125,0.24260688698459904,0.5795778418914945,0.2733302176980575,0.04491603857719522,65.0,0.27284922088484465,-0.010564045622418014,0.008878337142220031,1.1123596896122239,4.1588830833596715,4.174387269895637,1.000088900581841e-12,0.32038273859548616,2.352997367872366,-0.23339030525130477,0.06532936783319168,0.14038863874339633,0.12532687645153012,0.20284570648415232,0.14536387198284986,0.1579749872111299,3
sim00611,79,1.0,0.16455696202531644,0.2144064200266601,0.5469856499353118,0.16227530115948724,0.009232544809210624,80.0,0.512184662545392,0.04826027183234438,-0.25897927406046173,0.776758680332464,4.3694478524670215,4.382026634673881,1.000088900581841e-12,-0.4315725946710199,1.5028882904658318,0.012009205531923195,0.09976359947463373,0.2120004897576653,0.36400791024075346,0.2815843497881956,0.019087552197738677,0.05885302865834899,3
sim00612,119,1.0,0.3949579831932773,0.300465550236455,0.5229500284182595,0.07842691627394041,0.00647427417656074,120.0,0.7438857030808799,0.03599494378050319,-0.5001592775005338,1.1631218492567617,4.77912349311153,4.787491742782046,1.000088900581841e-12,-0.8875887480751401,2.284792808510672,-0.4700732189675344,0.2964275494598442,0.4745292695991718,0.22039252140795296,0.008624418329289923,-0.05142969019814566,-0.0667537334479942,3
sim00613,47,1.0,0.10638297872340426,0.23930601583791214,0.6724122049573893,0.12135664157153594,0.022799634780171593,48.0,0.3259116174708951,0.018381953084941664,-0.48923954076540876,1.0345692405341604,3.8501476017100584,3.871201010907891,1.000088900581841e-12,-0.5934985258511305,2.178158457401273,-0.6163282892831943,0.18940190274859295,0.3479871618822445,0.39602839146230145,0.04946814991582465,0.0833891925277318,0.0627762327137349,3
sim00614,13,1.0,0.07692307692307693,0.1925472255215774,0.3110417337930407,0.17843708359170185,0.05117071550938854,14.0,0.7633647126121716,0.04297617918335718,0.06735155098782487,1.488867430704141,2.5649493574615367,2.6390573296152584,1.000088900581841e-12,-0.012264654142178597,1.3158806969024552,-0.9854480541555606,0.1998705654657348,0.08496056913499724,0.23227504290922227,0.19612206809850827,-0.010050758928420335,-0.07171859745516362,5
sim00615,61,1.0,0.36065573770491804,0.3296757761573307,0.7407058524949058,0.10190262992291406,0.021484394462622194,62.0,0.33765502246011986,0.08393989525814148,-0.26761059541864535,1.4491284150101988,4.110873864173311,4.127134385045092,1.000088900581841e-12,-0.7860382372314234,2.55418294750201,-0.8218509662797809,0.6923893087171954,0.12470401261560732,0.1550375949511107,0.027841653744219097,-0.014049510685528472,0.016994181783520846,3
sim00616,77,1.0,0.3116883116883117,0.40505188548813514,0.3195361961355753,0.0801841195935266,0.015967376728817265,78.0,0.10852510679465643,0.012522756989962356,0.251048445198622,1.3850659881884797,4.343805421853684,4.356708826689592,1.000088900581841e-12,-0.18777805553633425,2.730027622039281,-0.32938784887382816,0.11185581405900291,0.4871128656831343,0.27518834748189375,0.06653236880311736,-0.11224720125586056,0.03798852941818273,3
sim00617,28,1.0,0.03571428571428571,0.2538528282567153,0.39676430128445483,0.14991709334957537,0.029997350619760086,29.0,0.8384934248190243,-0.015145864789303258,-0.17223622770017818,0.9101906468231225,3.332204510175204,3.367295829986474,1.000088900581841e-12,0.10168511461170593,1.7232311448170752,-0.5420686354638,0.29106324926054383,0.1356260989004302,0.18502674748259867,0.08481276948268095,-0.17215945305052438,-0.0852373132850431,3
sim00618,107,1.0,0.48598130841121495,0.401918927556641,0.35141711031800926,0.033426823890928645,0.0050442137051337895,108.0,0.22602797282700504,0.05166079813165571,-0.7168366906827511,1.3131737850732375,4.672828834461906,4.68213122712422,1.000088900581841e-12,-1.6550805303419072,2.7817119286821943,-1.380289138298966,0.4092331789712789,0.5048742242277224,0.08315856671786641,0.002733743104801765,0.09553532190884143,0.10488521064398906,5
sim00619,97,1.0,0.26804123711340205,0.33679514655821663,0.9494822738116503,0.1451545468336953,0.016376596840640925,98.0,0.9047109891697414,0.09320881169246881,-0.27222974033250025,1.6366142736620526,4.574710978503383,4.584967478670572,1.000088900581841e-12,0.5210242576311195,2.3927652566002044,-0.1861023478580555,0.04938546334199251,0.04126831211164173,0.19021948368160607,0.5946234340702811,0.05843297376682968,-0.04449828793582345,5
sim00620,18,1.0,0.05555555555555555,0.25794663247917327,0.628573983355868,0.1714550241243687,0.05180252807151638,19.0,0.33887820738314955,-0.008706464865906958,0.5084178376034656,1.2262513489392828,2.8903717578961645,2.9444389791664403,1.000088900581841e-12,-0.2675025893513323,1.6934897281456829,0.4220505232778205,0.21053422636759656,0.30922413917123626,0.3836477140980402,0.07290424805343979,0.45038247535829673,0.134269719833881,3
sim00621,75,1.0,0.7866666666666666,0.4702530375438645,0.31438317151975115,0.016873176468595145,0.0069300029621481435,76.0,0.31448317151975114,0.051453098202574064,-0.8851034158447064,1.8400471267603165,4.31748811353631,4.330733340286331,1.000088900581841e-12,-2.547623165097937,3.4276231800765284,-20.492088887345215,0.993875483568643,0.00612382127726423,6.950948272205539e-07,0.0,0.24850895122527009,0.20436729539788454,1
sim00622,102,1.0,0.3137254901960784,0.34743495572214517,0.5480554069905869,0.0540750826031581,0.005109958093211205,103.0,0.5481554069905868,0.09026761184366044,-0.22399900685469532,1.2566299534296617,4.624972813284271,4.634728988229636,1.000088900581841e-12,-1.5217683576786651,2.265790515434096,0.06726157841646849,0.484622949335736,0.2354662054528338,0.13162538017268718,0.11669299922939902,-0.004340241925410552,-0.09207357832246506,3
sim00623,48,1.0,0.14583333333333334,0.2938162033977859,0.37306634479354506,0.12810960119455658,0.01556097740754069,49.0,0.12482522889947478,0.07247955038872146,-0.29204216013891987,1.1592766423873753,3.871201010907891,3.8918202981106265,1.000088900581841e-12,0.15930324089077263,1.7630811858983642,-0.4773866524445283,0.05149974956353005,0.2182097492531756,0.1573402911597662,0.4354384137272515,0.12783619955508915,0.04306318540190464,3
sim00624,75,1.0,0.18666666666666668,0.36209302855655273,0.48264884727718177,0.38507884621277005,0.11826180568000975,76.0,0.21189333822299128,-0.0469710944318917,0.22439102979405418,0.9825858660604817,4.31748811353631,4.330733340286331,1.000088900581841e-12,0.8354869228995496,3.1369408636781966,0.1486863990839796,0.0818544107921584,0.02211321584194348,0.012730204208074717,0.05736491116843022,-0.4220643315362899,0.03139607265358135,3
sim00625,70,1.0,0.5714285714285714,0.38873516070339265,0.4064556905489026,0.04459081807122623,0.008808377942395426,71.0,0.6239312532744643,0.1195029821665885,-0.6794224556119766,1.51593883010397,4.248495242049359,4.2626798770413155,1.000088900581841e-12,-1.6605289109897452,2.6266705830953434,-1.9010283267191348,0.6259891371466922,0.3477164369692712,0.026292211177664938,2.214683945561124e-06,-0.26678119846574927,0.0048333691432983945,5
sim00626,52,1.0,0.25,0.28544948182244323,0.6404410482851675,0.10140621334883634,0.020228273869635077,53.0,0.576636914753134,0.06301737788928986,-0.34436612608231015,1.0371676355980022,3.9512437185814275,3.970291913552122,1.000088900581841e-12,-0.8785533291075573,2.3391906754704075,-0.9479555342099169,0.3053947571662461,0.5905727340051047,0.06943380862064194,0.030200063090877985,-0.06082793003625437,-0.16308856891094195,3
sim00627,86,1.0,0.3488372093023256,0.2633123881962682,0.575278955275005,0.09889847563011199,0.01587326226234253,87.0,0.32201560930536144,0.1192815928215291,-0.49233610668871247,1.2283650739755976,4.454347296253507,4.465908118654584,1.000088900581841e-12,-0.7918751813212006,2.6248895451793275,-0.27050390207829034,0.2309000052352685,0.35054503378865176,0.39333103754442567,0.024390322804582438,0.06582536568178106,-0.005672191911668653,3
sim00628,76,1.0,0.18421052631578946,0.19962297244018135,0.6227040716536648,0.18897434161329138,0.020624387420773996,77.0,0.5819343073157099,0.022832294645495514,-0.22157808590304354,1.0329172599532872,4.330733340286331,4.343805421853684,1.000088900581841e-12,-0.252629620873895,2.115596323717588,-0.1078670582689763,0.13635073468985062,0.1918411371265925,0.4302075329403163,0.2331820281808465,-0.1535029436784387,-0.07642246723350113,3
sim00629,55,1.0,0.05454545454545454,0.26047305124319675,0.6644327134889972,0.21254254637572756,0.024632952153952403,56.0,0.2533404599266872,-0.04225915245005336,0.2982348384517615,1.3104754790988353,4.007333185232471,4.02535169073515,1.000088900581841e-12,0.11655387844684781,1.8522760634892919,-0.1517776738271588,0.24870086320059268,0.24211261383168495,0.14592482283393676,0.2271456781774361,0.13437923302573765,0.11552834409122245,3
sim00630,45,1.0,0.5555555555555556,0.46890431509351715,0.11666406295754017,0.008033840644013782,0.00278848401745235,46.0,0.8933085492193616,0.11885759512565944,-0.7287446179031577,1.3890704344868716,3.8066624897703196,3.828641396489095,1.000088900581841e-12,-2.473455092607787,2.7484978692237854,-0.9658589996420623,0.7817856046457561,0.19303940807791828,0.01629128627011323,0.008883700881738845,-0.12226853863492793,-0.11800678613494898,5
sim00631,18,1.0,0.7777777777777778,0.4697049573460094,0.30494899701708134,0.042352302585743205,0.03837049497197568,19.0,0.6949510029829187,0.29646275088021606,-0.531205388651885,1.8913600520811573,2.8903717578961645,2.9444389791664403,1.000088900581841e-12,-1.610535684432696,2.7916377716425864,-6.224674577871914,0.9990935260904215,0.0007615785506116327,0.00012129003090198159,1.1802652226764117e-05,0.7999826900019087,0.7265641335948558,1
sim00632,81,1.0,0.2962962962962963,0.241099097125429,0.6204020421478228,0.11681030480641519,0.028457364202549705,82.0,0.6360627120404106,0.11700515140785137,-0.3263915306045685,1.5650160217160152,4.394449154672439,4.406719247264253,1.000088900581841e-12,-0.6839721577136014,2.982304835696373,-0.3847597572781636,0.21423974035332932,0.2573394276830224,0.4576932387285004,0.06875236448900265,-0.13744541635989377,-0.03309704834823163,5
sim00633,23,1.0,0.08695652173913043,0.1876299722369761,0.7622813885546655,0.4027589079411189,0.14111802193727507,24.0,0.3214928248297416,0.04638013463025146,0.46537317352836094,1.1158368890620047,3.1354942159291497,3.1780538303479458,1.000088900581841e-12,0.6132231386819832,2.0867526515495256,0.6871602789683485,0.04183801967926668,0.16297442668051026,0.12711015422368702,0.607588043618481,-0.12286558766407356,-0.08026317242482509,3
sim00634,90,1.0,0.3888888888888889,0.34096832779966224,0.49914479719188903,0.07791914319570152,0.020649136048863224,91.0,0.499244797191889,0.09762123413972369,-0.11078492687399312,1.4878233321476293,4.499809670330265,4.51085950651685,1.000088900581841e-12,-1.1657869732002504,3.171811486602584,-0.17260041972085896,0.532216933933127,0.39050002576571274,0.04963749289507784,0.023059599333388407,-0.21215280348890764,-0.06966304930673377,3
sim00635,14,1.0,0.21428571428571427,0.2826112543059205,0.5766890094265781,0.11624773084543417,0.05312492719931101,15.0,0.42321099057342193,0.08018261665242557,-0.3529719902234401,1.2505807420154886,2.6390573296152584,2.70805020110221,1.000088900581841e-12,-0.7418685781134815,1.855980061723594,-1.8221062677322049,0.007796810556326055,0.5186434911445308,0.4710862408612172,0.0024682614581613533,-0.1414405636653927,-0.20520006229464566,5
sim00636,76,1.0,0.2631578947368421,0.40489235728157924,0.35906060236713133,0.0654797898199125,0.008646705415951587,77.0,0.16856982365529138,-0.023976478228430142,0.12638729229648826,0.9864478171981241,4.330733340286331,4.343805421853684,1.000088900581841e-12,-0.7610005479982819,2.3061701682031424,-0.13291895345899848,0.25546795668071304,0.35625754730330406,0.2854743693714466,0.05553638689350482,-0.03356638045390915,-0.03270246605431251,3
sim00637,92,1.0,0.6195652173913043,0.4129990939549266,0.45525435004566983,0.04471205923712861,0.007562137882708514,93.0,0.44026285891567307,0.08059379782595177,-0.3680297803232868,1.3610554943561484,4.5217885770490405,4.532599493153256,1.000088900581841e-12,-1.7068407119457811,2.7446992672297164,-1.2868335129417119,0.5267271238167336,0.46637838857536623,0.0031170638435407457,0.0037774237419941283,-0.2190502503769704,-0.14410848263742224,5
sim00638,98,1.0,0.07142857142857142,0.2012042613608828,0.6715879584018131,0.25529280578747665,0.02120219269326797,99.0,0.4355736764148529,-0.012210791145235206,0.12455570228196818,0.9942549277948511,4.584967478670572,4.59511985013459,1.000088900581841e-12,0.03769260595359067,2.096660939186614,-0.4233187788436421,0.25306337447852284,0.15789518569046726,0.17829752107247543,0.22959769581376382,-0.11725110505895917,-0.10408443920108419,3
sim00639,114,1.0,0.14912280701754385,0.30611534973288373,0.6510378102822401,0.2996064726212543,0.07058606453599381,115.0,0.5037373614903217,-0.04251184905074704,0.22643162714489823,1.5441504794513676,4.736198448394496,4.74493212836325,1.000088900581841e-12,0.1810648108010886,3.290561331248929,0.47127358087896176,0.08659204151734999,0.11467308330695049,0.024633015025459257,0.01270352221703184,0.16205315318172367,-0.06854149901234227,5
sim00640,24,1.0,0.08333333333333333,0.2870181896506186,0.5150880696709097,0.15890137279763394,0.07544863646012569,25.0,0.7103365669657768,-0.013784518588038613,-0.11086271406571992,1.1450091326087346,3.1780538303479458,3.2188758248682006,1.000088900581841e-12,-0.2584195770718475,2.433222230275348,-0.4987929610893646,0.07352101569442923,0.09739298485909181,0.2795038559132071,0.5374422503416878,0.14373988109850228,0.13494449582724533,3
sim00641,83,1.0,0.6867469879518072,0.46644223020281933,0.14259049284974773,0.01160512211923098,0.002424989059012896,84.0,0.0666823983273869,0.10881260273126958,-0.4264039580925413,1.3556021069975768,4.418840607796598,4.430816798843313,1.000088900581841e-12,-1.679484735247976,2.8532210510337883,-1.7245141645701085,0.5825092795402381,0.39217467863546684,0.024954979682573382,0.0003610620555528286,-0.30687059998207483,-0.10120094684680982,5
sim00642,102,1.0,0.21568627450980393,0.35601304999433614,0.47822834218138255,0.12954997943357202,0.025737470397346512,103.0,0.0481084799668604,-0.009927112675825757,0.2792047299674648,1.2788450755074114,4.624972813284271,4.634728988229636,1.000088900581841e-12,1.0399124882094488,3.008853986457796,-0.4460161257981466,0.0856908703720026,0.45339543647116065,0.4233253506229391,0.022666921081936416,-0.10626530982267494,-0.11397746367821285,3
sim00643,26,1.0,0.0,0.1672844232736898,0.7334292220602403,0.25685361481878133,0.05543707633907483,27.0,0.4906378374129802,-0.041706397126235535,-0.1054329668237151,1.2360842109232912,3.258096538021482,3.295836866004329,1.000088900581841e-12,0.027396074436710955,1.7248388253715305,-0.9078230856562162,0.21045280187608298,0.1339052491258676,0.11124850335008002,0.2112166069587364,0.25614658646119604,0.06253213661667856,3
sim00644,71,1.0,0.15492957746478872,0.1481097892060666,0.6610297685841611,0.28358934621152515,0.03523206048364625,72.0,0.3669759352446906,0.03635325304883805,0.06192970418616264,1.2096987503377679,4.2626798770413155,4.276666119016055,1.000088900581841e-12,0.19947779390692139,2.1771091263804463,-0.35421493019809236,0.17183755044703422,0.12946701991834078,0.29972407408769214,0.32736696621268147,-0.15956356076280132,-0.1389265225448715,3
sim00645,80,1.0,0.5,0.4545765348716902,0.1482386136598809,0.020266593179260377,0.00437473710134545,81.0,0.10896785364584527,0.10471669021924035,-0.17662195498028493,1.661111389076225,4.382026634673881,4.394449154672439,1.000088900581841e-12,-1.566704270536759,2.848899183563977,-1.4286706787960812,0.2001604245455437,0.4793679728920244,0.2889689895440876,0.03150261296900204,-0.2448666953980604,-0.17906772802481444,5
sim00646,107,1.0,0.1588785046728972,0.2550687059852073,0.457330708208048,0.17731746345910288,0.013780947379560276,108.0,0.5685597738393595,0.03229301663511369,-0.07116665442471595,1.166625148920891,4.672828834461906,4.68213122712422,1.000088900581841e-12,-0.3245384420883167,2.1181741425873533,-0.3146290917526106,0.2353989577813138,0.18316358010968184,0.258886647983508,0.15816957139747254,-0.10150777422933525,-0.05434978132133258,3
sim00647,102,1.0,0.4411764705882353,0.40226754562759204,0.29441952312194763,0.05089309593704877,0.005101747301243682,103.0,0.7800022131129075,0.07961917712577678,0.007717920014438971,1.7855834150869636,4.624972813284271,4.634728988229636,1.000088900581841e-12,-1.2154316900925966,2.324828626003673,-0.32365836450093033,0.2730706753588719,0.3937548041731312,0.31819405511985127,0.012894715860410287,-0.17134407347838476,-0.23541414099331345,5
sim00648,54,1.0,0.3333333333333333,0.37397292063308546,0.3980315935997806,0.061538246353318664,0.01052167300520369,55.0,0.6803806571969336,0.07140227746819618,-0.2632927344991637,1.0004931296962072,3.9889840465642745,4.007333185232471,1.000088900581841e-12,-1.262369013078893,2.2227623979184954,-0.03178983497962842,0.46321731973833674,0.1938253343845383,0.32820035042485446,0.013154969506228182,-0.13673824410670118,-0.23096493220241948,3
sim00649,74,1.0,0.17567567567567569,0.22300069840193978,0.5752724537016198,0.21599274593586906,0.020621710023073996,75.0,0.5679390471798907,0.013473866970435405,0.030183007311114625,1.026624777696578,4.30406509320417,4.31748811353631,1.000088900581841e-12,-0.1275806719694067,1.955164674884324,-0.3288011749745279,0.17351623479294453,0.21574764364001406,0.2868829769874587,0.3224902203649789,-0.04310088074871883,-0.07006968335269713,3
sim00650,50,1.0,0.48,0.442934617620365,0.2520094370766215,0.027203612766399737,0.003664780466085441,51.0,0.8009714024897286,0.057518222045759834,-0.35663302802494184,0.9668927014147815,3.912023005428146,3.9318256327243257,1.000088900581841e-12,-1.7681686988639487,1.907441650518481,-1.789334315962411,0.7419213983557872,0.16982006219193083,0.08817320783833262,1.6374809886146543e-05,0.01315860062724163,-0.06519762814645841,5
sim00651,33,1.0,0.09090909090909091,0.3032503046329955,0.4193170983446388,0.15105426772425143,0.022681994448706257,34.0,0.16680960921723126,0.025948914692191426,0.2277719866431284,1.207500478800128,3.4965075614664802,3.5263605246161616,1.000088900581841e-12,0.083279166238407,1.6004398137882276,-0.8776290145102117,0.1319933449148587,0.41838145132491367,0.09772879677561126,0.21214136699292221,0.02520937690772743,-0.030460676035344286,3
sim00652,117,1.0,0.4017094017094017,0.2646948063081886,0.5899023138608258,0.15290529774507877,0.0175228556991584,118.0,0.5340945102202883,0.07210422882182485,-0.20670836638952958,1.3004752007804248,4.762173934797756,4.770684624465665,1.000088900581841e-12,-0.48698157090614463,2.59586124207707,-1.2035781690830918,0.2516712259808969,0.3052448946127321,0.4217513491067371,0.021331511174131425,-0.1884804263499175,-0.21073194467628925,5
sim00653,63,1.0,0.3492063492063492,0.35094581939761815,0.3989088281425782,0.08899514149958665,0.014051894972551526,64.0,0.3122656869075606,0.11605430819322869,-0.16562841670492645,1.1110644923069903,4.143134726391533,4.1588830833596715,1.000088900581841e-12,-0.8809199192187835,2.297310207581376,-0.7798059721215557,0.3766315513657833,0.4587467005960339,0.12767765737569395,0.03641065992796225,0.06607311641699927,0.00931573539265908,3
sim00654,51,1.0,0.45098039215686275,0.41525619372098865,0.27110960713888255,0.026146365662350613,0.008640427641893364,52.0,0.18454678668440538,0.056368839781498974,-0.7765293983364004,1.407971447376985,3.9318256327243257,3.9512437185814275,1.000088900581841e-12,-1.750181586877503,2.8245675076250927,-1.6657678817054147,0.5895542188888343,0.367777513904156,0.04255202648434836,0.00010689900729347707,-0.06550808549426486,-0.13858848382176056,5
sim00655,28,1.0,0.07142857142857142,0.25146924740152027,0.8140784219543842,0.1698414115982078,0.033568790049321326,29.0,0.30263693416632975,0.010859481489162057,-0.22556783614868967,0.8189533066223901,3.332204510175204,3.367295829986474,1.000088900581841e-12,-0.21721961532600456,1.7109361490629826,-0.09521898384701355,0.0346938181509508,0.2182717891043518,0.5179604954266233,0.2203184885246769,0.04176853288615736,0.01859261599570398,3
sim00656,88,1.0,0.6477272727272727,0.43065638210121954,0.36708869633342456,0.030449900376444607,0.005362776557578425,89.0,0.36718869633342455,0.08002394492188919,-0.7272351417335631,1.562508352248389,4.477336814478207,4.48863636973214,1.000088900581841e-12,-2.0322101526460887,2.7407359447667834,-2.9153709687786633,0.6850185770633059,0.30749134799958355,0.0074728493750647555,1.7225529204967274e-05,0.2624387072670987,0.10633639546100089,5
sim00657,93,1.0,0.12903225806451613,0.27423847764238674,0.38637746940497153,0.24354042045490126,0.0323809723233434,94.0,0.2832638172585111,0.03245692513972196,0.3051580160644815,1.2906617244412604,4.532599493153256,4.543294782270004,1.000088900581841e-12,0.18195169870511194,2.514887542608827,0.2740918254813537,0.08395066589026895,0.14320240197264014,0.1554774334203126,0.2716883560591941,-0.06825913616857507,0.02885948327005121,3
sim00658,15,1.0,0.4,0.4050779399018006,0.36160095692740607,0.027839207965374865,0.008851615951755733,16.0,0.36196711268374016,0.12404683135530731,-0.5856665848000271,0.831430381663994,2.70805020110221,2.772588722239781,1.000088900581841e-12,-2.1157425237370524,1.5622048509048485,-4.088052737192258,0.7137421022270777,0.18748018557104645,0.09871881521051441,3.631828483950321e-05,0.4954982974222799,0.12354071176947674,7
sim00659,110,1.0,0.09090909090909091,0.11199717551506905,0.6835133161995139,0.41726212943666896,0.051808187551756826,111.0,0.41814740876885376,0.012001943968269589,-0.013659634414069075,1.0151091260050489,4.700480365792417,4.709530201312334,1.000088900581841e-12,0.5394187521562406,2.6143139310984624,0.24870364862815297,0.07535563428528873,0.06535621547359394,0.14492199875043463,0.27995987806991507,-0.007677380426574547,-0.022946443425566145,3
sim00660,24,1.0,0.08333333333333333,0.0851800015441005,0.429175012620414,0.5686137148129289,0.19818810572165124,25.0,0.5120935543723969,0.047029413538761784,-0.008689292803906033,0.7154771606940058,3.1780538303479458,3.2188758248682006,1.000088900581841e-12,0.8223255887979152,2.124069119666499,0.4497944603507443,0.03640535753548758,0.06625199467400747,0.08134676428747709,0.19355524954037992,-0.4276029861728463,-0.31950347887864977,3
sim00661,104,1.0,0.07692307692307693,0.23180387446331444,0.8237876188022638,0.5387262629508446,0.09654955469503651,105.0,0.33406618767606844,-0.019448179218825336,0.261079976927334,1.2920356502172976,4.6443908991413725,4.653960350157523,1.000088900581841e-12,0.8844334351929432,2.925239714693769,-0.28510759111346207,0.05100447554819825,0.08717630366369557,0.07307729746921597,0.10159525674274895,0.16355161504455984,0.07325947781451651,3
sim00662,86,1.0,0.18604651162790697,0.18349369741384997,0.5888934973900558,0.1601056361059177,0.02500746921381663,87.0,0.40544498953323954,0.03452450962357854,-0.3936166032303227,1.1044809521263477,4.454347296253507,4.465908118654584,1.000088900581841e-12,-0.40920934566948,2.597688021512047,0.41082202046562,0.08210729894973066,0.15346921869435315,0.31482020588219595,0.40872768277420324,-0.039575374013686174,-0.10019193451208595,3
sim00663,11,1.0,0.18181818181818182,0.3666888638175783,0.3845291061917363,0.06606166353012673,0.045133960671623036,12.0,0.6897475557232621,-0.01852955481389523,-0.2593446603029757,0.904717301419789,2.3978952727983707,2.4849066497880004,1.000088900581841e-12,-1.1753680910936286,2.0169416422794924,-0.8094841449159804,0.7270825615098326,0.25130108624177694,0.018652247928677392,0.0029641043045757227,-0.29317804058621677,-0.11380439187079504,3
sim00664,45,1.0,0.17777777777777778,0.2249461068799831,0.7002217059083946,0.1514224309374622,0.015919671570215743,46.0,0.5095868929053615,0.023696343573264465,-0.23587173655164861,0.955632364117163,3.8066624897703196,3.828641396489095,1.000088900581841e-12,-0.5010197293877358,1.554144552912191,-0.33275225600561903,0.25999436020090927,0.18605060799478196,0.39263760214348736,0.16064377911509717,-0.26287301653362904,-0.196448522795819,3
sim00665,78,1.0,0.34615384615384615,0.3006333755276076,0.5467394954355612,0.08671528279827567,0.021444835195702075,79.0,0.5172599552152596,0.08686713724564699,0.10629741142656968,2.3080986218488087,4.356708826689592,4.3694478524670215,1.000088900581841e-12,-1.0576384426544336,2.959562518365129,0.5776805126257668,0.293345663430947,0.28090987848582494,0.3699893257339907,0.019641468777644187,-0.004532418161830153,0.08424147797526042,5
sim00666,92,1.0,0.43478260869565216,0.40296700142050523,0.32084677819644203,0.05722538887056293,0.009240666659168407,93.0,0.309955647767204,0.08144053385413608,0.07746773539273102,1.6767399192925683,4.5217885770490405,4.532599493153256,1.000088900581841e-12,-1.318432149371694,2.6984049465792803,-0.4920963282176836,0.24704664733155365,0.6752184778975658,0.05270105802328916,0.025009386116079693,-0.061086008098918974,-0.10691656449422765,5
sim00667,32,1.0,0.3125,0.4181661196200442,0.2577221129019607,0.025741858928849577,0.005286096131347246,33.0,0.25782211290196066,0.08838973252175009,-0.4028780647795322,1.0411580399615485,3.4657359027997265,3.4965075614664802,1.000088900581841e-12,-2.0059851186660644,1.8826974847728304,-0.9128558677717064,0.388802595004883,0.5423661028428949,0.045821112865023654,0.02298385605318317,-0.4483268097332845,-0.3383788633900341,3
sim00668,99,1.0,0.7878787878787878,0.48831450414080985,0.05520682433414952,0.0021399896718169733,0.00035356984244611745,100.0,0.01573884004394257,0.03625019872056515,-0.3435863902338933,1.0771110025770454,4.59511985013459,4.605170185988092,1.000088900581841e-12,-1.9794665316240294,2.7946445648769154,-0.9591859012844336,0.5009744212495983,0.15874438017341416,0.04769578086751437,0.2903734547786006,0.03461976115117866,-0.057674964020533674,3
sim00669,105,1.0,0.11428571428571428,0.17824662567376157,0.6897184376273283,0.5432999667654493,0.20820638114223608,106.0,0.4141297284149238,0.028866654234791844,-0.006277150018313643,1.554564731737108,4.653960350157523,4.663439094112067,1.000088900581841e-12,0.8061392074448556,3.6948285623925754,0.327189967763724,0.06817659853004972,0.043183717189114734,0.04229339224906419,0.11985363846701291,0.3958436909166683,0.21926481764664643,5
sim00670,72,1.0,0.1388888888888889,0.29794339580253953,0.4646574806952767,0.11616049784628206,0.009162104580918493,73.0,0.39384714007041294,0.02313099080777881,0.21204259681625548,2.5331554817071416,4.276666119016055,4.290459441148391,1.000088900581841e-12,-0.7203669471026501,1.7367691916092782,0.2770899039777082,0.19195518029491243,0.3421113847116541,0.2590768592864543,0.10880869920868712,-0.048357510649560925,-0.07040739329802845,5
sim00671,56,1.0,0.8214285714285714,0.47543779993054036,0.21649231712583494,0.007907242122957028,0.0031865422260449012,57.0,0.7834076828741651,0.15581123099692312,-0.8723689646366861,1.5194565633601849,4.02535169073515,4.04305126783455,1.000088900581841e-12,-3.0661357488126786,3.116509007232543,-7.164813096216235,0.9239657806966929,0.07295239749058031,0.0030818032219072492,1.8464353118675453e-08,0.49411024927600083,0.016736189643532587,7
sim00672,36,1.0,0.3055555555555556,0.2571720750721488,0.4905656364226973,0.10398357740021003,0.03065044620634471,37.0,0.41072784997126416,0.10647167512582285,-0.5702095988813696,1.2168978881125558,3.58351893845611,3.6109179126442243,1.000088900581841e-12,-0.8448307049166799,2.3619331814787214,-0.07731227742833213,0.2226566319922186,0.19469732510193888,0.5615195442402791,0.02112401016026353,-0.06686216484328712,0.08971369114138204,3
sim00673,94,1.0,0.9787234042553191,0.49457981405161133,0.022293095808406483,0.00036978134772729186,3.426510092824914e-05,95.0,0.022393095808406482,0.11278026179256759,-0.7511037561257339,1.9511050453173395,4.543294782270004,4.553876891600541,1.000088900581841e-12,-4.080948457765595,2.164510048934744,-2.0920994570563933,0.5882454218713731,0.2643738825084803,0.13976081851771616,0.0076198743981295705,-0.04579101880097012,-0.058347619386478596,5
sim00674,77,1.0,0.7012987012987013,0.43379377271685343,0.5081673564173113,0.03205459065509625,0.008136593153138092,78.0,0.5082673564173112,0.15164332916272916,-0.6102389956495052,1.3154788651576828,4.343805421853684,4.356708826689592,1.000088900581841e-12,-2.053747076448814,2.9727365731465736,-2.137764405146842,0.8853973742117757,0.10081315778066254,0.013421887226286186,0.0003593081561763149,0.08255892103830988,-0.0695800218748031,5
sim00675,67,1.0,0.5223880597014925,0.3716800272706043,0.5078334799479259,0.05217012555060351,0.0087284650670016,68.0,0.5016479065152073,0.11283721812071305,-0.3361536721237658,1.2566241397050568,4.204692619390966,4.219507705176107,1.000088900581841e-12,-1.5669400318060855,2.416772126220903,-0.8302988867998536,0.41347985892775574,0.5574387369902,0.025715986207651524,0.0033654178552246674,-0.1317925067566415,-0.15323820310519898,3
sim00676,56,1.0,0.17857142857142858,0.347479989242809,0.4213092185205273,0.19986936123883686,0.0726892155665943,57.0,0.6692644362620597,0.030948183186098703,-0.010574370274857133,1.295209539913651,4.02535169073515,4.04305126783455,1.000088900581841e-12,-0.10207916966488628,3.0138807630988684,0.5652112797015623,0.11747389158932056,0.0766200211001659,0.02243005321386674,0.00912551449137243,0.4797556284493229,0.07934717003106487,3
sim00677,13,1.0,0.0,0.14409673593957262,0.4416132016937226,0.19360809979880184,0.055432734831469446,14.0,0.38509471018412117,-0.030042649716791006,-0.5735367290030252,0.6278863514840702,2.5649493574615367,2.6390573296152584,1.000088900581841e-12,-0.2013662694066273,1.3142836463274084,-0.048668313947457964,0.06315899538447473,0.03248432248574809,0.4059751835313007,0.21206736768252302,-0.43425010220981786,-0.42757428882636667,3
sim00678,66,1.0,0.2878787878787879,0.38536477543531805,0.3821142358101064,0.05542984366983055,0.006066327815434267,67.0,0.9328932759306559,-0.008830555374878599,-0.0066526246513244755,1.4381564548998416,4.189654742026425,4.204692619390966,1.000088900581841e-12,-0.12170163277376082,1.9772900471457724,-0.8480904004331058,0.3676606935735006,0.4065881257658624,0.20239374285273315,0.009477882967073036,0.1852448058279726,0.1585426498080785,5
sim00679,76,1.0,0.2236842105263158,0.30598219296329904,0.5956361873904097,0.08481804101307049,0.011622652519841572,77.0,0.4669271212162143,-0.011628131437585005,-0.3006785116421679,1.0708970432945555,4.330733340286331,4.343805421853684,1.000088900581841e-12,-1.0765677891785652,2.3431810688154178,-0.47729554196827895,0.3043597054674545,0.5719637226766118,0.07795176412366685,0.04514899077258416,0.08036369834804515,0.019402386488096498,3
sim00680,93,1.0,0.1935483870967742,0.3101744108670068,0.7702325902072475,0.13030523563784147,0.011410150268427573,94.0,0.5691901589404963,-0.008508582556546835,-0.015362833307679112,1.0902257614671778,4.532599493153256,4.543294782270004,1.000088900581841e-12,-0.6322464217700464,2.0972231614684747,-0.4362109834366741,0.3507389003983536,0.28245175867297834,0.21232787223807048,0.15225304320284117,0.16084791225326694,0.13510476090391915,3
sim00681,53,1.0,0.2830188679245283,0.24736991076105055,0.7103766594523564,0.11604625221287646,0.014023642392464418,54.0,0.46997371268168725,0.06843408915150553,-0.49430888250937244,0.9402238988673721,3.970291913552122,3.9889840465642745,1.000088900581841e-12,-0.7638592501093316,1.8570477231695073,-1.0436528046254574,0.17583125655785273,0.2721541403120434,0.4604305947693183,0.09158400835216829,0.09949869216569833,0.11603201742979648,5
sim00682,20,1.0,0.05,0.19014449096212557,0.6244854904916577,0.4635307553594646,0.11838514822019568,21.0,0.38218173245746523,0.010580119712088786,0.48146033640515346,0.8077260880320517,2.995732273553991,3.044522437723423,1.000088900581841e-12,0.6745374327469866,1.6308028133622061,-0.8398090044429931,0.13126699051533375,0.21473841231751795,0.0767473551669282,0.10268899932800392,0.01785382117490821,0.39404394200255066,7
sim00683,66,1.0,0.09090909090909091,0.14975315291579946,0.6864448198973939,0.3258461365108592,0.07335454132525816,67.0,0.5026688280592041,0.014696058904400436,-0.22519057502531517,0.9401787308509975,4.189654742026425,4.204692619390966,1.000088900581841e-12,0.26499286917442655,2.698533861542515,0.4068834329865306,0.05146798700712927,0.06583285051933097,0.2006058277807144,0.268386569539614,0.13349114483042787,0.08729772709269869,3
sim00684,80,1.0,0.0875,0.237767549532197,0.8144297630291688,0.16212243049476624,0.024242819447294728,81.0,0.3298161932286878,-0.03862491559203095,-0.003709506735635609,1.069563610424157,4.382026634673881,4.394449154672439,1.000088900581841e-12,-0.30998044971301925,2.4817953088944567,0.43013319437705727,0.1363416194413616,0.24088934008561647,0.22478427053351924,0.2864337009869309,0.23622606926408157,0.2207659423768641,3
sim00685,112,1.0,0.38392857142857145,0.39084515702809436,0.6947237596116385,0.07008611237975977,0.013683488237874422,113.0,0.6584463091640312,0.02324049772373022,-0.060615025140600305,1.211335129475947,4.718498871295094,4.727387818712341,1.000088900581841e-12,-1.1659079282093963,3.084964074753799,-0.5293576270100054,0.7188663235844113,0.1137713567702423,0.09237717529672819,0.07479664339339182,0.11409243851681591,0.014933246333990395,3
sim00686,83,1.0,0.7469879518072289,0.46918857280296294,0.14584555322418175,0.005019531476171485,0.0013630307029905172,84.0,0.11385052890599723,0.16377968089527103,-0.9121191911543162,1.5315326419666802,4.418840607796598,4.430816798843313,1.000088900581841e-12,-3.0006802007010944,3.1152146725860232,-0.7059144642765578,0.7401067138992948,0.14924252071666214,0.10678274764877221,0.0038680175360489917,-0.0654090559436793,-0.0641712173933251,5
sim00687,18,1.0,0.1111111111111111,0.2728672614204565,0.36414814925953437,0.20793530725501755,0.04707937683698233,19.0,0.2785079601286137,0.0662820614279884,0.1774932533518417,1.118444930924322,2.8903717578961645,2.9444389791664403,1.000088900581841e-12,0.034214300981175165,1.4049797953662302,0.528153671691832,0.007322161526317765,0.2144203475494605,0.2902391652213707,0.26774418908120534,-0.2755337678103338,-0.2626725901597919,5
sim00688,78,1.0,0.05128205128205128,0.24391935217373464,0.9602776662215632,0.2820973227062826,0.0698565189082718,79.0,0.19127737650241333,-0.048712663426005255,-0.10187711595231293,0.7824311468599935,4.356708826689592,4.3694478524670215,1.000088900581841e-12,0.6008268039324253,2.960900107644629,0.5068407429064881,0.053933886524093894,0.0743670145797001,0.13736408433134087,0.2871608752660837,0.24602983756057,0.21887476979513837,3
sim00689,58,1.0,0.10344827586206896,0.28717740172248096,0.5188822021153962,0.13722553689459233,0.02520007361243721,59.0,0.47854528869193913,-0.02322797110540856,-0.04933386306996688,1.0071147747201552,4.060443010546419,4.07753744390572,1.000088900581841e-12,-0.5979921752420684,2.3656640988637423,-0.3277764628949237,0.2586773950543991,0.2636903096094123,0.17805278201453437,0.2839599213558701,0.11989005019872555,0.1434760675489667,3
sim00690,89,1.0,0.48314606741573035,0.35519553348222094,0.5998871530144716,0.061274041286683026,0.010562070519429737,90.0,0.40001284698552847,0.07568120086624755,-0.42613288750409956,1.4222334512054684,4.48863636973214,4.499809670330265,1.000088900581841e-12,-1.3652933451905138,2.730549416132941,-1.301905934136258,0.6318848574388636,0.30099261521412746,0.06473255457607861,0.002389972754610399,0.2332745401104807,0.17303671275955193,5
sim00691,59,1.0,0.06779661016949153,0.2734559976696796,0.8137730987698817,0.3131495603443387,0.06426262128829233,60.0,0.688402543424939,-0.028724776799558177,0.48184296048477077,1.12016647604224,4.07753744390572,4.0943445622221,1.000088900581841e-12,0.378350273456637,2.4938346835084464,-0.014338735647188516,0.20063417909429088,0.18310737485488504,0.05152859955867897,0.06830430320159422,0.3069130193835433,0.0825685780431893,3
sim00692,33,1.0,0.24242424242424243,0.3258443660961873,0.4498861558910787,0.0766737454115705,0.015291230736132177,34.0,0.5678807518173474,0.08196837514822244,-0.2903033856510068,1.0669721872621338,3.4965075614664802,3.5263605246161616,1.000088900581841e-12,-1.1632984138697382,1.8842277232348108,-0.4015667647782205,0.19167933303033732,0.34351101138498275,0.4250986049059677,0.039688272772125416,0.002699110957772738,-0.1840190565999576,3
sim00693,33,1.0,0.12121212121212122,0.3608935847000738,0.948984296185746,0.09558769855164553,0.029713000130547913,34.0,0.15289265171529837,-0.017297070715341856,-0.4040344755852082,0.8780829902465599,3.4965075614664802,3.5263605246161616,1.000088900581841e-12,-0.30376406387596394,2.328048090487787,-0.14193333678873565,0.03244843449312794,0.09006091839744021,0.6742684004334715,0.20161480457707112,0.3054455739081086,0.15797945925359866,3
sim00694,10,1.0,0.5,0.4704424477212994,0.1408917739730604,0.010604946953177524,0.009820547682240945,11.0,0.8590082260269396,0.2259946783025998,-0.9444708807647948,1.2880704344391065,2.302585092994046,2.3978952727983707,1.000088900581841e-12,-2.4354041812663576,2.2257413991399986,-1.4739152756057903,0.9577429491990167,0.005532343141288023,0.036690893660277536,3.381390512205996e-05,-0.1748585099162445,-0.173669550165569,5
sim00695,85,1.0,0.1411764705882353,0.25296352886020224,0.7227770164562889,0.3169503657106769,0.06106609220712369,86.0,0.3924511945880361,0.04405957590440557,-0.30277956537911244,1.1648974488010222,4.442651256490317,4.454347296253507,1.000088900581841e-12,0.2846557709472359,2.795862826104653,-0.06176477566243577,0.05997026433908414,0.040458593248548516,0.04755774673146954,0.10642104070327073,0.09425816032188424,-0.039210045386433225,3
sim00696,109,1.0,0.5137614678899083,0.37451692519281277,0.6100319207078012,0.05562694920578953,0.006143088914640852,110.0,0.5533956035698313,0.05349635369885781,-0.4157277720094729,1.069387039839143,4.6913478822291435,4.700480365792417,1.000088900581841e-12,-1.4913232457333447,2.488007794875012,-0.9036308102466983,0.5877158035607326,0.2981139605297907,0.11181548908019046,0.0023270725141199848,0.18405491369997884,0.061430757626387306,3
sim00697,55,1.0,0.8,0.48729354358996224,0.08897650794779692,0.003557444257936367,0.001355643305283409,56.0,0.08907650794779692,0.1315938276578324,-0.428156023188127,2.4352307509381865,4.007333185232471,4.02535169073515,1.000088900581841e-12,-3.1271568904464058,3.042566894250622,-10.107782650230988,0.44861311729395614,0.5505175970529541,0.0008692853719889129,0.0,-0.08168865333111096,-0.050580257756609445,1
sim00698,64,1.0,0.1875,0.38479396896072166,0.39154159827825386,0.16096647991735558,0.052371762435712815,65.0,0.7265029700555157,0.005935610997029252,0.28952389623471203,1.1700571937716489,4.1588830833596715,4.174387269895637,1.000088900581841e-12,-0.21058191051969022,3.0360545002060144,0.36214426920968423,0.17665095110413442,0.020911975539575384,0.026309916778626923,0.2462442856878552,0.1698000998420196,0.0730318362873321,3
sim00699,81,1.0,0.07407407407407407,0.25588580580785997,0.7861656942378132,0.7131809747482939,0.30645888639690916,82.0,0.6093272600840922,-0.015119792487125586,0.32271209955057834,1.736460876270778,4.394449154672439,4.406719247264253,1.000088900581841e-12,1.097264765247836,3.549797552208866,0.3523512186578922,0.043544860576601924,0.0879230936470643,0.014846770844073848,0.05587487255710664,-0.3408472700262415,0.012571005833236878,5
sim00700,25,1.0,0.4,0.3530137364907398,0.5490287007017595,0.05265326701061627,0.012765338625381262,26.0,0.5491287007017595,0.13320912897409684,-0.6691660883068595,1.1303157114551854,3.2188758248682006,3.258096538021482,1.000088900581841e-12,-1.5480312057757888,1.8018811143192073,-1.914591593104391,0.5075324678781106,0.44831391949512195,0.040628254328371555,0.0035253582794036887,0.19966415001945267,0.04890286548152753,5
sim00701,109,1.0,0.3761467889908257,0.3055303473072111,0.5618924403980939,0.08003635272266474,0.006891136859718122,110.0,0.5513913985028173,0.06521702046767931,-0.5101647059861288,1.1860841900080263,4.6913478822291435,4.700480365792417,1.000088900581841e-12,-1.1283594755976842,2.2391030133425036,-0.5545207055819619,0.2602074910216886,0.35625559905230464,0.32985846703384253,0.053594090759303076,-0.073526950977187,-0.10431898605825578,3
sim00702,85,1.0,0.2235294117647059,0.16278213873657668,0.6798312407064823,0.22637983930761374,0.016442230004159945,86.0,0.6065403645372438,0.07722560024450374,-0.14104161798223733,0.9799321417511936,4.442651256490317,4.454347296253507,1.000088900581841e-12,-0.05278019140968632,1.8202899882573427,-0.19613653855642993,0.08893893230850525,0.1789940180071608,0.39885678749884873,0.2669647811379697,0.024949733626186337,0.0019019469480250945,3
sim00703,80,1.0,0.5625,0.4662726987882985,0.151344826766045,0.010986780245677818,0.0016948229750857115,81.0,0.9042112882517044,0.059238431176392305,-0.36552337819419567,1.183818654992166,4.382026634673881,4.394449154672439,1.000088900581841e-12,-2.064759872344637,2.512912169668053,-1.0842574448173166,0.7232194216479598,0.10890872812904165,0.06912344190008977,0.09874840823189028,0.2887384842247113,0.2727210468366775,3
sim00704,91,1.0,0.23076923076923078,0.312925903026996,0.8258718497170272,0.12746324424728667,0.011193787754397555,92.0,0.325038034982841,0.03164277114790964,0.22511360287457846,1.4328287360741885,4.51085950651685,4.5217885770490405,1.000088900581841e-12,-0.5430152257511173,2.078390422899696,0.05453970326516497,0.24132222386266758,0.3488022430202611,0.22265144412569338,0.11994467786508649,0.026252503603144874,0.04790706540467099,3
sim00705,119,1.0,0.4369747899159664,0.4572147877386221,0.13567996620136746,0.020216657629544933,0.002701488288891358,120.0,0.9374652714175274,0.0019978897700494453,-0.2486312139381906,1.4369140279478925,4.77912349311153,4.787491742782046,1.000088900581841e-12,-1.0646395943557225,2.7664194271403493,-0.618003694301925,0.18769984458407726,0.27873484614473537,0.14650609096290618,0.3870539611498565,0.08508327583829153,0.118831394632277,3
sim00706,33,1.0,0.45454545454545453,0.4405606155892694,0.16134493297916563,0.014386283348102259,0.00393755555096838,34.0,0.8903290494508022,0.1706309180225996,-0.8284128766688383,0.8525979988542209,3.4965075614664802,3.5263605246161616,1.000088900581841e-12,-1.9150451505810333,2.2007924643095396,-0.9428582072026205,0.24093555776443612,0.3331087045621722,0.4201975708273967,0.005757266260883303,0.3463823103337223,0.2938723039675796,7
sim00707,80,1.0,0.1875,0.2504145398318961,0.5824218374538161,0.15286466762216652,0.015865660020260894,81.0,0.6578119123747461,0.05723147336268084,-0.23629767010898137,1.058296150314222,4.382026634673881,4.394449154672439,1.000088900581841e-12,-0.38697130910483635,2.1166306560452277,-0.7097152930357029,0.2799002680154537,0.16278141334623564,0.28735033105702185,0.24011196155542708,-0.01789138698945984,0.015765155352129023,3
sim00708,31,1.0,0.0967741935483871,0.19579186191291892,0.6470249437364717,0.13388938667149242,0.023131162340618357,32.0,0.5049575917373057,0.014732067540363528,-0.456629974898368,0.9666473957359398,3.4339872044851463,3.4657359027997265,1.000088900581841e-12,-0.6243486157026217,1.6781539453302676,-0.5935905411979066,0.261346652437189,0.08181464790838502,0.4818499649041155,0.15165627088175496,-0.1600176888779646,-0.15275931008635252,3
sim00709,21,1.0,0.047619047619047616,0.13948885674292932,0.5862652035049484,0.31645291086671246,0.07531767030742191,22.0,0.7033059510900078,0.009722174924708313,0.07142139967829984,1.3415051687777044,3.044522437723423,3.091042453358316,1.000088900581841e-12,0.41643625422396,1.6090627607003776,-0.6135464188245144,0.025913773675136517,0.306784488353678,0.11126585715922573,0.12927374057896765,-0.3674099317273095,-0.24539058759023807,3
sim00710,61,1.0,0.29508196721311475,0.37246458586790454,0.31696643321726303,0.06712273442660625,0.00846236361947503,62.0,0.9673656520082227,0.12930014652561503,-0.10911927255866537,1.8105448824152381,4.110873864173311,4.127134385045092,1.000088900581841e-12,0.7543361722923991,2.0399795849236795,-0.6927235403151264,0.18842251730228804,0.11307019927122497,0.27042346030056924,0.16363806938994693,0.1993043255815673,0.043867673463408016,5
sim00711,79,1.0,0.24050632911392406,0.22375949557998825,0.6465549793154765,0.1353490737128531,0.022247031919177335,80.0,0.5656222240201011,0.0361800050078859,-0.37356674959353176,1.2625309052337697,4.3694478524670215,4.382026634673881,1.000088900581841e-12,-0.5962285622972545,2.563799282358083,-0.7381418940629145,0.1979459212949239,0.3361141664793223,0.287628711767051,0.1782338325194091,-0.0030603497602467353,0.05432501049651941,3
sim00712,77,1.0,0.16883116883116883,0.3451477133004079,0.33612347882325383,0.10988246550255419,0.008452209758958268,78.0,0.2169826957984593,0.02656330380255835,-0.05660138509064264,0.944598244505146,4.343805421853684,4.356708826689592,1.000088900581841e-12,-0.43580582501919807,1.7788220392755627,-0.7577673526203006,0.289357306946075,0.22367926555866044,0.14221324123888057,0.30480137085271847,-0.12751518360869304,-0.028737039851660626,3
sim00713,36,1.0,0.3888888888888889,0.3997902612862291,0.25052723320752324,0.031449314770769794,0.009640837286421206,37.0,0.7990141036217198,0.13311080059731908,-0.8185330864011792,1.0177950545558927,3.58351893845611,3.6109179126442243,1.000088900581841e-12,-1.6304808615031816,2.401149702687522,-0.5929907708952379,0.3786371653394603,0.46059709587335856,0.1541390421155777,0.00574930588799591,-0.2153386802930796,-0.16614361562694796,5
sim00714,14,1.0,0.0,0.12985208205308604,0.5031678479690256,0.35701319634858714,0.17484682318187028,15.0,0.4214095019613802,-0.030179882282776366,-0.05333637184028947,0.902059082829397,2.6390573296152584,2.70805020110221,1.000088900581841e-12,0.38132800489253865,1.9251948784480288,0.7219691471785052,0.020121218299272742,0.06461394617297614,0.2536901564018498,0.09279421270973105,-0.37744378494666314,-0.38405848673635595,3
sim00715,103,1.0,0.14563106796116504,0.1516860436950559,0.8252625871266898,0.2811635756660413,0.03748992282752249,104.0,0.2279834475710164,0.054069924790762454,-0.15942091296251198,1.1483871928903573,4.634728988229636,4.6443908991413725,1.000088900581841e-12,0.46841288004429854,2.619864540378304,-0.13258439040699782,0.09311420751177936,0.13774287180748648,0.17829959066646625,0.3968679039131108,0.08428780647809199,0.07722747388738538,3
sim00716,15,1.0,0.06666666666666667,0.27368661437913233,0.4147131860617723,0.15232455977603074,0.044786587258766115,16.0,0.2640164199681815,0.015034982512414797,0.3962026379218207,1.5626708308190287,2.70805020110221,2.772588722239781,1.000088900581841e-12,-0.2434503217190218,1.483945397975608,-1.6883847484352847,0.10396588630091992,0.30425923884589245,0.48792187186119157,0.09073318887240693,-0.5551494118480104,-0.4952266652571343,5
sim00717,91,1.0,0.32967032967032966,0.24015842479476604,0.5841985315099694,0.18745781905204154,0.019790579673159964,92.0,0.42039719826875205,0.08164136383713985,-0.0020261760689366153,1.2062884985156102,4.51085950651685,4.5217885770490405,1.000088900581841e-12,-0.26223388484905835,2.2625117014369422,-0.3047506603053757,0.21717671970624494,0.20906671563113305,0.4894109481297358,0.08427950912845017,-0.08710621166737623,-0.060218276391880106,3
sim00718,64,1.0,0.515625,0.46601863529043874,0.10516609431305401,0.009730046012080296,0.0014584927539390527,65.0,0.9374362162020535,0.06981610690450103,-0.495244841696938,1.1573741143968985,4.1588830833596715,4.174387269895637,1.000088900581841e-12,-1.796361392448065,2.2610679945465897,-1.3373250362164695,0.2622845640478623,0.3877591869546519,0.3000999221351685,0.04985632675954281,-0.09593483482323,-0.08191073946900557,5
sim00719,20,1.0,0.05,0.17390638664725983,0.7239455437060814,0.3405826333789261,0.104436788420129,21.0,0.5706999471877683,0.008109398330830575,0.29694987144893165,0.9968821203394053,2.995732273553991,3.044522437723423,1.000088900581841e-12,0.3293933743385592,1.8136564877747094,0.4201097295387556,0.07835391973484486,0.10013815492737205,0.20543779402550943,0.49611696735439975,0.25418343796117965,0.07815277587847985,3
sim00720,42,1.0,0.35714285714285715,0.386149303751309,0.44570185792176276,0.03436647532264857,0.005510396055055505,43.0,0.5617694941861763,0.04642273373603595,-0.6547212201007728,0.9592207896708856,3.7376696182833684,3.7612001156935624,1.000088900581841e-12,-1.9689998403659648,1.9072245825266505,-0.9245931678222186,0.5792604634881626,0.3464141408607025,0.07125289745584013,0.0030724981661968023,-0.07950513949302712,-0.1498921723302755,3
sim00721,73,1.0,0.6575342465753424,0.40827382096608056,0.5948938243428523,0.037191829780568765,0.007885093423464981,74.0,0.4050061756571477,0.09951856196342622,-0.837707961348559,1.3699402647129808,4.290459441148391,4.30406509320417,1.000088900581841e-12,-1.868608955155233,2.739344400306574,-3.5548884187218635,0.8392690626430223,0.15907974278122647,0.0016359776214121624,1.5216927451551588e-05,-0.024919114039324713,0.02751483940059958,7
sim00722,104,1.0,0.22115384615384615,0.3545747689513469,0.4014623991195709,0.09443715657108369,0.011215327590934139,105.0,0.20957197625802443,0.040739881773051545,-0.23668777775455485,1.042164649851288,4.6443908991413725,4.653960350157523,1.000088900581841e-12,-0.5619519609538711,2.5137376722919815,-0.5229516022328895,0.08805244102390383,0.2571201063346341,0.34743823798914,0.2842875084598716,0.06646198122615982,0.012339805256769065,3
sim00723,111,1.0,0.42342342342342343,0.43700927478985063,0.28298915127331736,0.03246199240291316,0.006269175262633327,112.0,0.7271760172001691,0.05428782865940557,-0.208963926681178,1.3653223011235194,4.709530201312334,4.718498871295094,1.000088900581841e-12,-1.8101701788053555,3.0651050665327593,-0.268693765752918,0.5288518621914022,0.09915570034047849,0.025894566711284008,0.3272234358981766,-0.07406160150489952,-0.027913258994271252,3
sim00724,53,1.0,0.22641509433962265,0.3000777015815033,0.6402207677939916,0.085829126811982,0.010703198468341772,54.0,0.43741907851938816,0.02650854783655426,-0.028515771605395864,1.058422334325871,3.970291913552122,3.9889840465642745,1.000088900581841e-12,-1.0533130082384825,1.888476109883471,0.2965905871566438,0.3686279538719492,0.4530524459403069,0.1601000973093806,0.013534989278784465,-0.12045654210191004,-0.14032346322608732,3
sim00725,118,1.0,0.652542372881356,0.46141214168202743,0.22036915533995505,0.010872443744269268,0.002002182433737739,119.0,0.22046915533995504,0.11105452432661629,-0.6036479183247864,1.3684729661371307,4.770684624465665,4.77912349311153,1.000088900581841e-12,-2.7604632871243284,3.0786909252503922,-0.7822015285315416,0.5297984007598753,0.17129397064952978,0.29373219544657947,0.005175433052039806,0.07370836103756744,-0.11717117741852573,5
sim00726,87,1.0,0.9310344827586207,0.4958129354514058,0.03585426697126881,0.000442335426345827,9.366892688537323e-05,88.0,0.9640457330287312,0.05544056186229148,-0.881826955569667,2.0382335172810375,4.465908118654584,4.477336814478207,1.000088900581841e-12,-4.361318023700902,2.9136059660636633,-20.500684509094995,0.8930437083007582,0.10058743841697942,0.006368851021534733,0.0,-0.05330187719152864,-0.04319885431847887,1
sim00727,111,1.0,0.6126126126126126,0.44998127412390937,0.1911962345940454,0.014280095649143764,0.0014951787581517313,112.0,0.1826908442027373,0.0769760149036641,-0.6081435255564891,1.3563752122730135,4.709530201312334,4.718498871295094,1.000088900581841e-12,-2.3471908411935916,2.4529093095644776,-0.9686939110865028,0.4757237905255152,0.3941203391433633,0.12545787192830507,0.0046978511630121145,0.17942860885645676,0.08020305113289487,5
sim00728,65,1.0,0.1076923076923077,0.33521402418004015,0.3875347881253164,0.1299923629522923,0.01788219106359556,66.0,0.21396850069105716,-0.04865118177583392,0.2505370043696778,1.5344121285489314,4.174387269895637,4.189654742026425,1.000088900581841e-12,-0.2575946970453343,2.1907168721867305,0.5735316169010647,0.12846144153460468,0.21797337772539044,0.15811107632636076,0.01988869859477614,0.24104228447852677,-0.02595234085095457,5
sim00729,56,1.0,0.30357142857142855,0.42816696031471096,0.17753853105687534,0.030649925953215765,0.0041421080888465415,57.0,0.8690697823395046,0.09219856298995799,-0.16852592224225674,1.3821871224864684,4.02535169073515,4.04305126783455,1.000088900581841e-12,-1.3117023900818725,2.023926301095486,-0.905420437900309,0.18783522043673076,0.31128071118329176,0.4378677454603062,0.045239641123919525,-0.4067049854191745,-0.36832970754117744,5
sim00730,57,1.0,0.24561403508771928,0.221436774629201,0.6093069685680006,0.2155245902722412,0.03943981787924731,58.0,0.4589163691417988,0.08484301571416437,0.1788261552773802,1.5246686081829657,4.04305126783455,4.060443010546419,1.000088900581841e-12,-0.14161155373485126,2.344752168627245,-0.672454273509549,0.23697138898142034,0.29803667308684395,0.4173038120773839,0.041847018741389866,-0.2561158647552918,-0.27095541359131964,5
sim00731,55,1.0,0.32727272727272727,0.38400041921103273,0.3655723925338512,0.04196370900754686,0.007680072264109124,56.0,0.634270145678111,0.1223300649284354,-0.5127599675297918,1.1239045361017237,4.007333185232471,4.02535169073515,1.000088900581841e-12,-1.7098094663798646,2.3091569670468046,-0.5146047799918461,0.3442835221000623,0.3138371265888207,0.22830389606544105,0.10553864933418261,-0.07214892296770664,0.03775284559101386,3
sim00732,43,1.0,0.046511627906976744,0.17254350704683197,0.6047657400034665,0.16450780580608954,0.016417796834453997,44.0,0.42913794499253644,-0.03205558468813149,-0.4192440348583594,0.7874122802258378,3.7612001156935624,3.784189633918261,1.000088900581841e-12,-0.39821271311253953,1.4566080139930007,-0.031779118638133874,0.1518645792110964,0.1363574056723237,0.2152543292795713,0.37763629922549485,-0.02277830409919524,0.008056505792274462,3
sim00733,105,1.0,0.08571428571428572,0.2132529919455373,0.5827627505652391,0.40449741922299987,0.05050841254753512,106.0,0.24960886523251546,-0.0024357443582059754,0.014666617127348826,1.1736398147430038,4.653960350157523,4.663439094112067,1.000088900581841e-12,0.7699108980558058,2.573454901112447,-0.058969169710770306,0.043065156814486374,0.1152481994828078,0.09960210974344641,0.19117068300294124,0.13007265391991438,0.08090300905111834,3
sim00734,113,1.0,0.34513274336283184,0.30962867578442255,0.6206910140673738,0.10748624557917472,0.01044269266395673,114.0,0.276657604857504,0.0480088393605806,-0.1311804311254781,1.232765496456218,4.727387818712341,4.736198448394496,1.000088900581841e-12,-0.6215451734263188,2.3959273936787238,-0.7209712608035079,0.31452197542832916,0.49323248562772115,0.13574604841555005,0.05641518772478896,0.029431373343647663,0.02532995021691507,3
sim00735,96,1.0,0.10416666666666667,0.28128345733039956,0.730419463942491,0.49832624390835445,0.11348615531744738,97.0,0.7865698609395841,-0.003300338729704149,0.261262057297086,1.02327496455362,4.564348191467836,4.574710978503383,1.000088900581841e-12,1.0880191445054528,3.0847740703987627,-0.2660973356815651,0.13076003972212058,0.04533388818138077,0.038963171976215384,0.039529021558159363,0.1375712015803755,-0.03593887469874952,3
sim00736,84,1.0,0.32142857142857145,0.2907394643915595,0.7644991350685106,0.11008365695757519,0.026982485360959815,85.0,0.46747262182355126,0.06712816381471978,-0.15020089428865377,1.3243650118116095,4.430816798843313,4.442651256490317,1.000088900581841e-12,-0.8159792212187206,3.024764168754781,-0.4702467719301074,0.13640181310337426,0.6313542430753835,0.19672431232682963,0.035288744272013894,0.06832499235337287,-0.03206160686052852,3
sim00737,46,1.0,0.13043478260869565,0.24494388250610133,0.8682938551266219,0.21814631658826927,0.050919581246296225,47.0,0.34654707527102047,0.004174575617414561,-0.011984670016368305,1.3572529293638045,3.828641396489095,3.8501476017100584,1.000088900581841e-12,-0.03736786998645005,2.373722931535367,0.08256997175068148,0.1032784508282019,0.14157170104014571,0.3034467681553353,0.40525563441050766,0.15465328200964076,0.039106644585707506,3
sim00738,72,1.0,0.08333333333333333,0.20833958689184592,0.6843083439570254,0.21964343318395124,0.022940740872497447,73.0,0.3399186994749992,-0.0004582014935352843,-0.055479390843734655,1.07390009712882,4.276666119016055,4.290459441148391,1.000088900581841e-12,-0.02130872764295681,2.0175750527619254,-0.025662209472320827,0.13344521768809497,0.14798424526173296,0.16572261998048776,0.2340135263934452,0.14697678224560384,0.0672923102183529,3
sim00739,29,1.0,0.034482758620689655,0.1502417768322154,0.6685491371398361,0.20330772417262957,0.04522806004193171,30.0,0.4228600568886309,-0.011167897068833756,-0.16041565227554982,1.116547872746335,3.367295829986474,3.4011973816621555,1.000088900581841e-12,-0.18265006949413637,1.8642928076017016,-0.9486498526224566,0.2421644580127094,0.11810872263785668,0.350462544158363,0.1929936695081806,0.02339611470188574,-0.17154403834152204,3
sim00740,89,1.0,0.6292134831460674,0.43804686497646306,0.23297823184041422,0.020917791795607932,0.0031113918504954304,90.0,0.17396594273499777,0.10071475395011202,-0.6245515768680476,1.4049590358815367,4.48863636973214,4.499809670330265,1.000088900581841e-12,-1.9271401949300888,2.583106453303667,-1.9464983116304104,0.44013281066634924,0.5145748323803306,0.04486511012474832,0.0004272467807656985,0.14727283806860178,-0.028861577409456662,5
sim00741,86,1.0,0.11627906976744186,0.12396520929695087,0.598882260236835,0.3064364603443424,0.06325136886642392,87.0,0.5070309749988543,0.0476006801086443,-0.34768451699366476,1.1202645162681848,4.454347296253507,4.465908118654584,1.000088900581841e-12,0.20374726681646288,2.8764536388301276,-0.3296041295256886,0.05824842822591301,0.12460245604482188,0.12947695160873304,0.12411502440555092,-0.11432100264549408,-0.10449869777293702,3
sim00742,41,1.0,0.12195121951219512,0.2648428811752118,0.49606065701349394,0.17338017358237715,0.024337273382245384,42.0,0.2996335785914249,0.02883312058414613,0.48396560146806245,2.0187854989621625,3.713572066704308,3.7376696182833684,1.000088900581841e-12,-0.19092198308948496,1.750094407092669,0.3240398634468549,0.1945672113533673,0.3092388485792975,0.3619709169506994,0.03862783395619192,0.061656277397181644,0.026999736350291362,5
sim00743,102,1.0,0.06862745098039216,0.24279018217166234,0.8577855070816669,0.46430747047257154,0.10457700646489532,103.0,0.5691912355683384,-0.02641653925881795,0.17643135507551788,1.3716164311817673,4.624972813284271,4.634728988229636,1.000088900581841e-12,0.6384215057157254,3.1343495324189057,0.20140689236305914,0.07729894608587554,0.09673964293877828,0.029571763590147366,0.08270799063631874,-0.14667548930324575,-0.03565908570926967,3
sim00744,79,1.0,0.3670886075949367,0.42266616477203767,0.3976021750307381,0.041380536250972905,0.005751868256930583,80.0,0.3988986971244914,0.02405327074539567,0.0040668127259631615,0.9524733225134523,4.3694478524670215,4.382026634673881,1.000088900581841e-12,-1.7569050598454254,2.3961619356006674,0.2767823070146147,0.5001487640002227,0.027782337668634076,0.02564666010285104,0.34243801617684094,0.13526875189186457,0.17402368191933726,3
sim00745,61,1.0,0.11475409836065574,0.22186783452830383,0.7634209655146655,0.2534798914306473,0.036168687407654415,62.0,0.9091305626994438,0.036946934902223116,0.00796729759157523,1.52228255482382,4.110873864173311,4.127134385045092,1.000088900581841e-12,1.121127336586531,2.163783123594615,-0.798034107967188,0.06643391683020436,0.28904391336463015,0.0665120398301044,0.32184739460648526,0.03073438845161268,-0.03927313928065334,5
sim00746,13,1.0,0.3076923076923077,0.42088410530033743,0.19197363104011145,0.0094154110609597,0.002877903255207465,14.0,0.19207363104011144,0.0980078125878936,-1.1507875668997838,0.5945695247353218,2.5649493574615367,2.6390573296152584,1.000088900581841e-12,-2.8022466199000826,1.3796635276678617,-0.12997211739683578,0.4059238021005738,0.23921084538539011,0.3512755423753559,0.003589810032471291,-0.19172041265805764,-0.18635303856323393,5
sim00747,52,1.0,0.21153846153846154,0.41954754151798385,0.20521758335431217,0.06930282221226473,0.011723110173650353,53.0,0.9319059440396995,0.008840128341120955,0.24055643739776264,0.9386368035575324,3.9512437185814275,3.970291913552122,1.000088900581841e-12,0.08811909237421763,2.17432021010805,-0.4230345376632489,0.05505806133029173,0.22723957493948416,0.09478313822989634,0.5947810426399699,-0.159229563177978,0.006528462665756685,3
sim00748,110,1.0,0.45454545454545453,0.4291704664770867,0.2244028872698985,0.023692104170876426,0.002021018370207366,111.0,0.18429143522261804,0.018201926642623087,-0.6416161479969151,1.1174987442792303,4.700480365792417,4.709530201312334,1.000088900581841e-12,-1.8476784175220495,2.238940054401861,-1.0021345642553834,0.3330101390437156,0.4765730188281514,0.17760312373050213,0.012813718355422724,-0.056987422193107734,-0.0909501865629898,3
sim00749,85,1.0,0.09411764705882353,0.24938439759439657,0.4659761608877123,0.2611652681263563,0.08658841610313972,86.0,0.19571406501675692,-0.010468627050087921,-0.06605316127714786,1.3065007617825053,4.442651256490317,4.454347296253507,1.000088900581841e-12,0.5062991085258696,3.3386638814133427,-0.479689238563642,0.0909752208316706,0.1183374093085637,0.04904732573729007,0.1576436903501446,0.08353082249772596,0.12486172934180881,3
sim00750,48,1.0,0.5833333333333334,0.4329487407893071,0.3391686447107509,0.03829151536214358,0.012225809040062496,49.0,0.6607313552892491,0.11432768988758789,-0.26767744691219836,1.6179124921019281,3.871201010907891,3.8918202981106265,1.000088900581841e-12,-1.76715597177724,2.7295218814231004,-2.8259881760248597,0.8032503825695493,0.1919952677430828,0.004754043175986614,3.0648526598631287e-07,0.4073241244759732,0.4188605383356532,7
sim00751,105,1.0,0.3142857142857143,0.39834290676443557,0.24935781734909668,0.05597067303199802,0.005493131358716945,106.0,0.24945781734909667,0.027283380114740453,-0.10802063528205168,1.4878609879651261,4.653960350157523,4.663439094112067,1.000088900581841e-12,-1.207502551018527,2.3326309586756135,-1.2968255070625867,0.2596214163916254,0.3199687110196247,0.2659872219886896,0.15434953794867962,0.05569425670147693,0.12138820989670912,5
sim00752,53,1.0,0.32075471698113206,0.2935539974518421,0.5435740653715818,0.079426097284495,0.018012376385197627,54.0,0.3811588368156477,0.13149381931171467,-0.6647389768906573,1.3996755550518454,3.970291913552122,3.9889840465642745,1.000088900581841e-12,-1.0884825458445038,2.48652401610501,-1.2433204903688773,0.23862134139691982,0.35251357894066687,0.3317889910536532,0.07705188856828948,0.23487189507650935,0.23986702416946673,5
sim00753,25,1.0,0.24,0.31492582435039373,0.37622679306126733,0.07509066249395525,0.013643550010058392,26.0,0.1824900642805654,0.11256017327409197,-0.3981971651267705,1.1317417650644936,3.2188758248682006,3.258096538021482,1.000088900581841e-12,-0.6865072899978694,1.513446491089534,0.742403674837843,0.2540813514697655,0.07069947265306055,0.4477657887017047,0.22742689167143154,-0.29428778443152537,-0.2118453973146304,5
sim00754,24,1.0,0.041666666666666664,0.20493892466970065,0.7746242665715468,0.5017008139411115,0.22214946162069696,25.0,0.3257816551218393,-0.002388764835047639,1.052108899693216,2.7277809322547273,3.1780538303479458,3.2188758248682006,1.000088900581841e-12,0.8259778331529247,2.363400282334022,2.200832924829142,0.03653787438781918,0.038904531291058385,0.02586254781155959,0.039597564119984406,-0.6350061599256629,-0.5301034721377017,5
sim00755,103,1.0,0.27184466019417475,0.4063131090950594,0.9939102891430998,0.19984192862521866,0.05999963954465951,104.0,0.8263826018494518,-0.017222731639877382,0.24455854561076423,1.483364620539368,4.634728988229636,4.6443908991413725,1.000088900581841e-12,0.33137009454914834,3.431540845168473,0.2725280468170865,0.04177159587703373,0.022902179302837073,0.007226206285201349,0.16473769832583487,0.42839132361764043,0.12151373762312383,3
sim00756,116,1.0,0.3448275862068966,0.3367962184928034,0.6901529741583526,0.08824881856320352,0.013598187375208147,117.0,0.5962385162514954,0.0894281716387958,-0.14058890810411764,1.663177817219581,4.7535901911063645,4.762173934797756,1.000088900581841e-12,-1.0035495115873332,2.8833663841520183,-0.05339769892258943,0.4653429225853544,0.17558115391774934,0.218574246508042,0.13984930104031437,-0.022082317751400765,-0.0499271489978366,5
sim00757,102,1.0,0.3333333333333333,0.42072772480228066,0.21390014221866788,0.04255505094799816,0.002846771348609845,103.0,0.050480224178436166,0.026155778698849688,-0.32640348180602696,1.0881561860914002,4.624972813284271,4.634728988229636,1.000088900581841e-12,-0.11898418367041129,1.9203597490559472,-0.6936006811870354,0.0912252742453429,0.5152574374572407,0.25552473309080204,0.135977642961261,-0.12089995937405315,0.0363364012702962,3
sim00758,68,1.0,0.5294117647058824,0.45187472092701536,0.27143533562453726,0.014173143772433687,0.005171121426803665,69.0,0.7658864258690049,0.04020094047072649,-0.4451500171923708,1.1107587559543248,4.219507705176107,4.23410650459726,1.000088900581841e-12,-2.537736077502356,3.211248385736575,-1.0270086861761634,0.7978667221135188,0.13025730914901407,0.06023059130284426,0.011645377364066817,0.3208130633806282,-0.1235411631777418,3
sim00759,62,1.0,0.12903225806451613,0.3666135963966197,0.906379413323516,0.6033793399082644,0.3505317773406605,63.0,0.16091286420297846,-0.08297940606187112,0.4067675261598535,1.4211833261653875,4.127134385045092,4.143134726391533,1.000088900581841e-12,1.4971238055038543,3.5840396635175136,0.2531648710560755,0.011279103037503926,0.0023895867474249435,0.005253546945766902,0.15146195180901914,-0.0074923639559855764,0.11785793729378607,5
sim00760,30,1.0,0.43333333333333335,0.30858639418764555,0.7941966786780518,0.10549212667455712,0.01706843893230267,31.0,0.33601852149441747,0.17684352218813745,-0.2551001412233852,1.1122976031277196,3.4011973816621555,3.4339872044851463,1.000088900581841e-12,-0.7490289367685371,1.5797921416578615,-0.6857791820384818,0.2471796908941392,0.5293477834777873,0.22318522322537188,0.00028730239322210084,0.091982731239746,0.07005548838492236,5
sim00761,29,1.0,0.06896551724137931,0.08537717055716254,0.4365156786735199,0.305558644776557,0.05660053104932148,30.0,0.40724520782794427,0.028492505128184048,-0.49513804353527086,0.753073490317873,3.367295829986474,3.4011973816621555,1.000088900581841e-12,0.23570071261429967,1.6811724741200884,0.7481805796088938,0.023881009041516996,0.06810199131460042,0.11535831738293964,0.317983062965744,-0.09830371730576924,-0.1470309608942277,3
sim00762,102,1.0,0.4411764705882353,0.42391016528786807,0.3166130560312528,0.03178127647258304,0.0025335257499538967,103.0,0.7249277963032899,0.055142720253874164,0.028708948430889083,2.21079859770382,4.624972813284271,4.634728988229636,1.000088900581841e-12,-1.8364730754710965,2.095707393927748,0.32971915100291826,0.5388118497619371,0.2718198758179757,0.1258391875743536,0.04473937098626776,-0.2744979323283773,-0.23250406038964377,5
sim00763,96,1.0,0.5625,0.3913084890572569,0.47803293456221746,0.04482130470936904,0.005063223807123838,97.0,0.47813293456221745,0.04503178061901226,-0.6600658098389888,1.2981919148543681,4.564348191467836,4.574710978503383,1.000088900581841e-12,-1.7168628342129002,2.3836680080524446,-1.9494162945181186,0.4190276956841956,0.5577590230447236,0.02302213851193137,0.00019114273683862136,0.01094310424341997,-0.005144124458625951,5
sim00764,68,1.0,0.058823529411764705,0.1687447854031199,0.6439349191726245,0.37005011356820317,0.032369401145393044,69.0,0.4238442931138386,-0.007542783683976902,0.18169649521025122,1.0596584214863238,4.219507705176107,4.23410650459726,1.000088900581841e-12,0.41564961434058273,1.7830828339504305,0.2373685691610753,0.05441535544784706,0.12384386940278942,0.10502757705168893,0.40257450426240626,-0.1211061846204409,-0.04832151206771057,3
sim00765,18,1.0,0.05555555555555555,0.2378895910491789,0.8168730163553003,0.9705570449301404,0.40862291849952403,19.0,0.8016811013960037,0.011078929731287422,1.4382142419259742,1.5812184266376412,2.8903717578961645,2.9444389791664403,1.000088900581841e-12,1.809038225076427,2.0252943492082136,2.023186197657819,0.011025281727654908,0.04040760189030566,0.07587028877789598,0.08529556414484683,-0.4276439262455384,-0.061420440744470034,4
sim00766,73,1.0,0.0684931506849315,0.1167167114846752,0.6960839933501775,0.6118788501283305,0.15434207415747495,74.0,0.5889932033171513,0.005351269005031267,0.13241953986350324,1.2936722766708244,4.290459441148391,4.30406509320417,1.000088900581841e-12,0.9272651890631121,2.9130965352499456,0.2340877237270965,0.038751527902797823,0.07553932345898769,0.1282977680856824,0.11174083261166168,0.14979644181182883,0.016949005515767106,3
sim00767,92,1.0,0.13043478260869565,0.3508070024770035,0.9459262110222562,0.2230489442765549,0.040140348304292604,93.0,0.13345799080110865,-0.018745014250628467,0.15602362018453741,1.384009617609042,4.5217885770490405,4.532599493153256,1.000088900581841e-12,0.6568491652876247,2.806779368790559,0.006226880595323392,0.02977052882406967,0.05554326264941147,0.06124731425466886,0.17980633322756848,-0.17422119314048484,-0.1642193023486198,3
sim00768,15,1.0,0.06666666666666667,0.22563936483794034,0.759929482698069,0.35074603168762775,0.13811136761566767,16.0,0.2701661921722408,0.02968447681245965,0.36620751300866095,0.8335971219438435,2.70805020110221,2.772588722239781,1.000088900581841e-12,0.5759635401895911,1.776048167345707,0.27837859722589564,0.10838795139796364,0.23068055786747121,0.09948941393262556,0.40313312728971484,0.0966734196614437,0.12567300511456225,3
sim00769,42,1.0,0.09523809523809523,0.21219340063580713,0.5930058963947928,0.3150820553717704,0.0641782739087959,43.0,0.31750592844081804,0.03820181412293568,0.020177428308030633,1.2250545666565769,3.7376696182833684,3.7612001156935624,1.000088900581841e-12,0.3743380460533884,2.1465012608046363,0.48232472151295713,0.1277098365339,0.03882946562517689,0.11700111055082672,0.46376578826264925,0.13998749976189045,0.14593410492204348,3
sim00770,88,1.0,0.09090909090909091,0.12765689512057274,0.4626522842623333,0.3882902761439818,0.04087160630088066,89.0,0.48043627719978665,0.022061962901790556,-0.08365749009344219,1.200332302608927,4.477336814478207,4.48863636973214,1.000088900581841e-12,0.4418244065496246,2.22601921946649,-0.45657740596307594,0.12126074540802323,0.07343763204592862,0.09550699076939614,0.2701149113907411,-0.3073733352994842,-0.2252445536505726,3
sim00771,110,1.0,0.06363636363636363,0.19496114572646023,0.48518901263727787,0.366146674797768,0.046633172648468425,111.0,0.6694376660690311,-0.022905672238247153,0.09465116526881251,0.8583961273944892,4.700480365792417,4.709530201312334,1.000088900581841e-12,0.503555980875897,2.639758508866718,-0.15395938824772978,0.10215330464111849,0.11716296114664392,0.17311112087534766,0.17356927637876748,-0.152063710484518,-0.10967703206992277,3
sim00772,81,1.0,0.20987654320987653,0.23934368976141057,0.8091953692415239,0.15553767308343228,0.017003469785728694,82.0,0.31225974480046415,0.06879330656616885,0.29798825292263187,2.6352612552688846,4.394449154672439,4.406719247264253,1.000088900581841e-12,-0.32260333555493376,2.180978609573453,0.6841169120040858,0.2614570381100593,0.20898900352321584,0.3005025665864625,0.20125314047863213,0.17974818441415366,-0.014556338280420593,5
sim00773,87,1.0,0.12643678160919541,0.1419048578710238,0.6222177769148599,0.26796421045328395,0.02867356237677802,88.0,0.4267270917932146,-0.0011466700001966867,-0.16462105979403785,1.2902742710022426,4.465908118654584,4.477336814478207,1.000088900581841e-12,0.09110214495905862,2.2310302165418654,0.2522340093417349,0.08352762081387251,0.1451698826096334,0.24234322136199873,0.3708348086270039,0.037358685350173185,-0.029374190579447613,3
sim00774,58,1.0,0.29310344827586204,0.429252067256169,0.18141262651773293,0.043451187498657035,0.005284500906229929,59.0,0.8961142731283689,0.07249076280374153,0.08525980477337876,1.1727491347218366,4.060443010546419,4.07753744390572,1.000088900581841e-12,-0.7619659962098109,1.9535830067846718,-0.5470960287787862,0.38649039029076754,0.03224028995244768,0.1249831781758148,0.25187226341340574,-0.034636345712134496,-0.06728474158524232,3
sim00775,24,1.0,0.16666666666666666,0.3420098345269597,0.3990886631807713,0.11444775249348241,0.02625326231136187,25.0,0.3991886631807713,0.028554555097984897,-0.1432978499918335,0.6898013036769796,3.1780538303479458,3.2188758248682006,1.000088900581841e-12,-0.7398414272602434,1.7057256812675323,-0.3991463238296204,0.25611160777918957,0.17908098304480574,0.27512673897234946,0.2894037227900089,-0.20250354291843933,-0.1117345920083967,3
sim00776,26,1.0,0.038461538461538464,0.17170154705493845,0.5058408550127746,0.2872025350828704,0.07956367417504814,27.0,0.597542603517725,-0.004158763750429766,0.12483791730323868,1.8245986489541584,3.258096538021482,3.295836866004329,1.000088900581841e-12,0.17752811477712763,1.974466508022263,0.8197445786389077,0.14278725670918324,0.07105393938903336,0.06643896015683333,0.3790126774286187,-0.10490606137202989,-0.28076648509452307,5
sim00777,74,1.0,0.10810810810810811,0.16717391855369365,0.8270896671940582,0.5877447006404929,0.1521930869498741,75.0,0.33252361785799056,0.03855284544461123,0.05208015264393457,1.3024841774243079,4.30406509320417,4.31748811353631,1.000088900581841e-12,0.9738330541944067,2.9529224456222978,0.16204682822098634,0.05524920581159655,0.03660914471741351,0.09327556699474053,0.11491872406135714,0.09743153858345897,-0.06570893622055668,3
sim00778,114,1.0,0.2894736842105263,0.3392069649429406,0.6793664507771424,0.09339858723354785,0.009340581431555394,115.0,0.45917864577589584,0.02809194758379279,-0.21516966670647156,1.1512137723075226,4.736198448394496,4.74493212836325,1.000088900581841e-12,-0.9778968530030395,2.433690730215443,-1.0373273411889399,0.5367179689639526,0.253745410002121,0.13722669937727053,0.0717398686872122,0.24945896614065108,0.17679635320443693,3
sim00779,22,1.0,0.0,0.15865629228667782,0.4836867103473702,0.1878104653032201,0.03749343466812258,23.0,0.566760801586718,-0.037660257381873626,-0.25652010900804045,0.9311625900121357,3.091042453358316,3.1354942159291497,1.000088900581841e-12,-0.2680387747845159,1.4797750043891913,-1.2887443222576618,0.16369630586759365,0.38854989614846425,0.11217181141688723,0.18207086634227598,0.005580830068501705,-0.04237211609192702,3
sim00780,31,1.0,0.16129032258064516,0.33460254494125463,0.47435604185524305,0.1082602651588688,0.02844533453182922,32.0,0.8833319058815854,-0.006787113918109102,0.06716144174665546,0.8672229739078673,3.4339872044851463,3.4657359027997265,1.000088900581841e-12,0.04925935425686619,2.097433172378197,-0.20060043617967524,0.19723413571495085,0.5700584536611832,0.21244850205707277,0.011493631937598215,0.2634510137604257,0.2780617242762078,3
sim00781,94,1.0,0.1702127659574468,0.12400117761029876,0.7237367579400702,0.4312465079268323,0.07201768944725487,95.0,0.5940858528040344,0.09572822393868091,0.05654761505455791,1.2260073336405273,4.543294782270004,4.553876891600541,1.000088900581841e-12,0.5812696303408587,2.753526686921534,-0.5946852888594749,0.05939064842065067,0.1868241023141865,0.12527401629018695,0.0702174787577587,-0.11916255978929402,-0.07366226099229116,3
sim00782,68,1.0,0.6617647058823529,0.4762621510891711,0.20642651373907217,0.009696933529748063,0.0029599574901834793,69.0,0.7934734862609278,0.06277861083578111,-0.5144495534573421,1.2804951864728633,4.219507705176107,4.23410650459726,1.000088900581841e-12,-2.8272839420835294,3.0328729007341604,-2.0379494967463936,0.8146122053114436,0.07336754649110461,0.11200410401344975,1.6144080876554565e-05,0.34565277299693997,0.08499534483758443,5
sim00783,20,1.0,0.2,0.3080227109588695,0.346576216350331,0.1274303104277526,0.044903149899771566,21.0,0.2542837780978445,0.08617751844522846,-0.26669671307426446,1.0186088927330694,2.995732273553991,3.044522437723423,1.000088900581841e-12,-0.39747109894753463,1.9526705890904734,0.6325549160850259,0.06936558862880947,0.18192141483669144,0.3995460158110191,0.3491288226631164,-0.35209281741689935,-0.3715851009892615,5
sim00784,44,1.0,0.36363636363636365,0.4570099838333929,0.28577083457220476,0.07955031145044957,0.045848676252013845,45.0,0.9826417593278036,0.03660570343765638,0.07007211644247908,1.2436237397777392,3.784189633918261,3.8066624897703196,1.000088900581841e-12,1.5398329708979364,3.233146290467567,0.08860133730858034,0.004915817031035866,0.018293267560099143,0.013185902872066745,0.06017063638573394,0.23552679153578782,0.05994166762890902,3
sim00785,55,1.0,0.6181818181818182,0.424439335915754,0.4104182061476276,0.024313964132947494,0.004077939254491818,56.0,0.6241927253186368,0.14398302879894395,-0.6448008643641726,1.4181571056720195,4.007333185232471,4.02535169073515,1.000088900581841e-12,-2.266729500015482,2.2218741183780653,-2.507931089027427,0.8338895102068059,0.15362219813467035,0.01241351058829833,7.478102909684111e-05,0.17019481904472317,0.07653236172537259,5
sim00786,46,1.0,0.08695652173913043,0.18740447892441844,0.7675795276646797,0.5112257336144846,0.08931198887887984,47.0,0.6351712385275193,0.02537906190192831,0.36828362891956784,1.1199901375253978,3.828641396489095,3.8501476017100584,1.000088900581841e-12,0.7912437940379629,2.083965887826551,0.2675786498549618,0.06163084916371917,0.12990557265250322,0.07720049047917159,0.13258688693629814,-0.2080873818920209,-0.0013200325596776463,3
sim00787,66,1.0,0.19696969696969696,0.2495677166279333,0.7466078686058374,0.15353934195698843,0.021819073599987446,67.0,0.2532921313941626,0.03393935616309358,-0.1448173717838871,0.9688449305035602,4.189654742026425,4.204692619390966,1.000088900581841e-12,-0.2085054154129902,2.2384824311012523,-0.31517389811418245,0.14336343899965875,0.318629318046322,0.38746458067163014,0.14658410463612723,-0.16987142725690713,-0.1961008674398644,3
sim00788,68,1.0,0.04411764705882353,0.1845312715941519,0.7801040408612789,0.5095261929962557,0.14824553539233107,69.0,0.32510109126839487,-0.027583000007578212,1.20495935359027,3.4874747583677945,4.219507705176107,4.23410650459726,1.000088900581841e-12,0.8425374407034071,2.9848963665175705,1.4808524428984386,0.06110396936063718,0.07732643034914738,0.10967264877308024,0.12148935558188537,0.11204141839694315,0.06448922324361844,5
sim00789,43,1.0,0.20930232558139536,0.3340534234867425,0.48199527110073315,0.1466489132568351,0.042113579196941614,44.0,0.5177282217208554,0.05202783251575343,0.17415550176749464,1.6403536732393014,3.7612001156935624,3.784189633918261,1.000088900581841e-12,-0.5321615826487069,2.513528965409795,-1.3940298357885987,0.341092718830836,0.4957825918889443,0.14872081398432033,0.01325076114309366,-0.18060800471029123,-0.10637986130962832,5
sim00790,98,1.0,0.17346938775510204,0.30955708415827515,0.39430095760416506,0.09960889049685168,0.007263893767273586,99.0,0.37260273794320486,0.005016930239307774,-0.3836714076145401,0.8483042151118757,4.584967478670572,4.59511985013459,1.000088900581841e-12,-0.8530860365350008,1.9666320718435837,-0.454517556457521,0.24540949125200107,0.2599956779364328,0.11704432992466934,0.2817952093733523,-0.046886871163170786,-0.027599315942740094,3
sim00791,107,1.0,0.4766355140186916,0.4322862204965987,0.2550067459023576,0.02853385387557465,0.003368086120655353,108.0,0.7862887694505534,0.11509691617917182,-0.15386744793641252,1.2444241449513413,4.672828834461906,4.68213122712422,1.000088900581841e-12,-1.773103313308328,2.5360822597118573,-0.29679658725542524,0.4591836542089881,0.10427187312922236,0.21806214844498664,0.21276098662355186,0.03794267968505894,0.10479204929701538,3
sim00792,12,1.0,0.0,0.16791548112561605,0.7012709105138413,0.3811107505669029,0.2054674358536403,13.0,0.6221909264510618,-0.03110536969277054,0.4503059000523241,1.242939718899323,2.4849066497880004,2.5649493574615367,1.000088900581841e-12,0.4832093228384085,1.8671041913528117,0.7403823798579918,0.08299988106410701,0.172143092766278,0.008239126702824505,0.7241884622584012,0.07461577462247439,-0.07330476691976914,3
sim00793,69,1.0,0.2028985507246377,0.25535709379432303,0.6363366906933994,0.1478474181485029,0.017963630859104903,70.0,0.5015644671182802,0.04894625835384323,-0.1443323619244195,1.151599246318859,4.23410650459726,4.248495242049359,1.000088900581841e-12,-0.5252703440772596,2.1262749267703915,-0.7187087739104798,0.13603751167948114,0.3828895466493262,0.43524474525817414,0.040749394271755335,0.2584851316970309,0.1718543858825611,3
sim00794,67,1.0,0.22388059701492538,0.40016588582439894,0.4765312466869196,0.2387899116036279,0.07185800290178843,68.0,0.3711640118620985,-0.03369806055347589,0.0021129151279592746,0.8143097902571225,4.204692619390966,4.219507705176107,1.000088900581841e-12,0.022824895461665863,3.0038004744991795,0.3176612649065279,0.0482477962204852,0.030727082518870387,0.013419483226988252,0.010475719616587038,-0.5253950604673822,-0.027596183344078224,3
sim00795,27,1.0,0.07407407407407407,0.3878352345757905,0.23812186839217597,0.05466022957495816,0.01634903916286886,28.0,0.7753301975344442,-0.0496117500714623,0.13212372390797977,2.0869847578241245,3.295836866004329,3.332204510175204,1.000088900581841e-12,-1.1590291201184562,2.088869613845728,-1.2510697293555557,0.11432317414067543,0.33980990997482574,0.1584667410986465,0.38349008818709446,0.13796551517165917,0.2050599376956554,5
sim00796,27,1.0,0.2222222222222222,0.2879864834446763,0.7434700882957098,0.18136376040563995,0.07227981832343426,28.0,0.6112448411415385,0.10402421700370267,0.03783745558939442,1.611158386363583,3.295836866004329,3.332204510175204,1.000088900581841e-12,-0.2701873152344053,2.375877077613059,-0.7666613450686932,0.11994168190170308,0.41961217305716547,0.2732638502900586,0.1856259884443146,-0.15239980675268364,-0.15077767253555685,5
sim00797,39,1.0,0.28205128205128205,0.3441167861168169,0.45094616279730215,0.07722464528516124,0.0209964270577177,40.0,0.5489538372026979,0.07999849149340625,-0.1620609958544416,1.3152641533190907,3.6635616461296463,3.6888794541139363,1.000088900581841e-12,-1.165110119012022,2.36119528328177,-0.37440863691704146,0.2351087765241535,0.5778271923190877,0.14857672976758907,0.037557952409867944,-0.15067045212570204,-0.251905038885937,3
sim00798,74,1.0,0.47297297297297297,0.38812590115977597,0.36787579083750543,0.053683054759594,0.006554813416293927,75.0,0.24912344523565744,0.06998673582627155,-0.3046315642728905,1.2319277391626486,4.30406509320417,4.31748811353631,1.000088900581841e-12,-1.248337124496975,2.2011673465631483,-0.8043368286193877,0.48198455987616096,0.4821862782734544,0.03310625748589905,0.00272280682129645,-0.10955305979622379,-0.0759321787741166,3
sim00799,31,1.0,0.3870967741935484,0.4546798114852443,0.2802701457184935,0.0221501923356334,0.009067023265101183,32.0,0.2814489583747542,0.023294300026534282,-0.02221734878309822,0.7922728862908021,3.4339872044851463,3.4657359027997265,1.000088900581841e-12,-2.2115863943187475,2.5407850379882473,-0.2842065657306731,0.8169869108228325,0.0709629125109197,0.011654487296403254,0.007040327055663808,0.37038274884070466,-0.09289748214559598,3
