key,band,budget,p0,tau0,evd,evj,mvd,mvj,cvd,cvj
KXBRENTMON-26MAY2917-T108.99,30.0,0.04750000000000004,0.95,27.0,0.0003999999999999982,0.44390000000000013,0.0009410697889943913,0.34961402703803723,0.0007955765646092364,0.27578162771853165
KXBRENTMON-26MAY2917-T108.99,14.0,0.21,0.3,14.0,9.99999999999999e-05,0.14370000000000002,0.0004829060822662372,0.29616073362061374,0.0003055355944831654,0.28077131247928705
KXBRENTMON-26MAY2917-T108.99,7.0,0.2244,0.34,7.0,9.99999999999999e-05,0.0487,0.00024153563741285202,0.28842459726425557,0.00015530919498330038,0.25300295106801196
KXBRENTMON-26MAY2917-T108.99,3.0,0.0736,0.08,3.0,9.99999999999999e-05,0.008900000000000002,6.525905683020155e-05,0.08734528935763856,5.7452053940176976e-05,0.10653140886237607
KXMAKEMARMAD-26-UNM,14.0,0.25,0.5,13.958333333333334,2.50000000000006e-05,0.676725,0.0004842751668616401,0.3694192612373155,0.0003137093300412018,0.30322488388394897
KXMAKEMARMAD-26-UNM,7.0,0.2331,0.37,6.958333333333334,0.0,0.3063000000000001,0.00023328474789837802,0.2942015788528643,0.0001309794452866355,0.2576029487684127
KXMAKEMARMAD-26-UNM,3.0,0.16000000000000003,0.2,3.0,0.0,0.0606,8.661216288663901e-05,0.22273982254525448,5.958127986286223e-05,0.17637010586810412
KXTOPSONG-26JUN13-JAN,14.0,0.1131,0.13,10.0,0.00010000000000000005,0.005999999999999999,0.00033341412801228494,0.1863005097439701,0.0003307196771816625,0.18408176266282134
KXTOPSONG-26JUN13-JAN,7.0,0.1056,0.12,7.0,0.00010000000000000005,0.003499999999999999,0.00022883931130604731,0.149982034019913,0.00020326596861630937,0.15929944103063545
KXARMOMINF-26AUG13-T2.0,30.0,0.2436,0.42,28.0,0.0006750000000000005,0.735975,0.0010192344110111873,0.3904946629595885,0.0008185455621292914,0.3095830916055142
KXARMOMINF-26AUG13-T2.0,14.0,0.2379,0.39,14.0,0.00045000000000000004,0.66205,0.0004801315228943511,0.33842039438324223,0.00033676636415340394,0.27464171002689364
KXARMOMINF-26AUG13-T2.0,3.0,0.1539,0.19,3.0,0.0,0.6064999999999999,7.93679621357054e-05,0.21104878869973034,5.6790118910629556e-05,0.16736356087783177
KXBAFTADIR-26-CHL,30.0,0.0979,0.11,30.0,0.00039999999999999996,0.17775,0.0011055531606522747,0.259056058173591,0.0009123623977709333,0.23389278282352166
KXBAFTADIR-26-CHL,14.0,0.0819,0.09,14.0,0.0002500000000000002,0.037799999999999986,0.000489116447105314,0.1710264942259746,0.0004079662074087377,0.1783735677887722
KXBAFTADIR-26-CHL,3.0,0.0475,0.05,3.0,0.0,0.0013000000000000002,7.037085051932095e-05,0.09828150136190494,6.527247955339227e-05,0.09901728457686775
KXPCECORE-25FEB-T0.3,30.0,0.09000000000000001,0.1,26.958333333333332,0.0017499999999999927,0.3468,0.0009041457165528063,0.28247569691733143,0.0008445354442409347,0.2054830466963227
KXPCECORE-25FEB-T0.3,14.0,0.2496,0.48,13.999999999999998,0.0016749999999999931,0.264525,0.0005205279534220053,0.3246872230046747,0.00028829761038629215,0.283672697624646
KXPCECORE-25FEB-T0.3,7.0,0.2475,0.55,7.0,0.0009749999999999983,0.260725,0.00020936121743957614,0.30935603169913856,0.00012984849022459346,0.27871390386363054
KXPCECORE-25FEB-T0.3,3.0,0.25,0.5,3.0,0.000550000000000001,0.2601,8.781829215066009e-05,0.2710824659490216,4.561448944058761e-05,0.24461134444386012
KXNFLCPOTY-26-CMCC,30.0,0.1056,0.88,30.0,0.0018999999999999857,0.005300000000000001,0.001055761919865313,0.3593282832091637,0.000805785172449551,0.3296237892416704
KXNFLCPOTY-26-CMCC,14.0,0.07360000000000005,0.9199999999999999,14.0,0.0008999999999999904,0.002900000000000005,0.0004576554003907784,0.2346329541693631,0.0003428715210040492,0.21825415923270833
KXNFLCPOTY-26-CMCC,7.0,0.08189999999999997,0.91,7.0,0.0005999999999999877,0.002900000000000005,0.0002088470752671382,0.23914171549927685,0.0001905465601996926,0.17155041154670145
KXNFLCPOTY-26-CMCC,3.0,0.06509999999999996,0.93,3.0,0.0005999999999999877,0.0025000000000000044,9.799197160213359e-05,0.18986258462245784,9.680271709673155e-05,0.10582199212851934
KXSNOWNYM-25JAN-T8.0,30.0,0.1875,0.25,30.0,0.0006,0.11789999999999998,0.0011004873650386775,0.3102996877842811,0.0009396460858615691,0.2760570600991169
KXSNOWNYM-25JAN-T8.0,14.0,0.19240000000000002,0.26,14.0,0.00010000000000000018,0.052899999999999996,0.0005086139665783584,0.31091406011711714,0.0003966617249982622,0.2469470669371953
KXALBUMEQUIV-DAU26JUL23-75K,30.0,0.24189999999999998,0.5900000000000001,30.0,0.0003250000000000006,1.2826249999999997,0.0010869115919955445,0.42345459693571913,0.0008363279637887575,0.33204256102266716
KXALBUMEQUIV-DAU26JUL23-75K,14.0,0.14760000000000004,0.82,14.0,0.0,1.2372999999999996,0.0004956109930110264,0.2878431346653202,0.0003704536154949685,0.2513692345288082
KXALBUMEQUIV-DAU26JUL23-75K,7.0,0.17159999999999997,0.78,7.0,0.0,1.2023999999999997,0.0002551630413611549,0.28088725084562843,0.0001688023235954805,0.21766350199435702
KXALBUMEQUIV-DAU26JUL23-75K,3.0,0.14760000000000004,0.82,3.0,0.0,1.1649999999999998,9.129475178247657e-05,0.21215924270824785,6.527227347706999e-05,0.18437044459438431
KXXRPMAXMON-XRP-26FEB28-200,30.0,0.20589999999999997,0.29,25.0,0.0006999999999999995,0.081,0.0009398797260458352,0.34453468728478726,0.000707163762258067,0.2818442064693223
KXXRPMAXMON-XRP-26FEB28-200,14.0,0.0819,0.09,14.0,0.0002999999999999998,0.018400000000000003,0.0004417509727054499,0.19202267903500062,0.0003749140422454167,0.16763787169196095
KXTOPMONTHLY-26MAY-DRA,30.0,0.0736,0.08,29.0,0.001699999999999999,0.06249999999999999,0.0009895733274757812,0.29371802132386754,0.0008783645194223,0.20071003252767344
KXTOPMONTHLY-26MAY-DRA,14.0,0.0651,0.07,14.0,0.0009999999999999994,0.0020999999999999994,0.00046843374380180685,0.1687802450508331,0.0004119072877977585,0.14815914744816563
HAPPIER-21AUG12-T200,7.0,0.09000000000000001,0.1,5.0,0.0002000000000000002,0.0036,0.00012403502634400154,0.13815077391560998,0.00010982204953673084,0.13427033390186596
HAPPIER-21AUG12-T200,3.0,0.0475,0.05,3.0,0.0001,0.002,7.69894105965662e-05,0.06699718254398998,6.722367433899056e-05,0.09371840714711879
KXNFLDRAFTTOP-26-R1-KCON,30.0,0.22897500000000004,0.6449999999999999,26.0,0.0005249999999999931,0.2451499999999998,0.0009484715590925813,0.39459869872622844,0.0007069419122653344,0.3342387846825992
KXNFLDRAFTTOP-26-R1-KCON,14.0,0.1875,0.75,14.0,0.00039999999999999183,0.09609999999999999,0.0005119824190852692,0.31125509478374536,0.0003715252681923893,0.2729546830797675
KXNFLDRAFTTOP-26-R1-KCON,7.0,0.14110000000000003,0.83,7.0,0.0,0.060700000000000066,0.00025044016783174914,0.24283248167183114,0.0001956365601585324,0.2158215585152571
KXNFLDRAFTTOP-26-R1-KCON,3.0,0.1476000000000001,0.8199999999999998,3.0,0.0,0.051800000000000006,0.00011262140612057543,0.21603197096183732,5.546165320674828e-05,0.18621355683009042
KXNETFLIXRANKMOVIE-26FEB23-HOW,7.0,0.1875,0.25,5.0,0.0001,0.060200000000000004,0.00016535517944843536,0.25036062014816385,9.414128014367157e-05,0.22690388826170718
KXTSAW-24DEC29-A2.55,7.0,0.1875,0.75,5.0,0.0,0.15229999999999996,0.0001686778485507646,0.23874025527559492,0.00011211728499901287,0.22816876226785304
KXTSAW-24DEC29-A2.55,3.0,0.17709999999999998,0.77,3.0,0.0,0.14889999999999995,8.996545552308094e-05,0.2524842946893029,5.0350704330900736e-05,0.20353575534829532
KXNETFLIXRANKSHOWGLOBAL-26AUG10-THE,7.0,0.1344,0.16,5.0,0.0,0.6842,0.00018186662431559427,0.18998171685802034,0.00013036958744047045,0.1679448382337821
KXNETFLIXRANKSHOWGLOBAL-26AUG10-THE,3.0,0.2356,0.62,3.0,0.0,0.05819999999999999,7.788417595852413e-05,0.2857727021552651,3.9450088656058525e-05,0.24693462362415736
KXLEADERNBAREB-26-VWEM,30.0,0.069375,0.075,30.000000000000014,0.0007999999999999998,0.017125,0.0011001595886106976,0.2656453287432936,0.000943103864672131,0.2133945398028086
KXLEADERNBAREB-26-VWEM,7.0,0.0475,0.05,7.0,5e-05,0.0017000000000000001,0.00019842167983656143,0.10436824563141217,0.00017317867316307066,0.11042571772955827
KXCPICORE-25AUG-T0.3,30.0,0.24097499999999997,0.40499999999999997,30.0,0.0006250000000000011,0.1779,0.0010901241395738827,0.4309386546194372,0.0008699136223995638,0.32197448519526545
KXCPICORE-25AUG-T0.3,14.0,0.21389999999999998,0.31,14.0,0.00012500000000000022,0.13712500000000002,0.00046811648785476307,0.3397106752739198,0.000342529515821956,0.270751264181609
KXCPICORE-25AUG-T0.3,7.0,0.2379,0.39,7.0,0.00010000000000000018,0.12760000000000002,0.00021078524486540877,0.29551742101384,0.0001553740741854577,0.2673237961748801
KXCPICORE-25AUG-T0.3,3.0,0.2304,0.36,3.0,0.0,0.10980000000000002,7.593209355649735e-05,0.25742284307087093,4.285142504924242e-05,0.24523670690965604
KXU3-25OCT-T4.4,30.0,0.16000000000000003,0.2,30.041666666666668,0.0003500000000000007,0.18745,0.0011704911951457566,0.3328350932986631,0.0009907268250951406,0.2917017602097791
KXU3-25OCT-T4.4,14.0,0.2356,0.38,14.041666666666668,0.00025000000000000044,0.17795,0.0005500854843310961,0.3232682442429762,0.0003629716238363114,0.2830868944838467
KXU3-25OCT-T4.4,7.0,0.1875,0.25,7.041666666666668,0.00015000000000000026,0.16375,0.0002549425907148139,0.27263274006416827,0.0001845293748226541,0.24056841864016804
KXU3-25OCT-T4.4,3.0,0.1875,0.25,3.0,2.5000000000000045e-05,0.160025,0.00010974100637640191,0.22093481074310006,5.874136418268793e-05,0.2097944749165416
INXY-23DEC29-B4400,30.0,0.20589999999999997,0.29,30.0,0.0006000000000000006,0.06505,0.0011262588775618606,0.3673236271510898,0.0008825289793957664,0.29801035200148995
INXY-23DEC29-B4400,14.0,0.1659,0.21,14.0,0.00030000000000000003,0.05274999999999999,0.000489749078523097,0.30213091199291675,0.00037383693991827364,0.24670922107717
KXWTIW-26JUL0214-B67.50,7.0,0.0736,0.08,5.0,0.0002999999999999997,0.2153,0.00011915441102268817,0.1286005607881184,0.0001092538926978075,0.13230974812538052
KXWTIW-26JUL0214-B67.50,3.0,0.0736,0.08,3.0,9.99999999999999e-05,0.2153,4.9689157304410815e-05,0.11020579204234714,5.495181824915068e-05,0.10876370471416955
KXGAMEAWARDSBP-2025-BEN,30.0,0.2244,0.34,21.0,0.0007500000000000004,0.9825499999999998,0.0007724686257131499,0.3761608724064916,0.0005622067188530655,0.2889730131805159
KXGAMEAWARDSBP-2025-BEN,14.0,0.17159999999999997,0.21999999999999997,14.0,0.0007500000000000004,0.10129999999999999,0.000499879980699655,0.28277709017136365,0.0003495097839077763,0.21567049713668573
KXGAMEAWARDSBP-2025-BEN,7.0,0.222775,0.33499999999999996,7.0,0.0004250000000000008,0.0867,0.00025625149454876884,0.26802949068188797,0.0001306666937772367,0.24708857334532527
KXGAMEAWARDSBP-2025-BEN,3.0,0.21389999999999998,0.31,3.0,0.00010000000000000018,0.0842,7.169266416797479e-05,0.2404651720040492,6.318601497762767e-05,0.24127770433172827
KXTOPMODEL-25NOV-GE25P,30.0,0.25,0.5,19.0,0.00030000000000000003,0.30569999999999997,0.0007011694635657201,0.3477204193409093,0.0004761347691800851,0.29463400037383375
KXTOPMODEL-25NOV-GE25P,14.0,0.1716,0.22,14.0,0.00030000000000000003,0.13949999999999999,0.00046337174173767136,0.2758715281963235,0.00040360378528377956,0.22482158202913274
KXGRAMMYNOMROTY-68-ABRA,30.0,0.15999999999999998,0.8,30.041666666666657,0.0005749999999999933,0.03287500000000001,0.0011739393932962022,0.3793672435246607,0.00090126864758266,0.31637319964886584
KXGRAMMYNOMROTY-68-ABRA,14.0,0.13440000000000002,0.84,14.041666666666657,0.0004999999999999943,0.03165000000000001,0.0004570159918128136,0.3124401734987524,0.0003931200829024096,0.23937029216967937
KXGRAMMYNOMROTY-68-ABRA,7.0,0.1056,0.88,7.041666666666657,0.00039999999999999183,0.021000000000000026,0.00022994848329000882,0.24596807605258797,0.0002188210851727509,0.15350701073419304
KXGRAMMYNOMROTY-68-ABRA,3.0,0.14110000000000003,0.83,3.0,0.0,0.014899999999999998,8.835955994966206e-05,0.22638034988508238,6.043431762574495e-05,0.1722083476349263
KXNBATOPPICK-26-IND,30.0,0.12040000000000001,0.14,29.999999999999993,0.0011999999999999988,0.023000000000000007,0.001077692478267793,0.31341235972183457,0.0009976551349210167,0.23348952462381825
KXNBATOPPICK-26-IND,14.0,0.1275,0.15,14.0,0.0005000000000000003,0.019600000000000003,0.0005384044668455403,0.20422940907460396,0.0004394584995179657,0.1849113351491856
KXNBATOPPICK-26-IND,7.0,0.12040000000000001,0.14,7.0,0.00020000000000000036,0.019600000000000003,0.0002529875809855418,0.1810914937319631,0.00018505773699665045,0.17960265883469018
KXNBATOPPICK-26-IND,3.0,0.12040000000000001,0.14,3.0,0.0,0.019600000000000003,0.00010532845218185334,0.15915942633088792,7.201262455041932e-05,0.1419978142627576
KXNFLWINS-BAL-25B-T9,30.0,0.24,0.6,30.0,0.00042500000000000057,0.9044749999999999,0.001140560298905407,0.4197066171438968,0.0008497478950453691,0.33766592026600534
KXNFLWINS-BAL-25B-T9,14.0,0.05639999999999999,0.06,14.0,0.00022500000000000026,0.608625,0.000445653645934565,0.16444109070112997,0.0003789884892865766,0.13802183995757616
KXNFLWINS-BAL-25B-T9,7.0,0.1716,0.22,7.0,0.00010000000000000018,0.5195,0.0002242526481141658,0.246270729439868,0.00016415968247766733,0.2075880381518619
KXNFLWINS-BAL-25B-T9,3.0,0.16000000000000003,0.2,3.0,0.0,0.5105999999999999,0.00010461417394308033,0.2199655283848908,3.910554635349277e-05,0.16999721260664058
KXPCECORE-26APR-T0.2,30.0,0.1659,0.79,30.0,0.0009749999999999863,0.7881749999999997,0.0011018639404169856,0.37944164619772935,0.0008700285123978674,0.2972072898024475
KXPCECORE-26APR-T0.2,14.0,0.1875,0.75,14.0,0.0003249999999999939,0.7789249999999998,0.000504627735587756,0.35540486436231755,0.0003553593893772514,0.25576184478625097
KXPCECORE-26APR-T0.2,7.0,0.189975,0.745,7.0,9.999999999999351e-05,0.7771249999999997,0.00023787426854705084,0.26570708836259926,0.00014370989744527557,0.23696145662686882
KXPCECORE-26APR-T0.2,3.0,0.1538999999999999,0.8100000000000002,3.0,9.999999999999351e-05,0.7581999999999998,9.616345636442109e-05,0.23119223872398198,4.1355236352586204e-05,0.17716103110045084
FORB-22MAY01,30.0,0.2419,0.59,29.958333333333336,0.0021249999999999793,0.07412500000000002,0.0011341073546595765,0.4253308722377254,0.0008628759401304835,0.3331682380272723
FORB-22MAY01,14.0,0.1824,0.76,14.000000000000004,0.00042500000000000084,0.04832500000000001,0.0005186817132227888,0.2928141771785333,0.0004006400306200482,0.26926535143550007
FORB-22MAY01,7.0,0.17709999999999998,0.77,7.0,0.00022499999999999818,0.04082499999999998,0.00028039137364667296,0.2702790541951476,0.00018053360164281085,0.20998210491616526
FORB-22MAY01,3.0,0.17159999999999997,0.78,3.0,0.00012500000000000022,0.04002499999999998,9.232241405330042e-05,0.23738962043369027,4.2389069546895935e-05,0.192772752605553
KXBRENTW-26MAY0817-T100.99,7.0,0.0899999999999999,0.9000000000000001,6.0,0.0,0.5636,0.00020478352711463476,0.1982580400573174,0.00019227382287017653,0.14780322491693795
KXBRENTW-26MAY0817-T100.99,3.0,0.04750000000000004,0.95,3.0,0.0,0.4825,8.399874508262978e-05,0.12059045087641397,7.571774196479822e-05,0.10409457784023064
KXNETFLIXRANKSHOW-25FEB03-TRS2,7.0,0.22749999999999998,0.65,5.0,0.0001,0.198,0.00017234745962961626,0.28928931096028515,8.923725789973617e-05,0.2346030930366772
KXNETFLIXRANKSHOW-25FEB03-TRS2,3.0,0.05639999999999999,0.06,3.0,0.0001,0.005899999999999999,6.451038631679213e-05,0.09791040214542193,6.027120997904953e-05,0.08234434173811694
KXNCAALAXFINAL-26-UNC,30.0,0.1411,0.17,30.0,0.0015749999999999987,0.04262499999999999,0.0011048741724993046,0.3517554520330779,0.000969199545009145,0.23264694776129338
KXNCAALAXFINAL-26-UNC,14.0,0.0819,0.09,14.0,0.001024999999999999,0.03902499999999999,0.0004132336087856618,0.20986481696058248,0.00038410520938761254,0.15335942850443954
KXNCAALAXFINAL-26-UNC,7.0,0.0979,0.11,7.0,0.0006249999999999994,0.03862499999999999,0.00019564787649609808,0.1824852236990088,0.00016584536969931307,0.15098118207708022
KXNCAALAXFINAL-26-UNC,3.0,0.0979,0.11,3.0,0.0001249999999999999,0.012125,5.656304871101778e-05,0.11219407523482047,6.531482268899526e-05,0.122045839228231
KXFACUP-25-CRY,30.0,0.12039999999999998,0.13999999999999999,29.999999999999993,0.0026749999999999903,0.5956249999999998,0.0011245503195168414,0.28970409137390196,0.0010002207493702037,0.24486106365831728
KXFACUP-25-CRY,14.0,0.1971,0.27,13.999999999999993,0.0015999999999999942,0.5050999999999998,0.0005112006958438555,0.3140677851564568,0.00038744694159731293,0.22496650896200932
KXFACUP-25-CRY,7.0,0.21,0.3,7.0,0.0005999999999999989,0.5041999999999998,0.00022050937064607167,0.28488718879763025,0.00013717931701600245,0.25172859207400167
KXFACUP-25-CRY,3.0,0.2016,0.28,3.0,0.0,0.5041999999999998,8.80299696930052e-05,0.2479911936006367,4.00811395675633e-05,0.22133007023515489
KXNETFLIXRANKSHOWRUNNERUP-26JUN22-TEA,7.0,0.2356,0.38,5.0,5e-05,0.20919999999999997,0.00015634750300714563,0.281537484171131,8.505037939785076e-05,0.24427610791072374
KXWTIW-26MAY2914-B93.50,7.0,0.24909999999999996,0.4699999999999999,6.0,0.0002000000000000001,0.18989999999999996,0.00022162066954393224,0.30692166622371736,0.0001134831020987561,0.2679603974503869
KXOSCARAS-25-MC,30.0,0.0819,0.09,24.0,0.00022500000000000013,0.35722499999999996,0.0008647369123229786,0.25978555736895925,0.0007242034964958065,0.20683044182127092
KXOSCARAS-25-MC,14.0,0.0651,0.07,14.0,0.0002000000000000001,0.0145,0.0004194638685566932,0.217347254102061,0.0003944236152424145,0.16652359538561562
KXOSCARAS-25-MC,7.0,0.0651,0.07,8.0,0.00010000000000000018,0.0132,0.00024283657854143063,0.1494893591980813,0.00021840273335815304,0.1388264632010579
KXOSCARAS-25-MC,3.0,0.05639999999999999,0.06,3.0,0.0,0.0094,6.208706814025887e-05,0.08513026962652884,6.164694449171539e-05,0.11504534993098708
PAYROLLS-24FEB-T299999,30.0,0.1275,0.15,30.0,0.0009999999999999987,0.1876,0.0010999856913501713,0.32380865544109855,0.00106187242717115,0.2540607941550264
PAYROLLS-24FEB-T299999,14.0,0.16000000000000003,0.2,14.0,0.0003249999999999989,0.183475,0.0005447341246396999,0.2673903670315816,0.0004138279116511194,0.2244924043843662
PAYROLLS-24FEB-T299999,7.0,0.17977499999999996,0.23499999999999996,7.0,0.00010000000000000018,0.04882499999999999,0.0002361371119701902,0.2475429667701157,0.00014108371332569608,0.21415533901031403
PAYROLLS-24FEB-T299999,3.0,0.19240000000000002,0.26,3.0,0.00010000000000000018,0.04569999999999999,0.00010253313452599819,0.24681281646133205,4.353155794089685e-05,0.20750977572249268
KXWCGROUPQUAL-26A-CZE,30.0,0.1971,0.73,31.0,0.0014499999999999938,0.16844999999999996,0.0011778791674008542,0.4164143445042836,0.0008443878511543275,0.352860926809945
KXWCGROUPQUAL-26A-CZE,14.0,0.2211,0.67,14.0,0.0007999999999999969,0.16309999999999997,0.0005063371479231677,0.35254350366642045,0.0003333732365779062,0.2761334612066885
KXWCGROUPQUAL-26A-CZE,7.0,0.2484,0.54,7.0,0.00020000000000000036,0.1426,0.00022697318347281802,0.3161811144161367,0.00011393248347932257,0.28203568523209904
KXWCGROUPQUAL-26A-CZE,3.0,0.1971,0.27,3.0,0.00010000000000000018,0.0638,9.900292299035813e-05,0.242882545964492,5.239956755502047e-05,0.22735999280888564
KXDALSNOWM-26JAN-10.0,7.0,0.0651,0.07,7.0,0.00030000000000000003,0.0012000000000000001,0.00020714947737145734,0.14452003020889012,0.0001741288900993148,0.11968346371868611
KXNHLVEZINA-26-LTHO,14.0,0.09000000000000001,0.1,13.0,5e-05,0.0082,0.0004008926767140518,0.19492129401340122,0.00030444533490539154,0.1559213695069647
KXRANKLISTSONGTOP10-26JUN20-SOE,14.0,0.249775,0.485,10.0,0.00042499999999999857,0.4655500000000001,0.00036243056106363713,0.3189182196495286,0.0002178263710285764,0.2802516716832609
KXRANKLISTSONGTOP10-26JUN20-SOE,7.0,0.20797500000000002,0.295,7.0,0.00042499999999999857,0.42945000000000005,0.00024238740584702593,0.26743041667073475,0.00013413096651360991,0.2423262551653724
KXNFLDRAFTPICK-26-8-AREE,30.0,0.130975,0.155,30.0,0.00037500000000000006,0.00665,0.0011654384628582547,0.3064656902150667,0.0009656594390751065,0.24712467369658225
KXNATHANSHD-26MEN-JCHE,7.0,0.11310000000000009,0.8699999999999999,5.0,0.00019999999999999592,0.005700000000000011,0.00020646573654059384,0.20252066103421157,0.00013676443805930557,0.16586540440314398
KXNATHANSHD-26MEN-JCHE,3.0,0.07360000000000005,0.9199999999999999,3.0,9.999999999999796e-05,0.004099999999999999,9.570904371537854e-05,0.13895622445929667,9.884919809124881e-05,0.11530521424217109
KXTORNADO-24DEC-25,30.0,0.22749999999999998,0.65,30.0,0.0004999999999999975,0.5047499999999999,0.0010773373095762729,0.39731681917361017,0.0007600439900051447,0.33874167845772957
KXTORNADO-24DEC-25,14.0,0.16000000000000003,0.2,14.0,0.0003999999999999996,0.37334999999999985,0.0005322070425086657,0.2749312676476635,0.00043009177034502135,0.22755950455456828
KXTORNADO-24DEC-25,7.0,0.09000000000000001,0.1,7.0,0.0003999999999999996,0.3317999999999999,0.00017705444968249431,0.13670323546010205,0.00016600563999273897,0.13491557165369786
KXTORNADO-24DEC-25,3.0,0.2331,0.63,3.0,0.0,0.1296999999999999,8.315374855486991e-05,0.25966274492185526,4.752336616130535e-05,0.24135426330193588
KXTOPSONG-25FEB22-NLU,7.0,0.24997500000000003,0.49499999999999994,7.0,0.0,0.1342250000000001,0.0002507554278321415,0.29922194609706937,0.0001196053123888063,0.27250896151639814
KXTOPSONG-25FEB22-NLU,3.0,0.11310000000000009,0.8699999999999999,3.0,0.0,0.03689999999999999,0.00010904245270010354,0.19730160909264086,9.727430083148807e-05,0.1605152684372174
KXCPI-25APR-T0.0,30.0,0.08189999999999997,0.91,30.0,0.0007999999999999948,0.03829999999999985,0.001004162169396841,0.3600313156855103,0.0008025258601608667,0.31017962278767053
KXCPI-25APR-T0.0,14.0,0.04750000000000004,0.95,14.0,0.00010000000000000018,0.020999999999999904,0.0004495519096013292,0.23009817834178925,0.0004092584428807858,0.17049117605185718
KXCPI-25APR-T0.0,7.0,0.056400000000000144,0.9399999999999998,7.0,0.0,0.01239999999999996,0.00020637108535332468,0.20788638579134094,0.00019005572122974225,0.1528498869329098
KXCPI-25APR-T0.0,3.0,0.0899999999999999,0.9000000000000001,3.0,0.0,0.008999999999999966,9.353780020325074e-05,0.17410224092843266,8.262613048552002e-05,0.12985386437326588
KXNBADRAFTPICK-26-6-DACU,30.0,0.162975,0.20500000000000002,30.0,0.0018500000000000016,0.103125,0.0011541727692939681,0.3330401156654991,0.0010209048357894745,0.2750421533231048
KXNBADRAFTPICK-26-6-DACU,14.0,0.1716,0.22,14.0,0.0008000000000000014,0.0956,0.0004999353466494818,0.2970961684964671,0.00035547424921440973,0.2542646001812369
KXNBADRAFTPICK-26-6-DACU,7.0,0.21389999999999998,0.31,7.0,0.0005000000000000009,0.0904,0.00023378756787477813,0.2904016047345397,0.0001398487727543805,0.25396111632020074
KXNBADRAFTPICK-26-6-DACU,3.0,0.2176,0.32,3.0,0.00020000000000000036,0.09,8.474863095392665e-05,0.2752765935949769,4.427712483321051e-05,0.22677393385875136
KXB200MAX-26DEC31-2.870,30.0,0.0899999999999999,0.9000000000000001,24.0,0.0005999999999999989,0.37234999999999996,0.0007819611796833967,0.32897934811275364,0.0006794824321278638,0.27883823257056556
KXB200MAX-26DEC31-2.870,14.0,0.245775,0.565,14.0,2.5000000000000045e-05,0.24805,0.0005338161426090999,0.3488079078073143,0.0003167291405374453,0.2954604656065786
KXB200MAX-26DEC31-2.870,7.0,0.249975,0.505,8.0,0.0,0.245025,0.0002742287838110172,0.3173802893544726,0.0001576154163640441,0.27712814919002055
KXNFLDRAFTPICK-26-8-CTAT,30.0,0.168775,0.215,30.0,0.0009250000000000006,0.11165000000000003,0.0010940233403390945,0.35804582197376417,0.000974827614358979,0.27659913119633195
KXNFLDRAFTPICK-26-8-CTAT,14.0,0.1716,0.22,14.0,0.0006,0.055400000000000005,0.0005465625857838584,0.2750206811705684,0.00040243709167349275,0.23743132265012978
KXNFLDRAFTPICK-26-8-CTAT,7.0,0.1131,0.13,7.0,0.00010000000000000018,0.048600000000000004,0.0002326538906178866,0.18552593724128805,0.0002188745088439202,0.15284172058043466
KXNFLDRAFTPICK-26-8-CTAT,3.0,0.1476,0.18,3.0,0.00010000000000000018,0.04610000000000001,9.062019753103838e-05,0.20691111283902275,6.169686041263619e-05,0.17319842133644311
KXRANKLISTSONGTOP10-25DEC27-GOL,14.0,0.20589999999999997,0.29,12.0,0.0002000000000000002,0.43945,0.0004318343225970316,0.2866361547862955,0.0002725963682739647,0.2588627527181622
KXRANKLISTSONGTOP10-25DEC27-GOL,7.0,0.16590000000000002,0.21000000000000002,7.0,0.0002000000000000002,0.16964999999999997,0.00023870855195373005,0.24422432471987107,0.00015709904594976378,0.20465376702241353
KXRANKLISTSONGTOP10-25DEC27-GOL,3.0,0.21,0.3,3.0,0.0001,0.11929999999999999,9.093688041113428e-05,0.2694287977689274,4.4817156636255664e-05,0.2267467705353357
KXYTVIEWSHIGH-MIC26SEP-27.0M,30.0,0.0979,0.11,30.0,0.0013750000000000004,0.0036249999999999998,0.0010368400651993989,0.24624223492884767,0.0008775733724015031,0.21988481797219045
KXTRUTHSOCIAL-26JUL25-B189,7.0,0.2016,0.28,6.0,0.00010000000000000018,0.03430000000000001,0.00020486204450914362,0.2664349492320514,0.00011443386025307877,0.2256935911522487
KXTRUTHSOCIAL-26JUL25-B189,3.0,0.1411,0.17,3.0,0.00010000000000000018,0.0114,0.00010756529425403708,0.19857256972255732,5.998783186308766e-05,0.17182946929257015
KXSLCSNOWM-25DEC-0.5,30.0,0.13440000000000002,0.84,30.0,0.0012999999999999845,0.2469,0.001013117131813311,0.3709052324735647,0.0008603583684784139,0.2976029426526228
KXSLCSNOWM-25DEC-0.5,14.0,0.2379,0.61,14.0,0.0005999999999999964,0.22370000000000004,0.0005264422137668992,0.33484516151822874,0.00030450032324516076,0.2856311544671671
KXSLCSNOWM-25DEC-0.5,7.0,0.2211,0.33,7.0,9.999999999999996e-05,0.16700000000000007,0.00023326685751375178,0.2929644961869212,0.00016020681777103015,0.24267088824984043
KXGRAMSOTY-67-GLB,30.0,0.05639999999999999,0.06,30.0,0.0011000000000000003,0.0017000000000000003,0.001028099938880774,0.2298264047460625,0.0009970974780754592,0.2108147047775777
KXGRAMSOTY-67-GLB,7.0,0.0475,0.05,7.0,0.0002000000000000001,0.0017000000000000003,0.00019443664507834266,0.10068008365654556,0.00016786836403424272,0.09477551010722361
KXGRAMSOTY-67-GLB,3.0,0.0651,0.07,3.0,0.0,0.0017000000000000003,5.956201455665611e-05,0.07513599310072609,6.168334738793366e-05,0.09786801106807662
KXNHLPLAYOFF-26-LA,30.0,0.2356,0.38,30.0,0.00030000000000000057,0.19229999999999992,0.0011131799926007901,0.3655348565656005,0.0009118062630139882,0.31240201736833784
KXNHLPLAYOFF-26-LA,14.0,0.2331,0.37,14.0,0.00020000000000000036,0.08309999999999995,0.000473796422934126,0.31198032135434867,0.00033140747892972615,0.305031874344472
KXNHLPLAYOFF-26-LA,7.0,0.2379,0.61,7.0,0.00020000000000000036,0.05829999999999995,0.0002611820854209529,0.30768115744079727,0.00012898539657778946,0.2740570768597581
KXNHLPLAYOFF-26-LA,3.0,0.17709999999999998,0.77,3.0,0.00010000000000000018,0.026599999999999974,0.00010072388451635318,0.22148341765853283,5.7554453817115355e-05,0.21652403442396484
KXOSCARNOMPIC-26-SEC,30.0,0.1971,0.73,30.0,0.002899999999999963,0.08019999999999995,0.0011403123771498939,0.39009379066198513,0.0009120094556140226,0.31508105979799755
KXOSCARNOMPIC-26-SEC,14.0,0.1476000000000001,0.8199999999999998,14.0,0.0014999999999999805,0.0444999999999999,0.0004930551955480382,0.3160033491474976,0.0003505323753723294,0.24329347942258003
KXOSCARNOMPIC-26-SEC,7.0,0.1476000000000001,0.8199999999999998,7.0,0.0008999999999999861,0.032499999999999904,0.0002200008483918333,0.27994062655898677,0.00016493389806137445,0.20371850026657107
KXOSCARNOMPIC-26-SEC,3.0,0.14110000000000003,0.83,3.0,0.00019999999999999592,0.032499999999999904,9.848072899765244e-05,0.22545758494143528,7.862287694241767e-05,0.17929305590065206
KXCPI-26JUN-T0.0,30.0,0.2379,0.39,30.000000000000014,0.0016999999999999997,0.18660000000000004,0.0011912835990049906,0.37585540633683323,0.0009515802831817022,0.32668652411654375
GAS-22MAR14-A4.50,7.0,0.21389999999999998,0.31,5.0,0.0,0.22829999999999986,0.00016691714307490697,0.27084256143450647,8.430100006900878e-05,0.23849199285794678
GAS-22MAR14-A4.50,3.0,0.24909999999999996,0.4699999999999999,3.0,0.0,0.09049999999999997,8.120111675585345e-05,0.27992115371057397,4.9829865289876446e-05,0.2590020782638891
KXEUROVISIONJURY-26-AUS,30.0,0.21,0.3,30.0,0.0023499999999999975,0.26869999999999994,0.0011793307575853852,0.3524672457427919,0.0009075318084315326,0.321788407386105
KXEUROVISIONJURY-26-AUS,14.0,0.20797500000000002,0.29500000000000004,14.0,0.0010499999999999965,0.2653249999999999,0.0004954679527854059,0.2998942675912028,0.00034654367120108895,0.2624955375146271
KXEUROVISIONJURY-26-AUS,7.0,0.203775,0.28500000000000003,7.0,0.00042499999999999797,0.2622999999999999,0.00022932387619756662,0.2806525543256242,0.000156483760661889,0.25546167038279555
KXEUROVISIONJURY-26-AUS,3.0,0.2331,0.37,3.0,0.0,0.2522999999999999,8.18675727243819e-05,0.28356009324403536,5.267832777187005e-05,0.24211453744523476
KXNFLDRAFTTOP-26-10-DTHI,30.0,0.0979,0.11,30.0,0.0002000000000000001,0.058399999999999994,0.001072146601060303,0.28090162476511715,0.0008851782681642546,0.21780505578021117
KXNFLDRAFTTOP-26-10-DTHI,7.0,0.0736,0.07999999999999999,7.0,0.0002000000000000001,0.012600000000000005,0.00020963778682208268,0.1276978807847454,0.00016142268447938928,0.13018271385455557
KXNFLDRAFTTOP-26-10-DTHI,3.0,0.1131,0.13,3.0,0.0,0.011700000000000004,7.480254819147871e-05,0.15695331619292957,0.00010919736730905985,0.15551965190119918
KXWTIW-26JUN1214-B85.50,7.0,0.0475,0.05,6.0,0.0002000000000000001,0.05390000000000001,0.00015529028366614853,0.09341517192109959,0.00015978627659967974,0.09060646904173009
KXMAKEMARMAD-26-TCU,30.0,0.1659,0.21,29.95833333333333,0.0014999999999999827,0.24619999999999997,0.0011465089498094486,0.31560881593152135,0.0010291813408733106,0.2522085740994463
KXMAKEMARMAD-26-TCU,14.0,0.2475,0.55,13.958333333333329,0.00059999999999999,0.12629999999999997,0.0005082124897750787,0.3391098584688627,0.00031588876389743165,0.2888290946422077
KXMAKEMARMAD-26-TCU,7.0,0.11310000000000009,0.8699999999999999,6.958333333333329,0.00019999999999999814,0.014899999999999998,0.00023683967738205033,0.23740526599874712,0.0002038096365695212,0.17784089348510407
KXMAKEMARMAD-26-TCU,3.0,0.06509999999999996,0.93,3.0,0.00010000000000000018,0.003399999999999995,8.861694502665218e-05,0.16555442024688424,8.535952642090019e-05,0.11123796847831376
KXHMONTH-26JUN,30.0,0.1131,0.13,30.0,0.001499999999999999,0.015199999999999998,0.001154439405161916,0.2891259441885691,0.0009734130269780198,0.25169709233416315
KXHMONTH-26JUN,7.0,0.0819,0.09,7.0,0.0004999999999999995,0.007,0.00017567735051965356,0.16752214816242408,0.00016870206480253434,0.11851204807597995
KXHMONTH-26JUN,3.0,0.1056,0.12,3.0,0.0,0.006600000000000001,8.70185990161557e-05,0.1317150548906084,8.555078815006429e-05,0.1383568235486874
GAS-22NOV14-T3.75,7.0,0.21,0.3,5.0,0.0002,0.08174999999999999,0.0001788014299925765,0.2588166401441172,9.621079711041248e-05,0.24367855040604217
GAS-22NOV14-T3.75,3.0,0.051975,0.055,3.0,0.0002,0.0021249999999999997,0.00016195188800457563,0.07496474500694993,0.00018535716242630278,0.08545261157830214
KXCPI-26JUL-T-0.3,30.0,0.051974999999999945,0.9450000000000001,30.0,0.0015499999999999995,0.0026250000000000045,0.0010059484106224976,0.3834161082643168,0.0008844108506226914,0.29386983069488964
KXNBATOPPICK-26-GSW,14.0,0.0475,0.05,14.0,0.0,0.0021000000000000003,0.00044572959840697703,0.1487331369745339,0.00039947099359024184,0.15430484992251586
KXINXMAXMM-30JUN2026-7640,30.0,0.15999999999999998,0.8,28.0,0.000500000000000002,0.7074999999999999,0.001030858957886847,0.38127815590082437,0.0008087311518022123,0.30785058423073364
KXINXMAXMM-30JUN2026-7640,14.0,0.2139,0.69,14.0,0.00030000000000000057,0.09699999999999998,0.0004994140872577474,0.3376198993596553,0.000357240582878576,0.2671607182471166
KXINXMAXMM-30JUN2026-7640,7.0,0.2304,0.36,7.0,0.0,0.041599999999999984,0.00021321193352798299,0.31332372847853696,0.000147645301703857,0.2530890673049649
KXINXMAXMM-30JUN2026-7640,3.0,0.0651,0.07,3.0,0.0,0.0017000000000000003,7.998877967953543e-05,0.09235069761680481,8.313360939300129e-05,0.07541119716893382
KXTRUMPACT-26MAY31-T7,7.0,0.12040000000000001,0.14,6.0,0.0,1.0337999999999998,0.00022193687050927377,0.18825149114287554,0.00017795830960342686,0.16063701122459986
KXTRUMPACT-26MAY31-T7,3.0,0.2436,0.42,3.0,0.0,0.9945999999999999,7.682269807278937e-05,0.28277770311579187,4.665037962176352e-05,0.25567827153174827
KXNATGASW-26JUL2417-T2.899,7.0,0.24577499999999997,0.435,6.0,0.0,0.17112500000000003,0.0001984976096382591,0.30196401004426326,9.915767833909759e-05,0.26406168086356785
KXNATGASW-26JUL2417-T2.899,3.0,0.22749999999999998,0.35,3.0,0.0,0.14990000000000003,9.858245395040134e-05,0.2580131450947888,4.556556108781498e-05,0.23248030174596765
KXMLBNLCENT-25-MIL,30.0,0.0899999999999999,0.9000000000000001,30.0,0.0016249999999999984,0.015124999999999972,0.0010131383091110289,0.35805002658129637,0.0007955825659843067,0.3132346815930999
KXBOSSNOWM-26FEB-10.0,30.0,0.17709999999999998,0.77,30.0,0.0002999999999999983,0.3304,0.0011498034126814255,0.37450167507791876,0.000850414504414345,0.31586283828182266
KXBOSSNOWM-26FEB-10.0,14.0,0.1875,0.75,14.0,0.00019999999999999814,0.04029999999999999,0.0005331800267235312,0.3287824567668815,0.00035098779312007925,0.266473453653495
KXTRUTHSOCIAL-26AUG29-B209,7.0,0.1411,0.17,6.0,0.00010000000000000018,0.07760000000000002,0.00022016098341908096,0.2123058942414663,0.0001513272461990574,0.17930243465245257
KXTRUTHSOCIAL-26AUG29-B209,3.0,0.1875,0.25,3.0,0.0,0.0387,8.457229771688583e-05,0.22824513817130432,6.16747263911437e-05,0.21023101228720756
KXNFLWINS-LA-25B-T13,30.0,0.2244,0.34,30.0,0.0005249999999999999,0.665075,0.001180639430376621,0.3832963777712129,0.000923102130537597,0.3063544007300256
KXNFLWINS-LA-25B-T13,14.0,0.1824,0.24,14.0,0.00022499999999999875,0.4645749999999999,0.000560514182434055,0.2826577718584336,0.0004040439678445495,0.2420401085126324
KXNFLWINS-LA-25B-T13,7.0,0.20797500000000002,0.29500000000000004,7.0,0.0,0.420825,0.0002457473365434802,0.3073447383306241,0.00015508769749920622,0.24118454436054784
KXNFLWINS-LA-25B-T13,3.0,0.22749999999999998,0.35000000000000003,3.0,0.0,0.07110000000000001,8.489984533923997e-05,0.2566045185126653,3.8489988790546305e-05,0.23940266013801462
KXMARMADROUND-26E8-HOF,30.0,0.069375,0.075,25.958333333333336,0.000775,0.00725,0.0008564952382218248,0.23399580176591922,0.0007895346266786463,0.21324542310579184
APRPOTUS-21OCT29-T42.5,7.0,0.2491,0.53,6.0,0.00020000000000000147,0.09669999999999998,0.00020541971898417098,0.28693862196916126,0.00011434528319946707,0.27353118789512115
APRPOTUS-21OCT29-T42.5,3.0,0.25,0.5,3.0,0.00010000000000000018,0.0867,9.588635573985406e-05,0.28692769543670055,4.74067373393873e-05,0.2542810820165966
KXLAGODAYS-26JUN-0,30.0,0.1476000000000001,0.8199999999999998,29.0,0.0016999999999999854,0.00850000000000006,0.0009995094396979933,0.3793778980821165,0.0008081156665378672,0.28125767681985026
KXLAGODAYS-26JUN-0,14.0,0.07360000000000005,0.9199999999999999,14.0,0.0008999999999999928,0.0013000000000000047,0.0004288141731938748,0.25723605283782197,0.00036532412212845024,0.20814299593169733
KXPHILSNOWM-26JAN-10.0,30.0,0.1275,0.15,30.0,0.0011249999999999995,0.3643250000000001,0.0011338761985953583,0.315001459956644,0.001006712571706873,0.25571735889345976
KXPHILSNOWM-26JAN-10.0,14.0,0.19240000000000002,0.26,14.0,0.0,0.33940000000000003,0.00047706545845648413,0.29222782599568337,0.0003100727002855488,0.2579490554987559
KXPHILSNOWM-26JAN-10.0,7.0,0.2244,0.66,7.0,0.0,0.09099999999999996,0.0002220624851168907,0.2928862218454181,0.00012271044781639873,0.25314722261768724
KXLAGODAYS-26JAN-1,30.0,0.1659,0.21,29.0,0.0017,0.0548,0.0010935117045772413,0.354678219709214,0.0009070380048470749,0.2660722499373925
KXBRENTW-26JUN1217-T88.99,7.0,0.19240000000000002,0.74,6.0,0.0,0.4820000000000001,0.00019735850704779927,0.2646043486559735,0.00010573314595089769,0.22737413059818679
KXBRENTW-26JUN1217-T88.99,3.0,0.15999999999999998,0.8,3.0,0.0,0.47340000000000004,8.755275014095954e-05,0.22244239485924155,5.5541685353823236e-05,0.19246048307024288
KXAAAGASW-26JUN15-4.120,7.0,0.2304,0.36,5.0,0.0003000000000000002,0.2661,0.000137728723440566,0.299225774043284,9.081982312113631e-05,0.24894158769993685
KXAAAGASW-26JUN15-4.120,3.0,0.2499,0.51,3.0,0.0002,0.2405,0.00010814220426549354,0.2731208503478685,4.556989896997415e-05,0.2616604235296682
KXNETFLIXRANKMOVIE-26JAN12-SPI,7.0,0.1716,0.22,5.0,0.0,0.044199999999999996,0.00015001754545949228,0.23277312278478837,0.00010844707248092546,0.19479573455005295
KXSERIEA-26-INT,30.0,0.1538999999999999,0.8100000000000002,30.0,0.0006000000000000011,0.012499999999999997,0.0010422613384655354,0.39456340485845487,0.0008852544461055556,0.29453494237130956
KXNHLPLAYOFF-26-WPG,30.0,0.1131,0.13,30.0,0.001099999999999999,0.07560000000000001,0.0010996934774907673,0.2890829100086721,0.0009571708864505499,0.22638593311238978
KXNHLPLAYOFF-26-WPG,14.0,0.1131,0.13,14.0,0.0005999999999999995,0.06250000000000001,0.0004936616297656397,0.19109679894568096,0.00042872748881054706,0.1977724793622297
KXNHLPLAYOFF-26-WPG,7.0,0.12040000000000001,0.14,7.0,0.0005999999999999995,0.017800000000000003,0.0002386499719282684,0.17630137050388633,0.00021576662078048525,0.17437343712410439
KXNHLPLAYOFF-26-WPG,3.0,0.1275,0.15,3.0,0.0001,0.017,8.914321989141402e-05,0.17744500660647497,4.808531242373486e-05,0.13644535216629838
KXTORNADO-25APR-325,7.0,0.1275,0.15,6.0,0.0,0.3413,0.00020665168513130493,0.19947593747063685,0.00014575581663547516,0.1534807992768094
KXTORNADO-25APR-325,3.0,0.15999999999999998,0.8,3.0,0.0,0.1866,8.959671876346963e-05,0.2241436856014988,3.951048186516886e-05,0.19086536156621864
KXNETFLIXRANKSHOWRUNNERUP-26APR13-BIG,3.0,0.2496,0.52,3.0,0.0,0.0966,8.336853042422904e-05,0.2748169368965885,2.6762392494837198e-05,0.26033233319946314
KXSPOTIFYW-26FEB05-WHA,7.0,0.051975,0.055,7.0,0.0005249999999999999,0.0005,0.000297614725712376,0.10571607391553137,0.00027058695301259995,0.10096463614220554
KXRAINNYCM-26JAN-3,14.0,0.09000000000000001,0.1,14.0,0.0003499999999999996,0.035500000000000004,0.0004360433846945865,0.18831297447105855,0.0003946895217269994,0.1670616322686878
KXRAINNYCM-26JAN-3,7.0,0.0819,0.09,7.0,9.99999999999999e-05,0.02680000000000001,0.0001870432577930985,0.14582032434633527,0.00021514410549287205,0.12953098802827706
KXRAINNYCM-26JAN-3,3.0,0.05639999999999999,0.06,3.0,0.0,0.009400000000000002,7.056621390005185e-05,0.10007182420714077,7.104246680879155e-05,0.10069044369146547
KXNFLWINS-ATL-25B-T6,30.0,0.2379,0.39,30.0,0.0009250000000000017,1.391625,0.0011743036046468346,0.41839839400713613,0.0009113163271829325,0.3099857441397862
KXNFLWINS-ATL-25B-T6,14.0,0.2016,0.28,14.0,0.00010000000000000018,1.2229999999999999,0.0004949589487985986,0.3043740792067647,0.0003502979264181574,0.2702941920632164
KXNFLWINS-ATL-25B-T6,7.0,0.17709999999999998,0.77,7.0,0.0,0.9888999999999998,0.00024145800722061745,0.2470725983415876,0.00016438022817745438,0.21505174227317156
KXNFLWINS-ATL-25B-T6,3.0,0.24797499999999997,0.455,3.0,0.0,0.8678249999999997,7.664410665568684e-05,0.2699519331727835,3.324527550534839e-05,0.25687218315497246
KXJUDGECOUNT-26JUL-7,14.0,0.24190000000000003,0.41,14.0,0.00027500000000000007,0.3453250000000001,0.00048446665136828745,0.3220032880104122,0.0003105925594063757,0.2758324333280597
KXJUDGECOUNT-26JUL-7,7.0,0.2496,0.48,7.0,0.000225,0.09632500000000002,0.00021349452998294352,0.2964132128401501,0.00012219340141499815,0.27856837449543287
KXJUDGECOUNT-26JUL-7,3.0,0.1411,0.17,3.0,0.000225,0.010225000000000001,9.748474297383337e-05,0.21843505102394226,5.7793995962110744e-05,0.16124712770089716
KXETHMAXMON-ETH-26JUN30-225000,30.0,0.2244,0.34,28.0,0.0011250000000000001,0.031025000000000007,0.0010756566963070746,0.41184623363014183,0.000834823254118957,0.28449658026352287
KXETHMAXMON-ETH-26JUN30-225000,14.0,0.0651,0.07,14.0,0.0004249999999999999,0.0016250000000000008,0.00044825234156743097,0.1767827531378729,0.0003866838712655602,0.16496767488424474
KXAPRPOTUS-26APR24-42.8,7.0,0.0819,0.09,6.0,0.00030700000000000004,0.003725,0.00015064907508488716,0.17099341501878892,0.0001317532511334409,0.1108075422907223
KXNFLDRAFTPICK-26-4-DBAI,30.0,0.1659,0.21,29.999999999999993,0.0016999999999999997,0.05239999999999999,0.0011395470964630403,0.3631751509768193,0.0008904551418683509,0.26204862100627824
KXNFLDRAFTPICK-26-4-DBAI,14.0,0.1344,0.16,14.0,0.0010999999999999985,0.028900000000000002,0.0005468746156576097,0.22903199954133519,0.0004334640548232523,0.20315479351325222
KXNFLDRAFTPICK-26-4-DBAI,7.0,0.1411,0.17,7.0,9.999999999999963e-05,0.019999999999999997,0.00022015965032650686,0.21890417923066743,0.0001844463580046104,0.18658488762401035
KXNFLDRAFTPICK-26-4-DBAI,3.0,0.1275,0.15,3.0,0.0,0.015899999999999997,8.832116040932747e-05,0.219287518859099,6.67111401849443e-05,0.16368624509548546
KXAAAGASW-26MAR30-4.020,7.0,0.1971,0.73,5.0,0.0,0.21010000000000004,0.0001854006046920078,0.26670688334822024,9.943803168485273e-05,0.22981962000159803
KXAAAGASW-26MAR30-4.020,3.0,0.09000000000000001,0.1,3.0,0.0,0.0076,4.7767546667184365e-05,0.12037932703414381,5.6048680318628515e-05,0.11831475918928369
KXCPI-24DEC-T0.4,30.0,0.24097499999999997,0.40499999999999997,32.0,0.0004500000000000027,0.10062500000000002,0.0011436323870276325,0.41465584622147766,0.0009486945140215693,0.3248720719199635
KXCPI-24DEC-T0.4,14.0,0.19240000000000002,0.26,14.0,0.0003500000000000004,0.04574999999999999,0.0005281234789942047,0.28194784114085797,0.0003591591490699899,0.2567115538679905
KXCPI-24DEC-T0.4,7.0,0.1411,0.17,7.0,0.0002499999999999996,0.04234999999999999,0.0002244503778487632,0.24898509137581976,0.00015798937428909463,0.19493659440389613
KXCPI-24DEC-T0.4,3.0,0.168775,0.215,3.0,0.00022499999999999956,0.028899999999999995,9.373349069290794e-05,0.23673029010549052,5.0976955608844945e-05,0.1945804045565875
KXTOPMODEL-26MAY31-CLAU,14.0,0.0475,0.05,14.0,0.0006000000000000004,0.0051,0.00047954305602465483,0.1518233403108714,0.0004394916563441865,0.1303550093465039
KXTOPMODEL-26MAY31-CLAU,7.0,0.0651,0.07,7.0,0.00030000000000000014,0.004200000000000001,0.00017814314714972236,0.15563911292164181,0.00017123901032776496,0.11262039645006733
KXTOPALBUM-25AUG02-ITP,14.0,0.15999999999999998,0.8,11.0,2.5e-05,0.5617249999999998,0.0003485034476963385,0.27418525589509046,0.00026548845505072505,0.23510634389175813
KXTOPALBUM-25AUG02-ITP,7.0,0.1131,0.13,7.0,2.5e-05,0.06622499999999999,0.0002494697053027521,0.1850887119073973,0.00021180460912264312,0.16963242559404715
KXMARMADROUND-26F4-DUKE,30.0,0.2496,0.52,29.958333333333336,0.0012000000000000023,0.5048000000000001,0.0011699324427237507,0.41941003730720183,0.0008075590585507688,0.339774171356482
KXMARMADROUND-26F4-DUKE,14.0,0.2356,0.62,14.0,0.0008000000000000014,0.4902000000000001,0.0005166141384999845,0.3506691177369275,0.0003343883244544775,0.27826226778473073
KXMARMADROUND-26F4-DUKE,7.0,0.2484,0.54,7.0,0.0004000000000000007,0.4822000000000001,0.00021068575400968594,0.31065290306529453,0.00012643146748316875,0.2747859109916606
KXMARMADROUND-26F4-DUKE,3.0,0.2499,0.51,3.0,0.00020000000000000036,0.4813000000000001,9.143107634631153e-05,0.28069389146428825,3.7466834794222935e-05,0.2663268411816686
KXNFLDRAFTWR-26P1-CTAT,30.0,0.15999999999999998,0.8,30.0,0.0008999999999999949,0.2735,0.0011117984688353087,0.39153705013886964,0.0009050964331427663,0.28729792144686295
KXNFLDRAFTWR-26P1-CTAT,14.0,0.17159999999999997,0.78,14.0,0.00020000000000000036,0.22920000000000001,0.0004897323292044611,0.3461170246039174,0.0003317970203923119,0.2535347245778335
KXNFLDRAFTWR-26P1-CTAT,7.0,0.1824,0.76,7.0,0.0,0.18080000000000002,0.00024130301590611296,0.25300445671386274,0.0001644794145108279,0.2208319300566748
KXNFLDRAFTWR-26P1-CTAT,3.0,0.2356,0.62,3.0,0.0,0.16980000000000003,8.082529981588959e-05,0.2861747472384393,3.8620230058413474e-05,0.2476553314020022
KXAAAGASW-26JUL27-4.120,7.0,0.2419,0.59,5.0,0.00010000000000000018,0.48540000000000005,0.00016734556800409924,0.3127686400611388,9.986476720058682e-05,0.26819199989338044
KXAAAGASW-26JUL27-4.120,3.0,0.05640000000000005,0.94,3.0,0.0,0.35580000000000006,0.00010501493956846607,0.15240005480787577,0.00010441368379349853,0.10588682309295326
TNOTEW-24MAY24-B4.24,7.0,0.051975,0.055,6.0,0.0007499999999999999,0.0011250000000000001,0.00024511984531560974,0.12294275753740466,0.00024970914933879977,0.09894412851574234
KXNFLDRAFTQB-26P3-DALL,30.0,0.24997500000000003,0.49499999999999994,30.0,0.0009249999999999982,0.24119999999999997,0.001089792018913604,0.43454248773035914,0.0008436163359187859,0.3154268568007063
KXNFLDRAFTQB-26P3-DALL,14.0,0.1824,0.24000000000000002,14.0,2.4999999999999767e-05,0.20437499999999997,0.00048160911962877583,0.28813016761095317,0.00037935628978574956,0.26481648409709374
KXNFLDRAFTQB-26P3-DALL,3.0,0.2176,0.32,3.0,0.0,0.0354,9.102007878388302e-05,0.2716919388968176,4.9178260915800544e-05,0.2301089611370472
FRMMAX-22DEC29-P7.0,30.0,0.1875,0.75,30.0,0.0016499999999999941,0.031199999999999978,0.0011113310010259015,0.38776110457964585,0.0008732027952893608,0.3160708487542607
FRMMAX-22DEC29-P7.0,14.0,0.056400000000000144,0.9399999999999998,14.0,0.0013499999999999936,0.008399999999999975,0.00042087198776220966,0.2561132411520733,0.0003653097757464784,0.1760399452904737
FRMMAX-22DEC29-P7.0,7.0,0.06509999999999996,0.93,7.0,0.0008499999999999993,0.001000000000000004,0.0002306779612424521,0.17801083820095148,0.00019851332462732566,0.16091008059741255
KXNHLRICHARD-26-BTKA,30.0,0.24997500000000003,0.49499999999999994,29.0,0.0,0.36017499999999986,0.00112121386094005,0.43739029897274745,0.0007818531764626408,0.3117883597673277
KXNHLRICHARD-26-BTKA,14.0,0.1875,0.25,14.0,0.0,0.30014999999999986,0.0005501556580786062,0.3159250899578763,0.00038604077190308874,0.24974625243602927
KXNHLRICHARD-26-BTKA,3.0,0.24997500000000003,0.49499999999999994,2.0,0.0,0.24012499999999992,6.393835728177584e-05,0.26949787367825334,2.1716186545031026e-05,0.25768179560049453
KXNETFLIXRANKMOVIE-26MAR23-GAS,7.0,0.24909999999999996,0.4699999999999999,5.0,0.0,1.2725,0.00015316012366830542,0.29661387290831415,8.327629670275668e-05,0.27301456982120814
KXNETFLIXRANKMOVIE-26MAR23-GAS,3.0,0.1476,0.18,3.0,0.0,1.2292,0.00010364114178539234,0.190138833570071,5.577102742833546e-05,0.17793329642631892
KXTRUTHSOCIAL-26JUL11-B210,7.0,0.21389999999999998,0.31,6.0,2.5e-05,0.037825,0.00020184096875555275,0.2568230204172272,0.00011847374719640459,0.23851344488695475
CPICOREYOY-24APR-T3.6,30.0,0.1659,0.79,30.0,4.999999999999898e-05,0.6476000000000002,0.00110702643192996,0.37515948704639,0.0008398637656819512,0.3104229129306267
CPICOREYOY-24APR-T3.6,14.0,0.2244,0.66,14.0,2.5000000000000045e-05,0.444125,0.00048669952694168294,0.2999476053645937,0.00034948216255761063,0.2816717625538342
CPICOREYOY-24APR-T3.6,7.0,0.2499,0.51,7.0,0.0,0.42829999999999996,0.00022898363228486895,0.3243502591632605,0.00010978952863124189,0.2828662802636519
CPICOREYOY-24APR-T3.6,3.0,0.2484,0.45999999999999996,3.0,0.0,0.3766,8.422377834711066e-05,0.2611243303783058,4.082596882123635e-05,0.25444873070135826
KXBRENTMON-26JUL3117-T94.99,7.0,0.2496,0.52,7.0,0.0004999999999999998,0.0541,0.00023887467945698794,0.31272890085738075,0.0001362878679647427,0.2639251019307036
KXBRENTMON-26JUL3117-T94.99,3.0,0.09000000000000001,0.1,3.0,0.0004999999999999998,0.008900000000000002,5.2064334237492814e-05,0.13756934400030135,5.589679442441112e-05,0.11515352026417444
KXAAAGASW-26JUN15-4.160,7.0,0.1539,0.19,5.0,0.00025,0.015,0.0001730406003465782,0.19979989519898783,0.00012135241877138066,0.1823761200541231
KXAAAGASW-26JUN15-4.160,3.0,0.1056,0.12,3.0,0.00025,0.010099999999999998,0.0001005866675361678,0.14235341882288732,7.388211275513443e-05,0.1234837877766236
KXNBADRAFT1-26-CBOO,30.0,0.05639999999999999,0.06,30.0,0.0012999999999999997,0.0043,0.0009936331007613362,0.259369721878624,0.0008797353389842072,0.214982873002691
KXNBADRAFT1-26-CBOO,14.0,0.05639999999999999,0.06,14.0,0.0006999999999999998,0.0009,0.0004181273268394274,0.15819851083735853,0.00040281138841648294,0.16550455767614808
KXMARMADROUND-26RO32-KENN,3.0,0.0819,0.09,3.0,9.99999999999999e-05,0.015,5.54755041380237e-05,0.1072555314638249,4.8376606756546284e-05,0.11508832205578155
KXSBVIEWER-26-127713000,7.0,0.2139,0.69,5.0,0.0,0.5427,0.00018943210972070058,0.27796546557241386,8.614579457340052e-05,0.25325888399541635
KXSBVIEWER-26-127713000,3.0,0.2139,0.69,3.0,0.0,0.5408999999999999,9.08515127437208e-05,0.2621784028638538,3.575338046582401e-05,0.22969693542153785
KXPAYROLLS-26MAY-T50000,30.0,0.25,0.5,29.0,0.0013499999999999983,0.12480000000000005,0.0010923131896538726,0.39611007793816894,0.0007901014519345348,0.30639662090448305
KXPAYROLLS-26MAY-T50000,14.0,0.22597499999999998,0.655,14.0,0.0004250000000000008,0.09420000000000002,0.0005272904825014798,0.3211957139218884,0.0003519325399024454,0.26772949773671156
KXPAYROLLS-26MAY-T50000,7.0,0.21000000000000002,0.7,7.0,0.0004000000000000007,0.09000000000000002,0.00026694921639322153,0.2814389000032091,0.00013685498335049102,0.24150249503051596
KXPAYROLLS-26MAY-T50000,3.0,0.20590000000000003,0.71,3.0,0.00010000000000000018,0.09000000000000002,6.763988278184186e-05,0.25580346869746284,4.6181479949460156e-05,0.2239626216078295
KXETHMAXMON-ETH-26AUG31-225000,14.0,0.1131,0.13,14.0,0.002099999999999998,0.9037999999999999,0.000508648324796469,0.21308605325112842,0.00043148105017557,0.17267094034233144
KXETHMAXMON-ETH-26AUG31-225000,7.0,0.0979,0.11,7.0,0.00039999999999999986,0.9028999999999999,0.00019877429787691913,0.16332559947429334,0.00016674337447215168,0.15453520037474608
KXETHMAXMON-ETH-26AUG31-225000,3.0,0.0736,0.08,3.0,0.0003,0.9025,6.137893381099364e-05,0.1259701930577053,6.962947189494985e-05,0.10122768919256261
KXTRUTHSOCIAL-26JUN20-B149,7.0,0.1476,0.18,6.0,0.0003999999999999985,0.30579999999999985,0.00022363378689681956,0.22412425263667857,0.0001496022610920614,0.17996883700743418
KXTRUTHSOCIAL-26JUN20-B149,3.0,0.21,0.3,3.0,0.0003999999999999985,0.30019999999999986,8.983197130053794e-05,0.2650921781744886,4.706296454731126e-05,0.2312924851296107
PROLLS-23AUG-T400000,30.0,0.09000000000000001,0.1,29.0,0.0013499999999999994,0.0019000000000000004,0.001014799810281687,0.27743980137840357,0.0009044957940866339,0.21898103638266286
KXSNOWS-24-MIN,7.0,0.1476,0.18,6.0,0.0004999999999999998,0.010699999999999998,0.00023082905104413934,0.2455746769037426,0.00016952102270508183,0.2091556945491094
KXSNOWS-24-MIN,3.0,0.0979,0.11,3.0,0.0004999999999999998,0.008199999999999999,5.223808313874409e-05,0.12973085542035057,5.122893924751295e-05,0.12226980425963083
KXNBADPOY-26-CHOL,30.0,0.09000000000000001,0.1,30.0,0.0010999999999999996,0.07119999999999999,0.0010744605394017762,0.278445819488393,0.0008839601051616135,0.22173912704236717
KXNFLWINS-NO-25B-T3,30.0,0.19710000000000005,0.7299999999999999,30.0,0.0003250000000000039,0.7030250000000001,0.0011488817598834017,0.38004366321815863,0.0008743126514335998,0.30253844458782686
KXNFLWINS-NO-25B-T3,14.0,0.24,0.6,14.0,0.0001249999999999991,0.5468750000000002,0.0004721455922102451,0.3212785223674341,0.00031543633291964334,0.3051114652948758
KXNFLWINS-NO-25B-T3,7.0,0.10937499999999992,0.8750000000000001,7.0,2.5000000000001153e-05,0.5117500000000001,0.00022301565411616232,0.19677317725011595,0.0001889701967320679,0.1902719095456287
KXNFLWINS-NO-25B-T3,3.0,0.08189999999999997,0.91,3.0,2.5000000000001153e-05,0.5031250000000002,8.706846138111223e-05,0.17626628753337528,9.860416945471519e-05,0.13119812755434512
KXNHLATLANTIC-26-MTL,30.0,0.1971,0.27,30.0,0.0008000000000000005,0.1218,0.0011398561655946438,0.38340549245634165,0.0008764833600035965,0.29512495915299164
KXNHLATLANTIC-26-MTL,7.0,0.1131,0.13,7.0,0.0,0.07629999999999999,0.00022743656330584367,0.1694753556953816,0.0001728652351382484,0.17210580733006317
KXNHLATLANTIC-26-MTL,3.0,0.16000000000000003,0.2,3.0,0.0,0.0138,7.948823953943127e-05,0.23738352097024623,5.885176642866179e-05,0.18084102763519597
KXBTCMINMON-BTC-26FEB28-275000,30.0,0.2356,0.38,22.0,0.0020999999999999986,0.05709999999999999,0.0008467185167440586,0.39143266342411126,0.0005313958490996087,0.31097314783263436
KXBTCMINMON-BTC-26FEB28-275000,14.0,0.1056,0.12,14.0,0.0010999999999999998,0.009500000000000001,0.000478023722932992,0.2405674782147017,0.0004161780872341739,0.17079342136392733
KXBTCMINMON-BTC-26FEB28-275000,7.0,0.05639999999999999,0.06,7.0,0.0008999999999999997,0.006500000000000001,0.00017881470631458897,0.13683954078628666,0.00019417070713395672,0.10261069475480006
KXBTCMINMON-BTC-26FEB28-275000,3.0,0.0475,0.05,3.0,0.0007999999999999997,0.0013000000000000002,7.882527299049088e-05,0.08721090991291136,6.656237404883733e-05,0.10544877291614949
KXBRENTMON-26MAY2917-T100.99,30.0,0.2499,0.49,27.0,0.00010000000000000018,0.4072,0.0009456406193556641,0.4383216651359778,0.0007308015239988741,0.3216766748497932
KXBRENTMON-26MAY2917-T100.99,14.0,0.2356,0.62,14.0,0.00010000000000000018,0.2897,0.0005196201479669349,0.3354918143679208,0.00030395509943479125,0.2848444330520231
KXBRENTMON-26MAY2917-T100.99,7.0,0.24,0.6,7.0,0.0,0.2091999999999999,0.00023641143808340965,0.34649898575291277,0.00012845965546529658,0.2621501764655571
KXBRENTMON-26MAY2917-T100.99,3.0,0.2176,0.32,3.0,0.0,0.034199999999999994,8.901949542948377e-05,0.26855555159461403,4.8282484076764875e-05,0.24173034979336555
KXPSASQUASH-26M-PCOL,30.0,0.0736,0.08,30.0,0.000375,0.038275,0.0010106394993564607,0.25305419448999156,0.0009536758642153823,0.21843988536450248
KXPSASQUASH-26M-PCOL,7.0,0.09000000000000001,0.1,7.0,0.0,0.02615000000000001,0.0001961144151254945,0.15443997102283463,0.0001693412108516411,0.1453906703772212
KXPSASQUASH-26M-PCOL,3.0,0.12040000000000001,0.14,3.0,0.0,0.00875,0.00010749584960896063,0.14471654996821948,8.66680928083053e-05,0.1307112583027804
KXMARMADROUND-26S16-GONZ,30.0,0.2484,0.54,29.958333333333336,0.0004000000000000007,0.5698499999999999,0.0011275628832216633,0.4445224427710484,0.000837891299119236,0.34543406771614876
KXMARMADROUND-26S16-GONZ,14.0,0.24,0.6,13.958333333333336,0.00020000000000000036,0.5118499999999999,0.0005058239864605367,0.3423740844229542,0.00030076790358568936,0.2807259895491539
KXMARMADROUND-26S16-GONZ,7.0,0.22749999999999998,0.65,7.0,0.00020000000000000036,0.4996999999999999,0.00024303791744009005,0.32035693202568977,0.00013153946994030893,0.26174494210201127
KXMARMADROUND-26S16-GONZ,3.0,0.2304,0.64,3.0,0.00010000000000000018,0.4952999999999999,7.168726340704244e-05,0.2898371840820919,5.023347559414493e-05,0.2465970451060067
OSCARNOMSUPACTO-25-AB,30.0,0.0475,0.05,29.0,0.0009000000000000001,0.015050000000000001,0.0009818552800126097,0.2553711590796784,0.0008693183225318598,0.20469342896982512
538APPROVE-24JAN31-B39.3,7.0,0.1875,0.25,5.0,0.0,0.46670000000000006,0.00017048430624270967,0.23549785759312475,0.00012052763611655103,0.21676054231326355
538APPROVE-24JAN31-B39.3,3.0,0.2244,0.34,3.0,0.0,0.44460000000000005,7.96904030083716e-05,0.2586026920706881,4.3907540042232435e-05,0.23514582086515945
KXGOLDW-26JUL1717-T4001.99,7.0,0.14109999999999995,0.8300000000000001,6.0,9.999999999999796e-05,0.3972,0.00019665118499739425,0.24959690366500303,0.00014449606400308038,0.203365479177777
KXGOLDW-26JUL1717-T4001.99,3.0,0.2419,0.59,3.0,9.999999999999796e-05,0.3682,8.539051275730434e-05,0.27185254088255056,4.098650804437662e-05,0.2553958123292497
KXNBADRAFTPICK-26-11-YLEN,30.0,0.1275,0.15,30.0,0.002549999999999997,0.59465,0.0011250670662246688,0.34954756322381847,0.0009344427368133371,0.24260523435477027
KXNBADRAFTPICK-26-11-YLEN,14.0,0.1539,0.19,14.0,0.0011249999999999984,0.5687249999999999,0.00046990802858956333,0.24817722622924937,0.0004172459925589521,0.22949720467572424
KXNBADRAFTPICK-26-11-YLEN,7.0,0.1539,0.19,7.0,0.0005999999999999983,0.5680999999999999,0.00024065514943577063,0.24376285233514358,0.00015976219870694468,0.21009600010416604
KXNBADRAFTPICK-26-11-YLEN,3.0,0.21389999999999998,0.31,3.0,0.0003999999999999985,0.5565,7.35846605615108e-05,0.24929307935454886,4.0607594556205646e-05,0.2267157532055979
KXWTIW-26APR17-B91.5,7.0,0.0651,0.07,6.0,0.0,0.0235,0.00016296723944132937,0.12031446223324281,0.00016442233519443883,0.10676399466771894
KXTECHLAYOFF-25JUL-1.7,30.0,0.2176,0.32,30.0,0.0007999999999999948,0.30905000000000005,0.0011033179906978351,0.3559407247354385,0.0009558750741452696,0.3030513312724695
KXTECHLAYOFF-25JUL-1.7,14.0,0.25,0.5,14.0,0.0002999999999999961,0.28590000000000004,0.000476714385612485,0.33817551183065037,0.0003119216509840574,0.28498154896123024
KXTECHLAYOFF-25JUL-1.7,7.0,0.24,0.4,7.0,0.00019999999999999592,0.2762,0.00022037949678509075,0.3219904203615043,0.0001016161074984645,0.2728222276255687
KXTECHLAYOFF-25JUL-1.7,3.0,0.22749999999999998,0.35,3.0,9.999999999999796e-05,0.2616,8.279417036680113e-05,0.25419569880150933,5.943995256909037e-05,0.2546507721866953
KXJACWSNOWM-26MAR-3.0,30.0,0.051974999999999945,0.9450000000000001,29.958333333333336,0.0009499999999999953,1.235575,0.001084429844529724,0.3620202230361274,0.0008601743351512103,0.30241598025524724
KXJACWSNOWM-26MAR-3.0,14.0,0.2304,0.64,14.000000000000004,0.0005000000000000011,0.09650000000000006,0.0005257038453385301,0.3185401388215708,0.0003433648583460706,0.28673897314510854
KXJACWSNOWM-26MAR-3.0,7.0,0.0651,0.07,7.0000000000000036,0.00039999999999999986,0.007299999999999999,0.00021739614165110506,0.1310612136050485,0.00021478745248542307,0.1279298623254378
KXJACWSNOWM-26MAR-3.0,3.0,0.0736,0.08,3.0000000000000036,0.0001999999999999998,0.0032,8.31573300635802e-05,0.12496442703512535,7.878570379045574e-05,0.11171616118151168
KXTRUTHSOCIAL-26AUG22-B129,7.0,0.09000000000000001,0.1,6.0,0.0,0.004200000000000001,0.00013881294310389493,0.16677307925093332,0.00014766639692050546,0.1465769436541596
KXSBVIEWER-26-123714000,7.0,0.0899999999999999,0.9000000000000001,5.0,0.0001000000000000024,0.05110000000000005,0.00018037296799865263,0.18978649601927436,0.00014725018287259549,0.14153066477053752
KXSBVIEWER-26-123714000,3.0,0.09789999999999999,0.89,3.0,0.0001000000000000024,0.04260000000000002,9.974687690428642e-05,0.15087413528229832,7.206741171636482e-05,0.13521430183076774
KXTOPALBUM-25OCT11-KPO,14.0,0.14110000000000003,0.83,10.0,0.0004999999999999964,0.6261999999999999,0.0003509082862234325,0.2696004661802604,0.0002444391691827376,0.24021303488891896
KXTOPALBUM-25OCT11-KPO,7.0,0.14110000000000003,0.83,7.0,0.0004999999999999964,0.033399999999999944,0.00024438657789241055,0.2530735193715001,0.0002085927072594837,0.18394637387418344
KXCPI-25JAN-T0.4,30.0,0.077775,0.08499999999999999,31.0,0.0003250000000000001,0.9261499999999999,0.0010570093604622872,0.2660954182049914,0.000963448252988314,0.22278460875086695
KXCPI-25JAN-T0.4,14.0,0.0979,0.11,14.0,2.4999999999999906e-05,0.924725,0.00047133707473646507,0.23899957871059943,0.00040674649771598305,0.19000277551275083
KXCPI-25JAN-T0.4,7.0,0.0979,0.11,8.0,2.4999999999999906e-05,0.922925,0.0002360525853305743,0.17524597911533715,0.00019761634565046166,0.1520351887282262
KXCPI-25JAN-T0.4,3.0,0.0819,0.09,3.0,2.4999999999999906e-05,0.9155249999999999,5.367994659785165e-05,0.12001842153959824,5.532666447857242e-05,0.10922887887754076
KXRANKLISTSONGSPOTUSA-26APR01-DRA,14.0,0.0651,0.07,14.000000000000004,0.00020000000000000036,0.0779,0.0004634637930171187,0.18232163994780032,0.0004365497486859296,0.1409219422673977
KXRANKLISTSONGSPOTUSA-26APR01-DRA,7.0,0.1824,0.24,7.0000000000000036,0.00010000000000000018,0.0357,0.00027648381007809337,0.23773033262452503,0.00017111959561124336,0.242616278420167
KXRANKLISTSONGSPOTUSA-26APR01-DRA,3.0,0.0736,0.08,3.0000000000000036,0.0,0.005000000000000001,0.00010496428697523647,0.13760748607942241,7.75367160467562e-05,0.10622558929496748
KXTRUMPSTATES-27JAN01-NV,30.0,0.16590000000000005,0.7899999999999999,30.0,0.0006499999999999979,0.051999999999999984,0.0010418318906704233,0.3758648707886362,0.000893212156162771,0.316333753330546
KXTRUMPSTATES-27JAN01-NV,14.0,0.1476000000000001,0.8199999999999998,14.0,0.0005749999999999989,0.031174999999999994,0.000527098577729983,0.2939633644020907,0.0003708965011641652,0.23759759951466514
KXUSOMENSINGLES-25-ND,30.0,0.0651,0.07,30.0,0.001050000000000001,0.005900000000000002,0.0009510594223217986,0.2685547495953004,0.0008957931964413332,0.2147766216064164
KXUSOMENSINGLES-25-ND,14.0,0.05639999999999999,0.06,14.0,0.00030000000000000024,0.005900000000000002,0.0004620769636993817,0.15867246449366232,0.00037945650115274123,0.13399730464970858
KXUSOMENSINGLES-25-ND,7.0,0.05639999999999999,0.06,7.0,9.99999999999999e-05,0.005900000000000002,0.00018597606687125161,0.1289546273469825,0.0001842131468195362,0.0963379359989279
KXUSOMENSINGLES-25-ND,3.0,0.09000000000000001,0.1,3.0,0.0,0.004600000000000001,6.674256792619759e-05,0.12985528913219133,5.662800608222541e-05,0.14003732110547346
KXRANKLISTSONGTOP10-26MAR28-APE,7.0,0.051975,0.055,7.0,0.0007999999999999998,0.0007250000000000002,0.0003004934599024066,0.1178748276649837,0.00027569636649173813,0.09501550727321752
KXBTCMINMON-BTC-26APR30-5250000,30.0,0.1476,0.18,27.0,0.0017999999999999997,0.003549999999999999,0.0009876229189895859,0.31759503765825087,0.0009070481028099971,0.24164669697439997
CPI-23OCT-T0.0,30.0,0.1476000000000001,0.8199999999999998,30.041666666666686,0.001224999999999981,0.616325,0.0011357950741601637,0.37159622194039243,0.0009113286948692828,0.30119086074161816
CPI-23OCT-T0.0,14.0,0.17159999999999997,0.78,14.041666666666686,0.0010999999999999842,0.5851,0.0005573687328408745,0.31107838428273726,0.00040046256847474837,0.25340803356556796
CPI-23OCT-T0.0,7.0,0.15999999999999998,0.8,7.0,0.00030000000000000057,0.5663,0.00023409679595306544,0.25980090961375146,0.00013597543445397666,0.21370818248843587
CPI-23OCT-T0.0,3.0,0.17709999999999998,0.77,3.0,0.0,0.5659,8.553358870049286e-05,0.2431149468918071,5.47799703583763e-05,0.21091547654505527
KXNFLWINS-CLE-25B-T4,30.0,0.2496,0.52,29.999999999999986,0.0004249999999999999,0.7248249999999998,0.001170577768419726,0.4000145914552115,0.0008629950803698622,0.33997375934618473
KXNFLWINS-CLE-25B-T4,14.0,0.05639999999999999,0.06,13.999999999999986,0.00010000000000000018,0.6130999999999999,0.0004179188799883902,0.15021970727227918,0.00039975450137133393,0.15794560327633234
KXNFLWINS-CLE-25B-T4,7.0,0.2379,0.38999999999999996,6.999999999999986,0.00010000000000000018,0.4927999999999999,0.00020969131457700417,0.3069844021669184,0.0001394292373345326,0.27043788818759096
KXNFLWINS-CLE-25B-T4,3.0,0.21389999999999998,0.31,2.999999999999986,0.00010000000000000018,0.4761999999999999,9.540865296248015e-05,0.24020095304817082,4.187262190182898e-05,0.2324401526583928
KXBAFTASUPACTO-26-PAU,30.0,0.0819,0.09,30.0,0.0009999999999999994,0.15165,0.0010796357588653367,0.25382679379215545,0.0009088809556906895,0.2296968096171352
KXBAFTASUPACTO-26-PAU,14.0,0.060775,0.065,14.0,0.0006499999999999993,0.092225,0.00042009325192816487,0.15652781327812895,0.00039527297728472635,0.16502969097490536
KXBAFTASUPACTO-26-PAU,7.0,0.05639999999999999,0.06,7.0,0.00029999999999999943,0.045700000000000005,0.00020824307518589927,0.1173901669233153,0.00019290805412827707,0.11009902506938975
KXBAFTASUPACTO-26-PAU,3.0,0.09000000000000001,0.1,3.0,9.999999999999963e-05,0.04490000000000001,6.207278519928544e-05,0.12120410432308625,6.152651852550336e-05,0.12585640213626637
KXNFLDRAFTPICK-26-6-CTAT,30.0,0.21389999999999998,0.31,30.0,0.0019999999999999935,0.15224999999999997,0.001194781233200247,0.4122164009757637,0.0008869840770671734,0.3095718580808342
KXNFLDRAFTPICK-26-6-CTAT,14.0,0.2016,0.28,14.0,0.0013999999999999946,0.0978,0.0005156101474587362,0.283353534609946,0.00036193978505796794,0.26132297272504573
KXNFLDRAFTPICK-26-6-CTAT,7.0,0.1971,0.27,7.0,0.0004999999999999976,0.0748,0.0002315499714807026,0.25389687826931373,0.00013873678034496574,0.22662547937850236
KXNFLDRAFTPICK-26-6-CTAT,3.0,0.20589999999999997,0.29,3.0,9.999999999999907e-05,0.04699999999999999,6.8981401630358e-05,0.2545142061356744,3.711734818196503e-05,0.23528800439217537
KXWTIW-26JUL1014-B72.50,7.0,0.0475,0.05,6.0,0.00015,0.0756,0.00016251472674097967,0.117983899203875,0.00014706672382757996,0.08680993506377835
KXWTIW-26JUL1014-B72.50,3.0,0.05639999999999999,0.06,3.0,0.0,0.0756,6.889379346704422e-05,0.08969711691499864,6.893335560555078e-05,0.0973946597245914
KXCPICOREYOY-26MAY-T2.8,30.0,0.22749999999999998,0.35000000000000003,30.0,0.0010249999999999973,0.39402500000000007,0.001113231814610569,0.38324609966959833,0.0008641345211718934,0.31912300835960494
KXCPICOREYOY-26MAY-T2.8,14.0,0.2419,0.59,14.0,0.0003249999999999973,0.3565250000000001,0.0005060743296233094,0.35128462331784377,0.00033653445663648724,0.262924454185265
KXCPICOREYOY-26MAY-T2.8,7.0,0.2491,0.53,7.0,0.00022499999999999707,0.31962500000000005,0.00022423287902966196,0.29056172022690274,0.0001284365368721611,0.28081242925516614
KXCPICOREYOY-26MAY-T2.8,3.0,0.2451,0.57,3.0,0.0,0.31350000000000006,9.16312668303226e-05,0.2633278067196779,4.463842525859958e-05,0.2508199701178612
KXPAYROLLS-26AUG-T50000,30.0,0.20590000000000003,0.71,31.0,0.0011499999999999987,0.32980000000000004,0.0012314630428502799,0.39518807980636583,0.0008946217973314355,0.31542131913022814
KXPAYROLLS-26AUG-T50000,14.0,0.2491,0.53,14.0,0.0005000000000000009,0.30460000000000004,0.000516203041989391,0.3284512847864836,0.00031229668134695053,0.291364982328181
KXPAYROLLS-26AUG-T50000,7.0,0.24639999999999998,0.56,7.0,0.0,0.30380000000000007,0.00020044377698722013,0.3099147966606884,0.00011170969085123185,0.26918759588547386
KXPAYROLLS-26AUG-T50000,3.0,0.25,0.5,3.0,0.0,0.28500000000000003,8.697035132531266e-05,0.281595531212828,3.775477640004199e-05,0.25998325620543467
KXWTIW-26JAN02-B56.5,7.0,0.17709999999999998,0.22999999999999998,5.0,0.0003999999999999996,0.0563,0.00015004341929039373,0.2237917232345174,0.00012314079456893253,0.20323856645110966
KXWTIW-26JAN02-B56.5,3.0,0.1476,0.18,3.0,0.0003999999999999996,0.04659999999999999,0.00012409986184006442,0.21526735136852124,7.256168086751086e-05,0.20062631464568034
PAYROLLS-24OCT-T250000,30.0,0.08597500000000001,0.095,31.0,0.001474999999999999,0.015850000000000003,0.00105580364314391,0.2627967721612653,0.0009800995447594143,0.22913652998510659
PAYROLLS-24OCT-T250000,14.0,0.08190000000000001,0.09000000000000001,14.0,0.0010999999999999994,0.0106,0.00042379634282237053,0.136692664524075,0.0004024500302791514,0.16484796823387426
PAYROLLS-24OCT-T250000,7.0,0.0979,0.11,7.0,0.0006999999999999998,0.0106,0.0001958879478483991,0.167387158393703,0.000202165758077079,0.14389513859825373
PAYROLLS-24OCT-T250000,3.0,0.0819,0.09,3.0,0.00010000000000000018,0.0106,7.160011837741244e-05,0.10808906090752765,6.156177987014297e-05,0.09887411565508879
KXNFLWINS-LAC-25B-T11,30.0,0.09000000000000001,0.1,29.999999999999986,0.0008999999999999999,0.61355,0.0010452784211337025,0.2834990475545653,0.0009215997579860532,0.22963863594191042
KXNFLWINS-LAC-25B-T11,14.0,0.17709999999999998,0.77,13.999999999999986,0.00019999999999999982,0.1166,0.00048813917875806316,0.3289660583116651,0.0003274976743777936,0.26675194570228056
KXNFLWINS-LAC-25B-T11,7.0,0.2331,0.37,6.999999999999986,9.999999999999963e-05,0.04515,0.00024172221660896383,0.29840285325046245,0.00014979679561690163,0.25466983108781494
KXNFLWINS-LAC-25B-T11,3.0,0.1716,0.22,2.999999999999986,0.0,0.02235,9.671422403217635e-05,0.19912928865465898,4.306976740964305e-05,0.21496388074083178
KXGRAMMYNOMSOTY-68-NTL,30.0,0.18750000000000006,0.25000000000000006,30.041666666666657,0.00065,0.037250000000000005,0.001157189905294128,0.3918129100953914,0.0010069528602656482,0.2968590877305139
KXGRAMMYNOMSOTY-68-NTL,7.0,0.0651,0.07,7.041666666666657,0.0,0.00595,0.00022318717755618077,0.15178929741881705,0.0002055947949611541,0.12897516352398644
KXWTIW-26MAY2214-B97.50,7.0,0.06509999999999999,0.06999999999999999,6.0,0.00030000000000000014,0.027800000000000005,0.00017424540982361069,0.11705810121937413,0.00018767468502457133,0.13186925300301508
KXALBUMEQUIV-PET26AUG06-340K,14.0,0.25,0.5,10.0,0.0003249999999999998,0.12142500000000002,0.00033862540212120586,0.339369859869891,0.00021342117593908954,0.27132311345219745
KXALBUMEQUIV-PET26AUG06-340K,7.0,0.05639999999999999,0.06,7.0,0.0003249999999999998,0.0016249999999999995,0.00021398001325489163,0.10847789025926652,0.00016993011750438192,0.11860214127336027
KXEOWEEK-26JUL25-0,3.0,0.14110000000000003,0.83,3.0,0.0,0.02570000000000001,9.870926466277814e-05,0.21277318944108914,7.561867501796369e-05,0.17008015743690194
KXSURVIVORELIMINATION-26APR05-EMI,7.0,0.09000000000000001,0.1,5.0,0.0,0.0029999999999999996,0.0001288237886852882,0.1490595236521559,0.00011480400006503754,0.10743599479333511
KXSURVIVORELIMINATION-26APR05-EMI,3.0,0.0736,0.08,3.0,0.0,0.0026,5.644131705592277e-05,0.13259805157170634,4.945977601066117e-05,0.10268772206300779
APRPOTUS-22MAY13-T41.5,7.0,0.0475,0.05,6.0,9.99999999999999e-05,0.6077999999999999,0.0001541303740212821,0.10755339301202049,0.000166912859511998,0.11041646003264838
APRPOTUS-22MAY13-T41.5,3.0,0.1539,0.19,3.0,0.0,0.5924999999999999,7.133189777878913e-05,0.2191265504003195,7.374547132197226e-05,0.18065438350535237
SNOWNYM-22FEB-T10,30.0,0.2475,0.55,29.0,0.002849999999999999,0.12845,0.0010614223717623978,0.402833774442811,0.0008189362084436921,0.3284503396375311
KXNFLDRAFTPICK-26-10-KPRO,30.0,0.24997500000000003,0.49499999999999994,31.0,0.003124999999999999,0.11429999999999996,0.0011482002298855076,0.41958381327315325,0.0008674054234754841,0.32724047209682783
KXNFLDRAFTPICK-26-10-KPRO,14.0,0.09000000000000001,0.1,14.0,0.002124999999999999,0.004025,0.0004431466030901181,0.19062386565981748,0.0003773126256646091,0.16500981175723958
KXNFLDRAFTPICK-26-10-KPRO,7.0,0.0564,0.060000000000000005,7.0,0.0011749999999999996,0.002425,0.00028308455125601996,0.11343005921573791,0.00026822746232862645,0.1319212807625644
KXTOPALBUM-25JAN25-W,7.0,0.156975,0.195,7.0,0.0,0.077375,0.0002223826322432678,0.23584171416328567,0.0001754008479656035,0.21290462774463145
KXPUREALBUMS-PET26AUG06-175K,3.0,0.2356,0.62,3.0,0.0,0.3826,9.735058603922776e-05,0.26645314011148513,3.999019920707071e-05,0.24513761249277824
TNOTEW-24MAY31-T4.29,3.0,0.0651,0.07,3.0,0.0004249999999999996,0.006425,6.762700645798422e-05,0.10592289978392183,6.125198409678644e-05,0.08237721770068106
KXTOPSONG-26JUL04-STU,14.0,0.0979,0.11,10.0,0.00025,0.022699999999999998,0.00032477923814584254,0.19389492087655896,0.00025989169724386247,0.16395661913607693
KXNHLWEST-26-UTA,30.0,0.060775,0.065,30.0,0.0019249999999999994,0.008600000000000002,0.0010409532604021485,0.2679137653150718,0.0009518001517736693,0.20590834025054916
KXNHLWEST-26-UTA,14.0,0.0736,0.08,14.0,0.0012,0.0074,0.0004320239016238043,0.16692276675146325,0.0003850972268588443,0.15585983471549836
KXNHLWEST-26-UTA,7.0,0.0651,0.07,7.0,9.999999999999996e-05,0.0074,0.00020777335327533286,0.1295601028280283,0.00017676022173710015,0.1243647199877222
KXNHLWEST-26-UTA,3.0,0.05639999999999999,0.06,3.0,9.999999999999996e-05,0.0049,6.675941611020862e-05,0.08133721254247049,6.15990268257974e-05,0.09284352482446788
KXNETFLIXRANKMOVIERUNNERUP-26AUG31-FAC,7.0,0.2436,0.42,5.0,0.0002000000000000001,0.37580000000000013,0.0001564112325566222,0.2949041465158003,0.00010560267443771689,0.26644742935418864
KXNETFLIXRANKMOVIERUNNERUP-26AUG31-FAC,3.0,0.2176,0.68,3.0,0.0002000000000000001,0.3418000000000001,9.094189644510444e-05,0.2599542578390004,4.6373873979214166e-05,0.2338534027909956
KXCABLEAVE-25-26JUN,30.0,0.2016,0.72,30.0,0.0014250000000000061,0.13602499999999992,0.0010701178374597877,0.40715373897566304,0.0008557420602919807,0.3188022332010373
KXCABLEAVE-25-26JUN,14.0,0.2176,0.68,14.0,0.0009000000000000127,0.11189999999999996,0.0005376639223633427,0.32990561677703817,0.0003468700050700638,0.2800908063221562
KXCABLEAVE-25-26JUN,7.0,0.2176,0.68,7.0,0.0005500000000000076,0.10754999999999997,0.00023754542911773847,0.30607714610182735,0.00014428787646659683,0.24549350577413967
KXCABLEAVE-25-26JUN,3.0,0.20797500000000005,0.7049999999999998,3.0,0.00022500000000000373,0.10664999999999997,6.435826517955245e-05,0.2602694440959875,4.889981230722927e-05,0.23816174023008904
KXCPICOREYOY-25JUL-T3.1,30.0,0.130975,0.15500000000000003,30.0,0.0014249999999999974,0.05385000000000001,0.0011043302447185709,0.357059602099399,0.0009974977798016605,0.2498428432727426
KXCPICOREYOY-25JUL-T3.1,14.0,0.150775,0.185,14.0,0.0006499999999999996,0.023975,0.0004897537811452319,0.2447077171502744,0.00036398264989290745,0.19829403985181834
KXCPICOREYOY-25JUL-T3.1,7.0,0.1476,0.18,7.0,0.0006,0.018099999999999998,0.00023345166365411807,0.23567469120781148,0.00017499874265305946,0.1819375604122004
KXCPICOREYOY-25JUL-T3.1,3.0,0.0475,0.05,3.0,0.0005499999999999999,0.0081,6.806695018962385e-05,0.0887368193381547,7.487287643119575e-05,0.09029726896614074
KXAAAGASW-26APR06-4.240,7.0,0.2436,0.42,5.0,0.0004999999999999999,0.11149999999999997,0.00016031390188897584,0.28176386445854035,8.697352665324372e-05,0.26212208355095273
CPI-22DEC-T0.3,30.0,0.06509999999999999,0.06999999999999999,30.000000000000007,0.0017749999999999999,0.0013249999999999996,0.0010798586270216867,0.24617120540281026,0.0009247829244739231,0.21434221265053524
KXNCAAFFINALIST-26-TXAM,30.0,0.1716,0.22,29.0,0.0011999999999999977,0.23404999999999998,0.0011314737436747052,0.37326088941121877,0.000901892885330112,0.26400104832924975
KXNCAAFFINALIST-26-TXAM,14.0,0.16000000000000003,0.2,14.0,0.0006999999999999992,0.0253,0.0005140632806153963,0.2516798895600681,0.0004040122503958847,0.21370491129437127
KXNCAAFFINALIST-26-TXAM,7.0,0.0979,0.11,7.0,0.0001999999999999998,0.0119,0.00017909934323038105,0.1942442838361049,0.0001869341589104093,0.13446156103658746
KXNCAAFFINALIST-26-TXAM,3.0,0.09000000000000001,0.1,3.0,9.99999999999999e-05,0.010100000000000001,6.731708320715469e-05,0.13716875026655578,5.3890635756188316e-05,0.13305213389222179
KXAAAGASW-26JUN15-4.020,7.0,0.14110000000000003,0.83,5.0,0.0005999999999999989,0.013700000000000026,0.00018093688208799293,0.2227071019018166,0.0001234462633721221,0.19995815508494297
KXAAAGASW-26JUN15-4.020,3.0,0.07360000000000005,0.9199999999999999,3.0,0.0004999999999999964,0.003700000000000009,8.736800183375226e-05,0.185046194470732,9.83106310515158e-05,0.09930919182200558
U3-24MAY-T3.7,30.0,0.17160000000000006,0.7799999999999999,30.0,0.0008750000000000093,0.03882499999999993,0.0010822993350181778,0.40366277295039515,0.0009049432059991932,0.31024898228853476
U3-24MAY-T3.7,14.0,0.1476000000000001,0.8199999999999998,11.0,0.0008000000000000082,0.03819999999999994,0.00037685666765275064,0.26019072000254384,0.0002991616774167484,0.21960599432531772
U3-24MAY-T3.7,7.0,0.14110000000000003,0.83,7.0,0.000300000000000005,0.03779999999999994,0.00021959541368656761,0.27078419002567955,0.00018114059932939193,0.20237761662394507
U3-24MAY-T3.7,3.0,0.1476000000000001,0.8199999999999998,3.0,0.00020000000000000258,0.03699999999999993,0.00010183846159966345,0.20838953233319177,8.148692334811528e-05,0.17417971113759442
KXWTIW-26JUL0214-B68.50,7.0,0.09000000000000001,0.1,5.0,0.00010000000000000018,0.5457,0.0001389592727650878,0.1493478725383773,0.0001167658410619964,0.11639628150841982
KXWTIW-26JUL0214-B68.50,3.0,0.09000000000000001,0.1,3.0,0.00010000000000000018,0.5448999999999999,6.337417357296792e-05,0.12256599775847751,6.914048212686079e-05,0.12316291865485635
KXPERFORMGRAMMYS-26-BIL,30.0,0.2484,0.45999999999999996,30.0,0.00020000000000000036,1.1483499999999998,0.0011543908416495182,0.4045294708307813,0.0008781993006678968,0.33684917260958147
KXPERFORMGRAMMYS-26-BIL,7.0,0.1824,0.24000000000000002,7.0,0.0,0.18225,0.0002645021748071882,0.29517460215070523,0.00015915541075133273,0.23123485455376716
KXPERFORMGRAMMYS-26-BIL,3.0,0.2496,0.48,3.0,0.0,0.09580000000000001,0.00010840117235639185,0.2608248273902104,4.5723503782644686e-05,0.2581609357617357
RATECUT-24DEC31,7.0,0.04750000000000004,0.95,7.0,0.00015000000000000137,0.0006500000000000001,0.00023705665867057704,0.1407434621714987,0.00021712705678502212,0.13116965517888285
KXBESTACTORMUS-25-DC,30.0,0.219375,0.675,26.0,0.00015000000000000137,0.8535249999999996,0.001021340727823586,0.38594503970957944,0.0006717309625320489,0.3037711724669351
KXBESTACTORMUS-25-DC,14.0,0.2211,0.67,14.0,0.00012500000000000022,0.8421249999999997,0.00050359639868897,0.33200525951772214,0.00033770093358261965,0.28264123334498864
KXBESTACTORMUS-25-DC,7.0,0.2475,0.55,7.0,0.0,0.8314999999999997,0.0002601785372929684,0.3084832645251373,0.00012823129292369038,0.2747967083507332
KXBESTACTORMUS-25-DC,3.0,0.24,0.4,3.0,0.0,0.8045999999999998,6.723517095554567e-05,0.2740803225089746,3.815628152487444e-05,0.25586786358020464
KXWTIW-26APR24-B89.5,7.0,0.05639999999999999,0.06,6.0,0.0006,0.0078000000000000005,0.00017075196635945312,0.09460069984198251,0.00015940612433500124,0.10470638475994473
KXWTIW-26APR24-B89.5,3.0,0.09000000000000001,0.1,3.0,0.00010000000000000005,0.0029000000000000002,5.222957059115647e-05,0.10730576798872463,5.994314746253104e-05,0.12147843151429007
KXMARMADROUND-26E8-LOU,30.0,0.116775,0.135,29.958333333333336,0.0012499999999999974,0.090175,0.001101357729081018,0.29372019326633814,0.001027733566871652,0.2338246437985353
KXMARMADROUND-26E8-LOU,14.0,0.069375,0.075,13.958333333333336,0.0006499999999999989,0.048424999999999996,0.00047092307008781196,0.16943637024343935,0.0003939631234775222,0.14478964552635457
KXMARMADROUND-26E8-LOU,7.0,0.0475,0.05,7.0,0.000524999999999999,0.042325,0.00019257457763636985,0.137083315246445,0.00019725362653587244,0.11541985063465425
KXMARMADROUND-26E8-LOU,3.0,0.1275,0.15,3.0,0.00019999999999999925,0.033299999999999996,9.129623725937723e-05,0.19441779390762484,4.552933066847323e-05,0.16148218103060377
KXTECHLAYOFF-26FEB-2.1,14.0,0.1875,0.25,14.0,0.00010000000000000018,0.0942,0.0005013907732972709,0.2725038454723044,0.0003770843259009296,0.25100813363273855
KXTECHLAYOFF-26FEB-2.1,7.0,0.1539,0.19,7.0,0.0,0.0453,0.00027878267840951947,0.2420509072953316,0.00016986407321678223,0.1946642298901392
KXTECHLAYOFF-26FEB-2.1,3.0,0.1344,0.16,3.0,0.0,0.0376,0.00010341902457231019,0.18360423788984143,7.1446549546037e-05,0.14801116500298014
KXAPRPOTUS-26JUL10-40.9,7.0,0.1275,0.15,6.0,9.999999999999963e-05,0.2922,0.0002072164386365744,0.19585451506488633,0.00014906190374450233,0.18626560865642883
KXAPRPOTUS-26JUL10-40.9,3.0,0.0475,0.05,3.0,0.0,0.2841,6.711329953897368e-05,0.08655079985718665,7.04383966113712e-05,0.08214411888656688
KXCPICOREYOY-26JUL-T2.1,7.0,0.130975,0.845,7.0,2.5000000000000045e-05,0.04504999999999998,0.0002703242207792456,0.25443137738173965,0.0001897026605923554,0.17794404005255557
KXCPICOREYOY-26JUL-T2.1,3.0,0.14759999999999995,0.8200000000000001,3.0,2.5000000000000045e-05,0.027624999999999976,9.025165112348502e-05,0.2325291103683125,6.18644389152006e-05,0.19341251965643344
KXBRENTW-26JUL2417-T102.99,7.0,0.1344,0.16,6.0,0.00010000000000000005,0.007500000000000001,0.00019985944389616067,0.22259556804673053,0.0001663671259896791,0.18582672327977215
KXAAAGASW-26MAY11-4.580,7.0,0.2379,0.61,5.0,0.0,0.1945,0.0001428578081413934,0.2867918986798953,7.989755024354853e-05,0.25375244234166205
KXAAAGASW-26MAY11-4.580,3.0,0.20589999999999997,0.29,3.0,0.0,0.07849999999999999,5.798478667286631e-05,0.2979815976691973,4.362607058520996e-05,0.2320637808384971
KXAAAGASW-26JAN12-2.812,7.0,0.21,0.3,5.0,0.0,0.10499999999999997,0.00012862484896024724,0.28884024409197634,0.00010234093754022227,0.2241688315434272
KXAAAGASW-26JAN12-2.812,3.0,0.22749999999999998,0.35,3.0,0.0,0.04929999999999998,6.363366747161312e-05,0.2671474865028259,4.331409617328705e-05,0.2515340991857969
CPI-22JUL-T0.1,30.0,0.08597500000000007,0.9049999999999999,30.0,0.0010249999999999997,0.6438000000000001,0.0009895997708024048,0.39300986211892874,0.0008563806387448337,0.2877390037661069
CPI-22JUL-T0.1,14.0,0.1659,0.79,14.0,0.00020000000000000036,0.6335000000000002,0.0005053516321874721,0.28366182434201825,0.00035748520585331925,0.26588808100155825
CPI-22JUL-T0.1,7.0,0.0899999999999999,0.9000000000000001,7.0,0.0001000000000000024,0.6279000000000001,0.00023225931115145298,0.20182572422698486,0.00019724269793263576,0.16289192556471718
CPI-22JUL-T0.1,3.0,0.12749999999999995,0.8500000000000001,3.0,0.0001000000000000024,0.6254000000000001,9.207842045675617e-05,0.2167434767066645,6.995158828043724e-05,0.1670450530925045
KXTSAW-24NOV10-A2.30,7.0,0.17709999999999998,0.77,5.0,0.0,0.08289999999999993,0.00015790056080255063,0.25324361307970844,0.00010594612324830966,0.21981762603377583
KXTSAW-24NOV10-A2.30,3.0,0.13440000000000002,0.84,3.0,0.0,0.032399999999999964,0.00010631711414570908,0.22551491847107863,6.170882083215333e-05,0.17611468759579638
KXUECL-26-RCS,30.0,0.1875,0.25,30.0,0.0010749999999999991,0.20602499999999999,0.0011485921304523374,0.3433924187316981,0.0009294255726544501,0.29014806798272086
KXUECL-26-RCS,14.0,0.1411,0.17,14.0,0.0002750000000000004,0.025625000000000002,0.0005542269079662912,0.22180519177457328,0.0004150641974514284,0.22473188445744852
KXRANKLISTSONGSPOTUSA-26JUL01-MOR,30.0,0.1056,0.12,30.0,0.0016749999999999998,0.024875,0.0010140607673383164,0.26681715855628935,0.001008004487961975,0.21807432243457867
KXRANKLISTSONGSPOTUSA-26JUL01-MOR,14.0,0.0475,0.05,14.0,0.0007999999999999999,0.0005000000000000002,0.000473682301123619,0.133379863095256,0.0003940194326224601,0.1268075738866555
CPI-22MAR-T1.1,30.0,0.1539,0.19,29.958333333333332,0.0015000000000000013,0.2988,0.0011363922140938045,0.3012096922663755,0.0009763849709691485,0.26933550304254167
CPI-22MAR-T1.1,14.0,0.21389999999999998,0.31,14.0,0.0005000000000000009,0.2864,0.000536637990608315,0.3293343805121614,0.00035718503057494675,0.26338149338951194
CPI-22MAR-T1.1,7.0,0.24640000000000004,0.44,7.0,0.0004000000000000007,0.2698,0.00021675194243219676,0.27452816548696396,0.00012006469927280072,0.2775823468028454
CPI-22MAR-T1.1,3.0,0.2451,0.43,3.0,0.00020000000000000036,0.2637,8.648957351040836e-05,0.2853863051995796,4.182624731688605e-05,0.2542696548448028
KXMAKEMARMAD-26-MIZZ,30.0,0.25,0.5,29.95833333333333,0.0004999999999999986,0.8220999999999999,0.0011323350040965694,0.38110629687955877,0.0008732364542789239,0.33667197814060906
KXMAKEMARMAD-26-MIZZ,7.0,0.13440000000000002,0.84,6.958333333333329,0.00010000000000000018,0.24949999999999997,0.00024159736885263696,0.2562509014355588,0.0002021386790173254,0.19799874147064284
KXMAKEMARMAD-26-MIZZ,3.0,0.1875,0.75,3.0,0.0,0.15849999999999997,9.12013471774466e-05,0.2501328191958255,4.836094820850614e-05,0.21640365183187676
KXSOLMAXMON-SOL-26AUG31-9000,30.0,0.12040000000000001,0.14,19.0,0.0011499999999999993,0.41495,0.0007411874996889026,0.21874321328091845,0.0006066663413600039,0.2250957109998899
KXSOLMAXMON-SOL-26AUG31-9000,14.0,0.0475,0.05,14.0,0.00065,0.4127,0.00046516625716956346,0.15004359423967825,0.0004040641016182426,0.1220221478583133
KXSOLMAXMON-SOL-26AUG31-9000,7.0,0.0475,0.05,7.0,0.00045000000000000015,0.40209999999999996,0.0002157791887735356,0.12706827474134214,0.00018050854558766997,0.09714792409672335
KXAAAGASM-26MAY31-4.65,14.0,0.1824,0.24,9.0,0.0005499999999999998,0.05389999999999999,0.00036423557128224885,0.26437775890826554,0.00021397914226527404,0.23035242046735455
KXBILLSCOUNT-26MAR-2.0,30.0,0.0819,0.09,24.958333333333332,0.001949999999999999,0.07485,0.000819409512457315,0.23269038356146993,0.0007483308244494374,0.19911591963022576
KXBILLSCOUNT-26MAR-2.0,14.0,0.060775,0.065,13.999999999999998,0.0007999999999999997,0.06812499999999999,0.0004611263837543196,0.16652255159985038,0.0004258993424127719,0.16110740659601988
KXBILLSCOUNT-26MAR-2.0,7.0,0.09000000000000001,0.1,7.0,0.00010000000000000018,0.0667,0.00017246911364650574,0.1607979645610106,0.00016724105384918186,0.14716891713972594
KXBILLSCOUNT-26MAR-2.0,3.0,0.1476,0.18,3.0,0.0,0.0566,8.323243085660092e-05,0.20742343172728497,5.944333314873221e-05,0.17484852640264598
KXWMENSINGLES-25-JDRA,30.0,0.0736,0.08,19.0,0.0008250000000000001,0.004025,0.000608456801355836,0.22847009303807841,0.0005840556930747949,0.16926827772525574
KXWMENSINGLES-25-JDRA,14.0,0.060775,0.065,14.0,0.000575,0.0025,0.00046564794030311686,0.1809063069449072,0.00044165883253367746,0.14687689358459735
KXWMENSINGLES-25-JDRA,7.0,0.05639999999999999,0.06,7.0,0.0003,0.0017000000000000001,0.00018312411349384857,0.11927192042975956,0.0001749258005806997,0.11029942172992363
KXNFLDRAFTTOP-26-5-SSTY,30.0,0.2176,0.32,29.999999999999993,0.0006999999999999967,0.5855000000000001,0.0011293712732357156,0.33487457186916325,0.000825319202591462,0.32383575340981346
KXNFLDRAFTTOP-26-5-SSTY,14.0,0.22749999999999998,0.35,14.0,0.0006999999999999967,0.3044,0.000506756612659677,0.3078470258437925,0.00036519370452840023,0.2798066034398419
KXNFLDRAFTTOP-26-5-SSTY,7.0,0.2499,0.51,7.0,0.00020000000000000036,0.2531,0.00023607065840998754,0.3015090796621587,0.00013372693622920283,0.276376127869666
KXNFLDRAFTTOP-26-5-SSTY,3.0,0.2491,0.53,3.0,0.0,0.25270000000000004,7.650821455631285e-05,0.2805717840265845,4.509290300054213e-05,0.2611791394431959
KXTRUMPACT-26MAY24-T1,3.0,0.056400000000000144,0.9399999999999998,3.0,0.0,0.0014000000000000026,0.00010742702274566889,0.15464222233022315,0.0001060529766702493,0.12113128057725525
KXHMONTH-26MAY,30.0,0.1344,0.16,30.0,0.0014999999999999996,0.012699999999999998,0.0011011632968165688,0.3121390735200001,0.0009657547273980364,0.28552958036046727
KXCPI-25OCT-T0.1,30.0,0.13777500000000004,0.835,30.041666666666664,0.0022999999999999666,0.08742500000000003,0.001128006042701956,0.36592422683068065,0.0009469310456835442,0.3228619116305741
KXCPI-25OCT-T0.1,14.0,0.13440000000000002,0.84,14.041666666666664,0.0019999999999999614,0.021799999999999983,0.0005610623849519347,0.25965462497803826,0.0003795860449866466,0.23274088628808953
KXCPI-25OCT-T0.1,7.0,0.12749999999999995,0.8500000000000001,7.0,0.000999999999999975,0.015699999999999985,0.00023253353216326256,0.21578395079931753,0.00018752321417509152,0.1849502786561899
KXCPI-25OCT-T0.1,3.0,0.1476000000000001,0.8199999999999998,3.0,9.999999999999796e-05,0.01409999999999999,8.653429963098296e-05,0.20052572078878503,6.726043339438801e-05,0.18614482628052703
KXNETFLIXRANKSHOW-25OCT20-MON,7.0,0.2451,0.57,5.0,0.0,0.0859,0.0001636919260919594,0.2923169533041009,7.88533205505111e-05,0.2573244774114743
KXNETFLIXRANKSHOW-25OCT20-MON,3.0,0.15999999999999998,0.8,3.0,0.0,0.05539999999999999,9.732628020010858e-05,0.26948033443413644,5.415474671544908e-05,0.18879593382905
AAAGASM-24JUL31-US-3.50,30.0,0.244375,0.575,29.0,0.000399999999999994,0.9247250000000002,0.0010478690817082954,0.41390357676354683,0.0008454432637073152,0.3211036302300356
AAAGASM-24JUL31-US-3.50,14.0,0.234375,0.625,14.0,0.00010000000000000018,0.8611250000000003,0.0004948443528130439,0.35368697131537175,0.00032498846049101404,0.30158146654825574
AAAGASM-24JUL31-US-3.50,7.0,0.2475,0.45000000000000007,7.0,0.0,0.7323000000000002,0.00021134448392006095,0.3303666493643348,9.420219660366541e-05,0.281796134422893
AAAGASM-24JUL31-US-3.50,3.0,0.22749999999999998,0.65,3.0,0.0,0.6249000000000001,7.518555131817661e-05,0.26601894486936184,5.073427521679062e-05,0.25476178711026287
KXSURVIVORELIMINATION-26MAR28-RIZ,7.0,0.1875,0.25,6.0,0.0002,0.04170000000000001,0.0001876515687411125,0.2520134765878928,0.00011441713590360423,0.22167875067900547
KXNETFLIXRANKMOVIERUNNERUP-26MAY18-REM,7.0,0.21,0.3,5.0,0.0,0.17060000000000006,0.00015725155108235113,0.26513494845578117,9.246107395219701e-05,0.23525377623458257
KXNETFLIXRANKMOVIERUNNERUP-26MAY18-REM,3.0,0.1875,0.75,3.0,0.0,0.04290000000000002,0.00010450331257163948,0.22886738838649578,5.922601816736069e-05,0.22175757635408977
KXBRENTW-26JUL2417-T90.99,7.0,0.2491,0.47,6.0,9.999999999999907e-05,0.17020000000000002,0.00019433103872380176,0.3066943227921868,0.00010319503236792472,0.26208407631995073
KXBRENTW-26JUL2417-T90.99,3.0,0.1875,0.25,3.0,0.0,0.1457,9.643801115153906e-05,0.24808259452214096,6.650619506513535e-05,0.2097220590479048
MINNYC-21NOV-T30,30.0,0.1824,0.24,23.0,0.00030000000000000057,0.10170000000000001,0.0008520387866876783,0.3330922157522895,0.0006813050307362836,0.28145981867360825
MINNYC-21NOV-T30,14.0,0.21389999999999998,0.31,14.0,0.00010000000000000018,0.0936,0.0004983444296668856,0.31365675535738236,0.0003563175120416495,0.2761781399657053
MINNYC-21NOV-T30,7.0,0.2491,0.53,7.0,0.0,0.0705,0.00022629872123363843,0.3029331849309693,0.0001379019674071765,0.26372671675914494
MINNYC-21NOV-T30,3.0,0.1716,0.22,3.0,0.0,0.024599999999999997,0.00010213244970668701,0.2041926507245468,4.494094170905554e-05,0.20082561725749337
KXMARMADROUND-26RO32-MICH,7.0,0.04750000000000004,0.95,7.0,0.0004999999999999964,0.001000000000000004,0.00024067846076652468,0.17726347406572301,0.00022441733890400092,0.14528689272806758
KXTRUTHSOCIAL-26FEB28-B109,7.0,0.17159999999999997,0.21999999999999997,6.0,7.703719777548943e-34,0.031400000000000004,0.00020370624063634115,0.24132525024846163,0.00016635643671960028,0.21630403969566792
KXTRUTHSOCIAL-26FEB28-B109,3.0,0.1659,0.21,3.0,0.0,0.027299999999999998,7.509165120396131e-05,0.2234690571856838,5.4172450093512776e-05,0.18401792701004976
KXBTCMINMON-BTC-26APR30-5500000,30.0,0.1716,0.22,28.0,0.0011749999999999998,0.007225,0.0010880644106937504,0.2944169586611479,0.0009183354074921756,0.259254088353209
CPI-22SEP-T0.7,30.0,0.06509999999999999,0.06999999999999999,30.0,0.0015999999999999999,0.0103,0.0010544795876550348,0.2704089377311882,0.0009488751953364345,0.2095577431979817
CPI-22SEP-T0.7,3.0,0.0736,0.08,3.0,9.999999999999996e-05,0.0027,6.115442678105768e-05,0.10699190385145466,5.365724556732727e-05,0.12350421186428996
KXNBADRAFTTOP-26-15-NAME,30.0,0.2016,0.72,31.0,0.0009750000000000018,0.031675,0.0011420785232952402,0.38719932551496616,0.0009591140996136322,0.3196957971656832
KXNBADRAFTTOP-26-15-NAME,14.0,0.1875,0.75,14.0,0.0004500000000000053,0.025149999999999985,0.0005431683690707549,0.305084916321463,0.0003497268086228718,0.28365674541590136
KXNBADRAFTTOP-26-15-NAME,7.0,0.12749999999999995,0.8500000000000001,7.0,0.00040000000000000517,0.015499999999999995,0.000249335640245041,0.2138742819477423,0.00017731466584781238,0.18797924662385782
KXNBADRAFTTOP-26-15-NAME,3.0,0.14110000000000003,0.83,3.0,0.00020000000000000258,0.013699999999999992,0.0001143133121458905,0.23315393967252646,6.283829635607722e-05,0.1634379319073641
KX538APPROVE-24NOV20-B38.6,7.0,0.21,0.3,5.0,0.0004999999999999987,0.3857000000000001,0.00016692517336125233,0.2649404787405522,8.184352095747443e-05,0.2325589981921309
KX538APPROVE-24NOV20-B38.6,3.0,0.1971,0.27,3.0,0.0,0.3857000000000001,7.83349077709572e-05,0.2492391400251625,5.851359628375113e-05,0.22260258542804937
KXRANKLISTSONGTOP10-26FEB14-SOE,7.0,0.24999999999999997,0.49999999999999994,7.0,0.0,0.27920000000000006,0.00023040213572771687,0.31411243644977094,0.00013063562513022703,0.2836737510020988
KXRANKLISTSONGTOP10-26FEB14-SOE,3.0,0.1411,0.17,3.0,0.0,0.03330000000000001,9.077113094994922e-05,0.2234146750772183,7.438216670947323e-05,0.17037037652033757
KXWTIW-26JUL2414-B83.50,7.0,0.0475,0.05,6.0,0.0005999999999999994,0.0050999999999999995,0.00016174014747346932,0.11301085899905765,0.00016185353625322138,0.11515999555694645
KXWTIW-26JUL2414-B83.50,3.0,0.0651,0.07,3.0,0.0003999999999999996,0.003499999999999999,6.124706989691386e-05,0.1190957296899034,5.9537671606790156e-05,0.10823094578497829
KXOSCARNOMACTO-26-GC,30.0,0.05639999999999999,0.06,30.0,0.0013999999999999998,0.004200000000000001,0.0010175240230343846,0.2650085032891033,0.0009000341517910703,0.20768246053443967
KXAAAGASM-25JUN30-3.10,30.0,0.2475,0.55,28.0,0.0015999999999999851,0.06470000000000002,0.0010187765302235425,0.41506867584645774,0.000779560070444564,0.3190449511237826
KXAAAGASM-25JUN30-3.10,14.0,0.056400000000000144,0.9399999999999998,14.0,0.0009999999999999907,0.0010000000000000106,0.0004076136511610279,0.23385655116914514,0.00034078559131164973,0.1929018060321387
KXYTVIEWS-TAY26SEP-15.0M,30.0,0.1771,0.23,28.0,0.0009999999999999953,0.8737,0.0010199607324400818,0.3096039623097588,0.000891741408193982,0.2652225042701976
KXYTVIEWS-TAY26SEP-15.0M,14.0,0.22750000000000004,0.6499999999999999,14.0,0.000899999999999995,0.7334,0.0005438292000107502,0.35988035058472057,0.00033212078040755405,0.27467713147845957
KXYTVIEWS-TAY26SEP-15.0M,7.0,0.2244,0.34,7.0,0.0,0.6580000000000001,0.00022848119166543474,0.2801269832605598,0.00015513139453223262,0.25378741169799307
KXYTVIEWS-TAY26SEP-15.0M,3.0,0.21,0.3,3.0,0.0,0.6426000000000001,8.469238687366952e-05,0.2531446637127884,4.7766423680307976e-05,0.23370591444903804
CPI-23SEP-T-0.2,30.0,0.24999999999999997,0.49999999999999994,30.0,0.0007249999999999963,0.9469249999999999,0.0010907713879480243,0.42185683087447495,0.0008141496004944723,0.3283080964332237
CPI-23SEP-T-0.2,14.0,0.051974999999999945,0.9450000000000001,14.0,0.00042499999999999857,0.004400000000000001,0.00047612392302871434,0.2064526979326314,0.0003695326077954564,0.1701735226774599
CPI-23SEP-T-0.2,7.0,0.04750000000000004,0.95,7.0,0.0,0.0016999999999999964,0.00022482107118188116,0.1865489480941023,0.0002459005894036152,0.11941658943771544
TROPSTORM-24DEC01-T25,7.0,0.25,0.5,6.0,2.5e-05,0.24012499999999998,0.00019573925329118724,0.3191122639745545,8.64833584258581e-05,0.2803351833506425
KXNETFLIXRANKSHOW-25DEC22-STR,7.0,0.09000000000000001,0.1,5.0,0.0002,0.0068000000000000005,0.00012144113363712593,0.13986969581550018,0.00012902664616566147,0.12699874458677476
KXDCSNOWM-26MAR-6.0,30.0,0.0475,0.05,29.958333333333336,0.0019320000000000001,0.018776,0.0010260295236078467,0.2483918552723754,0.0009323333749781119,0.21859871926890073
KXDCSNOWM-26MAR-6.0,14.0,0.05639999999999999,0.06,14.000000000000004,0.0015069999999999997,0.003051,0.0004540423715688438,0.1442551807743029,0.0004293706948117444,0.16060579667975247
OSCARASPLAY-24-PT,30.0,0.0819,0.09,29.95833333333333,0.002049999999999998,0.006900000000000001,0.0010353017073242957,0.2527005380256749,0.0009515022788343582,0.21502788850398588
OSCARASPLAY-24-PT,14.0,0.05639999999999999,0.06,13.958333333333329,0.0006999999999999996,0.0029000000000000002,0.0004608512622250427,0.1559937307035585,0.00042538022768588447,0.13348485523295595
OSCARASPLAY-24-PT,7.0,0.0475,0.05,6.958333333333329,0.0,0.0025,0.00021209257694235803,0.12099525775608498,0.0001754655126752365,0.09919732673858576
OSCARASPLAY-24-PT,3.0,0.0651,0.07,2.9583333333333286,0.0,0.0021,7.121730485508827e-05,0.11156496091277184,7.740946183188066e-05,0.0987555763506861
CPICORE-24APR-T0.4,30.0,0.1411,0.17,31.0,0.0014499999999999995,0.013300000000000003,0.001084721962450106,0.32596401356994,0.0010418590251771965,0.2736689542289671
CPICORE-24APR-T0.4,14.0,0.1131,0.13,13.0,0.0008999999999999998,0.0092,0.00047882633647975623,0.2071711875756737,0.000432005192992694,0.17926389779012603
CPICORE-24APR-T0.4,7.0,0.0475,0.05,7.0,0.0008999999999999998,0.0052,0.00020809307880113916,0.1302109077633827,0.0001983375115129967,0.09896836597731166
CPICORE-24APR-T0.4,3.0,0.0475,0.05,3.0,0.0008999999999999998,0.0016,6.623326525399298e-05,0.08418671886952918,6.79410505046314e-05,0.08725241715150499
KXPERFORMGRAMMYS-26-BAD,30.0,0.16000000000000003,0.2,30.0,0.0009999999999999996,0.4238,0.0011690897953675248,0.38138554378400175,0.0009669878072151451,0.27027029713204054
KXPERFORMGRAMMYS-26-BAD,14.0,0.22749999999999998,0.35,14.0,0.0008999999999999993,0.1592,0.0005060995842005285,0.3087007792987413,0.00034297517538331364,0.29190798442240107
KXPERFORMGRAMMYS-26-BAD,7.0,0.16000000000000003,0.2,7.0,0.0007999999999999992,0.10779999999999999,0.00023353682609535443,0.24714140508747548,0.00017816171206955035,0.19485093895422104
KXPERFORMGRAMMYS-26-BAD,3.0,0.1411,0.17,3.0,0.0007999999999999992,0.0509,9.391672305596437e-05,0.19329492057635916,6.194674967735541e-05,0.17236042577049063
KXTORNADO-25MAY-200,30.0,0.15999999999999998,0.8,30.0,0.0007750000000000124,0.3068750000000001,0.0010621260898616579,0.37088337539630417,0.0008914483236321522,0.30038013661699947
KXTORNADO-25MAY-200,14.0,0.17709999999999998,0.77,14.0,0.00022500000000001149,0.022724999999999985,0.0005013075022821449,0.3241959105904244,0.00035836379832716067,0.2645607231302378
KXTSAW-25MAR09-A2.40,7.0,0.1476000000000001,0.8199999999999998,5.0,0.0,0.3748,0.00018450333994266723,0.21565386092670036,0.00011574222058693808,0.1811702599759598
KXTSAW-25MAR09-A2.40,3.0,0.21,0.3,3.0,0.0,0.16740000000000005,9.437371049647562e-05,0.2641984805013689,6.0824105261201745e-05,0.2269098978428797
CPIGAS-24APR-T2.5,30.0,0.246975,0.555,30.0,0.00032500000000000617,0.22509999999999977,0.0010806683965700265,0.43540222071831225,0.0008489496241584776,0.32425482407434386
CPIGAS-24APR-T2.5,14.0,0.1056,0.88,14.0,0.0002000000000000048,0.035399999999999994,0.0004118961131544366,0.26352643610808746,0.00037211961533509854,0.20341095722490812
CPIGAS-24APR-T2.5,3.0,0.13439999999999994,0.8400000000000001,4.0,0.0001000000000000024,0.028900000000000012,0.00011824291814348366,0.23189696013236472,9.162540769514707e-05,0.17309325141674176
KXNETFLIXRANKSHOW-26MAY04-MAN,3.0,0.2016,0.72,3.0,0.0,0.33099999999999996,9.688735126507017e-05,0.25300274670652145,4.89748212503805e-05,0.23133439628635577
TNOTEW-24JUL26-B4.09,7.0,0.060775,0.065,6.0,5.000000000000002e-05,0.002225000000000001,0.00016376278989539673,0.13775795387246956,0.00014074251092000933,0.1220619862282658
TNOTEW-24JUL26-B4.09,3.0,0.060775,0.065,3.0,5.000000000000002e-05,0.002225000000000001,5.856736107174534e-05,0.09995389020334615,7.398223132360609e-05,0.08838218760665083
KXBILLSCOUNT-26JUL-0.0,30.0,0.09000000000000001,0.1,30.0,0.0007499999999999943,0.23285000000000003,0.0010081122899583803,0.2732798318435526,0.0009696460915707199,0.2388930026370331
KXBILLSCOUNT-26JUL-0.0,14.0,0.2331,0.37,14.0,0.0004999999999999943,0.09575000000000002,0.0004909782849814158,0.3218116926094216,0.0003355150418160422,0.266787976882955
KXBILLSCOUNT-26JUL-0.0,7.0,0.08189999999999997,0.91,7.0,0.0004999999999999943,0.008799999999999999,0.00021478211229165547,0.20169836537456573,0.00019802722669863833,0.15881965748889515
KXBILLSCOUNT-26JUL-0.0,3.0,0.05640000000000005,0.94,3.0,0.0,0.0030000000000000053,9.893401462886333e-05,0.18650559940368205,0.00011052597288847978,0.10906088875682986
KXBRENTW-26AUG0717-T84.99,7.0,0.1824,0.76,6.0,9.99999999999999e-05,0.43010000000000004,0.00021176847259854757,0.2535101919162132,0.00012507016971222883,0.22747381255599958
KXBRENTW-26AUG0717-T84.99,3.0,0.2496,0.52,3.0,9.99999999999999e-05,0.3083,8.995324471757448e-05,0.27445052465441755,3.359298922039124e-05,0.25462953019450557
KXPAYROLLS-25SEP-T75000,30.0,0.24999999999999997,0.49999999999999994,30.0,0.0012,0.7308000000000001,0.0011242715180466178,0.4226638949333787,0.0008933763803457098,0.3299603734046967
KXPAYROLLS-25SEP-T75000,14.0,0.1875,0.25,14.0,0.0006000000000000006,0.6451000000000001,0.0004946369670369005,0.3068780311377456,0.00041045683992092894,0.2403542045647905
KXPAYROLLS-25SEP-T75000,7.0,0.1716,0.22,7.0,0.0003,0.6429000000000001,0.0002331809366361181,0.22584210935907428,0.00016144219171180442,0.21442700744522827
KXPAYROLLS-25SEP-T75000,3.0,0.19240000000000002,0.26,3.0,0.00019999999999999982,0.6416000000000002,7.90044958114228e-05,0.24213160835563535,4.604218594898433e-05,0.2274604641990345
KXCPICORE-25OCT-T0.0,3.0,0.1875,0.75,3.0,0.0,0.052900000000000016,7.803457033216422e-05,0.2278274491547549,6.081013211935687e-05,0.20488048863767477
KXNHLWEST-25-LAK,30.0,0.051975,0.055,30.0,0.0010249999999999994,0.75175,0.0011026740174196153,0.2366752022404709,0.0010385974919557043,0.22221651044706678
KXNHLWEST-25-LAK,14.0,0.1275,0.15,14.0,0.0004999999999999993,0.4584,0.0005426578435632064,0.2374895285476731,0.0003748898007616337,0.19243893965934575
KXNHLWEST-25-LAK,7.0,0.16000000000000003,0.2,7.0,9.999999999999963e-05,0.44329999999999997,0.0002366995440964885,0.2577596210033847,0.00016283210547187333,0.20449412733901134
KXNHLWEST-25-LAK,3.0,0.0979,0.11,3.0,0.0,0.4365,4.898710845394725e-05,0.12973498740207745,4.625306358996728e-05,0.12612373062579021
KXBRENTW-26JUL1017-T73.99,7.0,0.19240000000000002,0.26,6.0,0.0005999999999999989,0.22679999999999997,0.0001885301349257241,0.28681549253795197,0.00011178093871770143,0.21935037766779317
KXBRENTW-26JUL1017-T73.99,3.0,0.2016,0.28,3.0,0.00010000000000000018,0.22589999999999996,7.805642244474933e-05,0.25043580084633743,3.8823377537088646e-05,0.22144557158379055
KXESPYNBA-25-SHA,7.0,0.1476000000000001,0.8199999999999998,7.0,0.0005999999999999922,0.0084,0.00024955696515699453,0.2697894989334696,0.0001856931319690059,0.19944255126613591
KXESPYNBA-25-SHA,3.0,0.08189999999999997,0.91,3.0,0.0004999999999999943,0.004999999999999979,0.00011546603810886174,0.1915263143413872,6.15814564227212e-05,0.13496290087800053
KXTRUTHSOCIAL-26AUG15-B149,7.0,0.1411,0.17,6.0,0.00019999999999999925,0.029100000000000004,0.0002094668352406339,0.19601839602492135,0.000155719115049344,0.18500700616736945
KXTRUTHSOCIAL-26AUG15-B149,3.0,0.1824,0.24,3.0,0.0,0.026600000000000002,9.0173613641383e-05,0.23313925778487324,5.8715235378788274e-05,0.1984571749093737
KXNETFLIXRANKMOVIE-25NOV24-AME,7.0,0.0475,0.05,5.0,0.0,0.0017000000000000001,0.00012763395790644724,0.08728582519797097,0.00013783913863953982,0.093490095844545
KXAAAGASM-26APR30-4.20,30.0,0.1875,0.75,28.0,0.00019999999999999814,0.6819,0.0010325487567259429,0.3699069088564131,0.0007917592268126908,0.31857070107690255
KXAAAGASM-26APR30-4.20,14.0,0.21389999999999998,0.31,14.0,0.0,0.3083,0.0004896455404795718,0.33009708247786085,0.00036666782718920065,0.23595558957322013
KXAAAGASM-26APR30-4.20,7.0,0.1056,0.12,7.0,0.0,0.2888,0.00024615791669364167,0.16667739495677425,0.00019931569663585267,0.15585022767561785
KXAAAGASM-26APR30-4.20,3.0,0.2499,0.51,3.0,0.0,0.09050000000000004,8.684336607182434e-05,0.26575226401774565,4.780772163395243e-05,0.26357057529008043
U3-23NOV-T3.6,30.0,0.06509999999999996,0.93,31.0,0.0004499999999999974,0.001600000000000003,0.0010580130635316103,0.4032145254210643,0.0008383380727337127,0.27348279983374985
U3-23NOV-T3.6,7.0,0.04750000000000004,0.95,7.0,0.00010000000000000018,0.001600000000000003,0.0002398876098714796,0.15973394820324235,0.0002278840346192725,0.12335778583143903
U3-23NOV-T3.6,3.0,0.04750000000000004,0.95,3.0,0.00010000000000000018,0.001600000000000003,8.438885092347335e-05,0.12333740073859531,8.500567660079825e-05,0.10920367847488378
KXBTCMINY-27JAN01-80000.00,30.0,0.14110000000000003,0.83,29.0,0.0005000000000000009,0.06580000000000001,0.0010339721769053337,0.41542204332745913,0.0008372167819977333,0.28715959939157343
KXBTCMINY-27JAN01-80000.00,14.0,0.2244,0.66,14.0,0.00030000000000000057,0.05510000000000001,0.0005268998279259814,0.3340096834327611,0.0003327863500834416,0.27968166162742797
KXBTCMINY-27JAN01-80000.00,7.0,0.1971,0.73,7.0,0.00020000000000000036,0.046900000000000004,0.0002504230993128415,0.28866602638561,0.00016368808787674304,0.2317175953905624
KXBTCMINY-27JAN01-80000.00,3.0,0.1875,0.75,3.0,0.00010000000000000018,0.04099999999999997,8.51203085065129e-05,0.23481884275703976,5.741659868677434e-05,0.21236451230357417
KXAPRPOTUS-26JUL10-39.7,7.0,0.0475,0.05,6.0,0.0001,0.0010000000000000002,0.0001436326861824817,0.12259244865352606,0.00015136869970557314,0.10589572735246891
TNOTEW-24JUL05-B4.36,7.0,0.08597500000000001,0.095,6.0,0.00045,0.399875,0.00016462027611823687,0.15558282735116358,0.000136691311322688,0.12288580399513588
TNOTEW-24JUL05-B4.36,3.0,0.060775,0.065,3.0,0.0,0.399875,7.481255835677197e-05,0.09766280135034613,7.658421567768949e-05,0.09714602112719821
KXSHUTDOWNBY-26DEC31,30.0,0.2496,0.52,21.0,0.0004000000000000007,0.4029999999999999,0.0007751476137017238,0.3559056341102037,0.0005301512267590937,0.3140740524450948
KXSHUTDOWNBY-26DEC31,14.0,0.2356,0.62,14.0,0.0004000000000000007,0.38759999999999994,0.0005055997838945706,0.3844240009066329,0.0003164854179476198,0.2872017810646176
KXSHUTDOWNBY-26DEC31,7.0,0.2356,0.38,7.0,0.00020000000000000036,0.3457999999999999,0.00021152209042194176,0.30883321473948433,0.00011058535607029151,0.26683348075936425
KXSHUTDOWNBY-26DEC31,3.0,0.13440000000000002,0.84,3.0,0.0,0.13419999999999996,0.00010728114401327897,0.22586346361884238,6.11710060577006e-05,0.17385171016288808
KXGGFILMSUPACTR-26-ELL,30.0,0.0475,0.05,30.0,0.0017,0.004749999999999999,0.0009837567149838316,0.21478716804011458,0.000927574136235216,0.17682374836141285
KXCPICORE-25OCT-T0.3,30.0,0.1476,0.18,28.041666666666664,0.001599999999999999,0.30895000000000006,0.001119419112111338,0.3071535112601656,0.0009106592142195654,0.2549048011769282
KXCPICORE-25OCT-T0.3,14.0,0.1411,0.17,14.041666666666664,0.0003250000000000006,0.29862500000000003,0.0005502388040553555,0.23979807707763545,0.0004879036093474107,0.2249774438270788
KXCPICORE-25OCT-T0.3,7.0,0.09397500000000002,0.10500000000000001,7.0,0.0,0.2910750000000001,0.00020761802682424193,0.15951599446930143,0.00020408436725874668,0.15242872067195756
KXCPICORE-25OCT-T0.3,3.0,0.1056,0.12,3.0,0.0,0.0264,9.350286068001505e-05,0.15299417875792407,6.461071226168707e-05,0.12369630592069225
KXWTIW-26JUL2414-B80.50,7.0,0.0736,0.08,6.0,0.0002999999999999998,0.0039000000000000003,0.00013323962644489273,0.10954589576436126,0.00014779670266577922,0.12870071993309787
KXWTIW-26JUL2414-B80.50,3.0,0.0736,0.08,3.0,0.0001999999999999999,0.0026000000000000003,5.9216975522088724e-05,0.11359413497772891,4.3854082975403394e-05,0.11174934003318565
KXTOPMODEL-25JAN-GPT4OL1120,30.0,0.05639999999999999,0.06,29.0,0.001625,0.017225,0.00100128309983446,0.21189925958154043,0.0008571183853141133,0.20315322388753074
KXLAGODAYS-26AUG-0,30.0,0.06509999999999996,0.93,30.0,0.0010499999999999997,0.0009000000000000016,0.0010370769452433674,0.3448914447111909,0.0008138589119874431,0.2917788717281823
CPI-23MAY-T0.0,30.0,0.2379,0.61,30.0,0.0005000000000000042,0.1372000000000001,0.001136094352550031,0.3867246364583376,0.0008737703871083685,0.3152822428811701
CPI-23MAY-T0.0,14.0,0.15999999999999998,0.8,14.0,0.0001000000000000024,0.12710000000000007,0.000480791278716949,0.31031007897392165,0.00032724538972253066,0.24418612485102095
CPI-23MAY-T0.0,7.0,0.1875,0.75,7.0,0.0,0.10870000000000003,0.0002518028914252827,0.2609144085399607,0.0001379412581499139,0.22472315815726532
CPI-23MAY-T0.0,3.0,0.15999999999999998,0.8,3.0,0.0,0.09060000000000003,7.999470994576624e-05,0.2399333321375506,6.38114188975662e-05,0.20330837775151445
KXWTIW-26MAY2214-B103.50,7.0,0.0819,0.09,6.0,0.0001999999999999998,0.0059,0.00015686776100511137,0.14595068739035588,0.00012851735226238867,0.14604215609480936
KXWTIW-26MAY2214-B103.50,3.0,0.0651,0.07,3.0,9.99999999999999e-05,0.0034000000000000002,7.22694451707991e-05,0.10691778551879455,5.375683784463124e-05,0.10951255843763824
KXNBA2NDTEAM-26-KDUR,30.0,0.09789999999999999,0.89,30.0,0.0009499999999999961,0.07954999999999993,0.0009790435679239257,0.36015516001788667,0.000853131813281249,0.32479388376492907
KXNBA2NDTEAM-26-KDUR,14.0,0.060774999999999954,0.935,14.0,0.00042499999999999634,0.0029000000000000093,0.00042383920506478256,0.2512653868007677,0.00037917147592512454,0.1919435208855273
KXEMMYDSACTR-77-KAT,30.0,0.130975,0.155,30.0,0.0009000000000000013,0.4005749999999998,0.0011346908062562235,0.32550600629986287,0.0010716260866947456,0.25261333324992885
KXEMMYDSACTR-77-KAT,14.0,0.1476,0.18,14.0,0.00020000000000000036,0.39619999999999983,0.0005243593357011281,0.2540428975267634,0.00039645232406294905,0.22017125203628166
KXEMMYDSACTR-77-KAT,7.0,0.21,0.3,7.0,0.00010000000000000018,0.3857499999999998,0.00024344430127705416,0.2909539010155119,0.00016730007180926494,0.23485313530722077
KXEMMYDSACTR-77-KAT,3.0,0.21,0.3,3.0,0.00010000000000000018,0.3700999999999998,8.056352743366343e-05,0.2687623536943826,4.46701027596964e-05,0.22718766847137503
KXAPRPOTUS-26JUN19-39.4,7.0,0.05639999999999999,0.06,6.0,0.0001,0.0016999999999999995,0.00014978599080536225,0.10698022024989555,0.00014068799332238573,0.10785838699907994
KXNHL-26-TB,30.0,0.1275,0.15,30.0,0.0013000000000000006,0.017200000000000003,0.0012044666575446775,0.2642625066823279,0.001062274807281654,0.2489328778280266
KXNHL-26-TB,14.0,0.12040000000000001,0.14,14.0,0.0006000000000000008,0.017200000000000003,0.0005002520397565418,0.2217911583116993,0.00042360552583019164,0.16896888270518914
KXNHL-26-TB,7.0,0.0736,0.08,7.0,0.00020000000000000036,0.0102,0.0001918006607001004,0.13860405996424136,0.00018856450707291573,0.12231192387031634
KXNHL-26-TB,3.0,0.0475,0.05,3.0,0.0,0.0073,7.230000399286976e-05,0.0835585568279257,7.673835843560899e-05,0.09835882344471432
KXU3-25DEC-T4.7,14.0,0.0736,0.08,14.0,0.0009000000000000008,0.0045,0.0004250403513927327,0.18650195527053914,0.0003351260095760379,0.13727421094741193
KXU3-25DEC-T4.7,7.0,0.05639999999999999,0.06,7.0,0.0006000000000000005,0.0036,0.0001839681082796065,0.10435944582017365,0.00015757158228853443,0.11833600403382054
KXU3-25DEC-T4.7,3.0,0.0651,0.07,3.0,0.0003,0.0036,6.777516887026428e-05,0.10684427122464672,6.85985958205597e-05,0.09746241355775834
KXAAAGASW-26AUG24-4.180,7.0,0.0651,0.07,5.0,0.0008499999999999994,0.0036999999999999997,0.00011634460614229167,0.12774361869171733,0.00013338850127002925,0.115242751786407
KXBILLSCOUNT-26APR-6.0,30.0,0.12039999999999998,0.13999999999999999,29.0,0.00028199999999999964,0.4821820000000001,0.0011319695333884324,0.28957562494710587,0.0010017045006565997,0.2758165416805701
KXBILLSCOUNT-26APR-6.0,14.0,0.110871,0.127,14.0,6.149999999999987e-05,0.46986950000000005,0.0004934200482484954,0.22503626124526505,0.00044917671882977156,0.2182554984878742
KXBILLSCOUNT-26APR-6.0,7.0,0.063376,0.068,7.0,6.250000000000046e-06,0.46317625000000007,0.00020935392329997262,0.11985808765401108,0.00020146075107897897,0.09574731811154948
KXBILLSCOUNT-26APR-6.0,3.0,0.1056,0.12,3.0,0.0,0.4572260000000001,9.062671629778779e-05,0.14452530586354523,9.041721449838582e-05,0.1301948249578011
SNOWNYM-24JAN-T2,30.0,0.24,0.6,30.0,0.0010000000000000085,0.13689999999999997,0.001174076330851282,0.4297151104433927,0.0008293574227401912,0.3491745069304409
SNOWNYM-24JAN-T2,14.0,0.04750000000000004,0.95,14.0,0.0007000000000000034,0.0001000000000000024,0.00042618603110878824,0.24465201397808378,0.0003724280414714676,0.1919770508249524
KXETHMAXMON-ETH-26AUG31-275000,7.0,0.1824,0.24,7.0,0.0,0.03820000000000001,0.00022695252424926595,0.2627343173933115,0.0001716553070245557,0.22404666052999767
KXETHMAXMON-ETH-26AUG31-275000,3.0,0.0979,0.11,3.0,0.0,0.0073,5.3971279761392785e-05,0.1444228544172061,5.456630452781297e-05,0.13804831032127918
KXEUROVISIONJURY-26-DEN,30.0,0.060775,0.065,30.0,0.002349999999999998,0.02937500000000001,0.0010312372830006658,0.24050161190213745,0.0009612270554883997,0.21290206527496736
KXEUROVISIONJURY-26-DEN,14.0,0.1716,0.22,14.0,0.001599999999999998,0.017200000000000003,0.0005045972366858013,0.2671709650149498,0.00037892121846728994,0.25317513791258006
KXEUROVISIONJURY-26-DEN,7.0,0.19240000000000002,0.26,7.0,0.0007999999999999992,0.015600000000000003,0.00022052949532557623,0.2783009493646896,0.0001468616564723317,0.22756725377805814
KXEUROVISIONJURY-26-DEN,3.0,0.1716,0.22,3.0,0.0003999999999999996,0.015200000000000002,9.484632858205967e-05,0.2436610004653406,4.8687218546598424e-05,0.1959959237607739
KXUCLTOP-26-BMU,30.0,0.2211,0.33,30.0,0.00040000000000000013,0.6402499999999995,0.0011773474818260017,0.38950977850976765,0.0008615563799669945,0.3123358716946026
KXUCLTOP-26-BMU,14.0,0.1971,0.27,14.0,0.00019999999999999982,0.079,0.0005541050391776771,0.2833206233566557,0.0003560591567388481,0.2597685948920732
KXUCLTOP-26-BMU,7.0,0.0819,0.09,7.0,9.99999999999999e-05,0.0033,0.00017582869273150608,0.14175433278683047,0.00016628911469737626,0.13740455195818765
KXXRPMAXMON-XRP-26AUG31-190,14.0,0.05639999999999999,0.06,10.0,0.0002000000000000001,0.08839999999999999,0.0002910745151485171,0.1199963842621813,0.0002729191209931915,0.14484507541185812
KXXRPMAXMON-XRP-26AUG31-190,7.0,0.1476,0.18,7.0,0.0002000000000000001,0.0114,0.00024482421919819474,0.24230698136649934,0.00013524347626420543,0.18063034614343917
KXXRPMAXMON-XRP-26AUG31-190,3.0,0.0475,0.05,3.0,0.0,0.0017000000000000001,6.281492163910199e-05,0.10063644602838885,6.555645862721209e-05,0.08916998017482027
KXEOWEEK-26MAY30-2,30.0,0.051975,0.05499999999999999,19.0,0.00030000000000000003,0.099125,0.0005962293956065972,0.1603031517902861,0.0005689961459096775,0.16328107839896006
KXEOWEEK-26MAY30-2,14.0,0.1131,0.13,14.0,0.00030000000000000003,0.041100000000000005,0.0005089194168629949,0.20755239717963048,0.00044278842651189286,0.1918943432349089
KXMARMADROUND-26RO32-UK,30.0,0.2331,0.63,29.958333333333336,0.0003500000000000006,0.4284,0.0011580827806381825,0.4187268183294785,0.0008521036335626653,0.3191273589972826
KXMARMADROUND-26RO32-UK,14.0,0.2379,0.61,13.958333333333336,0.00020000000000000036,0.21994999999999998,0.0004984869307142569,0.3471837957711923,0.00034511039177691737,0.2871165791623563
KXMARMADROUND-26RO32-UK,7.0,0.22110000000000002,0.6699999999999999,7.0,0.00010000000000000018,0.18100000000000002,0.00022451109797770716,0.28840393738107906,0.000149025622488564,0.24959393688367362
KXMARMADROUND-26RO32-UK,3.0,0.2356,0.62,3.0,0.00010000000000000018,0.16850000000000004,0.0001005100842981501,0.2650638026918602,5.1130325981862916e-05,0.25224589847561707
KXCRITICSCOMEDYACTO-26-SET,30.0,0.15999999999999998,0.8,27.0,0.0009250000000000049,0.09627499999999996,0.0009362061452310949,0.3333963213469495,0.0007453654035430323,0.2923330392277265
KXCRITICSCOMEDYACTO-26-SET,14.0,0.2331,0.63,14.0,0.000500000000000003,0.07999999999999997,0.0005303539880448911,0.33756392878120756,0.00032462413208829514,0.2847323171825099
KXCRITICSCOMEDYACTO-26-SET,7.0,0.2139,0.69,7.0,0.00030000000000000057,0.045199999999999955,0.0002161800939041488,0.3226298102369391,0.0001376461221590725,0.24086771393793488
KXCRITICSCOMEDYACTO-26-SET,3.0,0.15999999999999998,0.8,3.0,0.00020000000000000036,0.03619999999999994,0.0001153173445888761,0.2559298126860395,5.388967906799246e-05,0.1973888058057554
KXXRPMAXMON-XRP-26MAY31-160,30.0,0.2244,0.34,29.0,0.0013999999999999996,0.1558,0.0011083130218686804,0.4014963511731453,0.0008262143710043777,0.289423678609191
KXXRPMAXMON-XRP-26MAY31-160,14.0,0.19240000000000002,0.26,14.0,0.0011999999999999992,0.022000000000000006,0.0005144692508621715,0.30158734867269515,0.0003764072047202449,0.24271430160259871
KXXRPMAXMON-XRP-26MAY31-160,7.0,0.0651,0.07,7.0,0.0005999999999999998,0.0045,0.00018931777323400348,0.13297938844362164,0.0001710071510777838,0.11027644550187571
KXCHISNOWM-26FEB-4.0,30.0,0.1476000000000001,0.8199999999999998,30.0,0.00020000000000000036,0.13999999999999996,0.0010938339748571815,0.3928084337637309,0.000842752549638589,0.29407493344328617
KXCHISNOWM-26FEB-4.0,14.0,0.2211,0.33,14.0,0.0,0.06789999999999999,0.0005165577774307904,0.30410516647985014,0.00034219622258267594,0.25940908154868897
KXCHISNOWM-26FEB-4.0,7.0,0.20589999999999997,0.29,7.0,0.0,0.018699999999999998,0.00022200858799344665,0.27473250602863536,0.00017755197725025172,0.22338840784536543
KXCHISNOWM-26FEB-4.0,3.0,0.0475,0.05,3.0,0.0,0.0017000000000000001,6.766684470009835e-05,0.09286845026771491,6.768467145884469e-05,0.10116324653831142
KXWTIW-26JUL2414-B84.50,7.0,0.0475,0.05,6.0,0.0,0.013700000000000002,0.00016803473396845826,0.1027958551738946,0.0001487556340055684,0.10199578692577863
KXWTIW-26JUL2414-B84.50,3.0,0.0651,0.07,3.0,0.0,0.013300000000000003,6.376427875862117e-05,0.08240683772219956,5.9609845231375624e-05,0.08630528183939745
KXCANNESPALMEDOR-25-SIR,3.0,0.0475,0.05,3.0,9.99999999999999e-05,0.006199999999999999,7.118155282643537e-05,0.10160706459535725,5.8612639939240874e-05,0.08758049545795035
TNOTEW-24MAY24-B4.45,7.0,0.05639999999999999,0.06,6.0,0.0002000000000000001,0.9687499999999998,0.00015993174758743408,0.10964870735572653,0.00013288246447194126,0.12546932563983762
TNOTEW-24MAY24-B4.45,3.0,0.0736,0.08,4.0,0.0,0.9687499999999998,8.637961413496803e-05,0.1326243331359519,7.637463182194388e-05,0.13099864447288237
U3-24APR-T3.6,30.0,0.1875,0.75,29.0,0.0007749999999999914,0.04422500000000004,0.0010624043903763912,0.3869307845931158,0.0007921471686241696,0.3154532226436173
U3-24APR-T3.6,14.0,0.1056,0.88,12.0,0.0005499999999999898,0.020499999999999997,0.00036767693448095675,0.25170298189994683,0.0002937201182760736,0.21149670782866092
U3-24APR-T3.6,7.0,0.1056,0.88,7.0,0.0004999999999999898,0.020499999999999997,0.00026175641563873955,0.1965869056314343,0.00018799862268255383,0.184839736548777
U3-24APR-T3.6,3.0,0.1056,0.88,3.0,0.0004999999999999898,0.020499999999999997,9.041604264773336e-05,0.18288105202898483,9.132262335627886e-05,0.14923435144937958
KXMUSKNW-26JUL31-T1150,30.0,0.21,0.3,29.0,0.0007750000000000001,0.04712499999999999,0.0010689310914777542,0.36778026488172555,0.0008646947546883961,0.27470516744646184
TNOTEW-24MAY17-B4.31,3.0,0.051975,0.055,3.0,2.4999999999999974e-05,0.3524,0.00017262547568312078,0.10534574275859847,0.00016153668331816474,0.09918838281838221
CPICOREYOY-23AUG-T4.3,30.0,0.244375,0.42500000000000004,30.0,0.001549999999999991,0.2975250000000001,0.0011393682368505758,0.4065862708111842,0.0009024437420975393,0.3211128747669437
CPICOREYOY-23AUG-T4.3,14.0,0.244375,0.575,14.0,0.0006749999999999923,0.28980000000000006,0.0005009651844286431,0.3504901871638414,0.000314853697151512,0.28407384066796865
CPICOREYOY-23AUG-T4.3,7.0,0.2475,0.5499999999999999,7.0,0.0006499999999999934,0.28940000000000005,0.00023749712476153976,0.29380093596965956,0.00011753769043648866,0.2860759128924
CPICOREYOY-23AUG-T4.3,3.0,0.2475,0.5499999999999999,3.0,9.999999999999796e-05,0.28940000000000005,7.845203337738456e-05,0.2762232744825018,4.373544479586758e-05,0.25875705069757415
KXRANKLISTSONGSPOTUSA-26MAY01-BTS,30.0,0.20589999999999997,0.29,30.0,0.0015999999999999994,0.0797,0.0011471629083750453,0.36454818008500384,0.0009251091858672089,0.2910588709136853
HMONTH-24MAR,30.0,0.24937499999999999,0.475,29.958333333333332,0.0005999999999999989,0.39612499999999995,0.0011058971830957475,0.40596500383451883,0.0008393289282901617,0.34915179065224367
HMONTH-24MAR,14.0,0.2484,0.54,13.999999999999998,0.0005999999999999989,0.37120000000000003,0.00048223620319390456,0.35553092831996863,0.00030443801289232574,0.2912160187369866
HMONTH-24MAR,7.0,0.2496,0.52,7.0,0.00010000000000000018,0.30910000000000004,0.00023056133296220347,0.2896200587036875,0.0001145892801525092,0.26818492051740556
HMONTH-24MAR,3.0,0.2491,0.53,3.0,0.0,0.29050000000000004,8.017874796337887e-05,0.27999281084846267,4.0526113611225074e-05,0.2600721593060222
VAXX-21OCT04-T215,7.0,0.21000000000000002,0.7,5.0,0.00010000000000000018,0.05049999999999997,0.0001512093444079886,0.2976795898595798,7.499429252006281e-05,0.24164210504679928
VAXX-21OCT04-T215,3.0,0.1476000000000001,0.8199999999999998,3.0,0.00010000000000000018,0.023300000000000043,0.00013429525969657117,0.19621695124034141,6.99849020216739e-05,0.17889028900438947
KXALBUMEQUIV-XPE26JUL09-60K,30.0,0.249975,0.495,22.0,0.0003999999999999996,0.29047500000000004,0.0008072872593630035,0.37306457737081244,0.000574846049235846,0.30758476695294706
KXALBUMEQUIV-XPE26JUL09-60K,14.0,0.2499,0.49,14.0,0.0003999999999999996,0.20315000000000005,0.00048271197260228596,0.338524716785233,0.00032448491750132935,0.29208672329053903
KXALBUMEQUIV-XPE26JUL09-60K,7.0,0.24,0.4,7.0,0.0003999999999999996,0.07665000000000001,0.00025287904688677155,0.29041196773233746,0.00013243214097390083,0.27690058329779255
KXOSCARINTLFILM-25-ISH,30.0,0.2499,0.49,30.0,0.0010999999999999942,0.1973999999999999,0.0011271761951897508,0.4172518549348842,0.0008280950325117238,0.31021666851209667
KXOSCARINTLFILM-25-ISH,14.0,0.2331,0.37,14.0,0.0003999999999999963,0.1600999999999999,0.0005370123680140112,0.32666113676624176,0.00035134872401398816,0.2766146190295276
KXOSCARINTLFILM-25-ISH,7.0,0.2451,0.57,7.0,0.0002999999999999961,0.1245999999999999,0.0002187607833382854,0.32933736760013815,0.00010932763922417077,0.27043352581259406
KXOSCARINTLFILM-25-ISH,3.0,0.2379,0.61,3.0,0.00010000000000000018,0.1229999999999999,9.819866106646642e-05,0.2749901133440239,3.3015104943948295e-05,0.24881543649014573
KXWTIW-26MAY08-B103.5,7.0,0.0819,0.09,6.0,0.0004999999999999999,0.004999999999999999,0.0001570529744206595,0.12725228805869018,0.0001382477455196576,0.14063659445744034
KXAAAGASW-26MAY04-4.280,7.0,0.22749999999999998,0.65,5.0,0.00042499999999999857,0.053024999999999975,0.00015142503928632534,0.30065669907045184,8.13447116609291e-05,0.2709750527705071
KXINDY500-25-MAN,14.0,0.156975,0.195,14.0,0.000225,0.1624,0.00048581716505172575,0.27871977517454194,0.0003925698385458365,0.21567620553721692
KXINDY500-25-MAN,7.0,0.156975,0.195,7.0,0.0,0.034325,0.00026798246972450137,0.2552681782646505,0.00015737317282518392,0.20452528139844994
KXBTCMAXM-AUG25-AUG01-129999.99,30.0,0.249975,0.505,30.0,0.0017249999999999995,0.15625,0.0011146239977914316,0.43152117489284625,0.0008230667003538836,0.33238018220301874
KXBTCMAXM-AUG25-AUG01-129999.99,14.0,0.2176,0.32,14.0,0.0014999999999999994,0.022700000000000005,0.0004985249740647781,0.2998670910424757,0.0003180737567690838,0.25928305404251806
KXMASTERS-25-SS,30.0,0.1411,0.17,30.000000000000004,0.0013999999999999998,0.06269999999999999,0.0011230646085245706,0.3170216531980678,0.0011020375711078096,0.24030216106384303
KXMASTERS-25-SS,14.0,0.1275,0.15,14.0,0.0004,0.05789999999999999,0.0004996603684920209,0.20975654166915966,0.00042962583007848755,0.20581298213483684
KXMASTERS-25-SS,7.0,0.1476,0.18,7.0,0.0004,0.056999999999999995,0.00023806371009894674,0.2182150645600734,0.00017407090128060285,0.1830357620944858
KXMASTERS-25-SS,3.0,0.21,0.3,3.0,0.0001,0.040100000000000004,8.222694601247617e-05,0.24357682274730422,4.6501696217330045e-05,0.22989980162351437
KXLEADERUCLGOALS-26-HKAN,30.0,0.1875,0.25,29.999999999999993,0.0008000000000000013,0.3891,0.0010773940692633901,0.399703942637166,0.0009802445383565494,0.26778710788728477
KXLEADERUCLGOALS-26-HKAN,14.0,0.2379,0.39,13.999999999999993,0.0007000000000000013,0.10500000000000001,0.0005228894159344384,0.33769606155770776,0.0003467481236675965,0.2768447091451115
KXLEADERUCLGOALS-26-HKAN,7.0,0.2356,0.38,7.0,0.00020000000000000036,0.10500000000000001,0.00023282832991689738,0.28926108302022796,0.00011672422362845307,0.27244971994931105
KXLEADERUCLGOALS-26-HKAN,3.0,0.2379,0.39,3.0,0.00010000000000000018,0.10500000000000001,8.55261491413363e-05,0.27328032432298804,5.1891851665679205e-05,0.24625268506424491
KXXRPMAXMON-XRP-26APR30-180,14.0,0.09000000000000001,0.1,14.0,0.0011000000000000005,0.0026999999999999997,0.00044124341170466625,0.21124292610521678,0.00034848529930644063,0.1920847092105075
KXAAAGASM-26JUL31-4.10,30.0,0.05639999999999999,0.06,29.0,0.0006499999999999982,0.517,0.000940546369442658,0.24976372713946077,0.0008953055489754519,0.20176854634151845
KXAAAGASM-26JUL31-4.10,14.0,0.24639999999999998,0.56,14.0,0.0002999999999999983,0.27770000000000006,0.0004902113017588343,0.3692348628486832,0.00031569399970069655,0.28077430171198214
KXAAAGASM-26JUL31-4.10,3.0,0.17709999999999998,0.77,3.0,0.00010000000000000018,0.19760000000000003,0.00010269206005312087,0.24249890083103856,6.24786968030584e-05,0.20133752598170213
KXOSCARSPLAY-26-MAR,30.0,0.0819,0.09,29.958333333333343,0.002299999999999999,0.002,0.00102827458157431,0.25203484004660226,0.0009277012114943772,0.23271545313941178
KXOSCARSPLAY-26-MAR,14.0,0.05639999999999999,0.06,13.958333333333343,0.001,0.0016,0.0003919443986756342,0.16306656502385208,0.0004017742310360187,0.14549459449205643
KXBTCMAXMON-BTC-26JUN30-8000000,30.0,0.1539,0.19,28.0,0.0013499999999999996,0.011000000000000001,0.0009799960396315417,0.33762938549090277,0.0008754983412107227,0.26227387982185335
KXH200MAX-26DEC31-2.190,30.0,0.1971,0.73,25.0,0.00024999999999999935,0.15000000000000005,0.000963891185405956,0.3932929302677542,0.0006548365043661131,0.30848720222802467
KXH200MAX-26DEC31-2.190,14.0,0.2484,0.5399999999999999,14.0,2.5000000000000045e-05,0.10937500000000006,0.0004460081275397598,0.32059251788532633,0.00031768261314183365,0.2945572584789114
KXH200MAX-26DEC31-2.190,7.0,0.249975,0.505,9.0,2.5000000000000045e-05,0.10815000000000007,0.00029389336884327226,0.3254870942934669,0.00014908450487175924,0.27867681858376153
KXH200MAX-26DEC31-2.190,3.0,0.1538999999999999,0.8100000000000002,3.0,2.5000000000000045e-05,0.015124999999999974,8.166425708967656e-05,0.2338311653859665,6.165881268889818e-05,0.18184942888640282
KXOSCARNOMPIC-26-TRA,30.0,0.1971,0.73,30.0,0.0027999999999999787,0.040499999999999946,0.0011526926271856867,0.4251136059806596,0.0008845347593400129,0.3069102250653774
KXOSCARNOMPIC-26-TRA,14.0,0.15999999999999998,0.8,14.0,0.001999999999999977,0.03699999999999994,0.0005123944427934465,0.2891173195740208,0.0003861983069139442,0.23592334814773216
KXOSCARNOMPIC-26-TRA,7.0,0.15999999999999998,0.8,7.0,0.0009999999999999883,0.03619999999999994,0.00022435877687557385,0.2687808147166106,0.00015638794557721518,0.22105792330004967
KXOSCARNOMPIC-26-TRA,3.0,0.1476000000000001,0.8199999999999998,3.0,0.00039999999999999183,0.03619999999999994,0.00010814289187689582,0.2221986818571623,6.902489654751572e-05,0.18909058945698248
KXNFLNFCWEST-25-SF,30.0,0.1344,0.16,30.00000000000003,0.001200000000000001,0.24840000000000004,0.001223750877308353,0.3045336007061778,0.0010226403742425413,0.2565502082695723
KXNFLNFCWEST-25-SF,14.0,0.1875,0.25,14.0,0.00030000000000000057,0.23420000000000005,0.000521600814308677,0.2996413307147826,0.0003794985910452561,0.25039937849332383
KXNFLNFCWEST-25-SF,7.0,0.2244,0.34,7.0,0.00010000000000000018,0.2209,0.0002401332030219202,0.30322961871481374,0.00012861367033414176,0.25684227473787863
KXNFLNFCWEST-25-SF,3.0,0.2499,0.49,3.0,0.0,0.19530000000000003,7.034209394869714e-05,0.28111777732244275,4.122744048562809e-05,0.26003837799847795
KXTORNADO-25APR-350,30.0,0.2244,0.66,26.0,0.0005999999999999983,0.53245,0.0009837312814961008,0.38677348931806904,0.0007272045878692813,0.30061712958322934
KXTORNADO-25APR-350,14.0,0.20589999999999997,0.29,14.0,0.0004999999999999993,0.1434,0.0005088677699283034,0.30334681205054853,0.00038429366748390746,0.2600679773870087
KXTORNADO-25APR-350,7.0,0.1275,0.15,7.0,0.0003999999999999996,0.12990000000000002,0.00023950737685089562,0.17143151787656075,0.00017109750985861636,0.16686674464838303
KXTORNADO-25APR-350,3.0,0.2496,0.48,3.0,0.0,0.0646,9.119548473019054e-05,0.26565148945011224,5.144873360775598e-05,0.2576357298085642
KXH100MAX-26DEC31-1.880,30.0,0.1875,0.75,24.0,9.999999999999907e-05,0.2811,0.000860378102150072,0.4124743865384145,0.0006621696737762338,0.28343224551772295
KXH100MAX-26DEC31-1.880,14.0,0.248775,0.5349999999999999,14.0,2.5000000000000045e-05,0.24564999999999998,0.0005035126292204831,0.3240274037077346,0.0002979945982846767,0.2950735993652547
KXH100MAX-26DEC31-1.880,7.0,0.249975,0.505,8.0,0.0,0.245025,0.0002393772704007409,0.32295898150581465,0.00013019991057701402,0.284101990180351
KXH100MAX-26DEC31-1.880,3.0,0.249975,0.505,2.0,0.0,0.245025,5.310818902171748e-05,0.26904271624302223,2.6868680013668514e-05,0.2523632649647164
KXNFLWINS-CHI-25B-T12,30.0,0.16000000000000003,0.2,30.0,0.0017499999999999964,0.9714,0.0011939799622921435,0.3266290573024822,0.0009659964144605717,0.27164915783264043
KXNFLWINS-CHI-25B-T12,14.0,0.238975,0.395,14.0,0.0015999999999999964,0.552425,0.0005513744919785555,0.31560979056254657,0.0003402388449250893,0.28824351123339537
KXNFLWINS-CHI-25B-T12,7.0,0.20589999999999997,0.29,7.0,0.0011999999999999969,0.06770000000000001,0.0002464959126063667,0.2670469022024919,0.00013442711381011127,0.22909772240523624
KXNFLWINS-CHI-25B-T12,3.0,0.1971,0.27,3.0,0.0007999999999999984,0.06770000000000001,8.941647267998131e-05,0.24799419525283412,6.254048138509897e-05,0.21380355033660303
KXYTVIEWSHIGH-ARI26SEP-25.0M,30.0,0.22749999999999998,0.35,30.0,0.0010500000000000002,0.07885,0.0011625231220229312,0.3740212899832943,0.0008925123760106774,0.32326595469447933
KXYTVIEWSHIGH-ARI26SEP-25.0M,14.0,0.0651,0.07,14.0,0.0007750000000000002,0.0007249999999999997,0.0004251631729666694,0.18737431259264056,0.0004118589583185674,0.1484846389443321
KXEOWEEK-26MAR21-1,7.0,0.2379,0.61,7.0,0.0,0.31729999999999975,0.00022026709668576032,0.29954688456442,0.0001214259690251162,0.2659244274491782
KXMLBALCENT-25-CLE,7.0,0.2436,0.42,7.0,0.0,0.3263999999999999,0.00020180166142555494,0.28391515076669605,0.00012785926490482553,0.27173502475192124
KXMLBALCENT-25-CLE,3.0,0.21000000000000002,0.7,3.0,0.0,0.03459999999999998,9.287785889277588e-05,0.2456243947087358,3.438760769309491e-05,0.22761303369080474
KXBTCMAXMON-BTC-26JAN31-95000,7.0,0.1056,0.88,7.0,0.00010000000000000018,0.1881,0.00019024489279951387,0.20181040551839055,0.0002099498670041803,0.16992063590663797
KXBTCMAXMON-BTC-26JAN31-95000,3.0,0.2379,0.61,3.0,0.0,0.1367,8.479142782487509e-05,0.26902216716619926,4.132560876095147e-05,0.2517080535016884
KXCPIYOY-25MAY-T2.2,30.0,0.17977500000000005,0.7649999999999999,30.0,0.0023499999999999598,0.016024999999999977,0.0011254231649366652,0.4028279141732807,0.0008387629170113483,0.3173416481564049
KXCPIYOY-25MAY-T2.2,14.0,0.056400000000000144,0.9399999999999998,14.0,0.0011999999999999867,0.006999999999999985,0.00035914101206921986,0.26032735182943445,0.00038865060837895495,0.18878115962111436
KXCPIYOY-25MAY-T2.2,7.0,0.056400000000000144,0.9399999999999998,7.0,0.0003999999999999963,0.006999999999999985,0.0002048216532285298,0.16136221050473998,0.00020082224808671867,0.1277328185689426
KXCPIYOY-25MAY-T2.2,3.0,0.09789999999999999,0.89,3.0,0.0,0.004300000000000001,0.0001005605943810091,0.20317835389452374,8.786218264385054e-05,0.13883483248204942
KXNBACLUTCH-26-CCUN,30.0,0.0651,0.07,30.0,0.0011999999999999997,0.0017000000000000008,0.0009724631099747202,0.24674494472393285,0.0009194975421387563,0.18930123297495513
KXYTVIEWSW-TAY26AUG23-15.9M,7.0,0.2499,0.49,6.0,0.00010000000000000005,0.21784999999999996,0.00018378887554693337,0.30677870375997507,0.00010857078685269764,0.2660631037314991
KXYTVIEWSW-TAY26AUG23-15.9M,3.0,0.0475,0.05,3.0,0.00010000000000000005,0.001,6.996516422287091e-05,0.08037289673319274,7.52705651412507e-05,0.10801116127094973
KXA100MAX-26DEC31-0.340,14.0,0.2484,0.5399999999999999,14.0,5.0000000000000646e-05,0.24625,0.0005061296671074138,0.35933670074165713,0.00030630568346818313,0.2861523955991223
KXA100MAX-26DEC31-0.340,7.0,0.249975,0.505,8.0,0.0,0.245025,0.0002721348114553637,0.3203249248199114,0.00011779497652832668,0.2790387827287122
KXA100MAX-26DEC31-0.340,3.0,0.249975,0.505,4.0,0.0,0.245025,0.00011897986773066305,0.2819593796562379,6.462118216001498e-05,0.26309579117781856
KXPERFORMGRAMMYS-26-KEN,30.0,0.2499,0.49,30.0,0.0006250000000000011,1.0535750000000002,0.0011235904056989675,0.4070501732249206,0.0008553444316774689,0.32583428156939975
KXPERFORMGRAMMYS-26-KEN,14.0,0.16000000000000003,0.2,14.0,0.00010000000000000018,0.20550000000000002,0.0005259777926128833,0.2828382250472331,0.0003604273499034373,0.2276861698583411
KXPERFORMGRAMMYS-26-KEN,7.0,0.2436,0.42,7.0,0.00010000000000000018,0.15470000000000006,0.00021899672771425697,0.30410338550802707,0.00011761889595413674,0.2687342743457434
KXPERFORMGRAMMYS-26-KEN,3.0,0.2356,0.38,3.0,0.00010000000000000018,0.0649,8.243189229679595e-05,0.2607326972836491,3.648084634865101e-05,0.24523934025454971
OSCARNOMPIC-25-ARP,30.0,0.2379,0.61,30.0,0.0009249999999999972,0.272425,0.0011835224692511347,0.39006205440080277,0.0008436569393066598,0.32480902378993476
OSCARNOMPIC-25-ARP,14.0,0.2496,0.52,14.0,0.000799999999999997,0.2612,0.0004647494216697089,0.3292348892489922,0.0003301780871169389,0.2927995969159908
OSCARNOMPIC-25-ARP,7.0,0.2211,0.67,7.0,0.0005999999999999966,0.24389999999999998,0.0002470826036108955,0.2907980156953576,0.00014147458372392946,0.2613881500765709
OSCARNOMPIC-25-ARP,3.0,0.2244,0.66,3.0,0.0004999999999999964,0.24209999999999998,7.699232640048242e-05,0.27190878809989694,4.274740735040077e-05,0.24503815707681442
KXGRAMSOTY-67-DWAS,30.0,0.1056,0.12,30.0,0.0012499999999999994,0.007100000000000001,0.001091065053489148,0.2769683481124967,0.0009658555106351614,0.23157973721669442
KXGRAMSOTY-67-DWAS,14.0,0.0819,0.09,14.0,0.0006,0.006300000000000001,0.00042721984100338846,0.19626759031343927,0.0003907540003746211,0.18050984387274163
KXGRAMSOTY-67-DWAS,7.0,0.0979,0.11,7.0,0.0001999999999999998,0.005900000000000001,0.00017857266681623767,0.172745065020422,0.00014748214051136176,0.16389731248987816
KXGRAMSOTY-67-DWAS,3.0,0.0979,0.11,3.0,0.0,0.005900000000000001,5.497544795254015e-05,0.13386204865057272,4.808948975811007e-05,0.12420100506896148
KXRAINNYCM-26JUN-1,30.0,0.07360000000000005,0.9199999999999999,30.0,0.00012500000000001133,0.065725,0.0009671554729980625,0.33089619388133484,0.0008435627092216035,0.28756571846580475
KXTOPMODEL-26JUL20-CLAUT,7.0,0.12040000000000001,0.86,6.0,0.0,0.0074000000000000055,0.0002561662353344544,0.2177048069307506,0.00014677365340585942,0.18707600474077457
KXAPRPOTUS-26JUN12-39.7,7.0,0.09000000000000001,0.1,6.0,0.0007999999999999992,0.019800000000000005,0.00014847147357149624,0.14625588369167855,0.00014451872932199069,0.1520015950581198
KXAPRPOTUS-26JUN12-39.7,3.0,0.1344,0.16,3.0,0.0003999999999999996,0.018200000000000004,7.056549402564304e-05,0.20041678583298725,6.784368347421573e-05,0.17583711600150853
KXNETFLIXRANKSHOWGLOBAL-26FEB16-THE,7.0,0.21,0.3,5.0,0.0,0.19840000000000002,0.00015451738846560613,0.27346133005750595,0.00010785694603908598,0.23308923492958314
KXNETFLIXRANKSHOWGLOBAL-26FEB16-THE,3.0,0.17709999999999998,0.77,3.0,0.0,0.06150000000000001,8.833175723780277e-05,0.22621114574270373,5.631079271706479e-05,0.21058826259385313
KXUCLRO8-26-BOG,30.0,0.1875,0.25,29.958333333333343,0.0008999999999999994,1.2165,0.001147761388208278,0.3524398258129601,0.0009266201257042307,0.26857339787148765
KXUCLRO8-26-BOG,14.0,0.2304,0.36,13.958333333333343,0.0004999999999999987,1.0525499999999999,0.00045818387330383596,0.3320598049400745,0.00030838493552045703,0.28001073882484645
KXUCLRO8-26-BOG,7.0,0.22749999999999998,0.35,7.0,0.00010000000000000018,1.0426,0.00021811651781083,0.2847083608990839,0.00014085775322420632,0.24422038194989162
KXUCLRO8-26-BOG,3.0,0.13440000000000002,0.84,3.0,0.0,0.7063999999999999,0.000100562098409791,0.212568746159566,7.025848428492126e-05,0.17143318817572728
KXNFLWINS-KC-25B-T8,30.0,0.11310000000000009,0.8699999999999999,30.0,0.0008999999999999915,0.6987999999999995,0.0010039783731949656,0.3794246920547174,0.000849860759167015,0.29918092883503716
KXNFLWINS-KC-25B-T8,14.0,0.2304,0.64,14.0,0.0006,0.37320000000000003,0.0005006272678828208,0.3414643068997307,0.0003109925579686629,0.2795808818614909
KXNFLWINS-KC-25B-T8,7.0,0.1131,0.13,7.0,0.0004999999999999998,0.0426,0.0002730538335822714,0.17108893095310543,0.00019093057485620804,0.17374034855562073
KXNFLWINS-KC-25B-T8,3.0,0.1539,0.19,3.0,0.0003999999999999996,0.0257,8.151972820070283e-05,0.22486677341127645,6.686091472616295e-05,0.19546539841132612
KXSB-26-SEA,30.0,0.16000000000000003,0.2,30.0,0.0015999999999999957,0.2162,0.001078708651014604,0.30881343993586385,0.0009848952800889962,0.26953939196739
KXSB-26-SEA,14.0,0.2356,0.38,14.0,0.0007999999999999948,0.1924,0.0005348634477322883,0.3137246622182272,0.000336743508705044,0.2732297602079591
KXSB-26-SEA,7.0,0.2176,0.68,7.0,0.0005999999999999944,0.10239999999999996,0.00023096602474365332,0.28948245821689556,0.00013157576179590185,0.24811009862269912
KXSB-26-SEA,3.0,0.2211,0.67,3.0,0.0004999999999999943,0.10239999999999996,7.662228805119378e-05,0.2328798497428744,3.4805072024161e-05,0.24150023718504834
KXOSCARNOMACTO-26-WAG,30.0,0.0899999999999999,0.9000000000000001,30.0,0.0013000000000000025,0.029699999999999914,0.0009898595302840277,0.38121436146016713,0.0008376622329161927,0.29381996652895476
KXOSCARNOMACTO-26-WAG,14.0,0.13440000000000002,0.84,14.0,0.0006000000000000033,0.022199999999999963,0.0005018222575555556,0.2833358917654237,0.00035818379459526636,0.2564837738647902
KXOSCARNOMACTO-26-WAG,7.0,0.07360000000000005,0.9199999999999999,7.0,0.0005000000000000009,0.009099999999999973,0.00022424911035297875,0.19167591222993985,0.00021987799038281484,0.1584109686388847
KXOSCARNOMACTO-26-WAG,3.0,0.1056,0.88,3.0,0.0001000000000000024,0.009099999999999973,0.00010976818676337427,0.17378104873905215,7.376797096864835e-05,0.15163186584725363
KXMARMADROUND-26S16-FUR,30.0,0.1344,0.16,33.958333333333336,0.0007250000000000001,0.100725,0.0012520977855211318,0.33380650432882075,0.0010982064793291064,0.23594635864376604
KXNETFLIXRANKMOVIE-26JUN29-VOI,7.0,0.0899999999999999,0.9000000000000001,5.0,0.0,0.07600000000000004,0.00016789777370055335,0.19456841445446055,0.000151906264503473,0.15931300804502097
KXNETFLIXRANKMOVIE-26JUN29-VOI,3.0,0.1824,0.76,3.0,0.0,0.03739999999999998,9.363805777915627e-05,0.23700761993067362,5.553359033241885e-05,0.21836101665136667
KXYTVIEWSHIGH-YOU26SEP-7.25M,30.0,0.1771,0.23,30.0,0.0001750000000000003,0.442675,0.0011433090836067807,0.3325082343541731,0.0009904741087204782,0.29488978370598323
KXTOPMONTHLY-25DEC-ARI,30.0,0.2451,0.43,21.0,0.001499999999999996,0.18340000000000006,0.0007696615297090028,0.3867397440180673,0.0005034140861881676,0.3181131718849963
KXTOPMONTHLY-25DEC-ARI,14.0,0.07360000000000005,0.9199999999999999,14.0,0.001499999999999996,0.031299999999999994,0.00044838785012561895,0.24741768417842175,0.00036593643123900883,0.2008038546292073
KXTOPMONTHLY-25DEC-ARI,7.0,0.056400000000000144,0.9399999999999998,7.0,0.000600000000000001,0.001000000000000004,0.00021587140326133694,0.17107643823515964,0.00020291417584407414,0.15286134963924947
KXNETFLIXRANKMOVIEGLOBAL-26MAR23-WAR,7.0,0.2379,0.39,5.0,0.0,0.0319,0.00016866865053907564,0.2848771691180807,0.00010502047704413958,0.2458660833554487
KXNETFLIXRANKMOVIEGLOBAL-26MAR23-WAR,3.0,0.1875,0.25,3.0,0.0,0.0221,9.212927644359941e-05,0.22253633804735518,6.276401648604397e-05,0.20500306982585614
KXNBADRAFT1-26-DPET,30.0,0.1539,0.19,30.0,0.0034999999999999975,0.056799999999999996,0.0011753317514384474,0.3363934451350733,0.0010128588628585161,0.2476785441815191
KXNBADRAFT1-26-DPET,14.0,0.09000000000000001,0.1,14.0,0.0014999999999999987,0.055099999999999996,0.0004395255355704693,0.18475149503932733,0.0003885256017470014,0.18790920734213024
KXNBADRAFT1-26-DPET,7.0,0.1824,0.24,7.0,0.0006999999999999996,0.034699999999999995,0.00023656891646397374,0.25763608055090104,0.00014105486073724818,0.23957261273291613
KXNBADRAFT1-26-DPET,3.0,0.1971,0.27,3.0,0.00010000000000000018,0.0298,8.961592066295328e-05,0.24373871359158847,5.672432395609167e-05,0.22304266778193635
INXY-23DEC29-B4600,30.0,0.2484,0.45999999999999996,30.0,0.00010000000000000018,0.2676,0.0011077015939408804,0.41440726424543056,0.0008371812467515646,0.32582208552264263
INXY-23DEC29-B4600,14.0,0.2436,0.42,14.0,0.00010000000000000018,0.19154999999999997,0.0005174608944067339,0.3500321284103739,0.00033952441894165915,0.2954737983023904
INXY-23DEC29-B4600,7.0,0.24,0.4,7.0,0.00010000000000000018,0.07875,0.0002294820520565469,0.30701406459375147,0.0001378307400289575,0.25869449296101754
INXY-23DEC29-B4600,3.0,0.1344,0.16,3.0,0.0,0.0114,9.238320622125147e-05,0.21922616749702084,5.3700164949614105e-05,0.16839683215936482
KXSPOTIFYW-26JAN08-ALL,7.0,0.109375,0.125,7.0,0.0,0.391275,0.0002678045834917999,0.16496805128237335,0.00022272864043027974,0.15348588864428048
KXNETFLIXRANKSHOWRUNNERUP-26JAN26-HIS,7.0,0.231775,0.365,5.0,0.0003999999999999985,0.175525,0.00015174577483742835,0.2960334894159627,8.059623309942442e-05,0.2595725237023313
KXNETFLIXRANKSHOWRUNNERUP-26JAN26-HIS,3.0,0.0475,0.05,3.0,0.0003999999999999985,0.1181,7.378875814251909e-05,0.08542363022383047,6.674875509618896e-05,0.09114243298872875
KXGOLDW-26APR2417-T4731.99,7.0,0.199375,0.725,6.0,0.0,0.16767500000000002,0.000181509900038617,0.2421910707210897,0.00012311624785993087,0.2468364332346726
KXGOLDW-26APR2417-T4731.99,3.0,0.231775,0.635,3.0,0.0,0.149625,8.631002065520581e-05,0.2795788977715963,4.164724210222118e-05,0.24270143853847959
KXTOPMODEL-26JUL31-CLAU,14.0,0.1476,0.18,14.0,0.0006,0.017400000000000002,0.0005497933572106769,0.26009237525394363,0.000410561308457521,0.23599762701839935
KXINXY-25DEC31-B6500,30.0,0.0736,0.08,30.0,0.0009499999999999996,0.010300000000000002,0.0010389922237236987,0.250341076674404,0.0008906237337021948,0.21833267051189853
KXINXY-25DEC31-B6500,14.0,0.0819,0.09,14.0,0.00015000000000000001,0.007800000000000001,0.00044626956411400915,0.1750878286219875,0.0003793649443644506,0.1565600550210809
CPI-23JUN-T0.0,30.0,0.09789999999999999,0.89,30.0,0.0008749999999999882,0.01267500000000001,0.0009920933939787844,0.35282458700635105,0.0008246850844104689,0.3035617697928551
CPI-23JUN-T0.0,14.0,0.06510000000000005,0.9299999999999999,14.0,0.00022499999999999373,0.006625000000000016,0.00043099664976323053,0.2195756190829979,0.00034336026432683767,0.19142175695794084
CPI-23JUN-T0.0,7.0,0.08189999999999997,0.91,7.0,9.999999999999574e-05,0.004000000000000021,0.00023867512477571357,0.21088371834430159,0.00021230290583726036,0.15098130130222015
CPI-23JUN-T0.0,3.0,0.06509999999999996,0.93,4.0,9.999999999999574e-05,0.00360000000000002,0.00014118103631845908,0.18594018607203966,0.00010846826236756748,0.12075803759860772
KXTOPMODEL-26MAR07-CLAU,7.0,0.19240000000000002,0.74,5.0,9.999999999999796e-05,0.03429999999999999,0.00015931018105194887,0.256873762502332,9.920947212106772e-05,0.22292304958272116
KXTOPMODEL-26MAR07-CLAU,3.0,0.04750000000000004,0.95,3.0,9.999999999999796e-05,0.001000000000000004,7.403697004864625e-05,0.11587183207385753,9.263570743653513e-05,0.0946173267812587
KXTORNADO-25MAR-100,30.0,0.24909999999999996,0.4699999999999999,29.958333333333336,0.00020000000000000036,0.22090000000000007,0.0011623706623257255,0.44429943462684734,0.0008557937097352932,0.3211164735823009
CPIYOY-23APR-T4.7,14.0,0.04750000000000004,0.95,14.000000000000014,0.0005749999999999911,0.012074999999999957,0.0004905307333756532,0.23362428724652376,0.0004190672040799284,0.20662562466194687
CPIYOY-23APR-T4.7,7.0,0.0899999999999999,0.9000000000000001,7.0,0.000424999999999993,0.005524999999999997,0.00022254339672120394,0.26509970843983455,0.00022032835647055188,0.15721123480549512
KXWTIW-26APR17-T103.99,7.0,0.1344,0.16,6.0,0.00039999999999999986,0.2446000000000001,0.00020434183660771808,0.21155984229181798,0.00018081178485201643,0.1808217658137493
KXWTIW-26APR17-T103.99,3.0,0.17709999999999998,0.22999999999999998,3.0,0.00039999999999999986,0.029699999999999997,6.786141847454521e-05,0.21678036383036237,5.105052328805537e-05,0.20779693560560752
KXAAAGASW-26AUG03-4.160,7.0,0.1476,0.18,5.0,0.0002,0.030799999999999998,0.00017629750259795572,0.22281527673939927,0.0001208808129372301,0.17286504322328952
KXTSAW-26MAR15-A2.60,7.0,0.06509999999999999,0.06999999999999999,5.0,9.99999999999999e-05,0.025000000000000005,0.00015289572593041583,0.12242896782392826,0.00012623764202248256,0.10936091308324698
KXTSAW-26MAR15-A2.60,3.0,0.09000000000000001,0.1,3.0,9.99999999999999e-05,0.010100000000000001,5.587029436928343e-05,0.1044188594431849,5.412664135902252e-05,0.12240388152227082
KXAPRPOTUS-26MAY08-40.6,7.0,0.1275,0.15,6.0,0.0,0.28630000000000005,0.0001984441785674914,0.19726764593015736,0.00017155672285902826,0.17593383370670374
KXAPRPOTUS-26MAY08-40.6,3.0,0.1716,0.22,3.0,0.0,0.2674,0.00010623939147395564,0.2117369040455263,5.8632944914807014e-05,0.1958907337512388
KXALBUMDEBUT-26FEB14-OCT,14.0,0.24,0.4,14.0,0.000899999999999995,0.08509999999999991,0.0005392581824313906,0.31167030771330484,0.00033349829855008895,0.27496239779587833
KXALBUMDEBUT-26FEB14-OCT,7.0,0.1476000000000001,0.8199999999999998,7.0,0.0001000000000000024,0.010499999999999994,0.00025613113518643045,0.24798360077327083,0.0001832982698691793,0.20645512285983095
KXALBUMDEBUT-26FEB14-OCT,3.0,0.07360000000000005,0.9199999999999999,3.0,0.0,0.00619999999999998,9.225670686375536e-05,0.18981418981337206,7.312813458718147e-05,0.12575007769883953
KXBTCMAXM-25SEP30-119999.99,14.0,0.2491,0.53,10.0,0.0005999999999999996,0.07050000000000001,0.0003245914542450569,0.3408319349939016,0.00020630138663804397,0.2925630965390693
KXBTCMAXM-25SEP30-119999.99,7.0,0.1056,0.12,7.0,0.0005999999999999996,0.010399999999999998,0.00021231743784395852,0.13438011400479927,0.00019750239328879474,0.14448808696798757
KXBRENTW-26APR1017-T94.99,7.0,0.056400000000000144,0.9399999999999998,6.0,9.999999999999574e-05,0.7771000000000001,0.00021866645065783826,0.2110028338698176,0.00024217129918575826,0.13330814406223854
KXGGFILMSUPACTO-26-JAC,30.0,0.0475,0.05,30.0,0.001075,0.11387500000000002,0.0009800526489667832,0.22634203162678135,0.0009079452899850607,0.2145536528375991
KXGGFILMSUPACTO-26-JAC,7.0,0.19240000000000002,0.26,7.0,0.0006,0.03819999999999999,0.0002432812270463233,0.2649997043878999,0.00016759502461079245,0.22410078309863274
KXGGFILMSUPACTO-26-JAC,3.0,0.16000000000000003,0.2,3.0,0.0004999999999999998,0.030499999999999996,0.00010551336473297115,0.23855010091950501,4.853419240892658e-05,0.16811384088606574
KXALBUMEQUIV-DAU26JUL23B-150K,30.0,0.2331,0.37,30.0,0.00042499999999999835,0.268275,0.0010857325362505102,0.4283599091592957,0.0008507924897820742,0.29561201405216664
KXALBUMEQUIV-DAU26JUL23B-150K,14.0,0.2139,0.69,14.0,0.00022500000000000024,0.23042499999999996,0.0004958018799411612,0.35638834873409136,0.0003118609928580234,0.26764426010961484
KXALBUMEQUIV-DAU26JUL23B-150K,7.0,0.1771,0.23,7.0,0.00012500000000000006,0.017125,0.0002494514805099402,0.2567327534546179,0.0001568108321152475,0.21211192595875164
KXSILVERW-26JUN2617-T57.99,7.0,0.12040000000000001,0.86,6.0,0.0,0.8683500000000001,0.00021206963724534325,0.2300049570662849,0.00014911189142044118,0.1750915536912897
KXSILVERW-26JUN2617-T57.99,3.0,0.08597499999999998,0.905,3.0,0.0,0.8618250000000001,9.71045449909079e-05,0.1785769180786823,8.460777895284306e-05,0.13664975675529845
WTIW-24APR05-B87.5,7.0,0.0475,0.05,6.0,0.0,0.49835000000000007,0.00016061271387177647,0.12796668750027337,0.0001428539750943418,0.11144853841386784
KXMARMADPTS-26-50,30.0,0.051975,0.055,23.0,0.0014249999999999994,0.008599999999999998,0.0008827183906155717,0.19882216440258987,0.0007761533038597144,0.17892440700298184
KXMARMADPTS-26-50,14.0,0.1056,0.12,14.0,0.0003000000000000001,0.0036999999999999997,0.000506973461237854,0.21006180529456414,0.0004102809754289518,0.20428443805753171
KXAPRPOTUS-26APR10-40.2,7.0,0.24189999999999998,0.4099999999999999,6.0,0.0,0.28569200000000006,0.0001956283501951323,0.3118889520600539,0.00010845585372520905,0.26748892525686585
KXAPRPOTUS-26APR10-40.2,3.0,0.25,0.5,3.0,0.0,0.13039199999999998,9.859769030060684e-05,0.26988100231077583,4.902386064078204e-05,0.25910944547540915
KXNFLWINS-PHI-25B-T12,30.0,0.2244,0.34,30.0,0.0010999999999999985,0.6951499999999999,0.0011048535957511136,0.3595868976928888,0.0009085440617029547,0.2932554127455511
KXNFLWINS-PHI-25B-T12,14.0,0.24189999999999998,0.4099999999999999,14.0,0.0004999999999999998,0.55315,0.0004924570846519919,0.3528900367289839,0.0003196887835553058,0.29816204502316906
KXNFLWINS-PHI-25B-T12,7.0,0.12040000000000001,0.14,7.0,0.0,0.49955,0.0002547242487105245,0.1817352472555372,0.00020922359015838394,0.16160371693071496
KXNFLWINS-PHI-25B-T12,3.0,0.1344,0.15999999999999998,3.0,0.0,0.49739999999999995,9.690900691355458e-05,0.1938781307539739,6.436399989791096e-05,0.16194184613843762
KXTORNADO-25JUN-175,14.0,0.24639999999999998,0.56,13.0,7.50000000000068e-05,0.12012500000000002,0.0004621903548033167,0.3414018252441503,0.00027429238487533205,0.2846648804753209
KXNETFLIXRANKSHOWGLOBAL2-26JAN05-STR,7.0,0.1411,0.17,5.0,0.00039999999999999986,0.010300000000000002,0.00016722549683089553,0.21363981372789553,0.00013497854482384623,0.18306238043564727
KXNETFLIXRANKSHOWGLOBAL2-26JAN05-STR,3.0,0.0651,0.07,3.0,0.00039999999999999986,0.0045000000000000005,7.16375110343652e-05,0.11551187383053275,7.094875035606525e-05,0.07991809121996359
KXEOWEEK-26MAY09-0,30.0,0.1824,0.76,20.0,0.000275,0.566525,0.0007393437082789582,0.3581554541345938,0.0005066056666319563,0.2874408211648877
KXMARMADSEED-26F4-S6,14.0,0.18997499999999998,0.25499999999999995,13.0,0.0006,0.118825,0.0004609581059648016,0.30342121644992415,0.000376281321308905,0.26441422586197605
KXMARMADSEED-26F4-S6,3.0,0.0736,0.08,3.0,0.00010000000000000018,0.09690000000000001,5.5990378373532034e-05,0.11706640065092695,5.0788167290476206e-05,0.10064659209012153
KXALBUMEQUIV-YOU26JUN18-500K,30.0,0.1476,0.18000000000000002,30.0,0.0006999999999999993,0.9504499999999999,0.001179844754096607,0.3285325897871104,0.0010186573686008942,0.2599980524679384
KXALBUMEQUIV-YOU26JUN18-500K,14.0,0.1131,0.13,14.0,0.0004999999999999995,0.49659999999999993,0.0004976707565702309,0.19694431660002665,0.00045965853565976757,0.1838487802720142
KXALBUMEQUIV-YOU26JUN18-500K,7.0,0.0736,0.08,7.0,9.99999999999999e-05,0.47089999999999993,0.00018405075649359368,0.14975515661784664,0.00017875790467156892,0.13076252716345568
KXALBUMEQUIV-YOU26JUN18-500K,3.0,0.1131,0.13,3.0,0.0,0.4544999999999999,8.500711938615601e-05,0.13844032305490228,7.121604612591932e-05,0.14891054828879835
KXCPICOREYOY-25APR-T3.0,14.0,0.05639999999999999,0.06,14.0,0.0004999999999999996,0.02915,0.00044134607936879253,0.16151554558892045,0.0003492379054612672,0.16917546385356919
KXCPICOREYOY-25APR-T3.0,7.0,0.1476,0.18,7.0,0.00010000000000000005,0.01765,0.0002427261912359562,0.23806542591730914,0.0001839450536587623,0.1857402530987633
KXCPICOREYOY-25APR-T3.0,3.0,0.051975,0.055,3.0,0.00010000000000000005,0.002025,0.00015146266433131,0.08927318308679276,0.0001486242710906005,0.09940178837517535
KXNBADRAFTPICK-26-6-KWAG,30.0,0.08190000000000001,0.09000000000000001,30.0,0.0005999999999999988,0.03930000000000001,0.0009814729646609364,0.24673280259868413,0.0009111990911213797,0.21370422519556279
KXNBADRAFTPICK-26-6-KWAG,14.0,0.116775,0.135,14.0,0.00017500000000000003,0.029900000000000006,0.0004971632481648477,0.21697204443644125,0.0004644430975564869,0.1908911336651898
KXNBADRAFTPICK-26-6-KWAG,7.0,0.1344,0.16,7.0,0.00010000000000000018,0.029500000000000005,0.0002430319166972748,0.23785428128664585,0.00018492923823856157,0.1721433699574554
KXNBADRAFTPICK-26-6-KWAG,3.0,0.1539,0.19,3.0,0.00010000000000000018,0.022200000000000004,0.00012202602043379612,0.20093845238454094,4.896264031421188e-05,0.17833824224650896
KXOSCARNOMBCASTING-26-ROB,30.0,0.24960000000000002,0.48000000000000004,30.0,0.0005499999999999932,0.30434999999999995,0.0011064448214981217,0.4126424985533839,0.0008672807581895886,0.3086952589690485
KXOSCARNOMBCASTING-26-ROB,14.0,0.1875,0.75,14.0,0.00012499999999999689,0.2428249999999999,0.0004776318389342202,0.32244549729491745,0.00032156949368080594,0.2659281937209975
KXOSCARNOMBCASTING-26-ROB,7.0,0.2451,0.57,7.0,0.0,0.2122999999999999,0.00022034865876832717,0.30104757664850224,0.00010961854115952414,0.27028194830479774
KXOSCARNOMBCASTING-26-ROB,3.0,0.2499,0.51,3.0,0.0,0.20689999999999992,7.729114661794893e-05,0.29503358313799,5.522892028726656e-05,0.2562336156879424
HMONTH-24JUL,30.0,0.1824,0.24,30.0,0.0006500000000000012,0.8856499999999999,0.0011239893444419174,0.3792287331280221,0.000992832760056891,0.30325615673668727
HMONTH-24JUL,14.0,0.1411,0.17,14.0,0.0006500000000000012,0.60775,0.0004911897227036683,0.2821231455840404,0.0004084845356617697,0.20522551692387098
HMONTH-24JUL,7.0,0.19240000000000002,0.26,7.0,0.0005250000000000009,0.523825,0.00023115942386458434,0.266260625848674,0.00015485307410117774,0.22455764427959743
HMONTH-24JUL,3.0,0.2016,0.28,3.0,0.0004250000000000008,0.4761249999999999,8.067957394744567e-05,0.24442365359247054,3.7776734936817505e-05,0.21987237612833263
KXETHMAXMON-ETH-26MAR31-300000,30.0,0.051975,0.055,28.958333333333332,0.001625,0.0155,0.0010156904331878604,0.2213143354999378,0.0009796389862356614,0.20940685870219994
KXETHMAXMON-ETH-26MAR31-300000,14.0,0.1056,0.12,13.999999999999998,0.0010999999999999998,0.0036999999999999997,0.0004707489090838605,0.1879940618544072,0.0004495409313089145,0.17741134456424157
KXNCAAFPLAYOFF-25-MIZZ,30.0,0.051975,0.05499999999999999,30.000000000000007,0.0012999999999999997,0.527925,0.0010926099547334837,0.2520611122630442,0.0009049797088815076,0.17815498602592128
KXNCAAFPLAYOFF-25-MIZZ,7.0,0.0979,0.11,7.0,7.500000000000001e-05,0.501125,0.00018502552214192392,0.16975912186822398,0.0001820052984756903,0.15882018864840858
KXLEADERNFLRTDS-26JAN05-ARSB,30.0,0.0475,0.05,30.0,0.0011000000000000003,0.66525,0.0010105930443738691,0.23334994752250435,0.0009001303245882637,0.21681116770728662
KXLEADERNFLRTDS-26JAN05-ARSB,14.0,0.2016,0.28,14.0,0.00095,0.5265,0.00045556682030983354,0.3207625128357776,0.0003609793378239011,0.2635846838954694
KXSPOTIFYW-26JAN01-ALL,7.0,0.109375,0.125,7.0,0.0008499999999999995,0.034324999999999994,0.00023386127249226896,0.18626740579550738,0.00021966593135783045,0.17375005068498395
KXSPOTIFYW-26JAN01-ALL,3.0,0.1056,0.12,3.0,0.00042499999999999987,0.014124999999999997,8.370671191291734e-05,0.13301916557818086,8.960951102497287e-05,0.1319757502970298
KXPARDONSTRUMP-26JUL-17,30.0,0.0819,0.09,30.0,0.0007999999999999992,0.1179,0.0010206942752163048,0.2776335305968406,0.0009155101899925389,0.22669962712638064
KXPARDONSTRUMP-26JUL-17,14.0,0.2304,0.64,14.0,0.00030000000000000057,0.027700000000000002,0.0004507824012189622,0.3327973538757814,0.0003130288169612431,0.28118615061462754
KXPARDONSTRUMP-26JUL-17,7.0,0.09789999999999999,0.89,7.0,0.00020000000000000036,0.005100000000000002,0.00024484383950556366,0.20901567740889274,0.00021443903324484774,0.16021228807910046
KXPARDONSTRUMP-26JUL-17,3.0,0.04750000000000004,0.95,3.0,0.0,0.003300000000000006,9.787829336026188e-05,0.12209223506469744,8.962711952010586e-05,0.09427360200675118
KXMARMADROUND-26RO32-QUC,7.0,0.2499,0.49,5.0,0.00010000000000000005,0.19519999999999998,0.00017652868669847417,0.29368466066409227,8.789863782061794e-05,0.2663132270376702
KXLEADERNBA3PT-26-LBAL,30.0,0.05639999999999999,0.06,30.000000000000014,0.0019749999999999998,0.002725,0.0010770416691419373,0.2601420071293101,0.000921386958923382,0.21361805152972962
KXBTCMAXMON-BTC-26JAN31-97500,7.0,0.25,0.5,7.0,9.999999999999796e-05,0.2033,0.00023106229111073115,0.3066634575616279,0.00010945045754150107,0.28364695841702203
KXBTCMAXMON-BTC-26JAN31-97500,3.0,0.2496,0.52,3.0,0.0,0.18119999999999997,7.73184384590452e-05,0.2893283214466289,4.729825593197981e-05,0.2566082977077676
KXWTIW-26JUL3114-B81.50,3.0,0.0475,0.05,3.0,9.99999999999999e-05,0.044,6.969230258833078e-05,0.08923425267283788,8.304006946575115e-05,0.07824090607792844
KXPAYROLLS-26MAR-T80000,30.0,0.22597499999999998,0.345,29.958333333333343,0.0017249999999999995,0.25865,0.0010981455815609919,0.40990148466876697,0.0008738078696996604,0.33878248076914985
KXPAYROLLS-26MAR-T80000,14.0,0.1716,0.22,14.0,0.0010999999999999998,0.2523,0.0005204891220127589,0.2439077080897247,0.0003746063919562803,0.21954561583879453
KXPAYROLLS-26MAR-T80000,7.0,0.1716,0.22,7.0,0.00010000000000000018,0.2523,0.00025714356980943855,0.24378459025733687,0.0001716676366245248,0.2105484795748941
KXPAYROLLS-26MAR-T80000,3.0,0.2331,0.37,3.0,0.00010000000000000018,0.2434,8.472222162880901e-05,0.26887866224757834,3.685244805211205e-05,0.2475201544541413
KXPAYROLLS-24DEC-T200000,30.0,0.2379,0.39,30.0,0.0010749999999999974,0.426975,0.0011381775891990034,0.38146764811514655,0.0008371833704167726,0.322716634556964
KXPAYROLLS-24DEC-T200000,14.0,0.25,0.5,15.0,2.50000000000006e-05,0.41662499999999997,0.0005631918371502639,0.341248564054155,0.0003491946275977946,0.28093048777484675
KXPAYROLLS-24DEC-T200000,7.0,0.24640000000000004,0.44,7.0,0.0,0.40879999999999994,0.00024711311906079565,0.3181500373303751,0.00011480781786821016,0.2693184643640887
KXPAYROLLS-24DEC-T200000,3.0,0.2436,0.42,3.0,0.0,0.3101999999999999,7.723359323861422e-05,0.2736160432805126,4.20749724957192e-05,0.24734481001960382
KXRAINNYCM-26JUL-4,30.0,0.24840000000000004,0.46,30.0,0.0006999999999999967,0.5700999999999999,0.0011260633853710236,0.39317099553351625,0.0008617219208280683,0.33960915674800374
KXRAINNYCM-26JUL-4,14.0,0.1971,0.27,14.0,0.0004999999999999964,0.3081999999999999,0.000521338568563967,0.32445992206896046,0.0003849170799061477,0.24920874315837982
KXRAINNYCM-26JUL-4,7.0,0.15389999999999995,0.81,7.0,0.00010000000000000018,0.012999999999999989,0.0002484071465254607,0.2788331741146686,0.0001817083460241018,0.1984167987224503
KXFOWOMENSINGLES-25-CG,30.0,0.0979,0.11,30.0,0.0031499999999999983,0.47869999999999996,0.0009970795492400598,0.25616713804179875,0.0009617254442992632,0.22827582726705795
KXFOWOMENSINGLES-25-CG,14.0,0.1411,0.17,14.0,0.0014999999999999983,0.4761999999999999,0.0005228428596691994,0.27364422236515057,0.0004345148407333992,0.2300158527226776
KXFOWOMENSINGLES-25-CG,7.0,0.1275,0.15,7.0,0.0008999999999999989,0.4743999999999999,0.00022588497617783584,0.21423626179113506,0.00019591228875687116,0.19544891985546387
KXFOWOMENSINGLES-25-CG,3.0,0.2016,0.28,3.0,0.0,0.45479999999999987,9.725857447645102e-05,0.2375293122813547,4.99964887497983e-05,0.21667299244943414
TIME-24-EM,30.0,0.07777500000000001,0.085,31.0,0.0011249999999999995,0.36055000000000004,0.0010525080319326503,0.275685804974818,0.0009686704580218791,0.21384725100177626
TIME-24-EM,14.0,0.1056,0.12,14.0,0.00044999999999999966,0.033,0.0005533614391465989,0.20261164686713073,0.0004194558582495708,0.20237838967565672
TIME-24-EM,7.0,0.0819,0.09,7.0,0.0003999999999999996,0.028900000000000006,0.00017445562959599392,0.17210057325933625,0.00016703064565289593,0.15345657305371627
TIME-24-EM,3.0,0.1411,0.17,3.0,0.0,0.015700000000000002,8.697613621597713e-05,0.21483496731014615,6.504421569827835e-05,0.16516457529729414
CPI-23MAY-T0.3,30.0,0.0475,0.05,30.0,0.0017249999999999993,0.088175,0.0009772699696499632,0.2671141310428099,0.000943378513732345,0.21087087686367434
CPI-23MAY-T0.3,14.0,0.051975,0.055,14.0,0.0006749999999999999,0.010250000000000002,0.0004988343761586609,0.14425602160655238,0.0005126112455681552,0.12971104208510364
KXINDY500-25-GR,14.0,0.156975,0.19499999999999998,14.0,0.00015,0.09552499999999997,0.000518621736988842,0.27482747993337175,0.0003642884793261293,0.209599412728275
KXDENSNOWMB-25DEC-10.0,30.0,0.1539,0.19,30.0,0.0009000000000000001,0.071,0.001094385256588204,0.3616013581695165,0.0009622948422423883,0.26607214686767217
KXDENSNOWMB-25DEC-10.0,14.0,0.0819,0.09,14.0,0.0004000000000000003,0.0097,0.00046798420658476526,0.183342885238077,0.00042372720355440206,0.16034173741803895
KXDENSNOWMB-25DEC-10.0,7.0,0.0979,0.11,7.0,0.00019999999999999993,0.0063,0.00019930218470824877,0.14587930636213156,0.00016579456733916426,0.1445519859201532
KXOSCARNOMACTR-26-KAT,30.0,0.0979,0.11,30.0,0.0009000000000000017,0.4231999999999999,0.0010012219832170855,0.23968536626389528,0.0008979319237640543,0.2455200399271719
KXOSCARNOMACTR-26-KAT,14.0,0.2379,0.39,14.0,0.0004000000000000018,0.3847,0.0004912043340520836,0.34053241096471837,0.0003363501316347536,0.26926579523999267
KXOSCARNOMACTR-26-KAT,7.0,0.25,0.5,7.0,0.00020000000000000036,0.3394,0.00024291320236011639,0.3140703600144824,0.00012929167038875812,0.2833160888217142
KXOSCARNOMACTR-26-KAT,3.0,0.24640000000000004,0.44,3.0,0.00010000000000000018,0.3369,9.827506227717966e-05,0.2666891982070502,2.968398350587576e-05,0.2621899528730856
KXLEADERNFLRUSHYDS-26JAN05-JCOO,30.0,0.24,0.4,30.0,0.0007999999999999915,0.48099999999999987,0.0011349363979352664,0.39620659362309907,0.0008297271480725944,0.3289454868421275
KXLEADERNFLRUSHYDS-26JAN05-JCOO,14.0,0.2139,0.69,14.0,0.0005999999999999944,0.12169999999999993,0.0004849315165644506,0.3634658995053755,0.00031367589685443487,0.2751481643368335
KXLEADERNFLRUSHYDS-26JAN05-JCOO,7.0,0.2016,0.72,7.0,0.0004999999999999943,0.05109999999999999,0.0002268104277088677,0.2873002238429526,0.00015112379318682966,0.2518993669685341
KXLEADERNFLRUSHYDS-26JAN05-JCOO,3.0,0.07360000000000005,0.9199999999999999,3.0,0.0003999999999999963,0.00180000000000001,0.00010324605308096788,0.16794285942814013,8.168965403430753e-05,0.11474448098714482
KXGRAMBCA-67-H,30.0,0.1539,0.19,30.0,0.0019000000000000009,0.03899999999999999,0.0011504667536671891,0.3083484878377771,0.001016569961490106,0.2572091081037559
KXGRAMBCA-67-H,14.0,0.1539,0.19,14.0,0.0008500000000000006,0.034,0.0005210828250215609,0.25450682960108956,0.0004100721374111277,0.22071535583420757
KXGRAMBCA-67-H,7.0,0.1539,0.19,7.0,0.00010000000000000018,0.034,0.00023207496014407913,0.2203102531698113,0.0001735832651494193,0.19397194336541645
KXGRAMBCA-67-H,3.0,0.1476,0.18,3.0,0.0,0.0322,8.188870746809367e-05,0.22095880560018727,6.982053390566168e-05,0.18187222734986355
KXCABLEAVE-25-JUL,30.0,0.0819,0.09,30.0,0.0011750000000000013,0.009575,0.001031011180065712,0.26018946919416513,0.0009138605491143523,0.2293777971517168
KXCABLEAVE-25-JUL,14.0,0.05639999999999999,0.06,14.0,0.0006000000000000003,0.00695,0.00042666880603897645,0.1655783137286383,0.0004476285015178115,0.1422096721551312
KXMUSKNW-26JUN30-T1700,14.0,0.1275,0.15,13.0,0.0005499999999999999,0.017,0.00045906472330402336,0.21389822370097236,0.00036848822514101704,0.2091027918298645
KXNETFLIXRANKSHOWRUNNERUP-26JUN29-OUT,7.0,0.09000000000000001,0.1,5.0,0.0,0.0082,0.00012459774263333146,0.14673078975590725,0.00010728869792245267,0.12562753464647172
KXALBUMEQUIV-CON26JUL09-130K,30.0,0.249975,0.495,26.0,0.0006749999999999999,1.0625499999999999,0.001017033569771784,0.4009521580283299,0.0006855939156262214,0.3255162494020966
KXALBUMEQUIV-CON26JUL09-130K,14.0,0.051975,0.055,14.0,0.0006499999999999999,0.4865249999999999,0.0005499832221295233,0.12551733890928163,0.0005854143894207547,0.12323695786158041
KXALBUMEQUIV-CON26JUL09-130K,7.0,0.0819,0.09,7.0,0.0004999999999999998,0.4833999999999999,0.00019340027495134458,0.14354813714011916,0.00017237022044030306,0.12453528442883374
KXALBUMEQUIV-CON26JUL09-130K,3.0,0.0736,0.08,3.0,0.00010000000000000018,0.47249999999999986,5.862285569552466e-05,0.09525245233354408,4.804466942082981e-05,0.11023525151222213
KXTRUMPMEET-NOV25-XJIN,30.0,0.1275,0.15,23.041666666666668,0.000700000000000001,0.8668499999999999,0.0008876077429432605,0.2838415300386812,0.0007962815611247646,0.23249336945389587
KXTRUMPMEET-NOV25-XJIN,14.0,0.0819,0.09,14.000000000000002,0.000700000000000001,0.8174499999999999,0.0005098742546418188,0.21642653167320958,0.00042155984734029017,0.151312801401774
KXTRUMPMEET-NOV25-XJIN,7.0,0.0651,0.07,7.0,0.00040000000000000045,0.8140999999999998,0.00019100007386677108,0.12853871058959332,0.00018400738527097441,0.11845097011472167
KXBTCMAXMON-BTC-26MAY31-8750000,30.0,0.1875,0.25,29.0,0.0011999999999999988,0.08090000000000001,0.0010986409357408911,0.3498128417865524,0.000855023347739462,0.2883754324808946
KXBTCMAXMON-BTC-26MAY31-8750000,14.0,0.0651,0.07,14.0,0.0006000000000000003,0.0009000000000000002,0.0004458286102224614,0.1761514350355599,0.0003942566224752272,0.16742165948218138
KXSPOTIFY2BILLION-25DEC31-MAS,3.0,0.0475,0.05,3.0,0.00019999999999999993,0.0013000000000000002,7.316866176687356e-05,0.08182484079059787,5.5018250667092823e-05,0.07895820195879014
FRM-22AUG25-T5.40,7.0,0.0819,0.09,5.0,0.0003250000000000003,0.252725,0.00011314341577698098,0.1411878910668768,9.922346748951708e-05,0.13860388177346605
FRM-22AUG25-T5.40,3.0,0.08597500000000001,0.09500000000000001,3.0,0.0,0.252725,6.325242897808309e-05,0.15001601468586137,7.193295282462213e-05,0.11259467376012887
KXTSAW-25FEB23-A2.45,7.0,0.2304,0.36,5.0,0.0,0.056599999999999984,0.00013191412759839936,0.30391784066832495,8.57270763071176e-05,0.2623311872445721
KXTSAW-25FEB23-A2.45,3.0,0.17709999999999998,0.22999999999999998,3.0,0.0,0.030099999999999995,8.351725548105476e-05,0.21652356745939946,5.4759944340488384e-05,0.18620934619690274
KXDOGEMINMON-DOGE-26JUL31-006,30.0,0.24577499999999997,0.435,29.0,0.0016749999999999979,0.14964999999999998,0.0011028037247280522,0.3733169063337572,0.0008475972499561811,0.32104468500267475
KXDOGEMINMON-DOGE-26JUL31-006,14.0,0.1476,0.18,14.0,0.0004499999999999996,0.05130000000000001,0.0005165920014958597,0.2343442205209344,0.0003928726577862372,0.22373434329325442
KXDOGEMINMON-DOGE-26JUL31-006,7.0,0.1344,0.16,7.0,0.0,0.019200000000000002,0.0002498466786012857,0.20883231987599443,0.0001936498735077776,0.18544490457024884
KXDOGEMINMON-DOGE-26JUL31-006,3.0,0.0819,0.09,3.0,0.0,0.003499999999999999,6.041447548580761e-05,0.1167736118041151,5.583985977237946e-05,0.10737307979888142
KXBRENTW-26APR2417-T101.99,7.0,0.0736,0.08,6.0,0.0,0.49140000000000006,0.00015031945681260242,0.12855455705017418,0.00014295995780324488,0.14119465622479746
KXBRENTW-26APR2417-T101.99,3.0,0.1344,0.16,3.0,0.0,0.3832000000000001,6.244094027127499e-05,0.19322878850518674,6.42350337004577e-05,0.163889782245575
KXALBUMEQUIV-YOU26JUN25-160K,14.0,0.2475,0.5499999999999999,12.0,0.00042499999999999743,0.23682499999999998,0.00044065681044482983,0.33717903379234093,0.00027119806020986737,0.28945745486755725
KXALBUMEQUIV-YOU26JUN25-160K,7.0,0.17710000000000006,0.7699999999999999,7.0,0.00020000000000000036,0.12870000000000004,0.00024265402620477164,0.27226795059185815,0.0001713557742512196,0.20383612060539488
KXALBUMEQUIV-YOU26JUN25-160K,3.0,0.056400000000000144,0.9399999999999998,3.0,0.00020000000000000036,0.0008000000000000059,9.197820463735011e-05,0.1619899189107129,8.089658946427197e-05,0.1047398599283282
KXNBADRAFTTOP-26-R1-JQUA,30.0,0.249775,0.485,29.0,0.0008249999999999948,0.35699999999999993,0.0010612984179384924,0.4182213901797325,0.0008275722994920163,0.32077718341015077
KXNBADRAFTTOP-26-R1-JQUA,14.0,0.1875,0.75,13.0,0.0006749999999999946,0.30322499999999997,0.0005066123783116536,0.33120502637043225,0.0003207816141517702,0.24650736028149103
KXNBADRAFTTOP-26-R1-JQUA,7.0,0.179775,0.765,7.0,0.0005249999999999965,0.24680000000000002,0.0002601507627334917,0.26720397648154026,0.00014579193968946232,0.2178411564774138
KXNBADRAFTTOP-26-R1-JQUA,3.0,0.1476000000000001,0.8199999999999998,3.0,0.00039999999999999183,0.165,9.364364887735897e-05,0.20904265464410607,6.584000715517751e-05,0.19195483249790932
KXNBADRAFTPICK-26-13-HSTE,30.0,0.07777500000000001,0.085,31.0,0.00012499999999999973,0.03975000000000001,0.0010424493095061893,0.26919483678206463,0.0009459237802073896,0.2292960898481661
KXNBADRAFTPICK-26-13-HSTE,14.0,0.0475,0.05,14.0,4.999999999999981e-05,0.02925,0.00041083288778193393,0.15713003328492525,0.0004119299659359682,0.14674283992048118
KXNBADRAFTPICK-26-13-HSTE,7.0,0.0979,0.11,6.0,2.4999999999999906e-05,0.024525000000000005,0.0001535773952344533,0.1411477292692485,0.00015243672636982037,0.14309704455501035
KXNBADRAFTPICK-26-13-HSTE,3.0,0.07777500000000001,0.085,4.0,0.0,0.024125,8.899978451948267e-05,0.12578096087675217,7.848195770208668e-05,0.1179854511357458
KXCPI-26MAR-T0.9,30.0,0.2451,0.43,30.0,0.0007999999999999986,0.6193,0.0011363301058780022,0.39159233107426755,0.0008432614203795876,0.3095772115049939
KXCPI-26MAR-T0.9,14.0,0.2356,0.38,14.0,0.00020000000000000036,0.16340000000000002,0.0005195291027406489,0.34561405390328354,0.00032820247032062146,0.2797833478900872
KXCPI-26MAR-T0.9,7.0,0.2304,0.36,7.0,0.0,0.1462,0.00020222038947712587,0.30615213350903303,0.00013230454432253567,0.25141320123526234
KXCPI-26MAR-T0.9,3.0,0.25,0.5,3.0,0.0,0.1202,9.160562893367385e-05,0.2894543911854682,3.2917186151517334e-05,0.25623405760619633
KXNETFLIXRANKSHOWRUNNERUP-26FEB02-MIK,3.0,0.2244,0.34,3.0,0.0,0.2869999999999999,8.51318167484935e-05,0.2763258876540924,3.847265445351164e-05,0.23833985014420933
KXNETFLIXRANKMOVIE-25MAR31-DEN,7.0,0.231775,0.635,5.0,0.0,0.236925,0.00017226545155945558,0.2783648246336704,7.445428325857675e-05,0.26031926862107096
KXNETFLIXRANKMOVIE-25MAR31-DEN,3.0,0.21389999999999998,0.31,3.0,0.0,0.1831,7.776556470022336e-05,0.2651234170658132,4.2565166394318954e-05,0.2292670371724217
KXSURVIVORELIMINATION-26MAY09-RIC,7.0,0.0819,0.09,6.0,0.0001999999999999998,0.0069,0.0001773719664050974,0.13199173140535087,0.00013851009404898526,0.11367717274841628
KXSURVIVORELIMINATION-26MAY09-RIC,3.0,0.0736,0.08,3.0,9.99999999999999e-05,0.003499999999999999,6.188593653904968e-05,0.10897674828869335,5.237911115400774e-05,0.09963198024595268
KXNBACLUTCH-26-SGIL,30.0,0.12749999999999995,0.8500000000000001,30.0,0.00199999999999999,0.07449999999999996,0.000976215945963794,0.37976689523639384,0.0008530057746860664,0.32864557612439194
KXNBACLUTCH-26-SGIL,14.0,0.056400000000000144,0.9399999999999998,14.0,0.0008999999999999994,0.005500000000000023,0.00041018014493660813,0.24147049141075846,0.00037372767202247247,0.1781872039765554
ACPICORE-24-C1.0,30.0,0.25,0.5,28.0,0.00025,0.19529999999999997,0.0010109076878016745,0.43185226401763444,0.0007543030471571166,0.3186223897854461
KXCPICORE-26JUL-T0.2,30.0,0.234375,0.625,30.0,0.0023999999999999963,0.387825,0.0011185450153899535,0.3938222419588731,0.000876717565404658,0.32010582642473184
KXCPICORE-26JUL-T0.2,14.0,0.1056,0.12,14.0,0.0009999999999999996,0.21439999999999998,0.000481121414601148,0.19617493267963418,0.0004321257923227937,0.1772680252862152
KXCPICORE-26JUL-T0.2,7.0,0.21389999999999998,0.31,7.0,0.0009999999999999996,0.1051,0.00023012683753778108,0.2793362486895719,0.0001501421864104109,0.23499285068523346
KXCPICORE-26JUL-T0.2,3.0,0.1411,0.17,3.0,0.0004999999999999998,0.0962,7.220499817850544e-05,0.21924815940787426,5.892138234499329e-05,0.18211121026255114
KXTEAMSINSC-26-CARANA,30.0,0.24909999999999996,0.4699999999999999,27.0,0.0019749999999999993,0.21322499999999994,0.0010206175443190824,0.4087905273647443,0.000756647170324322,0.3136759866211894
KXTEAMSINSC-26-CARANA,7.0,0.0475,0.05,7.0,0.0008999999999999997,0.0062000000000000015,0.00021944738928176638,0.10896496860184607,0.00022033123141412396,0.09968341541459359
KXTEAMSINSC-26-CARANA,3.0,0.09000000000000001,0.1,3.0,0.00039999999999999986,0.0026000000000000003,5.27204950353089e-05,0.12634728711309542,5.757867848292027e-05,0.1150860690659535
KXETHMINMON-ETH-26APR30-200000,30.0,0.11310000000000009,0.8699999999999999,28.0,0.0008999999999999989,0.22720000000000018,0.0009880509291694726,0.3378124214103158,0.0007831391072774918,0.28974024059186215
KXETHMINMON-ETH-26APR30-200000,14.0,0.1476,0.18,14.0,0.0006999999999999998,0.019299999999999998,0.00048072894787922887,0.2606163496246655,0.0004095550163876375,0.19948070419109754
KXETHMINMON-ETH-26APR30-200000,7.0,0.09000000000000001,0.1,7.0,0.0001999999999999999,0.004200000000000001,0.00017551085041702093,0.15906280543749687,0.0001464095307719331,0.12696926425317023
KXCPIYOY-25JUL-T2.8,30.0,0.16000000000000003,0.2,30.0,0.0025999999999999973,0.1074,0.0011129691237212636,0.3185340827820371,0.0009351651038865312,0.2709004565854583
KXCPIYOY-25JUL-T2.8,14.0,0.2016,0.28,14.0,0.001499999999999998,0.0635,0.0004848317385267795,0.2997629360638183,0.0003440335853260877,0.25860074405325134
KXCPIYOY-25JUL-T2.8,7.0,0.17709999999999998,0.22999999999999998,7.0,0.00029999999999999943,0.05539999999999999,0.00026145106953466275,0.24288127896482828,0.00012559411203079453,0.22040104426236862
KXCPIYOY-25JUL-T2.8,3.0,0.1411,0.17,3.0,0.00019999999999999982,0.04569999999999999,8.864429980398547e-05,0.21796652653127327,6.862290040308539e-05,0.17584681394783314
KXRANKLIST1SONG-26JAN-OPA,30.0,0.0736,0.08,30.0,0.0018000000000000002,0.027600000000000003,0.001036809336865416,0.2409180556957184,0.0008758216961112864,0.2192001686789349
KXWTIW-26MAR20-B102.5,7.0,0.0475,0.05,6.0,0.0002000000000000001,0.005700000000000002,0.0001663791684145817,0.10730417612630419,0.00015668185997725126,0.08476968785087546
KXAAAGASW-26MAR09-3.110,7.0,0.24,0.6,5.0,0.00015000000000000693,0.11729999999999989,0.00017431742154478346,0.29315263910408595,7.759296438532596e-05,0.2558868984178573
KXAAAGASW-26MAR09-3.110,3.0,0.04750000000000004,0.95,3.0,5.000000000000453e-05,0.0016999999999999964,8.597798074340373e-05,0.0938762715526365,8.045646232951089e-05,0.11010669840551092
KXRANKLISTSONGSPOTUSA-26AUG01-MOR,30.0,0.1659,0.21,30.0,0.0004000000000000004,0.9254999999999998,0.0011189741665975036,0.3410219258733501,0.000931523204108092,0.2649129861664722
KXRANKLISTSONGSPOTUSA-26AUG01-MOR,14.0,0.1824,0.24,14.0,0.00030000000000000024,0.29229999999999995,0.0004994052537773194,0.3043633359930439,0.00037350897276876944,0.24392899394594914
KXRANKLISTSONGSPOTUSA-26AUG01-MOR,7.0,0.24640000000000004,0.44,7.0,0.00010000000000000018,0.13909999999999995,0.00024874141757764604,0.2867643533290866,0.00012771289556858125,0.26184646439683645
KXRANKLISTSONGSPOTUSA-26AUG01-MOR,3.0,0.24,0.6,3.0,0.0,0.06899999999999999,9.643492387789204e-05,0.28687922122242654,3.9087603513414286e-05,0.2583891605114061
KXPAYROLLS-26AUG-T20000,30.0,0.21000000000000002,0.7,27.0,0.001174999999999999,0.37032499999999996,0.0010030695354824044,0.3999853019775068,0.0007724779504465554,0.3384511368936266
KXPAYROLLS-26AUG-T20000,14.0,0.2244,0.66,14.0,0.000575,0.12472499999999996,0.0005337089231836267,0.3185850876777225,0.0003179403551539599,0.2900634339238541
KXPAYROLLS-26AUG-T20000,7.0,0.22597499999999998,0.655,7.0,0.0002250000000000004,0.12179999999999996,0.00024595456320611396,0.28978296009882376,0.00012680273945025013,0.2688155108106434
KXPAYROLLS-26AUG-T20000,3.0,0.2331,0.63,3.0,0.00010000000000000018,0.11599999999999998,7.228252065257823e-05,0.25765215615537684,4.351603864604425e-05,0.24529742554036105
KXNETFLIXRANKSHOW-26JUL20-IWI,7.0,0.1411,0.17,5.0,0.0,0.0257,0.00017320494007569797,0.21075913844241156,0.00011203065876516711,0.17207191233542105
TNOTEW-24JUN21-B4.13,7.0,0.069375,0.075,6.0,0.0008749999999999993,0.002,0.00016128623814116633,0.14284320699390868,0.0001406206324609076,0.12941592143879416
TNOTEW-24JUN21-B4.13,3.0,0.0475,0.05,3.0,0.0008499999999999994,0.0016,7.389650465972647e-05,0.1035066422789464,7.207129755240003e-05,0.08398047219154335
KXOSCARSCORE-26-SIN,30.0,0.11310000000000009,0.8699999999999999,29.95833333333333,0.0018999999999999768,0.008200000000000034,0.0009785666374720072,0.3867072384601862,0.0008005640789793137,0.31431967726855065
KXOSCARSCORE-26-SIN,14.0,0.06509999999999996,0.93,13.958333333333329,0.000999999999999984,0.0053000000000000234,0.0004137117474462695,0.23509391676811936,0.00035125343876187665,0.20264495692575923
KXOSCARSCORE-26-SIN,7.0,0.08189999999999997,0.91,6.958333333333329,9.999999999999574e-05,0.004000000000000021,0.0002249369960139973,0.22363476442471428,0.00020199022064097807,0.15706600642711677
KXOSCARSCORE-26-SIN,3.0,0.056400000000000144,0.9399999999999998,2.999999999999993,0.0,0.00360000000000002,0.00011698846208111256,0.1485738945205828,9.569561112277559e-05,0.09490197965210687
KXNCAAF-26-MIA,14.0,0.1659,0.21,14.0,0.0014000000000000004,0.09910000000000001,0.000496335465945873,0.2719061703243481,0.00037077532394951093,0.23487272884657415
KXNCAAF-26-MIA,7.0,0.1971,0.27,7.0,0.0004000000000000007,0.06810000000000001,0.00026044625475059134,0.2652847058233769,0.00014179112485497935,0.2244719736209647
KXNCAAF-26-MIA,3.0,0.19240000000000002,0.26,3.0,0.00010000000000000018,0.06810000000000001,8.30704379393054e-05,0.2412854071714705,5.579280810040173e-05,0.21597397986010783
KXU3-25JUN-T4.0,30.0,0.060774999999999954,0.935,30.0,0.001724999999999992,0.008200000000000013,0.0010316847814559839,0.3472620347487917,0.0008315607222560104,0.27768000226515205
KXNBADRAFT4-25-AB,14.0,0.20797500000000002,0.29500000000000004,12.0,0.0003999999999999996,0.131025,0.00046874264022454397,0.27019963268956976,0.0002563157091711765,0.2589395247831487
KXNBADRAFT4-25-AB,7.0,0.20589999999999997,0.29,7.0,0.0003999999999999996,0.12949999999999998,0.00022076518216548928,0.2945876744939705,0.00014056730190071284,0.24524349737693485
KXNBADRAFT4-25-AB,3.0,0.1476,0.18000000000000002,3.0,0.0003999999999999996,0.019400000000000004,7.477047229024672e-05,0.2032205960858766,5.7872247101587e-05,0.18816617188226634
KXAPRPOTUS-26MAR13-42.9,7.0,0.05639999999999999,0.06,4.958333333333333,0.0,0.3034,0.0001323712350252223,0.09844557553257394,0.00011557815933956353,0.1073360162596822
KXAPRPOTUS-26MAR13-42.9,3.0,0.20589999999999997,0.29,3.0,0.0,0.2505,9.03993571870735e-05,0.25580705935656434,4.961430162493607e-05,0.22994216067106954
KXBAFTASUPACTO-26-BEN,30.0,0.05639999999999999,0.06,30.0,0.0010499999999999997,0.13935,0.0009614984916413091,0.26518529461582163,0.0008975768565068061,0.22245975801456414
KXBAFTASUPACTO-26-BEN,14.0,0.1476,0.18,14.0,0.0003249999999999997,0.07312500000000001,0.0005065438595593073,0.2605653547471743,0.00042710647098474395,0.20997712631857696
KXBAFTASUPACTO-26-BEN,3.0,0.05639999999999999,0.06,3.0,9.99999999999999e-05,0.0049,6.531836371606264e-05,0.08218881617932029,6.212499999999999e-05,0.08395295378479155
KXPHILSNOWM-26MAR-3.0,30.0,0.20589999999999997,0.29,29.958333333333336,0.0030609999999999986,0.07011300000000001,0.0011550582459570165,0.373042921878573,0.0009136476346660174,0.2939597687147807
KXPHILSNOWM-26MAR-3.0,14.0,0.09000000000000001,0.1,14.000000000000004,0.001261,0.012813000000000001,0.0004781496355786466,0.17461130857244633,0.00042406023027970435,0.17386003538041023
KXA100MAX-26DEC31-1.240,30.0,0.2419,0.59,24.0,0.00015000000000000527,0.32150000000000006,0.0008983850516262049,0.3931747252047431,0.00061348839569197,0.31770438594248973
KXA100MAX-26DEC31-1.240,14.0,0.238975,0.605,14.0,5.0000000000000646e-05,0.255025,0.0005093844688230377,0.33937243190344696,0.0003405956209006725,0.29314551481688056
KXA100MAX-26DEC31-1.240,7.0,0.249975,0.505,8.0,0.0,0.245025,0.000256473769604835,0.30805192775401297,0.00017857545472093041,0.27874542220328125
KXA100MAX-26DEC31-1.240,3.0,0.249975,0.505,4.0,0.0,0.245025,0.00012025194439544647,0.29210111644672315,7.037149843663956e-05,0.2586481004555455
KXTRUMPMEET-26MAR-XJIN,30.0,0.203775,0.715,28.958333333333332,0.0010499999999999997,0.7195249999999997,0.0010938692262025746,0.4095589631583201,0.0007966491772778641,0.3233590153141451
KXTRUMPMEET-26MAR-XJIN,14.0,0.1875,0.25,13.999999999999998,0.0008999999999999993,0.42899999999999994,0.0005255927024448438,0.2872210815096948,0.00035587057731692587,0.22464411012220423
KXTRUMPMEET-26MAR-XJIN,7.0,0.1411,0.17,7.0,0.0007999999999999992,0.41069999999999995,0.0002293188614989128,0.23047212622401603,0.00019699759541608796,0.1711289310781946
KXTRUMPMEET-26MAR-XJIN,3.0,0.1875,0.25,3.0,0.0,0.4075,9.981533200908994e-05,0.20550386106844143,4.733450344460653e-05,0.22012016135043233
KXTOPSONG-26FEB14-CHO,14.0,0.156975,0.195,10.0,9.999999999999963e-05,0.815625,0.0003514860502219854,0.2243010917653325,0.0002945175958456284,0.20242835168371265
KXTOPSONG-26FEB14-CHO,7.0,0.2379,0.61,7.0,9.999999999999963e-05,0.6826000000000001,0.00021546574502682116,0.31483760844844655,0.00014467426953148528,0.2747570547580097
KXTOPSONG-26FEB14-CHO,3.0,0.24189999999999998,0.4099999999999999,3.0,9.999999999999963e-05,0.5745999999999998,8.591570450674617e-05,0.2624276299140933,2.8774171492505234e-05,0.24885178410284262
KXNBAEAST-25-CLE,30.0,0.2244,0.34,30.0,0.0012999999999999986,0.11330000000000001,0.001094813339056791,0.41043144925582437,0.0008978502344189651,0.3018906892781661
KXNBAEAST-25-CLE,14.0,0.2379,0.39,14.0,0.0004000000000000002,0.11290000000000001,0.0005002461172670225,0.31632944774705307,0.00030049860302406683,0.2981394046823468
KXNBAEAST-25-CLE,7.0,0.1275,0.15,7.0,0.00019999999999999982,0.06949999999999999,0.00024092399728795026,0.22521743259805369,0.00018809999505127204,0.16940003436961185
KXNBAEAST-25-CLE,3.0,0.21389999999999998,0.31,3.0,9.999999999999963e-05,0.04859999999999999,8.842039971165583e-05,0.23401834552470382,3.850686037721817e-05,0.2255854513351158
KXNATGASW-26JUN2617-T3.299,7.0,0.2331,0.37,6.0,0.0003999999999999963,0.22909999999999997,0.00020597737976579329,0.29232449817024403,0.00010199818921546409,0.2507575981419756
KXNATGASW-26JUN2617-T3.299,3.0,0.24189999999999998,0.4099999999999999,3.0,0.0,0.22869999999999996,7.397348021227201e-05,0.28653138977300346,3.7605606314299274e-05,0.2545670329839256
KXNBADRAFTPICK-26-7-DACU,30.0,0.1716,0.22,30.0,0.0021500000000000004,0.2613,0.001097094705456335,0.33904277415117823,0.000938905945184774,0.28392587720588547
KXNBADRAFTPICK-26-7-DACU,14.0,0.1716,0.22,14.0,0.0011499999999999993,0.25749999999999995,0.0005370921287242055,0.27096042098789497,0.00037794860107843385,0.23962506325563104
KXNBADRAFTPICK-26-7-DACU,7.0,0.1875,0.25,7.0,0.000699999999999999,0.25659999999999994,0.0002490725817031142,0.2477543280021267,0.0001263983183382179,0.2378733715266213
KXNBADRAFTPICK-26-7-DACU,3.0,0.22749999999999998,0.35,3.0,0.0004999999999999987,0.24659999999999996,0.00010630831582965492,0.263410849806639,4.50400965612426e-05,0.2550424930642093
KXBRENTMON-26JUN3017-T96.99,30.0,0.2356,0.38,28.0,0.0015999999999999973,0.0774,0.0010771493402915993,0.3826098197317336,0.000792446622759654,0.3097036071455085
KXBRENTMON-26JUN3017-T96.99,14.0,0.0819,0.09,14.0,0.0013999999999999993,0.0025,0.00044092260221001537,0.18612546670762406,0.0004130267071293513,0.1513112719680478
KXGAMEAWARDSBAD-2025-HAD,30.0,0.24977500000000002,0.48499999999999993,21.0,0.0013499999999999992,0.6645249999999999,0.0007218648763540062,0.3853932855687772,0.0005372786007548526,0.31702626207176665
KXGAMEAWARDSBAD-2025-HAD,14.0,0.0736,0.08,14.0,0.0010999999999999988,0.49749999999999994,0.00043411390743568326,0.16684458546376402,0.0003910106139081703,0.17299468724709946
KXGAMEAWARDSBAD-2025-HAD,7.0,0.0475,0.05,7.0,0.0003999999999999996,0.4971,0.000200524290084427,0.1293393468776768,0.00017532774324882595,0.11100755840716225
KXGAMEAWARDSBAD-2025-HAD,3.0,0.0819,0.09,3.0,0.0,0.49349999999999994,7.002042313271067e-05,0.12894530617855005,5.1804126314905395e-05,0.10698836407189909
CPICOREYOY-24AUG-T3.1,30.0,0.24,0.6,29.0,0.0001499999999999986,0.6405,0.0011050623470672757,0.4028066164466854,0.0007945213703112914,0.32106121711566316
CPICOREYOY-24AUG-T3.1,14.0,0.24697499999999997,0.445,14.0,0.0001249999999999991,0.5746,0.000501152771422326,0.3074424144482208,0.00033416464481126105,0.2703090201680937
CPICOREYOY-24AUG-T3.1,7.0,0.2211,0.33,7.0,0.0001249999999999991,0.550225,0.0002444195277980405,0.29260018432475526,0.0001442839303680393,0.24409209187512587
CPICOREYOY-24AUG-T3.1,3.0,0.22749999999999998,0.65,3.0,0.0,0.47530000000000006,8.041114753087403e-05,0.25564722091591,3.4969342182119435e-05,0.24332311888812158
KXNHLRICHARD-26-WJOH,30.0,0.069375,0.075,31.0,0.0002499999999999988,1.4634749999999996,0.0010427190562249094,0.26373190853877776,0.0009648090918830424,0.2310381483504476
KXNHLRICHARD-26-WJOH,14.0,0.14437499999999998,0.175,14.0,0.0002499999999999988,0.7009249999999999,0.0005555980414762591,0.2377024595898977,0.0004271023316925132,0.21130109508631215
KXNHLRICHARD-26-WJOH,3.0,0.0736,0.08,3.0,2.5000000000000045e-05,0.399275,5.1292201622166794e-05,0.12267049590536618,5.1757571200653026e-05,0.09402731047685198
KXXRPMAXMON-XRP-26APR30-170,30.0,0.0979,0.11,28.0,0.000999999999999999,0.09395,0.0010170881835256005,0.2883390126200249,0.0009165145100788505,0.22821178003354617
KXXRPMAXMON-XRP-26APR30-170,14.0,0.1411,0.17,14.0,0.00039999999999999986,0.0119,0.0005240814856111337,0.23194755085333482,0.0003810646114304505,0.2245460965532861
KXXRPMAXMON-XRP-26APR30-170,7.0,0.1056,0.12,7.0,0.00020000000000000004,0.0044,0.00023058196134762254,0.1722244859618028,0.00021130085864258145,0.140246582034158
KXXRPMAXMON-XRP-26APR30-170,3.0,0.0475,0.05,3.0,0.0001,0.0010000000000000002,6.105249172939385e-05,0.08180228350761037,5.855464167035515e-05,0.07865582987027864
KXNETFLIXRANKSHOWRUNNERUP-26JAN19-112,7.0,0.1131,0.13,5.0,0.0,0.5981,0.0001633683506360355,0.18374441663752022,0.00014794735122724786,0.14595107241964658
KXNETFLIXRANKSHOWRUNNERUP-26JAN19-112,3.0,0.21389999999999998,0.31,3.0,0.0,0.5786999999999999,9.38113662076545e-05,0.2618420811020564,6.11750530613654e-05,0.22684795368379881
KXCPICORE-26MAR-T0.0,30.0,0.11310000000000009,0.8699999999999999,29.0,0.0008499999999999849,0.005150000000000013,0.0009707224727304359,0.3890500513082546,0.0008241447839802594,0.3086452309865437
KXNETFLIXRANKSHOWRUNNERUP-26MAR09-BRI,7.0,0.1971,0.73,5.0,9.999999999999996e-05,0.48619999999999997,0.00013972204959418816,0.26137614079082977,9.53310069298631e-05,0.23239920224045232
KXTOPSONG-26MAY30-CHO,14.0,0.2499,0.51,10.0,0.0001,0.14639999999999997,0.00035102943739660097,0.31737571388354346,0.00019698198793782922,0.2754045298633408
KXTOPSONG-26MAY30-CHO,7.0,0.09000000000000001,0.1,7.0,0.0001,0.014300000000000002,0.00019784932715737863,0.1586060949321809,0.00017382921782197746,0.14851855711716375
KXTOPSONG-26MAY30-CHO,3.0,0.0736,0.08,3.0,0.0001,0.005300000000000001,4.816579098279635e-05,0.10265588239063032,6.337100984606525e-05,0.11597191146548083
KXRANKLISTSONGSPOTUSA-26MAY01-MOR,30.0,0.10177499999999999,0.11499999999999999,30.0,0.0007499999999999976,1.3807249999999995,0.0010497898518481309,0.29957344365017385,0.0009265512351475039,0.23408293473433703
KXRANKLISTSONGSPOTUSA-26MAY01-MOR,14.0,0.0475,0.05,14.0,0.0004999999999999978,1.3475499999999994,0.0004654577943389745,0.14027996451186722,0.0003993923587506613,0.1201890543196113
KXRANKLISTSONGSPOTUSA-26MAY01-MOR,7.0,0.13440000000000002,0.84,7.0,0.00039999999999999986,0.518,0.0002452626413033185,0.2517988206294376,0.00016960567545774467,0.1877307371784118
KXSAGAWARDACTR-25-MM,30.0,0.2016,0.28,30.0,0.0013249999999999972,0.183475,0.0011709104508166282,0.34143335527096125,0.0008454401319041843,0.3014317947624322
KXSAGAWARDACTR-25-MM,14.0,0.17709999999999998,0.22999999999999998,14.0,0.0006749999999999979,0.133725,0.0005053721853096321,0.2715422061357788,0.00038220929968916546,0.24538362065069172
KXSAGAWARDACTR-25-MM,7.0,0.2356,0.38,7.0,9.999999999999907e-05,0.10750000000000001,0.00025879759937111254,0.2868991182624423,0.0001096093120802966,0.2661581541423314
KXSAGAWARDACTR-25-MM,3.0,0.22749999999999998,0.35,3.0,9.999999999999907e-05,0.0966,8.726657830872945e-05,0.26899407360485716,5.7328306274692115e-05,0.24598999278665104
KXAAAGASW-26JUL06-3.780,7.0,0.14760000000000004,0.82,5.0,0.0,0.026799999999999987,0.00016707460544245268,0.22194805721832517,0.0001373063258648821,0.18935833418175313
KXAAAGASW-26JUL06-3.780,3.0,0.12040000000000001,0.86,3.0,0.0,0.009799999999999996,9.866511713899289e-05,0.20919084999444337,6.929645858368296e-05,0.1763902631653093
KXNETFLIXRANKMOVIEGLOBAL-26AUG24-DON,7.0,0.24840000000000004,0.46,5.0,0.0,0.09299999999999999,0.00016614936012161876,0.28468589984946735,8.144223511636037e-05,0.2662364684776307
KXNETFLIXRANKMOVIEGLOBAL-26AUG24-DON,3.0,0.13440000000000002,0.84,3.0,0.0,0.013600000000000001,9.990552631318033e-05,0.2360767688717254,5.457406098958901e-05,0.16268418490341513
KXBBCHARTPOSITIONSONG-26MAY09YUK-2,14.0,0.2496,0.48,10.0,2.5e-05,0.22572499999999998,0.00033526264362314416,0.3121168713434112,0.00021907376601518525,0.2829040628277445
KXMAKEMARMAD-26-MIA,30.0,0.2139,0.69,29.95833333333333,0.0006499999999999913,0.04585000000000003,0.001109353774508748,0.46574179066830096,0.0008390128651676636,0.3074819685496042
KXMAKEMARMAD-26-MIA,7.0,0.04750000000000004,0.95,6.958333333333329,0.00022499999999999707,0.005975000000000018,0.00024079007092077845,0.14808338152705797,0.0002110121987643495,0.13935732599262632
KXNETFLIXRANKMOVIE-25DEC08-JAY,3.0,0.15999999999999998,0.8,3.0,0.0,0.5105999999999999,9.081142650931992e-05,0.2261558991230433,7.261751936773217e-05,0.2021327846585848
KXNHLPACIFIC-26-SEA,30.0,0.1344,0.16,30.0,0.0003500000000000001,0.01155,0.0010759423576655258,0.3252827011742189,0.0009715928639108178,0.2671233518604089
KXPCECORE-26JUL-T0.2,30.0,0.22597499999999998,0.655,32.0,0.000624999999999995,0.40549999999999997,0.0011886280765905388,0.41403047198665843,0.0009141519974529325,0.31889324027134586
KXPCECORE-26JUL-T0.2,14.0,0.24,0.6,14.0,0.00022499999999999875,0.190725,0.0004912729037824087,0.3240543035105417,0.00032067630664462955,0.28426953709979513
KXPCECORE-26JUL-T0.2,7.0,0.21,0.3,7.0,0.0,0.1454,0.00022175753545542476,0.258542853934863,0.00018142018096481492,0.2331196100832031
KXPCECORE-26JUL-T0.2,3.0,0.22749999999999998,0.35,3.0,0.0,0.1357,7.386543747985391e-05,0.2699123006280648,6.019177119821218e-05,0.24394311752986142
KXCPIYOY-26MAY-T3.9,30.0,0.1824,0.76,30.0,0.0014499999999999882,0.016099999999999996,0.0010819938334688123,0.39993710374531743,0.0008919089491178162,0.30905143381636935
KXMARALAGO-26-MBS,30.0,0.05639999999999999,0.06,30.0,0.001499999999999999,0.07190000000000002,0.001005405248019477,0.26302842292704265,0.0009082770770746715,0.20550803724760883
KXMARALAGO-26-MBS,14.0,0.0819,0.09,14.0,0.0007999999999999999,0.03830000000000001,0.00045422745209122603,0.1563492821351374,0.0004006630557218872,0.16554487902074072
KXLEADERNFLRUSHTDS-26JAN05-DHEN,30.0,0.08597500000000001,0.095,30.0,0.0004999999999999997,0.633775,0.0010255520955503913,0.24417834638389788,0.000950966216071319,0.21637727335501444
KXLEADERNFLRUSHTDS-26JAN05-DHEN,7.0,0.16000000000000003,0.2,7.0,0.0,0.478,0.00022333653919878383,0.2697981405247691,0.00017161774736085023,0.2176189184327744
KXLEADERNFLRUSHTDS-26JAN05-DHEN,3.0,0.1275,0.15,3.0,0.0,0.4737,8.492706103049715e-05,0.20168428312377165,6.515619610430366e-05,0.17394323728203184
KXEUROVISIONJURY-26-FIN,30.0,0.144375,0.17500000000000002,30.0,0.0014500000000000008,0.08107500000000001,0.0010700403138728183,0.3250783140544001,0.0009832027106199835,0.29803217497115875
KXEUROVISIONJURY-26-FIN,14.0,0.1476,0.18,14.0,0.00047500000000000027,0.075025,0.0004857295972786383,0.279961738009381,0.00042773012011661427,0.2144124609413377
KXEUROVISIONJURY-26-FIN,7.0,0.1539,0.19,7.0,4.9999999999999535e-05,0.0731,0.00024717414683492466,0.2206650200897155,0.00017115358365148964,0.2170695548401298
KXEUROVISIONJURY-26-FIN,3.0,0.1476,0.18,3.0,0.0,0.0706,0.00010214713971896831,0.21361597859255282,6.008811043929147e-05,0.18555150870382953
KXSLCSNOWM-26MAR-0.1,30.0,0.14110000000000003,0.83,29.958333333333336,0.0006250000000000014,0.1440489999999999,0.0010232379939474432,0.358519825978032,0.0008877975450747257,0.285439780861446
KXRTX5090WS-26JUL03-1.250,30.0,0.249975,0.505,20.0,0.000825,0.6628,0.0007371264143615667,0.38607507043789296,0.0005075061381947864,0.3219607610317656
KXRTX5090WS-26JUL03-1.250,14.0,0.249975,0.495,14.0,0.0007749999999999999,0.22099999999999997,0.0005050027122291172,0.3220586558049844,0.00031565331138705286,0.29319425641457214
OSCARACTO-24-PG,30.0,0.21389999999999998,0.31,29.958333333333343,0.002225,0.06032499999999999,0.0011521970678812431,0.35138670224452073,0.0009995875906744483,0.2778713988702402
OSCARACTO-24-PG,14.0,0.0819,0.09,13.958333333333343,0.0016249999999999988,0.010725,0.00041694129534046426,0.19736083381455544,0.0003831131568862877,0.15613165501244594
OSCARACTO-24-PG,7.0,0.09000000000000001,0.1,6.958333333333343,0.0007249999999999997,0.007325,0.0001790618804044025,0.16150467699319887,0.00017536410676935048,0.14713520022776952
OSCARACTO-24-PG,3.0,0.09000000000000001,0.1,2.958333333333343,0.000225,0.006425,5.673807574662475e-05,0.13219449230456715,6.371344548271391e-05,0.10761529121505851
KXWTIW-26MAY15-B89.5,7.0,0.1275,0.15,6.0,0.0001,0.014599999999999998,0.00021911378248594735,0.21462634411904932,0.00017763579895529444,0.15044052649287515
KXRANKLISTSONGSPOTUSA-26MAY01-WEE,30.0,0.11677499999999998,0.13499999999999998,30.0,0.0016999999999999995,0.043875000000000004,0.0011166913237690564,0.3306817141243353,0.0009300072682216959,0.24709034853710649
KXRANKLISTSONGSPOTUSA-26MAY01-WEE,14.0,0.09000000000000001,0.1,14.0,0.0009999999999999998,0.0092,0.000440209368665115,0.20753305752027626,0.0003717395459047848,0.17474679730393852
KXTIME-25-SA,30.0,0.1056,0.12,30.0,0.001599999999999999,0.8147999999999996,0.0010813824844993767,0.2814656801364301,0.0009799902423869614,0.24638072525226268
KXTIME-25-SA,14.0,0.0736,0.08,14.0,0.0005999999999999997,0.8147999999999996,0.00041297425751926853,0.18551470719955007,0.00039109205031089933,0.1770656163685357
KXTIME-25-SA,7.0,0.09000000000000001,0.1,7.0,0.00019999999999999982,0.8131999999999996,0.00020491516235367373,0.15127722911845665,0.00018032446205342793,0.14349669134053258
KXTIME-25-SA,3.0,0.1411,0.17,3.0,0.0,0.8090999999999996,0.0001011375547750601,0.1766209123669387,6.336707372181331e-05,0.1691067275916874
KXNFLDRAFTPICK-26-10-SSTY,30.0,0.17710000000000004,0.23000000000000004,30.0,0.0004249999999999997,0.081925,0.0011222762522801128,0.3291011718663437,0.0008685489829709683,0.27376816141916016
KXNFLDRAFTPICK-26-10-SSTY,14.0,0.08597500000000001,0.09500000000000001,14.0,0.00015000000000000018,0.025525000000000006,0.00044642206002024754,0.1990857769881143,0.00039010163194699783,0.17315432105229572
KXNFLDRAFTPICK-26-10-SSTY,7.0,0.0979,0.11,7.0,9.999999999999996e-05,0.015600000000000004,0.00019939245241731797,0.16758812507358228,0.000159682245556056,0.13189203006013664
KXNCAAHOCKEY-26-UMD,14.0,0.0736,0.08,14.0,0.0006999999999999995,0.029700000000000004,0.00042565837718010007,0.1829069201608453,0.0003591371430475822,0.14369560483086588
KXNCAAHOCKEY-26-UMD,7.0,0.0475,0.05,7.0,9.99999999999999e-05,0.028800000000000006,0.0002080373354813854,0.1324645766308426,0.0001702715665020657,0.10473194164603573
KXNCAAHOCKEY-26-UMD,3.0,0.0819,0.09,3.0,0.0,0.027100000000000006,5.255285427884735e-05,0.14197171533743386,4.478161872609304e-05,0.10470174891029188
KXB200MAX-26DEC31-5.870,30.0,0.249975,0.5050000000000001,25.0,0.0003750000000000062,0.38395000000000007,0.0009676554064614531,0.3666722600007353,0.0006923287770749184,0.31915265616656635
KXB200MAX-26DEC31-5.870,14.0,0.24937499999999999,0.525,14.0,0.00012500000000000133,0.2401000000000001,0.0004986129869699736,0.3540854965141483,0.00029963792732005766,0.29720499964553143
KXB200MAX-26DEC31-5.870,7.0,0.249775,0.515,9.0,2.5000000000001153e-05,0.2401000000000001,0.0002915329082599341,0.32652241228497914,0.00016779872097879742,0.2852229526693384
KXB200MAX-26DEC31-5.870,3.0,0.249775,0.515,3.0,2.5000000000001153e-05,0.2401000000000001,8.996277331223875e-05,0.27563599758983703,4.295523185613194e-05,0.253770028719399
KXBILLBOARDRUNNERUPSONG-26SEP05-BOS,14.0,0.1275,0.85,9.0,0.0,0.45810000000000006,0.00026030095237234823,0.25079130750204426,0.00023135107172716083,0.19310973398210343
KXBILLBOARDRUNNERUPSONG-26SEP05-BOS,7.0,0.21000000000000002,0.7,7.0,0.0,0.08560000000000004,0.0002161423403033509,0.2807353991039981,0.00016588985654750817,0.250177087262029
KXNBADRAFTPICK-26-9-AMAR,30.0,0.07777500000000001,0.085,30.0,0.0010750000000000002,0.04405000000000001,0.0009630435194557885,0.24328736919885685,0.0008880670614350063,0.22583130135757265
KXNBADRAFTPICK-26-9-AMAR,14.0,0.08597500000000001,0.09500000000000001,14.0,0.0006999999999999998,0.04017500000000001,0.000428736664711315,0.18449966854843083,0.0003933670307019438,0.17017512484562786
KXNBADRAFTPICK-26-9-AMAR,7.0,0.09000000000000001,0.1,7.0,0.00037499999999999985,0.03592500000000001,0.00022579248034532325,0.17787494354983774,0.00017616269890813267,0.12768068254536813
KXNBADRAFTPICK-26-9-AMAR,3.0,0.07777500000000001,0.085,3.0,2.4999999999999906e-05,0.03530000000000001,5.578585379496322e-05,0.0927956228936326,5.033359296886334e-05,0.12210958016539177
KXMUSKNW-26JUL31-T1250,30.0,0.1411,0.17,29.0,0.0016749999999999985,0.03482500000000001,0.0011258430586381582,0.2653411437450201,0.0009336016163979319,0.24330254535279042
KXBRENTW-26JUL1717-T89.99,3.0,0.1771,0.23,3.0,0.0,0.020900000000000002,9.124497435044153e-05,0.22727756186880277,4.927300914005209e-05,0.20271513288150037
KXU3-25DEC-T4.3,30.0,0.060774999999999954,0.935,23.0,0.0005500000000000077,0.022074999999999997,0.0007772778607584394,0.30933579546757445,0.0006134926028328424,0.264963647512288
KXU3-25DEC-T4.3,14.0,0.06509999999999996,0.93,14.0,0.0005500000000000076,0.014900000000000002,0.00042898537058473645,0.25466025239078016,0.00037904998666676056,0.20559834381520603
KXU3-25DEC-T4.3,3.0,0.04750000000000004,0.95,3.0,0.0001000000000000024,0.011600000000000008,9.382260872752219e-05,0.10314353295527176,8.972066645316676e-05,0.09293790080933131
KXAAAGASM-25AUG31-3.05,30.0,0.06509999999999996,0.93,29.0,0.0007999999999999948,0.01249999999999996,0.00095632326659972,0.3716649373710943,0.0007941217334325595,0.2916196225421009
KXNETFLIXRANKSHOW-26MAY04-UNC,7.0,0.0979,0.11,5.0,0.00039999999999999986,0.0119,0.00011033843436658857,0.13743709490896827,0.00011375719578707994,0.1575602955837891
KXPAYROLLS-26MAY-T10000,30.0,0.2016,0.72,32.0,0.0011999999999999988,0.038650000000000004,0.0011729348898404533,0.42578289305876255,0.0009274403573116349,0.341354979692034
KXPAYROLLS-26MAY-T10000,14.0,0.15077499999999996,0.8150000000000001,14.0,0.0011249999999999964,0.02289999999999998,0.00047967642058264435,0.2650105283927757,0.00036459146668731986,0.23405114300623758
KXPAYROLLS-26MAY-T10000,7.0,0.1476000000000001,0.8199999999999998,7.0,0.0003000000000000072,0.02289999999999998,0.000248706199543684,0.2472812236343694,0.0001845449938218841,0.20954618352373963
KXPAYROLLS-26MAY-T10000,3.0,0.13440000000000002,0.84,3.0,0.0001000000000000024,0.022499999999999975,9.121419124031319e-05,0.21071379778492563,7.023147142646065e-05,0.1772941042135657
KXPAYROLLS-25MAR-T150000,30.0,0.25,0.5,29.958333333333336,0.0015999999999999942,0.29159999999999997,0.0011076197516028613,0.406160201667995,0.0008514511135495667,0.31468489682184364
KXPAYROLLS-25MAR-T150000,14.0,0.21389999999999998,0.31,14.000000000000004,0.00019999999999999925,0.2787,0.0006043079982952488,0.3038684594468796,0.00037754591350737333,0.2861545168166819
KXPAYROLLS-25MAR-T150000,7.0,0.2379,0.39,7.0,0.0,0.2709,0.0002207010119450283,0.32759765889760617,0.00014083830151645588,0.24589809408361313
KXPAYROLLS-25MAR-T150000,3.0,0.2379,0.39,3.0,0.0,0.26589999999999997,8.266213852851135e-05,0.25467096962044494,3.785863668548534e-05,0.25520610351856576
SNOWNYM-22MAR-T5,30.0,0.1056,0.12,29.958333333333336,0.003099999999999999,0.007699999999999999,0.0010557401586764742,0.24998141911479949,0.0009886026937762562,0.24541022900057974
SNOWNYM-22MAR-T5,14.0,0.05639999999999999,0.06,14.000000000000004,0.0012249999999999995,2.5e-05,0.0004738564744216589,0.17826092388141446,0.0004304910207787762,0.13880847596111667
KXNCAAFACC-25-UVA,30.0,0.1659,0.21,30.0,0.0004999999999999975,1.0702,0.0011703316913351622,0.3266221383040279,0.0009249234081461722,0.2848846769250399
KXNCAAFACC-25-UVA,14.0,0.21,0.3,14.0,0.00010000000000000018,1.0173,0.0004787828678133323,0.2850231812495017,0.0003501939767720382,0.2535556363734296
KXNCAAFACC-25-UVA,7.0,0.24,0.6,7.0,0.00010000000000000018,0.8959,0.00022971487288798214,0.2818659786786673,0.00012373920015042647,0.2661481459596894
KXNCAAFACC-25-UVA,3.0,0.2304,0.64,3.0,0.0,0.887,8.295314326928996e-05,0.2578229602794242,4.8041860636951784e-05,0.2448303449433649
NASDAQ100Y-23DEC29-B14750,30.0,0.1131,0.13,30.0,0.00225,0.0017000000000000008,0.0011236040684293235,0.2963675641747811,0.0009866928083566474,0.22468599720483431
NASDAQ100Y-23DEC29-B14750,14.0,0.05639999999999999,0.06,14.0,0.0010999999999999998,0.0009000000000000004,0.0004402106758304,0.157422678352995,0.00041818707046165445,0.1525479190362579
NASDAQ100Y-23DEC29-B14750,7.0,0.05639999999999999,0.06,7.0,0.0008999999999999998,0.0005000000000000002,0.00019340725741294246,0.11572953872856372,0.00018888680296637975,0.1022293087713474
KXTRUTHSOCIAL-26MAY02-B89,7.0,0.12040000000000001,0.14,6.0,0.00010000000000000018,0.3112999999999999,0.00020025748483058062,0.17730912182707903,0.00014777585211908143,0.1834616732248885
KXTRUTHSOCIAL-26MAY02-B89,3.0,0.2016,0.28,3.0,0.00010000000000000018,0.3042999999999999,7.372880688669546e-05,0.2428548095441239,5.697689567665549e-05,0.2243510099918874
KXCPI-25DEC-T0.2,30.0,0.240975,0.5950000000000001,25.0,0.0004000000000000007,0.2012749999999999,0.0009997874689893394,0.3993127076573401,0.0006194151093710093,0.33374549570009465
KXCPI-25DEC-T0.2,14.0,0.2499,0.51,14.0,0.00030000000000000057,0.10579999999999999,0.000514995055284995,0.3345796532513829,0.00031334881453688116,0.29303594378672915
KXCPI-25DEC-T0.2,7.0,0.2331,0.63,7.0,0.00010000000000000018,0.08339999999999999,0.0002683880528402736,0.2769124696960145,0.0001447484720671959,0.25792062347385886
KXCPI-25DEC-T0.2,3.0,0.2016,0.72,3.0,0.00010000000000000018,0.0705,9.135345530548254e-05,0.2316899954100638,4.473910096359907e-05,0.2242411443502242
KXNETFLIXRANKMOVIERUNNERUP-26MAY04-APE,7.0,0.20589999999999997,0.29,5.0,0.00019999999999999966,0.03289999999999999,0.000167798776746506,0.2458225937611551,9.38598411568987e-05,0.2258415095499269
KXNETFLIXRANKMOVIERUNNERUP-26MAY04-APE,3.0,0.1476,0.18,3.0,0.00010000000000000005,0.018500000000000003,8.211043782163422e-05,0.20413438369739062,4.591548649517702e-05,0.18217947881062063
KXAAAGASM-24NOV30-US-3.10,30.0,0.21000000000000002,0.7,29.041666666666668,0.0016999999999999964,0.17990000000000003,0.001193477777144911,0.3969234820555732,0.0008415290927023271,0.31619808417980433
KXAAAGASM-24NOV30-US-3.10,14.0,0.1971,0.27,14.000000000000002,0.0009999999999999985,0.037899999999999996,0.000534119492278704,0.3007449277036077,0.00039519980014966457,0.24577205191867307
KXAAAGASM-24NOV30-US-3.10,7.0,0.1275,0.15,7.0,0.0005999999999999989,0.012499999999999995,0.0002300211467467913,0.20027319040305577,0.00020636440200896077,0.18171805439008223
KXAAAGASM-24NOV30-US-3.10,3.0,0.1056,0.12,3.0,0.0003999999999999996,0.0036000000000000003,8.74229007949878e-05,0.143108442172698,9.353329673916219e-05,0.1328281391488327
KXAAAGASM-26JAN31-2.90,30.0,0.24,0.4,29.0,0.0007999999999999998,0.5448000000000001,0.0010752943932500517,0.4308484386968092,0.0008310707153004145,0.3213409667853763
KXAAAGASM-26JAN31-2.90,14.0,0.1344,0.16,14.0,0.00010000000000000018,0.44770000000000015,0.0005195550102966427,0.23834038273050318,0.00040868281941912956,0.2181306068426673
KXAAAGASM-26JAN31-2.90,7.0,0.22749999999999998,0.35,7.0,0.0,0.4115000000000002,0.00025327700557832523,0.2753085966827649,0.00014717646108558627,0.24728483144735122
KXAAAGASM-26JAN31-2.90,3.0,0.1538999999999999,0.8100000000000002,3.0,0.0,0.3349000000000001,0.0001042218528391901,0.22658340085102543,5.8861099404267055e-05,0.20628572927179717
KXAPRPOTUS-26JUN05-40.7,7.0,0.05639999999999999,0.06,6.0,0.0006999999999999997,0.0101,0.0001695868625313706,0.09245415354466686,0.0001512401242346526,0.12673576609550033
APRPOTUS-21DEC03-T41.3,7.0,0.2356,0.62,6.0,0.0,0.04180000000000002,0.0001979498739624371,0.3012898916326896,0.0001010115190585623,0.2668873087209132
APRPOTUS-21DEC03-T41.3,3.0,0.08189999999999997,0.91,3.0,0.0,0.002099999999999997,0.00012014581213572629,0.17309090064857643,0.0001023227821201329,0.11532095606837946
KXLAGODAYS-25MAR-5,30.0,0.1824,0.24,27.958333333333332,0.0016499999999999987,0.14959999999999998,0.0010414067679420437,0.32283712852815144,0.0008313251932231646,0.2689938454924713
KXLAGODAYS-25MAR-5,14.0,0.19240000000000002,0.26,13.999999999999998,0.0006499999999999999,0.019600000000000006,0.0005417961957433734,0.26007949785465345,0.0003948934886843865,0.2613205950276268
KXPAYROLLS-25DEC-T50000,30.0,0.249375,0.4750000000000001,30.000000000000007,0.0007500000000000013,0.537175,0.0011796073672672462,0.41797131239500585,0.0009040675666813475,0.32725458432192184
KXPAYROLLS-25DEC-T50000,14.0,0.2139,0.69,14.0,0.0006500000000000012,0.4953499999999999,0.000515853124297989,0.31977448936011604,0.0003232372825979528,0.272226341336761
KXPAYROLLS-25DEC-T50000,7.0,0.231775,0.635,7.0,0.0003250000000000006,0.49199999999999994,0.0002202403845187409,0.29823170634074253,0.00014097753463274067,0.2598755659603196
KXPAYROLLS-25DEC-T50000,3.0,0.22749999999999998,0.65,3.0,0.00010000000000000018,0.4915999999999999,9.171112409697573e-05,0.2557733707184561,5.186348232585585e-05,0.24344436398753028
CPICORE-24JUL-T0.2,30.0,0.1344,0.16,33.0,0.0014250000000000003,0.099325,0.0012322637499213014,0.32669953523294054,0.001090382989463838,0.2578158709291559
CPICORE-24JUL-T0.2,14.0,0.1716,0.22,15.0,0.0013250000000000004,0.04882499999999999,0.0005898865815199125,0.2755929291643412,0.00040707331873077385,0.24292273675962484
CPICORE-24JUL-T0.2,7.0,0.1659,0.21,7.0,0.0006499999999999992,0.04819999999999999,0.0002486852988564896,0.2610494875402277,0.0001634441391339873,0.20615230367562382
CPICORE-24JUL-T0.2,3.0,0.1716,0.22,3.0,0.0,0.04819999999999999,9.909790661902647e-05,0.21499101263750944,4.8661808324068996e-05,0.19474068730714308
KXLIGAMX-26CLA-CRA,30.0,0.12040000000000001,0.14,30.000000000000014,0.0011999999999999997,0.6519999999999998,0.0012460093875606482,0.2782589826288259,0.0009533802070123329,0.22761658070231142
KXLIGAMX-26CLA-CRA,14.0,0.19240000000000002,0.26,14.000000000000014,0.00030000000000000057,0.4652999999999998,0.0005500043713471292,0.2807289770005139,0.0003642267163850609,0.27451533818662255
KXLIGAMX-26CLA-CRA,7.0,0.2496,0.52,7.0,0.00010000000000000018,0.22589999999999988,0.00022180671930241476,0.2790227758877911,0.00012818117675376136,0.26939559003313684
KXLIGAMX-26CLA-CRA,3.0,0.2484,0.54,3.0,0.0,0.22299999999999986,9.619808876420885e-05,0.2737411824504137,3.821270345426693e-05,0.25589695435051774
KXFEDERALCHARGE-27JAN01-RCAS,30.0,0.1875,0.25,30.0,0.0007999999999999995,0.30475800000000003,0.0011697424414454025,0.3767117717389049,0.0009384618623615509,0.29223306759818574
KXFEDERALCHARGE-27JAN01-RCAS,14.0,0.17977499999999996,0.23499999999999996,14.0,0.00024999999999999935,0.299983,0.0005617692331567653,0.28320915003558483,0.0003876780465077856,0.22652062292427919
KXFEDERALCHARGE-27JAN01-RCAS,7.0,0.18749999999999997,0.24999999999999997,7.0,0.00012499999999999995,0.295033,0.0002474834367161151,0.3067910887983227,0.00016713549502720532,0.22681406722438113
KXFEDERALCHARGE-27JAN01-RCAS,3.0,0.15999999999999998,0.8,3.0,0.0,0.03640800000000001,9.335898495479844e-05,0.22790330406190898,6.711971256534925e-05,0.1859272464875107
KXUCLRO16-26-BEN,30.0,0.24937499999999999,0.475,29.999999999999986,0.0008000000000000009,0.32062499999999994,0.0011816910816944222,0.428532437851505,0.0008543933348274112,0.32404897988656556
KXUCLRO16-26-BEN,7.0,0.20589999999999997,0.29,7.0,0.0002499999999999999,0.02725,0.0002382968615673703,0.2667378878601622,0.0001575484720505695,0.24533146144480114
KXUCLRO16-26-BEN,3.0,0.0819,0.09,3.0,2.4999999999999906e-05,0.009125,5.724616418113152e-05,0.12535046677965853,6.108862676018788e-05,0.10658011163432039
KXPAYROLLS-25NOV-T150000,30.0,0.0475,0.05,29.999999999999996,0.0004999999999999998,0.023600000000000006,0.001055876542765228,0.22729218236479715,0.0008881051086839381,0.2035474208664594
KXPAYROLLS-25NOV-T150000,14.0,0.0979,0.11,14.0,0.0003,0.015400000000000004,0.00042116469710579553,0.18495434844448141,0.0004062522731644197,0.18916354605654206
KXPAYROLLS-25NOV-T150000,7.0,0.1131,0.13,7.0,0.0003,0.007600000000000001,0.00023733399048319554,0.16989498518985383,0.0002149957827478373,0.1586941397753797
KXPAYROLLS-25NOV-T150000,3.0,0.0979,0.11,3.0,0.0003,0.0064,5.255791996626791e-05,0.13623127032109003,6.051041923199914e-05,0.12411223032812144
KXMLBWINS-BOS-26-T75,30.0,0.051974999999999945,0.9450000000000001,29.99999999999997,0.0008750000000000027,0.0017500000000000033,0.0010366791666226297,0.3530216441241605,0.000847451561152786,0.2955769503349216
KXUECL-26-CRY,30.0,0.2484,0.45999999999999996,30.0,0.0006000000000000011,0.1444,0.0011645993997481093,0.43291541578163345,0.0008623207507400531,0.33460581369804926
KXUECL-26-CRY,14.0,0.2304,0.64,14.0,0.00030000000000000057,0.11189999999999997,0.000498948547258926,0.3395400972540974,0.0003033407384777259,0.29727851969704433
KXUECL-26-CRY,7.0,0.22749999999999998,0.65,7.0,0.00010000000000000018,0.11059999999999998,0.00023462870144812839,0.2957137946686432,0.0001311477169795642,0.260351869083262
KXUECL-26-CRY,3.0,0.2211,0.67,3.0,0.0,0.10889999999999997,9.026657093552513e-05,0.24942374461886324,4.8383811649670394e-05,0.2342154700945659
KXMARMADROUND-26T2-IOWA,30.0,0.0475,0.05,26.958333333333336,0.001075,0.010125000000000002,0.0008817150809146837,0.2339243934517856,0.0008186352381727152,0.20913482962827232
KXRANKLISTSONGSPOTUSA-26MAY01-ELL,3.0,0.1971,0.73,3.0,0.0,0.03710000000000001,0.00010068695718828575,0.2493521545670756,5.695735508666814e-05,0.2180204694352302
OSCARNOMPIC-25-S5,30.0,0.1824,0.24,30.0,0.0013999999999999993,0.13085000000000002,0.0011376333718358456,0.3455352628942556,0.000986280239895136,0.27734404743554547
OSCARNOMPIC-25-S5,14.0,0.10560000000000001,0.12000000000000001,14.0,0.00010000000000000018,0.12175,0.0004537192731142371,0.23096637991217692,0.00039092329648448914,0.17472307821904143
OSCARNOMPIC-25-S5,7.0,0.2211,0.33,7.0,0.00010000000000000018,0.06704999999999998,0.00024352525982508234,0.28484638306874843,0.00012180571592033569,0.2434701662985538
OSCARNOMPIC-25-S5,3.0,0.19240000000000002,0.26,3.0,0.0,0.05499999999999999,9.795911010559016e-05,0.26835830105600406,5.4842170524803216e-05,0.21314777014575662
KXCPIYOY-26JUL-T3.1,30.0,0.15389999999999995,0.81,30.0,0.0018249999999999946,0.03617499999999998,0.0010466526422821746,0.3679802132631393,0.000898311740643641,0.312770187696231
KXCPIYOY-26JUL-T3.1,3.0,0.04750000000000004,0.95,3.0,0.0003999999999999963,0.005899999999999999,8.99301795043221e-05,0.1092069844655158,8.511037533859078e-05,0.09733140582828298
KXAAAGASM-25JUN30-2.95,30.0,0.14110000000000003,0.83,28.0,0.0011500000000000043,0.008600000000000007,0.0010273043316780957,0.37933939421612706,0.0007970009940890403,0.27391823034836466
KXPAYROLLS-26JAN-T20000,30.0,0.09789999999999999,0.89,30.0,0.0006000000000000067,0.1376,0.0010656403621044676,0.3517857140718895,0.0008040610689699767,0.29841988620273985
KXPAYROLLS-26JAN-T20000,14.0,0.0899999999999999,0.9000000000000001,14.0,0.00020000000000000258,0.12999999999999995,0.00043820340058491037,0.26407030158194494,0.0003279732567718359,0.23350982287635474
KXPAYROLLS-26JAN-T20000,7.0,0.1056,0.88,7.0,0.0001000000000000024,0.12709999999999996,0.00022472999278367947,0.20096513640996805,0.00018622572057234966,0.18862797288519115
KXPAYROLLS-26JAN-T20000,3.0,0.19240000000000002,0.74,3.0,0.0,0.12039999999999997,8.569360251376362e-05,0.23815035621693034,4.9314699250903175e-05,0.22435853582823856
KXPAYROLLS-26MAR-T-25000,30.0,0.05639999999999995,0.9400000000000001,29.958333333333343,0.002049999999999976,0.04615000000000001,0.001001557536605435,0.34927515877038684,0.0008563678461322327,0.32545038534462134
KXPAYROLLS-26MAR-T-25000,14.0,0.14110000000000003,0.83,14.0,0.0007999999999999838,0.02289999999999998,0.0004702629465671922,0.2948583195490989,0.0003631985069010746,0.22379582347763552
KXPAYROLLS-26MAR-T-25000,7.0,0.14110000000000003,0.83,7.0,0.00039999999999999183,0.02289999999999998,0.0002406595477182292,0.2792831526597388,0.00019146663310536585,0.2117780496056961
KXPAYROLLS-26MAR-T-25000,3.0,0.1476000000000001,0.8199999999999998,3.0,0.0001000000000000024,0.02289999999999998,9.090091149588767e-05,0.22064708316385911,4.744673527327373e-05,0.1889323669982145
KXCPI-25JAN-T0.2,30.0,0.2176,0.68,31.0,0.0007499999999999913,0.18290000000000003,0.0011551105828828527,0.4083692878246941,0.0008970493680105818,0.32894341470224076
KXCPI-25JAN-T0.2,14.0,0.1824,0.76,14.0,0.0006249999999999922,0.05622499999999997,0.0005302234238634204,0.3085926790551874,0.0003158196253799188,0.26036681643692366
KXCPI-25JAN-T0.2,7.0,0.1824,0.76,8.0,0.000524999999999992,0.03732499999999997,0.000267883113981054,0.2797280596771586,0.00018997720162167303,0.2297874694385939
KXCPI-25JAN-T0.2,3.0,0.09789999999999999,0.89,3.0,0.00039999999999999183,0.025899999999999975,9.062945120714603e-05,0.20922396075823152,7.615185012272606e-05,0.14684063138828635
KXNCAAFACC-25-GT,30.0,0.22749999999999998,0.35,30.041666666666657,0.0017499999999999998,0.8109999999999999,0.0012220187696827933,0.4122913024950573,0.0009356738046135365,0.3184291715057619
KXNCAAFACC-25-GT,14.0,0.2379,0.39,14.0,0.0010500000000000006,0.5767,0.0004943570895898124,0.326119129078117,0.0002926654485391735,0.29112548498141544
KXNBADRAFTPICK-26-9-DACU,3.0,0.0564,0.060000000000000005,3.0,0.0004500000000000001,0.0005000000000000002,0.00014514234352875195,0.1038653002341474,0.0001508726500184158,0.12142189583931914
538APPROVE-22OCT26-T41.3,7.0,0.0736,0.08,5.0,0.00030000000000000057,0.029099999999999997,0.00012391945098700694,0.13160067839219905,9.716075340985097e-05,0.13614955220798175
538APPROVE-22OCT26-T41.3,3.0,0.16000000000000003,0.2,3.0,0.00020000000000000036,0.016999999999999998,9.285136414795578e-05,0.20970000744363848,6.0034426899274673e-05,0.19281708362743366
PAYROLLS-24SEP-T200000,30.0,0.2499,0.49,28.0,0.0008749999999999999,0.8101250000000002,0.001065176939950077,0.40061435681760516,0.0007952583007694189,0.33514508196620696
PAYROLLS-24SEP-T200000,14.0,0.2016,0.28,14.0,0.0001250000000000005,0.6821250000000001,0.0005212558565605667,0.31968766824264355,0.0003722529827439484,0.24839152400450776
PAYROLLS-24SEP-T200000,7.0,0.16000000000000003,0.2,7.0,0.0,0.6776000000000001,0.00021455405328934846,0.2498335536506273,0.00017214591014079903,0.20084930113059069
PAYROLLS-24SEP-T200000,3.0,0.1476,0.18,3.0,0.0,0.6742000000000001,7.983048945131223e-05,0.21427827197168045,6.497766664515025e-05,0.17293703504666647
KXTRUTHSOCIAL-26MAY09-B129,7.0,0.17709999999999998,0.22999999999999998,6.0,0.00019999999999999963,0.0159,0.00019739736362695158,0.2353433777870752,0.00010904891728541186,0.20931319142636062
KXTRUTHSOCIAL-26MAY09-B129,3.0,0.0475,0.05,3.0,0.0001,0.0010000000000000002,7.380017510082859e-05,0.08821709371369249,6.313207417836089e-05,0.09864248110509727
KXNETFLIXRANKSHOWRUNNERUP-26APR20-TRU,7.0,0.1476000000000001,0.8199999999999998,5.0,0.00019999999999999348,0.4044000000000001,0.00019199588242843193,0.2457966764270618,0.00012088544032127466,0.19286959564775913
KXNETFLIXRANKSHOWRUNNERUP-26APR20-TRU,3.0,0.16000000000000003,0.2,3.0,9.999999999999996e-05,0.03230000000000001,0.00010136109401066981,0.21880779167800168,4.22778479249999e-05,0.18301081951073267
KXSOLMAXMON-SOL-26MAR31-12000,30.0,0.093975,0.105,28.958333333333332,0.0017249999999999993,0.020000000000000004,0.0010189585724995698,0.27084590042504136,0.000891606376297651,0.23090870034854574
KXSOLMAXMON-SOL-26MAR31-12000,14.0,0.1056,0.12,13.999999999999998,0.0006499999999999998,0.004100000000000001,0.00046775196945446893,0.20437276304700747,0.0004290303467875059,0.1757629782330202
KX1SONG-DEC2626-BTS,30.0,0.1538999999999999,0.8100000000000002,29.95833333333333,0.0015499999999999984,0.7318499999999999,0.0010385468228569666,0.3674958859903957,0.00083830425688209,0.2983163041097908
KX1SONG-DEC2626-BTS,14.0,0.12040000000000001,0.86,14.0,0.00020000000000000036,0.7198,0.0004284511993139079,0.2939687540824491,0.00035926930433418476,0.24685677488692842
KX1SONG-DEC2626-BTS,7.0,0.19240000000000002,0.26,7.0,0.0001000000000000024,0.4591,0.00022670877885430936,0.26791443125335207,0.00016447039279461492,0.21202652025416746
KX1SONG-DEC2626-BTS,3.0,0.056400000000000144,0.9399999999999998,3.0,0.0,0.002600000000000007,0.00010701792235818727,0.15042160708868582,9.930238527543031e-05,0.09416480188289157
KXGOLDW-26MAY1517-T4535.99,7.0,0.12040000000000001,0.86,6.0,0.0009499999999999995,0.007599999999999991,0.00019409915766247906,0.2454594540553284,0.00017675549632732826,0.19089969311564914
KXGOLDW-26MAY1517-T4535.99,3.0,0.06937500000000006,0.9249999999999999,3.0,0.0006249999999999934,0.003999999999999998,0.00011956210332270296,0.16290193197614314,0.00010969636781622354,0.11502276702176693
KXRANKLISTSONGSPOTUSA-26APR01-TAY,30.0,0.1539,0.19,29.958333333333336,0.002824999999999999,0.548425,0.0011330234853266638,0.32554290354419474,0.000995534048128815,0.2595561958249075
TSAW-21DEC05-A2,7.0,0.1056,0.12,5.0,0.0005999999999999996,0.0026000000000000003,0.00016215711406628543,0.16238978644675914,0.0001324267509618389,0.13976778390570396
TSAW-21DEC05-A2,3.0,0.09000000000000001,0.1,3.0,0.00039999999999999986,0.0026000000000000003,7.575107624520999e-05,0.151553611965248,6.47213445132408e-05,0.11213758242385248
KXNBA2NDTEAM-26-CCUN,30.0,0.2016,0.28,30.0,0.0004249999999999999,1.468425,0.0011158410902584164,0.3684740898302924,0.0009172671523474485,0.28286849180921597
KXNBA2NDTEAM-26-CCUN,14.0,0.156975,0.19499999999999998,14.0,0.0003250000000000003,0.18379999999999994,0.0005200499640910143,0.25136206552665014,0.0003972834584141194,0.2225880529529158
KXNBA2NDTEAM-26-CCUN,7.0,0.24909999999999996,0.4699999999999999,7.0,0.00010000000000000018,0.10559999999999997,0.0002746485708088832,0.3162245160349758,0.00014524976688737253,0.2524955460442163
KXNBA2NDTEAM-26-CCUN,3.0,0.0819,0.09,3.0,0.00010000000000000018,0.009400000000000002,5.987201433990308e-05,0.10797145562373985,6.117700744390797e-05,0.12288638602899997
TOPARTIST-24-TS,30.0,0.13440000000000002,0.84,30.0,0.0012249999999999865,0.38897499999999996,0.0010547556767060546,0.3639011781249622,0.0008864159608601272,0.3155525100067716
TOPARTIST-24-TS,14.0,0.09789999999999999,0.89,14.0,0.0006249999999999945,0.015474999999999921,0.0003961528944388297,0.29848795695365077,0.00035634603753360443,0.22303607612706286
TOPARTIST-24-TS,7.0,0.0899999999999999,0.9000000000000001,7.0,0.00012500000000000022,0.009424999999999949,0.00020327352462165595,0.21158278343786668,0.0001977617030370988,0.1644681873274294
KXSURVIVORELIMINATION-26APR18-BEN,3.0,0.13440000000000002,0.84,3.0,0.0,0.02100000000000001,9.622745500824954e-05,0.19986365022451935,5.246493850668726e-05,0.17818156489800807
KXACMAEOTY-60-MW,30.0,0.2211,0.33,28.0,0.000525000000000002,0.520475,0.0010658701207094956,0.3642832125496521,0.0008484008385451453,0.29726733227955116
KXACMAEOTY-60-MW,14.0,0.248775,0.46499999999999997,14.0,0.00025000000000000044,0.44992499999999985,0.0004972139266989843,0.3357203874902208,0.0003559494141646577,0.287111260875485
KXACMAEOTY-60-MW,7.0,0.21000000000000002,0.7,7.0,0.0,0.3959999999999999,0.0002238511415995124,0.2865627386193783,0.00013182869700960342,0.2644070179845805
KXACMAEOTY-60-MW,3.0,0.19240000000000002,0.74,3.0,0.0,0.31139999999999995,8.027224916410074e-05,0.25491508816483766,6.643104083971198e-05,0.20703969841467704
KXLAGODAYS-26JAN-4,30.0,0.2016,0.28,29.0,0.0009999999999999996,0.907,0.0010754841873766192,0.3874640976292365,0.0008440386637440195,0.29888133210716883
KXLAGODAYS-26JAN-4,14.0,0.2436,0.58,14.0,0.00010000000000000018,0.6581,0.0005338079325971834,0.33783380194274737,0.00029197413143468927,0.28930720257095305
KXLAGODAYS-26JAN-4,7.0,0.1824,0.76,7.0,0.00010000000000000018,0.34010000000000007,0.00026066164226129333,0.292765220375782,0.00016991554654318883,0.22382183660780633
KXLAGODAYS-26JAN-4,3.0,0.2356,0.38,3.0,0.0,0.18300000000000005,7.475874617369829e-05,0.2679682136861647,5.024752061970655e-05,0.2461111188280986
KXAAAGASM-25NOV30-3.10,30.0,0.2016,0.28,28.041666666666668,0.001799999999999999,0.0376,0.0011048006235420754,0.3420770684062451,0.0009240506096216326,0.29363720400920246
KXAAAGASM-25NOV30-3.10,14.0,0.1875,0.25,14.000000000000002,0.0006000000000000002,0.010499999999999999,0.0005276310610408752,0.299742807020132,0.00041977556735042705,0.26152137804721975
KXAAAGASM-25NOV30-3.10,7.0,0.0651,0.07,7.0,0.0002,0.0037000000000000006,0.0001806270466862514,0.13627127889767995,0.00019548080000489736,0.1325808676228563
KXNCAAFPLAYOFF-25-CIN,30.0,0.12040000000000001,0.14,30.000000000000007,0.00032499999999999966,0.512725,0.0011519278316015687,0.2968784218145184,0.0010104088537282176,0.23621597684909004
KXNETFLIXRANKMOVIE-26MAR23-WAR,7.0,0.0819,0.09,5.0,9.99999999999999e-05,0.0026,0.00013278885734815097,0.11811920382799024,0.0001014008161187574,0.12699084637920804
KXNETFLIXRANKMOVIE-26MAR23-WAR,3.0,0.0736,0.08,3.0,0.0,0.0026,5.799330734663411e-05,0.0885835943854469,5.8209926385353104e-05,0.09887135730072272
KXWMARMADROUND-26T2-UCLA,30.0,0.24997500000000003,0.49499999999999994,29.95833333333333,0.0002749999999999994,1.8822500000000002,0.0011552209627723683,0.4121882870334925,0.0007971712380587078,0.33170998748219815
KXWMARMADROUND-26T2-UCLA,14.0,0.2304,0.64,13.999999999999993,0.00020000000000000036,0.6174000000000001,0.0004731123585025592,0.3207363724781543,0.00030022561779870357,0.28622102747944334
KXWMARMADROUND-26T2-UCLA,7.0,0.2484,0.45999999999999996,6.999999999999993,0.00010000000000000129,0.5057,0.000223496295286154,0.2977401875073549,0.00012051242564511699,0.27787021249829097
KXWMARMADROUND-26T2-UCLA,3.0,0.2499,0.51,3.0,0.00010000000000000129,0.31720000000000004,8.884608496586038e-05,0.27774572158827693,3.992131122055867e-05,0.26008387441018976
KXCRYPTORETURNY-25-BTC,30.0,0.2419,0.59,30.0,0.000999999999999998,0.17249999999999993,0.0011538177177897475,0.43574692267972764,0.0008380852545910605,0.32625399060687826
KXCRYPTORETURNY-25-BTC,14.0,0.16000000000000003,0.2,14.0,0.0006999999999999998,0.0341,0.0004973157794363486,0.24151736709832633,0.00041159969018848786,0.234625670866061
KXCRYPTORETURNY-25-BTC,7.0,0.05639999999999999,0.06,7.0,0.0001999999999999999,0.024999999999999998,0.0001635937205724869,0.11110230393988499,0.00019156374529387662,0.10117135909212557
KXCRYPTORETURNY-25-BTC,3.0,0.05639999999999999,0.06,3.0,0.0001,0.0016999999999999995,5.9938587326772036e-05,0.10980801494414355,6.049796371953008e-05,0.0960196939066135
TNOTEW-24MAY24-B4.27,7.0,0.051975,0.055,6.0,0.0006499999999999999,0.0020250000000000003,0.00024837320227633563,0.1088399521994997,0.00026140561252651473,0.12260692856113994
KXGRAMMYNOMNAOTY-68B-KAT,30.0,0.18749999999999997,0.24999999999999997,30.04166666666667,0.0010249999999999997,0.5661749999999998,0.0012410295230140056,0.3581753163133115,0.0010351255639563723,0.28864725771749955
KXGRAMMYNOMNAOTY-68B-KAT,14.0,0.21389999999999998,0.31,14.041666666666671,0.0005999999999999989,0.5462999999999998,0.0005461827637940563,0.3160791013541578,0.00042407243016697865,0.26864001335798166
KXGRAMMYNOMNAOTY-68B-KAT,7.0,0.1275,0.15,7.041666666666671,0.0003999999999999996,0.5334999999999998,0.00028951656508031926,0.19181678493983081,0.0002171446325082864,0.1699379948980191
KXGRAMMYNOMNAOTY-68B-KAT,3.0,0.1056,0.12,3.0,0.0,0.5309999999999997,7.535899724652324e-05,0.14488177638769031,8.398670712613567e-05,0.15368189956634823
KXMLBWORLD-26-USA,30.0,0.2484,0.54,29.958333333333314,0.0010999999999999998,0.6915,0.0011491956101496563,0.4090759185436474,0.0008976143874026512,0.32302597547648476
KXMLBWORLD-26-USA,14.0,0.2496,0.52,13.958333333333314,0.0004999999999999987,0.6885,0.0004965966876633678,0.33683136586663737,0.0003253317160046155,0.2784140994194646
KXMLBWORLD-26-USA,7.0,0.2499,0.49,7.0,0.0003999999999999985,0.6873,0.00023742878445517714,0.3242387043675318,0.0001107223846049131,0.2701485584902698
KXMLBWORLD-26-USA,3.0,0.24,0.4,3.0,0.0,0.6164000000000001,7.889048898272046e-05,0.25649600614405554,4.440428447611078e-05,0.25271556370685616
TNOTEW-24JUL26-B4.15,7.0,0.0475,0.05,6.0,0.0,0.003300000000000001,0.00015830711096611805,0.10791701574216994,0.00015659218488204586,0.09833633613742811
TNOTEW-24JUL26-B4.15,3.0,0.0475,0.05,3.0,0.0,0.003300000000000001,7.662958578288018e-05,0.11062144710502274,6.997655149776958e-05,0.09612437369406429
KXRANKLIST1SONG-26JAN-GOL,30.0,0.2419,0.59,30.0,0.0015499999999999976,0.5254,0.0011196249783701185,0.4150797217047215,0.0008367502750280713,0.3363485959748753
KXRANKLIST1SONG-26JAN-GOL,14.0,0.0819,0.09,14.0,0.00065,0.04329999999999999,0.00042670697420015203,0.16772977075300446,0.0003898774137536687,0.16558346702901894
KXRANKLIST1SONG-26JAN-GOL,7.0,0.1476,0.18,7.0,0.0002,0.010999999999999998,0.00024092779074718859,0.20687250566742996,0.0001533599482100856,0.20812472793538142
KXOAIGOOGLE-25DEC31-20,14.0,0.0736,0.08,14.0,0.00030000000000000003,0.006900000000000002,0.0004484133877315546,0.18151170129175476,0.0004047463955027665,0.15078654058596963
KXBBCHARTPOSITIONSONG-26MAY09YUK-3,14.0,0.2496,0.48,10.0,0.0,0.6890000000000001,0.0003462178869033089,0.3232489913565398,0.00022774186147968473,0.28035765862022943
KXBBCHARTPOSITIONSONG-26MAY09YUK-3,3.0,0.0475,0.05,3.0,0.0,0.0017000000000000001,8.370923647584301e-05,0.09063941999374366,6.650000000000002e-05,0.0935808120273343
KXBOSSNOWM-26MAR-3.0,30.0,0.2484,0.54,29.958333333333336,0.0008189999999999897,0.23150099999999998,0.0011314334911875182,0.4244577984578231,0.0007939093392077438,0.32592896716411135
KXBOSSNOWM-26MAR-3.0,14.0,0.1716,0.22,14.000000000000004,0.00031899999999999995,0.11400100000000002,0.0005628242898035074,0.2811597476241569,0.0004247194360047385,0.2441272182759193
KXBTCMINY-25-2-DEC31-110000,30.0,0.17709999999999998,0.77,25.0,0.0,0.10509999999999993,0.0009280864082948329,0.3685071396377158,0.0007296718944418679,0.2997152166101866
KXBTCMINY-25-2-DEC31-110000,14.0,0.22749999999999998,0.65,14.0,0.0,0.05810000000000003,0.0004812568736980597,0.3434561228037233,0.00032549336694153846,0.2848693579284045
KXBTCMINY-25-2-DEC31-110000,7.0,0.1476000000000001,0.8199999999999998,7.0,0.0,0.024800000000000003,0.0002346834240585108,0.2583121837542557,0.0001745110394058467,0.19718662414857474
KXBTCMINY-25-2-DEC31-110000,3.0,0.1659,0.79,3.0,0.0,0.01769999999999999,8.211374593933948e-05,0.23580163862140543,5.444190905460166e-05,0.19486913337333905
KXSILVERW-26JUN2617-T46.99,7.0,0.15697500000000003,0.8049999999999999,6.0,0.0007999999999999926,0.03432499999999998,0.0002206767785075081,0.25390352340768374,0.00014361575477446102,0.20354121063174133
KXWTIW-26MAY2214-B105.50,7.0,0.09000000000000001,0.1,6.0,0.00010000000000000018,0.006300000000000001,0.00017486892051328117,0.1891927468592894,0.00014527966947005657,0.1519338125918288
KXWTIW-26MAY2214-B105.50,3.0,0.0651,0.07,3.0,0.0,0.0047,7.016381788490486e-05,0.10153940026171976,6.808397235115418e-05,0.11301780588471909
KXETHMAXY-25DEC31-5499.99,30.0,0.0475,0.05,29.999999999999986,0.0014500000000000003,0.0005000000000000002,0.0010311866897565298,0.24689517179440115,0.0008682073444791746,0.2173142580629253
KXNEWTARIFFS-26APR01,30.0,0.1875,0.75,28.958333333333332,0.0011999999999999956,0.07769999999999996,0.0010983462452636005,0.3954349321141723,0.0008677012990714064,0.30737086766155697
KXNEWTARIFFS-26APR01,14.0,0.1971,0.27,13.999999999999998,0.0007999999999999993,0.010100000000000001,0.0005112509049957102,0.3199692035345663,0.00034443425161331863,0.25393258347989645
KXNEWTARIFFS-26APR01,7.0,0.0979,0.11,7.0,0.0002999999999999998,0.0036,0.00018795509414302135,0.1450582207315403,0.00018204968535430173,0.14098683622690292
KXNEWTARIFFS-26APR01,3.0,0.0651,0.07,3.0,0.00010000000000000005,0.002,6.87332564271519e-05,0.10433566373729629,6.941710760914678e-05,0.10235177628836473
KXEMMYLIMITEDACTO-77-SG,30.0,0.20159999999999997,0.27999999999999997,30.0,0.0005249999999999981,0.4876249999999999,0.0011876910193850435,0.38350846014370105,0.0008921172683577545,0.3032627297693952
KXEMMYLIMITEDACTO-77-SG,14.0,0.1875,0.25,14.0,9.999999999999907e-05,0.4849999999999999,0.00047873425975156615,0.29507215851816865,0.00037697361999314364,0.23499644529835045
KXEMMYLIMITEDACTO-77-SG,7.0,0.21389999999999998,0.31,7.0,9.999999999999907e-05,0.4795999999999999,0.00023582680830082432,0.2771612532168428,0.000138846577088147,0.2465828908975332
KXEMMYLIMITEDACTO-77-SG,3.0,0.2244,0.34,3.0,9.999999999999907e-05,0.4786999999999999,9.662862465492545e-05,0.2619306001020681,4.376740174074584e-05,0.23814147772385943
KXMARMADROUND-26RO32-HOF,30.0,0.20589999999999997,0.29,28.958333333333336,0.00012499999999999968,0.494525,0.0011033673164034523,0.38288084068068257,0.0008963615814825127,0.3121412683835464
KXMARMADROUND-26RO32-HOF,14.0,0.051975,0.055,13.958333333333336,0.00012499999999999968,0.4393,0.0005108360277736917,0.1445168331560599,0.0004943910670661003,0.12664668154456257
KXMARMADROUND-26RO32-HOF,7.0,0.21197500000000002,0.305,7.0,0.0,0.339025,0.00022068734392420943,0.279667791540865,0.00013141910980621498,0.23826352542851117
KXMARMADROUND-26RO32-HOF,3.0,0.1344,0.16,3.0,0.0,0.0328,9.73514091384008e-05,0.1895702730654422,5.1920490175774886e-05,0.15708767971707627
KXTEAMSINSB-26-BUFPHI,30.0,0.0475,0.05,30.0,0.0008000000000000003,0.006900000000000002,0.0009807613768024399,0.23798955504832853,0.0009422734838440697,0.207045912625221
KXTEAMSINSB-26-BUFPHI,14.0,0.0651,0.07,14.0,0.0005000000000000002,0.0030000000000000005,0.0004630115568389774,0.15208971487052325,0.0004093850935601676,0.13878413116591592
KXTEAMSINSB-26-BUFPHI,7.0,0.0475,0.05,7.0,0.00030000000000000014,0.001,0.00019036424054126138,0.10617294512436777,0.0001920882868339261,0.09741920065471539
GAS-21NOV08-A3.352,7.0,0.2331,0.63,5.0,0.00019999999999999814,0.05969999999999999,0.0001617812500264488,0.2766897527347102,8.640604898457711e-05,0.25632201825252116
KXDOGEMAXMON-DOGE-26MAY31-012,30.0,0.2451,0.57,29.0,0.0005999999999999983,0.4246999999999998,0.0010742914478813574,0.4298269077948473,0.00083328123456274,0.32601336965876176
KXDOGEMAXMON-DOGE-26MAY31-012,14.0,0.2451,0.43,14.0,0.0004000000000000002,0.04789999999999999,0.0005048405078151008,0.3095677413023509,0.0003509692154304486,0.29289903280473
KXDOGEMAXMON-DOGE-26MAY31-012,7.0,0.09000000000000001,0.1,7.0,0.0002000000000000001,0.0058000000000000005,0.00019205857304936596,0.15366942587950663,0.0001521285337490452,0.13789561457499397
KXNBADRAFTTOP-26-3-DACU,30.0,0.06509999999999999,0.06999999999999999,30.000000000000014,0.0007999999999999995,0.017950000000000008,0.0010320009702688886,0.24774260308964854,0.0009559136375438351,0.21637038657253085
KXTOPSONG-24NOV23-ABS,7.0,0.0899999999999999,0.9000000000000001,5.0,0.0002000000000000048,0.007800000000000003,0.00015800377980412897,0.22601714490524855,0.00014970468547575587,0.1667328287620442
KXTOPSONG-24NOV23-ABS,3.0,0.0899999999999999,0.9000000000000001,3.0,0.0,0.007800000000000003,9.509895494591994e-05,0.18862542150396266,8.2100733766758e-05,0.12877130195090114
KXBTCMAX100-26-JAN,30.0,0.24909999999999996,0.4699999999999999,26.0,0.0008999999999999988,0.19319999999999998,0.001002573749641547,0.3877619021885051,0.0007189897874944874,0.3299374349594389
KXBTCMAX100-26-JAN,14.0,0.2436,0.42,14.0,0.0007999999999999997,0.0428,0.00048545904187343727,0.330263752855426,0.0002952533598217065,0.27579927330485304
KXBTCMAX100-26-JAN,7.0,0.0475,0.05,7.0,0.0006,0.0001,0.00019083772285819088,0.0959630184466623,0.00019864907911074675,0.113955099189753
KXCOPPERW-26AUG2117-T6.57,7.0,0.21577499999999997,0.685,6.0,0.0,0.798425,0.00022784678143938675,0.2921906948706971,0.00011660862868397847,0.2361189811836944
KXCOPPERW-26AUG2117-T6.57,3.0,0.2491,0.53,3.0,0.0,0.7361000000000001,7.537853085293183e-05,0.29167087771570305,3.552103700102609e-05,0.25674041766717454
KXOSCARDS-25-IARW,30.0,0.2304,0.36,24.0,0.00019999999999999925,0.42984999999999995,0.000888175000349362,0.354673360429356,0.000653498482220855,0.2880761574790591
KXOSCARDS-25-IARW,14.0,0.2436,0.58,14.0,9.999999999999907e-05,0.22949999999999993,0.0005038236694902931,0.31204203393982494,0.0002784143052886505,0.3067578512951923
KXOSCARDS-25-IARW,7.0,0.2484,0.45999999999999996,7.0,9.999999999999907e-05,0.21949999999999995,0.00021944655857033111,0.32925418986477584,0.00012342098594217107,0.283110881844426
KXOSCARDS-25-IARW,3.0,0.2484,0.45999999999999996,3.0,0.0,0.20339999999999994,8.794162096597386e-05,0.26897467164380623,4.0623139816581145e-05,0.26125182240385914
KXNETFLIXRANKMOVIERUNNERUP-26JUL20-SHI,3.0,0.1275,0.15,3.0,0.00010000000000000005,0.0116,8.454449388141574e-05,0.1779952450654247,7.003955023083793e-05,0.16473871001293702
KXU3-25OCT-T4.3,30.0,0.2496,0.52,30.041666666666664,0.0005999999999999966,0.18080000000000002,0.001168493329588119,0.4432842078700104,0.000879200594287258,0.3392875465337415
KXU3-25OCT-T4.3,14.0,0.2379,0.61,14.041666666666664,0.00039999999999999845,0.16570000000000004,0.0005509468743163783,0.3295449639411568,0.00039127503223532705,0.30078028851329486
KXU3-25OCT-T4.3,7.0,0.24,0.6,7.041666666666664,0.0002999999999999983,0.16490000000000002,0.00025526778141455214,0.3105056590656913,0.00015842558303559652,0.27147813939349213
KXU3-25OCT-T4.3,3.0,0.2451,0.57,3.0,0.00019999999999999814,0.16250000000000003,7.758537740180376e-05,0.2696900303763651,3.8762615936099256e-05,0.25763644705854843
CPI-22MAR-T0.7,30.0,0.12040000000000001,0.86,29.958333333333332,0.0013250000000000046,0.02042500000000006,0.0009845853864234003,0.3945207786170944,0.0007818414149396074,0.3076601283221154
CPI-22MAR-T0.7,14.0,0.056400000000000144,0.9399999999999998,14.0,0.0008500000000000083,0.002000000000000008,0.0004024948880589562,0.24796583372559539,0.0003658284920116267,0.20838895165769922
KXAAAGASW-26MAY18-4.480,7.0,0.12749999999999995,0.8500000000000001,5.0,0.00010000000000000018,0.008399999999999979,0.00019248243570066587,0.2277191408373816,0.00013081544893131766,0.17349447962017364
KXWTIW-26JUN2614-B78.50,7.0,0.0736,0.08,6.0,0.0002999999999999998,0.0021,0.00015275516359354227,0.12785606957183349,0.00013668120885490986,0.12710430701056982
KXAPRPOTUS-26AUG14-38.9,7.0,0.1539,0.19,6.0,0.0004999999999999993,0.04540000000000002,0.00019022074341953243,0.22329392370227125,0.00012694921615061543,0.20954973978371372
KXAPRPOTUS-26AUG14-38.9,3.0,0.1476,0.18,3.0,0.0,0.04540000000000002,0.00010846656541008746,0.20880167877576003,4.37507235720273e-05,0.17357826419321248
KXWTIW-26JUL1714-T77.99,7.0,0.0651,0.07,6.0,0.0,0.24830000000000002,0.0001635130986139236,0.12772759767269665,0.00014456344261421164,0.10382980453722222
KXWTIW-26JUL1714-T77.99,3.0,0.2419,0.59,3.0,0.0,0.09230000000000002,8.535592557006329e-05,0.2629448802376702,4.122955879114723e-05,0.24643600907393293
KXOSCARNOMPIC-26-MAR,30.0,0.04750000000000004,0.95,30.0,0.0017999999999999833,0.0005000000000000076,0.0010323990387171808,0.34070793195778604,0.0008588023367008296,0.3245463862708192
KXNBADRAFTTOP-26-R1-HVEE,30.0,0.15077499999999996,0.8150000000000001,33.0,0.00034999999999999615,0.7052750000000001,0.0012492549967644004,0.4184448988499008,0.0010204806093515755,0.3085330872124629
KXNBADRAFTTOP-26-R1-HVEE,14.0,0.2176,0.68,14.0,0.0002499999999999982,0.6841000000000002,0.0004963451820498788,0.32467642643655253,0.0003285403417023342,0.28484397915035614
KXNBADRAFTTOP-26-R1-HVEE,7.0,0.2139,0.69,7.0,0.0002499999999999982,0.5958500000000001,0.00025644879099015596,0.28810139258051454,0.00013417151968646738,0.24093903554422685
KXNBADRAFTTOP-26-R1-HVEE,3.0,0.2464,0.5599999999999999,3.0,0.0,0.57335,8.646272496195204e-05,0.2814732279524874,4.158820847118918e-05,0.2571162914432388
KXBBCHARTPOSITIONALBUM-26MAY09BUL-1,14.0,0.249775,0.485,10.0,0.0002249999999999995,0.18009999999999995,0.00033428073497334396,0.33067068365920804,0.00018884090354318796,0.2745531308706067
KXBBCHARTPOSITIONALBUM-26MAY09BUL-1,7.0,0.2451,0.43,7.0,0.0002,0.17649999999999996,0.00022616758170776843,0.31917499159555957,0.0001121291100872815,0.2684808521815789
KXPAYROLLS-25AUG-T0,30.0,0.07360000000000005,0.9199999999999999,30.0,0.002499999999999976,0.007900000000000006,0.000988919473279602,0.3408732928871066,0.0007898621879437738,0.3055197415055847
KXPAYROLLS-25AUG-T0,14.0,0.04750000000000004,0.95,14.0,0.0011999999999999867,0.0035000000000000105,0.00042137627621517725,0.22292279040165489,0.00040013947385237757,0.20148461728844744
KXPAYROLLS-25AUG-T0,7.0,0.056400000000000144,0.9399999999999998,7.0,0.0002999999999999917,0.0017000000000000075,0.00020992639617062713,0.21778118019578252,0.0002419566984274602,0.13057961245382432
KXPAYROLLS-25AUG-T0,3.0,0.056400000000000144,0.9399999999999998,3.0,0.00010000000000000018,0.0017000000000000075,9.497492027974484e-05,0.17535773658699283,0.00010833516185377668,0.1086367727967764
KXBRENTW-26MAY0817-T104.99,7.0,0.2176,0.68,6.0,0.0,0.2932,0.0001885461380286078,0.26725152534965446,0.0001008534941071449,0.254852265204641
KXBRENTW-26MAY0817-T104.99,3.0,0.12040000000000001,0.86,3.0,0.0,0.2278,9.312362279574237e-05,0.19804074197121047,5.435400924221055e-05,0.16479674342310802
KXTRUTHSOCIAL-26FEB14-T200,7.0,0.2496,0.48,7.0,0.00039999999999999986,0.3912,0.00023986186736534693,0.2984649822796439,0.00012956095116195478,0.27402716186439613
KXTRUTHSOCIAL-26FEB14-T200,3.0,0.1875,0.25,3.0,0.00039999999999999986,0.3131,7.278708929105427e-05,0.22822023391184082,5.521990257093535e-05,0.2198617175028322
KXPCECORE-25FEB-T0.1,30.0,0.11310000000000009,0.8699999999999999,26.958333333333332,0.000699999999999999,0.012899999999999977,0.0009137630813904241,0.34822507082681864,0.0007846340328648729,0.30080151715730163
KXOSCARNOMACTR-26-EVA,30.0,0.0979,0.11,30.0,0.0019499999999999984,0.006550000000000003,0.0010741531412043284,0.2658195956531925,0.000884252431155251,0.22897556748457554
KXOSCARNOMACTR-26-EVA,14.0,0.05639999999999999,0.06,14.0,0.0006999999999999997,0.004500000000000001,0.000419925977184837,0.18248980323178052,0.0004043768946640948,0.14353949001895852
KXOSCARNOMACTR-26-EVA,3.0,0.0736,0.08,3.0,9.99999999999999e-05,0.0037000000000000006,4.491225842072273e-05,0.10108562710976829,6.619067752203877e-05,0.10197119238220367
KXEOWEEK-26MAY02-0,14.0,0.17159999999999997,0.78,9.0,0.0,0.10019999999999994,0.0003367126343619503,0.2778377986802648,0.00025561971218176284,0.2197274055651657
KXEOWEEK-26MAY02-0,7.0,0.17159999999999997,0.78,7.0,0.0,0.10019999999999994,0.0002378364205283265,0.267092159676868,0.00018248293299183118,0.22538153944656994
KXTRUMPADMINLEAVE-26DEC31-TBLA,30.0,0.2176,0.68,30.0,0.0004260000000000008,0.13237200000000005,0.0011339611260703917,0.42257168167195525,0.0009185875010149403,0.3181181418980917
KXTRUMPADMINLEAVE-26DEC31-TBLA,14.0,0.1275,0.85,14.0,2.6000000000000046e-05,0.09207200000000004,0.0004832290779306779,0.2604959504480491,0.0003275692451808819,0.22605131187004418
KXTRUMPADMINLEAVE-26DEC31-TBLA,7.0,0.15999999999999998,0.8,7.0,2.6000000000000046e-05,0.014771999999999993,0.0002711799182050686,0.2711901417593047,0.00017983256201377148,0.20420038978718325
KXTRUMPADMINLEAVE-26DEC31-TBLA,3.0,0.08189999999999997,0.91,3.0,1.0000000000000019e-06,0.003018999999999996,0.00012156916859598922,0.17077673560947296,8.574395977946201e-05,0.13653874521709283
KXTEAMSINSC-26-TBDAL,30.0,0.07777500000000001,0.085,30.0,0.0008499999999999993,0.041425000000000003,0.001004135528152176,0.2457466603289101,0.0009492779518180003,0.2125886688864642
KXTEAMSINSC-26-TBDAL,14.0,0.0651,0.07,14.0,0.00010000000000000005,0.038400000000000004,0.00045470762498396144,0.1676923838521263,0.0003938691989571126,0.15253584163595954
KXOSCARACTR-25-AJ,30.0,0.051975,0.055,31.0,0.0007,0.00042500000000000003,0.001141969253448468,0.23778778373592713,0.001058743375229753,0.22542397338469322
KXWTIW-26JUL3114-B82.50,3.0,0.0651,0.07,3.0,0.0,0.05090000000000001,8.220269662043955e-05,0.10720363717443993,5.7068559845678825e-05,0.09711072843954667
KXNFLDRAFTTOP-26-R1-RBAI,30.0,0.24997500000000003,0.49499999999999994,26.0,0.0007000000000000006,0.20427499999999987,0.0009826023633761436,0.4019140900610745,0.0006906840829258388,0.31125154952585726
KXNFLDRAFTTOP-26-R1-RBAI,14.0,0.09789999999999999,0.89,14.0,0.0003499999999999984,0.014149999999999961,0.00041429677428796434,0.22700077456914955,0.0003587853176418118,0.2048028033214596
KXNFLDRAFTTOP-26-R1-RBAI,7.0,0.08189999999999997,0.91,8.0,0.0003499999999999984,0.008999999999999968,0.00025706200316554846,0.18101729060758465,0.00022165145094301417,0.16294321094934197
KXWTIW-26MAY2914-B92.50,7.0,0.05639999999999999,0.06,6.0,0.0005999999999999998,0.0072000000000000015,0.0001507511278579113,0.10432248377185839,0.00014515629099107481,0.11635225573428443
KXEUROVISIONTELEV-26-ROM,30.0,0.06509999999999999,0.06999999999999999,30.0,0.0019999999999999987,0.017600000000000005,0.001085003605651884,0.2600847012568699,0.0008915035425660868,0.2083957353265399
KXEUROVISIONTELEV-26-ROM,14.0,0.069375,0.075,14.0,0.001274999999999999,0.015050000000000004,0.0004277301286074423,0.17772376813172222,0.00043078639653628596,0.14104732536729658
KXEUROVISIONTELEV-26-ROM,7.0,0.09000000000000001,0.1,7.0,0.0010499999999999989,0.013200000000000003,0.00018254363183182112,0.14888018083247676,0.00017262922184013588,0.12800206093840039
KXEUROVISIONTELEV-26-ROM,3.0,0.1056,0.12,3.0,0.0,0.013200000000000003,9.835366787193514e-05,0.16012048894838554,7.458204856167191e-05,0.12514287674089622
KXSB-26-KC,30.0,0.0651,0.07,30.0,0.002099999999999998,0.0026000000000000003,0.0011012959396563046,0.27169446172550304,0.0009152820148456216,0.19726218414583
KXSB-26-KC,14.0,0.05639999999999999,0.06,14.0,0.0003999999999999998,0.0010000000000000002,0.0004290757040468389,0.1551668502551795,0.00039553469181653354,0.14013906160186737
KXPAYROLLS-26FEB-T90000,30.0,0.203775,0.28500000000000003,29.999999999999986,0.0007500000000000009,0.145625,0.0011212186648974427,0.37325749303660954,0.0009717596204778843,0.27758731280705035
KXPAYROLLS-26FEB-T90000,14.0,0.20589999999999997,0.29,14.0,0.00030000000000000057,0.049,0.0005225612870518594,0.30982449472898194,0.00033028085898307316,0.261847508360737
KXPAYROLLS-26FEB-T90000,7.0,0.20589999999999997,0.29,7.0,0.00010000000000000018,0.04340000000000001,0.00023171289498161315,0.29836788784908846,0.00015602359263243237,0.2522612372022369
KXPAYROLLS-26FEB-T90000,3.0,0.17709999999999998,0.22999999999999998,3.0,0.0,0.040900000000000006,8.484703109858289e-05,0.22554170640019136,4.705552201470165e-05,0.20448373014894614
KXDCSNOWM-26MAR-3.0,30.0,0.1539,0.19,29.958333333333336,0.00154025,0.05089025,0.0010969451256603272,0.32735883697726137,0.0010222420550734547,0.27346527595977876
KXDCSNOWM-26MAR-3.0,14.0,0.0819,0.09,14.000000000000004,0.00154025,0.01149025,0.0004900778032352185,0.18230793992363964,0.00045659126380120983,0.16676714199463888
KXAAAGASM-26JUN30-3.90,30.0,0.1538999999999999,0.8100000000000002,28.0,0.0005000000000000007,0.21899999999999997,0.00102869872050378,0.3755871076195524,0.0008183396271798409,0.30859543448761406
KXAAAGASM-26JUN30-3.90,14.0,0.2419,0.59,14.0,0.00020000000000000015,0.1101,0.000536247138956309,0.34344833796612934,0.0003335942683503616,0.28146097700563966
KXAAAGASM-26JUN30-3.90,7.0,0.21389999999999998,0.31,7.0,9.999999999999996e-05,0.021,0.0002535656516336631,0.26399647644063085,0.00012692284688201226,0.24827602619470235
KXAAAGASM-26JUN30-3.90,3.0,0.0979,0.11,3.0,9.999999999999996e-05,0.0044,5.185670864186658e-05,0.1268032170018294,5.1002481266224244e-05,0.12868467796109045
KXSPOTIFYW-26MAR26-CHO,3.0,0.17709999999999998,0.22999999999999998,3.0,0.0,0.09969999999999997,9.707127850995656e-05,0.24260827633283685,5.025259766970531e-05,0.19131697003175993
KXAPRPOTUS-26JUN05-39.0,7.0,0.05639999999999999,0.06,6.0,0.0007999999999999997,0.0029999999999999996,0.00018047826295816222,0.11704035008101926,0.00014791996775866709,0.11017375919729738
KXAPRPOTUS-26JUN05-39.0,3.0,0.05639999999999999,0.06,3.0,0.00039999999999999986,0.001,7.360741990926784e-05,0.08620395958650615,5.787469444466285e-05,0.09058909765821467
KXNETFLIXRANKMOVIEGLOBAL-25DEC29-THE,7.0,0.12040000000000001,0.14,5.0,0.0001,0.029500000000000005,0.0001464310957345971,0.15981515191652165,0.00014812392080746075,0.1472675324280747
CPI-24MAR-T0.2,30.0,0.25,0.5,30.958333333333336,0.00030000000000000057,0.24780000000000002,0.0012253964207564296,0.4317672592663706,0.0009272662555021155,0.33283397813165855
CPI-24MAR-T0.2,14.0,0.2484,0.54,14.0,0.00020000000000000036,0.092,0.0005100756518926026,0.34578465105153666,0.00031641022096238954,0.2843783703175122
CPI-24MAR-T0.2,7.0,0.2176,0.68,7.0,0.00010000000000000018,0.06290000000000001,0.0002429593587200415,0.30119412610694485,0.00015019498976106212,0.2570356107723483
CPI-24MAR-T0.2,3.0,0.1971,0.73,3.0,0.0,0.054900000000000004,0.00010114309094210659,0.2789814836761299,4.0105332343977184e-05,0.22559965594310621
KXGRAMBCS-68-BIT,30.0,0.1476,0.18,30.0,0.00019999999999999982,0.6783500000000001,0.001137017809019572,0.3134472367976394,0.0010228213144541217,0.2680655955777975
KXGRAMBCS-68-BIT,14.0,0.1344,0.16,14.0,0.00019999999999999982,0.6706500000000002,0.0005440252139003106,0.22746721124022654,0.0003994162030924363,0.20361889753524637
KXGRAMBCS-68-BIT,7.0,0.1659,0.21,7.0,0.00010000000000000018,0.6678000000000002,0.00020376697077671487,0.24596377972103273,0.0001779487050822501,0.21823172101369426
KXGRAMBCS-68-BIT,3.0,0.1659,0.21,3.0,0.00010000000000000018,0.6678000000000002,0.00010413194414848029,0.21258560440099422,6.498948379889226e-05,0.204229203900274
KXTORNADO-26JUN-425,7.0,0.249775,0.515,6.0,0.0,0.058925,0.00019986065781675243,0.3046220554053012,8.975497096595173e-05,0.2581820032325403
KXTORNADO-26JUN-425,3.0,0.1131,0.13,3.0,0.0,0.0077,9.089238891491034e-05,0.16343911001656836,8.41326496285628e-05,0.15640635658078744
KXAAAGASW-26MAR23-4.080,7.0,0.21,0.3,5.0,0.0007999999999999997,0.10200000000000001,0.00016824120298638762,0.2561567320234118,8.380019696789842e-05,0.23630288905477315
KXAAAGASW-26MAR23-4.080,3.0,0.2016,0.28,3.0,0.0007999999999999997,0.07300000000000001,9.574800213869142e-05,0.2534604658648742,4.783437458071455e-05,0.2211091755414838
KXSAGAWARDACTO-25-AB,30.0,0.2496,0.52,30.0,0.0010999999999999998,0.36435,0.001081711164537158,0.42667343688165565,0.0008873597320214632,0.34080649130537594
KXSAGAWARDACTO-25-AB,14.0,0.2436,0.42,14.0,0.0008999999999999983,0.34809999999999997,0.0004999300328031352,0.3561015012044574,0.00031792587888463205,0.2799522030371314
KXSAGAWARDACTO-25-AB,7.0,0.2379,0.61,7.0,0.0004999999999999964,0.314,0.00024514601318884575,0.29771440354842604,0.00013954238265778479,0.25954018613135527
KXSAGAWARDACTO-25-AB,3.0,0.2379,0.61,3.0,0.0003999999999999963,0.30350000000000005,8.223911210927728e-05,0.2733863832265085,5.640003875401251e-05,0.25074906978689226
KXFEDCOMBO-25DEC-0-T0,14.0,0.1476,0.18,14.0,0.00039999999999999986,0.009,0.0005110371134751378,0.2835110345716909,0.0004208956842395568,0.20467830961268782
KXFEDCOMBO-25DEC-0-T0,7.0,0.0736,0.08,7.0,0.00039999999999999986,0.002,0.0001931589826395759,0.1272308773330724,0.00018111227848626962,0.1226662179459235
KXFEDCOMBO-25DEC-0-T0,3.0,0.0736,0.08,3.0,0.00039999999999999986,0.002,4.928009657269538e-05,0.11342426601558103,5.423670493848936e-05,0.13795376476317617
KXALBUMEQUIV-LON26AUG27-30K,14.0,0.15389999999999995,0.81,9.0,0.0003499999999999995,0.012150000000000006,0.0003234948055311334,0.2986783779418851,0.00021444263328722842,0.2235800139872782
KXALBUMEQUIV-LON26AUG27-30K,7.0,0.08999999999999998,0.9,7.0,0.0003250000000000006,0.004924999999999993,0.00022048056621831757,0.224843598190247,0.00018559499452618954,0.1657658558463398
KXMARMADROUND-26S16-UVA,30.0,0.2499,0.49,29.958333333333336,0.00022499999999999986,0.350425,0.0011805128046267065,0.43991417903023605,0.0008386987886397415,0.3396231879316906
KXMARMADROUND-26S16-UVA,14.0,0.2436,0.58,13.958333333333336,0.0,0.27959999999999996,0.000517451770890949,0.34145618527836286,0.0003014800303810331,0.3131385922882568
KXMARMADROUND-26S16-UVA,7.0,0.2436,0.58,7.0,0.0,0.24499999999999997,0.0002181515387568002,0.3368086695538294,0.00012728123794816985,0.2853312226440435
KXMARMADROUND-26S16-UVA,3.0,0.2496,0.52,3.0,0.0,0.243,8.652158388855085e-05,0.2835378290731775,4.2375254583805236e-05,0.25782439421533837
KXOSCARACTO-25-SS,30.0,0.0475,0.05,29.999999999999986,0.0013499999999999994,0.0014000000000000002,0.0010439700702822136,0.23472403500086408,0.0009297774988897004,0.1901411823171204
KXCRITICSFOREIGN-25-AWIAL,30.0,0.24,0.4,30.0,0.00039999999999999986,0.16310000000000002,0.0011416472643638491,0.4242079355361983,0.0008688019849268383,0.30845573584889413
KXCRITICSFOREIGN-25-AWIAL,14.0,0.1476,0.18,14.0,0.0002249999999999993,0.09417500000000001,0.0004962117721727794,0.2302327006663642,0.0003768371546679737,0.2306866559432902
KXCRITICSFOREIGN-25-AWIAL,7.0,0.16297499999999998,0.20499999999999996,7.0,0.00019999999999999925,0.087025,0.00026543566028443234,0.2241451443158457,0.00016087900574816006,0.223540618213624
KXCRITICSFOREIGN-25-AWIAL,3.0,0.1716,0.22,3.0,0.0,0.08580000000000002,0.00010682716655253325,0.22260638396545115,5.211663582640711e-05,0.1860286572796551
KXWTIW-26MAY2914-B96.50,7.0,0.1056,0.12,6.0,0.0009999999999999998,0.007399999999999998,0.00018043951540268745,0.16438930477087457,0.00018907307657496452,0.16996863065467116
KXTRUTHSOCIAL-26JUN13-T80,7.0,0.05639999999999999,0.06,6.0,0.0004499999999999999,0.001,0.00016124705014846773,0.11028644947770282,0.00012647849632450544,0.1195463319205089
KXPERFORMSUPERBOWLB-26-ARI,14.0,0.0475,0.05,14.0,0.0005,0.007800000000000001,0.0004432149193463089,0.14475609425094596,0.0004470330188486918,0.12796367585552285
KXCRITICSCOM-25-ARP,30.0,0.19240000000000002,0.74,30.0,0.0006500000000000012,0.4219,0.0011465618479822818,0.3717897525031048,0.0008832166028041814,0.2942863775223064
KXCRITICSCOM-25-ARP,14.0,0.2244,0.66,14.0,0.00045000000000000086,0.3885,0.0004842837635188754,0.3044971013318274,0.0003451157097383174,0.28674544365159726
KXCRITICSCOM-25-ARP,7.0,0.2211,0.67,7.0,0.00020000000000000036,0.3881,0.00022979737348494318,0.2952505572675554,0.00012785671391188765,0.24786145860026473
KXCRITICSCOM-25-ARP,3.0,0.2016,0.72,3.0,0.00010000000000000018,0.3865,9.648966557466013e-05,0.25381098943402436,5.379944589992703e-05,0.2275070125730466
PAYROLLS-24JUN-T272000,30.0,0.1659,0.21,27.0,0.001549999999999999,0.053550000000000014,0.0010475433178734742,0.31180984568700426,0.0008402838182572785,0.24618507006027485
PAYROLLS-24JUN-T272000,14.0,0.19240000000000002,0.26,14.0,0.0007249999999999996,0.047825000000000006,0.0004943277933589213,0.34090703668777833,0.0003763271672985343,0.23185110136464168
PAYROLLS-24JUN-T272000,7.0,0.1411,0.17,7.0,0.0004999999999999993,0.038400000000000004,0.0002394544675263924,0.20327875201982473,0.0001950771529823593,0.17051585959227353
PAYROLLS-24JUN-T272000,3.0,0.1411,0.17,3.0,0.0003999999999999996,0.0323,8.13140681182126e-05,0.1908156588661637,4.155070436687045e-05,0.18211068220926335
KXRANKLISTBB100ARTIST-26FEB21-ELL,14.0,0.1275,0.15,12.0,0.0006499999999999999,0.37429999999999997,0.00045830840763729744,0.19051582404099893,0.0003693626481272054,0.19144167969397927
KXRANKLISTBB100ARTIST-26FEB21-ELL,7.0,0.0979,0.11,7.0,0.00042499999999999987,0.07992500000000001,0.00020420247009234432,0.19161923011702142,0.00018451185912883336,0.15629977903133224
U3-23DEC-T3.6,30.0,0.2139,0.69,27.0,0.0006749999999999945,0.08037500000000002,0.001019373258028401,0.38561373568508517,0.0007319531270737522,0.31185382860953126
U3-23DEC-T3.6,14.0,0.2139,0.69,16.0,0.00027499999999999834,0.08037500000000002,0.0005780632106361519,0.31678778977908656,0.0003754759782632398,0.2829628374399299
U3-23DEC-T3.6,7.0,0.2139,0.69,7.0,0.0002250000000000004,0.08037500000000002,0.00020985742057840962,0.3201839095312905,0.00012469460295551934,0.2457688056193461
U3-23DEC-T3.6,3.0,0.189975,0.745,3.0,2.5000000000000045e-05,0.07615000000000001,7.765979474017261e-05,0.23725166067265324,5.7288682267074825e-05,0.21007194409699895
KXRANKLISTSONGSPOTUSA-26JUL01-OLI,30.0,0.0736,0.08,30.0,0.0021999999999999984,0.13265000000000002,0.0010031571979793863,0.2550689883812293,0.0009129523388911809,0.21409172064115395
KXRANKLISTSONGSPOTUSA-26JUL01-OLI,14.0,0.09000000000000001,0.1,14.0,0.001799999999999999,0.11240000000000001,0.0004724711784143761,0.19064059353358495,0.0003824355431206934,0.14958759845871789
HMONTH-24FEB,30.0,0.2499,0.51,30.0,0.0009249999999999982,0.22892499999999993,0.0011161257001334746,0.43480407096332546,0.0008989870588326391,0.3107849502192829
HMONTH-24FEB,14.0,0.2331,0.63,14.0,0.00020000000000000036,0.19889999999999997,0.0005361661006432108,0.30846693938120756,0.00032502832771545627,0.2937335178258197
HMONTH-24FEB,7.0,0.1659,0.79,7.0,0.00010000000000000018,0.17079999999999995,0.0002642151870874616,0.25299095182048137,0.00016991531822756236,0.21260234602002903
HMONTH-24FEB,3.0,0.1659,0.79,3.0,0.00010000000000000018,0.12579999999999997,8.793804005129655e-05,0.26389674308172045,6.152386257664851e-05,0.19195300254610845
KXAPRPOTUS-26APR17-41.1,7.0,0.1875,0.25,6.0,9.999999999999796e-05,0.2916,0.00018980934986188527,0.26059769449010495,0.00014193140380867688,0.22579615588622148
KXAPRPOTUS-26APR17-41.1,3.0,0.2139,0.69,3.0,9.999999999999796e-05,0.15660000000000002,8.665595030999571e-05,0.28622795163845205,4.2458383045615184e-05,0.23864363447337222
KXAAAGASM-26APR30-4.70,30.0,0.2016,0.28,28.0,0.0019749999999999937,0.2905250000000001,0.0010555331245116525,0.3820548518374315,0.0008826836252658675,0.29054495203912944
KXAAAGASM-26APR30-4.70,14.0,0.05639999999999999,0.06,14.0,0.0015749999999999996,0.002925,0.0004073615091285916,0.14330087154250368,0.00041493870605744103,0.1447793424443384
KXCPICORE-26MAY-T0.4,30.0,0.2016,0.28,30.0,0.0018249999999999994,0.013925000000000002,0.0011699537600458655,0.36957706194570306,0.0009033268554825474,0.30248174779461456
KXTSAW-24DEC22-A2.55,7.0,0.2356,0.62,5.0,0.00010000000000000018,0.6727000000000001,0.00016132162829626324,0.2921936199720927,7.919737338566578e-05,0.2531297265927033
KXTSAW-24DEC22-A2.55,3.0,0.2484,0.54,3.0,0.0,0.6678000000000002,8.284493423674062e-05,0.26500310731257737,4.922201089904961e-05,0.256851844535912
KXRAINNYCM-26MAY-3,30.0,0.1875,0.75,30.0,0.00020000000000000036,0.49769999999999986,0.0011134737604680213,0.40085188723047227,0.0008882078835899099,0.30471080567295766
KXRAINNYCM-26MAY-3,14.0,0.24,0.4,14.0,0.00010000000000000018,0.4142999999999999,0.0004706265276705897,0.3522988485934971,0.0003213707932860461,0.2986885287813375
KXRAINNYCM-26MAY-3,7.0,0.2016,0.28,7.0,0.0,0.26339999999999986,0.00021485701932854874,0.2560420970583284,0.0001342971691350677,0.22866794545101235
KXAAAGASW-24NOV25-US-3.071,7.0,0.2211,0.33,5.0,0.0004999999999999995,0.033999999999999996,0.00017353588383170858,0.2599805908376699,8.189898098314198e-05,0.24656337613120755
KXAAAGASW-24NOV25-US-3.071,3.0,0.17709999999999998,0.22999999999999998,3.0,0.0004999999999999995,0.028999999999999995,8.84495405540313e-05,0.23502820738275626,6.347983851134935e-05,0.20911408217853839
538APPROVE-22MAY04-B42.2,7.0,0.1411,0.17,5.0,0.0004999999999999998,0.41900000000000004,0.00020159259826308686,0.21084602368067423,0.00013324586655777946,0.1769109751398563
538APPROVE-22MAY04-B42.2,3.0,0.1476,0.18,3.0,0.0,0.41900000000000004,8.693048718769605e-05,0.19333444001632163,5.576953061207502e-05,0.16863250874879088
KXMAKEMARMAD-26-UCF,30.0,0.17437499999999997,0.775,29.95833333333333,0.00047499999999999084,0.3417499999999997,0.0011588639476795793,0.3805817918379638,0.0008633101727816104,0.3191084783267194
KXMAKEMARMAD-26-UCF,14.0,0.16297499999999998,0.795,13.958333333333329,0.00022499999999999707,0.25929999999999975,0.0005006963999360463,0.3084829821502477,0.0003773271102703048,0.2533375497850774
KXMAKEMARMAD-26-UCF,7.0,0.20590000000000003,0.71,6.958333333333329,0.0,0.12709999999999985,0.00023381289112499575,0.2877608531912057,0.00012620308300655822,0.26228892680755544
KXMAKEMARMAD-26-UCF,3.0,0.056400000000000144,0.9399999999999998,3.0,0.0,0.019399999999999945,0.00012019099067745591,0.15285820330042474,0.00010506598120621408,0.10209301825032466
KXBRENTMON-26JUL3117-T78.99,30.0,0.1716,0.22,28.0,0.0008999999999999965,0.15189999999999998,0.0010372753178590317,0.35176423463033435,0.000832741822415396,0.2644129108467852
KXBRENTMON-26JUL3117-T78.99,14.0,0.19240000000000002,0.74,14.0,0.0004999999999999964,0.04509999999999997,0.0004935524191125916,0.3653682100014039,0.0003637462822961995,0.28051641303784025
KXBRENTMON-26JUL3117-T78.99,7.0,0.07359999999999997,0.92,7.0,0.0004999999999999964,0.024899999999999978,0.00024172543987510442,0.18177192115316815,0.0001981008862300912,0.1380345811475535
KXBRENTMON-26JUL3117-T78.99,3.0,0.1131,0.87,3.0,0.00010000000000000018,0.009399999999999997,9.137824393040645e-05,0.21727430320719457,6.731868834967364e-05,0.1496512736002254
KXTEAMSINSB-26-BUFSEA,30.0,0.0819,0.09,21.0,0.0017999999999999986,0.014900000000000002,0.000745134815050076,0.21641606030880373,0.0006265712580206356,0.18869218211287728
KXTEAMSINSB-26-BUFSEA,14.0,0.0736,0.08,14.0,0.0012999999999999993,0.0131,0.000449439543830709,0.1709582494104675,0.00038737558072135915,0.1666318572636182
KXTEAMSINSB-26-BUFSEA,7.0,0.05639999999999999,0.06,7.0,0.0006999999999999996,0.0131,0.00018050592482841282,0.11466888888721297,0.00018479698262739136,0.10637044017288495
KXTEAMSINSB-26-BUFSEA,3.0,0.1056,0.12,3.0,0.0003999999999999996,0.0082,8.649141508860056e-05,0.16505353536203185,9.114962373044998e-05,0.13142031832724213
KXIPLFINAL-25-PBKS,30.0,0.1539,0.19,30.0,0.000825,0.563925,0.0011395303471721356,0.3234915779293834,0.0010085371707373465,0.274266672968854
KXIPLFINAL-25-PBKS,14.0,0.16000000000000003,0.2,14.0,0.00030000000000000057,0.55565,0.00048794467616984557,0.2703885932382199,0.00039370090619713006,0.224214057549682
KXIPLFINAL-25-PBKS,7.0,0.24,0.4,7.0,0.00030000000000000057,0.36530000000000007,0.0002241707660864844,0.3137336454900162,0.00014035526280837255,0.2572353788997799
KXIPLFINAL-25-PBKS,3.0,0.17709999999999998,0.22999999999999998,3.0,0.0,0.3397,7.3612157650812e-05,0.24699717624734022,4.8005792156056475e-05,0.20081567233769707
KXTOPSONG-24DEC07-AIWFCIY,14.0,0.249375,0.5249999999999999,9.0,0.0004499999999999999,0.14062499999999997,0.00030742955850483874,0.3161992230382334,0.00016743092016459425,0.2721899763404255
KXMARMADSEED-26-4,30.0,0.09000000000000001,0.1,19.958333333333332,0.0004000000000000002,0.058600000000000006,0.0006776819063915118,0.21634118634296254,0.000568791997211178,0.19482923968311872
KXMARMADSEED-26-4,14.0,0.0736,0.08,14.0,0.0004000000000000002,0.0034000000000000002,0.0004179007322946561,0.16954212374545471,0.0004079098895208186,0.13985876295179997
KXMARMADSEED-26-4,3.0,0.0475,0.05,3.0,0.0,0.0017000000000000001,7.26288926554693e-05,0.09439131379733205,7.662745795728089e-05,0.08292660549923359
KXELONTWEETS-25APR04-474.5,7.0,0.1476,0.18,7.0,0.0008999999999999986,0.061500000000000006,0.00022663147776740756,0.23431507361927814,0.00014943020986458625,0.18815333807035173
KXELONTWEETS-25APR04-474.5,3.0,0.2211,0.33,3.0,0.00039999999999999986,0.04510000000000001,8.920380207737845e-05,0.2631415864130717,4.406013012570662e-05,0.23988187720358567
APRPOTUS-22JAN21-T41.5,7.0,0.2379,0.61,6.0,0.0,0.39470000000000005,0.0001957269326829951,0.3046829574321946,0.00011005897732153351,0.25467444527255867
APRPOTUS-22JAN21-T41.5,3.0,0.2244,0.66,3.0,0.0,0.3894,8.321416717518105e-05,0.26247430276334505,5.480094169249272e-05,0.2365947144552637
KXTRUTHSOCIAL-26AUG08-B109,7.0,0.1056,0.12,6.0,5e-05,0.006599999999999999,0.00019560082585849223,0.15603140974111065,0.00020833683602719132,0.14117453015011655
KXMLBWINS-DET-25-T90,30.0,0.15077499999999996,0.8150000000000001,30.0,0.0004499999999999968,0.8248249999999999,0.001083338649098201,0.3557023844264093,0.0008765458909362217,0.30202707996165257
KXMLBWINS-DET-25-T90,14.0,0.17159999999999997,0.78,14.0,0.0003249999999999999,0.709025,0.0005077848751199099,0.3133625124527212,0.00034644005873733953,0.23668687410503003
KXMLBWINS-DET-25-T90,7.0,0.0736,0.08,7.0,0.000225,0.498625,0.00017957320510160856,0.1660758342719089,0.00015532594890884494,0.12950327144011997
KXUSOPEN-25-CSMI,14.0,0.24997500000000003,0.49499999999999994,12.0,2.5e-05,0.2401999999999999,0.00044766148203373196,0.32600565356960304,0.0002846312766063422,0.28500891168085457
KXETHMINMON-ETH-26FEB28-150000,30.0,0.24999999999999997,0.49999999999999994,26.0,0.0008000000000000007,0.245,0.0009563169279286726,0.4643717583338259,0.0007087411381632275,0.3180543478571552
KXETHMINMON-ETH-26FEB28-150000,14.0,0.0819,0.09,14.0,0.0006000000000000003,0.0081,0.0004208522786866411,0.1787184558868077,0.00040586155417688085,0.15395458234964765
KXETHMINMON-ETH-26FEB28-150000,7.0,0.05639999999999999,0.06,7.0,0.00030000000000000003,0.005899999999999999,0.0002069763041154303,0.13825942510602418,0.00017310035948553388,0.10990963931398669
KXETHMINMON-ETH-26FEB28-150000,3.0,0.05639999999999999,0.06,3.0,9.999999999999996e-05,0.0024999999999999996,7.54873547335784e-05,0.09627487202234826,6.495691166781401e-05,0.09450693529806858
SCOTUSN-24,30.0,0.1275,0.15,24.0,0.0009249999999999997,0.014624999999999999,0.000867714817784096,0.3156938756758582,0.0007685500147299604,0.21285407164990872
KXBRENTMON-26APR3017-T118.99,30.0,0.24997500000000003,0.49499999999999994,28.0,0.0007000000000000001,0.7779250000000001,0.0010018065893015618,0.382240645082012,0.0008323083393643657,0.3158395492923522
KXBRENTMON-26APR3017-T118.99,14.0,0.0736,0.08,14.0,0.00020000000000000036,0.0766,0.0004266957139570902,0.1831882408106737,0.0003535358871833883,0.17195544664571602
KXBRENTMON-26APR3017-T118.99,7.0,0.1131,0.13,7.0,0.00010000000000000018,0.05840000000000001,0.00022500443190544536,0.17667043588136663,0.0001980380128185987,0.1433638491180539
KXBRENTMON-26APR3017-T118.99,3.0,0.16000000000000003,0.2,3.0,0.0,0.051000000000000004,9.180798816075202e-05,0.2220254127378459,5.77257578170348e-05,0.17521648285817507
KXNETFLIXRANKMOVIERUNNERUP-26FEB02-M3G,3.0,0.1659,0.21,3.0,0.0,0.30069999999999997,0.00010810180175519896,0.2003961115757323,5.380828760938023e-05,0.2096744488866364
KXALBUMEQUIV-PET26AUG06-320K,14.0,0.1875,0.75,10.0,0.0,0.12049999999999998,0.00034644488336502274,0.27179102880462624,0.00023059838722980488,0.25084453199392803
KXALBUMEQUIV-PET26AUG06-320K,7.0,0.24190000000000003,0.41,7.0,0.0,0.0769,0.00020282808061162518,0.27577242528168516,0.00012659450149485235,0.2619115171621996
KXALBUMEQUIV-PET26AUG06-320K,3.0,0.0651,0.07,3.0,0.0,0.0181,5.7438320734844006e-05,0.1144272583033909,6.074743182743704e-05,0.09190986600020395
KXMARMADROUND-26S16-HOU,30.0,0.07360000000000005,0.9199999999999999,29.958333333333336,0.0014999999999999827,0.10935,0.0009655348024493649,0.3671400121793442,0.0007909558373087257,0.307049590844353
KXMARMADROUND-26S16-HOU,14.0,0.15999999999999998,0.8,13.958333333333336,0.0009249999999999894,0.05122500000000005,0.0004702196303631842,0.29882395152264346,0.00034753950703437825,0.2545020407886556
KXMARMADROUND-26S16-HOU,7.0,0.16297500000000004,0.7949999999999999,7.0,2.5000000000001153e-05,0.03860000000000006,0.00026880698796620474,0.26380302337503225,0.0001679757915811889,0.21931284610896043
KXMARMADROUND-26S16-HOU,3.0,0.17709999999999998,0.77,3.0,0.0,0.03770000000000006,8.498309144348695e-05,0.2373475638722627,3.860212375713201e-05,0.21546186641416004
KXNCAAMBMOP-26-KWAG,30.0,0.24997500000000003,0.49499999999999994,23.0,0.0009749999999999988,0.19649999999999998,0.0008827604920692853,0.3875961198229084,0.0005562746564303781,0.3188039542243609
KXNCAAMBMOP-26-KWAG,7.0,0.1344,0.16,7.0,0.00010000000000000018,0.013099999999999999,0.0002708017193708801,0.24425940067216206,0.00017168537480350042,0.19616511021305316
KXNCAAMBMOP-26-KWAG,3.0,0.1131,0.13,3.0,0.00010000000000000018,0.012199999999999999,8.864785890420283e-05,0.15921649231075397,7.558941320436249e-05,0.12929917562278093
KXAAAGASW-25AUG11-3.152,7.0,0.24,0.4,5.0,0.0001,0.0823,0.00015327440539541118,0.27096063819832333,9.610219186758644e-05,0.2550182470206033
KXAAAGASW-25AUG11-3.152,3.0,0.2436,0.42,3.0,0.0001,0.0803,9.223607657459769e-05,0.2810015986151943,4.404992356830198e-05,0.2577031219032733
KXPERFORMGRAMMYS-26-DOE,30.0,0.1824,0.24,30.0,0.0006,0.5735999999999999,0.0011521801465590614,0.332488562951374,0.0009222043707598843,0.29320151667207156
KXPERFORMGRAMMYS-26-DOE,14.0,0.2419,0.59,14.0,0.0003999999999999996,0.1944999999999999,0.0004675414494418859,0.3579292907039849,0.00030653718579540983,0.30857937085262965
KXPERFORMGRAMMYS-26-DOE,7.0,0.2451,0.57,7.0,0.0003999999999999996,0.1630999999999999,0.0002582795379572183,0.2992739955824626,0.00012110454008688685,0.27837732174433005
KXPERFORMGRAMMYS-26-DOE,3.0,0.0819,0.09,3.0,0.0003999999999999996,0.038900000000000004,5.4362077319216824e-05,0.12097617649490008,5.851044043666417e-05,0.11162426833948373
KXU3-25FEB-T3.9,30.0,0.2499,0.51,30.0,0.0013999999999999848,0.1185000000000001,0.0011651761580910329,0.41405472681677935,0.0008511750193498021,0.3258830490347022
KXU3-25FEB-T3.9,14.0,0.1538999999999999,0.8100000000000002,14.0,0.0005000000000000009,0.03220000000000005,0.00048156154245504056,0.286954976753226,0.00037030210317561224,0.25536658516248767
KXU3-25FEB-T3.9,7.0,0.13440000000000002,0.84,7.0,0.00019999999999999814,0.02300000000000004,0.0002605386326112405,0.24199803444347695,0.00020458653950322701,0.1992215705337207
KXU3-25FEB-T3.9,3.0,0.13440000000000002,0.84,3.0,9.999999999999796e-05,0.018900000000000035,0.00011393222889225944,0.2355924447172797,5.520813316729177e-05,0.17710005130982348
KXTEAMSINSB-26-BUFGB,30.0,0.0475,0.05,30.0,0.0011999999999999997,0.006900000000000001,0.0009785352994424563,0.23295518402187348,0.0009530543342008904,0.18440278731976145
KXMARMADROUND-26S16-USF,30.0,0.137775,0.165,18.958333333333332,0.0006500000000000005,0.126675,0.0006847293025437676,0.29204168601913044,0.0006192256371811538,0.20721014539021143
KXMARMADROUND-26S16-USF,14.0,0.0475,0.05,13.958333333333332,0.0006000000000000005,0.03265,0.0004608874338721006,0.13470314390416827,0.00039582971980651213,0.1261821603396792
KXMARMADROUND-26S16-USF,7.0,0.0475,0.05,6.999999999999998,0.0004000000000000002,0.019299999999999998,0.000235551184755104,0.09328237111077073,0.0001946069459321312,0.11794941680451512
KXMARMADROUND-26S16-USF,3.0,0.0979,0.11,2.9999999999999982,0.00030000000000000024,0.0144,5.6753499442382366e-05,0.13314767720491444,5.198342992734233e-05,0.12901328553941963
KXNFLCOTY-26-MMAC,30.0,0.19240000000000002,0.26,30.0,0.0016999999999999995,0.03010000000000001,0.0011361616411903542,0.365551052201414,0.0008839531201502416,0.2841729912095909
KXNFLCOTY-26-MMAC,14.0,0.1411,0.17,14.0,0.0009000000000000001,0.0154,0.0005630328487951965,0.2602041784070266,0.00041459650004485165,0.18622083508201542
KXNFLCOTY-26-MMAC,7.0,0.1056,0.12,7.0,0.0005000000000000003,0.0125,0.00023250847296601426,0.16051685318497735,0.00022946190148148186,0.136278909447393
KXNFLCOTY-26-MMAC,3.0,0.1131,0.13,3.0,0.0001999999999999998,0.0125,9.324384433721577e-05,0.17210940510810288,8.587807323735832e-05,0.13114902826484032
KXNHLWEST-26-DAL,30.0,0.1344,0.16,30.0,0.0026999999999999984,0.03290000000000001,0.00111839043110456,0.33698987468152053,0.0010443931729322343,0.2652286265061503
KXNHLWEST-26-DAL,14.0,0.1131,0.13,14.0,0.0012999999999999995,0.017400000000000002,0.0004938034186535447,0.22633103905811633,0.0004115080157327166,0.17214919684749955
KXNHLWEST-26-DAL,7.0,0.1056,0.12,7.0,9.99999999999999e-05,0.014900000000000004,0.00025351573079160643,0.16804218946896227,0.00019216882956692112,0.16395841029486455
KXNHLWEST-26-DAL,3.0,0.0979,0.11,3.0,9.99999999999999e-05,0.0104,5.9299146308973904e-05,0.14216226659044684,5.178864268352396e-05,0.11783836894880638
U3-23NOV-T4.1,30.0,0.060775,0.065,33.04166666666666,0.000525,0.0036,0.0011634061240979488,0.28586390840850145,0.000999387732502234,0.21887696522162486
U3-23NOV-T4.1,14.0,0.0475,0.05,15.0,9.99999999999999e-05,0.0036,0.0004563280104683385,0.15503451904964224,0.00043393468808567516,0.1436952405175432
U3-23NOV-T4.1,7.0,0.05639999999999999,0.06,7.0,0.0,0.0036,0.00018483709349043597,0.13845338486969166,0.0001699390943981664,0.12048133884545877
U3-23NOV-T4.1,3.0,0.05639999999999999,0.06,3.0,0.0,0.0036,6.174702937024792e-05,0.1047396770076258,5.4458743495502794e-05,0.09167550616100777
KXOSCARPIC-25-A,30.0,0.1411,0.17,29.999999999999986,0.002099999999999994,0.2561999999999999,0.0011420008886391117,0.3124245873807647,0.001028543853302,0.24011811768004918
KXOSCARPIC-25-A,14.0,0.2139,0.69,13.999999999999986,0.0010999999999999931,0.13959999999999992,0.0004544366387387508,0.30892559636567385,0.0003391376101005443,0.2655262675008202
KXOSCARPIC-25-A,7.0,0.2419,0.59,6.999999999999986,0.00030000000000000057,0.1085999999999999,0.0002430117443801346,0.312916801013034,0.00013247427441325104,0.2740906332202239
KXOSCARPIC-25-A,3.0,0.2356,0.62,2.999999999999986,0.0,0.1049999999999999,9.464328536944327e-05,0.2981964124515344,3.0592290242740006e-05,0.2576762938262277
CASEM-22FEB01-T800,30.0,0.14110000000000003,0.83,30.0,0.0002250000000000093,0.010124999999999969,0.0010520790536834815,0.3864336131427979,0.0008624509650837784,0.3042783944151468
KXJOBLESSCLAIMS-26JAN22-215000,7.0,0.24640000000000004,0.44,6.0,0.0,0.13180000000000003,0.00020037747011782895,0.296246746754952,9.325565865866435e-05,0.2758221363388349
KXJOBLESSCLAIMS-26JAN22-215000,3.0,0.2331,0.37,3.0,0.0,0.12330000000000002,6.446014011071685e-05,0.2600697948748227,3.5067874213311294e-05,0.2526865621927584
KXGGMCOMFILMACTR-26-CYN,7.0,0.0651,0.07,7.0,0.00010000000000000018,0.0042,0.00020713863266593363,0.15377492622542724,0.00017904350284040724,0.12270489271974579
KXPHILSNOWM-26JAN-6.0,30.0,0.22749999999999998,0.35,30.0,0.0009999999999999985,0.1593,0.001132769927599534,0.3718981249183794,0.000879199729037473,0.31550274994384686
KXPHILSNOWM-26JAN-6.0,14.0,0.2436,0.42,14.0,0.00010000000000000129,0.1107,0.0005265993344678703,0.32685596648726745,0.0003331753574515428,0.2782497411501763
KXPHILSNOWM-26JAN-6.0,7.0,0.1056,0.88,7.0,0.0,0.012199999999999975,0.00022126917383882787,0.21443279437290305,0.0001830272206904457,0.1671055856875319
KXNFLDRAFTPICK-26-3-AREE,30.0,0.1056,0.12,29.999999999999993,0.0009499999999999995,0.21140000000000003,0.0011261664808731716,0.28429629559954284,0.0009559943804878058,0.24082974557244277
KXNFLDRAFTPICK-26-3-AREE,14.0,0.21389999999999998,0.31,14.0,0.0003999999999999985,0.19470000000000004,0.0004921064822137563,0.30855184512867273,0.0003632669928979588,0.25673647269502525
KXNFLDRAFTPICK-26-3-AREE,7.0,0.19240000000000002,0.26,7.0,0.0003999999999999985,0.17760000000000004,0.0002133209983068852,0.2842362487150443,0.0001462558304004018,0.23155593255296253
KXNFLDRAFTPICK-26-3-AREE,3.0,0.2016,0.28,3.0,0.0,0.14160000000000003,8.685873304643405e-05,0.24382505706983124,4.019216057733283e-05,0.22182948173177294
KXU3-25MAY-T4.0,30.0,0.06509999999999996,0.93,30.0,0.0010999999999999988,0.008000000000000026,0.0010227668412593589,0.3703034143464572,0.0008114363272229012,0.29565964993673044
KXBRENTW-26MAY0117-T117.99,7.0,0.060775,0.065,6.0,0.00032500000000000004,0.10970000000000002,0.00013882310922340028,0.12135647460411096,0.00014453077765817215,0.10483644580369629
KXNETFLIXRANKSHOW-26FEB16-KAT,3.0,0.2211,0.67,3.0,0.0003999999999999963,0.05489999999999999,8.507247916036406e-05,0.2600777638604946,4.356504533710288e-05,0.2512355413055578
KXRANKLISTSONGSPOTUSA-26APR01-ALE,30.0,0.1875,0.25,29.958333333333336,0.00115,0.0355,0.001143654410411059,0.3674068879938717,0.0009551100859753811,0.3073722800629357
KXRANKLISTSONGSPOTUSA-26APR01-ALE,7.0,0.0475,0.05,7.0000000000000036,0.00032499999999999993,0.0007250000000000002,0.00024842870043000347,0.13697001151302776,0.00021665224891340756,0.1345042871568422
KXNHL-26-EDM,30.0,0.05639999999999999,0.06,30.0,0.0013999999999999993,0.006000000000000001,0.0009808203674940691,0.2357540081305625,0.0009677127667849669,0.18913321548193793
KXNHL-26-EDM,14.0,0.0736,0.08,14.0,0.0005999999999999996,0.006000000000000001,0.0004362230888356947,0.19563000023846436,0.0004297250950245174,0.15380418925973455
KXNHL-26-EDM,7.0,0.0736,0.08,7.0,0.0002,0.006000000000000001,0.00019046885563845972,0.14701868708096175,0.00017647914796270532,0.1192869363666737
KXNFLDRAFTPICK-26-6-SFAN,30.0,0.168775,0.215,30.0,0.0004999999999999993,0.09802499999999999,0.001086957245332265,0.3347280458023998,0.0009560732751414155,0.2668027323041566
KXNFLDRAFTPICK-26-6-SFAN,14.0,0.09000000000000001,0.1,14.0,0.0004999999999999993,0.06689999999999999,0.00044148683997202785,0.17507045358620854,0.00040117466805763587,0.17461364929606504
KXNFLDRAFTPICK-26-6-SFAN,7.0,0.1275,0.15,7.0,9.999999999999963e-05,0.05959999999999999,0.0002454479813660254,0.19427384865272368,0.00018239095832020172,0.174796345192941
KXNFLDRAFTPICK-26-6-SFAN,3.0,0.16000000000000003,0.2,3.0,0.0,0.05879999999999999,8.214137305965879e-05,0.19369485020248778,5.127451615706401e-05,0.1779786438736627
KXTSAW-24DEC01-A2.50,7.0,0.2475,0.55,5.0,0.00010000000000000018,0.48739999999999994,0.0001667752981846637,0.2850027627486717,7.010902026751815e-05,0.2730581753403235
KXTSAW-24DEC01-A2.50,3.0,0.13440000000000002,0.84,3.0,0.0,0.4089999999999999,0.0001024049986490138,0.19831161056885854,7.490907564799366e-05,0.1707189974701261
KXSOLMINMON-SOL-26JUL31-5000,30.0,0.0651,0.07,29.0,0.0018249999999999998,0.0004250000000000002,0.0010092314858867527,0.23051392779800278,0.0009589788865608709,0.21560114866928928
CPI-23MAR-T0.4,30.0,0.1275,0.15,29.958333333333343,0.0026999999999999993,0.0041,0.001140016437355724,0.2772784119865749,0.0009972321421148004,0.24746541726161073
KXGGDRAMATVACTO-26-MAR,30.0,0.0475,0.05,30.0,0.0020250000000000003,0.0025250000000000008,0.0009903448668532023,0.23491012700079839,0.0008968380341415075,0.18102886468108192
KXFOMEN-26-FON,3.0,0.0736,0.08,3.0,0.0002000000000000001,0.0424,4.632034167063206e-05,0.09359181930499744,5.3712803412426685e-05,0.09391025919169568
KXEFLCHAMPIONSHIP-26-COV,30.0,0.06509999999999996,0.93,30.0,0.0008500000000000024,0.009499999999999951,0.0009482411209567019,0.3490033989120564,0.00089858304632013,0.32688216020047045
KXEFLCHAMPIONSHIP-26-COV,14.0,0.06509999999999996,0.93,14.0,0.0001250000000000091,0.0026749999999999994,0.0004006815612599569,0.21971225998555824,0.00034830983161297666,0.20881356552233718
KXAAAGASW-26MAR16TH-3.630,7.0,0.1971,0.73,5.0,0.00010000000000000018,0.0752,0.0001777789042276657,0.2751032806113212,0.00010554215528721017,0.23548548373238837
KXAAAGASW-26MAR16TH-3.630,3.0,0.20590000000000003,0.71,3.0,0.0,0.0743,9.796554895136543e-05,0.2520908846227528,4.604584238910268e-05,0.22253164611196985
KXAPRPOTUS-26FEB06-42.0,7.0,0.12040000000000001,0.14,6.0,9.99999999999999e-05,0.06169999999999999,0.00019425436636665776,0.1854428610136885,0.00014373566246055284,0.1726563573250987
KXAPRPOTUS-26FEB06-42.0,3.0,0.1476,0.18,3.0,9.99999999999999e-05,0.05769999999999999,9.068503927981444e-05,0.20683622739367954,6.099774074725996e-05,0.1807191888685847
CPIUSEDCAR-24MAY-T0,30.0,0.2436,0.58,27.0,0.0010749999999999976,0.14292500000000002,0.000987291345345537,0.3928330955902865,0.000759596176620543,0.31745732956520273
CPIUSEDCAR-24MAY-T0,14.0,0.20590000000000003,0.71,14.0,0.00042499999999999634,0.05167500000000003,0.00048536998371318896,0.3190449669575263,0.0003166293050060358,0.2717144163500884
CPIUSEDCAR-24MAY-T0,7.0,0.12750000000000009,0.8499999999999999,7.0,2.5000000000000045e-05,0.037525,0.00023736343387082738,0.25480023437931393,0.00019335238596788421,0.18238411492234846
CPIUSEDCAR-24MAY-T0,3.0,0.12749999999999995,0.8500000000000001,4.0,2.5000000000000045e-05,0.007324999999999991,0.00012823234575067387,0.2297467045613101,9.61997203753144e-05,0.17598300994891158
KXAAAGASW-26JAN19-2.830,3.0,0.1875,0.75,3.0,0.0,0.24689999999999995,8.7285434661157e-05,0.23941898152624325,5.354163555622319e-05,0.21984157971851026
KXBTCMINMON-BTC-26JAN31-87500,7.0,0.24999999999999997,0.49999999999999994,7.0,0.00010000000000000129,0.18269999999999997,0.00020993871783049116,0.3269468878356944,0.00011550071081866489,0.2769953404917223
KXBTCMINMON-BTC-26JAN31-87500,3.0,0.24189999999999998,0.4099999999999999,3.0,0.00010000000000000129,0.1326,6.711462266286027e-05,0.26913341708590016,4.5979032336262826e-05,0.24888327683337252
KXTSAW-26MAR22-A2.70,7.0,0.0651,0.07,5.0,0.0,0.0131,0.0001365064868134309,0.16895439389755343,0.0001273223508257805,0.12310427591340878
KXTSAW-26MAR22-A2.70,3.0,0.0651,0.07,3.0,0.0,0.0113,7.435528190727545e-05,0.11938799958352231,6.894859951799706e-05,0.08857412475420368
KXPUREALBUMS-YOU26JUN18-250K,7.0,0.19240000000000002,0.26,7.0,0.0,0.3163999999999999,0.00023138600890603136,0.29072208904179087,0.00016257200295979418,0.22548736196711805
KXPUREALBUMS-YOU26JUN18-250K,3.0,0.15999999999999998,0.8,3.0,0.0,0.033799999999999976,9.516599959940378e-05,0.2247912496093612,5.875918709930571e-05,0.2099661576197101
KXH100MAX-26DEC31-2.030,30.0,0.2016,0.72,25.0,0.0007999999999999948,0.06630000000000005,0.0009052388008829455,0.3690003578811482,0.0007319160353758003,0.31030692169390567
KXH100MAX-26DEC31-2.030,14.0,0.11310000000000009,0.8699999999999999,14.0,0.0002250000000000004,0.021025000000000037,0.00041128027242039384,0.28454364333830484,0.0003285840005514808,0.24142765047380293
KXH100MAX-26DEC31-2.030,7.0,0.12397500000000009,0.8549999999999999,9.0,0.0,0.021025000000000037,0.00030076059271010004,0.2775835394379018,0.00020807891600429723,0.21917328462424346
KXH100MAX-26DEC31-2.030,3.0,0.12397500000000009,0.8549999999999999,3.0,0.0,0.021025000000000037,9.94270512257664e-05,0.19564506281485491,5.703051803281535e-05,0.16559688649375526
KXNHL-25-TOR,30.0,0.05639999999999999,0.06,30.0,0.002299999999999999,0.0279,0.0010312167525928816,0.2116706234294727,0.0009324266188791803,0.19424519207339205
KXNHL-25-TOR,14.0,0.0736,0.08,14.0,0.0006999999999999999,0.020500000000000004,0.0004173843937318329,0.20022763629317628,0.00039588152701219045,0.16014268785575947
KXNHL-25-TOR,7.0,0.0736,0.08,7.0,9.99999999999999e-05,0.0139,0.00019400457751285994,0.14370750386061137,0.0001549076386212452,0.1262584881804999
CPI-22MAY-T0.3,30.0,0.2016,0.72,30.0,0.0010999999999999985,0.030200000000000057,0.0011151126492552257,0.42812850605127784,0.0008554417987462555,0.3159661430600675
CPI-22MAY-T0.3,14.0,0.0978999999999999,0.8900000000000001,14.0,0.0006,0.006400000000000017,0.00038595952131431394,0.2520478723391194,0.00033755521985383166,0.2152019031845738
ETHMAXY-24DEC31-6000,30.0,0.0651,0.07,29.00000000000003,0.0008999999999999999,0.07210000000000001,0.0010850894666940105,0.2538212092592848,0.0008927792350218772,0.21827683625149297
KXGGFILMSUPACTO-26-BEN,30.0,0.24640000000000004,0.44,30.0,0.0010500000000000019,0.09379999999999998,0.001194683113260203,0.4146079322765206,0.0008092435218750916,0.3299255104772631
KXGGFILMSUPACTO-26-BEN,14.0,0.2304,0.36,14.0,0.0004000000000000007,0.0664,0.0004423420769650215,0.35645295909891217,0.0003248712715435727,0.28726010495888477
KXGGFILMSUPACTO-26-BEN,7.0,0.1971,0.27,7.0,0.00030000000000000057,0.0478,0.00025682334905338775,0.286238804868103,0.0001353756659200182,0.22173598882624304
KXGGFILMSUPACTO-26-BEN,3.0,0.2016,0.28,3.0,0.0,0.0478,9.719385410534541e-05,0.2625959462390378,6.11682833997109e-05,0.2246254101786664
KXNHLADAMS-26-RTOC,3.0,0.1539,0.19,3.0,0.0,0.10085,8.317563001180331e-05,0.2216752662431783,6.777356632255464e-05,0.18274681826067599
KXNETFLIXRANKSHOWRUNNERUP-26FEB23-LOV,7.0,0.10937499999999999,0.12499999999999999,5.0,0.0,0.5842250000000001,0.0001345044177889249,0.1490432649435129,0.00010802613854854372,0.14147462336884967
KXNETFLIXRANKSHOWRUNNERUP-26FEB23-LOV,3.0,0.16000000000000003,0.2,3.0,0.0,0.5814,8.107092677222097e-05,0.2138530476110735,5.648687610701276e-05,0.18967985224386782
KXTOPSONG-24NOV30-ABS,14.0,0.249775,0.5149999999999999,12.0,0.0,1.4769249999999998,0.00037687285320544563,0.33442709089147743,0.0002542427002987649,0.27779844147611454
KXTOPSONG-24NOV30-ABS,7.0,0.24509999999999998,0.5700000000000001,7.0,0.0,1.2201,0.00021252828775404818,0.3104586611688714,0.00012778467306465163,0.2698288420148897
KXTOPSONG-24NOV30-ABS,3.0,0.2496,0.52,3.0,0.0,1.1522,6.593333893077533e-05,0.28060424430973335,3.8424062334447286e-05,0.2639768914828263
KXBTCMINMON-BTC-26APR30-6000000,30.0,0.2356,0.38,27.0,0.0009250000000000005,0.04232499999999999,0.001013879176303497,0.3902986776959796,0.000798055031178605,0.2995862157496703
KXBTCMINMON-BTC-26APR30-6000000,14.0,0.0475,0.05,14.0,0.000725,0.005425000000000002,0.00042589536184412967,0.13576447558608848,0.0004302998625535119,0.12398007903969142
KXNFLDRAFTPICK-26-6-JTYS,30.0,0.19240000000000002,0.26,30.0,0.0014999999999999996,0.04915000000000001,0.0010787185327342595,0.32864977247303867,0.0009134849111985719,0.29214326819883163
KXNFLDRAFTPICK-26-6-JTYS,3.0,0.05639999999999999,0.06,3.0,0.0002000000000000001,0.0064,7.705642566328274e-05,0.10016080959303932,5.685466071185421e-05,0.10027571359403568
KXAVGTKSAT-26AUG24-4,7.0,0.25,0.5,6.0,0.00012500000000000006,0.13602499999999998,0.00017325866784358358,0.29651336852927607,8.776031286636076e-05,0.27174588096093527
KXAVGTKSAT-26AUG24-4,3.0,0.1275,0.15,3.0,0.0001,0.017,7.642184964966676e-05,0.18814254310519168,6.597489719663433e-05,0.1697427231408087
KXSERIEATOP4-26-COM,30.0,0.184975,0.245,30.0,0.0004999999999999994,2.3265749999999996,0.00113479929610359,0.35871420209126087,0.000935832448042394,0.27337659020651994
KXSERIEATOP4-26-COM,14.0,0.060775,0.065,14.0,0.00019999999999999925,1.182375,0.0004750910129361852,0.1880492933302053,0.0004281341088934569,0.182509487297151
KXSERIEATOP4-26-COM,7.0,0.1344,0.16,7.0,9.999999999999907e-05,1.1033999999999997,0.00023571686966971433,0.2433416242370716,0.00017580334489854677,0.19320593227134872
KXSERIEATOP4-26-COM,3.0,0.16590000000000002,0.21000000000000002,3.0,9.999999999999907e-05,0.58185,8.587332262970142e-05,0.22302385433836178,6.100947892580221e-05,0.179460918204477
KXNBACUP-25-PHX,30.0,0.051975,0.055,29.999999999999986,0.0012,0.16327499999999998,0.0011064233488859371,0.21702085516119957,0.0010619299588168335,0.2020736199951739
KXNBACUP-25-PHX,14.0,0.09000000000000001,0.1,13.999999999999986,0.0009999999999999998,0.004200000000000001,0.00044815071318855945,0.18019656092005154,0.00037629784835066017,0.17068016070826578
KXMARMADROUND-26S16-SLU,30.0,0.194775,0.26499999999999996,20.958333333333332,0.00010000000000000018,0.16132500000000002,0.0007666694023995787,0.37612542775476293,0.0006029434257256058,0.27458986165788724
KXMARMADROUND-26S16-SLU,14.0,0.17709999999999998,0.22999999999999998,13.958333333333332,0.00010000000000000018,0.051000000000000004,0.00046814909840460744,0.29609416479948947,0.00034029412228294147,0.23503369907346883
KXMARMADROUND-26S16-SLU,7.0,0.1275,0.15,6.999999999999998,0.0,0.03710000000000001,0.00024471689793966096,0.20370555022736897,0.00019209385625531088,0.16923671705552926
KXMARMADROUND-26S16-SLU,3.0,0.05639999999999999,0.06,3.0,0.0,0.0198,6.491885315593112e-05,0.09360616823204318,4.635195751007889e-05,0.10675403243678325
KXSNOWNYM-25FEB-T0.5,30.0,0.16297499999999998,0.795,30.0,0.0004999999999999964,0.017224999999999973,0.0010854010192721895,0.3877246711991233,0.0008538528287322314,0.2872205570271721
KXMARMADROUND-26E8-USF,30.0,0.10177499999999999,0.11499999999999999,18.958333333333332,0.0006750000000000003,0.03445,0.000704480723221024,0.23537643061986646,0.0005872189501607018,0.20192739151309103
KXMARMADROUND-26E8-USF,14.0,0.08190000000000001,0.09000000000000001,13.958333333333332,0.0006500000000000001,0.013550000000000003,0.0004429456084859389,0.15511634268713986,0.0004379420109502731,0.1537090017405636
KXAPRPOTUS-26JUL10-41.2,7.0,0.0475,0.05,6.0,0.0009999999999999996,0.0025,0.0001455781993741691,0.10652632112545714,0.00016468766580140243,0.09643596077522686
KXMUSKNW-26JUN30-T780,30.0,0.04750000000000004,0.95,28.0,0.001000000000000014,0.015900000000000043,0.0009438690290012154,0.3417363844429006,0.0008057620430756743,0.2700293899727001
KXZECMINMON-ZEC-26AUG31-39000,30.0,0.1875,0.25,29.0,0.0006000000000000002,0.41075000000000006,0.0010909206119964138,0.3747762734538183,0.0009000518311784192,0.2757733582867263
KXZECMINMON-ZEC-26AUG31-39000,14.0,0.1275,0.15,14.0,0.00022500000000000013,0.052775,0.0005222968566616349,0.23054792890426914,0.00045670011324465306,0.20446429353681084
KXZECMINMON-ZEC-26AUG31-39000,7.0,0.10560000000000001,0.12000000000000001,7.0,2.5000000000000045e-05,0.012825000000000001,0.00018384557078243726,0.15081142573302178,0.0001756417372150245,0.1402310585947758
KXZECMINMON-ZEC-26AUG31-39000,3.0,0.05639999999999999,0.06,3.0,0.0,0.009800000000000001,6.669096233346687e-05,0.0966103998851114,6.209139783626168e-05,0.10466792146757319
KXRANKLISTSONGSPOTUSA-26JUL01-SOM,30.0,0.0475,0.05,31.0,0.0010000000000000002,0.02870000000000001,0.0010684651821625702,0.24295861470294164,0.0009830370885324344,0.210754298982671
OSCARNOMACTR-25-NK,30.0,0.2379,0.38999999999999996,30.0,0.00019999999999999982,0.1043,0.0011670528287232912,0.4157754444916806,0.0008452185144913954,0.32894821930011686
OSCARNOMACTR-25-NK,14.0,0.1275,0.15,14.0,9.999999999999963e-05,0.04635000000000001,0.0005034857285428077,0.2538558350363123,0.000420319330730909,0.18448192454134676
OSCARNOMACTR-25-NK,7.0,0.116775,0.135,7.0,0.0,0.03282500000000001,0.0002359760581280445,0.19596402842220711,0.00024918664063877904,0.13855774861102296
OSCARNOMACTR-25-NK,3.0,0.1476,0.18,3.0,0.0,0.026200000000000005,0.00010613317039486061,0.1914114222341319,5.8430780195699056e-05,0.1817170511991897
KXDAVISCUP-25-GER,7.0,0.1275,0.15,5.0,0.0,0.2069,0.00016645105720910548,0.19427210739707257,0.00013532428314621,0.15402212187800143
KXDAVISCUP-25-GER,3.0,0.1659,0.21,3.0,0.0,0.1763,8.640769367843006e-05,0.23841340565355004,5.1123982050271607e-05,0.1942575167084108
CPI-22JUL-T0.2,30.0,0.179775,0.765,30.0,0.0007249999999999991,0.33670000000000005,0.001103287100629243,0.3783865287300616,0.0008582815305007193,0.3098178275784785
CPI-22JUL-T0.2,14.0,0.2016,0.72,14.0,0.0005999999999999966,0.32580000000000003,0.0005313493315409034,0.3414206698540951,0.0003382096719848056,0.2660786710693222
CPI-22JUL-T0.2,7.0,0.1875,0.75,7.0,0.0003999999999999963,0.3209,0.0002428055473306527,0.2671974687546787,0.00013733817871013844,0.22188222225827606
CPI-22JUL-T0.2,3.0,0.22749999999999998,0.65,3.0,0.0003999999999999963,0.31650000000000006,8.329110492669038e-05,0.2703999752363906,4.335974790338138e-05,0.23847110346092024
KXB200WS-26AUG07-6.000,30.0,0.249775,0.515,30.0,0.0002250000000000004,0.46325,0.0011719841343246558,0.43213223279612606,0.0007839140572064554,0.3301103505039351
KXB200WS-26AUG07-6.000,14.0,0.17709999999999998,0.77,14.0,0.00015000000000000029,0.12014999999999997,0.00046865994147166665,0.30592602809364655,0.00034032007445935006,0.258619326275114
KXB200WS-26AUG07-6.000,7.0,0.22597499999999998,0.655,7.0,0.0,0.10692499999999998,0.0002634221050115704,0.29043540784366223,0.00012886829180097818,0.24746456456899638
KXB200WS-26AUG07-6.000,3.0,0.2491,0.53,3.0,0.0,0.0869,9.661719651995557e-05,0.28376774343672617,2.658307260182576e-05,0.25891222870930464
KXB200MS-26JUL-7.000,14.0,0.1344,0.16,14.0,0.0008749999999999999,0.013225000000000002,0.0005213237767668562,0.2349141063025526,0.0003919645787372745,0.19487947397790742
KXNATHANSHD-26MEN-JWEB,7.0,0.0475,0.05,5.0,0.0,0.0013000000000000002,0.00012892563237271667,0.10755078846205562,0.00012885848693995028,0.09763973768190361
KXNATHANSHD-26MEN-JWEB,3.0,0.0475,0.05,3.0,0.0,0.0013000000000000002,6.352883537426882e-05,0.09648817595338235,7.091292114429954e-05,0.08831348426779513
KXALBUMEQUIV-THI26AUG13-300K,30.0,0.21389999999999998,0.31,30.0,0.000974999999999999,0.21197499999999997,0.0011666324546642712,0.38399510873693826,0.0009066188690706669,0.2943214136843435
KXALBUMEQUIV-THI26AUG13-300K,14.0,0.22749999999999998,0.35,14.0,0.0005749999999999978,0.19352499999999997,0.0004754040753997016,0.3424857231474677,0.000331270171253398,0.27483801119522944
KXALBUMEQUIV-THI26AUG13-300K,7.0,0.2499,0.49,7.0,7.500000000000014e-05,0.18462499999999996,0.0002153045194288198,0.30558275315275407,0.00013823073675415894,0.26640188069902804
BIGTECHLAYOFF-24DEC31-TT,30.0,0.2436,0.42,30.00000000000003,0.00145,0.5117999999999998,0.0011920602893403752,0.36468552146589917,0.0009200856627889656,0.3182840744743508
BIGTECHLAYOFF-24DEC31-TT,14.0,0.2304,0.36,14.0,0.0011000000000000003,0.28169999999999995,0.0004972191098416333,0.30740165806496345,0.00033642137890813745,0.2641891622799999
BIGTECHLAYOFF-24DEC31-TT,7.0,0.05639999999999999,0.06,7.0,0.0008999999999999998,0.0013000000000000002,0.0002108430185674355,0.11532906516457037,0.0001788189566166791,0.1255079371083432
KXNBADRAFTPICK-26-13-LPHI,30.0,0.060775,0.065,32.0,0.0014000000000000006,0.056624999999999995,0.0010817668802354918,0.22753789390642545,0.0010149245159206664,0.2186261775876211
KXNBADRAFTPICK-26-13-LPHI,14.0,0.12040000000000001,0.14,14.0,0.0005000000000000004,0.044349999999999994,0.000544657306792973,0.2607977906060271,0.00044448571649751344,0.19884826626596078
KXNBADRAFTPICK-26-13-LPHI,7.0,0.1275,0.15,7.0,0.0003250000000000002,0.043725,0.00024177987429905326,0.20808779755356316,0.00015170868520366973,0.18124443056645773
KXNBADRAFTPICK-26-13-LPHI,3.0,0.10560000000000001,0.12000000000000001,3.0,0.0003250000000000002,0.035425,6.505151344776655e-05,0.13647217859945016,5.160265757299257e-05,0.126195645741899
VAXX-22MAR01-T260,30.0,0.0475,0.05,30.0,0.0012249999999999997,0.0017250000000000004,0.001014784241560657,0.2525533804870667,0.000847389094290049,0.2192788978828996
KXBAFTAFILM-26-HAM,30.0,0.24189999999999998,0.4099999999999999,30.0,0.0014999999999999985,0.049,0.0011452697393375681,0.3947296305165,0.0008607171351917328,0.33236523078793817
KXBAFTAFILM-26-HAM,14.0,0.21,0.3,14.0,0.0010999999999999988,0.03149999999999999,0.0005340555020620085,0.3061813061768756,0.0003465164744677314,0.28923668670956426
KXBAFTAFILM-26-HAM,7.0,0.17709999999999998,0.22999999999999998,7.0,0.000699999999999999,0.028999999999999998,0.00022564846369238105,0.2927055378730776,0.00018613452427826134,0.21735496700188647
KXBAFTAFILM-26-HAM,3.0,0.16000000000000003,0.2,3.0,0.00010000000000000018,0.028099999999999997,7.573639238416853e-05,0.2013846632864446,8.000034068890754e-05,0.17766644919123792
KXBRENTMON-26AUG3117-T88.99,30.0,0.24640000000000004,0.44,29.0,0.0,0.7762,0.001138065248065343,0.4066935320918458,0.0007806922666419297,0.31539139073468125
KXBRENTMON-26AUG3117-T88.99,14.0,0.24,0.4,14.0,0.0,0.6948000000000001,0.0004829530728429206,0.33366680166529433,0.0003303250684271429,0.30302187169425193
KXBRENTMON-26AUG3117-T88.99,7.0,0.2016,0.72,7.0,0.0,0.6532,0.0002344447871147959,0.30305467672795905,0.000143372536537446,0.24937398994442142
KXBRENTMON-26AUG3117-T88.99,3.0,0.2499,0.49,3.0,0.0,0.3945000000000001,7.993542857152367e-05,0.27679351344764824,3.2909999265033715e-05,0.2590141301483903
APRPOTUS-22FEB04-T41,7.0,0.2475,0.55,6.0,0.00012500000000000022,0.501325,0.0001947856823834796,0.2829478798327748,0.00012032506463620318,0.26761657892656077
APRPOTUS-22FEB04-T41,3.0,0.2379,0.61,3.0,0.0,0.4983000000000001,7.567030942732019e-05,0.28847040252262396,4.171922025649929e-05,0.2511333823229821
CPI-22JUN-T1.2,30.0,0.24189999999999998,0.4099999999999999,28.0,0.0016749999999999977,0.6861750000000001,0.0010457162365972413,0.411317600616356,0.0007830840538518745,0.31572084614472373
CPI-22JUN-T1.2,14.0,0.1344,0.16,14.0,0.001024999999999999,0.6339250000000001,0.0005159629555156511,0.2591017131596762,0.00041949434085972805,0.20189668151377396
CPI-22JUN-T1.2,7.0,0.0979,0.11,7.0,0.0001999999999999998,0.6327000000000002,0.00019431433871890523,0.16622993485380191,0.00018377245243100676,0.14865126708182733
CPI-22JUN-T1.2,3.0,0.0979,0.11,3.0,9.99999999999999e-05,0.6302000000000001,5.356027670088464e-05,0.11725891306270711,5.273844377978245e-05,0.13168249365036305
KXCANHOUSTART-27JAN18-T275,7.0,0.130975,0.15500000000000003,7.0,0.0002499999999999999,0.554825,0.0002348277660438005,0.24409129804629004,0.00017711773998109776,0.15702444583703262
KXCANHOUSTART-27JAN18-T275,3.0,0.189975,0.255,3.0,0.00012500000000000022,0.5476,8.679521792702956e-05,0.25449519831340744,4.230256632321012e-05,0.21968416015503997
KXUSOMENSINGLES-25-BS,14.0,0.0475,0.05,14.0,0.00030000000000000014,0.001,0.00042499057958409137,0.17388616252111752,0.00038289598051702224,0.1403692521580246
TNOTEW-24MAR22-B4.18,7.0,0.0475,0.05,6.0,0.0003999999999999996,0.0169,0.00016909201150155218,0.10485212725887873,0.00014643455635512815,0.09810925182372253
TNOTEW-24MAR22-B4.18,3.0,0.0475,0.05,3.0,0.0003999999999999996,0.0169,8.7049095961115e-05,0.08555608211885044,6.169526829854901e-05,0.11492477474753496
KXEMMYLSERIES-77-PEN,30.0,0.0475,0.05,30.0,0.00135,0.0047,0.0010470524722241972,0.2204157018032447,0.0009640679926363794,0.20217280929478293
KXEMMYLSERIES-77-PEN,14.0,0.0564,0.060000000000000005,14.0,0.0012499999999999998,0.003499999999999999,0.0005204964048657691,0.16779982791661802,0.0005139056776712683,0.1364404588342822
KXEMMYLSERIES-77-PEN,7.0,0.0736,0.08,7.0,0.0009999999999999998,0.0025999999999999994,0.00018519882484621103,0.14180699483760661,0.000190742613486289,0.1382349005320247
KXU3-25AUG-T4.4,30.0,0.0651,0.07,30.0,0.0012999999999999997,0.005000000000000001,0.0009773751579097256,0.30454177048300524,0.0009552864359656874,0.2114548789074067
KXU3-25AUG-T4.4,14.0,0.0475,0.05,14.0,0.0004999999999999999,0.0028000000000000004,0.0004566254959434529,0.19299119521771332,0.0004185469147635197,0.13134023535228795
KXU3-25AUG-T4.4,7.0,0.0475,0.05,7.0,0.0004999999999999999,0.002,0.00019813591407235264,0.1234010869267831,0.00019752587358362378,0.09799011134579452
KXU3-25AUG-T4.4,3.0,0.0475,0.05,3.0,0.0002999999999999998,0.0016,7.707184399070632e-05,0.0946482419159797,7.06246901607518e-05,0.07807953206741942
KXYTVIEWSHIGH-TAY26SEP-16.2M,30.0,0.1131,0.13,30.0,0.0011999999999999995,0.23989999999999995,0.0010821570712842552,0.28531596321364444,0.000984095257499574,0.2155375083434087
KXYTVIEWSHIGH-TAY26SEP-16.2M,14.0,0.19240000000000002,0.26,14.0,0.0010499999999999997,0.1197,0.0005385974980465335,0.3230611453482391,0.0003708654934048079,0.241144416175798
KXYTVIEWSHIGH-TAY26SEP-16.2M,7.0,0.1056,0.12,7.0,0.0,0.10600000000000001,0.00023260247167996545,0.15915572595109356,0.00021128738914858434,0.15673879306756733
KXYTVIEWSHIGH-TAY26SEP-16.2M,3.0,0.1131,0.13,3.0,0.0,0.046700000000000005,9.515627776731671e-05,0.13185815654487107,7.857386801315085e-05,0.13317570504317847
KXH200WS-26AUG14-4.500,30.0,0.24509999999999998,0.5700000000000001,27.0,0.00022499999999999818,0.33392499999999986,0.0010806353868669746,0.3591813533922311,0.0007426147104488815,0.3186772051608688
KXH200WS-26AUG14-4.500,14.0,0.2304,0.64,14.0,9.999999999999796e-05,0.23769999999999997,0.0005289005428498509,0.33300788802483466,0.0003339392381913468,0.28764149135030836
KXH200WS-26AUG14-4.500,7.0,0.24,0.6,7.0,9.999999999999796e-05,0.17809999999999998,0.00019906313002218491,0.3001950538317529,0.0001524163185609946,0.27395665405759145
KXH200WS-26AUG14-4.500,3.0,0.24750000000000003,0.45,3.0,0.0,0.14469999999999997,7.166600834622451e-05,0.26941465571317635,3.787890897123417e-05,0.2564273197235753
KXAOWOMEN-26-ISWI,30.0,0.1411,0.17,29.0,0.0014000000000000009,0.0183,0.0010381820491483227,0.3403293147892903,0.0009331252697477393,0.259174141025259
KXAOWOMEN-26-ISWI,14.0,0.1344,0.16,14.0,0.0006999999999999997,0.0183,0.0005501291518990518,0.23993173924102884,0.0004428937215221188,0.20061325410139796
KXAOWOMEN-26-ISWI,7.0,0.1131,0.13,7.0,0.0003999999999999996,0.0165,0.00022814595220283136,0.2021002279071269,0.0002046287778189191,0.17192708947985053
KXAOWOMEN-26-ISWI,3.0,0.1275,0.15,3.0,0.0003999999999999996,0.014500000000000002,0.0001125584872528216,0.17670994122361094,8.788155880658477e-05,0.1557611098507164
KXSNOWS-24-DET,7.0,0.1476,0.18,5.0,0.0001999999999999996,1.3037999999999992,0.00014810562851467983,0.24671822096909696,0.00011248030109565138,0.20022078113531422
KXSNOWS-24-DET,3.0,0.056400000000000144,0.9399999999999998,3.0,9.999999999999996e-05,0.7108999999999998,0.00011718100710412239,0.17344635996977886,0.00011236065969074107,0.1102770742322711
KXNBAPLAYOFF-26-PHX,30.0,0.15999999999999998,0.8,30.0,0.0009999999999999929,0.205,0.001062408532662752,0.39919868085931454,0.0008807850367259693,0.3199348424077024
KXNBAPLAYOFF-26-PHX,14.0,0.1476000000000001,0.8199999999999998,14.0,0.0006999999999999901,0.1731,0.00047448892736138193,0.29816177603583954,0.0003464366317921797,0.24170078804764789
KXNBAPLAYOFF-26-PHX,7.0,0.12749999999999995,0.8500000000000001,7.0,0.00019999999999999814,0.15810000000000002,0.00023301179512651867,0.220316445987972,0.00015449592639887096,0.18645942688113387
KXNBAPLAYOFF-26-PHX,3.0,0.24,0.6,3.0,9.999999999999796e-05,0.09530000000000004,8.54473412968695e-05,0.2605507054810342,3.379088226850722e-05,0.26014842981839853
KXCPI-26APR-T0.4,30.0,0.1971,0.73,29.999999999999993,0.0010999999999999931,0.062400000000000004,0.0011747377056814015,0.4309396272048257,0.0008208675771007908,0.3215214695422163
KXCPI-26APR-T0.4,14.0,0.1824,0.76,14.0,0.0007999999999999926,0.012000000000000002,0.0005092911600555751,0.34249770968954185,0.00034338576270263903,0.2642246921555876
KXCPI-26APR-T0.4,7.0,0.14110000000000003,0.83,7.0,0.0004999999999999898,0.008199999999999992,0.00025981453945722247,0.2442831741097239,0.00017043189762484308,0.18774787549946248
KXCPI-26APR-T0.4,3.0,0.12040000000000001,0.86,3.0,0.0,0.006599999999999998,9.214500082135467e-05,0.1814948317751676,7.277896110562719e-05,0.15526340045488599
KXMLBPLAYOFFS-25-CIN,30.0,0.05639999999999999,0.06,30.0,0.0005999999999999992,0.5829,0.0010018666449330366,0.25110021954429085,0.0009156557262362092,0.2094368374475533
KXMLBPLAYOFFS-25-CIN,14.0,0.144375,0.17500000000000002,14.0,2.4999999999999906e-05,0.4775499999999999,0.0004908943155247588,0.27332072190147616,0.00041830546633784285,0.2195863337087193
KXMLBPLAYOFFS-25-CIN,7.0,0.2304,0.64,7.0,0.0,0.3387999999999999,0.00022610918921999853,0.28904224638178194,0.00013218280477945445,0.25706493232270133
KXMLBPLAYOFFS-25-CIN,3.0,0.2436,0.58,3.0,0.0,0.15259999999999993,9.409510313833185e-05,0.28420882650002816,2.7977663122579827e-05,0.25892591288658406
KXLAGODAYS-26APR-0,14.0,0.1131,0.13,13.0,0.00010000000000000018,0.014600000000000002,0.000454836457434822,0.23159570433366475,0.0003646925628914108,0.190002718369338
KXAPRPOTUS-26AUG07-39.9,7.0,0.1344,0.16,6.0,9.999999999999996e-05,0.0071,0.00020639326487384736,0.20711966868307968,0.0001683352158797933,0.16133440284209336
KXAAAGASM-25APR30-3.40,30.0,0.21000000000000002,0.7,26.0,0.0017999999999999995,0.57205,0.0009426687634453413,0.43093653496585416,0.0007131612876154025,0.31606323969628686
KXAAAGASM-25APR30-3.40,14.0,0.05639999999999999,0.06,14.0,0.0014999999999999996,0.0005,0.0004246073694039422,0.156796687988165,0.00040756567854145006,0.11702757788266313
KXAAAGASM-25MAY31-3.25,30.0,0.156975,0.195,20.0,0.001299999999999999,0.097025,0.0007234377688419885,0.2694923598416751,0.0006593060451343401,0.25092072873524995
KXAAAGASM-25MAY31-3.25,14.0,0.21389999999999998,0.31,14.0,0.0007999999999999999,0.07229999999999998,0.000489165463433763,0.3308488257104705,0.0003882365428303741,0.2532805908900807
KXAAAGASM-25MAY31-3.25,7.0,0.16000000000000003,0.2,7.0,0.0003000000000000001,0.009899999999999999,0.00024803790352948994,0.2631442282123079,0.0001813388841488528,0.1961703895210655
KXTORNADO-26MAR-200,30.0,0.247975,0.545,29.958333333333336,0.0004999999999999953,0.808225,0.0011205548988905975,0.4181771625452894,0.0007697253184937289,0.33573106070465203
KXTORNADO-26MAR-200,14.0,0.2499,0.51,14.000000000000004,0.0003999999999999963,0.32970000000000005,0.0005668887080206219,0.33538842888313625,0.00033670644978673074,0.3006579052985414
KXTORNADO-26MAR-200,7.0,0.2176,0.68,7.0000000000000036,0.0,0.25920000000000004,0.00028577710883399506,0.2833768157476155,0.0001820980859357485,0.2568998540661899
KXTORNADO-26MAR-200,3.0,0.21389999999999998,0.31,3.0,0.0,0.1829,8.25341914195478e-05,0.25611625476509714,3.90420893156355e-05,0.24546028889358712
KXCABLEAVE-25-26MAY,30.0,0.2331,0.63,30.0,0.0011999999999999932,0.26705,0.00113311553785339,0.4286651515785617,0.0008525008679612621,0.31345331442203384
KXCABLEAVE-25-26MAY,14.0,0.24639999999999998,0.56,14.0,0.0004000000000000007,0.21799999999999997,0.0005174423487969586,0.35209407047294233,0.00030440555828716194,0.29493013834706616
KXCABLEAVE-25-26MAY,7.0,0.2436,0.58,7.0,0.00030000000000000057,0.20409999999999995,0.0002444622243216766,0.2911647052007589,0.00014031303655887033,0.2780738489030503
KXCABLEAVE-25-26MAY,3.0,0.2419,0.59,3.0,0.00020000000000000036,0.20409999999999995,9.245392021072697e-05,0.27910551098160263,3.8083373440589346e-05,0.2537213427711048
KXGRAMBCS-68-ASO,30.0,0.2244,0.34,30.0,0.000799999999999997,0.1474,0.0011408880849807228,0.40380846107350565,0.0008716067945593758,0.31123921768577395
KXGRAMBCS-68-ASO,14.0,0.2176,0.31999999999999995,14.0,0.00019999999999999925,0.13799999999999998,0.0005015376618096558,0.3339996319326618,0.0003743278111032644,0.2953946412496834
KXGRAMBCS-68-ASO,7.0,0.2244,0.34,7.0,0.00019999999999999925,0.1188,0.00021961752213736516,0.2689771903623789,0.00012219314569262936,0.24345971547126247
KXGRAMBCS-68-ASO,3.0,0.22749999999999998,0.35,3.0,0.00010000000000000018,0.1188,8.373658467475838e-05,0.2396721625697794,5.605831776648895e-05,0.242566111483974
GRAMAOTY-66-TR,14.0,0.0475,0.05,15.0,0.0001999999999999998,0.013150000000000002,0.00045877224849360035,0.15747205838845196,0.00041515059891835315,0.12607997045800765
GRAMAOTY-66-TR,7.0,0.1131,0.13,7.0,0.0001999999999999998,0.00695,0.00025133680776688545,0.199328744884116,0.00021795899533528249,0.18166585486248762
GRAMAOTY-66-TR,3.0,0.09000000000000001,0.1,3.0,9.99999999999999e-05,0.006549999999999999,6.265565897845632e-05,0.1300266423474891,5.9076373929377826e-05,0.1161661616875625
KXMAKEMARMAD-26-GC,30.0,0.1539,0.19,29.95833333333333,0.0018499999999999988,0.5438999999999999,0.0011333771653370384,0.3281244058634698,0.0010254128852999994,0.2684970681537442
KXMAKEMARMAD-26-GC,14.0,0.2451,0.57,13.958333333333329,0.0008499999999999996,0.3023,0.00048731764540194534,0.36156487180310326,0.0003201084934210917,0.27854113066261854
KXMAKEMARMAD-26-GC,7.0,0.0979,0.11,6.958333333333329,0.0008499999999999996,0.014300000000000002,0.00018953482663149017,0.1830833588697471,0.000200474793116166,0.16145576395952163
KXMAKEMARMAD-26-GC,3.0,0.0475,0.05,3.0,0.00045,0.0013000000000000002,6.737367920809226e-05,0.10184811642787778,7.714572495729627e-05,0.09156961985932903
KXRAINCHIM-25DEC-1,30.0,0.24999999999999997,0.49999999999999994,29.0,0.0005000000000000042,0.5475,0.0010453855206469071,0.41039202422988025,0.0008426660465739394,0.3345013394698666
KXRAINCHIM-25DEC-1,14.0,0.24,0.6,14.0,9.999999999999796e-05,0.4203,0.0005060481284970355,0.3302186734815241,0.0003023423730040683,0.2795135680347411
KXRAINCHIM-25DEC-1,7.0,0.1824,0.24,7.0,9.999999999999796e-05,0.3255,0.0002446821900854357,0.2547178346076127,0.00017364951265195022,0.22854643932767962
KXRAINCHIM-25DEC-1,3.0,0.0899999999999999,0.9000000000000001,3.0,9.999999999999796e-05,0.008499999999999956,0.0001175882749445238,0.18994652740004347,7.723551612536905e-05,0.13041157315514773
KXRTX5090WS-26JUL31-0.500,30.0,0.236775,0.615,30.0,0.000875000000000001,0.1496,0.001112266294936209,0.40015328573159337,0.0008707549969863769,0.3249517807871558
KXRTX5090WS-26JUL31-0.500,14.0,0.2356,0.62,14.0,0.00019999999999999982,0.1492,0.0005277465561927062,0.34241219727867345,0.00033281604323794886,0.28989724696915287
KXRTX5090WS-26JUL31-0.500,7.0,0.24750000000000003,0.45,7.0,9.999999999999963e-05,0.12019999999999999,0.00024874273490559003,0.3126491653713311,0.00012769833833775412,0.27606976832483077
KXRTX5090WS-26JUL31-0.500,3.0,0.1771,0.23,3.0,0.0,0.0797,0.00011653367509051545,0.23976276542696084,4.618179962522345e-05,0.21492133719801404
PAYROLLS-24APR-T225000,30.0,0.2356,0.38,19.0,0.0002250000000000004,0.382725,0.0007145535728733829,0.337104943732794,0.000483231944114825,0.269102826732528
PAYROLLS-24APR-T225000,14.0,0.2484,0.54,15.0,0.0,0.36529999999999996,0.0005480631641892518,0.3481306437708567,0.000349907586604452,0.293865417969803
PAYROLLS-24APR-T225000,7.0,0.2451,0.43,7.0,0.0,0.35155,0.0002343967689525657,0.32472958891584996,0.00011545596717925904,0.2666055699532767
PAYROLLS-24APR-T225000,3.0,0.2499,0.51,3.0,0.0,0.34409999999999996,7.760989015001829e-05,0.2843515469260913,4.071447613726659e-05,0.2620048979394894
KXNFLWINS-TB-25B-T8,30.0,0.1056,0.88,30.0,0.0005999999999999955,1.1135000000000002,0.0010618603027861351,0.3436467122011118,0.0008689469398256663,0.2975379370864324
KXNFLWINS-TB-25B-T8,14.0,0.2331,0.63,14.0,0.00024999999999999713,0.99065,0.00048653876247538476,0.3454987523744277,0.00031237585517836355,0.27280960083469297
KXNFLWINS-TB-25B-T8,7.0,0.22749999999999998,0.35,7.0,0.0,0.76725,0.0002556591377573113,0.2996252666503297,0.0001488605617578476,0.2581589703596925
KXNFLWINS-TB-25B-T8,3.0,0.2419,0.59,3.0,0.0,0.66825,7.261144858872168e-05,0.2964414105192094,4.502592305428944e-05,0.2541210879850981
KXRAINCHIM-25DEC-2,30.0,0.12749999999999995,0.8500000000000001,29.0,0.001799999999999996,0.40330000000000005,0.0009807869252049098,0.37571226042314804,0.0007931949071336451,0.29292581090904063
KXRAINCHIM-25DEC-2,14.0,0.0979,0.11,14.0,0.0008999999999999989,0.2182,0.00045485093384978035,0.22450810953565095,0.00038274355325922506,0.1897713393916964
KXRAINCHIM-25DEC-2,7.0,0.09000000000000001,0.1,7.0,0.0003999999999999996,0.21459999999999999,0.00018413877528058168,0.1504187254924286,0.00016910612787394592,0.14483130197125607
KXRAINCHIM-25DEC-2,3.0,0.0819,0.09,3.0,0.0,0.1925,5.740678465770487e-05,0.1232939855716111,6.990680711496779e-05,0.10355425328989096
KXNBAFINMVP-26-NJOK,30.0,0.0819,0.09,31.0,0.002324999999999999,0.006725000000000002,0.0011085185264273765,0.250656422917978,0.000912763839641758,0.19902262929044057
KXNBAFINMVP-26-NJOK,14.0,0.0736,0.08,14.0,0.0018249999999999996,0.003125,0.00043455372348995616,0.18963163302310243,0.00043091294012533574,0.1715382065476852
KXJOBLESSCLAIMS-26JAN29-200000,7.0,0.17159999999999997,0.78,6.0,0.0,0.05280000000000006,0.00020620479209974352,0.27251800455413355,0.00016186281691836133,0.21925347765634373
KXJOBLESSCLAIMS-26JAN29-200000,3.0,0.1971,0.73,3.0,0.0,0.04550000000000003,7.927281662141876e-05,0.23748124107225166,4.226115164401341e-05,0.20844521730092147
TNOTEW-24MAR29-B4.22,7.0,0.1056,0.12,5.0,2.4999999999998934e-05,0.412725,0.00015197775449266992,0.16460924620721706,0.0001508634828311628,0.13691248675834422
TNOTEW-24MAR29-B4.22,3.0,0.247975,0.545,3.0,0.0,0.22782500000000006,8.05365770117177e-05,0.2771120187462046,3.770372326323857e-05,0.2526910235590105
KXRANKLISTSONGTOP10-26FEB14-END,7.0,0.24999999999999997,0.49999999999999994,7.0,0.0,0.6138499999999999,0.0002342507515713281,0.30955400379312786,0.000111903400398319,0.2696502915138085
KXRANKLISTSONGTOP10-26FEB14-END,3.0,0.0651,0.07,3.0,0.0,0.0143,6.147084852142152e-05,0.0963831210312887,6.597963314966872e-05,0.10821288705743434
KXGAMEAWARDSBAD-2025-GHO,30.0,0.093975,0.105,21.0,0.00065,0.949575,0.0007532010303805843,0.24150753297414532,0.0005895175793817259,0.20992162192183653
KXGAMEAWARDSBAD-2025-GHO,14.0,0.05639999999999999,0.06,14.0,0.00065,0.5035499999999999,0.00041812244214785467,0.1457290639518698,0.0003752399772858604,0.14306647110169218
KXGAMEAWARDSBAD-2025-GHO,3.0,0.0651,0.07,3.0,0.0,0.5017,7.102796879427914e-05,0.1020156912639369,6.938278482341036e-05,0.09003886735859673
CPIYOY-23FEB-T6.2,30.0,0.24999999999999997,0.49999999999999994,19.958333333333332,0.0004749999999999992,0.06162499999999999,0.0007512280585218106,0.38252079006979145,0.0005036024100493136,0.30875203811127444
CPIYOY-23FEB-T6.2,14.0,0.16590000000000002,0.21000000000000002,13.958333333333332,0.0004749999999999992,0.010125000000000002,0.0005079921974575406,0.2769703271849606,0.00037224242178887835,0.24905637868281916
CPIYOY-23FEB-T6.2,7.0,0.1411,0.17,6.958333333333332,0.00012499999999999995,0.008525000000000001,0.00023008339690530686,0.2295878772138192,0.0001760151612609405,0.17270492550495384
CPIYOY-23FEB-T6.2,3.0,0.0736,0.08,2.958333333333332,9.99999999999999e-05,0.004900000000000001,6.598803812130367e-05,0.1077094153730373,5.0325034400644277e-05,0.10947575018029583
KXAOWOMEN-26-AANI,30.0,0.09000000000000001,0.1,29.0,0.0029999999999999983,0.023600000000000003,0.0009870867777926914,0.3081108216447488,0.0009268016277247036,0.22272154883156298
KXAOWOMEN-26-AANI,14.0,0.09000000000000001,0.1,14.0,0.0009999999999999992,0.023600000000000003,0.0004461625873081005,0.19524166536759033,0.00042226219200399193,0.16686986042299762
KXAOWOMEN-26-AANI,7.0,0.1275,0.15,7.0,0.0007999999999999992,0.022300000000000004,0.0002457628417320294,0.24306978477750676,0.0001865789908423774,0.16949472948968175
KXAOWOMEN-26-AANI,3.0,0.1539,0.19,3.0,0.0,0.0165,9.895028457485177e-05,0.22650756622128249,5.415232061947451e-05,0.18173786936463757
OSCARNOMPIC-25-EP,30.0,0.05639999999999995,0.9400000000000001,31.0,0.0015749999999999974,0.1230749999999999,0.0010202210564428022,0.37578573952696653,0.0008524399612957379,0.3221369260320236
OSCARNOMPIC-25-EP,3.0,0.056400000000000144,0.9399999999999998,3.0,0.0,0.11779999999999989,0.00010496084607063658,0.15270063350805244,0.00010712350493954226,0.12013048415321481
KXLAGODAYS-26JUL-0,30.0,0.04750000000000004,0.95,30.0,0.002299999999999986,0.0029999999999999966,0.00105200510705653,0.3564093521708381,0.0008211299146813916,0.3134005195520794
KXLAGODAYS-26JUL-0,14.0,0.04750000000000004,0.95,14.0,0.0004000000000000007,0.0005000000000000009,0.00041219585947597793,0.2779595077070546,0.00037965239909433306,0.17305816086542258
KXRAINNYCM-25DEC-4,30.0,0.1476,0.18000000000000002,27.0,0.0006999999999999996,0.13310000000000002,0.0009580071483084411,0.3037538275553564,0.0008808578601599673,0.236770573364356
KXRAINNYCM-25DEC-4,14.0,0.1716,0.22,14.0,0.00020000000000000036,0.08779999999999999,0.0004999772504423522,0.2669733463414468,0.0003872558100269305,0.23428831919470627
KXRAINNYCM-25DEC-4,7.0,0.1539,0.19,7.0,0.00010000000000000018,0.0582,0.0002494047021601578,0.26537571946368566,0.00018422372935647006,0.20146338166850286
KXRAINNYCM-25DEC-4,3.0,0.0736,0.08,3.0,0.00010000000000000018,0.003300000000000001,5.1812835477080115e-05,0.11888636879575679,5.167956151257733e-05,0.1219696462213054
KXVOTEHUBTRUMPUPDOWN-26MAY07,7.0,0.2211,0.33,5.0,0.0,0.4625,0.00018852839444206005,0.2602275586024898,7.859953125381932e-05,0.25160903401860374
KXVOTEHUBTRUMPUPDOWN-26MAY07,3.0,0.1476,0.18,3.0,0.0,0.44520000000000004,8.744749985937559e-05,0.20975399594195068,6.232265395543103e-05,0.1731300755115217
KXNFLWINS-CHI-25B-T7,30.0,0.19240000000000002,0.74,30.04166666666667,0.0004999999999999964,0.34675,0.0011316868801967608,0.40586527038665215,0.0008683434902452577,0.32415434594616
KXNFLWINS-CHI-25B-T7,14.0,0.14110000000000003,0.83,14.0,0.0003999999999999963,0.10935000000000006,0.00042995442921146305,0.3134907129740789,0.0003617336257145598,0.23515740308392147
KXNFLWINS-CHI-25B-T7,7.0,0.06509999999999996,0.93,7.0,0.00020000000000000036,0.004749999999999976,0.0002370921948564766,0.18850757151267883,0.00020494754580529004,0.15288690709157765
KXA100MAX-26DEC31-0.790,30.0,0.1056,0.88,24.0,0.0002749999999999983,0.36587499999999995,0.0008269737939235324,0.32495404629530505,0.0006533616337418647,0.29595791429650325
KXA100MAX-26DEC31-0.790,14.0,0.248775,0.5349999999999999,14.0,2.5000000000000045e-05,0.24564999999999998,0.0005125078263075686,0.33165062213316787,0.0003126651650118649,0.29048261033859146
KXA100MAX-26DEC31-0.790,7.0,0.249975,0.505,8.0,0.0,0.245025,0.0002738220917785478,0.3187757871813903,0.0001748017187486318,0.27451944185027455
KXA100MAX-26DEC31-0.790,3.0,0.249975,0.505,4.0,0.0,0.245025,0.0001102397720139928,0.30619915563125244,5.520113452187861e-05,0.26546668410080815
KXMAKEMARMAD-26-OSU,30.0,0.2496,0.52,29.95833333333333,0.0005000000000000009,0.6017,0.0011758721371520368,0.40458510659220503,0.0007806362032702525,0.31847252335257215
KXMAKEMARMAD-26-OSU,14.0,0.1875,0.25,13.958333333333329,0.00010000000000000018,0.2098,0.0004533267868520996,0.30763210344004643,0.0003723088849877643,0.24066758334416172
KXMAKEMARMAD-26-OSU,7.0,0.04750000000000004,0.95,6.958333333333329,0.00010000000000000018,0.0037999999999999913,0.00022979101121031373,0.14798058323253527,0.00023697137283710013,0.14278602153680123
KXMAKEMARMAD-26-OSU,3.0,0.04750000000000004,0.95,3.0,0.0,0.0013000000000000023,8.983260521861028e-05,0.11526154629688463,8.328215708526917e-05,0.1051635967926225
KXCPIYOY-26FEB-T2.3,30.0,0.15999999999999998,0.8,24.958333333333332,0.0006000000000000056,0.06780000000000003,0.0008489995494702115,0.3595554185645112,0.0007130213988436313,0.27473722817713087
KXCPIYOY-26FEB-T2.3,14.0,0.17159999999999997,0.78,13.958333333333332,0.0005000000000000032,0.047500000000000056,0.0005323634203100739,0.28407538092547924,0.00034665831834436217,0.26079949730489804
KXCPIYOY-26FEB-T2.3,7.0,0.1056,0.88,6.958333333333332,0.0001000000000000024,0.04070000000000007,0.00021109517152788623,0.18800955272563713,0.00022234092614628075,0.17519999947656045
KXCPIYOY-26FEB-T2.3,3.0,0.09789999999999999,0.89,2.958333333333332,0.0,0.03850000000000007,0.00010435831799613799,0.1809676333040288,7.404098179553081e-05,0.14426836442782257
KXCPI-26JAN-T0.4,30.0,0.05639999999999999,0.06,30.0,0.0021999999999999997,0.010650000000000003,0.0010416251872982984,0.21329899136586625,0.0009111640421686821,0.2086945588432296
KXCPI-26JAN-T0.4,7.0,0.0475,0.05,7.0,0.0009999999999999998,0.003300000000000001,0.00019406996020830436,0.1064514480964352,0.00019197935643346052,0.0993042253303011
KXTOPALBUM-25MAY17-DTMF,14.0,0.24997500000000003,0.49499999999999994,11.0,5.000000000000453e-05,0.727425,0.00038789563880270856,0.34106279869387657,0.0001999678309940945,0.2997689645214714
KXTOPALBUM-25MAY17-DTMF,7.0,0.051975,0.055,7.0,5.000000000000453e-05,0.533825,0.000303615843057686,0.11573699695721949,0.0002787574704371391,0.10718562434402756
KXEPLTOP2-26-AVL,30.0,0.24189999999999998,0.4099999999999999,30.0,0.0003999999999999982,0.18719999999999998,0.0010822775847192318,0.39952293172565634,0.0008501493089841783,0.3329855754346941
KXEPLTOP2-26-AVL,3.0,0.0819,0.09,3.0,0.0,0.007249999999999999,6.461902127552801e-05,0.11841964867912512,5.873811358737279e-05,0.11740220337720803
TNOTEW-24MAR22-B4.39,7.0,0.05639999999999999,0.06,6.0,0.0003,0.0081,0.00015066077007044938,0.11579915587601039,0.0001663081868406608,0.1059410190945417
TNOTEW-24MAR22-B4.39,3.0,0.0651,0.07,3.0,0.0001999999999999998,0.0081,5.016758910652415e-05,0.09060309243460306,8.070709351944941e-05,0.10184475041357331
KXUSOPEN-25-MMCN,14.0,0.24997500000000003,0.49499999999999994,13.0,7.500000000000001e-05,0.7302,0.0004808134586163605,0.36920780854085505,0.0002624729548867423,0.2939898751638806
KXAAAGASM-26APR30-5.00,30.0,0.2176,0.32,26.0,0.0012749999999999994,0.05612500000000001,0.0009962540030062665,0.3747308032056158,0.0007345950059046657,0.2907088736077138
KXBAFTAFILM-26-SIN,30.0,0.0475,0.05,30.0,0.0018,0.031100000000000006,0.0010536048628367563,0.2683168952677704,0.0009080152407737224,0.202611407516691
KXBAFTAFILM-26-SIN,14.0,0.0475,0.05,14.0,0.0009499999999999999,0.0158,0.0004108314373541703,0.1749676899013304,0.0003993708812225705,0.1259583100185816
KXBAFTAFILM-26-SIN,7.0,0.0979,0.11,7.0,0.00030000000000000014,0.009400000000000002,0.00020556562768566072,0.16179199875172706,0.0001591003699522332,0.14358299885719672
KXNFLPLAYOFF-26-KC,30.0,0.24,0.6,30.0,0.0016500000000000009,0.1164,0.0011816849905742109,0.4386157741561583,0.0008646985592779077,0.31671425201837605
KXNFLPLAYOFF-26-KC,14.0,0.1411,0.17,14.0,0.0010499999999999997,0.0257,0.0005228550032764835,0.2683954911306058,0.00042627757547818146,0.20304534582117084
KXTOPMONTHLY-26MAY-JUS,30.0,0.25,0.5,29.0,0.0004999999999999987,0.29849999999999993,0.001129157684203925,0.42873739767618324,0.0008229620425486234,0.3173865189066543
KXTOPMONTHLY-26MAY-JUS,14.0,0.1131,0.13,14.0,0.0,0.12050000000000001,0.0004968766841944832,0.25014820946207517,0.0004184777514863787,0.19912676493147988
KXTOPMONTHLY-26MAY-JUS,7.0,0.0979,0.11,7.0,0.0,0.0883,0.00018823273336644936,0.14632625344919442,0.00017522243670357784,0.14707433970691278
KXTOPMONTHLY-26MAY-JUS,3.0,0.09000000000000001,0.1,3.0,0.0,0.08039999999999999,5.963668711292567e-05,0.13700331286867504,6.288224202683901e-05,0.11396474127469976
KXBRENTW-26AUG2817-T89.99,7.0,0.2244,0.66,6.0,9.999999999999796e-05,0.21830000000000008,0.00019096832206918137,0.295377620540396,0.00011407837807619545,0.26081954009099717
KXBRENTW-26AUG2817-T89.99,3.0,0.24639999999999998,0.56,3.0,0.0,0.20580000000000007,9.167488578480999e-05,0.2606301200316571,4.690022291605687e-05,0.25311981660030436
KXNBADRAFTTOP-26-10-HSTE,30.0,0.09000000000000001,0.1,31.000000000000014,0.0012749999999999992,0.014425,0.0010855363037702136,0.28981729241461135,0.0009636667847590805,0.22248757226496466
KXNBADRAFTTOP-26-10-HSTE,14.0,0.0736,0.08,14.0,0.0003,0.0103,0.0004423377041774214,0.1854507022227749,0.0003873030535411728,0.15526184565080314
KXNBADRAFTTOP-26-10-HSTE,7.0,0.0819,0.09,7.0,0.0002000000000000001,0.0103,0.0001933576909615644,0.14533247908917224,0.00016498880702313563,0.1511323139838619
KXNBADRAFTTOP-26-10-HSTE,3.0,0.0979,0.11,3.0,0.0002000000000000001,0.0081,5.6313804603981885e-05,0.12833286792925136,5.479117773625945e-05,0.12147934297854275
KXEPSTEIN-26-DEC25,30.0,0.2451,0.57,25.0,0.000600000000000001,0.15483600000000003,0.0009696439643163599,0.41332789887896043,0.0006542436433872642,0.32152133805237965
KXEPSTEIN-26-DEC25,14.0,0.2331,0.63,14.0,0.00010000000000000018,0.131936,0.00046096285261535753,0.33286344857145694,0.0003140241772869981,0.2796935972328849
KXEPSTEIN-26-DEC25,7.0,0.233871,0.627,7.0,0.0,0.10841900000000002,0.00022867574554125846,0.28982140667576634,0.0001443102737140997,0.26159581181080377
KXEPSTEIN-26-DEC25,3.0,0.237456,0.612,3.0,0.0,0.103788,7.532665684868901e-05,0.27943758026333954,4.676911732996628e-05,0.24557850540828993
KXCPIYOY-26JUL-T3.8,30.0,0.2451,0.43000000000000005,30.0,0.00115,0.09740000000000003,0.0012058130614798059,0.3937140922541154,0.0008428468985575777,0.33261916233604416
KXTOPSONG-26JUL11-CHO,14.0,0.08999999999999998,0.9,10.0,0.0,0.4336499999999999,0.0002911834616556471,0.23718558319272673,0.0002593926047706097,0.18179142793061803
KXTOPSONG-26JUL11-CHO,7.0,0.04750000000000004,0.95,7.0,0.0,0.06989999999999995,0.0002369985626860695,0.19804422429733712,0.00023939226293697414,0.1130490339432551
KXNFLWINS-ATL-25B-T11,30.0,0.16000000000000003,0.2,30.04166666666667,0.0004999999999999984,0.5226000000000001,0.001135998029783061,0.35835061936250867,0.0009892159179055273,0.2683994683244482
KXNFLWINS-ATL-25B-T11,14.0,0.0736,0.08,14.041666666666671,4.81482486096809e-35,0.46725000000000005,0.0004176563952651548,0.1701317654885822,0.0004234236838616081,0.16729776941742236
KXDETSNOWM-25DEC-3.0,7.0,0.1659,0.79,7.0,0.00020000000000000036,0.016300000000000023,0.00025453829464519665,0.26457860061131455,0.0001589797756343588,0.2161876530274762
KXDETSNOWM-25DEC-3.0,3.0,0.12040000000000001,0.86,3.0,0.0,0.013800000000000031,0.00010693100411216641,0.19811115706236337,7.768178212249896e-05,0.16151337799249668
KXJOBLESSCLAIMS-26JAN22-210000,7.0,0.24,0.6,6.0,0.00020000000000000036,0.24980000000000002,0.00020552401980077268,0.29933827257740825,0.00010735202980268208,0.25693280551725733
KXJOBLESSCLAIMS-26JAN22-210000,3.0,0.2491,0.53,3.0,0.00010000000000000018,0.24300000000000005,8.317417216425257e-05,0.2723018124997346,4.947384342482259e-05,0.2579372253056812
KXNFLWINS-GB-25B-T7,14.0,0.07360000000000005,0.9199999999999999,14.0,5.000000000000231e-05,0.6540000000000001,0.000415932198964589,0.2568704575854995,0.0003380108060412109,0.2106275455877903
KXNFLWINS-GB-25B-T7,7.0,0.04750000000000004,0.95,7.0,0.0,0.5777500000000001,0.00022399215602587842,0.15532455543940452,0.00022088129567781055,0.1095863783584546
KXHMONTH-26JUL,30.0,0.1971,0.27,30.0,0.0008999999999999989,0.13220000000000004,0.001107874528305216,0.33381192262388176,0.0009768818556459712,0.28383171741641905
KXHMONTH-26JUL,14.0,0.19240000000000002,0.26,14.0,0.0004999999999999993,0.0823,0.0005210404824218019,0.2745480482709659,0.0003782192364827953,0.25946702578912717
KXHMONTH-26JUL,7.0,0.12040000000000001,0.14,7.0,0.0,0.0766,0.0002566441241110549,0.23141650357479362,0.00020382218307112696,0.15071755711595755
KXHMONTH-26JUL,3.0,0.1275,0.15,3.0,0.0,0.0663,8.196446980697177e-05,0.20494232506882734,5.9174616242325363e-05,0.16322608832759705
TNOTEW-24JUN14-B4.47,7.0,0.08597500000000001,0.095,6.0,0.000225,0.47865,0.00016372747033416263,0.12735885417353773,0.00013909240971601408,0.1330065160267376
TNOTEW-24JUN14-B4.47,3.0,0.0736,0.08,3.0,0.0,0.47865,6.31407096688381e-05,0.12635851026180397,4.994780346952024e-05,0.10561122871196373
KXNETFLIXRANKSHOWRUNNERUP-26AUG24-TIR,7.0,0.16000000000000003,0.2,5.0,0.0,0.22660000000000005,0.00017041554326699908,0.23245846585995758,0.000105263169475847,0.2037605076335395
KXNETFLIXRANKSHOWRUNNERUP-26AUG24-TIR,3.0,0.15999999999999998,0.8,3.0,0.0,0.017799999999999993,9.887313476190048e-05,0.22804926952064336,5.1136756024209395e-05,0.1863207863108559
KXAPRPOTUS-26JAN09-42.55,7.0,0.0736,0.08,6.0,0.0004999999999999998,0.0087,0.00014758482609023753,0.12508213479107919,0.00012536971526900045,0.13453567986754278
KXAPRPOTUS-26JAN09-42.55,3.0,0.0475,0.05,3.0,0.0004999999999999998,0.001,8.493270531713006e-05,0.08560170439995227,6.803421091259772e-05,0.07573836545788362
KXXRPMAXMON-XRP-26MAR31-150,14.0,0.2304,0.64,13.958333333333334,0.00010000000000000018,0.3075,0.0005226027943647055,0.35721272009047467,0.00030158249341740047,0.2715859734227277
KXXRPMAXMON-XRP-26MAR31-150,7.0,0.2475,0.55,6.958333333333334,0.0,0.10690000000000001,0.00023635258532481905,0.29415666347126085,0.00011641456528844504,0.26430702988371346
KXXRPMAXMON-XRP-26MAR31-150,3.0,0.2211,0.67,3.0,0.0,0.07450000000000001,7.656625627607328e-05,0.2543835088467751,4.6431565075007094e-05,0.2444877933048258
KXCPICOREYOY-26APR-T2.6,30.0,0.2176,0.68,30.0,0.000825000000000006,0.06022500000000003,0.0011363156814878043,0.4499788053468581,0.0008737998580488627,0.3236048152351005
KXCPICOREYOY-26APR-T2.6,14.0,0.2211,0.67,14.0,0.0002000000000000048,0.036699999999999976,0.000477890483521481,0.3184120394332049,0.00031965978082470445,0.27193627278614707
KXCPICOREYOY-26APR-T2.6,7.0,0.2016,0.72,7.0,0.0002000000000000048,0.02699999999999998,0.0002345070882545909,0.26236373664653967,0.00013008138751690923,0.2502667273523526
KXCPICOREYOY-26APR-T2.6,3.0,0.1476000000000001,0.8199999999999998,3.0,0.0001000000000000024,0.02289999999999998,8.99254380251959e-05,0.21772198533303758,5.7863034930568364e-05,0.1799076315228772
KXMUSKNW-26JUN30-T1400,30.0,0.24997500000000003,0.49499999999999994,20.0,0.00030000000000000003,0.252575,0.0007190005730145261,0.3833353591076353,0.0004990456074542017,0.308865381794281
KXMUSKNW-26JUN30-T1400,14.0,0.19240000000000002,0.26,14.0,0.00030000000000000003,0.03530000000000001,0.0005313185262373219,0.3266866915998007,0.0003251731937553963,0.26067354693606215
KXMUSKNW-26JUN30-T1400,7.0,0.0819,0.09,7.0,0.00030000000000000003,0.0029999999999999996,0.00018408094722769644,0.1532628824016573,0.00018132046759426223,0.1249715811234257
KXSOLMAXMON-SOL-26APR30-11000,30.0,0.05639999999999999,0.06,28.0,0.0013249999999999991,0.046225,0.0009454078734830215,0.24259288812454533,0.0008240406964741011,0.18955391405169064
KXSOLMAXMON-SOL-26APR30-11000,7.0,0.0475,0.05,7.0,0.00042500000000000003,0.001025,0.00022181892492402738,0.10852847677837943,0.00018360770231291124,0.09761844385611905
KXPAYROLLS-26AUG-T30000,30.0,0.2244,0.66,27.0,0.001125000000000002,0.31457500000000005,0.0010367360492194143,0.3737822460403809,0.0007036170160418441,0.3105711305262597
KXPAYROLLS-26AUG-T30000,14.0,0.2331,0.63,14.0,0.0009250000000000017,0.17872500000000002,0.0004861213385451394,0.34564956978735006,0.00031678756312080407,0.2775373579051857
KXPAYROLLS-26AUG-T30000,7.0,0.2379,0.61,7.0,0.00020000000000000036,0.17810000000000004,0.00021605304549080078,0.3042563950911679,0.0001445306964219459,0.26922382575677534
KXPAYROLLS-26AUG-T30000,3.0,0.2419,0.59,3.0,0.0,0.17770000000000002,8.278825413195984e-05,0.2645106061442028,4.353507146483059e-05,0.260445616692983
KXBOSSNOWM-26MAR-6.0,30.0,0.2475,0.45000000000000007,29.958333333333332,0.0007182499999999994,0.18010625,0.0011534922776566521,0.42129923018770954,0.0009009995889656303,0.31916464116412185
KXBOSSNOWM-26MAR-6.0,14.0,0.0979,0.11,14.0,0.0006182499999999998,0.01620625,0.00043182314757983205,0.23268981857916995,0.0004229091938918919,0.19315335015788065
HAPPIER-21AUG19-T50,14.0,0.1971,0.27,9.0,0.0005999999999999967,0.18230000000000002,0.0003095746236239755,0.30690406291452904,0.00019831305048754777,0.24983711479230059
HAPPIER-21AUG19-T50,7.0,0.21,0.3,7.0,9.999999999999796e-05,0.18230000000000002,0.00021333481467045902,0.28119023504438406,0.0001307731867336606,0.2423675848672611
HAPPIER-21AUG19-T50,3.0,0.12040000000000001,0.86,3.0,0.0,0.0077999999999999806,9.410847318949525e-05,0.21916508126566847,7.799302933400105e-05,0.15615724595213137
KXNCAAFD3-25-NC,30.0,0.2484,0.45999999999999996,25.0,0.0016999999999999854,0.61095,0.000966468956946199,0.36367068938140507,0.000714281275362027,0.32957809482744355
KXNCAAFD3-25-NC,14.0,0.24277500000000002,0.585,14.0,0.0015999999999999851,0.560125,0.00047197906532489293,0.35068326216538764,0.0003307653542338651,0.28874566055366424
KXNCAAFD3-25-NC,7.0,0.2176,0.68,7.0,0.001299999999999989,0.5497,0.00023487827800882787,0.2999414604611353,0.00012612470851490628,0.25747117359776484
KXNCAAFD3-25-NC,3.0,0.2016,0.72,3.0,0.00010000000000000018,0.5493,8.984042417051533e-05,0.25294346659881706,5.3730466851662216e-05,0.2191890510395244
KXRAINNYCM-25SEP-2,30.0,0.25,0.5,30.0,0.00022500000000001815,0.12352499999999994,0.001151936789857023,0.39601742183411787,0.0008107967691286074,0.31854669881928255
KXSAGAWARDSUPACTO-26-MIL,7.0,0.0475,0.05,7.0,0.00010000000000000018,0.013000000000000001,0.00020916669279146072,0.1068745968022245,0.00017061426365490306,0.11964270636532999
KXSAGAWARDSUPACTO-26-MIL,3.0,0.0651,0.07,3.0,0.0,0.0117,6.499195019263584e-05,0.11573694702306693,5.961382111056165e-05,0.09824530552366202
KXNCAALAXFINAL-26-ND,30.0,0.1476,0.18,30.0,0.000999999999999999,0.43340000000000006,0.0011155318306528463,0.3293476394637827,0.0009806580504220282,0.2711479895496663
KXNCAALAXFINAL-26-ND,14.0,0.19240000000000002,0.26,14.0,0.00030000000000000057,0.2763,0.000524930367037997,0.3220849820744908,0.0003663521511767963,0.22298107742809792
KXNCAALAXFINAL-26-ND,7.0,0.2379,0.39,7.0,0.00020000000000000036,0.2615,0.00021692686843069887,0.32040576149392225,0.00013826676933522935,0.2655450945132417
KXNCAALAXFINAL-26-ND,3.0,0.22749999999999998,0.35,3.0,0.0,0.25989999999999996,7.432963199500358e-05,0.2714356029696606,5.0320291973039346e-05,0.2443911282308905
RAINNYCM-24FEB-2,30.0,0.2244,0.66,20.0,0.00010000000000000018,0.49470000000000014,0.0007322027608558999,0.4242636208031332,0.0005027788213698451,0.29999724677139594
RAINNYCM-24FEB-2,14.0,0.2016,0.72,14.0,0.00010000000000000018,0.45010000000000017,0.0004698818709566608,0.33590668865179585,0.00032178127093514144,0.2502898065574619
RAINNYCM-24FEB-2,7.0,0.2244,0.66,7.0,0.00010000000000000018,0.1739,0.00024949293131762125,0.3309467866293457,0.00015150722350762782,0.2537528738811264
RAINNYCM-24FEB-2,3.0,0.25,0.5,3.0,0.0,0.11379999999999996,8.657547009866172e-05,0.27677093966322086,4.730186185223536e-05,0.2594157980832262
KXBTCMAXM-25SEP30-124999.99,14.0,0.1056,0.12,10.0,0.0007999999999999996,0.0056,0.000341175576612728,0.19491069176145626,0.00032290244713582855,0.15366712489071715
KXBTCMAXM-25SEP30-124999.99,7.0,0.0736,0.08,7.0,0.0005999999999999998,0.004,0.00018088588141854984,0.14686785861139864,0.00017224343798661509,0.13875555313920165
KXEUROVISION-25-FRA,14.0,0.1539,0.19,14.0,0.0003499999999999998,0.079,0.000522681549422691,0.2645958742141362,0.0003983756163977993,0.20286965674194232
KXEUROVISION-25-FRA,7.0,0.05639999999999999,0.06,7.0,0.00019999999999999993,0.0586,0.000176760104626989,0.10607738309646543,0.0001722181054345649,0.10073148260120825
KXNHLADAMS-26-LRUF,30.0,0.1056,0.88,30.0,0.00040000000000000745,1.0787499999999999,0.0010094663527569355,0.38726955029192134,0.0008226503595317343,0.3011934059740644
KXNHLADAMS-26-LRUF,14.0,0.09789999999999999,0.89,14.0,0.0,1.07005,0.0004327761380315398,0.25243165575138454,0.00033339611385737087,0.2123200433908483
KXNHLADAMS-26-LRUF,7.0,0.1056,0.88,7.0,0.0,0.81075,0.00021962183251994199,0.22163422195168309,0.00020392833185456653,0.20031336440354688
KXIWMEN-26-ZVE,3.0,0.0475,0.05,3.0,0.0005999999999999998,0.0025000000000000005,5.9721625534615445e-05,0.1083715368341257,6.315883456624094e-05,0.08447213100142244
KXSPOTIFYNUM1USA-26JUL01-ELL-9,30.0,0.1659,0.21,26.0,0.0008249999999999953,1.2417749999999999,0.0009393549284736649,0.3350378280431904,0.0008368680935193254,0.2567759964161062
KXSPOTIFYNUM1USA-26JUL01-ELL-9,14.0,0.24997499999999997,0.49500000000000005,14.0,0.0004999999999999964,0.825225,0.0005104908297449311,0.32348791025991697,0.0002977422722459143,0.29583080436514164
KXNHLRICHARD-26-NMAC,30.0,0.10177499999999999,0.885,30.0,0.00037500000000000294,0.44399999999999995,0.0009991028525559377,0.3787988609884559,0.0008403593246797855,0.2854289327809463
KXNHLRICHARD-26-NMAC,14.0,0.2244,0.66,14.0,0.00012500000000000244,0.15492499999999987,0.0005062819007326747,0.3473386978078791,0.00034525890183941243,0.2802940849348029
KXNHLRICHARD-26-NMAC,7.0,0.2176,0.68,7.0,2.5000000000002264e-05,0.13627499999999987,0.0002114501504214705,0.2729200457076132,0.00014928483503914768,0.24947188880592314
KXNHLRICHARD-26-NMAC,3.0,0.2139,0.69,3.0,2.5000000000002264e-05,0.09002499999999995,0.00010090560121205606,0.26794148543335505,4.7413053959664416e-05,0.22513981202569383
KXRAINNYCM-25DEC-3,30.0,0.2499,0.49,27.0,0.0006999999999999901,0.1699999999999999,0.0010317354349040583,0.3758342764629883,0.0007442628526359653,0.33139928789323064
KXRAINNYCM-25DEC-3,14.0,0.22749999999999998,0.65,14.0,0.0004999999999999898,0.04879999999999999,0.0004948451696841435,0.35062757357638874,0.0003464608095092982,0.28456542088507175
KXRAINNYCM-25DEC-3,7.0,0.07360000000000005,0.9199999999999999,7.0,0.0004999999999999898,0.004499999999999977,0.0002174008089185174,0.2107138482911544,0.00022720572361317116,0.1392034155475321
KXSILVERW-26JUL2417-T57.99,7.0,0.2016,0.28,6.0,9.999999999999907e-05,0.8753,0.00020379326832278185,0.29039304840021335,0.00012135893984104754,0.2391903717759486
KXSILVERW-26JUL2417-T57.99,3.0,0.2304,0.36,3.0,0.0,0.8548,8.240717245812055e-05,0.25924894440639173,4.077726471252749e-05,0.2367815527551805
KXNBADRAFTPICK-26-8-MBRO,30.0,0.051975,0.055,30.0,0.0006500000000000017,0.020125,0.0011079814307531153,0.2218067113633731,0.0010226829785790032,0.19174159471275268
KXNBADRAFTPICK-26-8-MBRO,14.0,0.12040000000000001,0.14,14.0,0.0003750000000000002,0.007725,0.0005482919597886724,0.23756687765734988,0.00045264644022520353,0.20460660203359332
KXNBADRAFTPICK-26-8-MBRO,7.0,0.10177499999999999,0.11499999999999999,7.0,0.00022500000000000013,0.005600000000000001,0.00023730525902887213,0.17175073623646903,0.00024156219114567897,0.14135684221757314
KXNBADRAFTPICK-26-8-MBRO,3.0,0.0819,0.09,3.0,0.00010000000000000018,0.005200000000000001,5.8266631427709985e-05,0.11846718615347526,5.2846862399554386e-05,0.11019482773856185
KXB200MAX-26DEC31-2.570,30.0,0.09789999999999999,0.89,24.0,0.00039999999999999904,0.45059999999999995,0.0007949479507142958,0.32245807235042967,0.0006144215136994033,0.29049313671867694
KXB200MAX-26DEC31-2.570,14.0,0.24910000000000002,0.5299999999999999,14.0,5.0000000000000646e-05,0.24564999999999998,0.0005254501362670508,0.3729502389476631,0.00033042376012756803,0.2898303611749569
KXB200MAX-26DEC31-2.570,7.0,0.249975,0.505,8.0,0.0,0.245025,0.00026262041035736574,0.31872838793507474,0.00014993534608997704,0.2774236960573415
OILW-22MAR14-T100,7.0,0.19240000000000002,0.26,4.958333333333333,0.00010000000000000005,0.02870000000000001,0.0001485690136353521,0.2693375436004246,9.151129385440923e-05,0.22442205957288672
KXWTIW-26JUL1014-B71.50,7.0,0.060775,0.065,6.0,0.000225,0.6223,0.00016862088489898316,0.10990815633415284,0.00016390522168306567,0.11848601024177242
KXWTIW-26JUL1014-B71.50,3.0,0.0475,0.05,3.0,0.0,0.6223,7.348368134283769e-05,0.07757454145419147,6.97110310015952e-05,0.0914492841860108
KXBRENTW-26MAY2917-T86.99,7.0,0.056400000000000144,0.9399999999999998,6.0,0.0,0.1627999999999998,0.00020472468134959397,0.16628827704734847,0.00021123164569454022,0.1281354195772637
KXBRENTW-26MAY2917-T86.99,3.0,0.0899999999999999,0.9000000000000001,3.0,0.0,0.008199999999999973,9.618319786901818e-05,0.187577791177256,8.749659894704432e-05,0.12452310914259293
KXAAAGASM-26APR30-4.30,30.0,0.2331,0.63,28.0,0.000399999999999994,0.6278999999999997,0.0010493503060443382,0.39119264640173657,0.0007829473904566702,0.3135400566984754
KXAAAGASM-26APR30-4.30,14.0,0.1344,0.16,14.0,0.00030000000000000057,0.041100000000000005,0.0005182724613353061,0.2478387730477437,0.0004248365301034254,0.22302114016245028
KXAAAGASM-26APR30-4.30,3.0,0.0651,0.07,3.0,0.0,0.0221,6.844441602640324e-05,0.10652838906393304,5.8413586895291234e-05,0.10535048683118216
KXNETFLIXRANKMOVIEGLOBAL2-26AUG24-THE,7.0,0.24910000000000002,0.47000000000000003,5.0,0.00010000000000000018,0.2014,0.0001610680574119107,0.3095899089861537,7.7732048187452e-05,0.2713072178721939
KXNETFLIXRANKMOVIEGLOBAL2-26AUG24-THE,3.0,0.1131,0.87,3.0,0.00010000000000000018,0.0061999999999999954,0.00010747363534654258,0.1908622168678027,8.165017250283425e-05,0.15272736333436832
KXFOMENSINGLES-25-JS,30.0,0.189975,0.255,30.0,0.001424999999999996,0.2663,0.0011081481431270848,0.3658344782426275,0.0009736119363464382,0.29061665812630083
KXFOMENSINGLES-25-JS,14.0,0.20589999999999997,0.29,14.0,0.0005999999999999978,0.25849999999999995,0.0005046323456147887,0.29101937694258995,0.0003256901704449998,0.24785484286279583
KXFOMENSINGLES-25-JS,7.0,0.2176,0.32,7.0,0.0,0.2576,0.00023694811141273555,0.3056201021328108,0.00013122620117997008,0.25549481254309786
KXFOMENSINGLES-25-JS,3.0,0.2379,0.39,3.0,0.0,0.24869999999999998,8.355803394323437e-05,0.27493317780939913,4.128748384135117e-05,0.24650579705729725
KXCPI-25JUL-T0.3,30.0,0.156975,0.195,30.0,0.0017999999999999995,0.075625,0.0011148744571113358,0.35922976446564403,0.0009459073432522671,0.25773739179485644
KXCPI-25JUL-T0.3,14.0,0.1875,0.25,14.0,0.0009999999999999998,0.026300000000000004,0.0005387923554336962,0.2925018840984601,0.0003742642562627235,0.23146090429388289
KXCPI-25JUL-T0.3,7.0,0.1411,0.17,7.0,0.00039999999999999986,0.0189,0.00022934229512385773,0.22446736910927068,0.00022613902637830968,0.1677857722400948
KXCPI-25JUL-T0.3,3.0,0.0819,0.09,3.0,0.0001999999999999998,0.0153,6.841333611288863e-05,0.1118411435908009,5.964022662623384e-05,0.13140202365388443
KXTOPMODEL-26AUG17-CLAUM,7.0,0.1275,0.85,6.0,0.0,0.01489999999999999,0.00022253059174973618,0.2143214454388486,0.00016983463534708514,0.18342934435966377
KXTOPMODEL-26AUG17-CLAUM,3.0,0.1056,0.88,3.0,0.0,0.004799999999999995,0.00011048943403085381,0.20115453419598406,7.359704011868965e-05,0.14922034885172578
KXCOPPERW-26JUN2617-T6.14,7.0,0.1410999999999999,0.8300000000000002,6.0,9.999999999999574e-05,0.24760000000000004,0.00018730579404777092,0.24826516222266243,0.00016026141857965667,0.19203830692525325
KXCOPPERW-26JUN2617-T6.14,3.0,0.12749999999999995,0.8500000000000001,3.0,0.0,0.24150000000000005,0.0001315500013625392,0.20938120628668083,6.692967398824874e-05,0.171286757058151
KXAAAGASM-25OCT31-3.00,30.0,0.06509999999999996,0.93,29.0,0.0011499999999999978,0.2527,0.0009749069099009297,0.33683495670820135,0.0007926630956102186,0.271046999658066
KXAAAGASM-25OCT31-3.00,14.0,0.2016,0.72,14.0,0.0004000000000000007,0.15200000000000005,0.0005485532037873633,0.3103038325482532,0.0003559335729292798,0.2759679952781856
KXAAAGASM-25OCT31-3.00,3.0,0.04750000000000004,0.95,3.0,0.00010000000000000018,0.0020000000000000035,8.298275722121395e-05,0.10522415069314235,8.47150609881849e-05,0.10238082418226986
KXALBUMEQUIV-SIN26AUG27-125K,30.0,0.2484,0.54,18.0,0.0005249999999999999,0.23842499999999997,0.0006707074883118562,0.3562713466010136,0.0004861376231116893,0.29412482588974165
KXALBUMEQUIV-SIN26AUG27-125K,14.0,0.2304,0.64,14.0,0.0004999999999999998,0.23290000000000002,0.0005101126966593809,0.3561459998316136,0.000332769593832945,0.27300765588089787
KXALBUMEQUIV-SIN26AUG27-125K,7.0,0.17709999999999998,0.77,7.0,0.0004999999999999998,0.19619999999999996,0.00023424823119130988,0.2794603855618703,0.00013475671048959064,0.2366850834190438
KXNYTHEAD-26MAR2-T6,7.0,0.2499,0.49,6.958333333333333,0.00012500000000000133,0.20212499999999997,0.0002357424545752743,0.3115453991210064,0.00012108986832623861,0.26936219399789274
KXNYTHEAD-26MAR2-T6,3.0,0.2244,0.66,3.0,0.00010000000000000018,0.09649999999999996,8.314384397738678e-05,0.26116338912475967,4.522529787407184e-05,0.2376492093185179
KXU3-25JAN-T4.3,30.0,0.21197500000000002,0.305,28.0,0.002124999999999998,0.07355,0.0010581453709304816,0.3344213798077067,0.0008384306371244866,0.2954815324094804
KXU3-25JAN-T4.3,14.0,0.1411,0.17,15.0,0.0007999999999999997,0.0091,0.0005552224991953979,0.266921941986746,0.000423273034985726,0.21927174097898805
KXU3-25JAN-T4.3,7.0,0.0979,0.11,7.0,0.0003,0.005000000000000001,0.00021981890400681276,0.15184060320135317,0.0001725100245559851,0.11920880960708753
KXU3-25JAN-T4.3,3.0,0.0819,0.09,3.0,0.00010000000000000018,0.004600000000000001,6.494759391737436e-05,0.1284066217315519,5.074435895670844e-05,0.11266471442952486
KXTOPSONG-26FEB21-DTM,7.0,0.20589999999999997,0.7100000000000001,7.0,0.00019999999999999814,0.03670000000000001,0.00023295844917436907,0.29559798469998677,0.00013735036453060064,0.25012405358090356
TSAW-21OCT31-A1.85,7.0,0.19240000000000002,0.26,5.0,0.0,0.043800000000000006,0.0001744591599956575,0.2310688633571752,8.491339201500029e-05,0.21748759822361827
TSAW-21OCT31-A1.85,3.0,0.2211,0.33,3.0,0.0,0.0413,8.047845874010212e-05,0.2529254351741891,3.708274862200897e-05,0.23977040120159335
KXGOLDW-26JUL2417-T4063.99,7.0,0.22749999999999998,0.35,6.0,0.0,0.50055,0.00021594216970345046,0.3057163116405508,0.0001221368419316743,0.24549519298726627
KXGOLDW-26JUL2417-T4063.99,3.0,0.247975,0.45499999999999996,3.0,0.0,0.4929250000000001,7.944680867508355e-05,0.25113166699172906,4.155424904000728e-05,0.2608936339538085
KXLAGODAYS-25AUG-0,30.0,0.04750000000000004,0.95,30.0,0.0017999999999999954,0.005700000000000001,0.0009863688740261425,0.40671518148213975,0.0008622428292802017,0.2736109455564398
KXTOPALBUM-26FEB21-DEB,14.0,0.21,0.3,10.0,0.0002000000000000002,0.5932,0.0003055413097683185,0.2880397613306501,0.00024908601135895954,0.2429152850724018
KXTOPALBUM-26FEB21-DEB,7.0,0.2499,0.51,7.0,0.0001,0.33780000000000004,0.00024207660582556536,0.2998382747772512,0.00011953055557308617,0.2835308217522343
KXTOPALBUM-26FEB21-DEB,3.0,0.1275,0.15,3.0,0.0001,0.010399999999999998,0.00010168580770617569,0.1827088234789401,4.9341838001714815e-05,0.16949341877299268
KXTORNADO-25FEB-75,30.0,0.16000000000000003,0.2,30.0,0.0014000000000000002,0.053950000000000005,0.0011477823310024691,0.32493620603161383,0.0009541327002357293,0.2657802851884974
KXTORNADO-25FEB-75,14.0,0.1824,0.24,14.0,0.0006999999999999999,0.013499999999999998,0.000489399471996861,0.26963251375370584,0.0003673348882763845,0.25372092913515665
KXEOWEEK-25DEC27,7.0,0.2211,0.33,5.0,0.00010000000000000018,0.024200000000000003,0.00017145402667039517,0.2627125714885261,0.00010217034504195188,0.24524244512178137
KXEOWEEK-25DEC27,3.0,0.19240000000000002,0.26,3.0,0.0,0.020600000000000004,8.45406287996896e-05,0.23944112134250264,5.481245501805859e-05,0.21994421682832385
KXUEL-26-BRA,14.0,0.1344,0.16,14.0,0.000449999999999999,0.028999999999999995,0.0005268152029248257,0.21726983060231686,0.0003852662223496993,0.21057021579411553
KXRANKLIST1SONG-26JUL25-IKN,30.0,0.1971,0.73,30.0,0.0005999999999999996,0.29329999999999995,0.0010944417582343516,0.38606458751491446,0.0008780568588109672,0.32660187573322547
KXRANKLIST1SONG-26JUL25-IKN,14.0,0.0475,0.05,14.0,0.00019999999999999998,0.0005000000000000002,0.0004451088453675027,0.1577688265947914,0.0004104128181047012,0.14687733892458082
KXNETFLIXRANKSHOWRUNNERUP-26JUN15-SWE,3.0,0.2176,0.32,3.0,0.00019999999999999993,0.06920000000000001,8.913216893573813e-05,0.2630120346398767,4.310637468499756e-05,0.23117745070940743
KXCPIYOY-24NOV-T2.8,30.0,0.162975,0.20500000000000002,30.0,0.0019249999999999988,0.15385,0.0011652834674752731,0.33993148399521894,0.0009444208628281319,0.268032545470954
KXCPIYOY-24NOV-T2.8,14.0,0.1824,0.24,13.999999999999996,0.0010999999999999988,0.04655,0.0004840914152242936,0.3256451887901345,0.00042377207446383624,0.24021737675386803
KXCPIYOY-24NOV-T2.8,7.0,0.1824,0.24,7.0,0.00020000000000000036,0.038849999999999996,0.0002163635952513587,0.26124015140813617,0.00017013694416749092,0.21169837616797982
KXCPIYOY-24NOV-T2.8,3.0,0.1539,0.19,3.0,0.0,0.035949999999999996,8.67795383619013e-05,0.22090495462045834,6.323972758360005e-05,0.1730571513846879
KXTSAW-25JAN05-A2.45,7.0,0.20590000000000003,0.71,5.0,0.0,0.0279,0.00015124809400665813,0.2808448038320888,9.652952851917727e-05,0.24439539825626652
KXTSAW-25JAN05-A2.45,3.0,0.20590000000000003,0.71,3.0,0.0,0.0279,8.898343412021224e-05,0.25868316338395836,4.426460091826774e-05,0.23325009627406573
KXNASDAQ100Y-26JAN01H1000-B23750,30.0,0.05639999999999999,0.06,29.999999999999986,0.0015999999999999999,0.015000000000000005,0.0010339398318980203,0.2768470146777813,0.0009672688969585377,0.20301332765109087
KXNASDAQ100Y-26JAN01H1000-B23750,14.0,0.05639999999999999,0.06,14.0,0.0005999999999999998,0.011000000000000001,0.0004131611914527575,0.15846056124768626,0.0004161027048921388,0.13409843368146748
KXGGDIR-26-CHL,30.0,0.1056,0.12,30.0,0.0024249999999999983,0.004725000000000001,0.0011177106138335086,0.3052133140657434,0.0010070584393661944,0.22178053236991285
KXGGDIR-26-CHL,14.0,0.0736,0.08,14.0,0.0005,0.003700000000000001,0.000399574020074763,0.17132255021293136,0.00041684695201262066,0.14655700323639406
KXGGDIR-26-CHL,7.0,0.0475,0.05,7.0,0.00030000000000000003,0.0010000000000000002,0.00019569295143627652,0.1275217856406619,0.00020874084609732196,0.10693559996532205
KXH100MAX-26DEC31-2.630,30.0,0.2176,0.68,24.0,0.0001250000000000008,0.8268749999999998,0.0009106156757577674,0.3812988877545642,0.000687491961017803,0.31069882589607584
KXH100MAX-26DEC31-2.630,14.0,0.25,0.5,16.0,2.50000000000006e-05,0.2550250000000001,0.0006123556803808048,0.3470186412974895,0.00036807277697788567,0.30265761009885706
KXH100MAX-26DEC31-2.630,3.0,0.24997500000000003,0.49499999999999994,2.0,0.0,0.2550250000000001,5.757657928449306e-05,0.25015454089734623,1.4409666462943354e-05,0.2609017469827803
KXNCAAFPLAYOFF-25-MISS,30.0,0.12040000000000001,0.86,30.000000000000007,0.00029999999999999385,0.7392999999999997,0.0010560070581905128,0.40110654662114015,0.0008709969381367606,0.30005310542030755
KXNCAAFPLAYOFF-25-MISS,14.0,0.14110000000000003,0.83,14.0,0.00019999999999999592,0.5160999999999998,0.0004370524361601971,0.28601800265326355,0.00034587765586058987,0.2161819248378898
KXWTIW-26JUN2614-B82.50,3.0,0.0475,0.05,3.0,0.0001,0.0010000000000000002,5.675321116520282e-05,0.08453535768687744,5.631547695073732e-05,0.07969216234165342
KXCPIYOY-25AUG-T3.0,30.0,0.21389999999999998,0.31,30.0,0.0017,0.0688,0.0011211550318460251,0.3595816599095478,0.0008640455133591235,0.32439529190804123
KXCPIYOY-25AUG-T3.0,14.0,0.0736,0.08,14.0,0.0007999999999999997,0.0066,0.0004479409927505572,0.17736856215770977,0.0004074459521345657,0.1710395149299086
KXCPIYOY-25AUG-T3.0,7.0,0.0651,0.07,7.0,0.0006,0.0033000000000000004,0.00019493070294918528,0.13014804245837847,0.00020229354230522415,0.10275198853308791
KXETHMAXMON-ETH-26AUG31-325000,7.0,0.0475,0.05,7.0,0.00019999999999999998,0.0005000000000000002,0.00019675984659521962,0.11541875630580652,0.0001604903761635768,0.1247843303625888
KXNFLWINS-CLE-25B-T5,30.0,0.189975,0.255,30.0,0.0008999999999999976,1.304975,0.001072719048810842,0.3512090188408648,0.0009787317363331223,0.27858230725414496
KXNFLWINS-CLE-25B-T5,14.0,0.2176,0.68,14.0,0.00035,1.0547499999999999,0.0004983521887618536,0.34839945331504296,0.0003323563430437883,0.279949614279841
KXNFLWINS-CLE-25B-T5,7.0,0.09000000000000001,0.1,7.0,0.00010000000000000005,0.4961,0.00021030207905168698,0.1303874032636413,0.00017844096842508153,0.1372609121896023
KXBRENTMON-26JUN3017-T76.99,30.0,0.08189999999999997,0.91,28.0,0.00039999999999999856,0.32189999999999996,0.0009646133419264213,0.327534961519,0.0007550601828914061,0.2988894492791371
KXBRENTMON-26JUN3017-T76.99,14.0,0.14110000000000003,0.83,14.0,0.00010000000000000018,0.30140000000000006,0.0004693635074628493,0.2787015104171923,0.0003353079436746815,0.24700329096515056
KXBRENTMON-26JUN3017-T76.99,7.0,0.2475,0.55,7.0,0.0,0.20290000000000002,0.00019983015132508554,0.3164339279599946,0.0001095925577502153,0.2754817443679956
KXBRENTMON-26JUN3017-T76.99,3.0,0.2176,0.32,3.0,0.0,0.1294,8.902757624015012e-05,0.27440953495222886,3.680622943051415e-05,0.22780536066196583
KXAAAGASW-26MAR09-3.340,3.0,0.22749999999999998,0.35,3.0,0.0,0.27490000000000003,9.671110900569918e-05,0.2664229691126868,4.932826367035111e-05,0.2511411652070641
KXLAGODAYS-26APR-4,30.0,0.0651,0.07,29.0,0.0015215,0.0022260000000000005,0.0010026765143419543,0.22927204144047042,0.0008768544892447972,0.21598968706022426
KXNFLAFCCHAMP-25-LAC,30.0,0.0736,0.08,30.0,0.0014999999999999992,0.004700000000000001,0.0010298677677405346,0.254946564582111,0.0008890365398932584,0.22975322903774548
KXNFLAFCCHAMP-25-LAC,14.0,0.0651,0.07,14.0,0.0003999999999999996,0.0017000000000000003,0.000467912764435282,0.16182379976236796,0.00038312746439906546,0.16752037572714784
KXNFLAFCCHAMP-25-LAC,7.0,0.05639999999999999,0.06,7.0,9.99999999999999e-05,0.0013000000000000002,0.00017283298078916577,0.11776704496488291,0.0001749771122730499,0.10627326245644596
KXNFLAFCCHAMP-25-LAC,3.0,0.05639999999999999,0.06,3.0,9.99999999999999e-05,0.0013000000000000002,6.152600612076189e-05,0.09809633417259349,5.789288760658916e-05,0.10149306670402236
KXCPIYOY-25JUN-T2.8,30.0,0.1275,0.15,30.0,0.0015999999999999999,0.02990000000000001,0.001141737828720811,0.2836754270370115,0.0009759501954265956,0.24524678895525476
KXCPIYOY-25JUN-T2.8,14.0,0.05639999999999999,0.06,14.0,0.0007000000000000004,0.003700000000000001,0.00041324210309735,0.14987203213466774,0.000399882814318754,0.1561032112515566
TNOTEW-24APR26-B4.62,7.0,0.0651,0.07,6.0,0.0001250000000000005,0.368625,0.00017372665722418805,0.12894815333616091,0.00017545860308034684,0.13542547965255344
TNOTEW-24APR26-B4.62,3.0,0.1344,0.16,3.0,2.50000000000006e-05,0.36222499999999996,8.464767662840904e-05,0.19115493759933488,7.14993684769609e-05,0.15887245278190357
PROLLS-23OCT-T100000,30.0,0.249775,0.515,31.0,0.0011499999999999965,0.28487499999999993,0.001186204952943709,0.3993602947252717,0.0008883184304446095,0.32481936628372543
PROLLS-23OCT-T100000,14.0,0.17160000000000006,0.7799999999999999,14.0,0.00042499999999999965,0.11082499999999991,0.0004937247297846477,0.30761000038630487,0.00034143952646227424,0.2588205100407353
PROLLS-23OCT-T100000,7.0,0.15999999999999998,0.8,7.0,0.00022500000000000373,0.05842499999999995,0.00021957411981896825,0.28181829444394674,0.0001376216590015956,0.2296691351378596
PROLLS-23OCT-T100000,3.0,0.14437500000000011,0.8249999999999998,3.0,0.00022500000000000373,0.02560000000000001,0.0001116595330681694,0.2076690619594934,6.028740876677015e-05,0.17408839227597203
KXNETFLIXRANKSHOW-26AUG31-OUT,7.0,0.24,0.4,5.0,0.0,0.069,0.00016619196112148196,0.28627023233990223,8.7401355355704e-05,0.26203423298761985
KXNETFLIXRANKSHOW-26AUG31-OUT,3.0,0.0475,0.05,3.0,0.0,0.0017000000000000001,7.942349053301002e-05,0.08953252733741371,8.19502307528921e-05,0.09207314849290221
KXNETFLIXRANKSHOWRUNNERUP-26JUL27-THE,7.0,0.13440000000000002,0.84,5.0,0.0,0.2984,0.0001946383407288998,0.25234277810654365,0.00015265434734090225,0.18407839672860654
KXNETFLIXRANKSHOWRUNNERUP-26JUL27-THE,3.0,0.1411,0.17,3.0,0.0,0.025900000000000006,8.884221112107699e-05,0.19327346399349707,5.822105484620726e-05,0.16297521844558685
KXEPLRELEGATION-26-WHU,30.0,0.2451,0.43,30.0,0.0012999999999999845,0.13419999999999999,0.0010921763479339688,0.4034350062880197,0.0008916207814284277,0.3285061458301641
KXEPLRELEGATION-26-WHU,14.0,0.1875,0.75,14.0,0.000999999999999984,0.05710000000000001,0.0005225243098408564,0.3298940876961213,0.00037522497755972925,0.2647136323000652
KXEPLRELEGATION-26-WHU,7.0,0.1824,0.76,7.0,0.0007999999999999837,0.04780000000000004,0.00021740587245048604,0.2979117304505659,0.00015917451481658538,0.23091844122067443
KXEPLRELEGATION-26-WHU,3.0,0.12749999999999995,0.8500000000000001,3.0,0.00039999999999999183,0.01690000000000003,8.840579411816714e-05,0.2196095061043177,6.516693481809205e-05,0.1572146876264742
KXTOPMODEL-25NOV-GROK,14.0,0.1131,0.13,12.0,0.0005,0.012199999999999999,0.0003969790444190531,0.20717528360667223,0.00039006447471712295,0.1712341199312858
KXTOPMODEL-25MAR-G3P0224,30.0,0.24189999999999998,0.4099999999999999,26.958333333333332,0.00040000000000000034,0.6355000000000002,0.000994583541345983,0.3951276227768799,0.0007980958304381882,0.3015515464873715
KXTOPMODEL-25MAR-G3P0224,14.0,0.1538999999999999,0.8100000000000002,13.999999999999998,0.0003000000000000024,0.5794,0.00046373579815856816,0.3023584331930216,0.00035535121352887986,0.23933845737246556
KXTOPMODEL-25MAR-G3P0224,7.0,0.12040000000000001,0.86,7.0,0.0002,0.5598,0.0002217332984824394,0.24510215662922327,0.00019292776369401354,0.18597978488578182
KXLTCMAXY-25-199.9999,30.0,0.0475,0.05,30.00000000000003,0.0006250000000000001,0.009525,0.0010519902036663373,0.22227347474220513,0.0009704720613493721,0.20411871747021654
KXOSCARNOMSUPACTO-26-AS,30.0,0.17709999999999998,0.22999999999999998,30.0,0.0015499999999999997,0.0373,0.0010888841735364266,0.34277934911147334,0.0009145141046390407,0.2676792721993435
KXOSCARNOMSUPACTO-26-AS,14.0,0.0736,0.08,14.0,0.0013999999999999993,0.009399999999999999,0.00044850294845715606,0.17763619209633255,0.0003756996424148675,0.18445591164938804
KXOSCARNOMSUPACTO-26-AS,7.0,0.05639999999999999,0.06,7.0,0.0010999999999999998,0.0037000000000000006,0.00018873803165838954,0.12600803263882804,0.00018836004724996297,0.12163669287912925
KXOSCARNOMSUPACTO-26-AS,3.0,0.0475,0.05,3.0,0.0002000000000000001,0.0037000000000000006,7.360450521919239e-05,0.09074680115356455,6.0682399058953904e-05,0.08241886048959039
CPI-24MAR-T0.3,30.0,0.10177499999999999,0.11499999999999999,29.958333333333336,0.00042500000000000046,0.7874499999999999,0.001061514297864779,0.2983158992171015,0.000975802859068359,0.2442354045412332
CPI-24MAR-T0.3,14.0,0.0819,0.09,14.0,0.00030000000000000024,0.7165999999999999,0.00044349919482321293,0.19659811981819023,0.00042206597771606637,0.15496928900402165
CPI-24MAR-T0.3,7.0,0.1411,0.17,7.0,0.00030000000000000024,0.7107999999999999,0.00019422120350820276,0.25007342290563483,0.0001852885227568083,0.18894628465216579
CPI-24MAR-T0.3,3.0,0.1056,0.12,3.0,0.00020000000000000036,0.7071999999999999,9.437401592507976e-05,0.13208061696942283,8.288598521258059e-05,0.13921991537382866
KXTRUMPMEET-25-NMO,14.0,0.22749999999999998,0.35,14.0,0.00039999999999999964,0.4134999999999999,0.000518756302498499,0.308411738460841,0.0003357844546084969,0.27321674529685475
KXTRUMPMEET-25-NMO,7.0,0.2499,0.51,7.0,0.00030000000000000057,0.37799999999999984,0.00026041837880821076,0.31262464004565915,0.0001343515793147064,0.2581358796259166
KXTRUMPMEET-25-NMO,3.0,0.2379,0.39,3.0,0.00010000000000000018,0.34819999999999984,9.06916914850661e-05,0.2629263580233217,4.242180451034772e-05,0.25114172951398406
KXOSCARSUPACTO-25-JS,30.0,0.1056,0.12,29.999999999999986,0.0012999999999999995,0.0153,0.0010481807134711208,0.3164084649718555,0.0009740998576440332,0.22473785335563437
KXNATGASW-26AUG0717-T2.699,7.0,0.2016,0.72,6.0,0.0,0.19959999999999994,0.00017971552195047202,0.27865005022700573,0.0001196852831426475,0.23149880758102115
KXNATGASW-26AUG0717-T2.699,3.0,0.21000000000000002,0.7,3.0,0.0,0.1482,7.873153374956657e-05,0.25828847460878956,4.982950974859195e-05,0.23675159844178797
KXWCGROUPQUAL-26G-EGY,30.0,0.2016,0.72,30.0,0.0012749999999999999,0.052624999999999984,0.0011904787905079265,0.4417919994662873,0.0008311190006613535,0.29847480782334
KXWCGROUPQUAL-26G-EGY,14.0,0.1875,0.75,14.0,0.00039999999999999856,0.03909999999999998,0.0004887939484391544,0.31942172741280705,0.000343354467383902,0.2525179189154097
KXWCGROUPQUAL-26G-EGY,7.0,0.13440000000000002,0.84,7.0,0.0002999999999999961,0.025699999999999976,0.00025007217092602784,0.2603901782773376,0.0002078469308636582,0.18126246868014007
KXRANKLISTSONGTOP10-26JUN20-FOL,14.0,0.249775,0.485,10.0,0.00042499999999999987,0.34504999999999997,0.0003448102167755741,0.33987753063375803,0.00020303354886361578,0.2909814477241839
KXRANKLISTSONGTOP10-26JUN20-FOL,7.0,0.238975,0.605,7.0,0.00042499999999999987,0.33064999999999994,0.00023641125187575087,0.3020518259239797,0.00013512729736746179,0.27465400006012525
KXAAAGASW-24NOV04-US-3.130,7.0,0.1659,0.21,6.0,0.0,0.07810000000000002,0.00020101182389376464,0.24321462421874696,0.0001500257363410397,0.21805106194902676
KXAAAGASW-24NOV04-US-3.130,3.0,0.1659,0.21,3.0,0.0,0.0215,9.926152626985107e-05,0.219933654556006,4.8360675980681944e-05,0.19849143858569115
KXLAGODAYS-25JUL-0,30.0,0.21000000000000002,0.7,30.0,0.002374999999999988,0.5116250000000001,0.0011763833973181342,0.38000266333369614,0.0008466658498275327,0.32101553864913673
KXLAGODAYS-26MAR-4,30.0,0.2475,0.45000000000000007,29.958333333333332,0.00030000000000000057,0.36340000000000006,0.0011240073536935194,0.3945811907900274,0.0008101881174907913,0.3369662474911779
KXLAGODAYS-26MAR-4,14.0,0.1971,0.73,13.999999999999998,0.00030000000000000057,0.03179999999999998,0.0005468359298583097,0.3106709708621666,0.00036188429387092936,0.2510766514845275
KXSEASNOWM-26JAN-0.1,30.0,0.2496,0.52,30.0,0.0009999999999999974,0.13019999999999998,0.0010980820882526064,0.40853977235593886,0.000835702776161302,0.33333890887162554
KXSEASNOWM-26JAN-0.1,14.0,0.17709999999999998,0.22999999999999998,14.0,0.00010000000000000018,0.0658,0.0005071167226803437,0.2774789096780122,0.00040713003237422435,0.2413063693955706
KXSEASNOWM-26JAN-0.1,7.0,0.05639999999999999,0.06,7.0,0.00010000000000000018,0.0177,0.00018318128645983847,0.12447294491194719,0.00018269404723160454,0.12007377033341742
KXSEASNOWM-26JAN-0.1,3.0,0.0475,0.05,3.0,0.0,0.0079,8.015183017078881e-05,0.0821890305931973,7.447783911553584e-05,0.07593689411410938
KXAVGTKOKC-26AUG24-6,7.0,0.25,0.5,6.0,0.0001,0.7995,0.00019827384919165512,0.31637454966322404,9.947039186005087e-05,0.26792870549143705
KXAVGTKOKC-26AUG24-6,3.0,0.1971,0.27,3.0,0.0001,0.0626,7.434811048279266e-05,0.23926865907680636,3.414716496782419e-05,0.22535202772493013
INXY-22DEC30-B3500,30.0,0.05639999999999999,0.06,30.0,0.002,0.021,0.0010463957668061833,0.22530625819832537,0.0008916832223681203,0.19379532407365002
INXY-22DEC30-B3500,3.0,0.069375,0.075,3.0,0.0001,0.0031249999999999993,6.051705178084733e-05,0.0981282683176573,7.090966949348566e-05,0.10449668308281458
KXTOPSONG-26JAN24-THE,7.0,0.2244,0.66,7.0,0.0,0.9288000000000003,0.00023781415422115802,0.3139441742883705,0.00011740071111451945,0.2602490568933469
KXTOPSONG-26JAN24-THE,3.0,0.0899999999999999,0.9000000000000001,3.0,0.0,0.42860000000000015,0.00010848363094387515,0.1732585691616183,8.252299936473026e-05,0.13683255647865594
KXPUREALBUMS-PET26AUG06-120K,30.0,0.2496,0.52,30.0,0.00032500000000000064,0.071425,0.0011842123053149775,0.4007403618174039,0.0008436224082244137,0.3380477228787697
KXPUREALBUMS-PET26AUG06-120K,14.0,0.2491,0.53,14.0,0.00012500000000000022,0.04272499999999999,0.000538569452526776,0.34446585626241444,0.00033071608107348397,0.28893788226675304
KXPUREALBUMS-PET26AUG06-120K,7.0,0.1056,0.88,7.0,2.5000000000000045e-05,0.007324999999999995,0.0002208645067616468,0.19863729997685517,0.000221032314370777,0.16385053451767284
KXAAAGASM-25NOV30-2.90,30.0,0.1659,0.79,28.041666666666668,0.0007999999999999992,0.03139999999999999,0.0011090548453339363,0.36091304664217033,0.0008561158495578215,0.2924943676929745
KXWTIW-26MAY08-T108.99,7.0,0.1824,0.24,6.0,0.0,0.0974,0.00020408991011058042,0.26839854991410833,0.00013146063386145428,0.22428067436595703
KXWTIW-26MAY08-T108.99,3.0,0.2331,0.37,3.0,0.0,0.0619,7.495490711496546e-05,0.2654473340821326,4.5707191479115334e-05,0.23399573246986827
KXTSAW-25JAN12-A2.15,7.0,0.1824,0.76,5.0,0.00010000000000000005,0.2849,0.00020133942360848385,0.24156024875855253,0.00010807202041069587,0.20917352163012892
KXTSAW-25JAN12-A2.15,3.0,0.2016,0.28,3.0,0.00010000000000000005,0.054500000000000014,8.359627648009207e-05,0.23320019849512996,4.03465156329098e-05,0.22017001312670367
KXBBCHARTPOSITIONSONG-26MAY16BEA-4,14.0,0.24977500000000002,0.48499999999999993,10.0,9.999999999999907e-05,0.19132499999999997,0.000361594691454601,0.3237621981614157,0.0002075702016414165,0.2675071669077238
KXBBCHARTPOSITIONSONG-26MAY16BEA-4,7.0,0.0475,0.05,8.0,0.0,0.010700000000000001,0.00022465183820486324,0.12815536178873535,0.00022496232559861848,0.11123925545288911
KXMARMADROUND-26E8-FLA,30.0,0.24639999999999998,0.56,29.958333333333336,0.0012249999999999913,0.5362250000000002,0.0010943526983462374,0.40689097812574615,0.0008585470305136706,0.3229232139988775
KXMARMADROUND-26E8-FLA,14.0,0.21000000000000002,0.7,13.958333333333336,0.0002999999999999983,0.42650000000000005,0.0005360620439087392,0.30059059125595256,0.0003334810519663533,0.26886601429687473
KXMARMADROUND-26E8-FLA,7.0,0.1875,0.75,7.0,0.0,0.42110000000000003,0.00025102512209784756,0.3186230055992389,0.00015997260453712775,0.24318512750950683
KXMARMADROUND-26E8-FLA,3.0,0.2436,0.58,3.0,0.0,0.4066,8.751612873446434e-05,0.2897262050072244,3.5774416477077265e-05,0.25519433485065707
KXETHMAXMON-ETH-26APR30-250000,30.0,0.2016,0.28,28.0,0.00039999999999999996,0.5067999999999998,0.0010758297833432693,0.32914186869689516,0.0008703278121360402,0.2936570251539251
KXETHMAXMON-ETH-26APR30-250000,14.0,0.24,0.6,14.0,0.0001999999999999996,0.34359999999999985,0.0005070639600149651,0.34929146481145834,0.0002986975343169601,0.3063459326505356
KXETHMAXMON-ETH-26APR30-250000,7.0,0.2436,0.42,7.0,0.0001999999999999996,0.19399999999999992,0.00023318913384056777,0.2993513531182246,0.00013603325732385228,0.269890683683465
KXETHMAXMON-ETH-26APR30-250000,3.0,0.24189999999999998,0.4099999999999999,3.0,9.999999999999996e-05,0.12379999999999994,8.56628087625906e-05,0.2674122332947211,5.420589769583666e-05,0.24275850287908157
KXMARMADROUND-26RO32-USF,30.0,0.20589999999999997,0.29,18.958333333333332,0.00020000000000000036,0.8132999999999999,0.0006815828346669978,0.3044880848613096,0.0005387760005073208,0.26987434787887243
KXMARMADROUND-26RO32-USF,14.0,0.2436,0.58,14.958333333333332,0.00020000000000000036,0.71,0.0005337976844586527,0.343442072213907,0.0003390520035058327,0.2938819616055994
KXMARMADROUND-26RO32-USF,7.0,0.1344,0.16,6.999999999999998,0.00010000000000000018,0.33530000000000004,0.0002732841371178148,0.22357519782478175,0.00017597978767206973,0.19763562318601544
KXMARMADROUND-26RO32-USF,3.0,0.2491,0.53,2.9999999999999982,0.00010000000000000018,0.17840000000000003,8.582522746992144e-05,0.2599334358781176,4.511151987945665e-05,0.2602385955062866
KXNFLWINS-NE-25B-T10,30.0,0.15077499999999996,0.8150000000000001,30.04166666666667,0.0016749999999999953,0.5215000000000001,0.0010903897809368531,0.40077509493312613,0.0008979277925078813,0.31656291020118693
KXNFLWINS-NE-25B-T10,7.0,0.04750000000000004,0.95,7.0,0.0002250000000000004,0.49987500000000007,0.00020724123277146878,0.1541470297170155,0.0002069413966881816,0.12360582996905166
KXNYCRENTSY-25-T5,14.0,0.056400000000000144,0.9399999999999998,14.0,0.0006999999999999968,0.0097,0.0004072877137448083,0.20924503830530797,0.0003263109959189946,0.2216351210917005
KXNYCRENTSY-25-T5,7.0,0.07360000000000005,0.9199999999999999,7.0,0.00019999999999999814,0.008800000000000013,0.00021799169136831563,0.2500660919985235,0.0001931117309974373,0.16932463047326465
KXSPOTIFYW-26FEB12-ORD,7.0,0.1875,0.25,7.0,2.5e-05,0.04212500000000001,0.00019277216108001404,0.27893021586602906,0.00015721869851103367,0.23102210564570613
CPICORE-23JUN-T0.4,30.0,0.0819,0.09,30.0,0.0009000000000000002,0.02905000000000001,0.0010555021714348132,0.26102413160930055,0.0009306990078293395,0.19148819983896317
KXSURVIVORELIMINATION-26MAR28-AUB,7.0,0.24997500000000003,0.49499999999999994,6.0,5e-05,0.23532499999999992,0.00018030873250711034,0.32460225830630096,0.0001135250025592337,0.26744793295067215
KXNBADRAFTPICK-26-14-KLOP,30.0,0.07777500000000001,0.085,31.0,0.00155,0.025525,0.0009904367393760154,0.25996488926693645,0.0009774702471059523,0.19916210027443287
KXNBADRAFTPICK-26-14-KLOP,14.0,0.077775,0.08499999999999999,14.0,0.0011999999999999997,0.025525,0.00043702596652428304,0.17828841404929555,0.00040492523866698634,0.1717377941849607
KXNBADRAFTPICK-26-14-KLOP,7.0,0.06509999999999999,0.06999999999999999,7.0,0.0007249999999999991,0.025525,0.00020461374963149704,0.13382659421674198,0.00018088447859876291,0.11666195568495735
KXNBADRAFTPICK-26-14-KLOP,3.0,0.077775,0.08499999999999999,3.0,0.0002499999999999999,0.025525,7.394238554191585e-05,0.1067777910187403,5.539808157449375e-05,0.11174522798553806
KXSNOWNYM-25JAN-T2.0,30.0,0.1971,0.73,30.0,0.0020999999999999795,0.0816,0.0012085846918785182,0.4029582506420901,0.0008734029805714108,0.2929804415513306
KXNETFLIXRANKSHOW-26APR27-BEE,7.0,0.14110000000000003,0.83,5.0,0.0,0.2909,0.000170182911064274,0.22765401301263652,9.84577099721556e-05,0.1980341723410897
KXNETFLIXRANKSHOW-26APR27-BEE,3.0,0.1971,0.27,3.0,0.0,0.0459,8.13366308758855e-05,0.2581388244576796,5.567276055403091e-05,0.21794151572758053
KXAAAGASW-26JUN22-3.940,7.0,0.2496,0.48,5.0,0.00010000000000000005,0.1347,0.00015184381538718106,0.2898615958245776,8.938136437625022e-05,0.25888665267425354
KXAAAGASW-26JUN22-3.940,3.0,0.2176,0.32,3.0,0.00010000000000000005,0.049699999999999994,9.144082237595209e-05,0.25888181583618525,4.934013029370031e-05,0.22583092824627415
KXU3-26JUL-T3.9,30.0,0.15999999999999998,0.8,30.0,0.0017000000000000032,0.03829999999999999,0.0010804764916054384,0.35648272130496067,0.0009080236385203217,0.2950425956019131
KXTGLCHAMPION-26-JL,14.0,0.1476,0.18,14.0,0.00020000000000000036,0.182,0.0005243831837173597,0.2541566457688947,0.0003772818355428389,0.22779930109774363
KXTGLCHAMPION-26-JL,7.0,0.1539,0.19,7.0,0.00010000000000000018,0.1794,0.00026039116854593975,0.22872985647904628,0.00018433769840191675,0.18159580620506532
KXTGLCHAMPION-26-JL,3.0,0.2304,0.36,3.0,0.0,0.06979999999999999,8.239864428564813e-05,0.24814104039310025,4.755381850798405e-05,0.255165970510706
KXNCAAMBMOP-26-ECAD,7.0,0.1411,0.17,7.0,0.00035000000000000016,0.8389000000000001,0.00022928123802590727,0.2559812932513391,0.0001633099491267627,0.1833959029412793
TNOTEW-24MAY17-B4.61,7.0,0.05639999999999999,0.06,6.0,0.00022499999999999978,0.4618749999999999,0.00014301888591338176,0.100856704856275,0.00014692183173945771,0.09896584893316927
TNOTEW-24MAY17-B4.61,3.0,0.051975,0.055,3.0,0.0,0.4618749999999999,0.0001353623144823336,0.10781330575542988,0.0001620182706098546,0.08117486847914168
KXBRENTW-26MAY2217-T103.99,7.0,0.11310000000000009,0.8699999999999999,6.0,0.0,0.21190000000000006,0.00022213650725480029,0.2101802118729679,0.00017437123583508352,0.16832294170856754
KXBRENTW-26MAY2217-T103.99,3.0,0.2419,0.59,3.0,0.0,0.16550000000000006,9.543913493642128e-05,0.27000584655929893,3.280837630415757e-05,0.26106470046606206
KXGGFILMSUPACTR-25-ZS,30.0,0.2475,0.44999999999999996,30.0,0.001149999999999993,0.15064999999999992,0.0011542784506882553,0.42786428877546134,0.0008457287775704975,0.32040968193093056
KXGGFILMSUPACTR-25-ZS,14.0,0.2451,0.57,15.0,0.0005249999999999942,0.1466249999999999,0.0005323042817531152,0.3369084067233712,0.0003368106895613342,0.28839790212655364
KXGGFILMSUPACTR-25-ZS,7.0,0.222775,0.665,7.0,9.999999999999796e-05,0.13762499999999991,0.00019331692206362675,0.3256151134878422,0.00016283305223101964,0.25789560739566475
KXGGFILMSUPACTR-25-ZS,3.0,0.24,0.6,3.0,0.0,0.1305999999999999,0.0001015707972496053,0.2725143498913612,4.295083110955243e-05,0.25062346400741986
U3-24MAY-T3.6,30.0,0.1056,0.88,30.0,0.0011750000000000011,0.0032250000000000147,0.001064598805085217,0.3664390039618945,0.0007980778375378067,0.3200806528721477
U3-24MAY-T3.6,14.0,0.08189999999999997,0.91,13.0,0.00032499999999999836,0.0032250000000000147,0.00037874183011800053,0.22343878093733302,0.0003062689500647648,0.2009988577605581
U3-24MAY-T3.6,7.0,0.06510000000000005,0.9299999999999999,7.0,0.00012500000000000022,0.0032250000000000147,0.00022386166249627776,0.18401966446279702,0.0002052002044077586,0.15040769086418992
U3-24MAY-T3.6,3.0,0.056400000000000144,0.9399999999999998,3.0,2.5000000000000045e-05,0.0024250000000000087,0.00010735788590249251,0.1673502375720063,9.50526239145274e-05,0.10389196745357403
KXSAGAWARDACTRCOM-26-JEA,30.0,0.0899999999999999,0.9000000000000001,30.0,0.00042499999999999857,0.6823250000000001,0.0009575369615504399,0.39648702661273516,0.000797877733531154,0.299894990259957
KXSAGAWARDACTRCOM-26-JEA,14.0,0.2419,0.59,14.0,0.00025000000000000044,0.17679999999999998,0.0005058890312793014,0.33146045001231317,0.0003490091318329933,0.3017436527842982
KXSAGAWARDACTRCOM-26-JEA,7.0,0.24277500000000002,0.585,7.0,2.5000000000000045e-05,0.17679999999999998,0.00021955371379767192,0.30682584667626117,0.00013412041626064767,0.25349569174603204
KXSAGAWARDACTRCOM-26-JEA,3.0,0.21389999999999998,0.31,3.0,0.0,0.1283,8.289422416938052e-05,0.24051657780511002,5.0937759354742934e-05,0.23656087631755754
KXAAAGASM-26APR30-4.00,30.0,0.17159999999999997,0.78,28.0,0.0004999999999999943,0.4735,0.0010296702945372228,0.3759079398539427,0.0008332285118678123,0.32302950981566736
KXAAAGASM-26APR30-4.00,14.0,0.2176,0.68,14.0,0.0,0.36419999999999997,0.0005096266456736183,0.3256349977771986,0.0003137539447519879,0.28060966520825786
KXAAAGASM-26APR30-4.00,7.0,0.1824,0.76,7.0,0.0,0.02779999999999999,0.00020880418018801632,0.2837785301613936,0.00016746389006408186,0.2272260915215976
KXRAINNYCM-25SEP-3,30.0,0.25,0.5,30.0,0.0003749999999999996,0.7579749999999998,0.001147279408270359,0.41035966266963747,0.0008450469381731998,0.33717421337318415
KXRAINNYCM-25SEP-3,14.0,0.08189999999999997,0.91,14.0,0.0,0.6346999999999999,0.0003952157280982426,0.23813145461163274,0.00033278579046695957,0.2054580050027656
KXRAINNYCM-25SEP-3,7.0,0.1538999999999999,0.8100000000000002,7.0,0.0,0.6048999999999999,0.00025041473704453876,0.27271066845820163,0.00017580546548240462,0.2200330937028634
KXRAINNYCM-25SEP-3,3.0,0.21,0.3,3.0,0.0,0.053399999999999996,8.859841476997494e-05,0.2523634595107938,4.499769548998495e-05,0.2270735580732979
TSAW-24JUL07-A2.70,7.0,0.1131,0.13,5.0,0.0,0.0529,0.00016971671293821225,0.17294039261739738,0.0001458414253036832,0.15132816498594515
TSAW-24JUL07-A2.70,3.0,0.1275,0.15,3.0,0.0,0.028500000000000004,9.745958341702475e-05,0.20533182026015045,6.008433991250235e-05,0.17344320615194206
KXAAAGASM-25DEC31-2.90,30.0,0.17159999999999997,0.78,29.0,0.0004000000000000022,0.16079999999999997,0.0010843176215690285,0.35391465167066527,0.000865375652397957,0.2872939062636616
KXAAAGASM-25DEC31-2.90,14.0,0.1411,0.17,14.0,0.0002000000000000002,0.07570000000000002,0.0005103058900345518,0.27953013364109014,0.0003665325416996791,0.23832370759184898
KXAAAGASM-25DEC31-2.90,7.0,0.09000000000000001,0.1,7.0,0.0002000000000000002,0.0025999999999999994,0.00019299110164890506,0.1618446436718228,0.00018371663897367993,0.13171198162758568
KXAACREG-26-MEM,30.0,0.1131,0.13,30.0,0.0006249999999999999,0.023125,0.0011252550733145317,0.30437285576238776,0.0009611459189871487,0.24286181679000307
KXAACREG-26-MEM,14.0,0.0651,0.07,15.0,0.0001750000000000001,0.008624999999999999,0.0005158708355582981,0.12751753740537342,0.0004394473758130496,0.1519024673069794
SEAICE-21OCT-T6.5,30.0,0.24697499999999997,0.445,26.0,0.0015249999999999951,0.17409999999999998,0.0009707291784433257,0.41365823625439047,0.0006961691809186485,0.3146536730636813
SEAICE-21OCT-T6.5,14.0,0.14110000000000003,0.83,14.0,0.0006000000000000067,0.07294999999999993,0.0005180886826578969,0.27643398679600756,0.0003896177947341763,0.2236638844348346
SEAICE-21OCT-T6.5,7.0,0.1056,0.88,7.0,0.00032500000000000617,0.05412499999999996,0.00021058171280707145,0.22787938008517591,0.00018023132827175482,0.16559830671026798
CPICORE-24JAN-T0.1,30.0,0.13440000000000002,0.84,30.0,0.0006000000000000145,0.02500000000000001,0.0010775176751927635,0.3890641653461654,0.0008732548001400411,0.304935141482048
CPICORE-24JAN-T0.1,14.0,0.14110000000000003,0.83,14.0,0.00020000000000000036,0.02245000000000002,0.00048085055732993877,0.26652712471524637,0.00033528449959454573,0.2566948725827867
CPICORE-24JAN-T0.1,7.0,0.13440000000000002,0.84,6.0,0.00020000000000000036,0.013550000000000008,0.00021290063795668037,0.25630969149847777,0.00017493944924724266,0.1866788051251671
CPICORE-24JAN-T0.1,3.0,0.08189999999999997,0.91,3.0,9.999999999999796e-05,0.00674999999999999,0.00011382618287357997,0.16193706646193212,9.082931326637495e-05,0.12050542163200983
KXNFLWINS-CAR-25B-T8,30.0,0.2499,0.51,29.999999999999986,0.0009999999999999974,0.8587500000000001,0.0010760295574865511,0.43428919714565006,0.0008631357328126118,0.3251261582783366
KXNFLWINS-CAR-25B-T8,14.0,0.24639999999999998,0.56,13.999999999999986,0.00030000000000000057,0.4381,0.0004943304780637153,0.3575613386136509,0.00031955854315829444,0.2988143552867224
KXNFLWINS-CAR-25B-T8,7.0,0.1824,0.76,6.999999999999986,0.00020000000000000036,0.3726,0.00025158529880754866,0.271206154625623,0.00018209619847938936,0.2310764671386117
KXNFLWINS-CAR-25B-T8,3.0,0.2379,0.61,2.999999999999986,0.0,0.3601,7.499031018447847e-05,0.27230238314909755,3.232877939132166e-05,0.25114737484800664
OSCARNOMPIC-25-TS,30.0,0.2356,0.62,31.0,0.0010249999999999986,0.06502499999999999,0.0011505019668798897,0.4147172798044048,0.0008214134549575727,0.339847220340081
OSCARNOMPIC-25-TS,14.0,0.15697500000000003,0.8049999999999999,14.0,0.00040000000000000517,0.041725,0.00047453167020421985,0.29939523570635357,0.00036105458615182584,0.23025778619642104
OSCARNOMPIC-25-TS,7.0,0.1538999999999999,0.8100000000000002,7.0,0.00040000000000000517,0.027699999999999975,0.00024409891736296472,0.26066016680236254,0.00017847123459473896,0.20011531993426826
OSCARNOMPIC-25-TS,3.0,0.14110000000000003,0.83,3.0,0.0002000000000000048,0.025699999999999976,8.255314975346455e-05,0.20903621695186486,5.9220730804859735e-05,0.18913283803586262
CPICORE-23AUG-T0.2,30.0,0.24189999999999998,0.4099999999999999,29.99999999999997,0.0012999999999999947,0.30040000000000006,0.0011498603201603964,0.40613324424401576,0.0008543653005584005,0.29829953562669353
CPICORE-23AUG-T0.2,14.0,0.2436,0.58,13.999999999999972,0.00029999999999999943,0.28790000000000004,0.000507622973100424,0.34277187226856143,0.0003308430730922107,0.2945987081468944
CPICORE-23AUG-T0.2,7.0,0.24639999999999998,0.56,6.999999999999972,0.00029999999999999943,0.28590000000000004,0.00020560847947954326,0.2994713909592155,0.00010618217067007911,0.2751781683193477
CPICORE-23AUG-T0.2,3.0,0.24639999999999998,0.56,3.0,9.999999999999907e-05,0.28590000000000004,9.517407460991274e-05,0.26469736992454423,5.435419071872427e-05,0.26006068577469416
KXNETFLIXRANKSHOW-26JUL20-LIT,3.0,0.17709999999999998,0.77,3.0,0.0,0.2011,9.747693296284668e-05,0.22907467051722513,4.897643728608945e-05,0.20901855356768032
KXMARMADROUND-26RO32-IOWA,30.0,0.21,0.3,28.958333333333336,0.00042499999999999797,0.6912749999999999,0.0010950326385916747,0.37547848296886316,0.0008531634712374492,0.2793612469234062
KXMARMADROUND-26RO32-IOWA,14.0,0.2491,0.53,13.958333333333336,0.0002999999999999983,0.4978,0.0004994754405269303,0.3472874050607164,0.0002847787161234531,0.2968967032978797
KXMARMADROUND-26RO32-IOWA,7.0,0.2475,0.45000000000000007,7.0,0.00020000000000000036,0.32935,0.00023157200882107209,0.2887338074296784,0.00014358083650792822,0.2669900769479782
KXMARMADROUND-26RO32-IOWA,3.0,0.2436,0.58,3.0,0.00010000000000000018,0.20449999999999996,6.94094090471734e-05,0.2822565850188726,4.1134995543809706e-05,0.25388079809332237
KXVETOCOUNT-26-3,14.0,0.0475,0.05,14.0,0.00022500000000000005,0.472425,0.0004362983126922375,0.13722045683336948,0.00040567487883863107,0.1263409137560402
KXAAAGASM-26MAR31-4.60,14.0,0.1411,0.17,11.0,0.0004999999999999999,0.017400000000000002,0.00039320321016911525,0.24316385086303197,0.0003356604983616689,0.18493724787199922
KXAAAGASM-26MAR31-4.60,7.0,0.0475,0.05,7.0,0.00039999999999999986,0.0005000000000000002,0.0001779361382933258,0.11955154036050902,0.00017891933263397954,0.12083233839916076
KXWHVISIT-25-JR,30.0,0.12040000000000001,0.14,29.958333333333336,0.002,0.005200000000000002,0.001149488717554934,0.29844853990581455,0.0009640151466805319,0.24739921651644747
KXPCECORE-25FEB-T0.2,30.0,0.20999999999999996,0.7000000000000001,26.958333333333332,0.001424999999999996,0.09042499999999994,0.0010303114841258587,0.36626395660677136,0.0007709600429305467,0.31581011044553586
KXPCECORE-25FEB-T0.2,14.0,0.13440000000000002,0.84,13.999999999999998,0.0005499999999999987,0.03879999999999995,0.0004865231832567626,0.29259525510615275,0.00033013647285114455,0.2173703439893591
KXPCECORE-25FEB-T0.2,7.0,0.051974999999999945,0.9450000000000001,7.0,0.00012500000000000133,0.010600000000000005,0.00023365970611426167,0.17679965630664704,0.00020478643340396578,0.1323711486736752
KXPCECORE-25FEB-T0.2,3.0,0.07360000000000005,0.9199999999999999,3.0,0.00010000000000000018,0.006100000000000012,9.15206025500392e-05,0.1442678279645867,0.0001053606197363906,0.12479300533125805
KXUAPFILES-26MAY27-26JUL06,14.0,0.17159999999999997,0.78,14.0,0.0006249999999999955,0.41322500000000034,0.0004798739516660068,0.3050618779920658,0.0003326690165732811,0.2512005380919722
KXUAPFILES-26MAY27-26JUL06,7.0,0.14437499999999995,0.8250000000000001,7.0,0.0003249999999999973,0.21880000000000013,0.00026958427848119645,0.2569194159884227,0.00018862870432462787,0.18830121438224906
KXUAPFILES-26MAY27-26JUL06,3.0,0.2475,0.55,3.0,0.0,0.16430000000000003,0.00010102877323256513,0.26966004660906195,4.0282802581924156e-05,0.25374724710355784
KXNETFLIXRANKMOVIERUNNERUP-26JAN05-WAK,7.0,0.16000000000000003,0.2,5.0,0.0,0.0576,0.0001689544516755115,0.23999390323802205,0.00011390077068892993,0.20527831670352253
KXNETFLIXRANKMOVIERUNNERUP-26JAN05-WAK,3.0,0.0979,0.11,3.0,0.0,0.042300000000000004,5.02483771184809e-05,0.13638206513668985,5.849266163228198e-05,0.13031016919535943
KXPAYROLLS-26APR-T0,30.0,0.199375,0.725,30.0,0.0019749999999999655,0.03699999999999994,0.001087087761596385,0.42791068730092646,0.0008811594491066779,0.323242645095882
KXPAYROLLS-26APR-T0,14.0,0.13777500000000004,0.835,14.0,0.0008749999999999661,0.03609999999999994,0.0005124038928068097,0.29629305450864774,0.0003103607096982501,0.23276917798449445
KXPAYROLLS-26APR-T0,7.0,0.1538999999999999,0.8100000000000002,7.0,0.00039999999999997405,0.03609999999999994,0.00023923936606164793,0.2788654448666025,0.00018341903119019898,0.2259901954986641
KXPAYROLLS-26APR-T0,3.0,0.1476000000000001,0.8199999999999998,3.0,9.999999999999351e-05,0.03609999999999994,9.918950490684672e-05,0.2112018340192799,6.557046943199777e-05,0.183063201817392
GRAMSOTY-22.0-KISSME,30.0,0.0979,0.11,30.0,0.000775,0.16652499999999998,0.0010349785548557553,0.30195489664285446,0.0009974670163523356,0.21648767745556746
KXMARMADROUND-26S16-VAN,30.0,0.25,0.5,29.958333333333336,0.0020499999999999937,0.45120000000000005,0.0011215662264207626,0.4111944563273856,0.0008286244940809848,0.3329586436025307
KXMARMADROUND-26S16-VAN,14.0,0.2475,0.45000000000000007,13.958333333333336,0.0009999999999999974,0.32615000000000005,0.0005096362040486163,0.35544548649896185,0.0002974469005340832,0.2929505992984417
KXMARMADROUND-26S16-VAN,7.0,0.24640000000000004,0.44,7.0,0.00020000000000000036,0.30840000000000006,0.00020206266604983993,0.2970291086497862,0.00012809267356599026,0.26308493289308393
KXMARMADROUND-26S16-VAN,3.0,0.24639999999999998,0.56,3.0,0.00010000000000000018,0.3043,8.75408806780897e-05,0.26145813718600136,4.497043326412078e-05,0.24754311972337564
KXRANKLIST1SONG-26FEB28B-BAI,30.0,0.0651,0.07,30.0,0.0007000000000000001,0.16464999999999996,0.0009845268675466017,0.22812832452058676,0.0009203463850456871,0.22633210505069626
KXRANKLIST1SONG-26FEB28B-BAI,14.0,0.1476,0.18,14.0,0.0006,0.013799999999999998,0.0005179704268802693,0.2761384308369307,0.0004149932217011381,0.21351959382908547
KXWHVISIT-25-MBS,30.0,0.2016,0.28,29.958333333333336,0.002249999999999999,0.025200000000000004,0.00111982832343682,0.40382393632359864,0.0008886878816162484,0.2964158366265653
KXWHVISIT-25-MBS,14.0,0.0475,0.05,14.0,0.0008499999999999997,0.0017000000000000001,0.00044971749030634986,0.16787662684328253,0.0004046181466432841,0.12384391815099377
KXNHLEAST-25-NJD,30.0,0.22749999999999998,0.35000000000000003,31.0,0.001175000000000001,0.42292500000000005,0.0011752675500592501,0.38209433955600747,0.0009264736956315794,0.32745328307937854
KXNHLEAST-25-NJD,7.0,0.0475,0.05,7.0,0.0006,0.0005000000000000002,0.00021396323876793135,0.1102248205116731,0.0001969253563589613,0.10518379797401996
BTCMAX100-24-NOV29-100000,30.0,0.05639999999999999,0.06,30.041666666666657,0.0019999999999999983,0.6292,0.0009571030466715825,0.21840951732554686,0.0009405482181234314,0.20305099442148758
BTCMAX100-24-NOV29-100000,14.0,0.2475,0.45000000000000007,14.0,0.00010000000000000018,0.5124,0.0005498186128412536,0.3369813739570091,0.0003317888869239689,0.3166496428875907
BTCMAX100-24-NOV29-100000,7.0,0.1056,0.88,7.0,0.00010000000000000018,0.19889999999999997,0.0002332227227130996,0.19040328875598925,0.00020100862245935714,0.1759460484554393
BTCMAX100-24-NOV29-100000,3.0,0.2016,0.28,3.0,0.0,0.04440000000000001,9.810997239604546e-05,0.24452000901974982,3.434043941878641e-05,0.2304812246048062
KXSILVERW-26AUG2117-T68.99,7.0,0.06937500000000002,0.07500000000000001,6.0,2.5000000000000045e-05,0.22910000000000003,0.00016753916209385564,0.11749358361000546,0.00015274195239717712,0.13023144111745127
KXSILVERW-26AUG2117-T68.99,3.0,0.09000000000000001,0.1,3.0,0.0,0.22820000000000001,5.263403681271636e-05,0.12550513393678248,5.686961816063515e-05,0.11306306179905602
KXPAYROLLS-26MAR-T90000,30.0,0.20589999999999997,0.29,29.958333333333343,0.001874999999999998,0.34202499999999997,0.0011463923917543852,0.3867133345010444,0.0008677883894135882,0.3171035811787405
KXPAYROLLS-26MAR-T90000,14.0,0.1411,0.17,14.0,0.00037499999999999925,0.33322499999999994,0.0005014808478514366,0.26816353956061095,0.00039969919590481586,0.2162664907528941
KXPAYROLLS-26MAR-T90000,7.0,0.150775,0.185,7.0,0.00010000000000000018,0.33322499999999994,0.0002525160068276575,0.22901277956816876,0.0001681634725045916,0.1929534265165486
KXPAYROLLS-26MAR-T90000,3.0,0.20589999999999997,0.29,3.0,0.0,0.3263,7.685241374485136e-05,0.2435753577540769,5.264351824834875e-05,0.21611404151152036
KX538APPROVE-25FEB26-T50.0,7.0,0.144375,0.17500000000000002,7.0,0.00039999999999999986,0.016825000000000007,0.0002263278618506882,0.21687178537776283,0.00019662459869110123,0.18980990859972058
KXALBUMEQUIV-WILD26AUG20-100K,30.0,0.2496,0.48,30.0,0.0013999999999999965,0.13514999999999996,0.001118787880626918,0.4146316236961576,0.0008200856788866505,0.34036426117842905
KXALBUMEQUIV-WILD26AUG20-100K,14.0,0.2475,0.55,14.0,0.00012500000000000022,0.12472499999999997,0.0005405965856113283,0.34227965536127625,0.0003286714054278657,0.31388084961485857
KXALBUMEQUIV-WILD26AUG20-100K,7.0,0.04750000000000004,0.95,7.0,0.00012500000000000022,0.0009250000000000017,0.00023390365790015727,0.17181860868458493,0.00022523043738536725,0.13249291130750668
KXRANKLISTSONGSPOTUSA-26APR01-DJO,30.0,0.24999999999999997,0.49999999999999994,29.958333333333336,0.00047500000000000005,0.22572499999999993,0.0011423955975285085,0.45432831111390953,0.0008286662802068662,0.3357390983433258
TNOTEW-24MAR15-B3.98,7.0,0.05639999999999999,0.06,5.958333333333333,0.0,0.005749999999999999,0.00015404609472621854,0.11020877258796449,0.00013890563117552963,0.10516783515080658
TNOTEW-24MAR15-B3.98,3.0,0.05639999999999999,0.06,2.9999999999999996,0.0,0.005749999999999999,5.889281966693549e-05,0.08513923999156153,6.284045154057819e-05,0.08636857396955412
CPIGAS-24MAY-T-4,30.0,0.25,0.5,34.0,0.000874999999999986,0.03982500000000001,0.0012823525425816973,0.46203949626518165,0.0010419151452579051,0.3199515737278253
CPIGAS-24MAY-T-4,7.0,0.06509999999999996,0.93,7.0,0.00012499999999999689,0.015125000000000008,0.00023031140408526777,0.18576389283706876,0.00019423623588232284,0.15414755325366936
CPIGAS-24MAY-T-4,3.0,0.056400000000000144,0.9399999999999998,3.0,2.5000000000001153e-05,0.005324999999999993,0.00011502080915503809,0.14232952981973368,9.775863769891232e-05,0.11275879735393868
KXBTCMINMON-BTC-26JUN30-5500000,30.0,0.0651,0.07,28.0,0.001199999999999999,0.09930000000000005,0.0009318680869034784,0.24557307498006373,0.0008627914105852103,0.23167683502176417
KXBTCMINMON-BTC-26JUN30-5500000,14.0,0.0736,0.08,14.0,0.0005999999999999998,0.017800000000000003,0.0004229400546759073,0.19825309048844872,0.00039546934291777135,0.14710533035164153
KXBTCMINMON-BTC-26JUN30-5500000,3.0,0.0979,0.11,3.0,0.0,0.0043,5.337351862872352e-05,0.11785738761659208,5.5475032555523835e-05,0.12786421812107954
KXNHLVEZINA-26-AHIL,14.0,0.12397499999999999,0.145,10.0,0.0,0.019624999999999997,0.00033677442164358986,0.22853290853433272,0.0003309790499974224,0.18049059172009352
KXNBA2NDTEAM-26-JDUR,30.0,0.2244,0.34,30.0,0.000874999999999999,0.05707499999999999,0.001144595201002241,0.3611458656119956,0.0009230869627974278,0.3006959415734219
KXNBA2NDTEAM-26-JDUR,14.0,0.060775,0.065,14.0,0.0005249999999999999,0.01145,0.0004662949118283824,0.1568633028621097,0.0004345096314310352,0.13962675586153098
KXNBA2NDTEAM-26-JDUR,7.0,0.0475,0.05,7.0,0.0,0.009300000000000001,0.00021259706055056472,0.09923326153564097,0.00018286682020924664,0.09454010259334651
KXGRAMAOTY-68-GNX,30.0,0.1716,0.22,30.0,0.0015000000000000007,0.034300000000000004,0.0012263612742292936,0.3160513253105097,0.000948856015465771,0.2786690220793702
KXGRAMAOTY-68-GNX,14.0,0.1716,0.22,14.0,0.0007000000000000006,0.026899999999999997,0.0005171801437976368,0.29029570807969773,0.000409643661844911,0.25523456120967886
KXGRAMAOTY-68-GNX,7.0,0.1824,0.24,7.0,0.00030000000000000057,0.026899999999999997,0.00025011945140973564,0.24116259688586275,0.00015254631653540562,0.22600952865404808
KXGRAMAOTY-68-GNX,3.0,0.1824,0.24,3.0,0.00010000000000000018,0.026899999999999997,7.642177723731764e-05,0.23981495385225138,5.234242363108638e-05,0.2194344455591024
KXPAYROLLS-26APR-T-75000,7.0,0.051974999999999945,0.9450000000000001,7.0,0.0013249999999999868,0.006400000000000012,0.00024511353059128546,0.15639427755337587,0.00021383483984687993,0.1305259567627481
KXPAYROLLS-26APR-T-75000,3.0,0.06509999999999996,0.93,3.0,0.000899999999999995,0.006400000000000012,9.69708350305698e-05,0.172611373964085,8.351388991611477e-05,0.12192420154357539
KXCPICORE-26APR-T0.2,30.0,0.1476000000000001,0.8199999999999998,30.0,0.0020749999999999974,0.029524999999999982,0.0010906587970881292,0.3645872563625121,0.0008669197219575794,0.28902528438196556
KXCPICORE-26APR-T0.2,14.0,0.14110000000000003,0.83,14.0,0.0006000000000000033,0.01949999999999999,0.0004996652244174616,0.3239972026453746,0.0003584091752297322,0.2223184973817309
KXCPICORE-26APR-T0.2,7.0,0.15999999999999998,0.8,7.0,9.999999999999796e-05,0.017899999999999992,0.00024402932438199982,0.28937219718931784,0.00016851685220892546,0.20821524021420754
KXCPICORE-26APR-T0.2,3.0,0.08189999999999997,0.91,3.0,9.999999999999796e-05,0.013399999999999994,9.805945382023944e-05,0.17069006814197468,8.997006371407528e-05,0.12474354261939029
KXOSCARNOMDIR-25-EB,30.0,0.19240000000000002,0.74,30.0,0.0008999999999999972,0.5744999999999999,0.0010919915502665399,0.3906860778524567,0.0008595557090015464,0.30348828895747076
KXOSCARNOMDIR-25-EB,14.0,0.2139,0.69,14.0,0.00010000000000000018,0.5401999999999999,0.0005078741482694201,0.32425078032856336,0.00033996470746608035,0.27853820705094173
KXOSCARNOMDIR-25-EB,7.0,0.19240000000000002,0.74,7.0,0.0,0.5262,0.0002444984584381813,0.28196879116352164,0.00016224107737535784,0.23753437418058287
KXOSCARNOMDIR-25-EB,3.0,0.1659,0.79,3.0,0.0,0.5205,7.225410877916088e-05,0.22518293045347312,5.478860247474555e-05,0.20886320458106064
538APPROVE-22JUL13-B38.3,3.0,0.2016,0.28,3.0,0.00020000000000000036,0.0592,9.221291593057186e-05,0.24058099919559978,4.900001640742304e-05,0.22808373315010536
KXCPI-25OCT-T0.4,30.0,0.0564,0.060000000000000005,30.041666666666664,0.0011250000000000001,0.006175000000000001,0.0011262236687407993,0.2252365320334267,0.0010132050095109635,0.2218410594716746
KXMLBWINS-NYM-25-T90,30.0,0.1411,0.17,30.0,0.0002750000000000002,0.6786749999999999,0.00108410780926401,0.3097670211536442,0.0010410643883867587,0.2586726678915832
KXCHISNOWM-26MAR-8.0,30.0,0.2016,0.28,29.958333333333336,0.0023559999999999983,0.0356055,0.0012331349973196736,0.3248765430571461,0.0009678802516665211,0.27501632005106413
KXVOTEHUBTRUMPUPDOWN-26JAN29,7.0,0.19240000000000002,0.26,5.0,0.0007999999999999992,0.3442,0.00017339108566819992,0.27493873859456763,8.673493886449338e-05,0.22713924084757658
KXVOTEHUBTRUMPUPDOWN-26JAN29,3.0,0.1056,0.12,3.0,0.0003999999999999996,0.3186,9.681321395252934e-05,0.13019433614084727,0.0001132465198339787,0.133372207355314
KXNGASMIN-26DEC31-N2.60,30.0,0.13440000000000002,0.84,29.0,0.0010999999999999931,0.2825500000000001,0.0010706063499287836,0.36739140788672503,0.0008726231725849626,0.2798778077957452
KXNGASMIN-26DEC31-N2.60,14.0,0.1538999999999999,0.8100000000000002,14.0,0.0006249999999999922,0.02052499999999999,0.0005230926204596996,0.2964209530266492,0.000372472993592894,0.26021500752112287
KXSNOWNYM-24DEC-T0.2,30.0,0.13777500000000004,0.835,30.0,0.0008500000000000005,0.34152499999999997,0.0011078357650880814,0.36372550177427015,0.0009269076224660819,0.30242392451716676
KXSNOWNYM-24DEC-T0.2,14.0,0.2304,0.64,14.0,0.0,0.1093999999999999,0.0005467989970594862,0.31005128431254286,0.00029111695545015715,0.27974294429425817
KXNBADRAFTPICK-26-11-BBUR,14.0,0.0736,0.08,14.0,0.00025,0.03275,0.0004309274444885284,0.17839709829496728,0.00040847610540440337,0.17222706999121012
KXNBADRAFTPICK-26-11-BBUR,7.0,0.051975,0.055,7.0,0.0001499999999999999,0.032125,0.000289785355972163,0.11575689889417581,0.0002822640936093343,0.13569220337792992
KXNBADRAFTPICK-26-11-BBUR,3.0,0.08190000000000001,0.09000000000000001,3.0,2.5000000000000045e-05,0.031225000000000003,4.440222856722168e-05,0.12796319444669313,5.2093951675669575e-05,0.13461453972762472
KXSNOWS-24-AL,7.0,0.1476,0.18,5.0,0.0,0.25260000000000005,0.00017072450169668295,0.20253953484293136,0.0001064898635615367,0.1814892235248413
KXSNOWS-24-AL,3.0,0.24640000000000004,0.44,3.0,0.0,0.1388,7.203752959184081e-05,0.2612638290753365,3.2687629050421636e-05,0.2587453987704229
KXEOWEEK-26MAY16-0,14.0,0.2176,0.68,14.0,0.0009249999999999993,0.507025,0.0005169124102121065,0.3320236890105976,0.0003284173169436511,0.28970487276400575
KXAAAGASW-26JAN26-2.825,7.0,0.2176,0.32,5.0,0.0003999999999999963,0.16519999999999999,0.00017220367356887256,0.27307346366678076,6.67838757388313e-05,0.24969348261315488
KXAAAGASW-26JAN26-2.825,3.0,0.1824,0.76,3.0,0.0003999999999999963,0.04419999999999999,8.928078654914037e-05,0.25179733930753995,5.8569374096304906e-05,0.21819298725634745
KXSOLMAXMON-SOL-26FEB28-11000,30.0,0.2016,0.72,25.0,0.00020000000000000023,0.1404,0.0009219021722585868,0.348387173415409,0.0006370934029481692,0.2960971844425947
KXSOLMAXMON-SOL-26FEB28-11000,14.0,0.1476,0.18,14.0,0.00020000000000000023,0.0276,0.0004992644748247632,0.25675929078283066,0.0003919638185737796,0.21149660379677754
KXSOLMAXMON-SOL-26FEB28-11000,7.0,0.05639999999999999,0.06,7.0,0.00020000000000000023,0.013,0.00018951248065675588,0.12213405937380514,0.00018024323066636818,0.11087971657103653
KXSOLMAXMON-SOL-26FEB28-11000,3.0,0.0475,0.05,3.0,0.0,0.0121,6.957962568946304e-05,0.0987266570734546,7.770764897805651e-05,0.07984771669597246
KXMWREG-26-UNM,30.0,0.093975,0.105,29.95833333333333,9.99999999999999e-05,0.428775,0.0010059812883829154,0.2952025453596185,0.0009593369095681413,0.23191495551261185
KXMWREG-26-UNM,14.0,0.0979,0.11,13.958333333333329,9.99999999999999e-05,0.33735000000000004,0.00046169789453108767,0.19169720259816878,0.00037004659363478436,0.17057686369919703
KXMWREG-26-UNM,7.0,0.1539,0.19,6.958333333333329,0.0,0.18084999999999998,0.00023017730101279905,0.23924262171398883,0.0002059534661887785,0.18932342947152705
KXMWREG-26-UNM,3.0,0.2356,0.38,2.958333333333343,0.0,0.13699999999999998,9.046244549062744e-05,0.27853541848128643,3.9283897388560166e-05,0.24301781897336291
KXNEWTARIFFS-26-MAY01,7.0,0.2176,0.68,7.0,9.999999999999796e-05,0.12289999999999997,0.00023024123191378845,0.3039249838530313,0.00013448228030029185,0.2575818199305591
KXNEWTARIFFS-26-MAY01,3.0,0.1538999999999999,0.8100000000000002,3.0,9.999999999999796e-05,0.01940000000000001,9.772010202523943e-05,0.23518183882654836,6.973023850877267e-05,0.18141690419928594
KXLEADERNFLRUSHTDS-26JAN05-JCOO,30.0,0.168775,0.215,30.0,0.0009000000000000001,0.15157499999999996,0.0010805749873847113,0.32740658675756457,0.000952219059327559,0.27280172091959926
KXLEADERNFLRUSHTDS-26JAN05-JCOO,14.0,0.1131,0.13,14.0,0.0006,0.04109999999999999,0.00048590830944451684,0.21859422562859332,0.000420203788101807,0.17440895797561787
KXWTIMAX-26JUL31-T81,14.0,0.0475,0.05,13.0,0.000225,0.3982250000000001,0.0003854358944483444,0.13952346280273537,0.0003700909169073266,0.13202246640177298
KXWTIMAX-26JUL31-T81,7.0,0.109375,0.125,7.0,0.0,0.32002500000000006,0.00022867024307144255,0.17943410647036998,0.0002013234905149263,0.1566284635386926
KXWTIMAX-26JUL31-T81,3.0,0.21000000000000002,0.7,3.0,0.0,0.08420000000000002,6.867370778774863e-05,0.24556053498320565,4.541009051500047e-05,0.23077371045349998
TNOTEW-24JUN14-T4.48,7.0,0.20590000000000003,0.29000000000000004,6.0,0.00010000000000000018,0.54765,0.00020963745194503656,0.2681516733082989,0.00013026597558578353,0.23999331697747753
TNOTEW-24JUN14-T4.48,3.0,0.2244,0.34,3.0,0.0,0.54585,8.891336041088906e-05,0.25763539662668244,4.462123050366067e-05,0.24046028875644584
KXEOWEEK-26FEB28-1,14.0,0.21,0.3,13.0,0.0005,0.03629999999999999,0.00045235129554134816,0.30314845444454397,0.00034987643663281204,0.2732857976908825
KXEOWEEK-26FEB28-1,7.0,0.05639999999999999,0.06,7.0,0.00039999999999999986,0.005000000000000001,0.00021252406896064732,0.09620011267688162,0.00018895054862047081,0.0906628356832983
KXNETFLIXRANKMOVIE-25FEB10-B,7.0,0.17709999999999998,0.22999999999999998,5.0,0.00010000000000000018,0.0346,0.00016365190424869205,0.24062319976041985,0.00010016493363453959,0.2047047920024111
KXETHMINMON-ETH-26JAN31-2750,14.0,0.24999999999999997,0.49999999999999994,14.0,0.0,1.0260000000000002,0.0004967009063635908,0.3393952770910603,0.00030729705455493966,0.2987867608713061
KXETHMINMON-ETH-26JAN31-2750,7.0,0.2211,0.33,7.0,0.0,0.7581000000000001,0.00020476749653237258,0.2919059312719424,0.00014851245690467604,0.25104029414066514
KXETHMINMON-ETH-26JAN31-2750,3.0,0.2491,0.53,3.0,0.0,0.7301000000000002,7.517250310022002e-05,0.2957544172013518,4.855432593732179e-05,0.26125615429976967
KXAVGTKDFW-26AUG24-2,7.0,0.25,0.5,6.0,0.0,0.09925000000000002,0.0001683836764695717,0.30592589962494904,9.602964411857139e-05,0.27434500573878945
KXNFLDRAFTPICK-26-6-MLEM,30.0,0.1131,0.13,30.0,0.0008,0.03774999999999999,0.0011089970119820029,0.29756008417996055,0.0009760283456255802,0.23571833286162264
KXTOPALBUMBYDRAKE-25DEC,30.0,0.17709999999999998,0.22999999999999998,29.999999999999986,0.0010999999999999992,0.0214,0.0011560949045915307,0.3531788419288305,0.0009613584797740762,0.2768578793713807
KXTOPALBUMBYDRAKE-25DEC,14.0,0.0736,0.08,14.0,0.0003999999999999999,0.0014000000000000002,0.00045713895924843757,0.1868512545408373,0.0004207006512504672,0.15500852998653783
KXGOLDW-26JUL1017-T4086.99,7.0,0.1824,0.76,6.0,0.00010000000000000018,0.15550000000000003,0.00021996493001698317,0.28985455962244494,0.0001274366994003618,0.2215598708032584
KXGOLDW-26JUL1017-T4086.99,3.0,0.1971,0.73,3.0,0.0,0.15510000000000002,7.875122097333375e-05,0.26601883574120877,4.604153188933074e-05,0.22447248348985205
KXWTIW-26AUG1414-T90.99,3.0,0.0819,0.09,3.0,0.0001999999999999999,0.0036999999999999997,6.17775353380964e-05,0.11340579653751473,5.24132208990011e-05,0.12240503527871255
KXNFLDRAFTQB-26P3-GNUS,30.0,0.2484,0.54,30.0,0.000899999999999995,0.8334999999999999,0.001166213257004376,0.4335697064500376,0.00082379540373076,0.32451827549343365
KXNFLDRAFTQB-26P3-GNUS,14.0,0.2436,0.42,14.0,0.0003999999999999963,0.60205,0.0005165227443134438,0.3476815006266878,0.00033033153693347653,0.2761599465433517
KXNFLDRAFTQB-26P3-GNUS,7.0,0.2451,0.57,7.0,0.0003999999999999963,0.5607,0.00022474727360825237,0.28385980974209846,0.00012612130079110208,0.2764833980899263
KXNFLDRAFTQB-26P3-GNUS,3.0,0.25,0.5,3.0,0.0,0.4978,6.39782965540718e-05,0.279829924138743,5.3086052312610474e-05,0.24933921199978215
KXTIME-25-ZOH,30.0,0.09000000000000001,0.1,29.999999999999996,0.0013999999999999998,0.0018000000000000004,0.0010273107793595058,0.2701509309534943,0.0009488752679167458,0.21064742241497464
KXTIME-25-ZOH,14.0,0.0651,0.07,14.0,0.0008,0.0009000000000000004,0.00042502690742991713,0.16559661550824398,0.0003690095436597867,0.1446830103279719
KXU3-25FEB-T4.1,30.0,0.2211,0.33,27.0,0.0008999999999999993,0.08680000000000002,0.001026236864298678,0.3549627522052494,0.0007607016732059797,0.2902308807772493
KXU3-25FEB-T4.1,14.0,0.2304,0.36,14.0,0.00030000000000000057,0.08130000000000001,0.0005355666531079795,0.3170735312349482,0.0003335091665296081,0.2843470447873664
KXU3-25FEB-T4.1,7.0,0.21,0.3,7.0,0.00020000000000000036,0.0734,0.00022568103375719296,0.26420511064332164,0.00013487493258375184,0.24459529466318486
KXU3-25FEB-T4.1,3.0,0.1875,0.25,3.0,0.00010000000000000018,0.06760000000000001,8.687545718905889e-05,0.21981165715791803,4.956676101065779e-05,0.20273803556141168
KXMARMADROUND-26E8-TENN,30.0,0.137775,0.165,29.958333333333336,0.0012500000000000005,0.274275,0.0011213911778775293,0.27632037048942554,0.0009939334167105858,0.2544019979910801
KXMARMADROUND-26E8-TENN,14.0,0.130975,0.15500000000000003,14.0,0.0010249999999999999,0.20129999999999998,0.0005170573601717786,0.25530473271394016,0.0004126343746790998,0.21654890581622482
KXMARMADROUND-26E8-TENN,7.0,0.19240000000000002,0.26,7.0,0.00020000000000000036,0.1964,0.0002259794278062241,0.28240861972404824,0.0001588736038204412,0.22984333430697718
KXMARMADROUND-26E8-TENN,3.0,0.2331,0.37,3.0,0.00010000000000000018,0.18159999999999998,8.533712181944415e-05,0.2744378878833628,4.112646165845172e-05,0.24349360348456212
KXYTVIEWSHIGH-MOR26SEP-6.1M,30.0,0.1659,0.21,30.0,0.002724999999999999,0.018975000000000002,0.0011449224547440265,0.3686865047080656,0.0009822790552149645,0.2599696487536927
KXYTVIEWSHIGH-MOR26SEP-6.1M,14.0,0.1131,0.13,14.0,0.0016999999999999997,0.0025999999999999994,0.0004969082028510726,0.24097891016953452,0.00046269100822191614,0.19832998407300298
KXYTVIEWSHIGH-MOR26SEP-6.1M,7.0,0.05639999999999999,0.06,7.0,0.0006999999999999999,0.0016999999999999995,0.00020545389612495164,0.10144286366733626,0.0001814607890650536,0.11625646615642955
KXRTX5090WS-26JUN26-1.000,14.0,0.249975,0.505,13.0,0.00045000000000000053,0.5292749999999999,0.00045400644692948936,0.3417375419861537,0.000280210673096749,0.2999454636426926
KXRTX5090WS-26JUN26-1.000,7.0,0.24997500000000003,0.49499999999999994,7.0,0.00039999999999999986,0.09682499999999998,0.00021801542390609052,0.32008592411698644,0.00010986356095381271,0.27622282930349706
KXRTX5090WS-26JUN26-1.000,3.0,0.24997500000000003,0.49499999999999994,3.0,0.00039999999999999986,0.09682499999999998,8.132247208483698e-05,0.28148360822221996,4.356286048857668e-05,0.24846820713211987
TNOTEW-24MAR22-B4.24,7.0,0.05639999999999999,0.06,6.0,0.0002000000000000001,0.010400000000000003,0.00015865881952388403,0.11170073033170247,0.0001520808386194486,0.1244382840455624
TNOTEW-24MAR22-B4.24,3.0,0.0651,0.07,3.0,9.99999999999999e-05,0.010400000000000003,5.242432685590677e-05,0.08450978445455558,6.395677060806501e-05,0.11814350467937264
KXAAAGASM-26JUN30-4.10,30.0,0.2451,0.57,28.0,0.0011499999999999998,0.36784999999999995,0.0010128850391782627,0.41124534796654755,0.0008210315133690873,0.3280716615446985
KXAAAGASM-26JUN30-4.10,14.0,0.1056,0.12,14.0,0.0011499999999999998,0.005149999999999999,0.0004752311226952687,0.19190011225346054,0.0004543058403467363,0.17812002183295608
KXGOLDW-26AUG2117-T4515.99,7.0,0.08597500000000001,0.095,6.0,0.00010000000000000018,0.323975,0.00016178430986136584,0.15031087495044754,0.00012859788765611955,0.14454860702205446
KXGOLDW-26AUG2117-T4515.99,3.0,0.1344,0.16,3.0,0.0,0.32085,8.664655581142627e-05,0.18607001894189487,5.065681385963638e-05,0.15223029173281752
KXFACUP-26-ARS,30.0,0.22749999999999998,0.35,30.0,0.0004499999999999973,0.10900000000000001,0.001162747743242872,0.4212250675664327,0.0008882389270269368,0.31436343633575375
KXGRAMBRBS-67-S,30.0,0.1824,0.76,31.0,0.001025000000000002,0.108225,0.0011118579527425823,0.39075770487268036,0.0009184387286555282,0.31067302853592577
KXGRAMBRBS-67-S,14.0,0.199375,0.725,15.0,0.0003500000000000006,0.10162499999999995,0.0005367619268210774,0.3197803471313971,0.0003820890985048146,0.2660476197580163
KXGRAMBRBS-67-S,7.0,0.1971,0.73,7.0,0.00010000000000000018,0.09859999999999995,0.00022920956063448246,0.2879186183537615,0.0001550552768054883,0.24103618814839506
KXGRAMBRBS-67-S,3.0,0.2176,0.68,3.0,0.0,0.09499999999999996,7.942825726518192e-05,0.24781799783740513,4.739763076918486e-05,0.23360020274939863
KXWTIW-26JAN09-B59.5,7.0,0.09000000000000001,0.1,5.0,0.00010000000000000018,0.8539000000000001,0.00010871935855467876,0.15927840312858338,0.00010917599660936999,0.13049940261477602
KXWTIW-26JAN09-B59.5,3.0,0.1411,0.17,3.0,0.0,0.8475,0.00010545929187863595,0.21367245162647974,6.25670148011233e-05,0.17534916972036932
KXEUROVISION-25-AUT,14.0,0.1716,0.22,14.0,0.0008500000000000004,0.6361999999999997,0.000546565359848291,0.2439207710236424,0.00038846904574579724,0.21920474602665613
KXEUROVISION-25-AUT,7.0,0.1824,0.24,7.0,0.00010000000000000018,0.6320999999999997,0.00024757372015432757,0.24359383938322154,0.00014875114184511928,0.23745958323927077
KXEUROVISION-25-AUT,3.0,0.17709999999999998,0.22999999999999998,3.0,0.0,0.6270999999999997,8.623795313373537e-05,0.22969175282901935,6.713854899853376e-05,0.1886517957366396
TNOTEW-24MAY17-B4.40,7.0,0.0736,0.08,6.0,0.0,0.42135,0.00015283577406602103,0.14842721413634205,0.0001409241281990712,0.14118302366001967
KXTIME-25-AI,30.0,0.2379,0.39,30.0,0.001999999999999988,0.5512999999999999,0.001094664942408621,0.4074649183313381,0.0008314472620086955,0.3221333143732978
KXTIME-25-AI,14.0,0.2356,0.38,14.0,0.0010999999999999975,0.5484999999999999,0.0005261022695648983,0.32492498307592954,0.0003134165505343993,0.27935486963635425
KXTIME-25-AI,7.0,0.2379,0.39,7.0,0.000799999999999997,0.5194999999999999,0.00025415890188090756,0.3278335876105224,0.00014179085807816585,0.26372323836866973
KXTIME-25-AI,3.0,0.2475,0.45000000000000007,3.0,0.0,0.5176999999999998,9.143360687276126e-05,0.2707024854874313,4.560983572626776e-05,0.2538904235642621
KXRANKLIST1SONG-26JUN27-CUR,30.0,0.060775,0.065,28.0,0.0007999999999999993,0.025125,0.00095758316340233,0.26878563136209643,0.0009315441534241542,0.21735717590681766
KXRANKLIST1SONG-26JUN27-CUR,14.0,0.0651,0.07,14.0,0.0004000000000000001,0.0009000000000000002,0.00043613457038834834,0.16735631377491672,0.0004320320330308715,0.13720451473881654
KXWTIW-26MAY01-B90.5,7.0,0.0475,0.05,6.0,0.0004249999999999999,0.0009250000000000001,0.00016377295223239666,0.1126205062956407,0.00018151506945541314,0.11345586169384864
KXTHEOPEN-25-HENG,3.0,0.0475,0.05,3.0,0.0001,0.0010000000000000002,8.458107208637018e-05,0.08434727928053948,5.966785171972416e-05,0.07661708732197249
KXRANKLIST1SONG-26JUN27-HAT,14.0,0.249975,0.5050000000000001,13.0,9.999999999999796e-05,0.5721249999999999,0.00045533028531830023,0.31145139903283203,0.00032197871141711435,0.2943319313473597
KXRANKLIST1SONG-26JUN27-HAT,7.0,0.2379,0.39,7.0,9.999999999999796e-05,0.43859999999999993,0.00021459155079040697,0.28229976848270444,0.00014072085959773308,0.272307459466196
KXRANKLIST1SONG-26JUN27-HAT,3.0,0.056400000000000144,0.9399999999999998,3.0,9.999999999999796e-05,0.0017000000000000142,0.0001068247241999205,0.15954409215917714,0.00012259663470690868,0.12218294255275254
KXAAAGASW-26FEB23-2.929,7.0,0.13440000000000002,0.84,5.0,0.0,0.21099999999999997,0.0001885332498067776,0.22572552496877896,0.00010231136153604454,0.1752471843988121
KXAAAGASW-26FEB23-2.929,3.0,0.2379,0.61,3.0,0.0,0.0741,9.668739322014817e-05,0.25222497462719984,3.7448759691889445e-05,0.24859252584162178
KXTRUMPACT-26JUL26-T4,7.0,0.17159999999999997,0.78,6.0,9.99999999999999e-05,0.1373,0.00017763211465505015,0.25344466241375574,0.00013204761488311225,0.21014657420210653
KXTRUMPACT-26JUL26-T4,3.0,0.2304,0.36,3.0,9.99999999999999e-05,0.0747,8.729920733274999e-05,0.2501302113800309,5.542081856985051e-05,0.24600662331122478
KXNBADRAFTPICK-26-9-YLEN,30.0,0.07777500000000001,0.085,32.0,0.0014749999999999989,0.0206,0.001056376159506088,0.270778623571561,0.0009142830377905949,0.2551529797733814
KXNBADRAFTPICK-26-9-YLEN,14.0,0.09000000000000001,0.1,14.0,0.0009499999999999992,0.01845,0.0004693263872081896,0.17905918490468242,0.00039790206291557195,0.15521360134846854
KXNBADRAFTPICK-26-9-YLEN,7.0,0.0651,0.07,7.0,0.0006999999999999991,0.016,0.00021748041876182075,0.12655802293446733,0.00019013634094010315,0.09911222210034352
KXNBADRAFTPICK-26-9-YLEN,3.0,0.0736,0.07999999999999999,3.0,0.0004499999999999991,0.016,6.0986060823322204e-05,0.10530200577229223,5.795406094845867e-05,0.1174046038162729
TNOTEW-24MAR15-B3.92,7.0,0.0475,0.05,5.958333333333333,0.00022500000000000013,0.002025,0.00014432063443552031,0.10501489916702787,0.0001686352757402902,0.10283252090705693
KXCPICOREYOY-25APR-T2.6,30.0,0.17159999999999997,0.78,30.0,0.0005000000000000021,0.09039999999999994,0.0010516682372275945,0.3733583073735812,0.0008491492572502319,0.309881842415052
KXCPICOREYOY-25APR-T2.6,14.0,0.12749999999999995,0.8500000000000001,14.0,0.00032499999999999836,0.023424999999999946,0.00044067500288586317,0.29198307893035474,0.0003621177554361391,0.23632201257310725
KXCPICOREYOY-25APR-T2.6,7.0,0.12749999999999995,0.8500000000000001,7.0,9.999999999999796e-05,0.014249999999999978,0.00022133296978178144,0.22642747651879694,0.00017689965650057417,0.20433606062205256
KXCPICOREYOY-25APR-T2.6,3.0,0.13777500000000004,0.835,3.0,9.999999999999796e-05,0.012024999999999994,0.00010559095778762105,0.21552167783256249,6.639356746821939e-05,0.17316048082491492
KXNETFLIXRANKMOVIE-25MAY26-FSPQ,7.0,0.11310000000000009,0.8699999999999999,5.0,0.0,0.4591,0.00015856407340476665,0.22070964610201288,0.00015356686367266778,0.16392208041870618
KXNETFLIXRANKMOVIE-25MAY26-FSPQ,3.0,0.20590000000000003,0.71,3.0,0.0,0.4263,7.743608085092987e-05,0.25476137069540955,5.351376447403393e-05,0.2247584685707159
KXAAAGASM-24NOV30-US-2.90,30.0,0.06509999999999996,0.93,29.041666666666668,0.0007999999999999837,0.029199999999999976,0.0010135958764616584,0.3765945043063219,0.0007916382467323732,0.28905279382020976
KXAAAGASM-24NOV30-US-2.90,14.0,0.06509999999999996,0.93,14.000000000000002,0.0001999999999999937,0.009299999999999977,0.00045904208691516235,0.25223488452761633,0.0003782397463258455,0.20311039902350855
KXAAAGASM-24NOV30-US-2.90,7.0,0.06509999999999996,0.93,7.0,9.999999999999796e-05,0.002599999999999996,0.0002108494655169325,0.21441247986435738,0.0001945698066067452,0.12260349835553805
KXWTIW-26MAR20-B105.5,7.0,0.0979,0.11,6.0,0.0005999999999999998,0.0053,0.00014683772641610455,0.18636758198170633,0.0001411467150066942,0.15032631439631278
KXNFLDRAFTTOP-26-R1-CHOW,30.0,0.244375,0.42500000000000004,26.0,0.00032499999999999836,0.36885,0.0009309918583895688,0.38077543266632025,0.0007515478112377158,0.30601453259244515
KXNFLDRAFTTOP-26-R1-CHOW,14.0,0.24189999999999998,0.4099999999999999,14.0,0.0002999999999999983,0.32434999999999997,0.0005094146553759992,0.30477389485972034,0.00033822143210183244,0.3059490534968884
KXNFLDRAFTTOP-26-R1-CHOW,7.0,0.2176,0.32,7.0,0.00020000000000000036,0.23739999999999994,0.0002178840973825419,0.2860419904145427,0.00013444680721459975,0.23178518401094828
KXNFLDRAFTTOP-26-R1-CHOW,3.0,0.24,0.6,3.0,0.00020000000000000036,0.16999999999999998,9.568906376033162e-05,0.272569267812043,3.5269917859508956e-05,0.247548474122778
KXGRAMBRA-68-CHR,30.0,0.0651,0.07,30.0,0.0008000000000000008,0.016300000000000002,0.0010824366065002378,0.2801137871337728,0.0009220788847587017,0.2281909182815871
KXGRAMBRA-68-CHR,14.0,0.0736,0.08,14.0,0.0005000000000000002,0.008700000000000003,0.00048416106509401713,0.17673505675752074,0.0003905256438965313,0.17440231069377846
KXGGAFILM-26-ARC,30.0,0.05639999999999999,0.06,30.0,0.0018999999999999998,0.0029999999999999996,0.001052324361512923,0.23891257276805006,0.0009065079954023664,0.20456917161524707
CPICOREYOY-23JUL-T4.4,30.0,0.060774999999999954,0.935,30.0,0.001525000000000003,0.0026499999999999965,0.0009918669699283753,0.3894907729074697,0.0008998125500338794,0.29753558680195147
CPICOREYOY-23JUL-T4.4,7.0,0.056400000000000144,0.9399999999999998,7.0,0.0005500000000000032,0.0004000000000000007,0.00021823568338481022,0.18100872599496115,0.00024020947540690177,0.11618281707946888
KXSILVERMON-26MAY2917-T75.99,30.0,0.24960000000000002,0.48000000000000004,27.0,0.00030000000000000057,0.8024999999999999,0.0010117820014557567,0.4201477493638885,0.0007201123727892856,0.3298375768034688
KXSILVERMON-26MAY2917-T75.99,14.0,0.1875,0.75,14.0,0.00020000000000000036,0.6793,0.0004522234070532853,0.3574617584141471,0.00036070650589900154,0.2714742839292586
KXSILVERMON-26MAY2917-T75.99,7.0,0.2304,0.64,7.0,0.00020000000000000036,0.5314,0.0002265878756100996,0.29720841757166755,0.00015340694067105226,0.25407748143283254
KXSILVERMON-26MAY2917-T75.99,3.0,0.2211,0.67,3.0,0.00010000000000000018,0.5234,7.34009656470832e-05,0.25195755405749426,5.6553996346108135e-05,0.23836896885899922
KXU3-24NOV-T4.1,30.0,0.21000000000000002,0.7,30.0,0.0007000000000000001,0.8009000000000001,0.0011122897250173808,0.4396906782500591,0.0008766872952521214,0.35263334965694176
KXU3-24NOV-T4.1,14.0,0.2451,0.43,13.999999999999996,0.00020000000000000036,0.41890000000000005,0.0005149354686990286,0.36895152395542796,0.00034379872274158596,0.2826709764269665
KXU3-24NOV-T4.1,7.0,0.2475,0.45000000000000007,7.0,0.00010000000000000018,0.40540000000000004,0.00019187538203397812,0.32028450063682684,0.00010449262638741553,0.28427834867803825
KXU3-24NOV-T4.1,3.0,0.2379,0.39,3.0,0.00010000000000000018,0.39780000000000004,7.79284154425413e-05,0.2706716433207962,3.9077553727456376e-05,0.2443070061463972
KXNETFLIXRANKSHOW-25SEP15-WED,7.0,0.21000000000000002,0.7,5.0,0.0,0.1596,0.00015985546421069222,0.2729163430599166,8.029496259978914e-05,0.23676965988102025
KXNETFLIXRANKSHOW-25SEP15-WED,3.0,0.2499,0.51,3.0,0.0,0.1403,8.84755019693562e-05,0.27182625009967276,5.215259968951635e-05,0.25385261780096735
KXNCAAMBACHAMP-25-LOU,14.0,0.0475,0.05,14.0,0.0018999999999999993,0.0028,0.00046030802373203965,0.17607848138754445,0.00041071064245930765,0.13473042266481328
KXBTCMINMON-BTC-26MAR31-5250000,30.0,0.16000000000000003,0.2,28.958333333333332,0.0020999999999999994,0.013700000000000004,0.0010569774067346683,0.344634395578868,0.001009497364720112,0.24748114541398322
KXWTIW-26JAN02-B58.5,7.0,0.116775,0.135,5.0,0.0,0.06282499999999999,0.00017227113405388148,0.15343392616508525,0.00014908070396611284,0.15738542246045747
KXWTIW-26JAN02-B58.5,3.0,0.19240000000000002,0.26,3.0,0.0,0.05499999999999999,7.855407951028598e-05,0.23669151092118668,5.195939859399941e-05,0.21889706290985053
KXWTIW-26APR24-B81.5,7.0,0.0736,0.08,6.0,0.0003,0.0029000000000000007,0.00013365797914262188,0.14406133838391136,0.00015164908838646995,0.11942428506340624
NASDAQ100Y-23DEC29-B13250,30.0,0.0736,0.08,30.041666666666686,0.0009000000000000002,0.0009000000000000004,0.0009734427979326592,0.2503162400555209,0.0008772011407619789,0.24439913394255094
KXNETFLIXRANKSHOW-25NOV24-THE,7.0,0.1659,0.79,5.0,0.0004999999999999943,0.045400000000000024,0.00016931065724962066,0.2770883936393386,0.00011732441604103569,0.2034632962763176
KXNETFLIXRANKSHOW-25NOV24-THE,3.0,0.12749999999999995,0.8500000000000001,3.0,0.0004999999999999943,0.014799999999999973,8.758341675237154e-05,0.20629820783532046,5.630484303679385e-05,0.1557528377047237
KXAAAGASW-26MAR30-4.060,7.0,0.2496,0.52,5.0,0.00010000000000000005,0.1355,0.00015732876565442553,0.28313877325199927,6.703765439089519e-05,0.28034754301476655
KXGRAMMYNOMNAOTY-68B-GIGI,30.0,0.0979,0.11,30.041666666666657,0.00030000000000000057,0.03745,0.0010817554281366526,0.3310907139270563,0.0010034027488374467,0.2346434968113721
KXGRAMMYNOMNAOTY-68B-GIGI,14.0,0.1131,0.13,14.041666666666657,0.00010000000000000018,0.014049999999999997,0.000524817277098625,0.2148345456118526,0.00043803422907841836,0.19853376514814328
KXGRAMMYNOMNAOTY-68B-GIGI,7.0,0.1344,0.16,7.041666666666657,0.00010000000000000018,0.00635,0.0003057670614768503,0.22369871704998645,0.00021170219135711069,0.16614550986704957
KXGRAMMYNOMNAOTY-68B-GIGI,3.0,0.109375,0.125,3.0,0.00010000000000000018,0.005124999999999999,8.435296690237904e-05,0.1517461398092034,0.00010498233327439761,0.13268314678753979
KXAPRPOTUS-26APR10-41.2,7.0,0.1344,0.16,6.0,0.00010000000000000018,0.3187,0.00020887158332459798,0.230773267100398,0.00014333325845507932,0.17350856750997054
KXAPRPOTUS-26APR10-41.2,3.0,0.09000000000000001,0.1,3.0,0.00010000000000000018,0.2993,6.943859608069799e-05,0.12042419265105916,6.149935716789673e-05,0.12508488564419248
KXCPIYOY-26JUN-T4.3,30.0,0.1275,0.15,30.0,0.00085,0.01805,0.0011545862496867888,0.280618276378287,0.0010499636527890705,0.24982914179412927
KXCPIYOY-26JUN-T4.3,14.0,0.0475,0.05,14.0,0.00027500000000000007,0.0009250000000000001,0.00041740375213115846,0.13825329296401428,0.00038801914008750635,0.13478385976784676
KXBRENTMON-26JUN3017-T100.99,30.0,0.2436,0.42,28.0,0.002075,0.08732499999999999,0.0010787478682390819,0.40198568222513614,0.0008026324029265036,0.3066414144994447
KXBRENTMON-26JUN3017-T100.99,14.0,0.05639999999999999,0.06,14.0,0.0015749999999999998,2.5e-05,0.000452397727462575,0.1667809873189624,0.0004084853172583984,0.15399244840455575
KXLTCMAXY-25-174.9999,30.0,0.060775,0.065,30.00000000000003,0.0018749999999999997,0.0052499999999999995,0.0010125748992473244,0.2446291589137936,0.0009452807779952408,0.23177523599716573
KXTORNADO-26APR-300,7.0,0.09789999999999999,0.89,6.0,0.0,0.5445,0.00019177156896575093,0.20042031589266907,0.0001713542087060924,0.1668779061867778
KXTORNADO-26APR-300,3.0,0.17159999999999997,0.78,3.0,0.0,0.27460000000000007,8.202017906432106e-05,0.24314437206997142,5.6445319319672774e-05,0.20215604437961843
KXBRENTMON-26MAY2917-T98.99,30.0,0.2491,0.53,27.0,0.0004000000000000007,0.3906999999999998,0.0009702766485764203,0.40704935460714564,0.0007176610589140659,0.31578328838118974
KXBRENTMON-26MAY2917-T98.99,14.0,0.2304,0.64,14.0,0.00030000000000000057,0.31029999999999996,0.0004998272747473958,0.34721860989799175,0.0003038909506955089,0.29837894353714317
KXBRENTMON-26MAY2917-T98.99,7.0,0.20590000000000003,0.71,7.0,0.00010000000000000018,0.2608,0.00023169446539259133,0.29489364198533347,0.00014300955830951918,0.24318826865124699
KXBRENTMON-26MAY2917-T98.99,3.0,0.2304,0.36,3.0,0.0,0.08099999999999999,7.627084398192631e-05,0.2764197185336541,4.030159058611761e-05,0.24949588840638526
KXSILVERW-26AUG0717-T61.99,7.0,0.0979,0.11,6.0,4.9999999999999955e-05,0.27385000000000004,0.00015793079952986137,0.15151241871605522,0.00013639001757263412,0.14948130830349274
KXSILVERW-26AUG0717-T61.99,3.0,0.0819,0.09,3.0,0.0,0.27345,5.32192726481873e-05,0.12356926200056449,5.667152585026807e-05,0.0955149980919695
KXWCGROUPQUAL-26C-MAR,30.0,0.12040000000000001,0.86,30.0,0.0007999999999999858,0.0272,0.001031804866183735,0.38100563204744803,0.0007996054993536345,0.32821122913694206
KXWCGROUPQUAL-26C-MAR,14.0,0.12749999999999995,0.8500000000000001,14.0,9.999999999999796e-05,0.014799999999999959,0.00044117411516764583,0.2959008781134376,0.00033159022190003105,0.22746980540741127
KXWCGROUPQUAL-26C-MAR,7.0,0.06509999999999996,0.93,7.0,0.0,0.006899999999999979,0.00022832026788363054,0.15550434450830453,0.00019977728501806465,0.14803094473428388
KXMARMADROUND-26F4-TENN,30.0,0.0819,0.09,29.958333333333336,0.0020999999999999994,0.08080000000000001,0.001038705049981713,0.25705638617928905,0.0008426389856484253,0.23720745185050732
KXMARMADROUND-26F4-TENN,14.0,0.0475,0.05,14.0,0.0010999999999999994,0.077,0.0004053850689173004,0.15569213518528482,0.0004202183223765858,0.1391605434750312
KXMARMADROUND-26F4-TENN,7.0,0.0651,0.07,7.0,0.0002000000000000001,0.0761,0.0001990057023464969,0.14007596178413703,0.00018435546164407242,0.12828411259974495
KXMARMADROUND-26F4-TENN,3.0,0.0819,0.09,3.0,0.0,0.0745,5.805240933123729e-05,0.11128550927850807,6.020780601239314e-05,0.11043754998946509
KXXRPMAXMON-XRP-26JAN31-210,14.0,0.08189999999999997,0.91,14.0,0.0,0.1601,0.00040136612783215323,0.22480473033242995,0.0003078242628423513,0.1959234340035474
KXXRPMAXMON-XRP-26JAN31-210,7.0,0.20589999999999997,0.29,7.0,0.0,0.015499999999999998,0.00024823621421806385,0.24448904220939952,0.00016182686738626953,0.23099584364207082
KXXRPMAXMON-XRP-26JAN31-210,3.0,0.0979,0.11,3.0,0.0,0.006100000000000001,5.930829978954051e-05,0.14996353087616707,5.881245383004396e-05,0.1269970290453719
KXNETFLIXRANKMOVIERUNNERUP-26MAR16-TRA,7.0,0.1275,0.15,5.0,0.0,0.014099999999999998,0.0001624766494750954,0.194292733109256,0.00012383528657539957,0.17578110421974916
KXNBAPLAYOFF-26-LAL,30.0,0.056400000000000144,0.9399999999999998,29.958333333333343,0.000700000000000019,0.0038500000000000053,0.0009919055693119164,0.3727561122252779,0.0008259094306155854,0.3081472347872609
KXPAYROLLS-24NOV-T150000,30.0,0.24640000000000004,0.44,30.0,0.00015000000000000137,0.28220000000000006,0.0011380372731582696,0.38326435174669204,0.0008603830865390247,0.3230304869183079
KXPAYROLLS-24NOV-T150000,14.0,0.2304,0.64,14.0,0.00010000000000000018,0.08555000000000003,0.0004705302483407369,0.3476355489681633,0.0003092856703549114,0.2870657698944143
KXPAYROLLS-24NOV-T150000,7.0,0.17159999999999997,0.78,7.0,0.0,0.02325000000000001,0.0002663524322581959,0.28501496584614544,0.0001785011139255802,0.2297601682611707
KXPAYROLLS-24NOV-T150000,3.0,0.16877500000000004,0.7849999999999999,3.0,0.0,0.019025000000000007,9.863071253465854e-05,0.24889281386218812,6.223804717878617e-05,0.1979403136351236
KXNETFLIXRANKMOVIE-26APR20-THR,7.0,0.08189999999999997,0.91,5.0,0.0,0.005099999999999985,0.00018139513042491357,0.21010074196753345,0.0001631862896468573,0.13416172427903753
KXNETFLIXRANKMOVIE-26APR20-THR,3.0,0.06509999999999996,0.93,3.0,0.0,0.004699999999999985,9.365612938066589e-05,0.1650339252616425,9.619912198805798e-05,0.12388397650066447
KXEPSTEIN-26-1,30.0,0.056400000000000144,0.9399999999999998,29.999999999999986,0.0019285000000000094,0.015015999999999988,0.000975604453946832,0.33762214166775917,0.0008164679864473535,0.3080866157705407
KXEPSTEIN-26-1,14.0,0.08353600000000007,0.9079999999999999,14.0,0.0009665000000000072,0.007105999999999993,0.0004361145895063133,0.2568506078938329,0.0003598116955828831,0.20136693700892902
KXEPSTEIN-26-1,7.0,0.06509999999999996,0.93,7.0,0.00039600000000000827,0.005681999999999992,0.00023427549179523964,0.18360355643012716,0.00019534447940763454,0.12812625182972892
KXEPSTEIN-26-1,3.0,0.057279000000000045,0.939,3.0,0.0,0.00515299999999999,0.00011300059581441569,0.15199444860382094,0.00010186971942528883,0.09035374862876448
KXRTX5090WS-26JUL24-0.500,30.0,0.23040000000000002,0.6399999999999999,28.0,0.0013000000000000002,0.16380000000000006,0.0010304534476616367,0.40035624236932377,0.0008223739288193074,0.30799789640841274
KXRTX5090WS-26JUL24-0.500,14.0,0.234375,0.625,14.0,0.0007249999999999991,0.15780000000000005,0.0005096235534223509,0.3690443421282837,0.00035372958462493386,0.2804145474802924
KXRTX5090WS-26JUL24-0.500,7.0,0.2499,0.51,7.0,0.0003999999999999985,0.14090000000000003,0.00022653124619118092,0.32363072657061437,0.00011299128892346395,0.27597259681459024
KXRTX5090WS-26JUL24-0.500,3.0,0.2496,0.52,3.0,0.0,0.1254,8.640548218696208e-05,0.27876024810791583,5.092463393701994e-05,0.2599342432248221
KXNETFLIXRANKMOVIEGLOBAL-26JUL20-SPI,7.0,0.0651,0.07,5.0,0.0002000000000000001,0.0019000000000000004,0.00011092392303033979,0.10915172624133561,0.00012802654929088778,0.09763860830999928
KXNETFLIXRANKMOVIEGLOBAL-26JUL20-SPI,3.0,0.0475,0.05,3.0,0.00010000000000000005,0.001,6.603645162727283e-05,0.10353327086889738,6.716271548518495e-05,0.09418836804862483
KXDCSNOWM-25DEC-6.0,30.0,0.0651,0.07,30.0,0.0007999999999999997,0.038500000000000006,0.001058158078916933,0.2442092001048179,0.0009208169640327363,0.20358269756083877
KXDCSNOWM-25DEC-6.0,14.0,0.1131,0.13,14.0,0.0002999999999999999,0.010400000000000001,0.000495675211623646,0.19458050992468803,0.000405713766348426,0.2020656667989366
KXDCSNOWM-25DEC-6.0,3.0,0.0651,0.07,3.0,0.0001,0.0026000000000000003,7.815502215438995e-05,0.11533303477522104,7.450877089187618e-05,0.10004071471727922
KXDOTMAXY-25-8,30.0,0.0736,0.08,30.00000000000003,0.0005999999999999998,0.6669499999999999,0.0010273138468535718,0.24204284002605397,0.0009986740572857226,0.23379739562717516
TNOTEW-24JUN28-B4.32,7.0,0.0736,0.07999999999999999,6.0,0.0002999999999999997,0.018900000000000004,0.00015213575858609752,0.13010954094716012,0.00015952253402224523,0.13835498901095364
TNOTEW-24JUN28-B4.32,3.0,0.0736,0.08,3.0,0.00010000000000000018,0.018900000000000004,5.876298954983672e-05,0.09987139940677152,6.157530995080835e-05,0.09928383849246593
KXBBCHARTPOSITIONSONG-26MAY16BEA-7,14.0,0.24977500000000002,0.48499999999999993,10.0,9.999999999999907e-05,0.18232499999999996,0.0003574147260460339,0.3241125719895494,0.00019719413351918172,0.2786756621044113
KXBBCHARTPOSITIONSONG-26MAY16BEA-7,7.0,0.0475,0.05,8.0,0.0,0.0017000000000000001,0.00024533729608892875,0.11415828073083788,0.00023540069015442143,0.11649285582854788
KXBRENTW-26AUG0717-T82.99,7.0,0.1275,0.85,6.0,0.00010000000000000018,0.8258000000000001,0.0002104168086089888,0.23123738115565198,0.0001679307386839724,0.19679330060033315
KXBRENTW-26AUG0717-T82.99,3.0,0.2176,0.68,3.0,0.0,0.6978000000000001,9.012436788033945e-05,0.26367708388631256,4.319792007593412e-05,0.23490250207249386
KXVOTEHUBTRUMPUPDOWN-26JUN04,7.0,0.2475,0.45000000000000007,5.0,0.00020000000000000036,0.49910000000000004,0.00015810680229596093,0.28023498185048223,8.181664661329386e-05,0.2749818923171038
KXVOTEHUBTRUMPUPDOWN-26JUN04,3.0,0.17709999999999998,0.22999999999999998,3.0,0.00010000000000000018,0.455,8.393271147275955e-05,0.2471931181099118,4.896107166485339e-05,0.19366128555938183
KXNFLNFCNORTH-25-DET,30.0,0.09000000000000001,0.1,30.00000000000003,0.0012999999999999993,0.0229,0.0010049245029563813,0.2563150374664479,0.0009129857123410274,0.2426531401706832
KXNFLNFCNORTH-25-DET,14.0,0.09000000000000001,0.1,14.0,0.00030000000000000024,0.0171,0.00043956650089527953,0.17854498830321844,0.00038435399765073707,0.17692548103767267
KXNFLNFCNORTH-25-DET,7.0,0.1056,0.12,7.0,0.0,0.012199999999999999,0.00025134901745688267,0.1803641584529766,0.0002220211906976195,0.14524958150315223
KXTOPSONG-24DEC07-ABS,14.0,0.2451,0.43,10.0,0.0002000000000000001,0.10210000000000002,0.0003237064890149598,0.30815803203975717,0.00020169648274621734,0.2697078579320239
KXTOPSONG-24DEC07-ABS,7.0,0.0819,0.09,7.0,0.0002000000000000001,0.0050999999999999995,0.00020088872100219084,0.13302775060426508,0.00016462374069453514,0.14679348571819606
KXNETFLIXRANKSHOWRUNNERUP-26JUN15-THE,7.0,0.12749999999999995,0.8500000000000001,5.0,0.0,0.32710000000000006,0.00017469346805191918,0.2475303841419546,0.00011120782444775289,0.17179133096302351
KXNETFLIXRANKSHOWRUNNERUP-26JUN15-THE,3.0,0.24640000000000004,0.44,3.0,0.0,0.22500000000000003,9.489377258372248e-05,0.26132863104931575,4.160172386405285e-05,0.25962052639595556
KXBRENTMON-26APR3017-T112.99,30.0,0.24997500000000003,0.49499999999999994,28.0,0.0015749999999999996,0.8533500000000003,0.0011103038233930265,0.3998094897321151,0.0007470569704480446,0.3223547077696155
KXBRENTMON-26APR3017-T112.99,14.0,0.1131,0.13,14.0,0.0003999999999999996,0.6281000000000001,0.0005147193058438865,0.21817411352864508,0.000449450497994743,0.19511121854615118
KXBRENTMON-26APR3017-T112.99,7.0,0.0819,0.09,7.0,0.0003999999999999996,0.5975000000000001,0.00019521310528715672,0.13355810092291392,0.0001618062751451089,0.12995311140695154
KXBRENTMON-26APR3017-T112.99,3.0,0.18749999999999997,0.24999999999999997,3.0,7.703719777548943e-34,0.4229000000000001,9.111822759847826e-05,0.24111900992256602,5.319363524998546e-05,0.21919134531504894
KXALBUMEQUIV-ICE26MAY21-600K,30.0,0.2211,0.33,30.0,0.0008999999999999969,0.19880000000000006,0.0011356241849987277,0.4091044237705664,0.0008749029013192141,0.29428804894569344
KXALBUMEQUIV-ICE26MAY21-600K,14.0,0.2211,0.33,14.0,0.00030000000000000035,0.12680000000000002,0.0005418067780402056,0.3398548147353708,0.0003393603889957977,0.2816238556795059
KXALBUMEQUIV-ICE26MAY21-600K,7.0,0.1275,0.15,7.0,9.999999999999996e-05,0.08940000000000001,0.00023883694694552904,0.2200624018435028,0.00018638494440088044,0.19640404649400436
KXNCAALAXFINAL-26-JHU,3.0,0.0475,0.05,3.0,0.00012500000000000006,0.0009249999999999999,8.483482415517635e-05,0.0887859111699007,8.194315591401037e-05,0.08351082174839713
KXWTIW-26MAY2914-B100.50,7.0,0.060775,0.065,6.0,0.00039999999999999986,0.0013250000000000002,0.00015878951789689017,0.1299069088021532,0.00016743411751333773,0.11666884498296096
CPI-24FEB-T0.3,30.0,0.24910000000000002,0.47000000000000003,29.958333333333332,0.0012999999999999867,0.0699,0.001120476974319648,0.427664983916265,0.0008231608681177872,0.33335365320544724
CPI-24FEB-T0.3,14.0,0.17159999999999997,0.78,13.958333333333332,0.0009999999999999861,0.020999999999999987,0.0005290928894419092,0.2811355414647134,0.0003303176377060644,0.2544881538849197
CPI-24FEB-T0.3,7.0,0.12749999999999995,0.8500000000000001,6.958333333333332,0.0,0.018499999999999992,0.00023379002413811183,0.2582376592215312,0.00019014267207783042,0.190481009123979
CPI-24FEB-T0.3,3.0,0.13440000000000002,0.84,2.958333333333332,0.0,0.0096,9.416957591521156e-05,0.23198616688997029,8.276552729858569e-05,0.1631904669715394
KXALBUMEQUIV-MUS26JUL30-85K,3.0,0.1476,0.18,3.0,0.0,0.0194,7.462769006267477e-05,0.22496534021871534,6.663885623661966e-05,0.18668387388926866
KXNETFLIXRANKMOVIE-26APR13-THE,7.0,0.09000000000000001,0.1,5.0,0.0,0.004600000000000001,0.0001307136823207064,0.14322012191897499,0.00010992607626604096,0.13043463826357063
U3-23NOV-T3.9,30.0,0.2379,0.39,33.041666666666686,0.0009000000000000016,0.1308,0.0012625816612868096,0.4438311758098415,0.0009838022909607145,0.3477303463990225
U3-23NOV-T3.9,14.0,0.2304,0.36,15.0,0.000600000000000001,0.1304,0.000567397735509232,0.3185272285307761,0.00035057570636181805,0.29106826316238193
U3-23NOV-T3.9,7.0,0.22749999999999998,0.35,7.0,0.00030000000000000057,0.13,0.0002513697236946134,0.29109157168788047,0.0001375727955341986,0.25879429315461827
U3-23NOV-T3.9,3.0,0.2331,0.37,3.0,0.00010000000000000018,0.1296,7.035448536611556e-05,0.2654699404411155,3.9342000863265504e-05,0.24862177242253822
KXRAINCHIM-26JUL-5,30.0,0.2244,0.34,29.0,9.999999999999796e-05,1.4081,0.0011452454830199938,0.3628298905603151,0.0008959283293356221,0.3015929017087517
KXRAINCHIM-26JUL-5,14.0,0.1824,0.24,14.0,0.0,0.9633999999999998,0.00047644242469379526,0.2969524459472052,0.00037039126195900524,0.2414899201659576
INXY-23DEC29-B4200,30.0,0.05639999999999999,0.06,29.0,0.0008250000000000001,0.0011249999999999997,0.0010108058364969614,0.2658065824857013,0.0008896653274254998,0.19436090674181672
KXCPIYOY-25NOV-T2.8,30.0,0.056400000000000144,0.9399999999999998,29.999999999999996,0.001774999999999981,0.928275,0.0009907677617918052,0.37570457502656374,0.0008362692494496381,0.31608458437636383
KXCPIYOY-25NOV-T2.8,7.0,0.04750000000000004,0.95,7.0,0.0007499999999999946,0.9219999999999999,0.00024786720727079474,0.16104606998654714,0.00021171873612600687,0.12437971750134277
KXU3-26AUG-T4.4,30.0,0.1275,0.15,30.0,0.0014500000000000001,0.0133,0.0011523174665010096,0.2560908177910543,0.0010110883337658824,0.2516314846305457
KXCPIYOY-26MAR-T3.5,30.0,0.249975,0.505,30.0,0.001899999999999999,0.20992500000000006,0.0011775940024546935,0.39625799169401577,0.0008561944752939255,0.3296224001966344
KXCPIYOY-26MAR-T3.5,14.0,0.05639999999999999,0.06,14.0,0.0013999999999999991,0.0126,0.0004185619487914535,0.1628430107004258,0.00036668911676469363,0.1504665872241445
KXCPIYOY-26MAR-T3.5,3.0,0.0651,0.07,3.0,0.0003999999999999996,0.0083,5.2018728283872407e-05,0.11638313589868404,5.446585612203866e-05,0.10190561669339662
KXTRUTHSOCIAL-26AUG15-B189,7.0,0.1539,0.19,6.0,0.0003999999999999996,0.0833,0.0002174982075844361,0.24052428377393198,0.0001340478156885415,0.19996511786183604
KXTRUTHSOCIAL-26AUG15-B189,3.0,0.1771,0.23,3.0,0.0,0.08149999999999999,7.538323906073785e-05,0.21143420231514645,5.1460704810352874e-05,0.20495823805589589
KXETHMINMON-ETH-26APR30-175000,30.0,0.24189999999999998,0.4099999999999999,27.0,0.0007500000000000015,0.033850000000000005,0.000998783311673906,0.38378687939794204,0.0007628064880896609,0.32418827758835017
KXETHMINMON-ETH-26APR30-175000,14.0,0.0475,0.05,14.0,0.00035000000000000016,0.006450000000000001,0.0004077815774944735,0.1344314658087667,0.00041297628594729255,0.1357602570181301
KXETHMINMON-ETH-26APR30-175000,7.0,0.05639999999999999,0.06,7.0,0.00025,0.0026499999999999996,0.00020103636237122605,0.11826332998831784,0.00016499535022857572,0.09591051508802
KXXRPMINMON-XRP-26MAY31-130,30.0,0.22749999999999998,0.65,26.0,0.00010000000000000018,0.3412,0.000963332007799127,0.4266381271312229,0.0007381859600778456,0.3150942422697104
KXXRPMINMON-XRP-26MAY31-130,14.0,0.2356,0.38,14.0,0.0,0.24999999999999994,0.0004992090612425572,0.36087743198084526,0.0003078991350859109,0.29166911422612446
KXXRPMINMON-XRP-26MAY31-130,7.0,0.2419,0.59,7.0,0.0,0.20449999999999996,0.0002415456705404035,0.29910232957259875,0.000131772531869184,0.2631598562650382
KXXRPMINMON-XRP-26MAY31-130,3.0,0.2499,0.49,3.0,0.0,0.1258999999999999,7.97506935362948e-05,0.2889721491687407,4.479123469163366e-05,0.26747674420509965
KXVOTEHUBTRUMPUPDOWN-26JAN22,3.0,0.1875,0.25,3.0,0.0,0.030899999999999993,8.913680626719902e-05,0.2437946104924769,5.1306388399955894e-05,0.20334753537525088
KXYTVIEWSW-TAY26AUG23-16.0M,3.0,0.0475,0.05,3.0,0.0001,0.002,7.465719507419971e-05,0.07574266899365086,6.393028965412822e-05,0.08760342398019932
KXCPIYOY-26APR-T3.6,30.0,0.2475,0.55,30.0,0.0008999999999999993,0.22259999999999996,0.0011227017302786143,0.42150508139518067,0.000881534870007438,0.3209744261716333
KXCPIYOY-26APR-T3.6,14.0,0.2436,0.58,14.0,0.0005000000000000009,0.06509999999999999,0.00047095825820520743,0.3649467685632474,0.0003065639549904086,0.2807825805537969
KXCPIYOY-26APR-T3.6,7.0,0.2304,0.64,7.0,0.00030000000000000057,0.06029999999999999,0.00021198952845592102,0.3012801448711817,0.00014755475449983318,0.26278236414204925
KXCPIYOY-26APR-T3.6,3.0,0.2139,0.69,3.0,0.00010000000000000018,0.0574,8.357827013744973e-05,0.23951436596925899,3.979932928172535e-05,0.2214141937403862
KXPCECORE-25APR-T0.1,30.0,0.23040000000000002,0.6399999999999999,29.0,0.0006499999999999967,0.1578,0.0010841306374817453,0.4022078126073142,0.000852227935351409,0.32185561457253115
KXPCECORE-25APR-T0.1,14.0,0.2475,0.45000000000000007,14.0,0.0005499999999999988,0.1352,0.0005270704565839667,0.3356517060432555,0.00029941371354864313,0.29446213257840076
KXPCECORE-25APR-T0.1,7.0,0.24639999999999998,0.43999999999999995,7.0,0.0005499999999999988,0.12769999999999998,0.00024959601818552463,0.31332942241766026,0.00011251487852872916,0.2771243409549475
KXPCECORE-25APR-T0.1,3.0,0.24,0.4,3.0,0.0004999999999999987,0.1261,8.233363764142692e-05,0.2588795329049786,5.468225340615343e-05,0.2413963985046518
KXNBA1STTEAMDEF-26-SBAR,30.0,0.2176,0.68,30.0,0.00022500000000000262,0.7795749999999998,0.0011844558268207545,0.41146598484728997,0.0008076981830527604,0.32595691383141945
KXNBA1STTEAMDEF-26-SBAR,14.0,0.14110000000000003,0.83,14.0,0.0001000000000000024,0.7061499999999998,0.00048225915400429225,0.3160800363567662,0.0003941087698531684,0.225979000617868
KXNBA1STTEAMDEF-26-SBAR,7.0,0.1056,0.88,7.0,0.0001000000000000024,0.6810999999999998,0.00025233213575594584,0.2364221165971448,0.00018546517264872724,0.16434577587883348
KXNBA1STTEAMDEF-26-SBAR,3.0,0.0899999999999999,0.9000000000000001,3.0,0.0,0.6793999999999998,0.00010593222299768473,0.1787160253538029,7.799954812587682e-05,0.14380969143151906
OSCARNOMPIC-25-ADM,30.0,0.07777500000000001,0.085,30.0,0.0009249999999999997,0.012499999999999997,0.0010563949954021422,0.268800006162722,0.0009557806645059873,0.2240327450343562
OSCARNOMPIC-25-ADM,14.0,0.0736,0.08,14.0,0.0004999999999999999,0.007249999999999999,0.0004606748880865249,0.19460450405654173,0.00039461990284196116,0.15317232641806414
KXMARMADROUND-26E8-NEB,30.0,0.20159999999999997,0.27999999999999997,29.958333333333336,0.0014999999999999944,0.45035000000000003,0.0011533015913448965,0.35274415493601696,0.0009312203672120232,0.27599368000534935
KXMARMADROUND-26E8-NEB,14.0,0.1275,0.15,14.0,0.0008999999999999955,0.4094,0.000515841932971405,0.21665239720485696,0.00043216104734665364,0.19893534819620043
KXMARMADROUND-26E8-NEB,7.0,0.1275,0.15,7.0,0.0003999999999999963,0.3905,0.00023077313231556983,0.2098238701149472,0.00018220418516264484,0.1826178712424727
KXMARMADROUND-26E8-NEB,3.0,0.2436,0.58,3.0,0.0003999999999999963,0.29200000000000004,6.95684855911432e-05,0.29525587746652776,4.481624102467613e-05,0.2618993487498436
TNOTEW-24MAY17-B4.34,3.0,0.051975,0.055,3.0,0.00022500000000000018,0.43489999999999995,0.0001527852956961931,0.07847415478457796,0.0001503377516626183,0.09293129044400644
KXAAAGASW-26MAR16TH-3.870,7.0,0.1875,0.25,5.0,0.0003999999999999996,0.10110000000000002,0.0001783014124764217,0.2312730249742224,0.00010019402465230501,0.23439035239519057
KXAAAGASW-26MAR16TH-3.870,3.0,0.16000000000000003,0.2,3.0,0.0003999999999999996,0.015800000000000005,8.308484223487843e-05,0.22692832279693595,5.4005697221723575e-05,0.18615717165158988
CPI-23SEP-T0.4,30.0,0.2499,0.51,32.0,0.0012249999999999995,0.30332500000000007,0.0012272649792778394,0.4323290406329873,0.0009337407545236146,0.3196463782531259
CPI-23SEP-T0.4,14.0,0.144375,0.17500000000000002,14.0,0.0008249999999999999,0.01684999999999999,0.000493452797770705,0.23416826381077477,0.00042726239496620696,0.2065951823227083
CPI-23SEP-T0.4,7.0,0.137775,0.165,7.0,0.0005999999999999994,0.006425000000000002,0.0002565515593436949,0.23667555505118426,0.00016416336522691357,0.17677802652372912
CPI-23SEP-T0.4,3.0,0.0979,0.11,3.0,9.99999999999999e-05,0.0044,6.0684377044953124e-05,0.16920025684622864,6.02316206259152e-05,0.13753906576139238
KXAVGTKDFW-26AUG24-6,7.0,0.25,0.5,6.0,2.5000000000000045e-05,0.156025,0.00019784713690534174,0.2967915725765698,7.69080230997657e-05,0.27341783377411516
KXAVGTKDFW-26AUG24-6,3.0,0.2484,0.54,3.0,0.0,0.154,9.550920630549631e-05,0.2655745911130355,3.626526817194944e-05,0.2540981821298379
TNOTEW-24JUL05-B4.27,7.0,0.0564,0.060000000000000005,5.0,0.00020000000000000036,0.8835999999999999,0.00019692784461347297,0.10364545074592899,0.00019862470783137427,0.08765356897862674
TNOTEW-24JUL05-B4.27,3.0,0.05639999999999999,0.06,3.0,0.00020000000000000036,0.8835999999999999,6.15968136667402e-05,0.10540608498261929,6.269973746764833e-05,0.10133937898348438
KXAAAGASM-25DEC31-2.85,30.0,0.12040000000000001,0.86,29.0,0.00020000000000000258,0.23839999999999997,0.0009482204062789287,0.3675454715614568,0.0008092944016617223,0.30177750896225314
KXAAAGASM-25DEC31-2.85,14.0,0.2356,0.38,14.0,0.0,0.12980000000000003,0.0005195049990213404,0.3419906501966926,0.0003519686781460737,0.27292006174120703
KXAAAGASM-25DEC31-2.85,7.0,0.21,0.3,7.0,0.0,0.07680000000000001,0.00022089018718323073,0.25511097441229397,0.00011296696123375607,0.23887584976745907
KXAAAGASM-25DEC31-2.85,3.0,0.0979,0.11,3.0,0.0,0.0319,6.224706783746963e-05,0.14291068729482412,6.096033272591596e-05,0.13205073728261474
KXAPRPOTUS-26MAR13-42.6,7.0,0.09000000000000001,0.1,4.958333333333333,0.00020000000000000036,0.007,0.00013640979151520992,0.14498501512651002,0.00011106155704214329,0.14726216622059696
KXAPRPOTUS-26MAR13-42.6,3.0,0.1056,0.12,3.0,0.00010000000000000018,0.0061,9.837005917065496e-05,0.1488012810195776,9.799026056779061e-05,0.13387641509118084
KXTOPMODEL-26FEB28-ERNI,30.0,0.0475,0.05,26.0,0.00017500000000000003,0.002125,0.0008638866514299807,0.18616668861694977,0.0008123718082177428,0.16280475455098775
KXCOPPERW-26AUG2817-T6.60,7.0,0.194775,0.265,6.0,2.499999999999949e-05,0.42779999999999996,0.00019397132153344706,0.28740570801631,0.00011975213634049266,0.22244913471911495
KXCOPPERW-26AUG2817-T6.60,3.0,0.24840000000000004,0.46,3.0,0.0,0.40059999999999996,6.875129612511597e-05,0.28178062944551563,3.560613047614589e-05,0.24911787925599463
KXNBADRAFT3-25-AB,14.0,0.24910000000000002,0.47000000000000003,12.0,0.0003999999999999996,0.10475000000000002,0.00042911509891714383,0.336491120834325,0.00027008860912739835,0.3001912034011898
KXNBADRAFT3-25-AB,7.0,0.1275,0.15,7.0,0.0003999999999999996,0.07550000000000001,0.00023530782068075036,0.21249599480538414,0.00018494188436702928,0.18141992083983546
KXNBADRAFT3-25-AB,3.0,0.1131,0.13,3.0,0.0003999999999999996,0.0261,9.287837728288645e-05,0.15585605175831355,6.276800470143583e-05,0.1396246845349839
KXBRENTW-26MAY0117-T115.99,7.0,0.07777500000000001,0.085,6.0,0.00039999999999999986,0.19962500000000002,0.0001461617363999991,0.13899226098898576,0.00014739989400695632,0.14762004872290568
KXBRENTW-26MAY0117-T115.99,3.0,0.05639999999999999,0.06,3.0,0.00039999999999999986,0.19900000000000004,6.255788966006315e-05,0.0895593167067794,5.374232566575373e-05,0.08617466083940847
KXUSOMENSINGLES-25-JS,30.0,0.2484,0.45999999999999996,30.0,0.001199999999999998,0.3138,0.0011041667205054404,0.3802446741706636,0.0008720246840972382,0.3338596369695452
KXUSOMENSINGLES-25-JS,14.0,0.24909999999999996,0.4699999999999999,14.0,0.00039999999999999964,0.30290000000000006,0.0005610042885732247,0.34487286798088507,0.00028507579984057016,0.28876014291386093
KXUSOMENSINGLES-25-JS,7.0,0.2496,0.48,7.0,0.00010000000000000018,0.30110000000000003,0.00021624567641299262,0.28117172718844535,0.000137469770082873,0.2853733223563552
KXUSOMENSINGLES-25-JS,3.0,0.2419,0.59,3.0,0.00010000000000000018,0.2942,8.976928782665829e-05,0.27547084537897315,4.332165052728664e-05,0.254919788098927
KXWNBADRAFT1-26-1-OMIL,3.0,0.09000000000000001,0.1,3.0,0.00039999999999999986,0.005,5.1764912256013136e-05,0.11893619212595491,5.7658482247499606e-05,0.12355446339375639
KXNETFLIXRANKSHOW-25AUG25-AME,7.0,0.2331,0.37,5.0,2.5e-05,0.098625,0.00015544983715918529,0.28705842202763376,8.561835985833887e-05,0.24637614004308944
KXBRENTMON-26AUG3117-T90.99,30.0,0.2499,0.49,29.0,0.0010999999999999994,0.6174999999999999,0.0010917733392610332,0.4057156433453726,0.0008108678948742424,0.3240123469066155
KXBRENTMON-26AUG3117-T90.99,14.0,0.21389999999999998,0.31,14.0,0.000799999999999999,0.46029999999999993,0.0005480772056590232,0.31209833361994727,0.00030743976227636384,0.27834033337210107
KXBRENTMON-26AUG3117-T90.99,7.0,0.2499,0.49,7.0,0.00040000000000000045,0.41089999999999993,0.0002076549766174636,0.3165761511239617,0.00011958487879330307,0.2701222460805823
KXBRENTMON-26AUG3117-T90.99,3.0,0.1411,0.17,3.0,9.99999999999999e-05,0.30199999999999994,8.478471420757812e-05,0.19902991853505242,5.1614097837160524e-05,0.17186697559812764
KXBRENTMON-26JUN3017-T108.99,30.0,0.17709999999999998,0.22999999999999998,28.0,0.0007749999999999992,0.163875,0.0010937205958227484,0.3482266895520583,0.0008682658826652459,0.2794354508009251
KXAACREG-26-TLSA,30.0,0.1875,0.75,30.0,0.0014,0.5391000000000002,0.0011473413891566803,0.40281330692681794,0.0008898765329853465,0.33322365585524344
KXAAAGASW-26JUN29-3.820,7.0,0.1056,0.88,5.0,0.0004999999999999964,0.0076999999999999985,0.00017002004296106814,0.21479508795439614,0.00013250877299680956,0.15801686313760072
KXXRPMAXMON-XRP-26AUG31-210,14.0,0.0475,0.05,10.0,0.0008999999999999992,0.05394999999999998,0.00030899476219309953,0.10428497234090876,0.00031027323498235076,0.1169420686557989
KXXRPMAXMON-XRP-26AUG31-210,7.0,0.0651,0.07,7.0,0.0008999999999999992,0.0023500000000000005,0.00020970262337680415,0.1219901728627936,0.00017263441659337602,0.13186768614046396
KXXRPMAXMON-XRP-26AUG31-210,3.0,0.0475,0.05,3.0,0.0,0.0014500000000000001,4.9656496756996744e-05,0.08440677374908793,7.84131147622109e-05,0.07094409835385776
KXOSCARNOMACTO-26-JOE,30.0,0.1716,0.22,30.0,0.0018999999999999985,0.024500000000000004,0.00113816441629685,0.3763971937697779,0.0009650246785924374,0.2689631405706621
KXOSCARNOMACTO-26-JOE,14.0,0.1275,0.15,14.0,0.0007999999999999992,0.015700000000000006,0.0005634971074147937,0.23147987112687082,0.00044427711452240586,0.1905380063601684
KXOSCARNOMACTO-26-JOE,7.0,0.1131,0.13,7.0,0.0005999999999999994,0.014900000000000004,0.00023222697348248528,0.16058199136393608,0.0001893774072208613,0.17288643440369206
KXOSCARNOMACTO-26-JOE,3.0,0.12040000000000001,0.14,3.0,0.00010000000000000018,0.014900000000000004,9.718776444872217e-05,0.15356351820379682,8.35646342955885e-05,0.1342739653214359
KXAAAGASW-26APR13-4.180,7.0,0.12040000000000001,0.86,5.0,0.0001,0.39590000000000003,0.00018147921552072886,0.23997459425994724,0.00012979122312912336,0.1888542040678884
KXAAAGASW-26APR13-4.180,3.0,0.1411,0.17,3.0,0.0001,0.017400000000000002,8.353167608814116e-05,0.20051954608191644,4.6963585996486664e-05,0.17288311705720602
KXNASDAQ100Y-25DEC31-T24500,30.0,0.15999999999999998,0.8,30.0,0.0018499999999999723,0.1596000000000002,0.0010701219645366628,0.3968137482569932,0.0008579891691242517,0.30891107463979806
KXNASDAQ100Y-25DEC31-T24500,14.0,0.1538999999999999,0.8100000000000002,14.0,0.0013499999999999825,0.1154000000000001,0.000511478792364875,0.2981506618584089,0.00032935162527080537,0.2512541380922159
KXNASDAQ100Y-25DEC31-T24500,3.0,0.04750000000000004,0.95,3.0,0.0003999999999999963,0.0024999999999999957,9.303330332054358e-05,0.10376409081192918,9.23039941110083e-05,0.08831851212634824
KXALBUMEQUIV-LOS26AUG20-100K,30.0,0.1275,0.15,30.0,0.0010999999999999996,1.0202499999999999,0.0011767812733875773,0.327765704338799,0.0009664369747689999,0.25731961346698023
KXALBUMEQUIV-LOS26AUG20-100K,14.0,0.1275,0.15000000000000002,14.0,0.0006249999999999995,0.22902499999999998,0.0004749211422244137,0.24749686991947567,0.00044181481577068875,0.18926038148662083
KXALBUMEQUIV-LOS26AUG20-100K,7.0,0.24750000000000003,0.45,7.0,0.00012500000000000022,0.16252499999999998,0.00023259348063879963,0.324930892552442,0.00013240808697666717,0.2569647238750422
KXCRITICSPIC-26-SIN,30.0,0.1131,0.13,27.0,0.0008999999999999998,0.078,0.0009740953451702944,0.29001247505521355,0.0008943842139440604,0.24579412273572562
KXCRITICSPIC-26-SIN,14.0,0.1344,0.16,14.0,0.00040000000000000013,0.0378,0.0005019460489060841,0.2726577243859331,0.00039472253102257625,0.22528771593555105
KXCRITICSPIC-26-SIN,7.0,0.0819,0.09,7.0,9.99999999999999e-05,0.030000000000000002,0.0001929474369182163,0.1341427397702878,0.00016396035851977547,0.12297947098366738
KXCRITICSPIC-26-SIN,3.0,0.0979,0.11,3.0,9.99999999999999e-05,0.0242,5.9491098581689256e-05,0.1362936016147129,4.536762234721338e-05,0.12030501445612878
KXLAXTEWAARATON-26-SLYG,14.0,0.12040000000000001,0.14,14.0,0.0,2.1736999999999997,0.0005100198218908214,0.2436340195726674,0.0004243528772852952,0.19671308908409735
KXU3-26AUG-T3.9,30.0,0.08597499999999998,0.905,30.0,0.00189999999999999,0.02402499999999999,0.0009624928771747105,0.38103143960382924,0.0008111351482109916,0.3279642799665459
KXU3-26AUG-T3.9,14.0,0.09789999999999999,0.89,14.0,0.0004000000000000007,0.012100000000000005,0.00042175087622356146,0.2594027128192112,0.0003562127271870306,0.23607674159271475
KXU3-26AUG-T3.9,7.0,0.08999999999999998,0.9,7.0,0.0,0.010800000000000002,0.00026693603513140213,0.21462477791515325,0.00019541497208887108,0.17301213008506267
KXU3-26AUG-T3.9,3.0,0.05640000000000005,0.94,3.0,0.0,0.002800000000000005,0.00011593305844550522,0.1228247695864253,9.509641174711585e-05,0.11884275758919774
KXPAYROLLS-26JUL-T125000,30.0,0.24190000000000003,0.41,30.0,0.0017999999999999971,0.05089999999999999,0.0011392377769417472,0.4002456717680014,0.0009023303498395892,0.32800688622734436
KXPAYROLLS-26JUL-T125000,14.0,0.179775,0.235,14.0,0.0008249999999999995,0.025,0.000520872726258609,0.2783993946588881,0.0003911406988547752,0.24166371800508885
KXPAYROLLS-26JUL-T125000,7.0,0.1875,0.25,7.0,0.00030000000000000003,0.025,0.00025393900170428646,0.26787763356150746,0.00014760641174275298,0.23935700008707322
KXPAYROLLS-26JUL-T125000,3.0,0.1771,0.23,3.0,0.00010000000000000018,0.025,9.686557848801727e-05,0.23273838525460083,5.48347764589706e-05,0.1997245344271828
KXGRAMMYNOMSOTY-68-SUB,30.0,0.19240000000000002,0.26,30.04166666666667,0.000699999999999999,0.1813,0.0012098181134766266,0.37461903892718146,0.0009673541916657299,0.2793447456601599
KXGRAMMYNOMSOTY-68-SUB,14.0,0.2379,0.39,14.041666666666671,0.000699999999999999,0.15239999999999998,0.0005334837503833737,0.3190753363675892,0.00036430005072018783,0.2902410914967911
KXGRAMMYNOMSOTY-68-SUB,7.0,0.2211,0.33,7.041666666666671,0.0005999999999999989,0.1415,0.00024552735459455315,0.3018543833459199,0.0001412491147962831,0.25610613569145807
KXGRAMMYNOMSOTY-68-SUB,3.0,0.22749999999999998,0.35,3.000000000000007,0.0,0.1415,0.00010448171643212179,0.2539975915789695,8.151104755439068e-05,0.24863133974211699
KXAPRPOTUS-26MAY22-40.0,7.0,0.1875,0.25,6.0,0.0,0.12010000000000001,0.0001972146988160306,0.22267437891682285,0.00012109040499289893,0.2223835812470937
KXAPRPOTUS-26MAY22-40.0,3.0,0.1476,0.18,3.0,0.0,0.09559999999999999,9.329031701844734e-05,0.21750046353633729,6.877944801871998e-05,0.17575028998921127
KXALBUMEQUIV-YOU26JUN18-460K,7.0,0.19240000000000002,0.74,5.0,9.999999999999796e-05,0.0869,0.00016116227646735,0.2814755119735597,0.00010474489430036843,0.223213312574941
KXALBUMEQUIV-YOU26JUN18-460K,3.0,0.12040000000000001,0.86,3.0,9.999999999999796e-05,0.007500000000000004,0.00011309327409566164,0.200356781623344,6.186239445817027e-05,0.16865062560451258
KXYTVIEWSHIGH-MIC26SEP-22.5M,30.0,0.2304,0.36,30.0,0.0012500000000000007,0.968,0.0011238150581648974,0.40025177783116106,0.0008691324786592185,0.34506414329444157
KXYTVIEWSHIGH-MIC26SEP-22.5M,14.0,0.12040000000000001,0.14,14.0,0.0002750000000000005,0.908925,0.00048498094726665735,0.2177604444500532,0.00040259914755178526,0.21791774620401794
KXYTVIEWSHIGH-MIC26SEP-22.5M,7.0,0.060775,0.065,7.0,0.0,0.904025,0.0002201873616409793,0.12796086767944626,0.00022205229177134415,0.10229928814012737
KXUSOPEN-25-APAV,14.0,0.24997500000000003,0.49499999999999994,12.0,2.5e-05,0.7302,0.00045107446039354006,0.3243794093861255,0.0002577914811438171,0.296752785993677
CPI-23FEB-T0.4,30.0,0.22597499999999998,0.345,31.95833333333333,0.0010499999999999984,0.2112250000000001,0.0012320323211554868,0.37542444845645484,0.0009460557774527422,0.3077517861476351
CPI-23FEB-T0.4,14.0,0.24189999999999998,0.4099999999999999,13.958333333333329,0.0007249999999999968,0.11292500000000001,0.000520467208427608,0.37698098496911625,0.0003283556573876439,0.30184100485686255
CPI-23FEB-T0.4,7.0,0.2331,0.37,6.958333333333329,0.0,0.11190000000000001,0.00020663478978357033,0.29299623260883595,0.0001451300375169957,0.26125401238014534
CPI-23FEB-T0.4,3.0,0.2244,0.34,2.9583333333333286,0.0,0.1102,7.949944971027474e-05,0.2691415126644132,4.99490922393162e-05,0.2385297360677715
KXAPRPOTUS-26FEB06-42.1,7.0,0.12040000000000001,0.14,6.0,0.0006,0.0202,0.00018266440417089868,0.2004560949090287,0.00017776359576848028,0.17761107651197947
KXAPRPOTUS-26FEB06-42.1,3.0,0.1344,0.16,3.0,0.0,0.0202,8.307713089126613e-05,0.22260208140813653,6.187936118311042e-05,0.16977481348275397
KXSOLMAXMON-SOL-26MAR31-9500,14.0,0.2499,0.51,13.958333333333334,0.00010000000000000018,0.20600000000000002,0.0005354919347128864,0.33844155861277675,0.0003360977691479844,0.3096057135294904
KXSOLMAXMON-SOL-26MAR31-9500,7.0,0.24640000000000004,0.44,6.958333333333334,0.00010000000000000018,0.1309,0.00020858649294749153,0.32443068355145566,0.00013087547920591746,0.2607359319590678
KXSOLMAXMON-SOL-26MAR31-9500,3.0,0.2211,0.67,3.0,0.0,0.10549999999999998,8.502234209856112e-05,0.2774784859077755,4.0929274370810916e-05,0.24782532734507437
KXMARMADROUND-26E8-IOWA,30.0,0.08597500000000001,0.095,29.958333333333336,0.0014749999999999958,0.39515000000000006,0.0009719259186093309,0.2687128137086657,0.000883476111189695,0.22423656765793423
KXMARMADROUND-26E8-IOWA,14.0,0.05639999999999999,0.06,14.0,0.0005999999999999969,0.3874000000000001,0.0004304337069315145,0.17769721740805905,0.00035832443321730326,0.1602282733490462
KXMARMADROUND-26E8-IOWA,7.0,0.05639999999999999,0.06,7.0,0.00039999999999999715,0.38580000000000003,0.0001766052259091952,0.14635464804210443,0.00019165089466633857,0.12152976705069321
KXMARMADROUND-26E8-IOWA,3.0,0.24,0.4,3.0,0.00019999999999999703,0.28340000000000004,8.513828812405262e-05,0.26485689837777165,4.5824028090218696e-05,0.2545380729310851
KXJOBLESSCLAIMS-26FEB05-220000,7.0,0.12040000000000001,0.14,6.0,0.00032499999999999917,0.298925,0.000218508162066765,0.16759645009147625,0.0001483357293094187,0.17114490206756142
KXJOBLESSCLAIMS-26FEB05-220000,3.0,0.1411,0.17,3.0,0.0,0.2983,8.463098879614852e-05,0.21359646029419313,6.339647085189179e-05,0.18963381962230852
KXCPIYOY-26MAY-T4.1,30.0,0.24639999999999998,0.43999999999999995,30.0,0.001824999999999989,0.12052500000000002,0.0011873828479552406,0.4096884192864628,0.0008471178528235544,0.3188842766967675
KXCPIYOY-26MAY-T4.1,14.0,0.04750000000000004,0.95,14.0,0.0003999999999999963,0.02909999999999998,0.00045389500636276904,0.20595696611724057,0.00038055119184136535,0.19648773489690513
KXCPIYOY-26MAY-T4.1,7.0,0.08189999999999997,0.91,7.0,0.0001000000000000024,0.011999999999999992,0.00021857840183974446,0.22012174337032775,0.00020641900993645173,0.14878850587070905
KXCPIYOY-26MAY-T4.1,3.0,0.0899999999999999,0.9000000000000001,3.0,0.0,0.009999999999999974,0.00011319729088071842,0.16408737338636553,8.672494917409721e-05,0.1384214723107516
KXTOPALBUM-26AUG08-YOU,14.0,0.24750000000000003,0.45,10.0,2.5000000000000045e-05,0.9905250000000001,0.0003343041075184235,0.31166231163393365,0.00020908215684732492,0.29067868105798644
KXTOPALBUM-26AUG08-YOU,7.0,0.24797499999999997,0.455,8.0,0.0,0.9905250000000001,0.0002740952582396543,0.30008650086503524,0.00014857201811320625,0.27461935843994173
KXTOPALBUM-26AUG08-YOU,3.0,0.1056,0.12,3.0,0.0,0.911,0.00010941186352528764,0.1343369252305516,9.514721485626874e-05,0.13334563405404887
CPI-23SEP-T-0.1,30.0,0.24999999999999997,0.49999999999999994,29.0,0.0012749999999999903,0.6182249999999999,0.0011365793827891877,0.4092578061681631,0.0008341492856386884,0.3339533853062335
CPI-23SEP-T-0.1,14.0,0.249975,0.505,14.0,0.0007749999999999936,0.14765,0.0004985394402900749,0.3736370232466386,0.00031006349245983915,0.29313375089745075
KXMAKEMARMAD-26-MISS,3.0,0.05639999999999999,0.06,3.0,0.0,0.011000000000000001,5.9728601329885925e-05,0.10198058439703026,7.812338478822485e-05,0.08798611487277544
KXRTX5090MS-26JUL-0.500,30.0,0.21000000000000002,0.7,30.0,0.0008500000000000015,0.20865000000000006,0.0011340643757150888,0.4389920601494216,0.000860699937071345,0.3292670913485729
KXRTX5090MS-26JUL-0.500,14.0,0.2244,0.66,14.0,0.0004250000000000008,0.114325,0.00048493812895456455,0.3309190315356947,0.00032533736644677264,0.2830615074737492
KXRTX5090MS-26JUL-0.500,7.0,0.2491,0.47,7.0,0.00010000000000000018,0.07980000000000001,0.00024728864303314943,0.3124258996924322,0.00012440207376593807,0.2881895803561101
KXRTX5090MS-26JUL-0.500,3.0,0.1476,0.18,3.0,0.0,0.032600000000000004,9.137359668027703e-05,0.20829753295492506,5.8076246068717185e-05,0.17375215716167675
KXPERFORMSUPERBOWLB-26-GRA,30.0,0.1476,0.18,29.999999999999986,0.0005999999999999994,0.14045000000000002,0.001151879104727625,0.3148067890221913,0.0010006610805379937,0.2719807641274217
KXPERFORMSUPERBOWLB-26-GRA,14.0,0.1824,0.24,13.999999999999986,0.0005999999999999994,0.10569999999999999,0.0005212348383720409,0.28821282162851103,0.0003754151811110652,0.2497075092723168
KXPERFORMSUPERBOWLB-26-GRA,7.0,0.1539,0.19,6.999999999999986,0.0005999999999999994,0.08969999999999999,0.0002642273978071627,0.23067794921765322,0.00019960803055608483,0.19715070807033824
KXPERFORMSUPERBOWLB-26-GRA,3.0,0.1411,0.17,3.0,0.0003999999999999996,0.08929999999999999,9.33536046761681e-05,0.2148587937151283,6.485949240678963e-05,0.1709912096078029
CPI-22APR-T0.2,30.0,0.0899999999999999,0.9000000000000001,23.0,0.0010999999999999933,0.2479,0.0007582738746059628,0.323305822456173,0.0006124876258791703,0.26814583411944076
CPI-22APR-T0.2,14.0,0.12040000000000001,0.86,14.0,0.00030000000000000057,0.23289999999999994,0.0004286103268171667,0.25812720612887785,0.00035660300130045344,0.20411841195655023
CPI-22APR-T0.2,7.0,0.17709999999999998,0.77,7.0,0.00020000000000000036,0.22709999999999997,0.0002566779641438673,0.2769788984948467,0.00016281674967036524,0.24239351713154783
CPI-22APR-T0.2,3.0,0.20590000000000003,0.71,3.0,0.0,0.1915,8.889289371476471e-05,0.2669380425812817,5.14643786560827e-05,0.2192155440259781
KXNETFLIXRANKSHOW-26JUN01-THE,7.0,0.12749999999999995,0.8500000000000001,5.0,0.0,0.19490000000000005,0.00016839549991007563,0.19785497644706296,0.00014718447606253474,0.16703387724774493
KXNETFLIXRANKSHOW-26JUN01-THE,3.0,0.06509999999999996,0.93,3.0,0.0,0.17550000000000004,0.00011972749821514289,0.17591599936197366,9.07261446914615e-05,0.10331974634244027
KXWTIW-26JUN1914-T91.99,7.0,0.09000000000000001,0.1,5.0,0.00020000000000000004,0.0018000000000000002,0.00012645543342090586,0.16363182785124877,0.00011387039340155846,0.1213612783925006
KXWTIW-26JUN1914-T91.99,3.0,0.0475,0.05,3.0,0.00020000000000000004,0.0005,6.919408314655931e-05,0.09195584033603055,5.691685032652108e-05,0.08918419898676283
KXMARMADROUND-26E8-MICH,30.0,0.15999999999999998,0.8,29.958333333333336,0.0012249999999999956,0.08482500000000007,0.0010863190267573033,0.3689894987023669,0.0008460601751062455,0.2917474570828151
KXMARMADROUND-26E8-MICH,14.0,0.17159999999999997,0.78,14.0,0.0006999999999999946,0.06430000000000007,0.0004906100662492293,0.2942271045897203,0.00038154261638087035,0.2511446875768226
KXMARMADROUND-26E8-MICH,7.0,0.1971,0.73,7.0,0.0005999999999999944,0.047299999999999995,0.00023327084214415483,0.3040176994595636,0.00016754515310328004,0.2425731051690076
KXMARMADROUND-26E8-MICH,3.0,0.13440000000000002,0.84,3.0,0.0001000000000000024,0.04089999999999997,9.655681507617824e-05,0.1976786402014459,7.135637782994085e-05,0.16724341713137975
KXAAAGASW-26JUL27-4.200,7.0,0.0819,0.09,5.0,0.0001,0.010999999999999998,0.00011044574284254277,0.13059246945552178,0.00010245141516971166,0.14075411303122398
KXAAAGASW-26JUL27-4.200,3.0,0.1056,0.12,3.0,0.0001,0.010099999999999998,9.952472742508656e-05,0.14079278192331565,8.103558925378994e-05,0.1340618203895583
KXNETFLIXRANKSHOW-26AUG24-TIR,7.0,0.1716,0.22,5.0,0.0009999999999999998,0.026000000000000002,0.00016288305845941548,0.24904787648495244,0.0001221303526788999,0.2177062702628183
KXNASDAQ100Y-25DEC31-B23250,14.0,0.0475,0.05,14.0,0.0006000000000000002,0.00515,0.0004260121031214574,0.13999885855953964,0.00039067899984107944,0.16055148158811797
KXTOPMODEL-26JUL20-CLAU,7.0,0.05639999999999999,0.06,6.0,0.0005999999999999998,0.0008000000000000001,0.0001728596687877306,0.1257150477099664,0.0001651191329318455,0.11609630144221426
KXH100MAX-26DEC31-2.480,14.0,0.219375,0.675,14.0,0.0003750000000000018,0.79075,0.0004912582843625507,0.32370984338677206,0.0003276007122518483,0.2846452490665897
KXH100MAX-26DEC31-2.480,7.0,0.24937499999999999,0.525,7.0,0.00015000000000000137,0.250625,0.00024092060048952447,0.3068091237477001,0.00013840890641993314,0.26765879839807183
KXH100MAX-26DEC31-2.480,3.0,0.2496,0.52,3.0,0.00012500000000000133,0.250625,7.11505138413503e-05,0.2802517167003407,3.166504005369369e-05,0.2530198187755736
CPI-24MAR-T0.1,30.0,0.24640000000000004,0.44,30.958333333333336,0.0009999999999999963,0.21664999999999995,0.0011878570159601506,0.4164180753207644,0.000879612677755564,0.339192823663938
CPI-24MAR-T0.1,14.0,0.06937500000000006,0.9249999999999999,14.0,0.0006749999999999935,0.002200000000000004,0.0004141338549098875,0.21391944258044654,0.00032482340461910506,0.19715361592573927
CPI-24MAR-T0.1,7.0,0.060774999999999954,0.935,7.0,0.00022499999999999707,0.0013000000000000023,0.00022519797058669452,0.16809695874924013,0.00021940675662800329,0.14825901973304587
KXMLBNL-25-CIN,3.0,0.0475,0.05,3.0,0.0001,0.491,5.764052695768948e-05,0.09869420365123326,5.973414282444954e-05,0.07087496995008066
KXGRAMSOTY-68-ABR,30.0,0.0475,0.05,30.0,0.0017000000000000003,0.004200000000000001,0.0010352264069718653,0.24932085747161936,0.0009232646479546543,0.18446223598730846
KXGRAMSOTY-68-ABR,14.0,0.0475,0.05,14.0,0.0005000000000000003,0.004200000000000001,0.00043948292976628696,0.14914900597452316,0.00040188149301541466,0.14721794547639633
KXGRAMSOTY-68-ABR,7.0,0.0651,0.07,7.0,0.00010000000000000018,0.004200000000000001,0.00018168146220886927,0.17536469617080322,0.00019533541807117367,0.11221579539186126
KXGRAMSOTY-68-ABR,3.0,0.0736,0.08,3.0,0.0,0.0038000000000000004,5.648973031736252e-05,0.10176828689996306,5.844396783931871e-05,0.1091588943264716
KXLIGAMX-26CLA-PAC,30.0,0.0979,0.11,30.000000000000014,0.0011999999999999997,0.4867,0.0010763125674898518,0.2850830314157993,0.0009521234266575487,0.23614739199792079
KXLIGAMX-26CLA-PAC,7.0,0.17709999999999998,0.22999999999999998,7.000000000000014,0.0003999999999999996,0.1353,0.00026817878579159156,0.26475415154741155,0.00016732818593103132,0.22673759774032118
KXLIGAMX-26CLA-PAC,3.0,0.22749999999999998,0.35,3.000000000000014,0.0,0.11870000000000001,0.0001113356395692263,0.2739818677929602,5.685153535385634e-05,0.2551175701018552
KXAPRPOTUS-26MAY15-40.0,7.0,0.0736,0.08,6.0,0.0,0.0638,0.00015017624184375598,0.12490597420815178,0.00014108632236521613,0.11365359834579415
KXAPRPOTUS-26MAY15-40.0,3.0,0.12040000000000001,0.14,3.0,0.0,0.061799999999999994,8.986202589492307e-05,0.13580765903400216,0.00010132510723245367,0.13336727332670592
KXNBA2KCOVER-27-JAL,30.0,0.1659,0.21,30.0,0.0008,0.045700000000000005,0.001150116676460288,0.3146824874485209,0.000993956756564243,0.2737697339785858
KXNBA2KCOVER-27-JAL,14.0,0.1411,0.17,14.0,0.0002000000000000001,0.016100000000000007,0.0005273261262577486,0.25504618986540933,0.00039586264086501413,0.2027978731038547
KXNBA2KCOVER-27-JAL,7.0,0.0819,0.09,7.0,0.0,0.008700000000000001,0.00018322002600692927,0.15190223095675567,0.00017751581197990898,0.14140681155577886
KXNBA2KCOVER-27-JAL,3.0,0.12040000000000001,0.14,3.0,0.0,0.006600000000000001,9.744700343004428e-05,0.14662493990973402,9.488784702449911e-05,0.16072826783995126
KXBTCMINMON-BTC-26MAR31-6250000,30.0,0.2139,0.69,28.958333333333332,0.00030000000000000057,0.24720000000000006,0.0010957755492838422,0.4028615862707063,0.0007415123368655656,0.32210522788613993
KXBTCMINMON-BTC-26MAR31-6250000,14.0,0.1275,0.15,13.999999999999998,0.00010000000000000018,0.0792,0.00046603272947221415,0.26630913019204916,0.0003900396237025296,0.1958389509441387
KXBTCMINMON-BTC-26MAR31-6250000,7.0,0.1539,0.19,7.0,0.0,0.05150000000000002,0.00023107130738882531,0.24752804269755502,0.000201410582076885,0.19264785756140929
KXBTCMINMON-BTC-26MAR31-6250000,3.0,0.2016,0.28,3.0,0.0,0.033800000000000004,7.383607712357986e-05,0.2545892972972539,6.882795797112102e-05,0.21458412929104928
KXPERFORMSUPERBOWLB-26-LIL,14.0,0.05639999999999999,0.06,14.0,0.0004250000000000003,0.013225,0.00043874173297572203,0.15203643842599054,0.00038956283159533825,0.12357065459527337
KXPERFORMSUPERBOWLB-26-LIL,3.0,0.0475,0.05,3.0,0.00010000000000000018,0.0022,6.73409929756541e-05,0.10037040825267848,6.997347208679303e-05,0.08612943905032358
KXRANKLISTSONGSPOTUSA-26JUL01-MAL,30.0,0.0819,0.09,30.0,0.0014999999999999992,1.01795,0.0009943124440246864,0.293845814024086,0.0009049597276359247,0.21517995723816138
KXRANKLISTSONGSPOTUSA-26JUL01-MAL,7.0,0.05639999999999999,0.06,7.0,0.0002999999999999999,0.9531,0.00017972839049062577,0.11606613907601812,0.00018894942376194052,0.1267379772624327
KXNFLDRAFTTOP-26-5-RBAI,30.0,0.17709999999999998,0.22999999999999998,29.999999999999993,0.0008000000000000003,0.3065500000000001,0.0011841919543372353,0.37044523359208414,0.0010043887957245094,0.2718954521647828
KXNFLDRAFTTOP-26-5-RBAI,14.0,0.1476,0.18,14.0,0.0006,0.067,0.0004939526658587993,0.29697752463836197,0.00040720245117304197,0.21813961255809566
KXNFLDRAFTTOP-26-5-RBAI,7.0,0.1411,0.17,7.0,0.0004999999999999998,0.04100000000000001,0.00025764606528774,0.21774219873231299,0.00018231398783730355,0.18506540270272295
KXNFLDRAFTTOP-26-5-RBAI,3.0,0.05639999999999999,0.06,3.0,0.00010000000000000018,0.016100000000000003,7.044302811484552e-05,0.08827022410907973,6.020837527007416e-05,0.10657879641395596
KXRANKLISTSONGSPOTUSA-26JUN01-TAY,30.0,0.2475,0.55,30.0,0.0017999999999999965,0.24269999999999997,0.0010915116445089563,0.38573564142000594,0.0008387164395995561,0.3244301775948758
KXRANKLISTSONGSPOTUSA-26JUN01-TAY,14.0,0.1476,0.18,14.0,0.0008999999999999992,0.008899999999999998,0.0005139511522050831,0.2655941868421979,0.000362875556579293,0.2274328603983101
KXRANKLISTSONGSPOTUSA-26JUN01-TAY,7.0,0.0736,0.08,7.0,0.0001,0.0020999999999999994,0.00018487752529051306,0.14145231701520466,0.0001679113972139764,0.14022628300490317
KXTRUMPMEET-26JAN-EMAC,30.0,0.2499,0.51,28.0,0.00020000000000000258,0.5036500000000003,0.0010639120878306691,0.4094001265175067,0.000772866912865898,0.3179516815899755
KXTRUMPMEET-26JAN-EMAC,14.0,0.08189999999999997,0.91,14.0,0.0,0.28410000000000013,0.00042298467951947964,0.2305387973947294,0.0003435577121060405,0.21722069985894318
KXTRUMPMEET-26JAN-EMAC,7.0,0.22749999999999998,0.65,7.0,0.0,0.16169999999999995,0.00021432668327485977,0.3013859047166684,0.0001337453774740617,0.2513174685435857
KXTRUMPMEET-26JAN-EMAC,3.0,0.2331,0.37,3.0,0.0,0.1047,7.865098246463952e-05,0.26774236603161516,3.941593820623608e-05,0.24299178671119584
KXBTCMAXMON-BTC-26JAN31-105000,30.0,0.1716,0.22,24.0,0.002099999999999999,0.042899999999999994,0.0008877347244733807,0.3219508094285198,0.0007301232103161296,0.2504732547900736
KXBTCMAXMON-BTC-26JAN31-105000,14.0,0.1131,0.13,14.0,0.0007999999999999997,0.0087,0.0005306764821345061,0.2539707912820337,0.00042114396857407225,0.1928169826949899
KXGGDRAMAFILM-25-C,30.0,0.22749999999999998,0.35000000000000003,30.0,0.0014749999999999971,0.09012500000000001,0.001131688069664427,0.36894278466683644,0.0009188749811115443,0.3026527924526312
KXGGDRAMAFILM-25-C,14.0,0.1971,0.27,14.0,0.0004999999999999998,0.07980000000000001,0.0005072439797797943,0.29029358109029174,0.00034434078917123677,0.26516993943577083
KXGGDRAMAFILM-25-C,7.0,0.16590000000000002,0.21000000000000002,5.0,0.0,0.07550000000000001,0.0001537973171377872,0.23974508580087872,0.00010206990538321992,0.1875929115226512
KXGGDRAMAFILM-25-C,3.0,0.1824,0.24,3.0,0.0,0.07460000000000001,8.171351955831329e-05,0.2238616090494993,6.445881332931094e-05,0.21004873371842592
KXMARMADROUND-26RO32-TNST,7.0,0.25,0.5,5.0,0.00012500000000000003,0.21872499999999997,0.00016902879624870832,0.2740028586690211,8.814288408514455e-05,0.27164335745748985
TNOTEW-24MAY03-B4.74,7.0,0.060775,0.065,6.0,0.00042499999999999965,0.0083,0.00016557327591411558,0.09097587733235528,0.0001428960959814097,0.12289191498554365
TNOTEW-24MAY03-B4.74,3.0,0.0819,0.09,4.0,0.0,0.0083,8.777429920828321e-05,0.1401733657015529,8.553544105879028e-05,0.12311014345234715
KXAAAGASW-25JUL28-3.140,7.0,0.1971,0.27,5.0,0.0001000000000000024,0.225,0.00016589019410443294,0.27669407188326134,0.00011582775018025029,0.21082566367362574
KXAAAGASW-25JUL28-3.140,3.0,0.2451,0.43,3.0,0.0001000000000000024,0.173,8.405261383747688e-05,0.270350441452904,3.801510714807651e-05,0.2634106943118473
KXSPOTIFY3BILLION-25DEC31-GOPL,30.0,0.0819,0.09,30.0,0.0015999999999999996,0.0024999999999999996,0.001049921410987219,0.23379515324828737,0.0009305149977388303,0.23126667902100387
KXWHVISIT-27-GWHI,30.0,0.24639999999999998,0.43999999999999995,29.95833333333333,0.0016499999999999913,0.16645000000000013,0.0011748022369069454,0.37780356138429627,0.0008085069425132757,0.3160697579802325
KXWHVISIT-27-GWHI,14.0,0.06509999999999996,0.93,14.0,0.0006249999999999956,0.03562500000000009,0.00041137411414823925,0.26452721461710593,0.00036397206177558953,0.1779033718283872
KXWHVISIT-27-GWHI,7.0,0.07360000000000005,0.9199999999999999,7.0,2.5000000000001153e-05,0.004925000000000019,0.0002550894747489808,0.20358584124315066,0.00020269242987735797,0.14159705097358075
KXWHVISIT-27-GWHI,3.0,0.051974999999999945,0.9450000000000001,3.0,0.0,0.004025000000000004,0.00010694865078780817,0.15062866766680263,0.00010625917248338364,0.08074978148968501
KXPERFORMSUPERBOWLB-26-ROM,30.0,0.051975,0.055,29.999999999999986,0.000975,0.05314999999999999,0.001101063230960437,0.24186201976539032,0.001021199972517787,0.21911671596851864
KXPERFORMSUPERBOWLB-26-ROM,14.0,0.0736,0.08,13.999999999999986,0.0004999999999999999,0.02495,0.00042701180420583515,0.21319781322404105,0.0003623023933099284,0.15697449322498364
KXPERFORMSUPERBOWLB-26-ROM,7.0,0.0819,0.09,6.999999999999986,0.00039999999999999996,0.0219,0.00019791641566796096,0.14829695351625644,0.0001717059503196313,0.13367308985737023
KXPERFORMSUPERBOWLB-26-ROM,3.0,0.0736,0.08,3.0,0.0002000000000000001,0.0194,4.8240588567228584e-05,0.1096632434227598,5.796671455258684e-05,0.09776312955275994
KXANIMEAOTY-25-FBJE,14.0,0.2379,0.61,12.0,0.0007999999999999882,0.6907499999999999,0.000404979187842303,0.3422216429885857,0.0002519187593694957,0.28197053851803877
KXANIMEAOTY-25-FBJE,7.0,0.1971,0.73,7.0,0.0005999999999999878,0.6872999999999999,0.00024780738396619,0.3032676133063096,0.0001408149316397189,0.25204843155186935
KXANIMEAOTY-25-FBJE,3.0,0.1538999999999999,0.8100000000000002,3.0,0.00019999999999999592,0.6724999999999999,0.00010555870165421286,0.21544629368291976,6.384213291706906e-05,0.18930758822743818
KXSPOTIFYW-26MAY07-DOO,7.0,0.093975,0.105,5.0,0.0004999999999999999,0.351825,0.00012003413550354217,0.15380836644884863,0.00011976904240687314,0.13552182392545922
HARVARD-25MAR31-48608,30.0,0.199375,0.27499999999999997,32.958333333333314,0.0011000000000000012,0.5818749999999999,0.0012965102995813364,0.3799885470680101,0.0009527554352704912,0.30039312738841617
HARVARD-25MAR31-48608,14.0,0.2499,0.51,14.0,0.0005499999999999999,0.55625,0.0004898926874775293,0.3486889532096968,0.0003085122815588823,0.29961468710625394
HARVARD-25MAR31-48608,7.0,0.244375,0.42500000000000004,7.0,2.50000000000006e-05,0.52165,0.00023175649402913873,0.3084815723172579,0.00013856867518325178,0.2758883527549919
HARVARD-25MAR31-48608,3.0,0.24,0.4,3.0,0.0,0.5074000000000001,7.687178852009959e-05,0.2727821745616025,4.047406100700313e-05,0.2557887529341321
KXBRENTW-26JUL1717-T81.99,7.0,0.093975,0.105,6.0,0.0,0.18192500000000003,0.00016508271004964323,0.1711818691571521,0.0001373928010187745,0.13025540205963357
KXBRENTW-26JUL1717-T81.99,3.0,0.22749999999999998,0.65,3.0,0.0,0.0433,9.050539856182605e-05,0.26279076039952215,3.463086743716082e-05,0.24455703827122513
KXTRUTHSOCIAL-26JUN27-B129,7.0,0.1344,0.16,6.0,0.0,0.037,0.00022208219590762627,0.20914582643334273,0.00014863048221855008,0.16314691559941827
KXALBUMEQUIV-PET26AUG06-400K,30.0,0.1659,0.21,30.0,0.002524999999999998,0.029125000000000005,0.001144425905125784,0.29187754788312015,0.0009765587846246951,0.26639003573357894
KXALBUMEQUIV-PET26AUG06-400K,14.0,0.1539,0.19,14.0,0.0010249999999999992,0.015825000000000002,0.0005089259088301879,0.2458444324972521,0.00040425826283335784,0.22764186673965342
KXALBUMEQUIV-PET26AUG06-400K,7.0,0.05639999999999999,0.06,7.0,0.000125,0.0016249999999999995,0.0002027586868654039,0.10755031978232531,0.0001960840351251377,0.09982273597748882
PAYROLLS-24JUN-T100000,30.0,0.234375,0.625,31.0,0.0014499999999999973,0.058025000000000035,0.0011775756140422794,0.38339141270135196,0.0008203519689142216,0.3346662778101351
PAYROLLS-24JUN-T100000,14.0,0.051974999999999945,0.9450000000000001,14.0,0.0004000000000000096,0.008074999999999995,0.000407164512192464,0.2204548254904558,0.0003925044559281965,0.18686487669306218
PAYROLLS-24JUN-T100000,7.0,0.0899999999999999,0.9000000000000001,7.0,0.00035000000000000504,0.005449999999999987,0.00021790621691123599,0.21371569472444846,0.0002018394549167288,0.146315658515389
PAYROLLS-24JUN-T100000,3.0,0.06510000000000005,0.9299999999999999,3.0,2.5000000000001153e-05,0.004224999999999993,0.00010206261480391756,0.14336895680581738,9.40301548937075e-05,0.11336296513921056
KXRANKLIST1SONG-26JUN27-CHO,30.0,0.056400000000000144,0.9399999999999998,28.0,0.0007,0.7526999999999998,0.000978261803539568,0.33858621998214916,0.0007332243224457771,0.2611116835798839
KXRANKLIST1SONG-26JUN27-CHO,14.0,0.2211,0.67,14.0,0.0006,0.1667,0.0004824888157376403,0.3387786888500126,0.00031266518421474036,0.2515589839247058
KXCBRATEHIKE-27-ECB,30.0,0.249975,0.505,22.0,0.00014999999999999806,0.33672499999999994,0.0008155064155929776,0.3536523416858249,0.0005883846439431457,0.3092798961536835
KXCBRATEHIKE-27-ECB,7.0,0.04750000000000004,0.95,7.0,9.999999999999796e-05,0.0042000000000000275,0.0002372005087921285,0.12318408795164199,0.00024208934477736453,0.11640003310336226
KXELONTWEETS-25MAR21-424.5,7.0,0.1716,0.22,6.0,0.00010000000000000018,1.3157,0.0001994733419962604,0.24482955824363636,0.0001253544331381169,0.22220542155823175
KXELONTWEETS-25MAR21-424.5,3.0,0.22749999999999998,0.35,3.0,0.0,1.3041,8.87311239620012e-05,0.25292879422098813,3.571187518242655e-05,0.243042303711829
KXEPSTEIN-26JAN18,7.0,0.09000000000000001,0.1,6.0,0.0004999999999999996,0.011099999999999997,0.00017166373425324155,0.1683555357392567,0.00013359349575066406,0.14244896722996406
KXEPSTEIN-26JAN18,3.0,0.1131,0.13,3.0,0.0001,0.008599999999999998,7.56624763298889e-05,0.14413182266277166,9.452843823218958e-05,0.1426023438081322
KXBRENTW-26MAY2217-T97.99,7.0,0.12040000000000001,0.86,6.0,0.0,0.05979999999999995,0.00021697028923132856,0.22001019737730498,0.00019103863059339262,0.16775004984550818
KXBRENTW-26MAY2217-T97.99,3.0,0.11310000000000009,0.8699999999999999,3.0,0.0,0.051299999999999985,8.330859363209965e-05,0.22629254348142136,7.527780981348431e-05,0.14489589024780586
KXTHEOPEN-25-JR,14.0,0.0651,0.07,14.0,0.0008500000000000004,0.0037000000000000006,0.0004752927263588876,0.1672792996207302,0.00041792902205919013,0.1489458829381882
KXTHEOPEN-25-JR,7.0,0.0651,0.07,7.0,0.0001999999999999998,0.0037000000000000006,0.00022806421083949955,0.13187595501288218,0.00017742942261746733,0.11260904844295357
KXTHEOPEN-25-JR,3.0,0.0651,0.07,3.0,0.0,0.0037000000000000006,7.553552373370945e-05,0.10570261718057533,5.801587397172147e-05,0.10888926792728514
KXRANKLISTSONGSPOTUSA-26MAR01-BAB,14.0,0.2451,0.43,14.0,0.0004499999999999983,0.0427,0.0005183526571786808,0.3370299496422968,0.0003206731916340643,0.2920548879444581
KXWNBACCUP-26-MIN,30.0,0.060775,0.065,30.0,0.0013999999999999967,0.41102500000000003,0.0010662143651268413,0.28886131850316027,0.0009132842600184779,0.1959436351490673
KXWNBACCUP-26-MIN,14.0,0.1875,0.25,14.0,0.0005999999999999966,0.39310000000000006,0.0005274725327794039,0.26455184415959304,0.000358675823847157,0.24761387751564826
KXWNBACCUP-26-MIN,7.0,0.24640000000000004,0.44,7.0,0.0,0.31360000000000005,0.0002547976791800142,0.3033419303391719,0.0001306456114997817,0.2738070799919046
KXWNBACCUP-26-MIN,3.0,0.1476,0.18,3.0,0.0,0.27180000000000004,9.878233835557606e-05,0.22993691638986213,6.826846375384544e-05,0.16920187978039092
KXNETFLIXRANKMOVIEGLOBAL-25DEC29-WAK,7.0,0.1275,0.15,5.0,0.00010000000000000018,0.2742,0.00014074946256745273,0.23288193528318743,0.0001306238861287462,0.17625153581308395
KXNETFLIXRANKMOVIEGLOBAL-25DEC29-WAK,3.0,0.2484,0.54,3.0,0.00010000000000000018,0.1981,8.26115017782306e-05,0.28177126648385803,3.378881179910146e-05,0.25405102045639927
KXCPICORE-26JAN-T0.3,30.0,0.2451,0.43,30.0,0.0012000000000000005,0.4249,0.0012148064592215142,0.41167494362425927,0.0008623817945879409,0.3130584768925955
KXCPICORE-26JAN-T0.3,14.0,0.20589999999999997,0.29,14.0,0.0007250000000000002,0.287225,0.000510017931101939,0.3274223958003685,0.00037615950714837856,0.265048067832321
KXCPICORE-26JAN-T0.3,7.0,0.24640000000000004,0.44,7.0,0.0003999999999999985,0.2334,0.00024930807026745104,0.3184373745677704,0.00010666631845234045,0.2819774901476264
KXCPICORE-26JAN-T0.3,3.0,0.2496,0.52,3.0,0.0,0.21719999999999998,6.970000675425121e-05,0.2723698583217906,2.95382301247635e-05,0.26058278183051864
KX538APPROVE-25MAR05-T49.0,7.0,0.24997500000000003,0.49499999999999994,6.0,0.00039999999999999986,0.24052499999999996,0.0002117219707357019,0.2927737114257845,0.00010239921883727375,0.27718726593751575
KX538APPROVE-25MAR05-T49.0,3.0,0.0475,0.05,3.0,0.0,0.0049,7.596619144224672e-05,0.1071490505576701,7.561290717397668e-05,0.0830921356497899
KXGRAMMYNOMAOTY-68-HUR,30.0,0.22597500000000004,0.6549999999999999,30.041666666666657,0.0003749999999999996,0.36405000000000004,0.0011845692859750012,0.39985390642922813,0.000868217010742632,0.32972801098140453
KXGRAMMYNOMAOTY-68-HUR,14.0,0.20590000000000003,0.71,14.041666666666657,0.0001249999999999991,0.34022500000000006,0.0005711537270017885,0.2979645653131627,0.0003536970414175985,0.26133210616020386
KXGRAMMYNOMAOTY-68-HUR,7.0,0.24909999999999996,0.4699999999999999,7.041666666666657,0.0,0.2887,0.00025801246406928014,0.3189649669884476,0.00015250929576272052,0.27989462090265166
KXGRAMMYNOMAOTY-68-HUR,3.0,0.24639999999999998,0.56,3.0,0.0,0.2798,0.00010130907679847658,0.2522794439313236,4.502032535463873e-05,0.2625555794333143
KXTOPSONG-24DEC14-AIWFCIY,14.0,0.13439999999999994,0.8400000000000001,12.0,0.0,0.22839999999999988,0.0004200416101186797,0.2950444726926996,0.00030540248474052146,0.2356623597537952
KXTOPSONG-24DEC14-AIWFCIY,7.0,0.2491,0.53,7.0,0.0,0.18149999999999988,0.0002376303849916614,0.30004327812970216,0.00012044870993108622,0.2744697742493453
KXTOPSONG-24DEC14-AIWFCIY,3.0,0.08189999999999997,0.91,3.0,0.0,0.007699999999999983,0.00010652773718119794,0.19136431720208158,0.00010437384005635872,0.12201268621062805
KXTOPALBUM-26FEB07-IMT,14.0,0.24797499999999997,0.455,10.0,4.999999999999898e-05,0.6990749999999999,0.00036159138615966184,0.323581315109889,0.00017489759928243507,0.27931289567094814
KXTOPALBUM-26FEB07-IMT,7.0,0.2475,0.45000000000000007,7.0,2.499999999999949e-05,0.6966249999999998,0.00022372255970116336,0.3126518752035945,0.00011228448713669621,0.2594556923833348
KXTOPALBUM-26FEB07-IMT,3.0,0.2211,0.67,3.0,0.0,0.43270000000000003,7.400243335735202e-05,0.2670112615195033,3.8916769017422365e-05,0.23129904324777278
KXNETFLIXRANKSHOW-25MAR03-LOV,7.0,0.05639999999999999,0.06,5.0,0.0001999999999999999,0.0010000000000000002,0.00012204927212779458,0.08129555663517372,0.00012545352736217027,0.09380369995747656
KXAAAGASM-25NOV30-3.00,30.0,0.2016,0.72,28.041666666666668,0.000599999999999999,0.45820000000000005,0.0010569825865928582,0.4143303681403807,0.0007833115107736425,0.34089324174325325
KXAAAGASM-25NOV30-3.00,14.0,0.1056,0.88,14.000000000000002,0.0002999999999999983,0.41169999999999995,0.0004900648928806389,0.26597384709392663,0.0003908300203968832,0.22883971512511705
KXAAAGASM-25NOV30-3.00,7.0,0.08189999999999997,0.91,7.0,0.00019999999999999592,0.40669999999999995,0.000240767860034154,0.22382986327953738,0.00020304083024492777,0.15368736317379084
KXAAAGASM-25NOV30-3.00,3.0,0.14110000000000003,0.83,3.0,0.0,0.3963,9.920197869642704e-05,0.20967734463981158,5.321021780468376e-05,0.18644091819553502
KXPHILSNOWM-26JAN-20.0,30.0,0.0475,0.05,30.0,0.0007750000000000001,0.092125,0.001014185330178447,0.24727113659721137,0.0008590872080497055,0.1835966235998624
KXPHILSNOWM-26JAN-20.0,14.0,0.06509999999999999,0.06999999999999999,14.0,0.00019999999999999998,0.08589999999999999,0.00046038906796585247,0.13683168270148338,0.00044585130764211695,0.15412417766792197
KXPHILSNOWM-26JAN-20.0,7.0,0.09000000000000001,0.1,7.0,0.00019999999999999998,0.006000000000000001,0.0002143577606183204,0.19149361177465374,0.00017907395777041931,0.15918763251361054
KXNBADRAFTPICK-26-3-CBOO,30.0,0.2436,0.58,30.000000000000014,0.0006250000000000011,0.15682500000000002,0.001150691699592734,0.4475179347183999,0.0009378841589613846,0.3361345872649818
KXNBADRAFTPICK-26-3-CBOO,14.0,0.2244,0.66,14.0,0.00010000000000000018,0.14450000000000002,0.0004991557692285841,0.32515136284382634,0.000354702646362496,0.291567659251855
KXNBADRAFTPICK-26-3-CBOO,7.0,0.2379,0.61,7.0,0.00010000000000000018,0.1298,0.00023186454551038578,0.31405756574996924,0.00013622387383175835,0.26589887487224523
KXNBADRAFTPICK-26-3-CBOO,3.0,0.2304,0.64,3.0,0.0,0.10500000000000001,8.987473090687212e-05,0.2930884672383785,4.4651612079823617e-05,0.23253646141225356
KXPAYROLLS-26MAY-T150000,30.0,0.1131,0.13,24.0,0.0010499999999999989,0.6957,0.0009053632202810366,0.2521080771288667,0.0007971252149849312,0.22488286821025694
KXPAYROLLS-26MAY-T150000,14.0,0.09000000000000001,0.1,14.0,0.00034999999999999924,0.6930999999999999,0.0004161907458267015,0.19217032913193216,0.0003682489635911393,0.17721487456405413
KXPAYROLLS-26MAY-T150000,7.0,0.1476,0.18,7.0,0.00019999999999999925,0.6901999999999999,0.00025853060642349354,0.2134770429597572,0.00018415070085393996,0.1860206234340289
KXPAYROLLS-26MAY-T150000,3.0,0.1411,0.17,3.0,0.00019999999999999925,0.6889,8.52032480803546e-05,0.17799699044718895,4.4693925577931946e-05,0.1803771373583552
KXGAMEAWARDSBIG-2025-HOL,30.0,0.2176,0.32,21.0,0.000699999999999999,0.2311,0.0007847990009786063,0.3286661642923998,0.0005424694958090686,0.2807632085625336
KXGAMEAWARDSBIG-2025-HOL,14.0,0.21,0.3,14.0,0.00010000000000000018,0.2067,0.00047341635641957625,0.3159363267148296,0.0003368896092769881,0.2672395717751462
KXGAMEAWARDSBIG-2025-HOL,7.0,0.2016,0.28,7.0,0.0,0.201,0.00021404015713271296,0.2745120353137521,0.0001377826037436451,0.22613979762396855
KXGAMEAWARDSBIG-2025-HOL,3.0,0.2331,0.37,3.0,0.0,0.1531,6.568942857082355e-05,0.2504037582050028,5.0179676785035e-05,0.24773584919091185
KXTRUMPAPPROVALBELOW-26DEC31-40,30.0,0.1056,0.88,30.0,0.0022279999999999666,0.01209399999999997,0.0009763813577065102,0.38758973787862916,0.0008759511087941284,0.31779238158919143
KXTRUMPAPPROVALBELOW-26DEC31-40,14.0,0.04750000000000004,0.95,14.0,0.001827999999999968,0.007393999999999972,0.00043793893887913207,0.22704983129145645,0.0003838302075352484,0.1917685762369107
KXTRUMPAPPROVALBELOW-26DEC31-40,7.0,0.056400000000000144,0.9399999999999998,7.0,0.0008279999999999886,0.004893999999999983,0.00023602850601564477,0.15968169510432298,0.00023381663803747507,0.12134852853307816
KXTRUMPAPPROVALBELOW-26DEC31-40,3.0,0.06337599999999996,0.932,3.0,4.0000000000000074e-06,0.004893999999999983,0.00011665132297947127,0.1761478149420558,0.00010702234164488645,0.09925919920297867
KXTRUTHSOCIAL-26JUL25-B209,7.0,0.09000000000000001,0.1,6.0,0.0007000000000000001,0.0016999999999999995,0.0001616372198672099,0.13957990917945345,0.00014421439127727117,0.13022223736760452
KXBRENTW-26AUG0717-T86.99,7.0,0.2211,0.67,6.0,9.99999999999999e-05,0.2466,0.00017966898245948162,0.29617909582005375,0.00010694767889382251,0.25140209123667684
KXBRENTW-26AUG0717-T86.99,3.0,0.2379,0.39,3.0,9.99999999999999e-05,0.113,9.095841082376512e-05,0.27060567607310976,3.056705051173486e-05,0.25199689698861283
CPI-21JUL-T0.7,30.0,0.2496,0.48,27.0,0.0010499999999999962,0.2822,0.001033696251930095,0.39269912482116026,0.0007366566237220692,0.322198607975894
CPI-21JUL-T0.7,14.0,0.24,0.4,14.0,0.00039999999999999964,0.2746,0.00047567293184627035,0.34620211505531706,0.000334593895793334,0.2778304538643333
CPI-21JUL-T0.7,7.0,0.2496,0.52,7.0,0.00020000000000000036,0.2708,0.00021726118697847844,0.306538609957437,0.00012463832624694794,0.28460924226108797
CPI-21JUL-T0.7,3.0,0.2484,0.54,3.0,0.00020000000000000036,0.2536,6.823399572896314e-05,0.28005376583288727,4.698251270308568e-05,0.26531177128298306
KXBRENTW-26JUN1817-T74.99,3.0,0.04750000000000004,0.95,3.0,0.00010000000000000018,0.008000000000000014,9.513706061612084e-05,0.09334904200995382,9.775977691487496e-05,0.07746818619581188
KXTOPSONG-26MAY02-DRO,14.0,0.15999999999999998,0.8,10.0,0.00019999999999999814,0.08980000000000002,0.0003458706064968594,0.29330071885450026,0.00023493840626607386,0.2311680946842009
KXTOPSONG-26MAY02-DRO,7.0,0.1875,0.75,7.0,0.00019999999999999814,0.07490000000000002,0.0002437405726227945,0.2613091340205837,0.0001666847950969182,0.22020906255773995
KXNFLWINS-LA-25B-T10,30.0,0.12397500000000002,0.855,30.0,0.0007499999999999924,0.9974249999999997,0.0010031651451751203,0.40718635236698547,0.0007777477256702215,0.31707875685522263
KXRANKLISTSONGSPOTUSA-26JUL01-OLII,30.0,0.08189999999999997,0.91,20.0,0.0007999999999999947,0.01489999999999998,0.0006021758108403555,0.28808920411841926,0.000508134410509939,0.2649594620107479
KXRANKLISTSONGSPOTUSA-26JUL01-OLII,14.0,0.0899999999999999,0.9000000000000001,14.0,0.0006999999999999923,0.006700000000000003,0.000413441839916638,0.28139792482677994,0.0003432058025409361,0.2039527315998484
KXGAMEAWARDSBA-2024-F,30.0,0.22749999999999998,0.35,23.0,0.0008999999999999982,0.6386,0.000868824262429546,0.3664936341821179,0.0006263619101091907,0.2932065616219644
KXGAMEAWARDSBA-2024-F,14.0,0.1971,0.27,14.0,0.00020000000000000036,0.6258999999999999,0.0005176443863818508,0.29030850269239244,0.0003529739493453045,0.24459420986872427
KXGAMEAWARDSBA-2024-F,7.0,0.1716,0.22,7.0,0.0,0.6117999999999999,0.0002417700609011656,0.2640004730235137,0.00014524836770527788,0.2044951308094396
KXGAMEAWARDSBA-2024-F,3.0,0.1824,0.24,3.0,0.0,0.4529999999999999,9.869593932500674e-05,0.2392990814718825,4.327686143041321e-05,0.20861303156984476
KXTOPMODEL-26MAR21-CLAUT,7.0,0.0651,0.07,6.0,9.999999999999963e-05,0.45580000000000004,0.0001774687062059423,0.11317393651311164,0.00014610175620767055,0.1387466329134023
KXTOPMODEL-26MAR21-CLAUT,3.0,0.12040000000000001,0.14,3.0,0.0,0.4428,9.44395181972688e-05,0.13989743426435933,9.314763082393621e-05,0.14512074904432296
KXPUREALBUMS-PET26AUG06-150K,30.0,0.189975,0.255,30.0,0.0017249999999999998,0.38055,0.0011648320692420817,0.3669481312351149,0.0008906705450258511,0.27548874530071615
KXPUREALBUMS-PET26AUG06-150K,14.0,0.21389999999999998,0.31,14.0,0.0008999999999999993,0.3388,0.0005190199629777804,0.29901687921185055,0.00034447525800490836,0.26779114994460185
KXPUREALBUMS-PET26AUG06-150K,7.0,0.2379,0.61,7.0,0.00010000000000000018,0.1846,0.00021475767760958473,0.3061998952810896,0.00013133650253600957,0.27289336184814855
KXPUREALBUMS-PET26AUG06-150K,3.0,0.07359999999999997,0.92,3.0,0.00010000000000000018,0.0036999999999999932,0.00010917067995810996,0.1522656430766167,0.00010566187670779058,0.122646474671509
KXU3-26MAR-T4.2,30.0,0.06937500000000006,0.9249999999999999,26.958333333333332,0.0011999999999999956,0.4042750000000003,0.0008753639655153197,0.3314507937549095,0.0007416785128684595,0.2876974014507619
KXU3-26MAR-T4.2,3.0,0.04750000000000004,0.95,3.0,0.0,0.008100000000000015,8.632028211398853e-05,0.12036619059260115,8.433471924047373e-05,0.09427738820635584
KXRAINNYCM-25FEB-4,30.0,0.1476,0.18,30.0,0.0007000000000000003,0.23654999999999993,0.0011307010987925436,0.29834401268410005,0.001017045768943378,0.27496029674159034
KXRAINNYCM-25FEB-4,14.0,0.2496,0.48,14.0,0.0004999999999999999,0.15949999999999998,0.0005160301051766382,0.33444063372145744,0.0003497831305350383,0.29630215449562447
KXRAINNYCM-25FEB-4,7.0,0.06509999999999999,0.06999999999999999,7.0,0.0004999999999999999,0.005799999999999999,0.0002015531314213007,0.1440608941363087,0.0002044446651677815,0.10194692818896631
KXAAAGASM-26MAR31-4.00,30.0,0.1476,0.18,23.958333333333332,0.00010000000000000018,0.5511000000000001,0.0008370360873588214,0.33655388661418095,0.0007604914871401652,0.2500150381359615
KXAAAGASM-26MAR31-4.00,14.0,0.22749999999999998,0.65,13.999999999999998,0.00010000000000000018,0.15539999999999998,0.0005166899884746047,0.33257191397982594,0.0003557509085378406,0.297545086443314
KXAAAGASM-26MAR31-4.00,7.0,0.08189999999999997,0.91,7.0,0.00010000000000000018,0.10620000000000002,0.00023040085505790584,0.19951527685181034,0.0002055028144662835,0.17743956593496413
KXAAAGASM-26MAR31-4.00,3.0,0.24,0.6,3.0,0.0,0.07,9.04679332451865e-05,0.2660190971530044,3.549627891067324e-05,0.2442834030046256
KXTOPMONTHLY-26FEB-BAD,30.0,0.1476,0.18,26.0,0.0003999999999999997,0.40640000000000004,0.0009433021071600636,0.2819695633767818,0.0008352035810032353,0.2414471923329438
KXTOPMONTHLY-26FEB-BAD,14.0,0.2211,0.33,14.0,0.0003999999999999997,0.20429999999999998,0.0005393112471493847,0.31770880439714877,0.0003325897435155967,0.2594149193039818
KXTOPMONTHLY-26FEB-BAD,7.0,0.0736,0.08,7.0,0.0001999999999999999,0.0014000000000000004,0.00019418801307125608,0.14011818328879333,0.0001781407125165864,0.1318550642613661
KXAPRPOTUS-25JUL25-45.6,30.0,0.25,0.5,33.0,2.4999999999998934e-05,1.0635250000000003,0.0012007344220461996,0.4547443009346347,0.0009599585920741615,0.3446829285260871
KXAPRPOTUS-25JUL25-45.6,14.0,0.2475,0.5499999999999999,13.0,2.4999999999998934e-05,1.061025,0.0004647690403396637,0.3451510089705226,0.0002670682153911859,0.2930984711843679
KXAPRPOTUS-25JUL25-45.6,7.0,0.234375,0.625,7.0,0.0,1.0576250000000003,0.00023662985192620233,0.2812280560490671,0.00013042441925081437,0.2602665609464391
KXAPRPOTUS-25JUL25-45.6,3.0,0.2331,0.63,3.0,0.0,0.9497000000000002,8.068626693900017e-05,0.2645846367521175,3.6431136161093824e-05,0.2629059530513227
KXNETFLIXRANKMOVIE-25DEC08-TROL,3.0,0.1275,0.15,3.0,0.0,0.8005,8.352497691427992e-05,0.18729245874951495,6.248602726730926e-05,0.15684155018831133
KXAOWOMEN-26-CGAU,30.0,0.0475,0.05,29.0,0.002099999999999998,0.0126,0.0009539021931553752,0.2593103010959458,0.0008805561874316059,0.19931040762902633
KXAOWOMEN-26-CGAU,14.0,0.0819,0.09,14.0,0.0012999999999999989,0.009000000000000001,0.0004269891505391666,0.1720397862038272,0.00040731806825237304,0.15972261801109244
KXAOWOMEN-26-CGAU,7.0,0.0736,0.08,7.0,0.0001999999999999998,0.0086,0.00019214458708963558,0.1440410035748649,0.00017545279393003474,0.12904942988276719
KXAOWOMEN-26-CGAU,3.0,0.0979,0.11,3.0,9.99999999999999e-05,0.0082,5.701071318120743e-05,0.13850093857244863,6.001990699068021e-05,0.12692140237992816
KXU3-26FEB-T4.4,30.0,0.17709999999999998,0.22999999999999998,21.0,0.0012999999999999997,0.022599999999999995,0.0007900495712988298,0.32675249642229787,0.0006552214519511769,0.24245482992822537
KXU3-26FEB-T4.4,14.0,0.1131,0.13,14.0,0.0007000000000000006,0.0186,0.00048548862075083687,0.21061806580759856,0.00041038272915349116,0.19483116724555066
KXU3-26FEB-T4.4,7.0,0.0979,0.11,7.0,0.0004000000000000004,0.0173,0.0002115110482947509,0.15436271979195873,0.000163128896451127,0.1511238675140324
KXU3-26FEB-T4.4,3.0,0.09000000000000001,0.1,3.0,0.00010000000000000018,0.0173,5.573962769937487e-05,0.12102054536597047,5.892561530793698e-05,0.11925192465409594
KXRTX5090MS-26AUG-1.000,30.0,0.0651,0.07,30.0,0.000475,0.0031250000000000006,0.0010200487159762665,0.21561499577502283,0.0009047123659012954,0.2203145064832432
TSAW-21NOV07-A1.8,7.0,0.2484,0.45999999999999996,5.0,0.0,0.5198,0.00015878215480483562,0.3007790476144036,9.196314832210936e-05,0.26794513043498847
TSAW-21NOV07-A1.8,3.0,0.2304,0.64,3.0,0.0,0.44580000000000003,8.278907620588193e-05,0.25791771572680317,4.8613209270399204e-05,0.24455872858190802
KXAAAGASM-26JUL31-4.16,14.0,0.2244,0.66,10.0,0.0,0.37379999999999997,0.0003405048219053506,0.31128166149595665,0.00019857471710476603,0.27057080651001414
KXAAAGASM-26JUL31-4.16,7.0,0.1056,0.88,7.0,0.0,0.28719999999999996,0.0002441854054553949,0.24546417079694838,0.00019465444324942625,0.17200065644152637
KXAAAGASM-26JUL31-4.16,3.0,0.1056,0.12,3.0,0.0,0.006599999999999999,8.604870318388922e-05,0.17089764163736448,8.475219429695007e-05,0.13594419790888282
KXTRUTHSOCIAL-26AUG15-T240,7.0,0.05639999999999999,0.06,6.0,9.99999999999999e-05,0.0137,0.00017541390652012296,0.1096223350963263,0.0001788564123315411,0.1083040387910414
KXTRUTHSOCIAL-26AUG15-T240,3.0,0.0475,0.05,3.0,0.0,0.0137,6.835799212130577e-05,0.08511801671332622,6.125000000000001e-05,0.10979438684656742
KXNFLDRAFTPICK-26-7-AMES,30.0,0.24997500000000003,0.49499999999999994,31.0,0.0,0.1591749999999999,0.0011099834125456343,0.40127346638924744,0.0008896145379231052,0.3151282519716163
KXSEASNOWM-26FEB-1.0,30.0,0.1344,0.16,30.0,0.0013000000000000008,0.12750000000000006,0.001080938807867585,0.2776078496700719,0.00098108350283936,0.258204524041802
KXSEASNOWM-26FEB-1.0,14.0,0.2331,0.37,14.0,0.0009000000000000002,0.0952,0.000546832219624335,0.34821640034994045,0.0003099277594396171,0.2821562038195758
KXSEASNOWM-26FEB-1.0,7.0,0.05639999999999999,0.06,7.0,0.0008,0.0008,0.00021403647358200434,0.12346286603857232,0.00019096315038815166,0.11378153445238612
KXAAAGASM-26MAR31-4.10,30.0,0.2379,0.39,22.958333333333332,0.00020000000000000036,0.5946999999999998,0.0008962797283941859,0.3773670368035596,0.0006278738712857431,0.2979304588026573
KXAAAGASM-26MAR31-4.10,14.0,0.2356,0.62,13.999999999999998,0.00020000000000000036,0.28859999999999997,0.0005211040733100727,0.32995565080026185,0.00032572552392659613,0.2709286030348541
KXAAAGASM-26MAR31-4.10,7.0,0.14110000000000003,0.83,6.999999999999998,0.00020000000000000036,0.22590000000000002,0.00024088574830645964,0.2559655656271769,0.0001904910405930717,0.19782267924118507
KXAAAGASM-26MAR31-4.10,3.0,0.0979,0.11,3.0,0.00020000000000000036,0.0061,4.9484389812034406e-05,0.16087044743682483,5.005983980687335e-05,0.11878268749283027
KXNBADRAFTTOP-26-5-DACU,30.0,0.2211,0.33,30.000000000000014,0.0012249999999999978,0.10532499999999996,0.0011800910063385853,0.4230532091091692,0.0009471632957813211,0.275560703142851
KXNBADRAFTTOP-26-5-DACU,14.0,0.21389999999999998,0.31,14.0,0.0008999999999999972,0.07019999999999998,0.0005369468893458007,0.3370555580179397,0.00037335949479983324,0.272611045382537
KXNBADRAFTTOP-26-5-DACU,7.0,0.20589999999999997,0.29,7.0,0.00029999999999999943,0.07019999999999998,0.0002116905492592313,0.2823468460192644,0.00014692245902831586,0.237954818746783
KXNBADRAFTTOP-26-5-DACU,3.0,0.22749999999999998,0.35,3.0,9.999999999999907e-05,0.055600000000000004,8.082197926317781e-05,0.2734246295006871,4.046167719856847e-05,0.2560585825915982
KXTORNADO-24DEC-150,30.0,0.05639999999999999,0.06,30.0,0.0010499999999999997,0.0019,0.0009747091113400455,0.24892469538729578,0.0009266506403765608,0.18737862076130746
KXGRAMBPVA-67-HMHAS,30.0,0.24,0.4,30.0,0.0009250000000000009,0.066425,0.0011477807265103408,0.41467516542635496,0.0008670175670635302,0.3086471207819773
KXGRAMBPVA-67-HMHAS,14.0,0.1411,0.17,14.0,0.0009250000000000009,0.038725,0.0005141730236722257,0.23883128948583163,0.00043868434491514967,0.19070811350349218
KXGRAMBPVA-67-HMHAS,7.0,0.150775,0.185,7.0,0.0002499999999999996,0.034625,0.00021980563206839388,0.24775320552458574,0.00016604895037473908,0.18211457547823437
KXGRAMBPVA-67-HMHAS,3.0,0.144375,0.17500000000000002,3.0,0.00022499999999999956,0.0325,9.472251270844171e-05,0.220192841791824,5.5859486027487985e-05,0.16801663155474802
KXCPIYOY-26JUN-T3.5,30.0,0.109375,0.875,30.0,0.000550000000000001,1.011925,0.0010485656216545852,0.3743174574822302,0.000823316219780072,0.2992306273462974
KXPCECORE-26APR-T0.3,30.0,0.24189999999999998,0.4099999999999999,30.0,0.001950000000000001,0.5067999999999998,0.0011752402620174636,0.40732160713676646,0.0008950518776665262,0.3345048060658977
KXPCECORE-26APR-T0.3,14.0,0.1275,0.15,14.0,0.0009000000000000016,0.011800000000000001,0.0005310114989963115,0.21890712321834038,0.0003901702450211954,0.18551787242091236
KXPCECORE-26APR-T0.3,7.0,0.0819,0.09,7.0,0.0005000000000000009,0.010000000000000002,0.00019337554668132098,0.13652675918413743,0.00017065418678205769,0.15748885407042704
KXPCECORE-26APR-T0.3,3.0,0.0819,0.09,3.0,0.00010000000000000018,0.010000000000000002,6.231637349014112e-05,0.1296615163837446,6.51670292172828e-05,0.0994586422629821
KXLEADERNBASTL-26-TMAX,30.0,0.20589999999999997,0.29,30.000000000000014,0.0007249999999999983,0.21992499999999998,0.0011490574400596124,0.3367837477736908,0.000944721716133946,0.3080552812640897
KXLEADERNBASTL-26-TMAX,14.0,0.2499,0.51,14.000000000000014,0.0003249999999999999,0.08332500000000001,0.0005649284660232029,0.3664699321580915,0.0003197510929861716,0.29102652839516363
KXLEADERNBASTL-26-TMAX,7.0,0.0736,0.08,7.0,0.000225,0.0013250000000000002,0.00018573512282083984,0.14471939938031744,0.00016894641918302976,0.11757437299706819
KXGAMEAWARDSBAD-2024-ER,30.0,0.1275,0.15,23.0,0.0004999999999999998,0.025300000000000013,0.0009017289030453519,0.2728769896312362,0.0008069591132295208,0.2161402730548322
KXGAMEAWARDSBAD-2024-ER,14.0,0.07777500000000001,0.085,14.0,9.99999999999999e-05,0.010075,0.0004406062615874165,0.17157951273489835,0.00039095025425337534,0.168972014916326
KXGAMEAWARDSBAD-2024-ER,7.0,0.0736,0.08,7.0,0.0,0.007800000000000001,0.00019162555034858377,0.1329523001630788,0.0001600025572505978,0.12460899722017019
KXGAMEAWARDSBAD-2024-ER,3.0,0.0651,0.07,3.0,0.0,0.004500000000000001,6.810056962935981e-05,0.11013612085239874,5.861812035568882e-05,0.09235720002388366
KXMAKEMARMAD-26-IND,30.0,0.1538999999999999,0.8100000000000002,29.95833333333333,0.0006000000000000044,0.2843,0.0010690294772050593,0.35778683631244507,0.0008575222142421984,0.2996122144021803
KXMAKEMARMAD-26-IND,14.0,0.2475,0.45000000000000007,13.958333333333329,0.00020000000000000036,0.16770000000000002,0.00047302232049463677,0.3469066749370849,0.000337368557895113,0.2881587363686821
KXMAKEMARMAD-26-IND,7.0,0.1476,0.18,6.958333333333329,0.00010000000000000018,0.0697,0.00024102446971904478,0.25741544807812283,0.00020235062491619923,0.17751428238548442
KXMAKEMARMAD-26-IND,3.0,0.0651,0.07,3.0,0.00010000000000000018,0.0044,7.312846680046751e-05,0.12022281895924142,6.715255816110778e-05,0.09067563998021944
KXOSCARAS-26B-RET,30.0,0.0979,0.11,29.95833333333333,0.001850000000000001,0.0283,0.0010071489225640733,0.27552821131575306,0.0009500471105024509,0.2174494336166148
KXOSCARAS-26B-RET,14.0,0.1056,0.12,13.958333333333329,0.0009000000000000004,0.0283,0.0005495418254413408,0.21283765328430992,0.0004240551481024404,0.1813172545765286
KXOSCARAS-26B-RET,7.0,0.1131,0.13,6.958333333333329,0.0003999999999999996,0.0283,0.00025237495785887694,0.18735858915746995,0.00020538445328187213,0.1612803242214755
KXOSCARAS-26B-RET,3.0,0.1131,0.13,2.999999999999993,0.0003999999999999996,0.020500000000000004,9.611019932251962e-05,0.14394566187960817,6.547963010163478e-05,0.13327589911060883
KXBTCMAXM-25NOV30-119999.99,30.0,0.12040000000000001,0.14,18.0,0.0009,0.0059000000000000025,0.0006558120249573079,0.2808853697145715,0.000574043860829027,0.19660356598393414
KXBTCMAXM-25NOV30-119999.99,14.0,0.05639999999999999,0.06,14.0,0.0008,0.0014000000000000002,0.0004170791662419396,0.1856251764427028,0.000385349242441301,0.1489981830389251
KXTOPMONTHLY-26JUL-TAY,30.0,0.0819,0.09,29.0,0.002,0.007,0.0009936806203215932,0.28369938188654287,0.0009578710667195098,0.23298665955058875
TNOTEW-24JUL26-B4.06,7.0,0.051975,0.055,6.0,2.4999999999999974e-05,0.0018499999999999999,0.0002724707888110159,0.11062420227834824,0.0002526641444906201,0.10175692801186446
TNOTEW-24JUL26-B4.06,3.0,0.051975,0.055,3.0,2.4999999999999974e-05,0.0018499999999999999,0.00013748948782521541,0.09461838785534617,0.00016966045597512143,0.09953489702651262
KXNYTHEAD-26MAR2-T12,30.0,0.060775,0.065,26.958333333333332,0.0007999999999999999,0.44102500000000006,0.0009255601194883835,0.20762600076848797,0.0008345506999811307,0.20883311449950892
KXNYTHEAD-26MAR2-T12,14.0,0.2356,0.38,13.999999999999998,0.0006,0.028800000000000003,0.0005002783330951333,0.2955471812242989,0.00034035025547504927,0.2850578484576243
KXNYTHEAD-26MAR2-T12,7.0,0.05639999999999999,0.06,7.0,0.0,0.0062000000000000015,0.0001942086147953187,0.1284135137462032,0.00017892905462335012,0.11650817309096059
OSCARASPLAY-22-DUNE,30.0,0.09789999999999999,0.10999999999999999,29.958333333333336,0.002675,0.005825000000000001,0.001109124333476472,0.2380249289871082,0.0009367133201859472,0.22050448512397744
KXNBADRAFTTOP-26-5-KFLE,30.0,0.1344,0.15999999999999998,30.000000000000014,0.0006500000000000003,0.011699999999999999,0.0011444946448806058,0.31828647593720616,0.001007994490021102,0.24806434579380984
KXNBADRAFTTOP-26-5-KFLE,14.0,0.12397499999999999,0.145,14.0,0.0003750000000000001,0.004700000000000001,0.0004825340401788939,0.23397805810554473,0.0004447754016060896,0.19624847823601982
KXNBADRAFTTOP-26-5-KFLE,7.0,0.09000000000000001,0.1,7.0,0.0003499999999999999,0.0034000000000000002,0.00018370132320464437,0.15822057814510632,0.00018041962046222302,0.15091088631735508
KXNBADRAFTTOP-26-5-KFLE,3.0,0.0651,0.07,3.0,0.00015000000000000015,0.0025000000000000005,5.9995313385577374e-05,0.12267036641351524,5.5328313785156796e-05,0.11148128643665466
KXTRUTHSOCIAL-26JUN27-B149,7.0,0.1659,0.21,6.0,0.00039999999999999986,0.0417,0.00021318121284485687,0.2386906532854403,0.00012659280260878753,0.2077686559944932
KXCRITICSPIC-26-MAR,14.0,0.05639999999999999,0.06,14.0,0.0015499999999999993,0.0045,0.0004366957218626598,0.18796409067829245,0.000420226721932392,0.15232946702515218
KXCRITICSPIC-26-MAR,7.0,0.0819,0.09,7.0,0.0011999999999999992,0.0045,0.00016819477490865432,0.15725020902714376,0.00017639814469552295,0.12058361753060245
KXCRITICSPIC-26-MAR,3.0,0.05639999999999999,0.06,3.0,0.0007999999999999997,0.0019999999999999996,7.30293675647791e-05,0.0805153850071044,6.529412973417085e-05,0.07672262427195851
PAYROLLS-24MAY-T100000,30.0,0.09397499999999999,0.895,30.0,0.0011249999999999808,0.037400000000000086,0.0010493887375045065,0.3693761113026723,0.0008146384223932353,0.3129653670782926
PAYROLLS-24MAY-T100000,14.0,0.0899999999999999,0.9000000000000001,15.0,0.00039999999999999183,0.037400000000000086,0.0004256421016321855,0.2722701243048386,0.00039823239191115185,0.20181847677887746
PAYROLLS-24MAY-T100000,7.0,0.12040000000000001,0.86,7.0,0.00029999999999999385,0.03330000000000007,0.0002536737333113853,0.22214512121433308,0.00016901659865341454,0.190963643780481
PAYROLLS-24MAY-T100000,3.0,0.12040000000000001,0.86,3.0,9.999999999999796e-05,0.03330000000000007,0.00010838003878926834,0.20837493041799987,9.36675538968055e-05,0.14126397048161185
KXMAKEMARMAD-26-UVM,30.0,0.2331,0.37,29.95833333333333,0.002099999999999996,0.3549999999999999,0.0011942288586902735,0.38557429990312614,0.0009035554805200776,0.3117267805549336
KXMAKEMARMAD-26-UVM,14.0,0.1875,0.25,13.958333333333329,0.0003999999999999996,0.31165,0.0005184627366795169,0.3028839663057239,0.0003678739857752951,0.23643086977414463
KXMAKEMARMAD-26-UVM,7.0,0.1275,0.15,6.958333333333329,0.0,0.29025,0.0002584098238740233,0.2271239623080297,0.00017264197512113075,0.17917750085481937
KXMAKEMARMAD-26-UVM,3.0,0.0736,0.08,3.0,0.0,0.14355,5.4138633373099054e-05,0.11670775936318696,5.61363924880399e-05,0.11446694715308837
KXU3-25JAN-T4.0,30.0,0.1659,0.79,27.0,0.0008499999999999927,0.7434000000000001,0.0009694878365193939,0.38328596194180536,0.0007943424537398888,0.29803836818633705
KXU3-25JAN-T4.0,14.0,0.12749999999999995,0.8500000000000001,14.0,0.0006500000000000056,0.7324000000000002,0.0004497650649936621,0.2789582307570464,0.0003395358403754935,0.23179903303116484
KXU3-25JAN-T4.0,7.0,0.1538999999999999,0.8100000000000002,7.0,0.00019999999999999814,0.7279000000000001,0.00024248066900619438,0.2518684185646342,0.00016294089337423365,0.2061538930545051
KXU3-25JAN-T4.0,3.0,0.12040000000000001,0.86,3.0,0.0,0.7266000000000001,0.0001067525172207464,0.18502095298475282,9.017137991332969e-05,0.17756964738797806
KXWTIW-26AUG0714-B81.50,3.0,0.0736,0.08,3.0,0.0,0.004,7.277231734385112e-05,0.11406482880108924,5.180713488021818e-05,0.11255918854643132
KXBIG12REG-26-BYU,7.0,0.0651,0.07,7.0,0.0,0.009899999999999999,0.0002066748538861499,0.13901872426584258,0.00017512561230974242,0.12831053920826363
KXBIG12REG-26-BYU,3.0,0.0819,0.09,3.0,0.0,0.006500000000000001,5.7383077510831645e-05,0.11958019659608243,5.553471174560494e-05,0.10411885834039414
KXOSCARASPLAY-25-EP,30.0,0.0819,0.09,29.999999999999986,0.0009500000000000003,0.011600000000000003,0.0010504716451042448,0.25987174554153386,0.0009573124216078919,0.21492878977054541
CPI-22OCT-T0.5,30.0,0.2499,0.51,30.041666666666657,0.0003999999999999963,0.8451500000000003,0.0011927384531590609,0.43091199449696305,0.0008506094252665836,0.35071551101166826
CPI-22OCT-T0.5,14.0,0.22749999999999998,0.65,14.041666666666657,0.0002999999999999983,0.8290000000000003,0.0005446242502663587,0.34062671407780776,0.00032236737841157264,0.30914350762400306
CPI-22OCT-T0.5,7.0,0.17709999999999998,0.77,7.041666666666657,0.00019999999999999814,0.8225000000000003,0.0002809002185571842,0.28801710058771063,0.0001656235561945529,0.23934643985098117
CPI-22OCT-T0.5,3.0,0.15999999999999998,0.8,3.041666666666657,9.999999999999796e-05,0.8145000000000003,0.0001188557466814908,0.2401772939343758,7.803831419422668e-05,0.1971470776707646
KXHURCTOT-25DEC01-T6,30.0,0.0819,0.09,30.041666666666657,0.0007999999999999999,0.02425,0.0010172500312948642,0.2586224439035029,0.0009191074958715239,0.23851981821873097
KXHURCTOT-25DEC01-T6,14.0,0.05639999999999999,0.06,14.0,0.0002999999999999999,0.0034999999999999988,0.00042638106940424964,0.15677408947717306,0.00040679425224268587,0.1428750632513644
KXBBCHARTPOSITIONSONG-26MAY16BEA-8,14.0,0.24977500000000002,0.48499999999999993,10.0,9.999999999999907e-05,0.18232499999999996,0.0003609777390029508,0.31494796715122747,0.00021262630483040784,0.2690341698220153
KXBBCHARTPOSITIONSONG-26MAY16BEA-8,7.0,0.0475,0.05,8.0,0.0,0.0017000000000000001,0.00021924169633918606,0.1264853348976414,0.00019823573429776731,0.1306827195231411
KXAPRPOTUS-26JUL03-40.3,7.0,0.1539,0.19,6.0,0.0,0.4922999999999999,0.00019541035985442032,0.23985403773748118,0.00014473892385788122,0.19630607815818904
KXAPRPOTUS-26JUL03-40.3,3.0,0.1539,0.19,3.0,0.0,0.4922999999999999,7.590273133484067e-05,0.21408397782484515,7.053148983758387e-05,0.18912422416983707
KXU3-24NOV-T3.3,30.0,0.04750000000000004,0.95,29.0,0.0006249999999999967,0.0029249999999999905,0.0010119730284071154,0.30846997131438053,0.0008731321636361183,0.28616530698910575
KXTRUMPMEETING-27JAN01-NJROG,30.0,0.2176,0.68,30.0,0.001050000000000004,0.15009199999999992,0.001182471658178193,0.40553933153966204,0.0008699317339185153,0.3195867665304351
KXTRUMPMEETING-27JAN01-NJROG,14.0,0.199375,0.725,14.0,0.0007000000000000045,0.044367000000000066,0.0004929024776268362,0.31942285471304366,0.000367142893040046,0.25536356448067665
KXTRUMPMEETING-27JAN01-NJROG,7.0,0.20797499999999997,0.7050000000000001,7.0,0.0006750000000000045,0.03724200000000008,0.00025725043697652066,0.3055856384210795,0.00014599843066929362,0.2381976847482528
KXTRUMPMEETING-27JAN01-NJROG,3.0,0.2016,0.72,3.0,0.0,0.03724200000000008,8.803764809315847e-05,0.2777884958575962,4.735502001905656e-05,0.21459563851684899
KXGGLSERIESACTO-26-STE,30.0,0.1538999999999999,0.8100000000000002,30.0,0.0012000000000000018,0.027399999999999963,0.0010409074992460397,0.3771469177684336,0.000843842794309436,0.317264191457991
KXGGLSERIESACTO-26-STE,14.0,0.18497500000000006,0.7549999999999999,14.0,0.000724999999999998,0.019999999999999934,0.0005072415119956504,0.30311513541762936,0.00035511069759222753,0.2664875644733176
KXGGLSERIESACTO-26-STE,7.0,0.13440000000000002,0.84,7.0,0.00029999999999999385,0.011899999999999973,0.00022496635213456768,0.2346348338666474,0.00017310641733785063,0.2036879139582242
KXGGLSERIESACTO-26-STE,3.0,0.12040000000000001,0.86,3.0,0.0,0.010999999999999979,8.891102341377618e-05,0.21601309149846068,8.09358697723005e-05,0.16181797197757902
KXPHILSNOWM-26MAR-0.1,30.0,0.15999999999999998,0.8,29.958333333333336,0.0009999999999999966,0.25260000000000005,0.001092480702858677,0.36720829598681426,0.0008850549384320886,0.3142015953639354
KXPHILSNOWM-26MAR-0.1,14.0,0.20589999999999997,0.29,14.000000000000004,0.0005,0.036599999999999994,0.0005999334062590707,0.2881726919969506,0.00038950741073657104,0.2697296097056243
KXPHILSNOWM-26MAR-0.1,3.0,0.0736,0.08,3.0000000000000036,0.00030000000000000024,0.004900000000000001,8.567212931068009e-05,0.12170750702714024,9.493773049990616e-05,0.11673994546736399
KXAAAGASM-26MAY31-4.80,30.0,0.2475,0.55,29.0,0.0003499999999999991,0.24920000000000003,0.001120058863037408,0.4224038511833463,0.0008298211209902223,0.3356049998152356
KXAAAGASM-26MAY31-4.80,14.0,0.22749999999999998,0.35,14.0,0.0003499999999999991,0.034399999999999986,0.0005068138293265279,0.3036481581413315,0.0003340716835460001,0.260596674419175
KXLAGODAYS-25FEB-3,30.0,0.1539,0.19,22.0,0.0005,0.07280000000000002,0.0008079114187238188,0.3239801168937859,0.0006798480789364444,0.2396878611605909
KXLAGODAYS-25FEB-3,14.0,0.1824,0.24,14.0,0.00039999999999999986,0.054000000000000006,0.0005089066766203376,0.27008686725277475,0.0003705347179773147,0.2443362978663189
KXLAGODAYS-25FEB-3,7.0,0.1659,0.21,7.0,0.00039999999999999986,0.0241,0.00023761804847395043,0.23829367109706281,0.00015497818458755553,0.2271747059299713
KXLAGODAYS-25FEB-3,3.0,0.12040000000000001,0.14,3.0,0.00039999999999999986,0.006600000000000002,9.287491919881338e-05,0.14503696395838375,8.549221054099505e-05,0.12520425614411118
KXTEAMSINSC-26-BUFANA,30.0,0.24909999999999996,0.4699999999999999,27.0,0.001125,0.23287499999999994,0.0010297469931615211,0.3944746446587055,0.000764976387441284,0.30321266430096144
KXTEAMSINSC-26-BUFANA,7.0,0.0819,0.09,7.0,0.0004999999999999999,0.0052499999999999995,0.00019738653397145375,0.11363887008058271,0.0001595840485184818,0.1160002151219674
KXOSCARSUPACTO-26-JAC,30.0,0.0475,0.05,29.958333333333343,0.0009,0.0008000000000000001,0.0010673080261165487,0.2724364213081236,0.0009314878397284243,0.2084087430706897
GDPUSMIN-Q2Q42022-T0,30.0,0.17159999999999997,0.78,30.0,0.0015999999999999719,0.08180000000000003,0.001114083486790489,0.3929959833593639,0.0009056522554854676,0.30628857578789803
GDPUSMIN-Q2Q42022-T0,14.0,0.12749999999999995,0.8500000000000001,14.0,0.0009999999999999796,0.05650000000000001,0.0004176088565905247,0.2841633371717679,0.00034056784460189624,0.22182615187065735
GDPUSMIN-Q2Q42022-T0,7.0,0.13440000000000002,0.84,7.0,0.0004999999999999854,0.053100000000000015,0.00025349322244957534,0.24173819037688074,0.00018999692048533005,0.19853543030310042
GDPUSMIN-Q2Q42022-T0,3.0,0.1476000000000001,0.8199999999999998,3.0,9.999999999999351e-05,0.051300000000000005,8.822739599233776e-05,0.22930501937227687,6.300398719989744e-05,0.20298503737226842
KXOSCARCINE-25-DP2,30.0,0.1275,0.15,30.0,0.0017999999999999982,0.047500000000000014,0.0011294128938055322,0.3173667293728162,0.0010398322440527447,0.23866054937208311
KXOSCARCINE-25-DP2,14.0,0.0819,0.09,14.0,0.00020000000000000036,0.027100000000000006,0.000439394657269615,0.2128153679156177,0.00040713216386177256,0.16126928919741473
KXOSCARCINE-25-DP2,7.0,0.0979,0.11,7.0,0.0,0.021700000000000007,0.00020087327714499108,0.14560947088578965,0.00016093087406767004,0.14243620478381838
KXOSCARCINE-25-DP2,3.0,0.05639999999999999,0.06,3.0,0.0,0.017400000000000006,5.831137681412638e-05,0.09553786146541075,7.024950212645375e-05,0.08783949647816268
KXNBADRAFTTOP-26-10-LPHI,30.0,0.1275,0.15,30.000000000000014,0.0027749999999999975,0.075775,0.0012115555133307132,0.3242347255706411,0.0010133253010379153,0.25446368697719635
KXNBADRAFTTOP-26-10-LPHI,14.0,0.144375,0.17500000000000002,14.0,0.0017999999999999982,0.016925,0.0005072543237577761,0.278315534558586,0.00040894283428404384,0.2114860920693691
KXNBADRAFTTOP-26-10-LPHI,7.0,0.1716,0.22,7.0,0.0004999999999999998,0.0157,0.0002279319703974767,0.2357298766428116,0.0001751232347724035,0.20741191902028056
KXNBADRAFTTOP-26-10-LPHI,3.0,0.1411,0.17,3.0,0.00010000000000000018,0.013200000000000002,8.714528646274002e-05,0.2338804794859965,6.967377381595524e-05,0.16399708582623418
KXAAAGASW-26AUG31-4.080,7.0,0.15999999999999998,0.8,5.0,0.0,1.053,0.00016951551096412623,0.2720583376931395,0.00011683782527984473,0.21274709618382545
KXAAAGASW-26AUG31-4.080,3.0,0.2436,0.42,3.0,0.0,0.971,7.097272483408704e-05,0.2665987980457473,3.6300514181781525e-05,0.25370443266361986
KXNFLWINS-CIN-25B-T5,30.0,0.13440000000000002,0.84,30.0,0.0007249999999999869,1.366775,0.001070546354243107,0.3542854147371559,0.0008811345580705137,0.30794697322396336
KXNFLWINS-CIN-25B-T5,14.0,0.246975,0.5549999999999999,14.0,0.0001249999999999991,0.6635,0.0004811614125905689,0.335777855733286,0.00032247350155380883,0.28194626848801896
KXNFLWINS-CIN-25B-T5,7.0,0.10177499999999999,0.885,7.0,0.0,0.560425,0.00023399763149963788,0.2528768296323035,0.00018692997559909948,0.1529366505408112
KXNFLWINS-CIN-25B-T5,3.0,0.056400000000000144,0.9399999999999998,3.0,0.0,0.55135,0.000110049749705773,0.16710085808100886,0.00010058013563873417,0.10810437356952055
KXELONTWEETS-25MAR14-524.5,7.0,0.1344,0.16,5.958333333333333,0.00010000000000000018,0.1401,0.00020860383642274215,0.23154452060026323,0.00014639266483084163,0.18294796006428043
KXELONTWEETS-25MAR14-524.5,3.0,0.21389999999999998,0.31,2.9999999999999996,0.0,0.1301,8.968531182794163e-05,0.2559900121503884,3.730101196446626e-05,0.22571830217495858
KXMARMADROUND-26F4-SJU,30.0,0.0736,0.08,29.958333333333336,0.0020499999999999993,0.12430000000000002,0.0010152911328349281,0.2589103012114458,0.0009383970000626014,0.20975578897232589
KXMARMADROUND-26F4-SJU,14.0,0.0651,0.07,14.0,0.0008999999999999994,0.0292,0.00043474135428204857,0.16032295786202283,0.0003827869658607884,0.12487122715948067
KXMARMADROUND-26F4-SJU,7.0,0.0979,0.11,7.0,9.99999999999999e-05,0.0292,0.00017845030850384178,0.16667774559004528,0.00018051928031706174,0.14293832620140143
KXMARMADROUND-26F4-SJU,3.0,0.1344,0.16,3.0,0.0,0.0256,8.741118430366121e-05,0.19414292810714776,5.641603112705029e-05,0.16647385300626033
KXNFLDRAFTPICK-26-5-JLOV,30.0,0.1275,0.15,29.999999999999993,0.0009249999999999994,0.312325,0.0011262983678723484,0.32780800019000855,0.0009239146279379713,0.23892051000994127
KXNFLDRAFTPICK-26-5-JLOV,14.0,0.1275,0.15,14.0,0.0004999999999999993,0.10460000000000003,0.0005011346919420581,0.26830311372411203,0.0004372671170396589,0.19717096437593426
KXNFLDRAFTPICK-26-5-JLOV,7.0,0.1056,0.12,7.0,0.0,0.10140000000000002,0.00024109558828651532,0.17302155230702249,0.00020409156351295353,0.16298269638158616
KXNFLDRAFTPICK-26-5-JLOV,3.0,0.1539,0.19,3.0,0.0,0.07769999999999999,9.317850181427448e-05,0.2013006777440189,4.9776187844582e-05,0.19025451419165543
KXNFLDRAFTTOP-26-R1-ESTO,30.0,0.1875,0.25,26.0,0.0013249999999999985,0.067125,0.0009809265484732874,0.3901837486204377,0.0008395553338486366,0.2813102659541886
KXNFLDRAFTTOP-26-R1-ESTO,14.0,0.060775,0.065,14.0,0.0005249999999999994,0.0381,0.00046213959269712085,0.14146844172834958,0.0003940277646469996,0.14603376039535085
KXNFLDRAFTTOP-26-R1-ESTO,7.0,0.16000000000000003,0.2,7.0,0.0004999999999999995,0.018500000000000003,0.00023568816338337336,0.23532333174022113,0.00019234532185953058,0.19401240919021626
KXNFLDRAFTTOP-26-R1-ESTO,3.0,0.1275,0.15,3.0,0.0004999999999999995,0.0106,7.049331438324455e-05,0.1942331707840818,6.49517677957511e-05,0.15890569190817472
KXBTCMAXMON-BTC-26MAR31-8500000,30.0,0.05639999999999999,0.06,28.958333333333332,0.0011999999999999997,0.035800000000000005,0.0009419722051467519,0.2885489891370299,0.000918208369978622,0.19161867556808546
KXBTCMAXMON-BTC-26MAR31-8500000,14.0,0.1411,0.17,13.999999999999998,0.0006999999999999998,0.006600000000000002,0.0005031235426665672,0.2511874914916569,0.00039951230265782093,0.2135350390417793
KXNETFLIXRANKMOVIE-25DEC08-MYS,3.0,0.1875,0.25,3.0,0.0,1.0825,6.722328728881489e-05,0.23244058013035762,3.736432746875438e-05,0.22235051627687652
KXTSAW-24DEC15-A2.30,7.0,0.04750000000000004,0.95,5.0,0.00010000000000000018,0.025000000000000005,0.00014758104524806938,0.11844769609761883,0.00014635700714121298,0.10637976184085103
KXTSAW-24DEC15-A2.30,3.0,0.09789999999999999,0.89,3.0,0.00010000000000000018,0.02140000000000001,0.0001082570442290821,0.2050383872361029,7.952084774279043e-05,0.1220390941769744
KXRANKLISTSONGSPOTUSA-26MAY01-DJO,30.0,0.1344,0.16,30.0,0.0007249999999999997,0.028525000000000002,0.001105025278630762,0.30025635496935604,0.001057802601544103,0.2566107662001022
KXSB-26-SF,30.0,0.05639999999999999,0.06,30.0,0.0006000000000000003,0.0156,0.0009769146580290513,0.22003688544368466,0.0009099306727665842,0.19215284312476313
KXSB-26-SF,14.0,0.0475,0.05,14.0,0.0003,0.0025999999999999994,0.000429879596683012,0.17495980263273656,0.00038586343971869116,0.137282595409665
KXSB-26-SF,3.0,0.0475,0.05,3.0,9.99999999999999e-05,0.0025999999999999994,6.33543846948929e-05,0.09135895355428836,6.822373429220048e-05,0.1028458808025135
TNOTEW-24JUN21-B4.31,7.0,0.069375,0.075,6.0,0.0003250000000000002,0.018099999999999998,0.0001442372222183634,0.12264996675385992,0.00013446370689512713,0.11953471000810832
TNOTEW-24JUN21-B4.31,3.0,0.1056,0.12,3.0,0.00010000000000000018,0.0145,0.00010249526162779521,0.13949654990930838,8.185589890449302e-05,0.14963724022315714
KXGAMEAWARDSBEA-2024-F,30.0,0.08189999999999997,0.91,23.0,0.001724999999999993,0.010425000000000004,0.0006995407918045538,0.33372317800477075,0.0006023444211679666,0.2724481663988358
KXGAMEAWARDSBEA-2024-F,14.0,0.04750000000000004,0.95,14.0,0.0012250000000000013,0.007324999999999997,0.0004492308482058123,0.24517693627904266,0.0003969600741139099,0.19511146957313372
KXGAMEAWARDSBEA-2024-F,7.0,0.04750000000000004,0.95,7.0,0.0009999999999999974,0.0016999999999999964,0.00024354032608560458,0.15651985544188135,0.00023039478439982746,0.1298839573895502
KXGAMEAWARDSBEA-2024-F,3.0,0.07360000000000005,0.9199999999999999,3.0,0.0004999999999999987,0.0016999999999999964,9.746502104710335e-05,0.16312417102143142,0.00010550361475224517,0.11772624936060985
KXSWIFTWEEKSNUM1-26JAN01-5,30.0,0.2139,0.69,30.04166666666667,0.0009249999999999928,0.27162499999999995,0.0011350191390440058,0.39803869312091594,0.0008751152261982658,0.32110543925663465
KXSWIFTWEEKSNUM1-26JAN01-5,14.0,0.21389999999999998,0.31,14.041666666666671,0.0002999999999999917,0.17399999999999996,0.0005334648648054059,0.3166413028690718,0.0003556236617285002,0.27508038713728067
KXSWIFTWEEKSNUM1-26JAN01-5,7.0,0.1056,0.88,7.0,0.00019999999999999814,0.04619999999999998,0.0002611772167093018,0.2234034740415263,0.0001756669852576359,0.17357684392215755
KXTRUMPMEET-26JUL-RDES,30.0,0.116775,0.135,29.0,0.0006750000000000012,0.5705999999999999,0.0011261273923061496,0.26738789217341974,0.001003138173256215,0.22503314516414022
KXTRUMPMEET-26JUL-RDES,14.0,0.2499,0.49,14.0,0.00020000000000000036,0.37429999999999997,0.00047477855961011625,0.33944026708048775,0.0003552952982118034,0.29476106207569325
KXTRUMPMEET-26JUL-RDES,7.0,0.21389999999999998,0.31,7.0,0.00010000000000000018,0.2942,0.00021966811740730465,0.29476450223770334,0.00012025306260488893,0.2510713496353748
KXTRUMPMEET-26JUL-RDES,3.0,0.2451,0.43,3.0,0.0,0.10849999999999999,8.36109452600313e-05,0.25846546284553007,3.9040633273112835e-05,0.25557859092497337
KXOSCARDOCU-26-CUT,30.0,0.0475,0.05,29.95833333333333,0.0016250000000000004,0.015725000000000006,0.0009925330843642646,0.2474187697401328,0.0008791390992347808,0.2183948600196679
KXOSCARDOCU-26-CUT,14.0,0.05639999999999999,0.06,13.958333333333329,0.0008749999999999999,0.012325000000000004,0.0004338509470230894,0.16998377517431776,0.00040162289539500215,0.1378077688024146
KXTARIFFCOUNTRY-26JAN01-T,30.0,0.2331,0.63,29.999999999999993,0.0005499999999999998,0.15529999999999994,0.001165388697360132,0.4041916918293649,0.0008281851349057983,0.32454203640623525
KXTARIFFCOUNTRY-26JAN01-T,14.0,0.2419,0.59,13.999999999999993,0.0004249999999999985,0.12782499999999986,0.0005462716750412217,0.3545711751519188,0.00032103723165969244,0.2794164536083343
KXALBUMEQUIV-YOU26JUN18-400K,30.0,0.2484,0.45999999999999996,30.0,0.000500000000000002,1.4936999999999996,0.0011996070741583061,0.40119629068795587,0.0008154638008947709,0.32161727419461594
KXALBUMEQUIV-YOU26JUN18-400K,14.0,0.2436,0.42,14.0,0.00020000000000000036,0.16279999999999997,0.0005752674551336552,0.3114353075444812,0.0003412048569830259,0.2764680404212805
KXALBUMEQUIV-YOU26JUN18-400K,7.0,0.2475,0.55,7.0,0.00020000000000000036,0.11509999999999995,0.00024663062667300376,0.28974584467353665,0.00012268899672217986,0.2669478932072591
KXAAAGASW-26MAY18-4.400,7.0,0.04750000000000004,0.95,5.0,0.00012500000000000022,0.0009250000000000006,0.0001742169980711624,0.1445170330289409,0.0001409038596345127,0.12648932810981195
KXB200MS-26AUG-7.000,30.0,0.16000000000000003,0.2,30.0,0.0008750000000000005,0.017625000000000002,0.0011842132973885575,0.3402483505144113,0.0009560946351630298,0.2561096877059761
KXGOLDW-26AUG1417-T4369.99,7.0,0.231775,0.365,6.0,0.0004999999999999964,1.0305250000000001,0.00019035923049730942,0.2740654619942678,0.00011465869717225192,0.24211924950561844
KXGOLDW-26AUG1417-T4369.99,3.0,0.2244,0.66,3.0,0.0004999999999999964,0.9061000000000001,8.544731525929761e-05,0.2601123214985304,3.164370417253914e-05,0.24250543451693596
KXTOPSONG-25NOV15-GOL,14.0,0.1971,0.73,10.041666666666666,0.0003250000000000017,0.43682500000000013,0.0004239702425915872,0.3230313889062286,0.00022129220024367125,0.2707739942480864
KXTOPSONG-25NOV15-GOL,7.0,0.24910000000000002,0.47000000000000003,7.041666666666666,0.0003250000000000017,0.16922500000000004,0.0002598706671058755,0.3099712571882721,0.00016033998172547512,0.2799347997652821
KXTOPSONG-25NOV15-GOL,3.0,0.24640000000000004,0.44,2.999999999999999,1.925929944387236e-34,0.16580000000000003,7.127655121983005e-05,0.2912042358922738,4.9756508383634746e-05,0.24048728227598865
KXH200MAX-26DEC31-4.590,30.0,0.25,0.5,25.0,0.000424999999999998,0.5958749999999999,0.0009160551433994177,0.39343940733396676,0.0006857554627543232,0.31621351633743894
KXH200MAX-26DEC31-4.590,14.0,0.2496,0.52,14.0,0.00017499999999999696,0.18482500000000002,0.0005013274927329979,0.338076717450061,0.0003199876928255464,0.28867535807011097
KXH200MAX-26DEC31-4.590,7.0,0.2496,0.52,9.0,2.5000000000000045e-05,0.18482500000000002,0.0003188732625122798,0.31566419914234134,0.0001631127953844949,0.29280901013697724
KXH200MAX-26DEC31-4.590,3.0,0.2356,0.62,3.0,0.0,0.1738,6.270962862490732e-05,0.26672028422329874,4.7049072227558125e-05,0.25503328104224454
KXNFLDRAFTQB-26P4-TGRE,30.0,0.17710000000000004,0.23000000000000004,31.0,0.0009250000000000008,0.13977500000000004,0.001260506393966051,0.3809736097911841,0.00095513439449551,0.28529671408559587
KXNFLDRAFTQB-26P4-TGRE,14.0,0.1344,0.16,14.0,0.0002750000000000005,0.10792500000000001,0.0004983524714415263,0.24560104704549945,0.00039527485571242874,0.2033531913678882
KXNFLDRAFTQB-26P4-TGRE,7.0,0.1971,0.27,7.0,2.5000000000000045e-05,0.099425,0.0002171516948255645,0.25645187893661203,0.0001513142197740034,0.26073760572752747
KXNFLDRAFTQB-26P4-TGRE,3.0,0.24,0.4,2.0,0.0,0.0838,4.7339599780953854e-05,0.2654375720190434,2.17636148246572e-05,0.24355530079676263
BTCMAXY-24DEC31-90000,30.0,0.1539,0.19,30.041666666666657,0.0018999999999999996,0.6255500000000003,0.0011063166991052695,0.31318255867117745,0.0010800941849179785,0.2808419088316281
BTCMAXY-24DEC31-90000,14.0,0.21389999999999998,0.31,14.041666666666657,0.000600000000000001,0.5977000000000002,0.0005171582710962189,0.34986886887825586,0.00041218035334971705,0.27500334858846043
BTCMAXY-24DEC31-90000,7.0,0.24640000000000004,0.44,7.0,0.00020000000000000147,0.5498000000000003,0.00019994493287023505,0.30533058470253605,0.00010571587994568741,0.2627965027386578
KXTRUMPACT-26APR19-T7,7.0,0.21,0.3,6.0,5.000000000000453e-05,0.4365999999999999,0.00019194133456296397,0.24323081076891312,0.00010853055237859566,0.24641987131255355
KXUCLRO4-26-BAR,30.0,0.24277500000000002,0.585,30.0,0.0007000000000000012,0.403625,0.0011247349523713095,0.43503675148379073,0.0008235350438807579,0.3154312422449962
KXUCLRO4-26-BAR,14.0,0.2244,0.66,14.0,0.00030000000000000057,0.3313,0.0005621436826350859,0.32227915271078755,0.0003235982060171079,0.2780026744441806
KXUCLRO4-26-BAR,7.0,0.21000000000000002,0.7,7.0,0.00010000000000000018,0.32070000000000004,0.00024752271523251353,0.27315233317796406,0.00016512013683642177,0.24215536286622705
KXUCLRO4-26-BAR,3.0,0.20589999999999997,0.29,3.0,0.0,0.09730000000000001,9.184764418926561e-05,0.25935342859720145,4.617006808501101e-05,0.21678088167403523
KXWTIW-26MAY08-B108.5,7.0,0.0651,0.07,6.0,0.0004999999999999998,0.0022000000000000006,0.00015329350238862203,0.12098729363471897,0.00016229548671039827,0.12837225197911362
KXWTIW-26MAY08-B108.5,3.0,0.05639999999999999,0.06,3.0,9.99999999999999e-05,0.0013000000000000002,6.568268327191194e-05,0.08834975916933537,6.350856487019328e-05,0.08518918157510857
KXNBAPLAYOFF-26-GSW,30.0,0.2016,0.28,30.0,0.0015999999999999986,0.35640000000000005,0.0011427664362708792,0.3294257739933608,0.0008827183831647312,0.28604069562323525
KXNBAPLAYOFF-26-GSW,14.0,0.1659,0.21,14.0,0.00030000000000000057,0.201,0.0005136467956704002,0.29312707778558045,0.00038174899819707513,0.23857895638365662
KXNBAPLAYOFF-26-GSW,7.0,0.19240000000000002,0.26,7.0,0.00010000000000000018,0.18009999999999998,0.00026286366939245743,0.2542815729675976,0.00013866378341096405,0.23050295280392766
KXNBAPLAYOFF-26-GSW,3.0,0.1275,0.15,3.0,0.0,0.1739,0.00010134981057755177,0.21086519319113567,5.204398819416932e-05,0.14665379992145225
KXTEAMSINSC-26-TBCOL,30.0,0.1344,0.16,30.0,0.0028999999999999976,0.1751,0.0010873472583529875,0.30182641587265185,0.0010254124380424646,0.24411047570842925
KXTEAMSINSC-26-TBCOL,14.0,0.1539,0.19,14.0,0.000999999999999999,0.1733,0.0005089665437707588,0.2822153511962568,0.0003698788457002748,0.22713053531516447
KXTEAMSINSC-26-TBCOL,7.0,0.2356,0.38,7.0,0.0004999999999999995,0.07590000000000001,0.00020948151281583076,0.31526992816676036,0.00012625104574758678,0.2606827325797754
KXTEAMSINSC-26-TBCOL,3.0,0.0475,0.05,3.0,9.99999999999999e-05,0.0058000000000000005,6.633462419725827e-05,0.08007555753015773,6.655520150808865e-05,0.0719190157765101
KXCPIYOY-25DEC-T2.5,14.0,0.1056,0.88,14.0,0.000799999999999997,0.010200000000000008,0.00042486099653099346,0.2612052044012675,0.0003418584668963823,0.20560753344238375
KXCPIYOY-25DEC-T2.5,7.0,0.12040000000000001,0.86,7.0,0.0003999999999999963,0.008999999999999998,0.00020974422995476832,0.224186086385959,0.00016867759784524678,0.19756809520890825
KXCPIYOY-25DEC-T2.5,3.0,0.06509999999999996,0.93,3.0,0.00020000000000000036,0.004500000000000008,0.0001184010030661084,0.16249539337876356,0.00010123413224975681,0.12217449753851162
CPICOREYOY-23JUL-T4.7,30.0,0.2451,0.43,30.0,0.001125000000000001,0.036524999999999995,0.0011666969829851018,0.3779345890129359,0.0008679727573123583,0.314483672762997
CPICOREYOY-23JUL-T4.7,14.0,0.10177499999999999,0.11499999999999999,14.0,0.00047500000000000005,0.010950000000000001,0.0004958137240637994,0.1909695495431228,0.0004377034043054072,0.16969595722512124
CPICOREYOY-23JUL-T4.7,7.0,0.0475,0.05,7.0,0.00042500000000000003,0.007425000000000001,0.00019993032708107158,0.1386850181066101,0.00018259700891330458,0.101186988731036
KXMAKEMARMAD-26-UK,30.0,0.04750000000000004,0.95,29.95833333333333,0.0016249999999999954,0.020525000000000036,0.0010294847582389096,0.4124192483535917,0.0008376999305781921,0.3104529197803824
KXMAKEMARMAD-26-UK,7.0,0.04750000000000004,0.95,6.958333333333329,0.00042499999999999857,0.006125000000000012,0.00021583541686763906,0.16652049725691373,0.00022025892313151955,0.12014278622139944
KXMAKEMARMAD-26-UK,3.0,0.06509999999999996,0.93,3.0,2.5000000000002264e-05,0.004325000000000009,0.00010482984850809008,0.15969860876126463,8.589455112728307e-05,0.12541420079732937
KXNFLDRAFTPICK-26-7-FMAU,30.0,0.16000000000000003,0.2,30.0,0.0007000000000000005,0.05915,0.0011410810833629573,0.2861079564054033,0.0009776792994753696,0.25519126824447197
KXNFLDRAFTPICK-26-7-FMAU,14.0,0.05639999999999999,0.06,14.0,0.0006500000000000004,0.04224999999999999,0.00046037883964703165,0.15374468343869221,0.0003953088253981764,0.14312081748640396
KXNFLDRAFTPICK-26-7-FMAU,7.0,0.10177499999999999,0.11499999999999999,7.0,0.0002000000000000001,0.0051249999999999985,0.0002529724283871638,0.17435600270630772,0.00020955744919739234,0.15415940519189975
KXBTCMAXM-25OCT31-139999.99,30.0,0.09000000000000001,0.1,30.0,0.0015999999999999992,0.025600000000000005,0.0010288738620362562,0.31941864660468444,0.0008675212405253402,0.22586299409224986
KXCPIYOY-25DEC-T2.7,30.0,0.08189999999999997,0.91,30.0,0.0015999999999999916,0.3531000000000001,0.001028806054481963,0.3603885710650402,0.0008074156388099044,0.3169764968220464
KXCPIYOY-25DEC-T2.7,14.0,0.22749999999999998,0.35,14.0,0.0008999999999999961,0.18339999999999995,0.0005152122540667714,0.3289676037427395,0.00033232589954863064,0.2950627839230562
KXCPIYOY-25DEC-T2.7,7.0,0.22749999999999998,0.35,7.0,0.0,0.1727,0.00022312968562781133,0.29539341524108403,0.00012820055976378415,0.26036290252611977
KXCPIYOY-25DEC-T2.7,3.0,0.2211,0.33,3.0,0.0,0.1573,7.361899882922994e-05,0.26249011127217864,4.998360969479689e-05,0.23476984226390016
KXNFLWINS-HOU-25B-T7,30.0,0.2484,0.45999999999999996,30.0,0.0009000000000000016,0.9182999999999999,0.0011610673207611167,0.4001113875487078,0.0008649019867730431,0.32524555364156993
KXNFLWINS-HOU-25B-T7,14.0,0.11310000000000009,0.8699999999999999,14.0,0.00025000000000000044,0.5588499999999998,0.000401307223278976,0.3135529547558167,0.0003411708792738732,0.23318319980846827
KXNHLRICHARD-26-KCON,30.0,0.093975,0.105,30.0,0.0,0.5122749999999999,0.0010149859350894544,0.27938648296328816,0.0009102689653968277,0.25254552803076036
KXNHLRICHARD-26-KCON,14.0,0.1875,0.25,14.0,0.0,0.30014999999999986,0.0005585344030308374,0.30758186088929595,0.00036197440688473526,0.2581197653298007
KXNHLRICHARD-26-KCON,3.0,0.24997500000000003,0.49499999999999994,2.0,0.0,0.24012499999999992,5.94494450781117e-05,0.2670003143379436,2.0047818030446895e-05,0.2590145717964935
KXNETFLIXRANKSHOW-26JUN08-THEF,7.0,0.19240000000000002,0.26,5.0,0.0002,0.034999999999999996,0.00014367015327412702,0.24302558654468626,0.00010306227188890214,0.2187344227287012
KXTRUMPMEET-25-XJI,30.0,0.09000000000000001,0.1,18.0,0.0006999999999999996,0.6307,0.0005763181242135482,0.20463803313260812,0.0005174709084209794,0.18972918644045036
KXTRUMPMEET-25-XJI,14.0,0.0736,0.08,14.0,0.0006999999999999996,0.6153,0.0004205025383606327,0.16634846327392036,0.0003899973822468986,0.1752305386146159
KXTRUMPMEET-25-XJI,7.0,0.0736,0.08,7.0,0.0003,0.5927,0.00018377742713530113,0.11505649391288347,0.00019006943494041394,0.12100201818835675
KXTRUMPMEET-25-XJI,3.0,0.04750000000000004,0.95,3.0,0.00010000000000000018,0.0030000000000000118,8.970786598314122e-05,0.1077559981376078,9.269071279334542e-05,0.10665595158374472
KXWTIW-26AUG0714-B79.50,3.0,0.0736,0.08,3.0,0.0,0.026600000000000002,5.754743412677204e-05,0.12431918835584466,5.3233114387652e-05,0.10108101155263198
KXGGDRAMATVACTR-26-RHE,30.0,0.22749999999999998,0.65,30.0,0.0012000000000000088,0.07249999999999994,0.0011441088561196088,0.3831950076118808,0.0007879193712252684,0.3366659721868882
KXGGDRAMATVACTR-26-RHE,14.0,0.1659,0.79,14.0,0.0006000000000000079,0.052099999999999924,0.0004654609602847214,0.2881363612822288,0.0003599029268911455,0.24623875939552678
KXGGDRAMATVACTR-26-RHE,7.0,0.1476000000000001,0.8199999999999998,7.0,0.0003000000000000072,0.046699999999999936,0.00025214014079816055,0.2507958618488663,0.00019598031411266093,0.20042677877325296
KXGGDRAMATVACTR-26-RHE,3.0,0.1538999999999999,0.8100000000000002,3.0,0.0002000000000000048,0.032499999999999904,0.00010339369714479018,0.23914799673522935,6.309325449356461e-05,0.1806187613023659
KXNBAEAST-26-BOS,30.0,0.2356,0.38,30.0,0.0022999999999999943,0.12710000000000002,0.001129349775737514,0.3993293820612847,0.000882252773616659,0.3190297594848802
KXNBAEAST-26-BOS,14.0,0.24189999999999998,0.4099999999999999,14.0,0.00010000000000000018,0.12580000000000002,0.0005139010785860753,0.33821479430195384,0.00037095265079761504,0.2953885084651658
KXNBAEAST-26-BOS,7.0,0.24640000000000004,0.44,7.0,0.00010000000000000018,0.1167,0.0002487736235028027,0.3182653890538632,0.0001372524807552633,0.27124094473946575
KXNBAEAST-26-BOS,3.0,0.2499,0.49,3.0,0.00010000000000000018,0.11460000000000001,9.226776008739305e-05,0.2754716809566733,5.093556776301574e-05,0.26728155324783126
CPI-22AUG-T0.6,30.0,0.09000000000000001,0.1,30.0,0.0025,0.0053500000000000015,0.001075939714750157,0.3096961164447369,0.0009277204750261462,0.2155650814809994
CPI-22AUG-T0.6,14.0,0.0475,0.05,14.0,0.000725,0.0007250000000000002,0.0004642880074129864,0.13910641411634292,0.000422039904452607,0.14300342124333607
KXBILLBOARDRUNNERUPSONG-26AUG08-CHO,14.0,0.09000000000000001,0.1,10.0,0.0,0.14085,0.00028670011346022795,0.16254701540461147,0.00023934140261824458,0.15555972193898696
KXBILLBOARDRUNNERUPSONG-26AUG08-CHO,7.0,0.1971,0.27,7.0,0.0,0.0997,0.00023547782290254414,0.27485616184663386,0.00014038952898582976,0.24051717201809653
KXAAAGASW-26MAR23-4.000,7.0,0.1824,0.76,5.0,0.0,0.271,0.0001800913652602968,0.25121387890749713,0.0001296365085399551,0.211523082594595
KXAAAGASW-26MAR23-4.000,3.0,0.09789999999999999,0.89,3.0,0.0,0.2541,0.00010031398221842812,0.16811906096669688,7.454546250412175e-05,0.13227327891979018
KXNFLNFCCHAMP-25-PHI,30.0,0.1131,0.13,30.0,0.0024999999999999983,0.028999999999999995,0.0010723496426011945,0.3257881664443599,0.001022745754142569,0.22713542794739408
KXNFLNFCCHAMP-25-PHI,14.0,0.1476,0.18,14.0,0.00039999999999999964,0.028999999999999995,0.00047921382737027915,0.24000685130141278,0.000426550620230101,0.2107825731956791
KXNFLNFCCHAMP-25-PHI,7.0,0.1344,0.16,7.0,0.00019999999999999982,0.028999999999999995,0.00025591656697555935,0.19357622008724784,0.0001714155933868973,0.17243303260851497
KXNFLNFCCHAMP-25-PHI,3.0,0.1476,0.18,3.0,0.0,0.028999999999999995,9.797672242404783e-05,0.20058618266500916,6.65873618594345e-05,0.17638824082133667
CPICORE-24MAY-T0.3,30.0,0.2244,0.34,29.0,0.0003999999999999996,0.06795000000000001,0.0011532864441436668,0.4103090241212953,0.0008494698350424048,0.30706901092848055
CPICORE-24MAY-T0.3,14.0,0.16297499999999998,0.20499999999999996,14.0,0.0003999999999999996,0.057275000000000006,0.0004884838728072977,0.2859354962377296,0.0003772251405267793,0.23206517845472935
CPICORE-24MAY-T0.3,7.0,0.1875,0.25,7.0,0.0003999999999999996,0.03925000000000001,0.00023024349642741853,0.2642783119836618,0.00014559999925402395,0.2123389417484079
CPICORE-24MAY-T0.3,3.0,0.09000000000000001,0.1,3.0,0.0,0.03155000000000001,5.499398308792263e-05,0.1276871252044548,5.995312595209265e-05,0.126907185724607
KXCPIYOY-26JUL-T3.4,30.0,0.1875,0.75,30.0,0.0007999999999999993,0.23630000000000004,0.0011835425635615348,0.3892659544656829,0.0008284904806558472,0.3073994521079213
KXCPIYOY-26JUL-T3.4,14.0,0.2176,0.32,14.0,0.0004999999999999987,0.0575,0.0005070746169104355,0.331079956851719,0.00035731155491239665,0.263035518335023
KXCPIYOY-26JUL-T3.4,7.0,0.20589999999999997,0.29,7.0,0.0003999999999999996,0.0523,0.00020417032317803847,0.26688031734414397,0.00015210410681411012,0.22648568743911204
KXCPIYOY-26JUL-T3.4,3.0,0.1411,0.17,3.0,0.0,0.04170000000000001,9.635873215115549e-05,0.210585257424003,6.347156752202592e-05,0.16624829885532463
KXNFLDRAFTPICK-26-10-RBAI,30.0,0.17977500000000002,0.23500000000000001,30.0,0.0007,0.058525,0.001127346171240772,0.3316364020081261,0.0009290298777397319,0.27540582934713165
KXNFLDRAFTPICK-26-10-RBAI,14.0,0.1056,0.12,14.0,0.0002999999999999996,0.023100000000000002,0.0004763242876997706,0.1777248381111012,0.0004018914801564136,0.16463065277586508
KXNFLDRAFTPICK-26-10-RBAI,7.0,0.1476,0.18,7.0,0.00019999999999999993,0.0086,0.00024910380117447033,0.23895069856426673,0.0001893816112112173,0.17654098035310575
KXYTVIEWSHIGH-JUS26SEP-17.0M,30.0,0.14110000000000003,0.83,30.0,0.0010999999999999981,0.31905,0.001047413273658104,0.38788907110983045,0.0008968194037025977,0.30366741774146777
KXYTVIEWSHIGH-JUS26SEP-17.0M,14.0,0.1971,0.27,14.0,0.0005749999999999993,0.019825000000000002,0.0005157667322031077,0.33123716905083617,0.00037901830278765834,0.26359737767354835
KXYTVIEWSHIGH-JUS26SEP-17.0M,7.0,0.116775,0.135,7.0,0.00035000000000000005,0.009824999999999999,0.0002501301781957021,0.17167105049841155,0.0002258739198447466,0.1617420139289102
KXBRENTW-26MAY2217-T101.99,7.0,0.08189999999999997,0.91,6.0,0.0,0.40690000000000004,0.00021813864515525847,0.16200786459601652,0.00020402276667581186,0.1263004895156241
KXBRENTW-26MAY2217-T101.99,3.0,0.2211,0.67,3.0,0.0,0.32930000000000004,8.513064305043039e-05,0.285520853344583,3.528809858502032e-05,0.22785968315991414
KXWTIW-26JUN1214-B92.50,7.0,0.0475,0.05,6.0,0.0005999999999999998,0.006899999999999999,0.0001654957948558354,0.09719527267792366,0.00016774573495043898,0.09670857411392193
KXPERFORMSUPERBOWLB-26-DUA,30.0,0.144375,0.17500000000000002,30.0,0.0026999999999999984,0.050824999999999995,0.0011166514647545196,0.3156176413084206,0.0009411452371186177,0.25756289870535554
KXPERFORMSUPERBOWLB-26-DUA,14.0,0.1659,0.21,14.0,0.0009999999999999996,0.040499999999999994,0.0005183234570454567,0.2625456017135208,0.00041122289194871507,0.22672877832732716
KXPERFORMSUPERBOWLB-26-DUA,7.0,0.0819,0.09,7.0,0.00020000000000000036,0.015899999999999997,0.0002021424755538348,0.15937198362430402,0.00016862883812370083,0.1206104787728631
KXPERFORMSUPERBOWLB-26-DUA,3.0,0.1275,0.15,3.0,0.00010000000000000018,0.010599999999999998,8.628312265969268e-05,0.19691221184300928,6.858171277448482e-05,0.1502338905774603
KXDALSNOWM-26JAN-0.5,30.0,0.1411,0.17,30.0,0.0011999999999999975,0.2595,0.0011314906928374753,0.31843368638095293,0.0009905958545134788,0.2515792051069998
KXDALSNOWM-26JAN-0.5,14.0,0.0979,0.11,14.0,9.999999999999796e-05,0.24320000000000003,0.0004497943154310071,0.19383355758464257,0.0003822446523967364,0.16764724371427428
KXEFLCUP-26-ARS,30.0,0.2496,0.52,29.958333333333343,0.0014499999999999936,0.3283,0.001167233455748817,0.39024091634404345,0.0008291320562439458,0.35775058081101335
KXEFLCUP-26-ARS,14.0,0.2491,0.53,13.958333333333343,0.0009999999999999929,0.32749999999999996,0.000534081922782372,0.3649246085328517,0.0003028315055939121,0.285406119838052
KXEFLCUP-26-ARS,7.0,0.2484,0.54,7.0,0.0006999999999999924,0.3267,0.00020876571916873403,0.32020650490064334,0.0001164053416633741,0.271341547611651
KXEFLCUP-26-ARS,3.0,0.2451,0.57,3.0,0.00019999999999999592,0.32489999999999997,7.539086118414818e-05,0.2896687769983803,3.6108796274069414e-05,0.2532563404620787
CPI-22APR-T0.6,30.0,0.19240000000000002,0.74,30.0,0.0006999999999999999,0.13809999999999997,0.0011444425486654083,0.37566838845691963,0.0009083759060700193,0.3013013273838691
CPI-22APR-T0.6,14.0,0.19240000000000002,0.26,14.0,0.00039999999999999986,0.012800000000000002,0.0004604827627553734,0.2868919870646876,0.00038340565168403255,0.2519508751550794
CPI-22APR-T0.6,7.0,0.1411,0.17,7.0,9.99999999999999e-05,0.010600000000000002,0.00024193872936961887,0.21982022155678918,0.000179712815358778,0.20421358714287177
CPI-22APR-T0.6,3.0,0.1056,0.12,3.0,9.99999999999999e-05,0.0073,7.558184947451656e-05,0.15886938653047855,9.431818522596998e-05,0.12315554648706073
CPI-23MAR-T0.3,30.0,0.22749999999999998,0.35,29.958333333333343,0.002149999999999998,0.031000000000000007,0.0010704862110672612,0.38999966331735936,0.0009070259887871548,0.3149932494515319
CPI-23MAR-T0.3,14.0,0.09000000000000001,0.1,14.000000000000014,0.0011499999999999998,0.006700000000000001,0.00047895653127634247,0.21655451070959672,0.00041447979617381913,0.17941092526471472
CPI-23MAR-T0.3,7.0,0.0736,0.08,7.0,0.0006999999999999999,0.006700000000000001,0.00018728540055782943,0.13446755239614,0.0001848074424044146,0.11956306393903188
CPI-23MAR-T0.3,3.0,0.09789999999999999,0.10999999999999999,3.0,0.0004999999999999998,0.0058000000000000005,0.00010019645304515533,0.1526595289761872,8.435538787444486e-05,0.13937226783036288
KXBOSSNOWM-26FEB-15.0,30.0,0.2211,0.67,30.0,0.0006249999999999967,0.5830250000000001,0.0011362276330839994,0.39750716356825033,0.0007825431676545488,0.3608019532154212
KXBOSSNOWM-26FEB-15.0,14.0,0.2176,0.32,14.0,2.5000000000002264e-05,0.1991250000000001,0.0004756761432739641,0.32493106289768237,0.0003592032155491486,0.2699447882875326
EURO-22MAY13-B1.05,3.0,0.2016,0.72,3.0,0.0,0.21614999999999995,9.419272057499515e-05,0.24245776143277362,4.4055331754521855e-05,0.23231064775865717
KXVOTEHUBTRUMPUPDOWN-26MAR05,7.0,0.2176,0.32,5.0,0.00010000000000000018,0.2905000000000001,0.00015020126575618126,0.24891944616545048,9.347902707633925e-05,0.24229594204919253
KXVOTEHUBTRUMPUPDOWN-26MAR05,3.0,0.24,0.4,3.0,0.00010000000000000018,0.22250000000000011,8.641984408978196e-05,0.27003773634882594,4.544903911226373e-05,0.25606813978319143
KXTOPMODEL-24DEC-GE12,30.0,0.2475,0.45000000000000007,18.0,0.00010000000000000018,0.1474,0.0006482435449363532,0.3475574810645308,0.00046148620191863464,0.3195811361973504
KXTOPMODEL-24DEC-GE12,14.0,0.25,0.5,14.0,0.0,0.1438,0.0005127723531164693,0.3468024305022078,0.0003152284171996314,0.2787501176694613
KXTOPMODEL-24DEC-GE12,7.0,0.12040000000000001,0.86,7.0,0.0,0.039200000000000006,0.00023750734632933194,0.25381705811789607,0.00016985247696791553,0.19221518172320023
KXTOPMODEL-24DEC-GE12,3.0,0.15999999999999998,0.8,3.0,0.0,0.023400000000000015,8.726777688026929e-05,0.23145343314414113,5.526781165078768e-05,0.18173198763709578
KXNETFLIXRANKSHOW-25DEC15-STR,7.0,0.1476,0.18,5.0,0.0002000000000000002,0.011399999999999997,0.00016181864054493596,0.24711576784243242,0.00010326058308793403,0.20269899816915413
KXNETFLIXRANKSHOW-25DEC15-STR,3.0,0.0819,0.09,3.0,0.0001,0.004999999999999999,6.211159329953959e-05,0.10795550714880742,4.9755918777352824e-05,0.10102972605286047
KXU3-25MAY-T4.1,30.0,0.16877499999999993,0.7850000000000001,30.0,0.0023249999999999695,0.034000000000000016,0.0011018249281379185,0.3639807364505316,0.0008478819834437434,0.3276155746303006
KXU3-25MAY-T4.1,14.0,0.12749999999999995,0.8500000000000001,14.0,0.0012999999999999778,0.0322,0.00044985403321586763,0.2896385648708365,0.0003390861137732538,0.21621025503236838
KXU3-25MAY-T4.1,7.0,0.12040000000000001,0.86,7.0,0.0005999999999999922,0.027200000000000033,0.0002312473515451653,0.23670596987605508,0.00017382879178514554,0.17320854251189566
KXU3-25MAY-T4.1,3.0,0.1476000000000001,0.8199999999999998,3.0,0.0,0.02680000000000003,0.00010907703781890442,0.24776250639707675,6.953503250577782e-05,0.16944559865008504
KXRANKLISTSONGSPOTUSA-26AUG01-JUS,30.0,0.2419,0.41000000000000003,30.0,0.0014249999999999974,0.413525,0.0011259265977890123,0.41004616651072767,0.0008474762018711951,0.3279563960023742
KXRANKLISTSONGSPOTUSA-26AUG01-JUS,14.0,0.1824,0.24,14.0,0.0008999999999999999,0.02729999999999999,0.0005017891431404762,0.2655378129161625,0.0004023851778543609,0.2692212400760073
KXPAYROLLS-26FEB-T10000,30.0,0.130975,0.845,29.999999999999986,0.0016499999999999909,0.943375,0.0010408187828370196,0.4048083709132198,0.000864766718408427,0.31727427712513995
KXPAYROLLS-26FEB-T10000,14.0,0.07360000000000005,0.9199999999999999,14.0,0.0007999999999999869,0.7117999999999999,0.00043676798893821833,0.24993616490003007,0.0003446950518273331,0.217586890296874
KXPAYROLLS-26FEB-T10000,7.0,0.09789999999999999,0.89,7.0,0.000499999999999992,0.7113999999999999,0.00019333336480642407,0.246483020275694,0.00017503688940251132,0.19056466657862436
KXPAYROLLS-26FEB-T10000,3.0,0.14110000000000003,0.83,3.0,0.00039999999999999183,0.7100999999999998,0.00010959142321855059,0.18767850916681997,6.469901075373578e-05,0.1795579576951386
KXVOTEHUBTRUMPUPDOWN-25NOV27,7.0,0.1875,0.25,5.0,0.0003999999999999985,0.1315,0.0001542701409832793,0.2640501539841044,0.0001032231409140142,0.22238831967303185
KXVOTEHUBTRUMPUPDOWN-25NOV27,3.0,0.2211,0.33,3.0,0.0,0.1215,8.076890211017336e-05,0.2501807132089362,3.8591600732584944e-05,0.23173283900758754
KXAAAGASW-26MAY25-4.500,7.0,0.04750000000000004,0.95,5.0,0.00019999999999999814,0.07649999999999992,0.00015532478021180803,0.13810840906399233,0.0001664756824164885,0.1048376660975061
KXTOPSONG-26JUL18-CHO,14.0,0.24,0.6,10.0,0.0004999999999999964,0.06010000000000004,0.00035418007631293893,0.3334346229865477,0.00021953190155262273,0.27202073323987747
KXTOPSONG-26JUL18-CHO,7.0,0.05640000000000005,0.94,7.0,0.00010000000000000018,0.0017000000000000032,0.00022610485139099961,0.18178827508826081,0.0002210965889475928,0.14843144720044393
KXRAINNYCM-26FEB-2,30.0,0.2244,0.66,30.0,0.0009999999999999907,0.31760000000000005,0.0011447370139145768,0.4050892147796605,0.0008153432127460433,0.3247866735399741
KXRAINNYCM-26FEB-2,14.0,0.24640000000000004,0.44,14.0,0.0006999999999999902,0.21649999999999994,0.0004805882187195041,0.3367854368399182,0.000289447661175781,0.2843787712854715
KXRAINNYCM-26FEB-2,7.0,0.2419,0.59,7.0,0.00019999999999999592,0.0907,0.0002323844768593765,0.29474298109130087,0.00010135303919817567,0.270869842366303
KXUCLRO16-26-BOG,30.0,0.2436,0.42,29.999999999999986,0.0007000000000000018,0.7607499999999997,0.0011508719084860719,0.4519246015101055,0.0008749093204702341,0.3154033418294004
KXUCLRO16-26-BOG,14.0,0.1344,0.16,14.0,0.0004250000000000008,0.4229249999999998,0.0005103444034864684,0.23256022654825562,0.0004112217885746127,0.2117539440485932
KXUCLRO16-26-BOG,7.0,0.162975,0.20500000000000002,7.0,0.0004250000000000008,0.3937499999999998,0.0002334149661683783,0.28111143001115046,0.00016495766858599784,0.230715602490731
KXUCLRO16-26-BOG,3.0,0.2436,0.42,3.0,0.0002250000000000004,0.22072499999999987,8.424167380298237e-05,0.27596978818577644,4.688971390948812e-05,0.2611774526960671
KXPAYROLLS-26MAY-T40000,30.0,0.2331,0.63,28.0,0.0018999999999999868,0.07775,0.0011065985395173998,0.42136185501778145,0.0008056406578572559,0.32124061450955366
KXPAYROLLS-26MAY-T40000,14.0,0.2176,0.68,14.0,0.0012499999999999911,0.062000000000000006,0.0005202090857119976,0.32211112347760773,0.0003314609543877263,0.2643729990734211
KXPAYROLLS-26MAY-T40000,7.0,0.1875,0.75,7.0,0.00030000000000000057,0.0584,0.00021747078184009027,0.23767520723465352,0.00016194920861530227,0.22266151327340908
KXPAYROLLS-26MAY-T40000,3.0,0.1875,0.75,3.0,0.00010000000000000018,0.0576,8.25106020984109e-05,0.2694701285512104,3.948490082775667e-05,0.22211843421586927
538APPROVE-22MAY04-B42.8,7.0,0.0564,0.060000000000000005,5.0,0.0002000000000000001,0.010599999999999998,0.0002418332538508265,0.0943785732602252,0.00020327938812860033,0.08676306437336442
KXMLBNLCENT-25-CHC,30.0,0.05639999999999999,0.06,30.0,0.0013000000000000002,0.5116499999999999,0.0010332426709794892,0.23900500095782853,0.0008821913663661095,0.2147265110742649
KX1SONGSABRINACARPENTER-DEC3125,14.0,0.24639999999999998,0.56,12.0,0.0002999999999999983,0.2557,0.00039984119004137257,0.33872668148440627,0.00023447721997236096,0.28664261874155117
KX1SONGSABRINACARPENTER-DEC3125,7.0,0.2419,0.59,7.0,9.999999999999796e-05,0.24599999999999994,0.00021478357123989162,0.31099599245338583,0.00014321261537478825,0.267465375246868
KXBRENTW-26JUN1217-T94.99,7.0,0.24189999999999998,0.4099999999999999,6.0,0.0,0.29590000000000005,0.00020906402132328,0.28842522193406167,0.00011486016422334076,0.26551032207662195
KXBRENTW-26JUN1217-T94.99,3.0,0.2484,0.45999999999999996,3.0,0.0,0.28500000000000003,8.21461157836734e-05,0.26763889097037125,4.576375571627168e-05,0.2530163119865339
KXAAAGASW-26APR20-4.060,7.0,0.04750000000000004,0.95,5.0,0.0,0.25930000000000003,0.00014965565763789098,0.11668548407901866,0.0001605821063076409,0.10588332846989859
KXAAAGASW-26APR20-4.060,3.0,0.2491,0.53,3.0,0.0,0.17090000000000005,7.724857593561416e-05,0.25694149270585215,3.68138353024768e-05,0.2579231971725069
KXMLBNLCY-25-YYAM,30.0,0.0651,0.07,30.041666666666657,0.0004500000000000004,0.023300000000000005,0.0010648322616026457,0.24220175284647127,0.0009859436290344183,0.21216952239512735
KXCPIYOY-25APR-T2.7,30.0,0.0736,0.08,30.0,0.002199999999999999,0.0088,0.0010157552139726659,0.2380498107723076,0.0008949306778287839,0.21146332190892322
KXCPIYOY-25APR-T2.7,14.0,0.05639999999999999,0.06,14.0,0.0016999999999999995,0.0027,0.0004391888459755696,0.17970077888320182,0.00040594458227558993,0.12895051094164198
KXCPIYOY-25APR-T2.7,7.0,0.0475,0.05,7.0,0.0013999999999999996,0.0009,0.00019252352232060842,0.1332586992225648,0.00020137338517092244,0.10288287003375998
KXNBAPLAYOFF-26-MIA,30.0,0.15999999999999998,0.8,30.0,0.0009000000000000004,0.0895,0.0010950205670828487,0.36890121488529487,0.000848346798739785,0.3082609824290659
KXNBAPLAYOFF-26-MIA,14.0,0.2496,0.48,14.0,0.0007000000000000001,0.0531,0.0005186678889371129,0.3408014818202553,0.00033075205886073586,0.28660894114674496
KXNBAPLAYOFF-26-MIA,7.0,0.22749999999999998,0.35,7.0,0.0006,0.032299999999999995,0.00023212382704949235,0.2748022077298415,0.00012108243135265252,0.24543886134295217
KXNBAPLAYOFF-26-MIA,3.0,0.1476,0.18,3.0,0.00020000000000000036,0.0234,0.0001210892400174889,0.21264281283069328,5.9454136383141045e-05,0.19389164164465242
KXSAGAWARDACTO-25-TC,30.0,0.24189999999999998,0.4099999999999999,31.0,0.0012999999999999967,0.4140499999999998,0.0011254501030790293,0.4004897884101868,0.0008583321311568076,0.315867990687416
KXSAGAWARDACTO-25-TC,14.0,0.2436,0.58,14.0,0.0009499999999999973,0.3848999999999998,0.00046339189380632004,0.37786237785766585,0.0003043479846002446,0.3017714319013763
KXSAGAWARDACTO-25-TC,7.0,0.21389999999999998,0.31,7.0,0.0008999999999999972,0.35584999999999983,0.0002138594859226054,0.28977330894483644,0.0001330350601596523,0.24450367157723163
KXSAGAWARDACTO-25-TC,3.0,0.24,0.4,3.0,0.000799999999999997,0.34819999999999984,9.118299345256955e-05,0.2744235824782086,4.706913194322751e-05,0.24397036979886033
KXXRPMAXMON-XRP-26APR30-150,14.0,0.2176,0.32,14.0,0.0008999999999999938,0.2857,0.0005205141927877033,0.32982228136485614,0.0003717997777115587,0.268361676609288
KXXRPMAXMON-XRP-26APR30-150,7.0,0.2379,0.39,7.0,0.0004999999999999976,0.2542,0.0002114627814376649,0.3020242575193615,0.00011771132238945072,0.25906939242845184
KXXRPMAXMON-XRP-26APR30-150,3.0,0.22749999999999998,0.35,3.0,0.0,0.24529999999999996,7.973832814169712e-05,0.24906237644598309,4.999831414562945e-05,0.2446051100747154
KXALBUMEQUIV-XPE26JUL09-50K,30.0,0.249975,0.495,22.0,0.0002000000000000002,0.42227500000000007,0.0008191249707956072,0.3684619010338853,0.0005266403402301092,0.30876542482746544
KXALBUMEQUIV-XPE26JUL09-50K,14.0,0.15999999999999998,0.8,14.0,0.0002000000000000002,0.3455500000000001,0.0005225098071417747,0.2991141054984997,0.00035830559209983667,0.2572430286390656
KXALBUMEQUIV-XPE26JUL09-50K,7.0,0.17709999999999998,0.77,7.0,0.0001,0.20520000000000002,0.00025843274561833217,0.26053066781569695,0.00017016354245271253,0.23234535465963022
KXGGDRAMAFILMACTO-25-TC,30.0,0.17437499999999997,0.22499999999999998,30.0,0.0017499999999999977,0.09802499999999999,0.0011448706441209515,0.34476487526851735,0.0010044495415587897,0.2792354378272691
KXGGDRAMAFILMACTO-25-TC,14.0,0.12039999999999998,0.13999999999999999,15.0,0.001199999999999998,0.08654999999999999,0.000591691004172265,0.21335227645423088,0.0004712066245790113,0.1935464253021687
KXGGDRAMAFILMACTO-25-TC,7.0,0.137775,0.165,7.0,0.0007249999999999982,0.08529999999999999,0.00024035692200837468,0.2348297990636462,0.00018995412917886825,0.17503722189961038
KXGGDRAMAFILMACTO-25-TC,3.0,0.1539,0.19,3.0,0.0003999999999999985,0.08489999999999999,9.2582145725468e-05,0.20380897717434762,6.321723716152977e-05,0.1813250814229803
KXMARALAGO-26-KK,30.0,0.0736,0.08,30.0,0.0012249999999999995,0.493525,0.0009985396873056736,0.2379106833719697,0.000908494313692374,0.22821930983566446
KXOSCARINTLFILM-26-SEC,30.0,0.19240000000000002,0.26,29.95833333333333,0.001399999999999999,0.08440000000000002,0.0011629412480222922,0.3416484710315277,0.0009962670845745161,0.3082921472726219
KXOSCARINTLFILM-26-SEC,14.0,0.1971,0.27,13.958333333333329,0.0005000000000000003,0.08140000000000001,0.0004587757648549459,0.3104574527668639,0.00037644359238155073,0.22839732725179077
KXOSCARINTLFILM-26-SEC,7.0,0.1659,0.21,6.958333333333329,0.00020000000000000036,0.08050000000000002,0.00025964600671666264,0.24235901621052647,0.00014710337167366587,0.19925992694617334
KXOSCARINTLFILM-26-SEC,3.0,0.2176,0.32,2.999999999999993,0.00020000000000000036,0.07400000000000001,8.622449784905952e-05,0.24617224942657653,4.501090646798375e-05,0.22313030561906796
U3MIN-22-N3.5,30.0,0.07777500000000001,0.085,31.0,0.00042500000000000003,0.016000000000000004,0.0010719600058651923,0.25450178681604896,0.0009804611627333795,0.2463262169381102
U3MIN-22-N3.5,3.0,0.0736,0.08,3.0,9.999999999999996e-05,0.0029000000000000007,5.6707769370652966e-05,0.10394005099610581,4.982608090865317e-05,0.08984699771603616
KXNFLPLAYOFF-26-LAC,30.0,0.24639999999999998,0.56,30.0,0.0011999999999999977,0.6663999999999998,0.0010603567671575273,0.4284795498240869,0.0008519926520528886,0.33542424092543416
KXNFLPLAYOFF-26-LAC,14.0,0.19240000000000002,0.74,14.0,0.0004999999999999964,0.5570999999999998,0.0004950588838509394,0.31135388109416806,0.00034602766306526583,0.25606873540606345
KXNFLPLAYOFF-26-LAC,7.0,0.06509999999999996,0.93,7.0,0.0,0.49369999999999986,0.00021834194720439404,0.18722369233789415,0.00021528784576427544,0.1596320030819073
KXBRENTMON-26JUL3117-T90.99,7.0,0.2304,0.64,7.0,0.0,0.1352,0.00020978461838816465,0.30805678660654384,0.0001509763830834081,0.2654658902321914
KXBRENTMON-26JUL3117-T90.99,3.0,0.1539,0.19,3.0,0.0,0.05310000000000001,0.00010070238743214291,0.2273756558947915,5.664343802120026e-05,0.19597188248256245
KXUSOWOMENSINGLES-25-CG,30.0,0.0651,0.07,30.0,0.0009999999999999996,0.0347,0.0010004021174591655,0.2369512922962989,0.0009124646004448428,0.21396215946237654
KXUSOWOMENSINGLES-25-CG,14.0,0.1131,0.13,14.0,0.0006,0.0111,0.0005010374043935036,0.22147724271604802,0.00042107655928602124,0.20950445206051735
KXUSOWOMENSINGLES-25-CG,7.0,0.0819,0.09,7.0,0.0002999999999999997,0.0098,0.00017645289768037525,0.14336189795448454,0.00018424719835055895,0.12816041000221678
KXUSOWOMENSINGLES-25-CG,3.0,0.0651,0.07,3.0,9.99999999999999e-05,0.0098,6.737682876518997e-05,0.1319684012757822,5.984624226353036e-05,0.11069625634436782
KXNFLWINS-CLE-25B-T3,30.0,0.1056,0.88,30.0,0.0004250000000000019,1.001175,0.0009581164164688379,0.37403740359704346,0.0007969747985349255,0.31726996699374377
KXNFLWINS-CLE-25B-T3,14.0,0.2499,0.49,14.0,0.00010000000000000129,0.7730499999999998,0.0005096946433231536,0.33273070729465615,0.0003244887922109406,0.29004547058069735
KXNFLWINS-CLE-25B-T3,7.0,0.24189999999999998,0.4099999999999999,7.0,0.0,0.7514999999999998,0.00023119312068627676,0.29836400764914894,0.00012685480299172596,0.2516476541985251
KXNFLWINS-CLE-25B-T3,3.0,0.2304,0.64,3.0,0.0,0.7137999999999998,8.379456588450315e-05,0.2724126222525187,3.5000569044544595e-05,0.2462800405344865
KXRANKLISTSONGTOP10-26JUN20-2HA,14.0,0.249775,0.485,10.0,0.0004499999999999999,0.107225,0.0003312656716060057,0.32474994129168133,0.00021910427550987663,0.2728005170078395
KXRANKLISTSONGTOP10-26JUN20-2HA,7.0,0.168775,0.215,7.0,0.0004499999999999999,0.034325,0.00027451564518126705,0.24099969153617418,0.00016551421374525483,0.202762895339553
KXAAAGASW-26MAY18-4.560,7.0,0.2356,0.62,5.0,0.0,0.12760000000000002,0.0001444688164964068,0.27274190677208804,7.700965152592046e-05,0.2677085370212102
KXAAAGASW-26MAY18-4.560,3.0,0.2475,0.45000000000000007,3.0,0.0,0.11310000000000003,8.21728805594268e-05,0.29223990788128223,2.9814124466114796e-05,0.25699823620773254
KXTOPSONG-26MAY09-CHO,14.0,0.1538999999999999,0.8100000000000002,9.0,0.0003999999999999963,0.5639000000000002,0.00032780053792423527,0.2818565730070441,0.0002246512490500263,0.21179412939732103
KXTOPSONG-26MAY09-CHO,7.0,0.2016,0.72,7.0,0.0003999999999999963,0.029400000000000003,0.00022906209687360824,0.26341648780627647,0.00013909646429316523,0.24285004923701523
KXWCGROUPQUAL-26I-IRQ,30.0,0.130975,0.15500000000000003,30.0,0.002375000000000002,0.0042000000000000015,0.0010951116410490617,0.3165626521781684,0.000984658495008119,0.23976167091946746
KXWCGROUPQUAL-26I-IRQ,14.0,0.1056,0.12,14.0,0.0014000000000000009,0.0038000000000000013,0.0005358911965052563,0.18644153221000376,0.0004122275648088041,0.1624506818358064
KXWCGROUPQUAL-26I-IRQ,7.0,0.05639999999999999,0.06,7.0,0.0009000000000000002,0.0009,0.00019892293169891716,0.12345182652034214,0.00019086990787040923,0.12014190832301647
KXFOWOMENSINGLES-25-MA,30.0,0.09789999999999999,0.10999999999999999,27.0,0.0009500000000000001,0.0353,0.0009967171045585953,0.2494760417850096,0.0008639666329084189,0.2055202591068437
KXFOWOMENSINGLES-25-MA,14.0,0.09000000000000001,0.1,14.0,0.00045000000000000075,0.0335,0.00045175463947297627,0.19520010980050273,0.0003885434231733605,0.1734373595940242
KXFOWOMENSINGLES-25-MA,7.0,0.12040000000000001,0.14,7.0,0.00020000000000000036,0.0326,0.00021288063236861505,0.22876160538511123,0.00019645633019071843,0.18846377038294748
KXFOWOMENSINGLES-25-MA,3.0,0.1275,0.15,3.0,0.00010000000000000018,0.030599999999999995,0.00010294382405911913,0.19852107939534175,6.077407606455977e-05,0.16847576348219084
KXCPI-25APR-T0.4,30.0,0.0651,0.07,30.0,0.0014,0.024100000000000003,0.0011009505841791912,0.2712313759088136,0.0009371564353301753,0.21443750098425304
KXCPI-25APR-T0.4,14.0,0.0736,0.08,14.0,0.0007999999999999995,0.008799999999999999,0.0003842985598538312,0.17401742470608345,0.0004030817615466814,0.1511988251709966
KXCPI-25APR-T0.4,7.0,0.05639999999999999,0.06,7.0,0.0001999999999999998,0.005400000000000001,0.00020283918975504904,0.10545119870784926,0.00018372455706341668,0.12370588099578192
KXCPI-25APR-T0.4,3.0,0.0736,0.08,3.0,0.0001999999999999998,0.0034000000000000002,6.112676937628261e-05,0.09624822116365263,5.118958442928435e-05,0.10870714420380903
GPTPARAM-23-500,30.0,0.1411,0.17,30.0,0.0006499999999999999,0.09474999999999999,0.0011263886867565792,0.3323759985288048,0.0010231844113398096,0.2462053481827205
GPTPARAM-23-500,14.0,0.077775,0.08499999999999999,13.0,0.00030000000000000003,0.007274999999999999,0.00043726226178921276,0.18121794507117378,0.00040030446843732477,0.15395939492448585
GPTPARAM-23-500,7.0,0.0475,0.05,7.0,0.00030000000000000003,0.002,0.00019512045992492558,0.1273506814150543,0.00018017044670588496,0.0970108691246809
KXBNBMINMON-BNB-26AUG31-49000,30.0,0.162975,0.20500000000000002,29.0,0.0012999999999999993,0.068025,0.0011072312325914615,0.37072490701808186,0.0009161678583937122,0.25622519561952367
KXBNBMINMON-BNB-26AUG31-49000,14.0,0.060775,0.065,14.0,0.0006499999999999998,0.006075,0.0004591106438327507,0.15870830003791808,0.0003834563555563119,0.14913783112807744
KXBTCMINY-27JAN01-76000.00,30.0,0.19240000000000002,0.74,30.0,0.0017499999999999942,0.05569999999999997,0.0011578169706758423,0.4182346290831447,0.0008774011711536869,0.31038965306124816
KXBTCMINY-27JAN01-76000.00,14.0,0.2356,0.62,14.0,0.001099999999999991,0.04829999999999997,0.0004897524908944848,0.3383039320210359,0.0003271337477477782,0.27807530751753373
KXBTCMINY-27JAN01-76000.00,7.0,0.2139,0.69,7.0,0.00010000000000000018,0.042199999999999974,0.00024009439621863415,0.31935655121960727,0.00016540446930298497,0.24964328773689787
KXBTCMINY-27JAN01-76000.00,3.0,0.2211,0.67,3.0,0.0,0.038899999999999976,8.55853277630462e-05,0.26404881313693324,4.505161854882495e-05,0.23646721805244858
KXRANKLIST1SONG-26FEB28B-IJU,30.0,0.0651,0.07,30.0,0.0008999999999999997,0.12380000000000001,0.001029203624688508,0.27310839520971797,0.0009146648906046675,0.19973848955698412
KXRANKLIST1SONG-26FEB28B-IJU,14.0,0.05639999999999999,0.06,14.0,0.0003999999999999999,0.0010000000000000002,0.00043779291545736676,0.16066751315563002,0.00038867921964267553,0.14650855638469573
KXMASTERS-25-JR,30.0,0.0475,0.05,30.000000000000004,0.0005499999999999998,0.00425,0.001022777117122104,0.24232394754485526,0.0009803188464683876,0.19909647557659205
KXMASTERS-25-JR,14.0,0.05639999999999999,0.06,13.0,0.0001999999999999998,0.0025999999999999994,0.0004261238233109881,0.13892205563800641,0.0003828391910919976,0.1509410655624728
KXMASTERS-25-JR,7.0,0.05639999999999999,0.06,7.0,0.0001999999999999998,0.0025999999999999994,0.00021149719362533465,0.12544542376730586,0.00017774244027307662,0.1251360163372239
KXNHL-26-CAR,30.0,0.2356,0.38,30.0,0.0014999999999999994,0.25370000000000004,0.0011163792915383647,0.4171868894074101,0.0008419564959005491,0.32739000175047595
KXNHL-26-CAR,14.0,0.24,0.6,14.0,0.0008999999999999982,0.22330000000000005,0.0004766108709142926,0.3494398486827035,0.0003039282344195439,0.2870641848334522
KXNHL-26-CAR,7.0,0.24639999999999998,0.56,7.0,0.00010000000000000018,0.16530000000000003,0.00023515149544210478,0.32787113500223497,0.00011803383310578806,0.28506417135975065
KXNHL-26-CAR,3.0,0.2451,0.57,3.0,0.00010000000000000018,0.08840000000000002,8.026574619212933e-05,0.2600173477632401,3.7654653393507955e-05,0.2587248521505203
KXGRAMSOTY-68-WIL,30.0,0.0651,0.07,30.0,0.0009000000000000002,0.9219999999999999,0.0009801815183322457,0.2611098217615726,0.0009602029287306854,0.21594449824057713
KXGRAMSOTY-68-WIL,3.0,0.0475,0.05,3.0,0.00010000000000000005,0.9216,7.132753150124939e-05,0.08435466118850879,7.582017019548798e-05,0.07938710527279397
KXFOWOMEN-26-SAB,30.0,0.2211,0.33,30.0,0.0013000000000000004,0.36839999999999995,0.0011806257376859427,0.3886533068528816,0.0008592310484092495,0.297938340551044
KXFOWOMEN-26-SAB,14.0,0.19240000000000002,0.26,14.0,0.000699999999999999,0.36549999999999994,0.00047405711198881764,0.2979919201419984,0.0003334496280150985,0.25998789485376106
KXFOWOMEN-26-SAB,7.0,0.1875,0.25,7.0,0.00020000000000000036,0.35849999999999993,0.0002463990352390146,0.25879552893340896,0.00016661373957836873,0.2307779721456592
KXFOWOMEN-26-SAB,3.0,0.2331,0.37,3.0,0.0,0.34809999999999997,7.686718833700624e-05,0.27778714042097136,4.5477307440371763e-05,0.23677836833281632
KXYTVIEWSW-YOU26AUG09-8.0M,7.0,0.12040000000000001,0.14,7.0,0.00010000000000000005,0.014100000000000001,0.00022202938679152928,0.19835339957788956,0.00023343545556251522,0.14901804639947341
KXWNBA-25-ATL,30.0,0.08597500000000001,0.09500000000000001,30.0,0.00135,0.499425,0.0010795640228392874,0.2531126490509024,0.0010189541068647689,0.23764575460595305
KXWNBA-25-ATL,14.0,0.0736,0.08,14.0,0.00032500000000000004,0.499425,0.0004229336009770653,0.1592312332583895,0.0003737786958273831,0.17435090443585022
KXAPRPOTUS-26FEB27-42.6,7.0,0.0979,0.11,5.0,0.0,0.11789999999999999,0.00013222975986689218,0.1701613073638088,0.0001023106372999229,0.144550568473575
KXAPRPOTUS-26FEB27-42.6,3.0,0.21,0.3,3.0,0.0,0.0938,0.00010886920901300251,0.24340208302608082,5.018974903937491e-05,0.211468519574277
KXPUREALBUMS-ICE26MAY21-40K,30.0,0.24,0.6,30.0,0.0011250000000000001,0.154525,0.0011696072757118288,0.4293779345338038,0.0008926150643275614,0.33042495984873993
KXPUREALBUMS-ICE26MAY21-40K,14.0,0.2436,0.42,14.0,0.0009249999999999998,0.11072499999999999,0.0005053537664919728,0.34220502621523985,0.0003223541952881777,0.28646745551720165
KXPUREALBUMS-ICE26MAY21-40K,7.0,0.1539,0.19,7.0,0.0008249999999999996,0.036125,0.00024424667773211684,0.20359164239991046,0.00014682409611201143,0.19730737790819297
VAXX-21DEC01-T235,30.0,0.16000000000000003,0.2,30.041666666666664,0.0011999999999999995,0.1072,0.0011935215374383294,0.30781438427865787,0.0009727384222224207,0.2664092708254507
VAXX-21DEC01-T235,14.0,0.1659,0.21,13.999999999999996,0.0003999999999999997,0.06230000000000001,0.0005082774413785729,0.2830868039459442,0.00036791566103233446,0.223012839454345
VAXX-21DEC01-T235,7.0,0.05639999999999999,0.06,7.0,0.0003000000000000001,0.0020999999999999994,0.00021256030627883564,0.11371120537632473,0.00019937305189977216,0.109848671497611
VAXX-21DEC01-T235,3.0,0.0475,0.05,3.0,0.0001999999999999999,0.0016999999999999995,6.372025327630811e-05,0.0702101454466597,5.651702935869566e-05,0.07895528939021396
KXOSCARSUPACTO-25-GP,30.0,0.12040000000000001,0.14,29.999999999999986,0.0008999999999999994,0.012700000000000005,0.001126876260102229,0.292568738764263,0.0009530280175446385,0.26231929259600656
KXOSCARSUPACTO-25-GP,3.0,0.0475,0.05,2.999999999999986,0.00010000000000000005,0.0014000000000000002,7.657473952339753e-05,0.0875229542417743,7.238970240718473e-05,0.08371775557332445
KXPARDONSTRUMP-26JAN-14,30.0,0.1275,0.15,28.0,0.002924999999999983,0.41147500000000004,0.0009743452056639696,0.3099590367827407,0.0008712112150813323,0.23783856896747466
KXPARDONSTRUMP-26JAN-14,14.0,0.21000000000000002,0.7,14.0,0.0016999999999999832,0.054249999999999916,0.0005007407690150456,0.3507893854619366,0.0003195552920684614,0.2971128666267961
KXPARDONSTRUMP-26JAN-14,7.0,0.056400000000000144,0.9399999999999998,7.0,0.000899999999999995,0.005249999999999993,0.00023883013640921036,0.17756538171969727,0.0002368403108093535,0.13754898786133862
KXTOPALBUM-25JAN25-DTMF,14.0,0.24437499999999998,0.42499999999999993,12.0,0.00010000000000000018,1.489625,0.0004334504916563192,0.30403001302844296,0.00026793199770144957,0.30043700304212684
KXTOPALBUM-25JAN25-DTMF,7.0,0.1824,0.76,7.0,0.0,1.1448,0.00023746103235315605,0.2828149448876514,0.0001600609391803064,0.22707465360525297
KXTOPALBUM-25JAN25-DTMF,3.0,0.21389999999999998,0.31,3.0,0.0,0.9493,8.695972819485651e-05,0.27942627544746196,4.775712440425057e-05,0.22022999876378088
KXSURVIVORELIMINATION-26MAY08-EMI,7.0,0.0979,0.11,5.0,0.0,0.6285000000000001,0.0001349659588230122,0.14247434743526052,0.00013002110944134598,0.1281517996513162
KXSURVIVORELIMINATION-26MAY08-EMI,3.0,0.1476,0.18,3.0,0.0,0.626,9.891058863732278e-05,0.20720973012002578,6.220167708065277e-05,0.1763212936491115
KXDALSNOWM-25DEC-0.5,30.0,0.05639999999999999,0.06,30.0,0.0007000000000000002,0.028450000000000007,0.000980611902502798,0.26570158238418795,0.000918178716460564,0.22550818712253434
KXDALSNOWM-25DEC-0.5,7.0,0.05639999999999999,0.06,7.0,0.00020000000000000036,0.005550000000000001,0.00018668924725204254,0.13341888074047742,0.0001861297805744585,0.11649342646401072
KXDALSNOWM-25DEC-0.5,3.0,0.0651,0.07,3.0,0.0,0.0037000000000000006,5.2879885032518266e-05,0.09941872566297803,6.054958661058853e-05,0.08864156915429187
KXRANKLISTSONGTOP10-26MAR14-DTM,14.0,0.20589999999999997,0.29,9.958333333333334,0.0,0.0621,0.0003611027567968274,0.3115605281171015,0.0002481674894007348,0.25499716986975907
KXRANKLISTSONGTOP10-26MAR14-DTM,7.0,0.0475,0.05,6.958333333333334,0.0,0.03910000000000001,0.00019925435850458897,0.11821274897617798,0.0001770255061967226,0.11523188557916515
KXRANKLISTSONGTOP10-26MAR14-DTM,3.0,0.09000000000000001,0.1,2.958333333333334,0.0,0.007000000000000002,7.085102815713085e-05,0.13559966729685613,5.039112119259199e-05,0.11043210758787131
KXWTIW-26MAY08-B106.5,7.0,0.0475,0.05,6.0,0.0005999999999999998,0.0024999999999999996,0.00017566924537301728,0.10598319133986311,0.00016258217400422624,0.10446546253228556
KXWTIW-26MAY08-B106.5,3.0,0.05639999999999999,0.06,3.0,9.999999999999996e-05,0.0024999999999999996,6.855740246620491e-05,0.08512570426952402,5.513245478095238e-05,0.07935429569310921
KXNETFLIXRANKSHOWGLOBAL2-26AUG10-THE,7.0,0.12040000000000001,0.14,5.0,0.00010000000000000018,0.0089,0.00016816142507202113,0.17290067896856173,0.00015496080965529048,0.14340518040135486
KXNETFLIXRANKSHOWGLOBAL2-26AUG10-THE,3.0,0.1131,0.13,3.0,0.0,0.0089,7.898191256965733e-05,0.14974396744233076,7.18951641490976e-05,0.14662109351034233
KXBIGEASTREG-26-SJU,30.0,0.21389999999999998,0.31,29.95833333333333,0.000699999999999999,0.38439999999999985,0.0011750237112597942,0.387960179497847,0.0008940027587216473,0.3179240723648885
KXBIGEASTREG-26-SJU,14.0,0.2451,0.57,13.958333333333329,0.00010000000000000018,0.2591999999999999,0.0004916747554796841,0.3551053442235852,0.00032416201619732583,0.29313513766446286
KXBIGEASTREG-26-SJU,7.0,0.2244,0.34,6.958333333333329,0.0,0.19839999999999988,0.0002044890531918909,0.26373867022105946,0.00013074872897086767,0.27154512820610305
KXBIGEASTREG-26-SJU,3.0,0.2436,0.58,2.958333333333343,0.0,0.16819999999999993,8.48035212231427e-05,0.27905646597698797,4.3080265229573046e-05,0.251283975100227
KXCRITICSFOREIGN-26-ITW,30.0,0.234375,0.625,27.0,0.0016499999999999857,0.6898250000000002,0.0010278479066413713,0.37690067129597454,0.0007681435865020198,0.33062708157875437
KXCRITICSFOREIGN-26-ITW,14.0,0.22749999999999998,0.65,14.0,0.0007999999999999881,0.6630000000000003,0.0005030807292759114,0.33705025196080807,0.0003402745531345772,0.2804801802114366
KXCRITICSFOREIGN-26-ITW,7.0,0.22749999999999998,0.65,7.0,0.000499999999999992,0.6630000000000003,0.0002335113372506796,0.32933640998198443,0.00013437829368244782,0.26256939826800346
KXCRITICSFOREIGN-26-ITW,3.0,0.2176,0.68,3.0,0.00039999999999999183,0.6626000000000002,8.094186729880501e-05,0.2704478179110206,4.105189601446023e-05,0.2252112362875601
KXAAAGASM-25NOV30-3.05,30.0,0.2436,0.42,28.041666666666668,0.0015999999999999986,0.25899999999999995,0.0010954009755972933,0.39775100476175423,0.0008358937220145805,0.32331264959785116
KXAAAGASM-25NOV30-3.05,14.0,0.2484,0.54,14.000000000000002,0.0009999999999999996,0.1182,0.0005360614186575788,0.3447767726397859,0.00033127531939404633,0.2935490937807803
KXAAAGASM-25NOV30-3.05,7.0,0.24,0.4,7.0,0.000699999999999999,0.048299999999999996,0.00021083260790606657,0.3098575446699994,0.0001460691501596074,0.26982218907101957
KXAAAGASM-25NOV30-3.05,3.0,0.0475,0.05,3.0,0.0006,0.0001,7.775426425348184e-05,0.08144052399603657,5.262173190939418e-05,0.09108281889744457
KXWNBAMVP-25-NCOL,30.0,0.2499,0.49,30.0,0.00015000000000000029,1.4518499999999999,0.0011104302171113928,0.4062490194742774,0.0008857871886149013,0.3195472454639582
KXWNBAMVP-25-NCOL,14.0,0.21389999999999998,0.31,14.0,0.00010000000000000018,0.8769999999999999,0.0005311215896878678,0.3026248651623792,0.0003650270982450023,0.25302327951755615
KXWNBAMVP-25-NCOL,7.0,0.17709999999999998,0.22999999999999998,7.0,0.0,0.8212999999999999,0.00024450964875550235,0.2316059020618082,0.00015615952825799638,0.2168029113263397
KXWNBAMVP-25-NCOL,3.0,0.1344,0.16,3.0,0.0,0.7457999999999999,9.336206032873722e-05,0.21484816425065353,6.55941294656321e-05,0.15739022650800913
KXPRIMESPEND-26JUN27-T30,7.0,0.1716,0.22,7.0,0.0002000000000000001,0.0196,0.00024380474753664708,0.2555919555864744,0.00014735489794136713,0.22899907438911676
KXPRIMESPEND-26JUN27-T30,3.0,0.0819,0.09,3.0,0.00010000000000000018,0.012199999999999999,5.735335901557924e-05,0.12687568456600298,4.535686996640822e-05,0.11103038964624186
KXMLBNLROTY-25-CHOR,30.0,0.24189999999999998,0.4099999999999999,30.041666666666657,0.0010999999999999975,0.10939999999999998,0.001207681298633764,0.3969157288024998,0.0008965911512741284,0.3302259473848092
KXMLBNLROTY-25-CHOR,14.0,0.2379,0.39,14.041666666666657,0.00020000000000000036,0.09585,0.0005672572996045735,0.3107914311672134,0.0003590383010966439,0.2986244414222311
KXMLBNLROTY-25-CHOR,7.0,0.2356,0.38,7.0,0.0,0.0926,0.0002625467696771221,0.291251122949404,0.0001315250426880017,0.26628752580251636
KXMLBNLROTY-25-CHOR,3.0,0.2244,0.34,3.0,0.0,0.091,9.09992764860785e-05,0.24982640114423055,4.773967610254655e-05,0.24468463678022115
KXMARALAGO-26-RD,30.0,0.2176,0.68,30.0,0.001049999999999992,0.1298499999999999,0.0011110175024840157,0.4327567727037689,0.0008561678218765195,0.33637621030875337
KXMARALAGO-26-RD,14.0,0.2356,0.62,14.0,0.001024999999999993,0.10412499999999993,0.0005448234074429259,0.3074145580744785,0.0003297789918440003,0.2911154320189837
KXMARALAGO-26-RD,7.0,0.2016,0.72,7.0,0.0006999999999999924,0.08349999999999994,0.00021759816484333793,0.29498891031058555,0.00014110843268872613,0.24646349395058206
KXTSAW-26JAN04-A2.65,7.0,0.09000000000000001,0.1,5.0,0.0,0.033,0.00011445283369204364,0.13164369017613808,0.00010936916762044568,0.12179075368829963
KXTSAW-26JAN04-A2.65,3.0,0.0475,0.05,3.0,0.0,0.031700000000000006,8.075735309616275e-05,0.09659315850073552,6.77307759403629e-05,0.07523703909057508
KXWTIW-26MAR13-T85.00,7.0,0.1659,0.21,5.958333333333333,0.0,0.20929999999999999,0.00018843747997978946,0.23157466691878403,0.00012753742359802885,0.19074975416434356
KXWTIW-26MAR13-T85.00,3.0,0.2379,0.39,2.9999999999999996,0.0,0.06389999999999998,8.399097424638643e-05,0.27578771576840805,3.830541137687222e-05,0.2435305563685333
KXTOPSONG-24NOV09-LS,7.0,0.0736,0.08,6.0,0.0,0.09859999999999998,0.00015360609587326937,0.143791887689664,0.0001345836014062708,0.1238268995819837
KXNFLDRAFTTOP-26-R1-CHOO,30.0,0.2436,0.42,26.0,0.0007249999999999973,1.031275,0.000970870999049335,0.4128636542489723,0.0006664459795600171,0.33643889134671484
KXNFLDRAFTTOP-26-R1-CHOO,14.0,0.2436,0.58,14.0,0.00020000000000000036,0.7662,0.0005243255134413161,0.3665131050222294,0.00025904943103326433,0.3018296917347889
KXNFLDRAFTTOP-26-R1-CHOO,7.0,0.2244,0.66,7.0,0.00020000000000000036,0.6214,0.00020512016463109322,0.30023435503573104,0.00013232409926598501,0.25905427273989384
KXNFLDRAFTTOP-26-R1-CHOO,3.0,0.19240000000000002,0.74,3.0,0.0,0.615,7.810731061842268e-05,0.26465405784275164,4.8267479690154233e-05,0.22126625029013944
KXSNOWS-24-PITTS,7.0,0.1875,0.25,5.0,0.00039999999999999986,0.021500000000000002,0.0001485624898873605,0.2612552288689027,0.00010500842155597819,0.2238863858715532
KXSNOWS-24-PITTS,3.0,0.05639999999999999,0.06,3.0,0.00039999999999999986,0.0030000000000000005,5.962575188599137e-05,0.10160036220391502,6.555161059583946e-05,0.08702870980306511
KXUSGASCPI-26JUN10-T380,30.0,0.2451,0.57,28.0,0.0008000000000000005,0.5667999999999997,0.0010892592401212562,0.3878481524569505,0.0007518654004938403,0.3376391160383164
KXUSGASCPI-26JUN10-T380,14.0,0.249975,0.505,14.0,0.0004999999999999999,0.08042500000000001,0.0004786084168788289,0.35318282452489996,0.00031255694467993873,0.28322157653590724
KXUSOPEN-25-ARAI,14.0,0.24997500000000003,0.49499999999999994,13.0,7.500000000000001e-05,0.2401999999999999,0.0004364044772720911,0.37433380000246885,0.0002739624667762929,0.29125827004478666
KXNETFLIXRANKSHOW-25FEB10-T,7.0,0.21389999999999998,0.31,5.0,0.0,0.08429999999999999,0.00015851643429307802,0.2543939385321148,8.075317348748102e-05,0.23300879764041604
KXNETFLIXRANKSHOW-25FEB10-T,3.0,0.1344,0.16,3.0,0.0,0.073,9.666268859918131e-05,0.18931012773840464,5.150747518476568e-05,0.16509723857563116
KXWTIW-26MAY15-B95.5,7.0,0.16000000000000003,0.2,6.0,0.00010000000000000005,0.023300000000000008,0.00018757161299663634,0.24187961743286843,0.00013575481124316265,0.20679061689343725
KXBBCHARTPOSITIONSONG-26MAY09SWI-10,14.0,0.249775,0.485,10.0,0.00042500000000000046,0.25509999999999994,0.00037156355377217687,0.323428501505216,0.00019485980847050305,0.2782695075345299
KXBBCHARTPOSITIONSONG-26MAY09SWI-10,7.0,0.2499,0.49,7.0,0.00039999999999999986,0.25509999999999994,0.00023023610772847925,0.31139623140740436,0.00010599874484253514,0.26841109026345894
KXBBCHARTPOSITIONSONG-26MAY09SWI-10,3.0,0.0819,0.09,3.0,0.0,0.037099999999999994,5.5651423329288446e-05,0.11934793271391989,6.164172906037101e-05,0.10770661588767584
OSCARPIC-22-WEST,30.0,0.069375,0.075,29.958333333333336,0.0022500000000000007,0.0004250000000000002,0.0010413623168325852,0.25327029159474684,0.0009471317642413138,0.2055997314269922
KXBTCMINY-27JAN01-78000.00,30.0,0.1476000000000001,0.8199999999999998,29.0,0.0016999999999999854,0.0854499999999999,0.0010171293543426354,0.36916742267201935,0.0008548777782956805,0.29527333902202363
KXBTCMINY-27JAN01-78000.00,14.0,0.2451,0.57,14.0,0.0006499999999999944,0.06589999999999992,0.0005043540070151504,0.3421046741178142,0.00031505322893907796,0.2989673485260876
KXBTCMINY-27JAN01-78000.00,7.0,0.203775,0.715,7.0,0.0005249999999999943,0.04859999999999991,0.0002197752687703243,0.2925335079057659,0.00015843909277685986,0.24238581569406947
KXBTCMINY-27JAN01-78000.00,3.0,0.20590000000000003,0.71,3.0,9.999999999999351e-05,0.04819999999999991,8.739905618862565e-05,0.2645596758963243,5.7109777905311115e-05,0.223907079475047
KXNBADRAFTPICK-26-6-BBUR,14.0,0.0475,0.05,14.0,0.0005000000000000002,0.018199999999999997,0.00043278602543939717,0.14853207245227204,0.0004567799011989993,0.1425768887329602
KXNBADRAFTPICK-26-6-BBUR,7.0,0.051975,0.055,7.0,0.0002249999999999999,0.0178,0.0002942715508219827,0.12018316253406706,0.0002845781354444155,0.09943100529685306
KXNBADRAFTPICK-26-6-BBUR,3.0,0.0736,0.08,3.0,0.0,0.0162,6.138877997714002e-05,0.1279774048156165,6.178709649012597e-05,0.12042761270355365
KXCPI-26JUN-T-0.3,14.0,0.08189999999999997,0.91,14.0,0.0005000000000000009,0.8382000000000001,0.00044365288770434525,0.2402218381244733,0.00032753120335376513,0.22506407484422436
KXCPI-26JUN-T-0.3,7.0,0.1131,0.87,7.0,0.00030000000000000057,0.8314,0.00022670869694631956,0.25599058521919565,0.00020419319585209637,0.16472518481251888
KXCPI-26JUN-T-0.3,3.0,0.09789999999999999,0.89,3.0,0.00010000000000000018,0.8294,0.00011441212553312735,0.18562860740812126,8.106313559912949e-05,0.13583923255567973
KXWTIW-26MAY2914-B91.50,7.0,0.0475,0.05,6.0,0.0003,0.0068000000000000005,0.0001626711056406914,0.09904763568227365,0.00014959040762575372,0.110240668544837
KXWTIW-26MAY2914-B91.50,3.0,0.0475,0.05,3.0,9.99999999999999e-05,0.0068000000000000005,6.932239348880859e-05,0.08718919764874908,5.9424160159597084e-05,0.1047431674975483
KXAAAGASW-26APR13-4.280,7.0,0.1824,0.24,5.0,0.00019999999999999998,0.028199999999999992,0.00015677217760837672,0.2594251301416519,8.424861870361344e-05,0.219878042573377
KXEPLTOP4-26-LFC,30.0,0.2475,0.55,30.0,0.0010999999999999975,0.3665999999999999,0.001111728649646761,0.3817290102603381,0.0007964742091321461,0.3250817364166967
KXEPLTOP4-26-LFC,14.0,0.2331,0.63,14.0,0.0008999999999999972,0.3266,0.0005181486986946273,0.3370180588287778,0.00032063416702016856,0.2821572954292792
KXEPLTOP4-26-LFC,7.0,0.2451,0.43,7.0,0.0008999999999999972,0.18679999999999997,0.00023134756602773482,0.3146424597112546,0.00011269675892739896,0.279341723244505
KXEPLTOP4-26-LFC,3.0,0.2436,0.42,3.0,0.000799999999999997,0.17639999999999997,7.930873858929298e-05,0.26936924801571427,3.8505553542365724e-05,0.24979327463457154
KXAPRPOTUS-26JUL17-41.2,7.0,0.1824,0.24,6.0,0.0,0.573,0.00015956165870014042,0.25866372962884765,0.0001289365103936583,0.220423206886934
KXAPRPOTUS-26JUL17-41.2,3.0,0.1875,0.25,3.0,0.0,0.5717,8.799507090494117e-05,0.23395558704249886,3.651693585456778e-05,0.21152041412884615
KXHMONTH-26APR,30.0,0.0651,0.07,30.0,0.0012999999999999995,0.003399999999999999,0.0010777543112521096,0.24939826448210095,0.0009309755446928077,0.23831981042300648
PROLLS-23SEP-T0,14.0,0.06509999999999996,0.93,14.0,0.0007749999999999947,0.010174999999999983,0.0004477469618406845,0.2403818779862384,0.0003328475633913918,0.21455712020049922
PROLLS-23SEP-T0,7.0,0.07360000000000005,0.9199999999999999,7.0,0.0007499999999999958,0.0009000000000000016,0.00020436642982912714,0.20813408942993397,0.00021011819366269452,0.158566408946004
PROLLS-23SEP-T0,3.0,0.05639999999999995,0.9400000000000001,3.0,0.00034999999999999734,0.0009000000000000016,0.00010809217860710448,0.14672407657925882,8.918633513966737e-05,0.10639072082538999
KXNFLDRAFTTOP-26-10-OIOA,30.0,0.15389999999999998,0.18999999999999997,29.999999999999993,0.0013250000000000002,0.12627499999999997,0.0010949893936470865,0.3383740506608753,0.0010113170964322305,0.24668882590497962
KXNFLDRAFTTOP-26-10-OIOA,14.0,0.12040000000000001,0.14,14.0,0.0007999999999999997,0.0318,0.000522912881320497,0.2222645720788055,0.00042630591921359644,0.1969960825149328
KXNFLDRAFTTOP-26-10-OIOA,7.0,0.1344,0.16,7.0,0.00020000000000000036,0.026799999999999997,0.00021348276326614416,0.24676227644466003,0.00017559328122681103,0.18715102930497327
KXNFLDRAFTTOP-26-10-OIOA,3.0,0.1539,0.19,3.0,0.00010000000000000018,0.0234,8.632618661143975e-05,0.21122334628521233,6.190258940825978e-05,0.16063544745411598
KXTRUTHSOCIAL-26MAR07-B189,7.0,0.0979,0.11,6.0,0.0,0.09930000000000003,0.0001623247668672664,0.1765367569098573,0.0001336661044816043,0.15639493916796215
KXTRUTHSOCIAL-26MAR07-B189,3.0,0.20589999999999997,0.29,3.0,0.0,0.08830000000000003,8.128746278987884e-05,0.25356410808586366,5.1390016280728394e-05,0.23281740231202983
KXWTIW-26MAY08-B107.5,7.0,0.09000000000000001,0.1,6.0,0.00039999999999999975,0.0054,0.00014566583112392162,0.16182296834488874,0.00014422300283776682,0.12950686994391575
KXWTIW-26MAY08-B107.5,3.0,0.05639999999999999,0.06,3.0,0.00019999999999999987,0.0018000000000000002,6.586580304325229e-05,0.08827823618282896,6.207967120991247e-05,0.08785138992285668
KXINXMAXMM-30JUN2026-7660,30.0,0.1538999999999999,0.8100000000000002,28.0,0.000825,0.3096250000000001,0.000982062320287203,0.41543589964579,0.0008257485955705568,0.3002155760817886
KXINXMAXMM-30JUN2026-7660,14.0,0.2436,0.58,14.0,0.00022500000000000013,0.07152499999999999,0.0004827111833133731,0.3543912903002304,0.00032629431297520356,0.30017226662454505
KXINXMAXMM-30JUN2026-7660,7.0,0.19240000000000002,0.26,7.0,0.00012499999999999995,0.03282500000000001,0.00024738160761567736,0.2673234914089137,0.0001458271971289285,0.23387477550006971
KXINXMAXMM-30JUN2026-7660,3.0,0.05639999999999999,0.06,3.0,0.00012499999999999995,0.001025,6.553758043769653e-05,0.09298105630702257,6.800043908600025e-05,0.08961941553198631
KXBRENTW-26JUL1717-T79.99,7.0,0.130975,0.155,6.0,0.0,0.19582500000000003,0.00018268135000565493,0.2235065265421723,0.00014998512770250628,0.17062982263206694
KXBRENTW-26JUL1717-T79.99,3.0,0.1659,0.79,3.0,0.0,0.012299999999999998,8.478882837650884e-05,0.2384650905472975,4.675693728515609e-05,0.20196563445997792
KXAAAGASW-26MAR16TH-3.710,7.0,0.2379,0.61,5.0,0.0,0.3112999999999999,0.00015716366083239324,0.288130785715967,6.827600071950822e-05,0.2665320592289547
KXAAAGASW-26MAR16TH-3.710,3.0,0.24,0.6,3.0,0.0,0.20079999999999998,7.69215084074527e-05,0.27055219884759013,4.004293481735186e-05,0.258834851240309
KXLEADERNBA3PT-26-LDON,30.0,0.2499,0.51,30.000000000000014,0.0010999999999999953,0.058199999999999995,0.0011736775776528983,0.4327030209256547,0.0008686433689777379,0.33826321363911077
KXLEADERNBA3PT-26-LDON,14.0,0.04750000000000004,0.95,14.000000000000014,0.0007999999999999926,0.003299999999999997,0.000502380548282342,0.19245326660977477,0.0004283858030851076,0.21349811603930177
KXWCGROUPQUAL-26G-NZL,30.0,0.2176,0.32,30.0,0.001475,0.043825,0.0011600265828912923,0.4099155407053642,0.0008908657244488155,0.30372967830094616
KXWCGROUPQUAL-26G-NZL,14.0,0.2211,0.33,14.0,0.0006999999999999997,0.036000000000000004,0.0005205597678851267,0.30810551562863375,0.0003352698987910757,0.2607773850677344
KXWCGROUPQUAL-26G-NZL,7.0,0.19240000000000002,0.26,7.0,0.00040000000000000013,0.02540000000000001,0.00025695723414235875,0.2595387438674625,0.00016160343875131768,0.23274462683978783
KXWCGROUPQUAL-26G-NZL,3.0,0.0651,0.07,3.0,0.0002000000000000001,0.0013000000000000002,7.018693167217885e-05,0.09589999737620854,5.866906328912673e-05,0.10147734458543932
KXBTCMINMON-BTC-26JUL31-4250000,30.0,0.0475,0.05,29.0,0.0005499999999999999,0.0005000000000000002,0.0009429838531649215,0.2353219832805949,0.0009373587230395561,0.21260667236863826
KXBTCMAXMON-BTC-26JUL31-7250000,30.0,0.0736,0.08,29.0,0.0010999999999999988,0.02070000000000001,0.0010148643975574584,0.25135819863740233,0.0008789238283107628,0.22907765206837089
KXBTCMAXMON-BTC-26JUL31-7250000,14.0,0.0736,0.08,14.0,0.0005999999999999996,0.008600000000000002,0.0004457111774291948,0.17645998504172744,0.00037131391241690425,0.16089662264340876
KXBTCMAXMON-BTC-26JUL31-7250000,7.0,0.05639999999999999,0.06,7.0,0.00019999999999999998,0.001,0.0001813585722089089,0.10136379035757033,0.00019403126949378663,0.10635505977923689
KXCPICOREA-2025-3.3,30.0,0.16000000000000003,0.2,30.0,0.0017500000000000003,0.06864999999999999,0.0011164366161724505,0.34027546952312177,0.000995030109960259,0.2590717831942136
KXCPICOREA-2025-3.3,3.0,0.0651,0.07,3.0,0.0,0.007350000000000001,5.43421339041875e-05,0.12885557568900352,5.646229535381915e-05,0.10006647268917834
KXCPICOREYOY-26MAR-T2.8,30.0,0.2176,0.32,30.000000000000004,0.001199999999999999,0.7941999999999999,0.0012079381608390797,0.3870608971236838,0.0009338723330647799,0.30266164313598354
KXAAAGASW-26APR06-4.120,7.0,0.21000000000000002,0.7,5.0,0.0,0.4917999999999999,0.00014096083969677913,0.2696501669548211,0.0001096422311543233,0.22674138727573162
KXAAAGASW-26APR06-4.120,3.0,0.2356,0.62,3.0,0.0,0.48539999999999994,8.70881161468926e-05,0.29434741699666106,3.226451037410745e-05,0.25331947785920855
KXNETFLIXRANKMOVIERUNNERUP-26JUL13-GON,3.0,0.0475,0.05,3.0,0.0006,0.0001,5.722494961640161e-05,0.0844991936570494,7.687154170646686e-05,0.07150061492110794
KXNCAALAXFINAL-26-UVA,14.0,0.12040000000000001,0.14,14.0,0.0001750000000000002,0.019825000000000006,0.0005295511404377651,0.22324951518698652,0.000417452603429508,0.1986758362571665
KXTRUTHSOCIAL-26MAY09-B189,7.0,0.0475,0.05,6.0,0.00010000000000000018,0.0346,0.00016914063697266808,0.11449556772068831,0.0001699181408721822,0.0869979087744181
KXTRUTHSOCIAL-26MAY09-B189,3.0,0.1659,0.21,3.0,0.0,0.0177,9.621862944312069e-05,0.2206581682890861,4.486754983920164e-05,0.20222837637906063
BOOSTER-22FEB16-T92,7.0,0.2484,0.45999999999999996,5.0,0.0,0.12499999999999993,0.00014228289432316568,0.30594156177169657,9.534866250404238e-05,0.2866720871693981
BOOSTER-22FEB16-T92,3.0,0.1659,0.79,3.0,0.0,0.05249999999999992,0.00010579153882587014,0.23435552373191362,4.751765200715054e-05,0.20113702464904853
NASDAQ100Y-24DEC31-B15250,14.0,0.25,0.5,11.0,5e-05,0.24019999999999997,0.00038224930930124204,0.34707611360766016,0.00022626267062926585,0.27251182261873763
KXTRUMPMEET-26APR-RPAH,30.0,0.1131,0.13,28.0,0.00068375,0.02616925,0.0009630516912735333,0.28074609971602177,0.0009080387262241949,0.23092805948022913
KXTRUMPMEET-26APR-RPAH,14.0,0.0736,0.08,14.0,0.00035775,0.011901250000000002,0.0003967601025577542,0.1963823056446299,0.00039837321796118636,0.15715156962789792
KXTRUMPMEET-26-XJI,30.0,0.1056,0.88,30.0,0.000725000000000018,0.0053249999999999895,0.0009630028511257726,0.4103232502899634,0.0008322374327159652,0.2969265256904381
KXNYTHEAD-26MAR2-T10,30.0,0.168775,0.215,26.958333333333332,0.0007249999999999993,0.44925,0.0009879160202415805,0.33836079056491886,0.0008568655101389552,0.25756185933245873
KXNYTHEAD-26MAR2-T10,14.0,0.12749999999999995,0.8500000000000001,13.999999999999998,0.0005,0.1396,0.00045979801426844843,0.3015877592627378,0.00034911205235172907,0.2257819660214723
KXNYTHEAD-26MAR2-T10,7.0,0.2484,0.54,7.0,0.0005,0.10430000000000003,0.00023878642614106888,0.2926300844864681,0.0001165686058368203,0.2743046442910229
KXNYTHEAD-26MAR2-T10,3.0,0.1056,0.12,3.0,0.00039999999999999986,0.008199999999999999,8.566405137288479e-05,0.14362560100202226,7.349395859406088e-05,0.13031854680792188
KXTOPMODEL-25MAR-GPT45P,30.0,0.1275,0.15,21.958333333333332,0.0004999999999999998,0.06585000000000003,0.0007919279074052508,0.26690015283445073,0.0006801052332806892,0.21266555612665466
KXTOPMODEL-25MAR-GPT45P,14.0,0.1716,0.22,14.0,0.0004999999999999998,0.03389999999999999,0.0005415418181566654,0.3174546128687803,0.00036670012990887296,0.23087287506706214
KXRATECUTCOUNT-25DEC31-T1,30.0,0.0736,0.08,30.0,0.0006000000000000002,0.0018000000000000004,0.0010458922424819437,0.27893405126349946,0.0008822844749042111,0.2208372998720396
KXSB-26-JAX,14.0,0.0651,0.07,14.0,0.00020000000000000036,0.0037000000000000006,0.0004210154186110366,0.1821675624650292,0.0004026838914402789,0.16132556198841866
KXSB-26-JAX,7.0,0.05639999999999999,0.06,7.0,0.00010000000000000018,0.0037000000000000006,0.0001733234123307647,0.1226947195483595,0.00019276222892232803,0.11046946044534478
KXSB-26-JAX,3.0,0.0651,0.07,3.0,0.0,0.0037000000000000006,6.6326672538414e-05,0.10029241876531597,6.68538712172877e-05,0.0896807342360303
KXNFLDRAFTTOP-26-R1-MLEM,30.0,0.24997500000000003,0.49499999999999994,26.0,0.0006749999999999968,0.42385,0.0009679119603786174,0.37645065068521083,0.0006834011810751425,0.34105231496411265
KXNFLDRAFTTOP-26-R1-MLEM,3.0,0.2356,0.62,3.0,0.0,0.10100000000000002,7.649637558152287e-05,0.2657734534158758,4.45193535303301e-05,0.2509891407008469
538APPROVE-22OCT19-T43.4,7.0,0.0819,0.09,5.0,0.0,0.026700000000000005,0.00012523007065563872,0.1534800449359658,0.00013730303742462993,0.1307141148708256
KXGGFILMSUPACTR-26-ING,30.0,0.1344,0.16,30.0,0.0015250000000000027,0.031925,0.0011058879500069764,0.31686729189034746,0.0010417066580571223,0.26738831726503626
KXGGFILMSUPACTR-26-ING,14.0,0.10177499999999999,0.11499999999999999,14.0,0.001175000000000002,0.015400000000000002,0.0004785690396778726,0.23641689786768796,0.0004608511141991506,0.1913032802994914
KXGGFILMSUPACTR-26-ING,7.0,0.1275,0.15,7.0,0.00030000000000000057,0.015400000000000002,0.0002421655057112225,0.1824965208426704,0.00016809737816296996,0.1769533730392961
KXGGFILMSUPACTR-26-ING,3.0,0.12040000000000001,0.14,3.0,0.00010000000000000018,0.014500000000000002,9.497324030744419e-05,0.1636871435955954,9.564354442686159e-05,0.133640013036024
KXWTIW-26JUL1714-B72.50,7.0,0.0736,0.08,6.0,0.0003999999999999999,0.005400000000000001,0.00015885346232397628,0.12484061152055773,0.00014308653238971893,0.12590309809585634
TNOTEW-24MAR29-B4.31,7.0,0.05639999999999999,0.06,6.0,0.00042499999999999965,0.008025,0.00014094402913096034,0.11792399360541703,0.00014126501305301324,0.10847039551572511
TNOTEW-24MAR29-B4.31,3.0,0.0651,0.07,3.0,0.0003999999999999996,0.006500000000000001,6.843464368599863e-05,0.10508572000871542,5.5992879182448776e-05,0.09244512039584606
KXB200WS-26AUG07-4.000,30.0,0.1275,0.85,30.0,0.0008250000000000002,0.017325000000000007,0.0009767145678444067,0.4023250413478926,0.0007870719354045083,0.31397770729348573
TNOTEW-24JUN21-T4.06,7.0,0.07777500000000001,0.085,6.0,0.0002500000000000002,0.009024999999999998,0.0001615992056705923,0.14900950852159783,0.0001300362718965985,0.12761181146048206
KXWCGROUPQUAL-26L-GHA,30.0,0.2451,0.57,30.0,0.0008000000000000036,0.12689999999999996,0.001137929290104262,0.3999309188418671,0.0007895421463733926,0.3484710300447624
KXWCGROUPQUAL-26L-GHA,14.0,0.2496,0.48,14.0,0.00030000000000000165,0.11389999999999996,0.0005155995896209914,0.34962228041725807,0.00028507692807721983,0.29872199593719506
KXWCGROUPQUAL-26L-GHA,7.0,0.20590000000000003,0.71,7.0,0.00020000000000000036,0.06509999999999995,0.00023673726781314242,0.27867847616695834,0.00015230484843081649,0.24221362466824203
KXWCGROUPQUAL-26L-GHA,3.0,0.19240000000000002,0.74,3.0,0.0,0.06259999999999995,9.51056312693358e-05,0.25367430680384345,4.609907613671288e-05,0.2131998738571928
KXSOLMAXMON-SOL-26AUG31-8500,14.0,0.17709999999999998,0.22999999999999998,14.0,0.0004999999999999993,0.7152499999999999,0.0005160421940244312,0.26248694779531867,0.0003820659446993087,0.23344483288391404
KXSOLMAXMON-SOL-26AUG31-8500,7.0,0.21389999999999998,0.31,7.0,0.0,0.69895,0.00022827275093613173,0.2893776553466717,0.00014333540157167172,0.2480134226696008
KXSOLMAXMON-SOL-26AUG31-8500,3.0,0.0979,0.11,3.0,0.0,0.6863499999999999,7.357899771506195e-05,0.1415139590074167,6.235360217678065e-05,0.13201398992059074
KXNETFLIXRANKSHOW-26JUN15-SWE,3.0,0.0736,0.08,3.0,0.00010000000000000005,0.006500000000000001,6.544274197009572e-05,0.11568196949583957,5.682634370937786e-05,0.11282111878302108
KXNETFLIXRANKSHOW-25FEB24-THE31,7.0,0.0475,0.05,5.0,0.00039999999999999986,0.0005000000000000002,0.00015968241310429154,0.1260476894114618,0.00011885449270910508,0.11693405990374568
KXVOTEHUBTRUMPUPDOWN-25SEP19,7.0,0.24,0.4,5.0,0.00010000000000000018,0.43069999999999997,0.0001587343949317466,0.2760658535767284,8.006051626014289e-05,0.2576493237421843
KXVOTEHUBTRUMPUPDOWN-25SEP19,3.0,0.2451,0.57,3.0,0.00010000000000000018,0.4162,7.767574152468525e-05,0.27085361835550115,5.054899387378249e-05,0.2543412668328534
KXLAGODAYS-25MAR-3,30.0,0.2244,0.34,26.958333333333332,0.0015999999999999996,0.09140000000000001,0.0010672024806374866,0.3700147076849507,0.0007636730935409472,0.29635575950036264
KXLAGODAYS-25MAR-3,14.0,0.1476,0.18,13.999999999999998,0.0013999999999999993,0.03380000000000001,0.0004929523824312664,0.2554293188390399,0.0004128511148570599,0.23334162843112732
KXLAGODAYS-25MAR-3,7.0,0.1056,0.12,7.0,0.0008999999999999995,0.0021000000000000007,0.00023862784997827436,0.17198540723783623,0.0002206969355861802,0.15816777657408274
KXTRUTHSOCIAL-26MAY02-B129,7.0,0.16000000000000003,0.2,6.0,9.99999999999999e-05,0.011500000000000002,0.00020629612210868885,0.21097910541126041,0.00014868992267074376,0.20129262375070303
KXTRUTHSOCIAL-26MAY02-B129,3.0,0.0819,0.09,3.0,9.99999999999999e-05,0.005000000000000001,5.991667926113086e-05,0.1207513875972004,6.34868439446035e-05,0.1035644686756667
KXPAYROLLS-26APR-T100000,30.0,0.194775,0.265,30.0,0.0018500000000000014,0.46682499999999993,0.0011470510493632319,0.3473566260092521,0.0009474995725913377,0.27940860484674895
KXPAYROLLS-26APR-T100000,14.0,0.2331,0.37,14.0,0.0009999999999999996,0.4564999999999999,0.0005013833177170533,0.31871594723080804,0.0003311161989424095,0.2775481989472365
KXPAYROLLS-26APR-T100000,7.0,0.2244,0.34,7.0,0.000699999999999999,0.45069999999999993,0.00020631893163906102,0.2874093927801956,0.0001302495571864937,0.25400420734933027
KXPAYROLLS-26APR-T100000,3.0,0.21389999999999998,0.31,3.0,0.0004999999999999987,0.4497999999999999,8.166204730031955e-05,0.25247883940987587,3.984688076984025e-05,0.22639321070655785
KXETHMINMON-ETH-26FEB28-125000,30.0,0.24999999999999997,0.49999999999999994,26.0,0.0018,0.22534999999999994,0.0009971884628012682,0.39169590362504114,0.0007034451948517483,0.3269613620506331
KXNFLSBMVP-26-BNIX10,14.0,0.0736,0.08,14.0,0.0,0.005000000000000001,0.0004399744475196646,0.15785158031116786,0.0003811186665247114,0.16536897223665864
KXPAYROLLS-25OCT-T50000,30.0,0.19240000000000002,0.26,30.041666666666664,0.0020500000000000015,0.06210000000000001,0.0011707560994217666,0.37561470751271264,0.0009756086715362192,0.2844872677183348
KXPAYROLLS-25OCT-T50000,14.0,0.17709999999999998,0.22999999999999998,14.041666666666664,0.001450000000000001,0.05525,0.0005358421061312176,0.2865817502754942,0.00046354082331021435,0.23383834998869404
KXPAYROLLS-25OCT-T50000,7.0,0.17709999999999998,0.22999999999999998,7.041666666666664,0.0012500000000000005,0.0442,0.0002693147026311436,0.2774893881398182,0.0001981600739955864,0.2149137153483137
KXPAYROLLS-25OCT-T50000,3.0,0.1875,0.25,3.0,0.0004999999999999998,0.0442,7.324858848172848e-05,0.23708985048046027,4.138998459515122e-05,0.2032068344337388
KXAAAGASM-26MAR31-3.96,3.0,0.1056,0.88,3.0,0.0,0.004999999999999983,0.0001241183483188906,0.18962713931070335,7.78745137498985e-05,0.15525564560593388
KXRANKLISTBB100ARTIST-26FEB21-BAD,14.0,0.17159999999999997,0.78,12.0,0.00012500000000000022,0.10792499999999995,0.000430847063664616,0.31445214848194475,0.00029012703838626796,0.2439883473650157
KXOSCARNOMDIR-26-BS,30.0,0.0475,0.05,30.0,0.001925,0.004825,0.0010080287380926718,0.24695524613871558,0.000914728493402153,0.1774565238795989
KXAAAGASW-26MAR30-4.120,7.0,0.2176,0.32,5.0,9.999999999999996e-05,0.0737,0.00015209354849923345,0.287608970506735,8.724716871125662e-05,0.25838396477750797
NASDAQ100Y-24DEC31-B13750,14.0,0.25,0.5,11.0,7.500000000000009e-05,0.23532499999999998,0.00039629847569224027,0.33377927298672694,0.0002636897892780055,0.27921390246713895
NASDAQ100Y-24DEC31-B13750,7.0,0.24997500000000003,0.49499999999999994,7.0,4.9999999999999494e-05,0.23532499999999998,0.00024201300897882491,0.3065485718999619,0.00014519422608017137,0.27679586771730547
KXMUSKNW-26JUN30-T1600,14.0,0.1875,0.25,13.0,0.00075,0.06305000000000001,0.00047834727381999734,0.28343385294099294,0.00032940802101897156,0.24665856602774203
KXALBUMEQUIV-THI26AUG13-375K,30.0,0.2419,0.59,30.0,0.0014500000000000003,0.5134,0.0011554619234636395,0.3954646053865116,0.0008639344665114888,0.33269344370716003
KXALBUMEQUIV-THI26AUG13-375K,14.0,0.05639999999999999,0.06,14.0,0.00105,0.30529999999999996,0.00044231118886803924,0.1573676050621939,0.00040836227899033046,0.16129294746525338
KXALBUMEQUIV-THI26AUG13-375K,7.0,0.060775,0.065,7.0,0.000225,0.30529999999999996,0.00021610773584329732,0.13181877416656995,0.00021314725955037483,0.12664293482658387
KXALBUMEQUIV-THI26AUG13-375K,3.0,0.1476,0.18,3.0,0.0,0.2898,0.00011387231051935967,0.20671643682097063,5.365590635514209e-05,0.17079846186451583
KXWCGROUPQUAL-26K-UZB,30.0,0.21,0.3,30.0,0.001325000000000001,0.052725000000000015,0.0010994476927718945,0.3637554682773688,0.0008690700975458425,0.3131270418749423
KXWCGROUPQUAL-26K-UZB,14.0,0.21389999999999998,0.31,14.0,0.0004999999999999997,0.04940000000000001,0.0005243657551372355,0.3112812646289288,0.00036141684467390004,0.2705321910694563
KXWCGROUPQUAL-26K-UZB,7.0,0.1411,0.17,7.0,0.00029999999999999987,0.0234,0.00024980926587576236,0.20286407543922966,0.00016856164529023088,0.19383250556176065
CPI-23NOV-T-0.1,14.0,0.056400000000000144,0.9399999999999998,14.0,0.00037500000000000624,0.010175000000000003,0.0004222325595199451,0.22844858530904177,0.00033940310979940427,0.22420321204791585
CPI-23NOV-T-0.1,7.0,0.10177499999999999,0.885,7.0,0.0002750000000000038,0.006150000000000001,0.0002371913018516461,0.2182490823534161,0.0002006864832235952,0.16405823638874595
CPI-23NOV-T-0.1,3.0,0.0899999999999999,0.9000000000000001,3.0,2.4999999999998934e-05,0.005524999999999994,9.175203101571636e-05,0.21422722926152266,8.544389671472183e-05,0.13382268090225016
KXTOPALBUMBYOLIVIA-25,30.0,0.0475,0.05,30.0,0.0004999999999999998,0.51355,0.0010633546164339038,0.23235994128815846,0.0009421486307514201,0.2012520547968485
KXMARMAD1SEED-26-ILL,30.0,0.1411,0.16999999999999998,29.958333333333332,0.002574999999999999,0.06937499999999999,0.0010639791120633489,0.3372193526842014,0.0009469170724770165,0.25269159053687396
KXRAINNYCM-26FEB-1,30.0,0.08189999999999997,0.91,30.0,0.0009500000000000038,0.1611999999999999,0.0009802784085963388,0.36747221230733074,0.0008521982873538062,0.32083265753998363
KXRAINNYCM-26FEB-1,14.0,0.1659,0.79,14.0,0.00025000000000000266,0.06349999999999999,0.0004895478314822191,0.27545637130145134,0.00036521076493325284,0.23800737812744407
HURCTOT-23DEC01-T7,30.0,0.1538999999999999,0.8100000000000002,30.041666666666686,0.0008749999999999995,0.24957500000000007,0.0010700672756094446,0.4253786068475828,0.0008996828688114744,0.2952226158893179
HURCTOT-23DEC01-T7,14.0,0.1411,0.17,14.000000000000028,0.00047500000000000005,0.02617500000000001,0.000560755619436928,0.29352334441981115,0.00046077035521496106,0.23179720170759752
KXNBADRAFTTOP-26-R1-TREE,30.0,0.2436,0.42,29.0,0.00030000000000000003,0.8583000000000001,0.0010928968374092306,0.42742997247655123,0.0008282371523413454,0.3127577864703896
KXNBADRAFTTOP-26-R1-TREE,14.0,0.04750000000000004,0.95,14.0,0.00015000000000000029,0.43625,0.00044594123566382054,0.2323326762634376,0.0003870162399558548,0.19093981013259673
KXNBADRAFTTOP-26-R1-TREE,7.0,0.24277500000000002,0.585,7.0,0.0,0.22072500000000006,0.00023260010811118395,0.331466974283023,0.00012203937499065641,0.27727193345075496
KXNBADRAFTTOP-26-R1-TREE,3.0,0.2464,0.5599999999999999,3.0,0.0,0.12499999999999999,7.176204877313539e-05,0.2966715005704337,4.024068787978582e-05,0.2530899656973237
KXGRAMBRA-67-WDTY,30.0,0.2491,0.53,30.0,0.0007999999999999947,0.12389999999999994,0.0011577887712792131,0.4052741113938661,0.0008606461527890072,0.31158171535960644
KXGRAMBRA-67-WDTY,14.0,0.2436,0.58,14.0,0.0007999999999999947,0.11199999999999997,0.0005011798870003815,0.34952064801771465,0.0003241871350591863,0.28995981292551476
KXGRAMBRA-67-WDTY,7.0,0.2484,0.45999999999999996,7.0,0.0003999999999999985,0.10139999999999998,0.00022333870085460342,0.3038406285062088,0.00011744093602749685,0.28194755968643115
KXGRAMBRA-67-WDTY,3.0,0.2436,0.42,3.0,0.0,0.09459999999999999,8.56837963343549e-05,0.2732921244757093,3.8153182647351344e-05,0.25946831643851254
KXNCAAFPLAYOFF-25-ALA,30.0,0.06509999999999996,0.93,30.000000000000007,0.0013999999999999891,0.19169999999999998,0.0010585238830770468,0.34053126417064333,0.0008465586438898573,0.32226370677165245
KXNCAAFPLAYOFF-25-ALA,14.0,0.2304,0.64,14.0,0.0004999999999999943,0.17210000000000003,0.0005146444252120168,0.32724538834420325,0.0002875346390068881,0.287303801996843
KXNCAAFPLAYOFF-25-ALA,7.0,0.0899999999999999,0.9000000000000001,7.0,9.999999999999796e-05,0.10089999999999998,0.00022746858682042562,0.19655818303768494,0.00019374322780467916,0.18031447809062365
KXNCAAFPLAYOFF-25-ALA,3.0,0.09789999999999999,0.89,3.0,0.0,0.10049999999999996,8.640373663633367e-05,0.1706375272863191,8.278112980838765e-05,0.12940481143862256
KXNFLAFCCHAMP-25-IND,30.0,0.1275,0.15,30.00000000000003,0.0007999999999999997,0.0126,0.0010959909062952544,0.30130579803080904,0.0010142053446285167,0.24908975816966192
KXSNOWS-24-BIS,7.0,0.1275,0.15,6.0,0.0,0.023700000000000006,0.0002283981690716958,0.22177253180993958,0.00017365333498398279,0.18438176756568145
KXSNOWS-24-BIS,3.0,0.0651,0.07,3.0,0.0,0.0021,6.987587610331208e-05,0.12652499949272686,5.967821219619878e-05,0.10203951564325851
KXNFLDRAFTQB-26P3-TGRE,30.0,0.24997500000000003,0.49499999999999994,30.0,0.0007499999999999991,0.5021749999999999,0.0011602656271723357,0.4116234696826117,0.0008194376309351248,0.34344548037273365
KXNFLDRAFTQB-26P3-TGRE,14.0,0.1539,0.19000000000000003,14.0,0.00025000000000000044,0.3212999999999999,0.0005180780998839322,0.2713686518944634,0.00039448715248868504,0.2102213753651745
KXNFLDRAFTQB-26P3-TGRE,7.0,0.0736,0.08,7.0,0.0,0.09045000000000002,0.0001956322492955452,0.13548288409557255,0.0001771677789454236,0.1338066266383594
KXNFLDRAFTQB-26P3-TGRE,3.0,0.19240000000000002,0.26,3.0,0.0,0.06580000000000001,0.00010384953412356045,0.2413909399658507,5.7987473048381424e-05,0.2269415769739186
CPICORE-24MAR-T0.1,30.0,0.20999999999999996,0.7000000000000001,29.958333333333336,0.001049999999999983,0.07150000000000001,0.001182668567942076,0.4152072800351096,0.0008871328007742192,0.32624591512455453
CPICORE-24MAR-T0.1,14.0,0.11310000000000009,0.8699999999999999,14.0,0.00017499999999999696,0.009575000000000012,0.00044881506823132107,0.2828944962306442,0.00033564828284527755,0.23430130135255245
CPICORE-24MAR-T0.1,7.0,0.051974999999999945,0.9450000000000001,7.0,7.499999999999681e-05,0.0013000000000000023,0.00025739989775431957,0.16774573991535768,0.00023546983187060355,0.14241813314942975
KXRAINCHIM-26JAN-4,30.0,0.0475,0.05,29.0,0.0008999999999999993,0.38260000000000005,0.0009281992513300269,0.24213030805920635,0.0009090157321738029,0.20440418325232024
KXRAINCHIM-26JAN-4,14.0,0.16000000000000003,0.2,14.0,0.00039999999999999996,0.020000000000000007,0.0005473794497749349,0.2693241232058744,0.0003794299302127938,0.23520720060902722
KXCPI-25MAY-T-0.1,30.0,0.15077499999999996,0.8150000000000001,30.0,0.0008249999999999972,0.030600000000000037,0.0010677859921822668,0.4002480916316623,0.0008379413040033451,0.2847462179949407
KXCPI-25MAY-T-0.1,14.0,0.056400000000000144,0.9399999999999998,14.0,0.0002000000000000048,0.006200000000000044,0.0004087982968382421,0.24978068052215413,0.0003494562483785456,0.19900735719589682
KXCPI-25MAY-T-0.1,7.0,0.04750000000000004,0.95,7.0,0.0002000000000000048,0.0031000000000000185,0.0002227381036886139,0.17922315025068214,0.00022374762369838533,0.12664381483612597
KXCPI-25MAY-T-0.1,3.0,0.04750000000000004,0.95,3.0,0.0,0.0013000000000000023,9.030368392447183e-05,0.12610185587773237,8.651717950786167e-05,0.10528238243944614
TNOTEW-24MAY24-T4.20,7.0,0.0819,0.09,6.0,0.0,0.47724999999999995,0.00015350503417244576,0.15008676547520858,0.00015492400272053,0.13010486590742995
KXMARMADROUND-26F4-FLA,30.0,0.20589999999999997,0.29,29.958333333333336,0.0015999999999999964,0.14790000000000003,0.0010962312905955117,0.3607772615758329,0.0009189109032950854,0.3121387804228697
KXMARMADROUND-26F4-FLA,14.0,0.2475,0.45000000000000007,13.958333333333336,0.0007999999999999981,0.1165,0.0005058794391824053,0.3235380171875812,0.0003349907075016499,0.27834621491594563
KXMARMADROUND-26F4-FLA,7.0,0.24640000000000004,0.44,7.0,0.00019999999999999925,0.11560000000000001,0.000204032132449468,0.30020966424878504,0.00013423280297111543,0.26805231433008125
KXMARMADROUND-26F4-FLA,3.0,0.2244,0.34,3.0,0.00019999999999999925,0.10980000000000001,8.398242199012112e-05,0.25318192348379603,4.4304680835493704e-05,0.2505694881334316
KX1SONG-DRAKE-DEC2725,30.0,0.0651,0.07,30.0,0.001625,0.020125000000000004,0.00099544692218123,0.26821725492116794,0.0009241992094138706,0.23553257730962207
KXNFLDRAFTTOP-26-3-DBAI,30.0,0.2475,0.45000000000000007,29.999999999999993,0.00042499999999999466,0.334075,0.0011433268923164547,0.40719373428683864,0.0008018103153225614,0.3414064591390054
KXNFLDRAFTTOP-26-3-DBAI,14.0,0.2304,0.64,14.0,0.0,0.27765,0.0005184289476308841,0.33785433157265954,0.00032339703012994737,0.2645556107798558
KXNFLDRAFTTOP-26-3-DBAI,7.0,0.2139,0.69,7.0,0.0,0.21429999999999993,0.00022318290047234447,0.29368573575203677,0.00014063524512472007,0.2535855660544602
KXNFLDRAFTTOP-26-3-DBAI,3.0,0.1659,0.79,3.0,0.0,0.20429999999999993,7.250667746673568e-05,0.2337685828535365,5.9203515595033196e-05,0.19530384089266534
OSCARNOMACTR-25-SR,30.0,0.1275,0.15,30.00000000000003,0.0013249999999999998,0.049425,0.0011540728462820543,0.31404641591688487,0.000999106149115904,0.24670291203112285
OSCARNOMACTR-25-SR,14.0,0.12040000000000001,0.14,14.000000000000028,0.0005250000000000002,0.030525,0.0005432053355978724,0.21631009922821684,0.00047379670051885344,0.2059743854151942
OSCARNOMACTR-25-SR,7.0,0.0819,0.09,7.0,0.00047499999999999994,0.026725000000000006,0.00019486551549397236,0.14515091950367293,0.00016781643608601273,0.14198175126703144
OSCARNOMACTR-25-SR,3.0,0.051975,0.055,3.0,0.0,0.025125,0.00012404669624010317,0.10819018143796601,0.00016503820633120733,0.09728929362038578
KXUCLRO8-26-SPO,30.0,0.2475,0.45000000000000007,29.958333333333343,0.0006749999999999995,0.8970749999999998,0.0011177546487542986,0.4016941327194505,0.0007949166452390527,0.32577287689809803
KXUCLRO8-26-SPO,14.0,0.22897500000000004,0.6449999999999999,13.958333333333343,0.00045000000000000086,0.8544249999999999,0.0005017871164602602,0.3140547717177288,0.0003145936438536855,0.29977539462497527
KXUCLRO8-26-SPO,7.0,0.2436,0.58,7.0,0.0,0.8513999999999999,0.00024857594559035104,0.29492493939833503,0.00012216049305964485,0.27909237361187633
KXUCLRO8-26-SPO,3.0,0.0979,0.11,3.0,0.0,0.7080999999999998,5.7826035986349166e-05,0.13204065321956798,5.772354904486138e-05,0.11765646232135125
KXMARMADROUND-26F4-NEB,30.0,0.0651,0.07,29.958333333333336,0.003499999999999998,0.036000000000000004,0.0009998465354990513,0.28234380354386546,0.0009069898586451065,0.18906900701110899
KXMARMADROUND-26F4-NEB,14.0,0.0736,0.08,14.0,0.001399999999999999,0.0352,0.0004531932399880708,0.18418993376398554,0.0003869078107073812,0.14679397625006102
KXMARMADROUND-26F4-NEB,7.0,0.0475,0.05,7.0,0.0004999999999999995,0.0336,0.0002000165152429837,0.1061737013979188,0.00022535918427230695,0.10185017973588183
KXMARMADROUND-26F4-NEB,3.0,0.1476,0.18,3.0,0.0003999999999999996,0.0256,7.885966592429784e-05,0.20437498962456252,4.937653442510328e-05,0.1870861283689064
KXBRENTW-26JUN1217-T100.99,7.0,0.1716,0.22,6.0,0.0004999999999999998,0.035500000000000004,0.00020394093460156717,0.2408249842981599,0.0001594932743612653,0.21741142043335393
KXBRENTW-26JUN1217-T100.99,3.0,0.1476,0.18,3.0,0.0,0.033,8.478020856006322e-05,0.2083569045689997,4.972925535682947e-05,0.17163668799445006
GAS-22SEP05-T3.75,7.0,0.0475,0.05,5.0,0.0,0.011500000000000002,0.0001246974757108349,0.0983263342483901,0.0001218090101025665,0.07938367408156649
KXCRITICSFOREIGN-25-EP,30.0,0.2499,0.51,30.0,0.0003250000000000006,0.322625,0.0011208160859026359,0.4089874631216551,0.0007720595022532614,0.33438814285398266
KXCRITICSFOREIGN-25-EP,14.0,0.1875,0.75,14.0,0.0002250000000000004,0.199475,0.0005329707765983857,0.3136251534950687,0.00034916743023269235,0.2746564425135913
KXCRITICSFOREIGN-25-EP,7.0,0.21000000000000002,0.7,7.0,0.0,0.17560000000000003,0.0002315631199036628,0.3031185353138207,0.0001240347235160802,0.24099301176408108
KXCRITICSFOREIGN-25-EP,3.0,0.15999999999999998,0.8,3.0,0.0,0.15739999999999998,0.00011286889904739716,0.22025595484446533,6.434858286643855e-05,0.2040257278797619
KXWTIW-26JUL1014-B68.50,7.0,0.1275,0.15,6.0,0.00030000000000000035,0.012400000000000003,0.00023533511934168086,0.22459260380848436,0.0001697292434016006,0.16515167464829172
KXWTIW-26JUL1014-B68.50,3.0,0.1411,0.17,3.0,9.999999999999996e-05,0.012000000000000002,0.00010001401969719892,0.20689239316823838,6.404372137512056e-05,0.17263044595738727
KXNFLDRAFTPICK-26-7-CTAT,30.0,0.25,0.5,30.0,0.001524999999999999,0.37187499999999996,0.0011889382456149733,0.415065129765894,0.0008426654007970355,0.33137589223284264
KXNFLDRAFTPICK-26-7-CTAT,14.0,0.1344,0.16,14.0,0.0013249999999999991,0.222325,0.0005137829185045879,0.23126157035659808,0.00037607768308734764,0.19352790381208748
KXNFLDRAFTPICK-26-7-CTAT,7.0,0.24,0.4,7.0,0.0007999999999999992,0.1448,0.0002250306846967762,0.2939982708939866,0.00013687380537007654,0.2550500194096765
KXNFLDRAFTPICK-26-7-CTAT,3.0,0.17709999999999998,0.22999999999999998,3.0,0.0,0.06910000000000001,9.717547434149573e-05,0.23542952153344615,5.440696882009911e-05,0.20110285663029923
KXASYLUMCASES-24NOV-1500,14.0,0.1716,0.22,13.999999999999996,0.000699999999999999,0.15014999999999998,0.0005537724433586294,0.29608426587161535,0.00036828345133826284,0.24264281959066364
KXASYLUMCASES-24NOV-1500,7.0,0.1275,0.15,6.9999999999999964,0.00019999999999999982,0.12229999999999996,0.0002528710071242068,0.20782675405800421,0.00019651233151391973,0.18619086670101198
KXASYLUMCASES-24NOV-1500,3.0,0.1539,0.19,3.0,0.0,0.11489999999999997,7.587291977929062e-05,0.21367788480222955,5.825062062259804e-05,0.17780257000822544
KXEUROVISION-25-FIN,14.0,0.1539,0.19,14.0,0.0008499999999999997,0.0341,0.00049486815934306,0.2953900911254815,0.00041711137332695226,0.21935716579135067
KXNFLDRAFTTOP-26-5-JLOV,30.0,0.2304,0.64,29.999999999999993,0.00030000000000000274,0.33649999999999997,0.0010698287200207256,0.3949549481792667,0.000822507209840809,0.32793950598858584
KXNFLDRAFTTOP-26-5-JLOV,14.0,0.2244,0.66,14.0,0.00030000000000000274,0.1895,0.0005035782329191244,0.3358016391060292,0.00032679775326729244,0.2795935417035224
KXNFLDRAFTTOP-26-5-JLOV,7.0,0.2211,0.67,7.0,0.0001000000000000024,0.17779999999999996,0.0002442875668961584,0.2939716616399227,0.00014327020399169463,0.24761383549445107
KXNFLDRAFTTOP-26-5-JLOV,3.0,0.11310000000000009,0.8699999999999999,3.0,0.0001000000000000024,0.08680000000000002,9.816761570361572e-05,0.17065160637610466,5.7268669695584335e-05,0.15508821769006853
MEASLES-24-200,30.0,0.1824,0.76,31.0,0.0010500000000000086,0.03289999999999996,0.0011488892611098505,0.4167639504751401,0.0009272532242050489,0.31451026014445094
MEASLES-24-200,14.0,0.2016,0.72,15.0,0.00037500000000000743,0.03147499999999996,0.0005796670713369439,0.31242373217065805,0.0003690807894590746,0.2616540888529741
KXWCGROUPQUAL-26K-COL,30.0,0.1056,0.88,30.0,0.0012999999999999813,0.009149999999999991,0.000994408298294297,0.361990846135689,0.0008325887855669927,0.29859336793837216
KXWCGROUPQUAL-26K-COL,14.0,0.08189999999999997,0.91,14.0,0.00039999999999999183,0.006499999999999978,0.0003985983473082527,0.24232418259957633,0.00037866415325926635,0.20548170933056384
KXWCGROUPQUAL-26K-COL,7.0,0.0899999999999999,0.9000000000000001,7.0,0.00029999999999999385,0.006499999999999978,0.00024932116482211656,0.20598208078566294,0.0002062499753616963,0.16497930551872217
KXNFLWINS-SEA-25B-T7,30.0,0.06937499999999987,0.9250000000000002,30.04166666666667,0.000600000000000001,0.6055249999999999,0.0010824294803973141,0.39884517078134435,0.0009059305640331691,0.3019549830030413
KXNCAAMBCOTY-26-FHOI,30.0,0.24997500000000003,0.49499999999999994,22.0,9.99999999999999e-05,1.0313250000000003,0.0008347434410040134,0.38230535512978464,0.0005670314521158427,0.3135099294607797
KXNCAAMBCOTY-26-FHOI,14.0,0.1056,0.12,14.0,0.0,0.9384000000000003,0.0004868674858351482,0.20665273425785635,0.00041541791830982126,0.1875881429703133
KXNCAAMBCOTY-26-FHOI,7.0,0.22749999999999998,0.35,7.0,0.0,0.8837000000000003,0.00025124776361991146,0.2834501601759614,0.0001596806627207698,0.255666904663504
KXNCAAMBCOTY-26-FHOI,3.0,0.2436,0.58,3.0,0.0,0.6826000000000001,6.689905374223623e-05,0.27614752140790416,4.514532949848077e-05,0.2531319157133483
KXTRUMPMEETING-27JAN01-KWAR,14.0,0.15697500000000003,0.8049999999999999,10.0,2.5000000000002264e-05,0.021750000000000002,0.0003454386320951047,0.28201201811938054,0.0002695069525425051,0.23185114571432267
KXTRUMPMEETING-27JAN01-KWAR,7.0,0.12040000000000001,0.86,7.0,2.5000000000002264e-05,0.018724999999999995,0.00021270142978084327,0.24522945496206414,0.00019134284676095248,0.18385313040051662
KXTRUMPMEETING-27JAN01-NMCAR,30.0,0.15077499999999996,0.8150000000000001,30.0,0.0010589999999999961,0.01318100000000001,0.001090085142584511,0.35421375494236584,0.0008438436159873469,0.30030434936821704
KXTRUMPMEETING-27JAN01-NMCAR,14.0,0.07317975000000002,0.9205,14.0,0.0007187499999999983,0.00528599999999999,0.0004109305596985996,0.2434986385410469,0.00036812807332925197,0.2015072255474822
KXTRUMPMEETING-27JAN01-NMCAR,7.0,0.0899999999999999,0.9000000000000001,7.0,0.0006124999999999984,0.0032335000000000024,0.0002532729814581173,0.2294235040764288,0.00021151676463195427,0.1712270870588965
KXAPRPOTUS-26AUG21-39.5,7.0,0.1476,0.18,6.0,0.0003999999999999996,0.4933999999999999,0.0001865393815097134,0.21922570949255799,0.0001460465626901707,0.1793047899791498
KXAPRPOTUS-26AUG21-39.5,3.0,0.1056,0.12,3.0,0.0003999999999999996,0.4897999999999999,8.932410947490137e-05,0.1419041254636632,8.552383074699131e-05,0.12903793818787526
KXNETFLIXRANKSHOWGLOBAL-26JAN05-STRANG,7.0,0.0819,0.09,5.0,0.00015000000000000001,0.004999999999999999,0.00010846787811143822,0.11289132820102193,0.00011115387087688562,0.1281404055812782
KXOSCARNOMSUPACTR-25-MQ,30.0,0.24,0.4,30.0,0.0002999999999999972,0.39135,0.0011369373269342242,0.4192886873340199,0.0008351693769220336,0.29623099329538155
KXOSCARNOMSUPACTR-25-MQ,14.0,0.2356,0.62,14.0,9.999999999999907e-05,0.2779499999999999,0.00047363483531709947,0.34843565499791396,0.00029065193855003875,0.2931743027843941
KXOSCARNOMSUPACTR-25-MQ,7.0,0.22749999999999998,0.35,7.0,0.0,0.19249999999999995,0.0002333635859804179,0.3212580432616184,0.00014684837745654138,0.2520938163906042
KXOSCARNOMSUPACTR-25-MQ,3.0,0.2331,0.37,3.0,0.0,0.18549999999999994,7.465058253914985e-05,0.25601507678046853,4.0269436377331734e-05,0.2471554670212819
KXAAAGASW-26AUG17-4.080,7.0,0.2475,0.55,5.0,0.0,0.5178999999999998,0.0001570555734644228,0.3093240095340529,7.014367817884863e-05,0.25923160837939735
KXAAAGASW-26AUG17-4.080,3.0,0.05640000000000005,0.94,3.0,0.0,0.4054,0.0001073475142902217,0.15592204309040925,9.761464054345903e-05,0.10780673523533613
KXU3-25MAY-T4.5,30.0,0.0564,0.060000000000000005,30.0,0.001625,0.008925,0.0010989651552866,0.2099187405652441,0.0010724450173996577,0.20913201279847307
KXU3-25MAY-T4.5,14.0,0.0475,0.05,14.0,0.0004000000000000002,0.0041,0.00046565009580994826,0.16857839757441956,0.0003995676994638137,0.14675932843730216
KXNETFLIXRANKMOVIE-26JUL13-SPI,7.0,0.2496,0.48,5.0,0.0004999999999999999,0.19369999999999998,0.00016110194857291117,0.28903553814040583,8.795047064402338e-05,0.2684145143268379
KXGGDIR-25-JA,30.0,0.07777500000000001,0.085,33.0,0.0005249999999999996,0.007750000000000001,0.0011194263714964874,0.29918115474130663,0.0010481674396375588,0.22634980856189998
KXGGDIR-25-JA,14.0,0.060775,0.065,13.0,0.00034999999999999967,0.007125,0.00042969812266602865,0.13640912490058058,0.0003803454743213876,0.13265755133840368
KXGGDIR-25-JA,7.0,0.0564,0.060000000000000005,8.0,0.0003249999999999997,0.007125,0.00031528275228185065,0.12607918835733883,0.00033010599041115806,0.11722535518662255
KXGGDIR-25-JA,3.0,0.0819,0.09,3.0,0.0001999999999999998,0.006500000000000001,6.673780818066235e-05,0.11509697238541133,6.132681098148802e-05,0.1252173563429553
BTCMAX100-24-DEC31-100000,30.0,0.09789999999999999,0.10999999999999999,30.00000000000003,0.0004000000000000002,0.3882999999999999,0.0011035029347789675,0.26665804009425875,0.001034768307599264,0.22560937389929084
BTCMAX100-24-DEC31-100000,14.0,0.09789999999999999,0.89,14.000000000000028,0.00020000000000000036,0.17849999999999988,0.0004500236002614479,0.2584870890372643,0.0003596861709636801,0.2524268863599107
BTCMAX100-24-DEC31-100000,7.0,0.2016,0.72,7.000000000000028,0.00020000000000000036,0.1287999999999999,0.0002891768337940347,0.2859339413287567,0.00017484576099608838,0.2547417616706565
BTCMAX100-24-DEC31-100000,3.0,0.2016,0.72,3.0,0.00010000000000000018,0.1274999999999999,7.670912483233968e-05,0.2321404894117861,5.297787675900778e-05,0.21993963993109666
KXPAYROLLS-24DEC-T150000,30.0,0.238975,0.605,30.0,0.0006000000000000022,0.090475,0.0011737920906656745,0.4107391691397392,0.000836844895206102,0.34597900024106304
KXPAYROLLS-24DEC-T150000,14.0,0.1875,0.75,13.0,0.0003499999999999984,0.0731,0.0004457627986425632,0.3332997009748436,0.00033681735409507693,0.25079481479456767
KXPAYROLLS-24DEC-T150000,7.0,0.22749999999999998,0.65,7.0,0.00025000000000000044,0.0684,0.00022547783396676644,0.30402775201669846,0.00014465829406790938,0.25617989348044373
KXPAYROLLS-24DEC-T150000,3.0,0.2304,0.64,3.0,0.0,0.06659999999999999,8.326512468438932e-05,0.2797705379856391,4.0715987624228925e-05,0.2389050108222399
538APPROVEY-23DEC31-T42.9,30.0,0.051975,0.055,30.0,0.000725,0.0005000000000000002,0.00108974547187551,0.26890982414493186,0.001054010466035273,0.19890077322401145
KXCPI-26FEB-T0.2,30.0,0.1875,0.75,29.958333333333336,0.0009999999999999974,0.3752500000000001,0.0010977709799699618,0.3883723340035483,0.0008696528405984325,0.32854574967999656
KXCPI-26FEB-T0.2,14.0,0.24639999999999998,0.56,13.958333333333336,0.0006999999999999967,0.27690000000000003,0.00048803437712491906,0.35655759664355685,0.0003229202237798429,0.2901190947796801
KXCPI-26FEB-T0.2,7.0,0.2436,0.58,6.958333333333336,0.0002999999999999983,0.27530000000000004,0.0002155741023574125,0.29391734842707407,0.00012382797133086637,0.26885304486614464
KXCPI-26FEB-T0.2,3.0,0.24639999999999998,0.56,2.9583333333333357,0.00010000000000000018,0.27530000000000004,8.499773768134797e-05,0.2812457713240552,3.67057559435846e-05,0.2690863822377984
KXXRPMINMON-XRP-26MAR31-120,30.0,0.24999999999999997,0.49999999999999994,26.958333333333332,0.0006999999999999973,0.17125,0.0010641342327579763,0.3525487247106441,0.0007798098402326265,0.32650280032039075
KXXRPMINMON-XRP-26MAR31-120,14.0,0.1275,0.15,13.999999999999998,0.0005999999999999994,0.060300000000000006,0.00047472887207088073,0.24035828456612657,0.0003949761925806954,0.18669418988653308
KXXRPMINMON-XRP-26MAR31-120,7.0,0.1344,0.16,7.0,0.0,0.019000000000000003,0.00027449171030952113,0.22026782336764156,0.0001949223154914906,0.20775949427348606
KXXRPMINMON-XRP-26MAR31-120,3.0,0.1539,0.19,3.0,0.0,0.0137,8.731071677914662e-05,0.22360634431149912,4.682417397354019e-05,0.19126555634228254
OSCARNOMPIC-25-F,30.0,0.0475,0.05,32.0,0.00055,0.0010000000000000002,0.0010815697130349957,0.2546874072380156,0.0010314920383280954,0.20338390180712998
KXMLBNLMVP-25-FFRE,30.0,0.12040000000000001,0.14,30.041666666666657,0.0001,0.50415,0.0012063851817279109,0.3182096712825517,0.0008965472958993333,0.2504126469834474
KXAAAGASW-26JUL13-3.800,7.0,0.0979,0.11,5.0,0.00010000000000000018,0.5189999999999999,0.00011018681010677632,0.14678648900820387,0.0001211322686125454,0.1331859223659789
KXTOPSONG-26JUL18-IKN,7.0,0.0651,0.07,7.0,0.00017500000000000003,0.0025250000000000003,0.00019764276843032026,0.14533000095035098,0.00015298964752027118,0.1212613758564532
GRAMSOTY-66-WWIMF,30.0,0.0819,0.09,29.0,0.0023749999999999917,0.5284749999999999,0.001028870240112354,0.2248023384612609,0.0008656130136893889,0.22670387754175958
GRAMSOTY-66-WWIMF,14.0,0.24909999999999996,0.4699999999999999,14.0,0.0018249999999999887,0.43482499999999985,0.0005027314948349891,0.3395716457423175,0.00031502646787798016,0.28470590805968227
GRAMSOTY-66-WWIMF,7.0,0.2436,0.42,7.0,0.0009249999999999994,0.42262499999999986,0.0002468777055083305,0.28835360985805614,0.00013876126036204244,0.26567176249597
GRAMSOTY-66-WWIMF,3.0,0.2211,0.33,3.0,0.0004250000000000008,0.40962499999999985,8.240822260350423e-05,0.25290245012637547,4.810469991377405e-05,0.23895536929502303
KXCPIYOY-26JUL-T4.0,30.0,0.051975,0.055,30.0,0.0012,0.0034249999999999997,0.0011133357493370588,0.23605511448145294,0.001021689167834933,0.1992960360494117
KXLALIGARELEGATION-26-GIR,30.0,0.060775,0.065,30.0,0.0009249999999999995,0.6762,0.0010386033233605613,0.2284902508786395,0.0009558491726841294,0.21547370505165916
KXLALIGARELEGATION-26-GIR,14.0,0.245775,0.43500000000000005,14.0,0.00015000000000000029,0.5400750000000001,0.0005362266962611581,0.3093205620732029,0.0003417501954326832,0.2955430579763972
KXLALIGARELEGATION-26-GIR,7.0,0.2356,0.38,7.0,0.0,0.5216,0.00023029434769839937,0.28607916101190844,0.00010816574257348663,0.26142461435428266
KXLALIGARELEGATION-26-GIR,3.0,0.2475,0.55,3.0,0.0,0.25369999999999987,9.801832141481604e-05,0.2893374510292658,3.714619948306836e-05,0.2669337250036057
KXNBADRAFTPICK-26-8-AMAR,30.0,0.17709999999999998,0.22999999999999998,30.0,0.0013499999999999996,0.18205,0.0011717469273509918,0.37493472191268234,0.0009399374144330664,0.2768526298008141
KXNBADRAFTPICK-26-8-AMAR,14.0,0.16000000000000003,0.2,14.0,0.0005000000000000003,0.1531,0.0005301749640522434,0.2695377867877269,0.0004017153618387481,0.22048554327978473
KXNBADRAFTPICK-26-8-AMAR,7.0,0.1875,0.25,7.0,0.00020000000000000036,0.1473,0.0002272540731806824,0.2669506658284083,0.00015390270108619542,0.21003734484011394
KXNBADRAFTPICK-26-8-AMAR,3.0,0.2016,0.28,3.0,0.00010000000000000018,0.1449,9.180339096705764e-05,0.2587813639664075,5.042205189569784e-05,0.2243391983081733
KXNFLDRAFTPICK-26-7-JLOV,30.0,0.2244,0.34,30.0,0.001499999999999999,0.0744,0.0011417159056495616,0.3717712132216991,0.0008889026021038017,0.30538422240116886
KXNFLDRAFTPICK-26-7-JLOV,14.0,0.1659,0.21,14.0,0.001,0.03189999999999999,0.0005193588215339438,0.2986450014501014,0.00038579777468203527,0.24231539000464022
KXNFLDRAFTPICK-26-7-JLOV,7.0,0.20589999999999997,0.29,7.0,0.0005999999999999994,0.022499999999999996,0.00021629078788990878,0.26430914759900315,0.000131142273430086,0.23334445817560437
KXNFLDRAFTPICK-26-7-JLOV,3.0,0.1716,0.22,3.0,0.00010000000000000018,0.016099999999999996,8.828104324367637e-05,0.21415288782718597,6.56333538156854e-05,0.18766591591334322
KXBAFTAACTO-26-TIM,30.0,0.1875,0.75,30.0,0.001600000000000012,0.6273,0.001104274893571447,0.38028149947609224,0.0008566442144333858,0.30175104354619636
KXBAFTAACTO-26-TIM,14.0,0.15999999999999998,0.8,14.0,0.0008000000000000104,0.5804,0.00047395718014019,0.2886427711459386,0.00038728712533470723,0.2410934377759176
KXBAFTAACTO-26-TIM,7.0,0.17159999999999997,0.78,7.0,0.0004000000000000096,0.5796,0.00025796416391062564,0.3010563857508119,0.00018378794013697235,0.2170200968298573
KXBAFTAACTO-26-TIM,3.0,0.15999999999999998,0.8,3.0,0.0002000000000000048,0.5792,8.614056266801281e-05,0.22636940979535106,6.897388115523591e-05,0.18978791333296408
KXYTVIEWSW-TAY26AUG23-15.8M,7.0,0.2499,0.49,6.0,0.00039999999999999986,0.9811,0.00018811284264506073,0.2895081887589142,0.00010010636011257055,0.262776964960541
KXYTVIEWSW-TAY26AUG23-15.8M,3.0,0.0475,0.05,3.0,0.00039999999999999986,0.0005000000000000002,8.100345643381443e-05,0.08181000952439979,6.762398508443098e-05,0.07310234794034805
KXPAYROLLS-25MAY-T200000,30.0,0.1659,0.21,30.0,0.0035999999999999995,0.024300000000000002,0.0010973288734556315,0.3027459726951955,0.0009750454176687594,0.2685864794514073
KXPAYROLLS-25MAY-T200000,14.0,0.1716,0.22,14.0,0.001699999999999999,0.020900000000000002,0.0005212807491269237,0.2885640728602769,0.0003976308744068255,0.2175635732922295
KXPAYROLLS-25MAY-T200000,7.0,0.1275,0.15,7.0,0.0006999999999999998,0.015000000000000003,0.00022760380651596097,0.22040219165995023,0.0001900243820199782,0.17139033698355596
KXPAYROLLS-25MAY-T200000,3.0,0.05639999999999999,0.06,3.0,0.00020000000000000036,0.011600000000000003,5.99157590399369e-05,0.09318389862087344,5.229624678009498e-05,0.10209174173891339
KXNYTHEAD-26FEB-T0,30.0,0.249975,0.505,24.0,0.0007500000000000024,0.564125,0.0009134279075184076,0.4323491555872819,0.000624841303883939,0.32228859295342543
KXNYTHEAD-26FEB-T0,14.0,0.2244,0.34,14.0,0.00035000000000000287,0.3789,0.0005244698058468334,0.2971564317861878,0.00034417156433201574,0.2691825777370889
KXNBAEAST-25-NYK,30.0,0.0475,0.05,30.0,0.0010000000000000028,0.3721000000000001,0.0009097483194226419,0.2415255470355429,0.0008810652144891335,0.2075062746146778
KXNBAEAST-25-NYK,14.0,0.24,0.6,14.0,0.0004000000000000018,0.2106,0.0005021942953607112,0.3566755038136212,0.0003339279678421746,0.29048157807606406
KXNBAEAST-25-NYK,7.0,0.1659,0.21,7.0,0.00010000000000000018,0.11600000000000002,0.00024139013103767037,0.25343848361895893,0.00016208214714084283,0.21742896850568155
KXNBAEAST-25-NYK,3.0,0.1275,0.15,3.0,0.00010000000000000018,0.06299999999999999,7.468088910379045e-05,0.20413088205172195,4.504281627855279e-05,0.1632549652791441
KXNFLWINS-SEA-25B-T12,30.0,0.24,0.4,30.0,0.0005249999999999932,0.39447500000000013,0.0011881615839325122,0.41435645028857965,0.0008284174006982777,0.32554567539774076
KXNFLWINS-SEA-25B-T12,14.0,0.2211,0.67,14.0,0.0003249999999999939,0.3657250000000001,0.0004913315192302834,0.33410652405773594,0.00037704411705202285,0.2747448492197005
KXNFLWINS-SEA-25B-T12,7.0,0.1538999999999999,0.8100000000000002,7.0,9.999999999999351e-05,0.02079999999999997,0.0002471872790796141,0.2587479411622817,0.000187368949468616,0.20919032870473991
KXNFLWINS-SEA-25B-T12,3.0,0.13440000000000002,0.84,3.0,0.0,0.011399999999999987,0.00010930477718087786,0.20314352613652928,8.203890134699616e-05,0.1732550345923571
KXNBADRAFTPICK-26-6-MBRO,30.0,0.1476,0.18,30.0,0.0006250000000000006,0.33262500000000006,0.0011810494622560203,0.31331446909346444,0.0009696268788024457,0.2561339426263542
KXNBADRAFTPICK-26-6-MBRO,14.0,0.17709999999999998,0.22999999999999998,15.0,0.00042500000000000025,0.323525,0.000554058634816268,0.26234738144384695,0.0004199621632778783,0.22034822415146307
KXNBADRAFTPICK-26-6-MBRO,7.0,0.19240000000000002,0.26,7.0,0.00010000000000000018,0.3229,0.00024779831954504594,0.25191679996398914,0.00016798699396672863,0.22774073893922797
KXNBADRAFTPICK-26-6-MBRO,3.0,0.2379,0.39,3.0,0.00010000000000000018,0.30200000000000005,8.21388829465783e-05,0.26949383816491007,3.4370092915580176e-05,0.24087088075006122
KXNFLWINS-ARI-25B-T3,30.0,0.13439999999999994,0.8400000000000001,29.999999999999986,0.00010000000000000018,2.5848000000000004,0.001099649186798298,0.38639028049355617,0.0008632014866919071,0.2907583606222387
KXNFLWINS-ARI-25B-T3,14.0,0.19240000000000002,0.26,13.999999999999986,0.00010000000000000018,2.32895,0.00047563569373606113,0.290423250700491,0.00036234989756657026,0.24693312130586276
KXNFLWINS-ARI-25B-T3,7.0,0.2496,0.52,6.999999999999986,0.0,2.298,0.0002244286525666337,0.3278185936789012,0.0001350244695602452,0.27541521667381785
KXNFLWINS-ARI-25B-T3,3.0,0.0736,0.08,2.999999999999986,0.0,1.76985,5.446078494822101e-05,0.11340230654093204,5.482279213871097e-05,0.12830193742331464
KXMLBALRELOTY-25-JHAD,30.0,0.184975,0.245,30.041666666666657,7.500000000000014e-05,0.32755,0.0011005463598782632,0.33126000599531463,0.0010078160081111278,0.2778140033140655
KXMLBALRELOTY-25-JHAD,14.0,0.2499,0.49,14.041666666666657,7.500000000000014e-05,0.267525,0.000512161675863667,0.3734370480021019,0.00034662486783111434,0.3004706010608381
KXMLBALRELOTY-25-JHAD,7.0,0.150775,0.185,7.0,2.5000000000000045e-05,0.1805,0.00023058486380634596,0.22679866460909678,0.0001607866487250404,0.19906444429594036
KXMLBALRELOTY-25-JHAD,3.0,0.150775,0.185,3.0,2.5000000000000045e-05,0.1805,8.990538723128434e-05,0.19510063790537238,6.511577852982099e-05,0.18421741616990178
KXTOPMONTHLY-26APR-JUS,14.0,0.0651,0.07,14.0,0.0005999999999999996,0.16250000000000003,0.0004334319764586744,0.17540722485878132,0.00038953580417355624,0.15992629523878876
KXTOPMONTHLY-26APR-JUS,7.0,0.1275,0.15,7.0,0.0003999999999999996,0.10030000000000001,0.00025352689702550174,0.20042677871839865,0.00019159615380558132,0.1676811043471171
KXTOPMONTHLY-26APR-JUS,3.0,0.1971,0.27,3.0,0.0,0.029700000000000008,7.660966114710233e-05,0.2435647845479388,4.885705592712883e-05,0.21467612051506826
KXMARMADROUND-26S16-FLA,30.0,0.1875,0.75,29.958333333333336,0.0008999999999999927,0.7287999999999999,0.001131894036006777,0.4155317172675646,0.0008742524398710146,0.31532847753524224
KXMARMADROUND-26S16-FLA,14.0,0.13440000000000002,0.84,13.958333333333336,0.00039999999999998956,0.7142,0.000492937726709654,0.2654558585920017,0.0003575221789230083,0.2262641588697304
KXMARMADROUND-26S16-FLA,7.0,0.12040000000000001,0.86,7.0,0.00039999999999998967,0.7113999999999999,0.0002444022599114692,0.1966236795198472,0.00017548122856580556,0.17677938524683767
KXMARMADROUND-26S16-FLA,3.0,0.1476000000000001,0.8199999999999998,3.0,9.999999999999351e-05,0.7064999999999999,9.786707669956669e-05,0.2164604678458185,5.986055576104283e-05,0.17302345311043685
KXBAFTAACTO-25-AB,30.0,0.2244,0.66,30.0,0.0009999999999999996,0.16004999999999991,0.0012158856421205435,0.40498499121059806,0.0008351844062958062,0.31671502765458487
KXBAFTAACTO-25-AB,14.0,0.2451,0.57,14.0,0.00039999999999999845,0.1440499999999999,0.0004942176289381038,0.35761429073845913,0.00035580353356542136,0.293889988127241
KXBAFTAACTO-25-AB,7.0,0.2419,0.59,7.0,0.00020000000000000036,0.1390999999999999,0.00020775842395693564,0.2981276652520557,0.00011645206029572245,0.2623231895756673
KXBAFTAACTO-25-AB,3.0,0.2436,0.58,3.0,0.00010000000000000018,0.1378999999999999,9.148250255775159e-05,0.2682095166600106,4.6122432453903826e-05,0.2551835236253352
KXCPICOREYOY-25JUN-T2.9,30.0,0.1539,0.19,30.0,0.0005249999999999988,0.28787499999999994,0.0010832505128915597,0.33496862438918407,0.0009889663041666513,0.269870352617628
KXCPICOREYOY-25JUN-T2.9,14.0,0.24,0.4,14.0,0.00010000000000000018,0.16510000000000002,0.0004734467605014345,0.3359066902067165,0.0003144394412454226,0.2878290850952586
KXCPICOREYOY-25JUN-T2.9,7.0,0.1476,0.18,7.0,0.00010000000000000018,0.12930000000000003,0.00025115887895671933,0.23100833327940976,0.0001668619508114596,0.22245371853939142
KXCPICOREYOY-25JUN-T2.9,3.0,0.21,0.3,3.0,0.0,0.1028,9.587085897882823e-05,0.23665240042160662,5.6735745704762274e-05,0.22857436307527668
KXGRAMMYNOMNAOTY-68B-SOM,30.0,0.10177499999999999,0.885,30.04166666666667,0.0010749999999999853,0.010949999999999994,0.0010194931826172685,0.37270126088813166,0.0008687944050227075,0.32164068983284383
KXGRAMMYNOMNAOTY-68B-SOM,14.0,0.07360000000000005,0.9199999999999999,14.041666666666671,0.001024999999999983,0.002524999999999997,0.0004414847703620804,0.24997140739453477,0.0004210276778525693,0.1851358772703135
KXGRAMMYNOMNAOTY-68B-SOM,7.0,0.08189999999999997,0.91,7.041666666666671,0.0005249999999999931,0.002524999999999997,0.00026082375586265424,0.19224762273316578,0.00020695613579907742,0.1417716477270567
KXGRAMMYNOMNAOTY-68B-SOM,3.0,0.04750000000000004,0.95,3.0,0.0003999999999999963,0.0005000000000000032,8.936121895537233e-05,0.11552850828689905,8.78486612800827e-05,0.0886005224093781
KXNFLWINS-KC-25B-T13,30.0,0.09000000000000001,0.1,30.04166666666667,0.0012,0.548,0.0010488367396346236,0.2647838635824846,0.0009645691754308386,0.24514961608649816
KXNFLWINS-KC-25B-T13,14.0,0.0651,0.07,14.041666666666671,0.0004249999999999996,0.507175,0.0005051350114581682,0.20472143306201013,0.00042803905605904566,0.15200372919856395
KXNFLWINS-KC-25B-T13,7.0,0.16000000000000003,0.2,7.041666666666671,0.0004249999999999996,0.466025,0.00027742732443641834,0.2377485023354621,0.00021317995396823733,0.22456412416497692
KXNFLWINS-KC-25B-T13,3.0,0.0819,0.09,3.0416666666666714,0.00010000000000000018,0.455,9.022285241341425e-05,0.10476191964663989,7.594823377739364e-05,0.12944951594958443
KXMARMADSEED-26F4-S5,14.0,0.1539,0.19000000000000003,13.0,0.0007000000000000001,0.017199999999999997,0.0004613047526542617,0.2812177604780811,0.00033967221547447015,0.22268419369895817
KXMARMADSEED-26F4-S5,7.0,0.0819,0.09,7.0,0.0006,0.005900000000000002,0.00016941050284665228,0.16733178312942898,0.00017191369231794076,0.13306237770552054
KXMARMADSEED-26F4-S5,3.0,0.09000000000000001,0.1,3.0,0.0005,0.0036999999999999997,6.332641118006628e-05,0.13232156344071455,5.408578501062134e-05,0.11896180339011901
INXY-23DEC29-B4800,30.0,0.1476,0.18,30.0,0.0007000000000000001,0.1697,0.0010764941164108136,0.3024819971699826,0.001007070064007489,0.2501625124062566
INXY-23DEC29-B4800,14.0,0.2419,0.59,14.0,0.0,0.09350000000000003,0.0005193432776027383,0.3297668372674432,0.0003182597606845814,0.29424999679704905
INXY-23DEC29-B4800,7.0,0.2016,0.72,7.0,0.0,0.06180000000000004,0.0002326133295931171,0.27091626507346234,0.0001736564483242957,0.24761362022588823
INXY-23DEC29-B4800,3.0,0.2244,0.66,3.0,0.0,0.035800000000000026,9.782382469844787e-05,0.27270917939208067,6.219995373748724e-05,0.24794759198475588
KXNFLWINS-KC-25B-T7,14.0,0.1056,0.88,14.0,0.0,0.7810000000000001,0.0004101727362326818,0.25523926012455306,0.0003204997600066614,0.21163528216494878
KXNFLWINS-KC-25B-T7,7.0,0.2496,0.52,7.0,0.0,0.6896,0.000254738035932775,0.29464920856971205,0.00012523344229402493,0.272191989804909
KXNFLWINS-KC-25B-T7,3.0,0.05639999999999999,0.06,3.0,0.0,0.4998,5.822637174398205e-05,0.10237060041599438,5.887499999999999e-05,0.10403500229948712
KXOSCARCINE-26-F1T,14.0,0.05639999999999999,0.06,14.0,0.00075,0.0005,0.0004506795114155998,0.14449565465135145,0.0003780007279074779,0.1373234694812793
KXLEADERSOUT-27JAN01-AVUCPSER,30.0,0.1275,0.15,30.0,0.0006499999999999983,0.40705200000000014,0.001183330105689539,0.3071461277889915,0.0009811243917650478,0.23538470883049833
KXLEADERSOUT-27JAN01-AVUCPSER,14.0,0.20589999999999997,0.7100000000000001,14.0,0.00032499999999999836,0.17042700000000008,0.0005072848612155714,0.3129140546924021,0.0003534218158111796,0.27284272709294444
KXLEADERSOUT-27JAN01-AVUCPSER,7.0,0.22749999999999998,0.65,7.0,0.0002250000000000004,0.16052700000000006,0.00021958051473928858,0.31980997230346925,0.00013812677424319798,0.25723898529928463
KXLEADERSOUT-27JAN01-AVUCPSER,3.0,0.2496,0.52,3.0,2.5000000000000045e-05,0.15202700000000008,9.706820273875113e-05,0.28103335476588365,5.0485957959057594e-05,0.256238743993914
KXPAYROLLS-26MAY-T80000,30.0,0.2379,0.39,28.0,0.0006999999999999957,0.21280000000000002,0.001076359342332141,0.40822910640439547,0.0008266575619207764,0.292912022477256
KXPAYROLLS-26MAY-T80000,14.0,0.2484,0.45999999999999996,14.0,0.00039999999999999845,0.1682,0.0005293214653224375,0.3330598522449958,0.00035181496616635335,0.28961350147803216
KXPAYROLLS-26MAY-T80000,7.0,0.2436,0.58,7.0,0.00030000000000000057,0.1595,0.00021366692045705023,0.3204926846139368,0.000126281811429512,0.27581021893582597
KXPAYROLLS-26MAY-T80000,3.0,0.2419,0.59,3.0,0.00020000000000000036,0.1521,8.532215518929294e-05,0.2681577726051368,4.2522395261669346e-05,0.24432357887712058
KXU3-25NOV-T4.6,30.0,0.137775,0.165,30.0,0.0017000000000000001,0.036525,0.0011670099269781005,0.31539884063223816,0.001042565890858854,0.24712502701180725
KXU3-25NOV-T4.6,14.0,0.1344,0.16,14.0,0.00030000000000000024,0.033699999999999994,0.00049879070061141,0.22189821299321794,0.0004469357020574942,0.19936146196932733
KXU3-25NOV-T4.6,7.0,0.12040000000000001,0.14,7.0,0.0002000000000000001,0.0248,0.00022620978872636908,0.21502356539587977,0.00020356664521357421,0.1716677865198401
KXU3-25NOV-T4.6,3.0,0.1275,0.15,3.0,0.00010000000000000018,0.010599999999999998,9.222355980069014e-05,0.19168872975483853,7.029643168802202e-05,0.16849906231217818
KXNETFLIXRANKMOVIERUNNERUP-26JUL27-72H,3.0,0.2176,0.32,3.0,0.0,0.14819999999999997,8.122823471135256e-05,0.25051071393953395,4.416791112424976e-05,0.23582851929695536
KXRANKLISTSONGSPOTUSA-26JUL01-FUT,30.0,0.0651,0.07,31.0,0.0011249999999999997,0.078075,0.0010749618222887166,0.2688845485498867,0.0009792259821429466,0.22279744226926468
KXRANKLISTSONGSPOTUSA-26JUL01-FUT,7.0,0.0736,0.08,7.0,0.0,0.06039999999999999,0.00018597109498580758,0.1494024385445195,0.0001552237121249081,0.1420375555694442
KXNETFLIXRANKSHOWRUNNERUP-26JUN22-MIC,7.0,0.1476000000000001,0.8199999999999998,5.0,0.0001,0.6088999999999997,0.00017162982389174196,0.2680596089820323,0.00011746056404811275,0.18618654704861087
KXCRITICSOSPLAY-26-RYA,30.0,0.1875,0.75,27.0,0.0006750000000000045,0.05972499999999998,0.0010071892329025292,0.4055217091331076,0.0007894550968918873,0.2853888379263093
KXCRITICSOSPLAY-26-RYA,14.0,0.1875,0.75,14.0,0.0005000000000000009,0.022800000000000008,0.00048453762297869586,0.31700053395110317,0.00033951090478706136,0.25875568105702146
KXCRITICSOSPLAY-26-RYA,7.0,0.2016,0.72,7.0,0.00010000000000000018,0.021100000000000008,0.0002566943922565986,0.3046073624796001,0.00014417333015863718,0.24649885470631744
KXCRITICSOSPLAY-26-RYA,3.0,0.1538999999999999,0.8100000000000002,3.0,0.0,0.011099999999999968,9.383579262122285e-05,0.22848924206143192,5.968320866319843e-05,0.1863741274505237
KXAAAGASW-26AUG10-3.980,7.0,0.15389999999999995,0.81,5.0,0.0,0.015699999999999995,0.00015431186706218135,0.2507879677170937,0.00011264579569694387,0.20020525219778457
KXAAAGASW-26AUG10-3.980,3.0,0.1275,0.85,3.0,0.0,0.0099,9.73813077139944e-05,0.22435853579123072,6.713656509949225e-05,0.16851584502590478
KXNCAAFFINALIST-26-UGA,30.0,0.1716,0.22,30.0,0.001899999999999997,0.34909999999999997,0.001093953610204837,0.3576860315473077,0.0009637282336465544,0.2779619114178267
KXNCAAFFINALIST-26-UGA,14.0,0.2244,0.34,14.0,0.0005999999999999989,0.2592,0.00048181498286379936,0.297180733248698,0.0003462727503185349,0.2721102771618066
KXNCAAFFINALIST-26-UGA,7.0,0.2176,0.32,7.0,0.0003999999999999985,0.24979999999999997,0.0002193775459198767,0.29189665012546884,0.0001373566415689729,0.23123079877915761
KXNCAAFFINALIST-26-UGA,3.0,0.2331,0.37,3.0,0.0,0.24489999999999998,8.620953069391973e-05,0.2567510573729296,4.9042627282813965e-05,0.24142317327255675
KXSAGAWARDACTRLIM-26-ERI,30.0,0.179775,0.765,30.0,0.0008749999999999994,0.8597999999999998,0.0011028420572851368,0.4076017935092125,0.0009003045157620126,0.31682666748843347
KXSAGAWARDACTRLIM-26-ERI,14.0,0.17709999999999998,0.77,14.0,0.0004999999999999987,0.8563999999999998,0.0005157144724783864,0.30511070591637446,0.00036114723963905456,0.25730499757154673
KXSAGAWARDACTRLIM-26-ERI,7.0,0.1824,0.76,7.0,0.00039999999999999856,0.8563999999999998,0.00023282244619282405,0.30210204628778725,0.00015418593694136823,0.22287537204076763
KXSAGAWARDACTRLIM-26-ERI,3.0,0.17709999999999998,0.77,3.0,9.999999999999796e-05,0.8563999999999998,9.027157992633858e-05,0.2383534660584462,4.589131319318489e-05,0.21265056756746886
CPIYOY-23JUL-T3.2,30.0,0.2451,0.43,30.0,0.0009249999999999949,0.242525,0.0011530902099426905,0.41892608944076204,0.0007921231537563292,0.32165166419887287
CPIYOY-23JUL-T3.2,14.0,0.2244,0.34,14.0,0.0003249999999999973,0.203425,0.0004761865222111468,0.3355735524585582,0.00032019973672637653,0.27289140979817694
CPIYOY-23JUL-T3.2,7.0,0.2176,0.32,7.0,0.00010000000000000018,0.18269999999999997,0.00026578512541154437,0.28985375419940496,0.00015288838447566393,0.25060188540386924
CPIYOY-23JUL-T3.2,3.0,0.2304,0.36,3.0,0.00010000000000000018,0.17889999999999998,9.719103819375043e-05,0.26505325159006593,4.246373607894174e-05,0.24907343844697116
KXOSCARACTR-25-MM,30.0,0.1875,0.25,29.999999999999986,0.0022999999999999948,0.5949999999999998,0.001178802573366293,0.3650072915144904,0.0009534442995425036,0.2952704052351842
KXOSCARACTR-25-MM,14.0,0.24,0.4,13.999999999999986,0.0005999999999999955,0.5445999999999998,0.0005139700886960276,0.34100158552338017,0.00031083462915779884,0.28570852771156074
KXOSCARACTR-25-MM,7.0,0.2211,0.33,6.999999999999986,0.00020000000000000036,0.5068999999999998,0.0002553801247148385,0.2917706765964263,0.0001438509187937797,0.22905589714861996
KXOSCARACTR-25-MM,3.0,0.2176,0.32,2.999999999999986,0.00010000000000000018,0.5050999999999998,7.8410050414295e-05,0.2744555978436995,4.283228294161311e-05,0.23242905971033792
KXRAINCHIM-26FEB-1,30.0,0.20999999999999996,0.7000000000000001,26.0,0.00040000000000000045,0.15119999999999995,0.0010350617526568733,0.34890503235330433,0.000773684234065474,0.304750589327412
KXRAINCHIM-26FEB-1,14.0,0.2331,0.63,14.0,9.99999999999999e-05,0.132,0.0005092785555539622,0.3447208072711498,0.00035097992908495807,0.2898764159693282
KXRAINCHIM-26FEB-1,7.0,0.0475,0.05,7.0,9.99999999999999e-05,0.010200000000000002,0.00019049130535319535,0.12599423148816455,0.00019983908051620343,0.11121685665320406
KXRAINCHIM-26FEB-1,3.0,0.0651,0.07,3.0,0.0,0.0057,7.090122633490772e-05,0.09814047542517869,6.345246842332021e-05,0.0938964233215989
KXTRUTHSOCIAL-26AUG22-T240,7.0,0.0736,0.08,6.0,0.0,1.3539999999999999,0.0001526796925652253,0.13049529820221006,0.00013723625449843602,0.13013867755923733
KXTRUTHSOCIAL-26AUG22-T240,3.0,0.1056,0.12,3.0,0.0,1.3505999999999998,9.889637789331298e-05,0.12913645626772433,9.341462759468688e-05,0.12929525579785717
KXNETFLIXRANKSHOW-25APR07-DEV,7.0,0.0736,0.08,5.0,0.0,0.0026,0.00011213644115777882,0.11911908369242269,0.00011113346733927377,0.11589322119168419
KXNETFLIXRANKSHOW-25APR07-DEV,3.0,0.0475,0.05,3.0,0.0,0.0017000000000000001,6.46463929297711e-05,0.08391368057763117,6.835364048467375e-05,0.07373361085779134
KXBTCMAXM-25OCT31-134999.99,30.0,0.0819,0.09,30.0,0.001699999999999999,0.07219999999999999,0.0010591410572941317,0.24612689040241978,0.0008498318804875359,0.24243102415935736
KXBTCMAXM-25OCT31-134999.99,14.0,0.05639999999999999,0.06,14.0,0.0007000000000000001,0.007500000000000001,0.0004451966150800606,0.16059673429431595,0.0004023136328115372,0.16197713565338576
KXUEL-25-ATH,30.0,0.1659,0.21,29.999999999999993,0.0011500000000000015,0.0918,0.0011006367498045835,0.35479445303919327,0.0009961856142779294,0.26921298883580014
KXUEL-25-ATH,14.0,0.2139,0.31000000000000005,14.0,0.0005999999999999994,0.0865,0.0005122681852286984,0.3288266716936851,0.00033230450704268443,0.2852972924212389
OSCARNOMSUPACTO-25-YB,30.0,0.22749999999999998,0.65,30.0,0.0006499999999999979,0.06284999999999999,0.0011188842486151802,0.4095667381561245,0.0008402673957744118,0.3558600083960387
OSCARNOMSUPACTO-25-YB,14.0,0.1538999999999999,0.8100000000000002,14.0,0.00030000000000000274,0.02265,0.00047433377887640864,0.29018191940177357,0.0003479485319065536,0.2561073485341093
OSCARNOMSUPACTO-25-YB,7.0,0.12749999999999995,0.8500000000000001,8.0,0.00030000000000000274,0.013399999999999976,0.00025302368965395813,0.2574165328122302,0.000184047228787619,0.19589156387274875
OSCARNOMSUPACTO-25-YB,3.0,0.1056,0.88,3.0,9.999999999999796e-05,0.01249999999999998,0.00010555391084565359,0.20288639116914436,8.231820086298816e-05,0.1449389225401124
KXBBCHARTPOSITIONALBUM-26MAY09BUL-2,14.0,0.249775,0.485,10.0,0.00025000000000000066,0.22572499999999993,0.00034153376464485295,0.336771888182641,0.0001768380410909897,0.26654793774553937
KXBBCHARTPOSITIONALBUM-26MAY09BUL-2,7.0,0.2499,0.49,7.0,0.0002250000000000006,0.22572499999999993,0.00023580414271783098,0.3257112462745679,0.00013966443075488202,0.2667858272547709
KXTORNADO-26MAY-175,30.0,0.1056,0.88,30.0,0.00035000000000000504,0.481,0.001028431037198939,0.3776400583540287,0.0008412214166995717,0.2951640559492168
KXTORNADO-26MAY-175,14.0,0.2436,0.58,14.0,0.0,0.40880000000000005,0.0004867850551399159,0.31794357582402405,0.0003228791369482188,0.2893441740676407
KXTORNADO-26MAY-175,7.0,0.2475,0.45000000000000007,7.0,0.0,0.09130000000000002,0.00021045648534484727,0.31723515464601987,0.000129234226521334,0.278439397508812
KXTORNADO-26MAY-175,3.0,0.19240000000000002,0.26,3.0,0.0,0.019800000000000005,0.00010179038107915966,0.2372217837933917,4.494507747210869e-05,0.22539026618398464
538APPROVE-22MAY25-T40.4,7.0,0.0736,0.07999999999999999,5.0,2.5000000000000323e-05,0.129325,0.00012695366206387585,0.104917817551334,0.00010620089635207483,0.11941245412160736
538APPROVE-22MAY25-T40.4,3.0,0.174375,0.22500000000000003,3.0,0.0,0.10972499999999999,8.315523330522049e-05,0.24813746383390536,4.823618710178929e-05,0.19578908562904382
KXNETFLIXRANKMOVIE-26APR13-ANA,7.0,0.1824,0.24,5.0,0.0,0.05299999999999999,0.00017667086313365242,0.2515641898540813,0.00012069929551357158,0.2213277962035293
KXMARMADROUND-26E8-BYU,30.0,0.12039999999999998,0.13999999999999999,30.958333333333336,0.0016249999999999984,0.064625,0.0011599399538232682,0.2922163003753082,0.0009979383497229046,0.258908354005429
KXMARMADROUND-26E8-BYU,14.0,0.05639999999999999,0.06,13.958333333333336,0.0008999999999999989,0.020550000000000006,0.00043459075632840225,0.13679517473122577,0.0003902131462851273,0.13749828796448316
KXMARMADROUND-26E8-BYU,7.0,0.1539,0.19,7.0,0.0008999999999999989,0.014000000000000002,0.0002688132136927765,0.24464910920935168,0.00014805019626499958,0.20517685862156146
KXMARMADROUND-26E8-BYU,3.0,0.1056,0.12,3.0,0.0003999999999999996,0.010000000000000002,8.755843372788576e-05,0.16199800893992106,7.63750769724272e-05,0.12982463618103562
KXRANKLISTBB100ARTIST-26FEB28-TAY,7.0,0.22749999999999998,0.65,7.0,0.0007999999999999926,0.050650000000000014,0.00023271917983934916,0.3133185074552972,0.00013305873227808116,0.26348731055415947
KXCABLEAVE-26FEB-26MAR,30.0,0.2304,0.36,29.958333333333336,0.0005999999999999994,0.6665999999999999,0.0011773713511148715,0.39803146847429816,0.0008954861889861084,0.3257263099120753
KXCABLEAVE-26FEB-26MAR,14.0,0.20589999999999997,0.29,13.958333333333336,0.0004999999999999993,0.6383999999999999,0.0005122425424613765,0.2998597948124529,0.00034477044402558707,0.276962088544511
KXCABLEAVE-26FEB-26MAR,7.0,0.1824,0.24,6.958333333333336,0.0004999999999999993,0.5776999999999999,0.0002522130512493552,0.29757767046706685,0.00015288800325939121,0.20702105776253332
KXUSGASCPI-26JUN10-T390,30.0,0.11310000000000009,0.8699999999999999,28.0,0.00075,0.9415999999999997,0.0009540226799993409,0.3334312755514637,0.0007647342991354782,0.3097832456855838
KXUSGASCPI-26JUN10-T390,14.0,0.21,0.3,14.0,0.0005,0.052099999999999994,0.000520716425892126,0.3031671195040305,0.0003615763607774293,0.24855366501229903
PAYROLLS-24SEP-T150000,30.0,0.25,0.5,28.0,0.0010499999999999954,0.25710000000000005,0.0010772988757407251,0.4047262062845085,0.0007836376218296015,0.317762187652705
PAYROLLS-24SEP-T150000,14.0,0.24639999999999998,0.56,14.0,0.0004999999999999987,0.25015000000000004,0.0004949251827100691,0.31940817273003824,0.0003372862211076255,0.28771862900097905
PAYROLLS-24SEP-T150000,7.0,0.2499,0.49,7.0,0.0004999999999999987,0.2378,0.00023932754201922625,0.2985844098842911,0.00014216030483633866,0.27450606354551155
PAYROLLS-24SEP-T150000,3.0,0.2451,0.43,3.0,0.0004999999999999987,0.234,6.938931582004736e-05,0.272880855934865,4.624393988842965e-05,0.25617123286146465
KXAAAGASW-26JUL20-4.000,7.0,0.24640000000000004,0.44,5.0,0.0007999999999999926,0.1086,0.0001451020902790495,0.3086522257600879,7.860280799556014e-05,0.26642656238457363
KXAAAGASW-26JUL20-4.000,3.0,0.2139,0.69,3.0,0.0003999999999999963,0.055699999999999986,8.280295436054203e-05,0.26162129937070255,4.645675977657738e-05,0.2331277653374964
APRPOTUS-21OCT15-T44.6,7.0,0.2211,0.33,7.0,0.0,0.1007,0.00024508196372621994,0.29332086961931786,0.00014037916551111625,0.26247526760282514
APRPOTUS-21OCT15-T44.6,3.0,0.12040000000000001,0.14,3.0,0.0,0.07859999999999999,0.00010294087990456325,0.1394516641567969,9.145851055449864e-05,0.14390818048911064
TNOTEW-24MAY10-B4.56,3.0,0.0651,0.07,3.0,0.0003999999999999996,0.0030499999999999998,5.492900296790436e-05,0.08774502117000814,5.1687294393328015e-05,0.08545461772248637
KXDCSNOWM-26FEB-15.0,30.0,0.24997499999999997,0.49500000000000005,30.0,0.0015499999999999997,0.10887500000000006,0.0011411849518349524,0.38207686185058903,0.0008474801350702604,0.3546345798306387
KXDCSNOWM-26FEB-15.0,7.0,0.0819,0.09,7.0,0.0009999999999999996,0.006500000000000001,0.00017222249079128937,0.1391376149079582,0.00018106894916643433,0.14624126452997963
KXMARMADROUND-26S16-AKR,3.0,0.0736,0.08,3.0,0.0001999999999999998,0.0064,6.0392508807225967e-05,0.10800809745677835,5.089050033842212e-05,0.10606988394126868
KXNBADRAFTTOP-26-R1-AALL,30.0,0.1539,0.19,30.0,0.00035000000000000005,0.09265,0.0011311160331789114,0.34372471776248154,0.0009838422117913058,0.28287828793274117
KXTORNADO-25APR-200,30.0,0.2356,0.62,30.0,0.0010750000000000017,0.042524999999999966,0.0011795325500303113,0.4118687600077149,0.0008293548116747366,0.32208636709958016
KXNCAAF-26-TAM,30.0,0.0979,0.11,30.0,0.0008,0.0083,0.001021118494619204,0.2738058002796976,0.0008952363335335714,0.24138845075281143
KXNCAAF-26-TAM,14.0,0.0475,0.05,14.0,9.99999999999999e-05,0.0074,0.00046056573622900237,0.1631035551945638,0.00042465328377552883,0.14391352589218667
KXNCAAF-26-TAM,7.0,0.0475,0.05,7.0,9.99999999999999e-05,0.0074,0.00019499816016487978,0.11428848287841464,0.00019826828865922942,0.10172221825964609
KXNCAAF-26-TAM,3.0,0.0475,0.05,3.0,9.99999999999999e-05,0.0074,6.163842027395013e-05,0.08706556563365425,5.5545342170029673e-05,0.09471810965405453
RAINNYCM-24APR-4,30.0,0.22597499999999998,0.655,30.0,0.0007499999999999869,0.25487499999999996,0.0010973110685847806,0.43652867030041465,0.0008915264751338808,0.3146063422722074
RAINNYCM-24APR-4,14.0,0.09000000000000007,0.8999999999999999,14.0,2.5000000000000045e-05,0.21242499999999992,0.0004054521843048775,0.25512347002046987,0.00033270136195950927,0.22900031031715976
RAINNYCM-24APR-4,7.0,0.24,0.4,7.0,2.5000000000000045e-05,0.101025,0.00020324456333482494,0.2944083414793268,0.00013750937623026245,0.2684262050322013
RAINNYCM-24APR-4,3.0,0.130975,0.155,3.0,0.0,0.072025,7.943665506654527e-05,0.20209793007659685,5.9488629966989e-05,0.16396156576267085
KXNETFLIXRANKSHOW-25OCT27-MON,7.0,0.1131,0.13,5.0,0.0004499999999999999,0.010100000000000001,0.00018697828202322026,0.17727580267629672,0.00012794623745096596,0.14688521832665266
KXAPRPOTUS-26SEP04-38.7,7.0,0.0475,0.05,6.0,0.0004999999999999998,0.0034000000000000002,0.00015342201535144246,0.10385799528592479,0.00015785965244472435,0.12793199216859638
KXAPRPOTUS-26SEP04-38.7,3.0,0.05639999999999999,0.06,3.0,0.00039999999999999986,0.0034000000000000002,6.516353974758006e-05,0.08246010049143714,7.445953462106992e-05,0.08959186160331967
CPICORE-23MAY-T0.3,30.0,0.2475,0.45000000000000007,31.0,0.0013999999999999959,0.20445,0.0011307013162780172,0.41111918502583433,0.0008294879071938121,0.33352260018012503
CPICORE-23MAY-T0.3,14.0,0.2211,0.67,14.0,0.0004999999999999987,0.18119999999999997,0.000559634179198371,0.31074669150803014,0.00033048976295497914,0.2855374804313321
CPICORE-23MAY-T0.3,7.0,0.2491,0.53,7.0,0.00010000000000000018,0.16999999999999998,0.00022899489695092735,0.32190309443304943,0.00012008006913715907,0.27455044224282266
CPICORE-23MAY-T0.3,3.0,0.22749999999999998,0.65,3.0,0.00010000000000000018,0.10979999999999997,9.742412918621108e-05,0.2709322233409277,5.088646631213743e-05,0.2528031928677284
CPIYOY-24MAY-T3.3,30.0,0.19937499999999997,0.7250000000000001,29.0,0.00035000000000000173,0.761375,0.0010712208404073684,0.4276356273765202,0.0008642982257732476,0.30294776957571556
CPIYOY-24MAY-T3.3,14.0,0.24,0.4,14.0,0.0003250000000000006,0.48177499999999995,0.0004980110868725594,0.3269319294740067,0.00033364090959222566,0.2929372293723019
CPIYOY-24MAY-T3.3,7.0,0.2475,0.55,7.0,0.0002250000000000004,0.423925,0.00023537965201093526,0.3148801169215091,0.0001118592805550275,0.2692598848746666
CPIYOY-24MAY-T3.3,3.0,0.2379,0.61,3.0,0.0,0.36889999999999995,9.072622632291352e-05,0.2835296277617279,5.189784528634856e-05,0.25346542298840724
KXALBUMEQUIV-CON26JUL09-100K,30.0,0.249975,0.495,26.0,0.0010749999999999998,0.48449999999999993,0.0009162804474981076,0.3825248862392451,0.000703433154013858,0.3210142493009862
KXALBUMEQUIV-CON26JUL09-100K,14.0,0.0979,0.11,14.0,0.00042499999999999857,0.27582499999999993,0.00043414744587087176,0.17956859653056853,0.00037690594021384924,0.16530664787419144
KXALBUMEQUIV-CON26JUL09-100K,7.0,0.24840000000000004,0.46,7.0,0.0003999999999999985,0.1596,0.0002376916664867853,0.3109440511599305,0.00013167644144773674,0.28342449449230034
KXTSAW-25APR27-A2.50,7.0,0.19240000000000002,0.26,5.0,0.00039999999999999183,0.13040000000000007,0.00018944516078979985,0.26205099321517744,9.820304075323478e-05,0.21480116205878688
KXTSAW-25APR27-A2.50,3.0,0.2304,0.64,3.0,0.00039999999999999183,0.04200000000000005,0.00010754653596895519,0.2724997816950689,3.213396813094667e-05,0.23741725876532535
KXBILLBOARDRUNNERUPALBUM-26APR11-ARI,14.0,0.12397499999999999,0.145,9.0,0.0004999999999999982,0.22282500000000002,0.00031472201636428837,0.1993270367906562,0.00029320966167748505,0.19227327193319077
KXBILLBOARDRUNNERUPALBUM-26APR11-ARI,7.0,0.1824,0.24,7.0,0.0003999999999999985,0.21180000000000002,0.0002354606288151943,0.2606357611240977,0.00015308693568492587,0.21311628983731679
KXBILLBOARDRUNNERUPALBUM-26APR11-ARI,3.0,0.0736,0.08,3.0,0.0,0.08339999999999999,5.812383141054911e-05,0.12757613147961824,6.053272762859405e-05,0.12473999984819967
KXTRUTHSOCIAL-26FEB14-B129,7.0,0.0651,0.07,7.0,0.0003999999999999996,0.5401000000000001,0.00022520038796208355,0.1469706694351621,0.00020104436978494103,0.12232666683577158
KXTRUTHSOCIAL-26FEB14-B129,3.0,0.1131,0.13,3.0,0.0,0.5151000000000001,0.00011336268874248407,0.15259357073816665,6.68713021683772e-05,0.14060467057363316
KXCPI-26JUN-T0.3,30.0,0.05639999999999999,0.06,30.000000000000014,0.0011249999999999997,0.03392500000000001,0.0010403404046551924,0.2852314749356821,0.000975588729269325,0.1990956935808531
TNOTEW-24MAR29-B4.25,7.0,0.0979,0.11,5.0,0.0,0.026299999999999997,0.0001279406767516806,0.15539041747037236,0.00011711631966814025,0.12305179537901763
TNOTEW-24MAR29-B4.25,3.0,0.1131,0.13,4.0,0.0,0.025899999999999996,0.00013775999690938736,0.15068354018266328,0.00012223500526876752,0.13852085470292724
KXINXMAXY-01JAN2027-7599.99,30.0,0.234124,0.626,30.000000000000014,0.0013719999999999995,0.07072599999999997,0.0011990059627188926,0.3986385802362831,0.0008465201899277472,0.3517143199775974
KXINXMAXY-01JAN2027-7599.99,14.0,0.16877499999999993,0.7850000000000001,14.0,0.00026500000000000026,0.040762,0.00047394719735134686,0.2873047128121587,0.00037828626360605965,0.2440690887295167
KXINXMAXY-01JAN2027-7599.99,3.0,0.07860399999999997,0.914,3.0,0.0002560000000000005,0.002162000000000004,0.00010215457132868048,0.18965425743003053,9.525586642748885e-05,0.1243417497306918
KXNHLPLAYOFF-26-PIT,30.0,0.1875,0.75,30.0,0.0009249999999999972,0.15292499999999998,0.001153287581154829,0.3937283469427601,0.0008519871818782891,0.30702203808842987
KXNHLPLAYOFF-26-PIT,14.0,0.14110000000000003,0.83,14.0,0.0006249999999999945,0.013024999999999991,0.0004667242565328649,0.32594700056214804,0.00037585356586454955,0.22261917124606032
KXTOPALBUMBYARI-25,30.0,0.2304,0.64,29.958333333333343,0.0010999999999999842,0.2665499999999999,0.0011045968052505373,0.4355517522569118,0.000847347272054454,0.3056471434054038
KXTOPALBUMBYARI-25,14.0,0.10560000000000008,0.8799999999999999,14.0,0.0005999999999999922,0.17119999999999988,0.00042565470405009,0.24338280585151736,0.0003597809754946401,0.22969951052013396
KXTOPALBUMBYARI-25,7.0,0.1824,0.76,7.0,0.00019999999999999592,0.03619999999999994,0.0002504590035898403,0.2716800314133581,0.0001353288609522782,0.22494227822798457
TOPARTIST-24-TW,30.0,0.12040000000000001,0.14,30.0,0.00095,0.04619999999999999,0.0010504160951989962,0.27835334558193764,0.0009728370890324475,0.2429500557676438
KXNETFLIXRANKSHOW-25DEC15-SEA,7.0,0.2484,0.45999999999999996,5.0,0.00019999999999999592,0.11900000000000002,0.0001303916317861163,0.30370749251687795,8.940878333387453e-05,0.26682886514889925
KXNETFLIXRANKSHOW-25DEC15-SEA,3.0,0.12040000000000001,0.86,3.0,0.00019999999999999592,0.0148,0.00010070078241406627,0.19527276945300276,7.286337450332791e-05,0.16043255774131956
KXNFLDRAFTPICK-26-3-TSIM,30.0,0.0651,0.07,29.999999999999993,0.0010999999999999998,0.025000000000000005,0.001010569450971038,0.2554318193624036,0.0009739886626326726,0.2287677884839135
KXNETFLIXRANKMOVIERUNNERUP-26JUL13-SPI,7.0,0.24577499999999997,0.435,5.0,0.0001,0.177725,0.00014259167189405785,0.28236649303713895,9.962171949148721e-05,0.2604757528323793
KXNETFLIXRANKMOVIERUNNERUP-26JUL13-SPI,3.0,0.0475,0.05,3.0,0.0001,0.0046,6.122538926453212e-05,0.0955838145526181,7.667854369789019e-05,0.08576577600475715
KXELONTWEETS-25MAR21-524.5,7.0,0.1875,0.25,6.0,0.0004999999999999999,0.051800000000000006,0.00022802172304104085,0.28053658243217705,0.00013106320954824863,0.24135359323640806
KXRANKLISTSONGSPOTUSA-26APR01-BTS,30.0,0.12749999999999995,0.8500000000000001,24.958333333333332,0.001225,0.5479250000000001,0.0008479150610207015,0.3254666551913681,0.0006771632571700197,0.2605827348077627
KXRANKLISTSONGSPOTUSA-26APR01-BTS,14.0,0.12749999999999995,0.8500000000000001,13.958333333333332,0.000400000000000003,0.07090000000000002,0.00042698646993659335,0.26859600649999976,0.0003323776477361203,0.2614884448385401
KXRANKLISTSONGSPOTUSA-26APR01-BTS,7.0,0.14110000000000003,0.83,7.0,0.00020000000000000258,0.030699999999999984,0.00025306441656752505,0.24867389808377482,0.00018812881738463724,0.1992218172402046
KXRANKLISTSONGSPOTUSA-26APR01-BTS,3.0,0.17709999999999998,0.77,3.0,0.0001000000000000024,0.02899999999999999,8.514149260365037e-05,0.24792967389760673,6.760257971654321e-05,0.19610926413754576
KXEUROVISION-25-POL,14.0,0.1539,0.19,14.0,0.0011499999999999998,0.0325,0.00047854115961077194,0.2611958969041502,0.0003973409062219245,0.19377647681511434
KXGGLSERIES-26-ADO,14.0,0.15999999999999998,0.8,14.0,0.0004999999999999964,0.011500000000000017,0.0005092419313888517,0.2846475638141247,0.0003519150913029344,0.25945332575323077
KXGGLSERIES-26-ADO,7.0,0.056400000000000144,0.9399999999999998,7.0,0.00020000000000000258,0.0018000000000000078,0.00022645864976044295,0.18978513768426158,0.00020803295007703045,0.16696715853554575
KXGGLSERIES-26-ADO,3.0,0.04750000000000004,0.95,3.0,0.0001000000000000024,0.0014000000000000026,9.545225152823054e-05,0.11496722945800986,8.800504132779119e-05,0.09974177011276986
KXTOPSONG-26AUG22-CHO,14.0,0.08999999999999998,0.9,10.0,0.00045000000000000086,0.004099999999999994,0.0003016634364658618,0.2280300209981028,0.00023449202359365773,0.1982935395893927
KXNCAAFB10-25-OSU,30.0,0.2451,0.57,30.0,0.0010999999999999977,0.5076,0.0012136372679147395,0.3652415812861406,0.0008145756319411738,0.34379836620467574
KXNCAAFB10-25-OSU,14.0,0.2304,0.64,14.0,0.0005999999999999966,0.4662,0.0005254496960908428,0.3319490798109081,0.000306365608273288,0.2785688116418875
KXNCAAFB10-25-OSU,7.0,0.21000000000000002,0.7,7.0,0.0,0.43660000000000004,0.00021875491022085316,0.27900748006731496,0.0001577736638365334,0.24696032828393968
KXNCAAFB10-25-OSU,3.0,0.2211,0.67,3.0,0.0,0.43570000000000003,0.00011436665574435806,0.255180285413009,4.441159291343068e-05,0.24374714785063317
KXALBUMEQUIV-OHY26JUL23-45K,30.0,0.249975,0.505,30.0,0.0006249999999999999,1.3537499999999998,0.0011445815938753582,0.41243788343704346,0.0008867403179737617,0.31901258639674707
KXALBUMEQUIV-OHY26JUL23-45K,14.0,0.21389999999999998,0.31,14.0,0.0006249999999999999,0.39192499999999997,0.00047843522810085974,0.3176058370176689,0.0003817283533662813,0.26161208562172894
KXALBUMEQUIV-OHY26JUL23-45K,7.0,0.24640000000000004,0.44,7.0,0.0006249999999999999,0.074825,0.00024445541045271633,0.30216203300312316,0.00012072760099160658,0.28388539079906594
KXALBUMEQUIV-OHY26JUL23-45K,3.0,0.05639999999999999,0.06,3.0,0.0006249999999999999,0.0016250000000000001,5.642445828364815e-05,0.09558816462107593,5.780302169437236e-05,0.08751902695142716
KXTOPMODEL-25MAY-GPT4OL250326,30.0,0.0475,0.05,30.0,0.0020249999999999995,0.0016250000000000001,0.0010300048538548138,0.2295411137463661,0.0009565792148110389,0.1937171162730679
KXAPRPOTUS-26FEB27-41.0,3.0,0.09000000000000001,0.1,3.0,0.0,0.004600000000000001,6.321520277832398e-05,0.120824333599081,4.528041153016525e-05,0.12574070050821542
KXNETFLIXRANKMOVIEGLOBAL2-26MAR16-LOU,3.0,0.05639999999999999,0.06,3.0,0.00010000000000000018,0.5737,6.463685983456087e-05,0.11245029265780511,5.537933495431506e-05,0.1007398615240164
538APPROVE-22SEP14-T42.5,7.0,0.2499,0.49,5.0,0.00010000000000000018,0.5466,0.0001466295634042482,0.2753169815386665,7.474346474085173e-05,0.2684832531167163
538APPROVE-22SEP14-T42.5,3.0,0.2451,0.43,3.0,0.0,0.5441,7.642485268435882e-05,0.2799806648901406,4.7565696163101405e-05,0.2514325185038711
KXWTIW-26FEB06-B63.5,7.0,0.1056,0.12,5.0,0.0003999999999999996,0.37259999999999993,0.00015933169246694828,0.162619248269258,0.0001422440076249748,0.16115270441736596
KXWTIW-26FEB06-B63.5,3.0,0.1131,0.13,3.0,0.0003999999999999996,0.37009999999999993,8.084949892446606e-05,0.14226480059953864,9.441030099767813e-05,0.13479298928341255
KXUE-CHN26FEB-5.1,30.0,0.2436,0.58,29.958333333333336,0.0017749999999999966,0.02382500000000001,0.0011585236622959243,0.4470159314288155,0.0008375338702080916,0.3323880951589371
KXUE-CHN26FEB-5.1,14.0,0.16877499999999993,0.7850000000000001,13.958333333333336,0.0008749999999999993,0.006899999999999984,0.0004450424236756578,0.3035403263574901,0.00034063925390383156,0.2553409586245424
KXUE-CHN26FEB-5.1,7.0,0.08189999999999997,0.91,6.958333333333336,0.00035000000000000395,0.0016999999999999962,0.0002215695056548732,0.23146550782763814,0.000205351442040959,0.16232065498270573
KXUE-CHN26FEB-5.1,3.0,0.06509999999999996,0.93,3.0,0.0,0.0016999999999999962,0.00012053945730386733,0.1669983852770866,8.508385976699872e-05,0.11517854983123545
KXGGDRAMATV-26-SEV,30.0,0.17709999999999998,0.22999999999999998,30.0,0.0016999999999999997,0.04039999999999999,0.0011193960094943187,0.339310562380842,0.0009229440821459142,0.2693356932277357
KXGGDRAMATV-26-SEV,14.0,0.0819,0.09,14.0,0.0011999999999999992,0.007499999999999999,0.0004115629164959727,0.18358491704103913,0.00038825267597570906,0.16041104745945092
KXGGDRAMATV-26-SEV,7.0,0.0651,0.07,7.0,0.0006,0.007499999999999999,0.0002108639316625367,0.1304569457459578,0.00019205806719690236,0.12052484200210165
KXGGDRAMATV-26-SEV,3.0,0.0819,0.09,3.0,0.0,0.007499999999999999,6.428193725362348e-05,0.10630699925130398,5.479665719046194e-05,0.10103158241070044
KXCPICOREYOY-26APR-T2.7,30.0,0.1824,0.24,30.0,0.0013999999999999965,0.4629,0.001164762328397402,0.37267957916175176,0.0009650353031213496,0.28397869340629045
KXCPICOREYOY-26APR-T2.7,14.0,0.21389999999999998,0.31,14.0,0.0007499999999999991,0.44380000000000003,0.0004754652190546524,0.3192608998558786,0.00036002267927099545,0.2743184560408715
KXCPICOREYOY-26APR-T2.7,7.0,0.22749999999999998,0.35000000000000003,7.0,0.0003999999999999985,0.4429,0.00024393809089608392,0.2658428144269991,0.0001435971078466757,0.2531985428170788
KXCPICOREYOY-26APR-T2.7,3.0,0.2436,0.42,3.0,0.0,0.4146,8.534399250645129e-05,0.2819903646244128,5.361423710680007e-05,0.24954116618405706
KXTRUMPMEET-26JAN-XJIN,30.0,0.2244,0.34,28.0,0.00010000000000000018,0.20209999999999997,0.0010886234451020923,0.40781882654740753,0.0007808174340548273,0.3018653130395655
KXTRUMPMEET-26JAN-XJIN,14.0,0.17709999999999998,0.22999999999999998,14.0,0.0,0.03949999999999999,0.0005124327550813114,0.3138123880059087,0.00036145086956199487,0.24331794703583257
KXTRUMPMEET-26JAN-XJIN,7.0,0.0979,0.11,7.0,0.0,0.025500000000000002,0.00019493768411543564,0.18402117773723486,0.00018671653496982735,0.15771987609788365
KXTEAMSINSC-26-MTLMIN,30.0,0.24937499999999999,0.475,26.0,0.0012999999999999997,0.290875,0.0009668756206705779,0.4186647597653203,0.0006756187366576233,0.31793527892686213
KXTEAMSINSC-26-MTLMIN,14.0,0.09000000000000001,0.1,14.0,0.0011499999999999998,0.030700000000000005,0.0004411109945090658,0.19899447795532943,0.00037550072328571487,0.15892295922439462
KXTEAMSINSC-26-MTLMIN,3.0,0.0475,0.05,3.0,0.0,0.0017000000000000001,6.346112069945367e-05,0.10901556052207433,6.075275569279239e-05,0.07927022445646487
KXNFLPLAYOFF-26-CAR,30.0,0.1716,0.22,30.0,0.000600000000000001,0.4127999999999999,0.0010856159724652184,0.35178451744595934,0.0009760841183834187,0.27391037358529535
KXNFLPLAYOFF-26-CAR,14.0,0.24640000000000004,0.44,14.0,0.00020000000000000147,0.22959999999999986,0.0004397316220922972,0.36134252452776894,0.0002956384598339354,0.2791834222429708
KXNFLPLAYOFF-26-CAR,7.0,0.2475,0.45000000000000007,7.0,0.0,0.22309999999999985,0.00023087450718532295,0.3143687278629347,0.00014883807226844824,0.27818517239246693
KXNFLPLAYOFF-26-CAR,3.0,0.1824,0.76,3.0,0.0,0.1369999999999999,0.00010193866752127201,0.2315614360549193,4.364059470417278e-05,0.20832829837047673
KXPERFORMGRAMMYS-26-BRU,30.0,0.24189999999999998,0.4099999999999999,30.0,0.0007999999999999926,0.45690000000000014,0.001149384559550106,0.4064990913066891,0.0009229731100936764,0.33218090339337963
KXPERFORMGRAMMYS-26-BRU,14.0,0.13440000000000002,0.84,14.0,0.00020000000000000258,0.10640000000000002,0.000503420850794979,0.31379246068445815,0.0003160289615617629,0.24420502148673529
KXPERFORMGRAMMYS-26-BRU,7.0,0.0899999999999999,0.9000000000000001,7.0,0.00010000000000000018,0.0066999999999999916,0.0002519494896437462,0.20133067371363148,0.00018933642622807792,0.1575018996423096
KXNHLROSS-26-NMAC,30.0,0.2176,0.32,30.0,0.001224999999999999,0.064725,0.0011189975930834476,0.3751221898185596,0.0009529233741982542,0.3126077877114467
KXNHLROSS-26-NMAC,14.0,0.12040000000000001,0.14,14.0,0.0003250000000000001,0.014225000000000003,0.000511960322809441,0.22886655628419234,0.00043986268181076693,0.19363641434144946
KXNHLROSS-26-NMAC,7.0,0.0475,0.05,7.0,0.000125,0.007725000000000001,0.00020410432096715873,0.1198164999279958,0.0001882346697145155,0.09842123454530455
KXYTVIEWSW-ARI26AUG23-14.0M,7.0,0.249775,0.515,6.0,0.00010000000000000018,0.22572499999999998,0.00017782951806590285,0.30972545412268354,0.00010689867833061078,0.26742564159419857
